Libro,Capitulo,Versiculo,Hebreo_Limpio,Traduccion,Conceptos_Matriz
II_Samuel,1,1,ויהי אחרי מות שאול ודוד שב מהכות אתהעמלק וישב דוד בצקלג ימים שנים,After the death of Saul—David had already returned from defeating the Amalekites—David stayed two days in Ziklag.,Ninguno
II_Samuel,1,2,ויהי&thinsp;<b></b> ביום השלישי והנה איש בא מןהמחנה מעם שאול ובגדיו קרעים ואדמה עלראשו ויהי בבאו אלדוד ויפל ארצה וישתחו,"On the third day, a man came from Saul’s camp, with his clothes rent and earth on his head;aearth on his head Another sign of mourning. and as he approached David, he flung himself to the ground and bowed low. ",Ninguno
II_Samuel,1,3,ויאמר לו דוד אי מזה תבוא ויאמר אליו ממחנה ישראל נמלטתי,"David said to him, “Where are you coming from?” He answered, “I have just escaped from the camp of Israel.” ",Ninguno
II_Samuel,1,4,ויאמר אליו דוד מההיה הדבר הגדנא לי ויאמר אשרנס העם מןהמלחמה וגםהרבה נפל מןהעם וימתו וגם שאול ויהונתן בנו מתו,"“What happened?” asked David. “Tell me!” And he told him how the troops had fled the battlefield, and that, moreover, many of the troops had fallen and died; also that Saul and his son Jonathan were dead. ",Ninguno
II_Samuel,1,5,ויאמר דוד אלהנער המגיד לו איך ידעת כימת שאול ויהונתן בנו,"“How do you know,” David asked the young man who brought him the news, “that Saul and his son Jonathan are dead?” ",Percepción (Yada)
II_Samuel,1,6,ויאמר הנער&thinsp;<b></b> המגיד לו נקרא נקריתי בהר הגלבע והנה שאול נשען עלחניתו והנה הרכב ובעלי הפרשים הדבקהו,"The young man who brought him the news answered, “I happened to be at Mount Gilboa, and I saw Saul leaning on his spear, and the chariots and riders closing in on him. ",Ninguno
II_Samuel,1,7,ויפן אחריו ויראני ויקרא אלי ואמר הנני,"He looked around and saw me, and he called to me. When I responded, ‘At your service,’ ",Ninguno
II_Samuel,1,8,"ויאמר לי מיאתה <span class=""mam-kq""><span class=""mam-kq-k"">(ויאמר)</span> <span class=""mam-kq-q"">[ואמר]</span></span> אליו עמלקי אנכי","he asked me, ‘Who are you?’ And I told him that I was an Amalekite. ",Ninguno
II_Samuel,1,9,ויאמר אלי עמדנא עלי ומתתני כי אחזני השבץ כיכלעוד נפשי בי,"Then he said to me, ‘Stand over me, and finish me off, for I am in agony and am barely alive.’bfor I am in agony … alive Meaning of Heb. uncertain. ",Ninguno
II_Samuel,1,10,ואעמד עליו ואמתתהו כי ידעתי כי לא יחיה אחרי נפלו ואקח הנזר&thinsp;<b></b> אשר עלראשו ואצעדה אשר עלזרעו ואביאם אלאדני הנה,"So I stood over him and finished him off, for I knew that he would never rise from where he was lying.che would never rise … lying Meaning of Heb. uncertain. Then I took the crown from his head and the armlet from his arm, and I have brought them here to my lord.”",Percepción (Yada)
II_Samuel,1,11,ויחזק דוד בבגדו ויקרעם וגם כלהאנשים אשר אתו,"David took hold of his clothes and rent them, and so did all the men with him. ",Ninguno
II_Samuel,1,12,"ויספדו ויבכו ויצמו עדהערב עלשאול ועליהונתן בנו ועלעם יהוה ועלבית ישראל כי נפלו בחרב&nbsp;<span class=""mam-spi-pe"">{פ}</span><br>","They lamented and wept, and they fasted until evening for Saul and his son Jonathan, and for the soldiers of GOD dGOD Septuagint reads “Judah.” and the House of Israel who had fallen by the sword. ",Ninguno
II_Samuel,1,13,ויאמר דוד אלהנער המגיד לו אי מזה אתה ויאמר בןאיש גר עמלקי אנכי,"David said to the young man who had brought him the news, “Where are you from?” He replied, “I am the son of a resident alien, an Amalekite.” ",Ninguno
II_Samuel,1,14,ויאמר אליו דוד איך לא יראת לשלח ידך לשחת אתמשיח יהוה,"“How did you dare,” David said to him, “to lift your hand and kill GOD’s anointed?” ",Ninguno
II_Samuel,1,15,ויקרא דוד לאחד מהנערים ויאמר גש פגעבו ויכהו וימת,"Thereupon David called one of the attendants and said to him, “Come over and strike him!” He struck him down and he died. ",Ninguno
II_Samuel,1,16,"ויאמר אליו דוד <span class=""mam-kq""><span class=""mam-kq-k"">(דמיך)</span> <span class=""mam-kq-q"">[דמך]</span></span> עלראשך כי פיך ענה בך לאמר אנכי מתתי אתמשיח יהוה&nbsp;<span class=""mam-spi-pe"">{פ}</span><br>","And David said to him, “Your blood be on your own head! Your own mouth testified against you when you said, ‘I put GOD’s anointed to death.’”",Ninguno
II_Samuel,1,17,ויקנן דוד אתהקינה הזאת עלשאול ועליהונתן בנו,And David intoned this dirge over Saul and his son Jonathan—,Ninguno
II_Samuel,1,18,ויאמר ללמד בנייהודה קשת הנה כתובה עלספר הישר,He ordered the Judahites to be taught [The Song of the] Bow.eHe ordered the Judahites … Bow Meaning of Heb. uncertain. It is recorded in the Book of Jashar.fBook of Jashar See note at Josh. 10.13. ,Ninguno
II_Samuel,1,19,הצבי ישראל עלבמותיך חלל איך נפלו גבורים,"Your glory, O Israel,Lies slain on your heights;How have the mighty fallen!",Ninguno
II_Samuel,1,20,אלתגידו בגת אלתבשרו בחוצת אשקלון פןתשמחנה בנות פלשתים פןתעלזנה בנות הערלים,"Tell it not in Gath,Do not proclaim it in the streets of Ashkelon,Lest the daughters of the Philistine rejoice,Lest the daughters of the uncircumcised exult.",Ninguno
II_Samuel,1,21,הרי בגלבע אלטל ואלמטר עליכם ושדי תרומת כי שם נגעל מגן גבורים מגן שאול בלי משיח בשמן,"O hills of Gilboa—Let there be no dew or rain on you,Or bountiful fields,gOr bountiful fields Meaning of Heb. uncertain. Emendation yields “springs from the deep” (cf. Ugaritic shrʻthmtm, and Gen. 7.11; 8.2). For there the shield of warriors lay rejected,The shield of Saul,Polished with oil no more.",Ninguno
II_Samuel,1,22,מדם חללים מחלב גבורים קשת יהונתן לא נשוג אחור וחרב שאול לא תשוב ריקם,"From the blood of slain,From the fat of warriors—The bow of JonathanNever turned back;The sword of SaulNever withdrew empty.",Ninguno
II_Samuel,1,23,שאול ויהונתן הנאהבים והנעימם בחייהם ובמותם לא נפרדו מנשרים קלו מאריות גברו,"Saul and Jonathan,Beloved and cherished,Never partedIn life or in death!They were swifter than eagles,They were stronger than lions!",Ninguno
II_Samuel,1,24,בנות ישראל אלשאול בכינה המלבשכם שני עםעדנים המעלה עדי זהב על לבושכן,"Daughters of Israel,Weep over Saul,Who clothed you in crimson and finery,Who decked your robes with jewels of gold.",Ninguno
II_Samuel,1,25,איך נפלו גברים בתוך המלחמה יהונתן עלבמותיך חלל,"How have the mighty fallenIn the thick of battle—Jonathan, slain on your heights!",Ninguno
II_Samuel,1,26,צרלי עליך אחי יהונתן נעמת לי מאד נפלאתה אהבתך לי מאהבת נשים,"I grieve for you,My brother Jonathan,You were most dear to me.Your love was wonderful to meMore than the love of women.",Ninguno
II_Samuel,1,27,"איך נפלו גבורים ויאבדו כלי מלחמה&nbsp;<span class=""mam-spi-pe"">{פ}</span><br>","How have the mighty fallen,The weapons of warhweapons of war I.e., Saul and Jonathan. perished!",Ninguno
II_Samuel,2,1,ויהי אחריכן וישאל דוד ביהוה&thinsp;<small></small>&thinsp;לאמר האעלה באחת ערי יהודה ויאמר יהוה אליו עלה ויאמר דוד אנה אעלה ויאמר חברנה,"Sometime afterward, David inquired of GOD, “Shall I go up to one of the towns of Judah?” GOD answered, “Yes.” David further asked, “Which one shall I go up to?” And GOD replied, “To Hebron.” ",Ninguno
II_Samuel,2,2,ויעל שם דוד וגם שתי נשיו אחינעם היזרעלית ואביגיל אשת נבל הכרמלי,"So David went up there, along with his two wives, Ahinoam of Jezreel and Abigail wife of Nabal the Carmelite. ",Ninguno
II_Samuel,2,3,ואנשיו אשרעמו העלה דוד איש וביתו וישבו בערי חברון,"David also took the men who were with him, each with his family, and they settled in the towns about Hebron. ",Ninguno
II_Samuel,2,4,"ויבאו אנשי יהודה וימשחושם אתדוד למלך עלבית יהודה ויגדו לדוד לאמר אנשי יביש גלעד אשר קברו אתשאול&nbsp;<span class=""mam-spi-samekh"">{ס}</span>&nbsp;&nbsp;&nbsp;&nbsp;&nbsp;&nbsp;&nbsp;&nbsp;","The people of Judahapeople of Judah I.e., their leaders, on the tribe’s behalf. came and there they anointed David king over the House of Judah.David was told about the agents of Jabesh-gilead who buried Saul. ",Ninguno
II_Samuel,2,5,וישלח דוד מלאכים אלאנשי יביש גלעד ויאמר אליהם ברכים אתם ליהוה אשר עשיתם החסד הזה עםאדניכם עםשאול ותקברו אתו,"So David sent messengers to the people of Jabesh-gileadbto the people of Jabesh-gilead I.e., to their leaders. and said to them, “May you be blessed of GOD because you performed this act of faithfulness to your lord Saul and buried him. ",Ninguno
II_Samuel,2,6,ועתה יעשיהוה עמכם חסד ואמת וגם אנכי אעשה אתכם הטובה הזאת אשר עשיתם הדבר הזה,May GOD in turn show you true faithfulness; and I too will reward you generously because you performed this act.,Ninguno
II_Samuel,2,7,"ועתה&thinsp;<b></b> תחזקנה ידיכם והיו לבניחיל כימת אדניכם שאול וגםאתי משחו ביתיהודה למלך עליהם&nbsp;<span class=""mam-spi-pe"">{פ}</span><br>",Now take courage and be brave; for your lord Saul is dead and the House of Judah have already anointed me king over them.”,Ninguno
II_Samuel,2,8,ואבנר בןנר שרצבא אשר לשאול לקח אתאיש בשת בןשאול ויעברהו מחנים,"But Abner son of Ner, Saul’s army commander, had taken Ish-boshethcIsh-bosheth Meaning “Man of Shame,” deliberately altered from Ish-baal, “Man of Baal”; cf. 1 Chron. 8.33; 9.39, and note at 2 Sam. 4.4 on Mephibosheth. son of Saul and brought him across to Mahanaim ",Ninguno
II_Samuel,2,9,"וימלכהו אלהגלעד ואלהאשורי ואליזרעאל ועלאפרים ועלבנימן ועלישראל כלה&nbsp;<span class=""mam-spi-pe"">{פ}</span><br>","and made him king over Gilead, the Ashurites,dAshurites Meaning of Heb. uncertain. Jezreel, Ephraim, and Benjamin—over all Israel. ",Ninguno
II_Samuel,2,10,בןארבעים שנה אישבשת בןשאול במלכו עלישראל ושתים שנים מלך אך בית יהודה היו אחרי דוד,"Ish-bosheth son of Saul was forty years old when he became king of Israel, and he reigned two years. But the House of Judah supported David. ",Ninguno
II_Samuel,2,11,"ויהי מספר הימים אשר היה דוד מלך בחברון עלבית יהודה שבע שנים וששה חדשים&nbsp;<span class=""mam-spi-samekh"">{ס}</span>&nbsp;&nbsp;&nbsp;&nbsp;&nbsp;&nbsp;&nbsp;&nbsp;",The length of time that David reigned in Hebron over the House of Judah was seven years and six months.,Ninguno
II_Samuel,2,12,ויצא אבנר בןנר ועבדי אישבשת בןשאול ממחנים גבעונה,"Once Abner son of Ner and the soldiers of Ish-bosheth son of Saul marched out from Mahanaim to Gibeon, ",Ninguno
II_Samuel,2,13,ויואב בןצרויה ועבדי דוד יצאו ויפגשום עלברכת גבעון יחדו וישבו אלה עלהברכה מזה ואלה עלהברכה מזה,"and Joab son of Zeruiah and the soldiers of David [also] came out.ecame out Septuagint adds “from Hebron.” They confronted one another at the pool of Gibeon: one group sat on one side of the pool, and the other group on the other side of the pool. ",Ninguno
II_Samuel,2,14,ויאמר אבנר אליואב יקומו נא הנערים וישחקו לפנינו ויאמר יואב יקמו,"Abner said to Joab, “Let the young men come forward and sportfsport I.e., engage in single combat. before us.” “Yes, let them,” Joab answered. ",Ninguno
II_Samuel,2,15,ויקמו ויעברו במספר שנים עשר לבנימן ולאיש בשת בןשאול ושנים עשר מעבדי דוד,"They came forward and were counted off, twelve for Benjamin and Ish-bosheth son of Saul, and twelve of David’s soldiers. ",Ninguno
II_Samuel,2,16,ויחזקו איש&thinsp;<b></b> בראש רעהו וחרבו בצד רעהו ויפלו יחדו ויקרא למקום ההוא חלקת הצרים אשר בגבעון,"Each one grasped his opponent’s headggrasped his opponent’s head Septuagint adds “with his hand.” [and thrust] his dagger into his opponent’s side; thus they fell together. That place, which is in Gibeon, was called Helkath-hazzurim.hHelkath-hazzurim Meaning perhaps “the Field of the Flints (or Blades).” ",Ninguno
II_Samuel,2,17,ותהי המלחמה קשה עדמאד ביום ההוא וינגף אבנר ואנשי ישראל לפני עבדי דוד,"A fierce battle ensued that day, and Abner and the men of Israel were routed by David’s soldiers. ",Ninguno
II_Samuel,2,18,ויהיושם שלשה בני צרויה יואב ואבישי ועשהאל ועשהאל קל ברגליו כאחד הצבים אשר בשדה,"The three sons of ZeruiahiZeruiah A sister of David, 1 Chron. 2.16. were there—Joab, Abishai, and Asahel. Asahel was swift of foot, like a gazelle in the open field. ",Ninguno
II_Samuel,2,19,וירדף עשהאל אחרי אבנר ולאנטה ללכת עלהימין ועלהשמאול מאחרי אבנר,"And Asahel ran after Abner, swerving neither right nor left in his pursuit of Abner. ",Control/Derecha (Yamin)
II_Samuel,2,20,ויפן אבנר אחריו ויאמר האתה זה עשהאל ויאמר אנכי,"Abner looked back and shouted, “Is that you, Asahel?” “Yes, it is,” he called back. ",Ninguno
II_Samuel,2,21,ויאמר לו אבנר נטה לך עלימינך או עלשמאלך ואחז לך אחד מהנערים וקחלך אתחלצתו ולאאבה עשהאל לסור מאחריו,"Abner said to him, “Turn to the right or to the left, and seize one of our boys and strip off his tunic.” But Asahel would not leave off. ",Caos/Izquierda (Smol)
II_Samuel,2,22,ויסף עוד אבנר לאמר אלעשהאל סור לך מאחרי למה אככה ארצה ואיך אשא פני אליואב אחיך,"Abner again begged Asahel, “Stop pursuing me, or I’ll have to strike you down. How will I look your brother Joab in the face?” ",Ninguno
II_Samuel,2,23,וימאן לסור ויכהו אבנר באחרי החנית אלהחמש ותצא החנית מאחריו ויפלשם וימת תחתו ויהי כלהבא אלהמקום אשרנפל שם עשהאל וימת ויעמדו,"When he refused to desist, Abner struck him in the belly with a backward thrustja backward thrust Meaning of Heb. uncertain. of his spear and the spear protruded from his back. He fell there and died on the spot. And all who came to the place where Asahel fell and died halted; ",Ninguno
II_Samuel,2,24,וירדפו יואב ואבישי אחרי אבנר והשמש באה והמה באו עדגבעת אמה אשר עלפניגיח דרך מדבר גבעון,"but Joab and Abishai continued to pursue Abner. And the sun was setting as they reached the hill of Ammah, which faces Giah on the road to the wilderness of Gibeon.kwhich faces Giah … Gibeon Meaning of Heb. uncertain. ",Ninguno
II_Samuel,2,25,ויתקבצו בניבנימן אחרי אבנר ויהיו לאגדה אחת ויעמדו על ראשגבעה אחת,"The Benjaminites rallied behind Abner, forming a single company; and they took up a position on the top of a hill. ",Ninguno
II_Samuel,2,26,ויקרא אבנר אליואב ויאמר הלנצח תאכל חרב הלוא ידעתה כימרה תהיה באחרונה ועדמתי לאתאמר לעם לשוב מאחרי אחיהם,"Abner then called out to Joab, “Must the sword devour forever? You know how bitterly it’s going to end! How long will you delay ordering your troops to stop the pursuit of their own kindred?” ",Percepción (Yada)
II_Samuel,2,27,ויאמר יואב חי האלהים כי לולא דברת כי אז מהבקר נעלה העם איש מאחרי אחיו,"And Joab replied, “As God lives, if you hadn’t spoken up, the troops would have given up the pursuit of their kindred only the next morning.”lif you hadn’t spoken up … the next morning Emendation yields “If you had only spoken up, the troops would already have given up the pursuit of their kinsmen this morning.” ",Ninguno
II_Samuel,2,28,ויתקע יואב בשופר ויעמדו כלהעם ולאירדפו עוד אחרי ישראל ולאיספו עוד להלחם,"Joab then sounded the horn, and all the troops halted; they ceased their pursuit of Israel and stopped the fighting. ",Ninguno
II_Samuel,2,29,ואבנר ואנשיו הלכו בערבה כל הלילה ההוא ויעברו אתהירדן וילכו כלהבתרון ויבאו מחנים,"Abner and his men marched through the Arabah all that night and, after crossing the Jordan, they marched through all of Bithronmthrough all of Bithron Meaning of Heb. uncertain. until they came to Mahanaim. ",Ninguno
II_Samuel,2,30,ויואב שב מאחרי אבנר ויקבץ אתכלהעם ויפקדו מעבדי דוד תשעהעשר איש ועשהאל,"After Joab gave up the pursuit of Abner, he assembled all the troops and found nineteen of David’s soldiers missing, besides Asahel. ",Ninguno
II_Samuel,2,31,ועבדי דוד הכו מבנימן ובאנשי אבנר שלשמאות וששים איש מתו,"David’s soldiers, on the other hand, defeated the Benjaminites and the men under Abner and killed three hundred and sixty of them.ndefeated the Benjaminites … three hundred and sixty of them Meaning of Heb. uncertain. ",Ninguno
II_Samuel,2,32,וישאו אתעשהאל ויקברהו בקבר אביו אשר בית לחם וילכו כלהלילה יואב ואנשיו ויאר להם בחברון,They bore Asahel away and buried him in his father’s tomb in Bethlehem. Then Joab and his men marched all night; day broke upon them in Hebron.,Ninguno
II_Samuel,3,1,"ותהי המלחמה ארכה בין בית שאול ובין בית דוד ודוד הלך וחזק ובית שאול הלכים ודלים&nbsp;<span class=""mam-spi-samekh"">{ס}</span>&nbsp;&nbsp;&nbsp;&nbsp;&nbsp;&nbsp;&nbsp;&nbsp;","The war between the House of Saul and the House of David was long-drawn-out; but David kept growing stronger, while the House of Saul grew weaker.",Separación (Beyn)
II_Samuel,3,2,"<span class=""mam-kq""><span class=""mam-kq-k"">(וילדו)</span> <span class=""mam-kq-q"">[ויולדו]</span></span> לדוד בנים בחברון ויהי בכורו אמנון לאחינעם היזרעאלת","aThe list of David’s wives and sons in vv. 2–5 differs somewhat from the parallel list in 1 Chron. 3.1–3. The narrative in v. 1 is resumed in v. 6. Sons were born to David in Hebron: His first-born was Amnon, by Ahinoam of Jezreel; ",Ninguno
II_Samuel,3,3,"ומשנהו כלאב <span class=""mam-kq""><span class=""mam-kq-k"">(לאביגל)</span> <span class=""mam-kq-q"">[לאביגיל]</span></span> אשת נבל הכרמלי והשלשי אבשלום בןמעכה בתתלמי מלך גשור","his second was Chileab, by Abigail wife of Nabal the Carmelite; the third was Absalom son of Maacah, daughter of King Talmai of Geshur; ",Ninguno
II_Samuel,3,4,והרביעי אדניה בןחגית והחמישי שפטיה בןאביטל,the fourth was Adonijah son of Haggith; the fifth was Shephatiah son of Abital;,Ninguno
II_Samuel,3,5,"והששי יתרעם לעגלה אשת דוד אלה ילדו לדוד בחברון&nbsp;<span class=""mam-spi-pe"">{פ}</span><br>","and the sixth was Ithream, by David’s wife Eglah. These were born to David in Hebron.",Ninguno
II_Samuel,3,6,ויהי בהיות המלחמה בין בית שאול ובין בית דוד ואבנר היה מתחזק בבית שאול,"During the war between the House of Saul and the House of David, Abner supported the House of Saul. ",Separación (Beyn)
II_Samuel,3,7,ולשאול פלגש ושמה רצפה בתאיה ויאמר אלאבנר מדוע באתה אלפילגש אבי,"Now Saul had a concubine named Rizpah, daughter of Aiah; and [Ish-bosheth] said to Abner, “Why have you lain with my father’s concubine?” ",Ninguno
II_Samuel,3,8,"ויחר לאבנר מאד עלדברי אישבשת ויאמר הראש כלב אנכי אשר ליהודה היום אעשהחסד עםבית&thinsp;<b></b> שאול אביך אלאחיו ואלמרעהו ולא המציתך בידדוד ותפקד עלי עון האשה היום&nbsp;<span class=""mam-spi-samekh"">{ס}</span>&nbsp;&nbsp;&nbsp;&nbsp;&nbsp;&nbsp;&nbsp;&nbsp;","Abner was very upset by what Ish-bosheth said, and he replied, “Am I a dog’s head from Judah?bfrom Judah Meaning of Heb. uncertain. Here I have been loyally serving the House of your father Saul and his kin and friends, and I have not betrayed you into the hands of David; yet this day—over this woman—you reproach me! ",Ninguno
II_Samuel,3,9,כהיעשה אלהים לאבנר וכה יסיף לו כי כאשר נשבע יהוה לדוד כיכן אעשהלו,May God do thus and more to Abner if I do not do for David as GOD swore to him—,Ninguno
II_Samuel,3,10,להעביר הממלכה מבית שאול ולהקים אתכסא דוד עלישראל ועליהודה מדן ועדבאר שבע,"to transfer the kingship from the House of Saul, and to establish the throne of David over Israel and Judah from Dan to Beer-sheba.” ",Ninguno
II_Samuel,3,11,"ולאיכל עוד להשיב אתאבנר דבר מיראתו אתו&nbsp;<span class=""mam-spi-samekh"">{ס}</span>&nbsp;&nbsp;&nbsp;&nbsp;&nbsp;&nbsp;&nbsp;&nbsp;","[Ish-bosheth] could say nothing more in reply to Abner, because he was afraid of him.",Ninguno
II_Samuel,3,12,וישלח אבנר מלאכים&thinsp;<small></small>&thinsp;אלדוד תחתו לאמר למיארץ לאמר כרתה בריתך אתי והנה ידי עמך להסב אליך אתכלישראל,"Abner immediatelycimmediately Meaning of Heb. uncertain. sent messengers to David, saying, “To whom shall the land belong?” and to say [further],d“To whom shall the land belong?” and to say [further] Meaning of Heb. uncertain. “Make a pact with me, and I will help you and bring all Israel over to your side.” ",Ninguno
II_Samuel,3,13,"ויאמר טוב אני אכרת אתך ברית אך דבר אחד אנכי שאל מאתך לאמר לאתראה אתפני כי&thinsp;<b></b> אםלפני הביאך את מיכל בתשאול בבאך לראות אתפני&nbsp;<span class=""mam-spi-samekh"">{ס}</span>&nbsp;&nbsp;&nbsp;&nbsp;&nbsp;&nbsp;&nbsp;&nbsp;","He replied, “Good; I will make a pact with you. But I make one demand upon you: Do not appear before me unless you bring Michal daughter of Saul when you come before me.” ",Ninguno
II_Samuel,3,14,וישלח דוד מלאכים אלאישבשת בןשאול לאמר תנה אתאשתי אתמיכל אשר ארשתי לי במאה ערלות פלשתים,"David also sent messengers to Ish-bosheth son of Saul, to say, “Give me my wife Michal, for whom I paid the bride-priceebride-price Cf. Exod. 22.15; Deut. 20.7; 22.23–29. of one hundred Philistine foreskins.”fone hundred Philistine foreskins Cf. 1 Sam. 18.27 (where the number is given as “two hundred”). ",Ninguno
II_Samuel,3,15,"וישלח איש בשת ויקחה מעם איש מעם פלטיאל בן<span class=""mam-kq""><span class=""mam-kq-q"">[ליש]</span> <span class=""mam-kq-k"">(לוש)</span></span>","So Ish-bosheth sent and had her taken away from [her] husband,g[her] husband As in the Septuagint, Vulgate, and Targum. Or “the other man involved.” Cf. 1 Sam. 25.44. Paltiel son of Laish. ",Ninguno
II_Samuel,3,16,וילך אתה אישה הלוך ובכה אחריה עדבחרים ויאמר אליו אבנר לך שוב וישב,"Her husband walked with her as far as Bahurim, weeping as he followed her; then Abner ordered him to turn back, and he went back.",Ninguno
II_Samuel,3,17,ודבראבנר היה עםזקני ישראל לאמר גםתמול גםשלשם הייתם מבקשים אתדוד למלך עליכם,"Abner had conferred with the elders of Israel, saying, “You have wanted David to be king over you all along. ",Ninguno
II_Samuel,3,18,ועתה עשו כי יהוה אמר אלדוד לאמר ביד&thinsp;<b></b> דוד עבדי הושיע אתעמי ישראל מיד פלשתים ומיד כלאיביהם,Now act! For GOD has said concerning David: I will deliverhI will deliver So many mss. and versions; most mss. and editions have “[God] has delivered.” My people Israel from the hands of the Philistines and all its other enemies through My servant David.” ,Ninguno
II_Samuel,3,19,וידבר גםאבנר באזני בנימין וילך גםאבנר לדבר באזני דוד בחברון את כלאשרטוב בעיני ישראל ובעיני כלבית בנימן,Abner also talked with the Benjaminites; then Abner went and informed David in Hebron of all the wishes of Israel and of the whole House of Benjamin.,Control/Derecha (Yamin)
II_Samuel,3,20,ויבא אבנר אלדוד חברון ואתו עשרים אנשים ויעש דוד לאבנר ולאנשים אשראתו משתה,"When Abner came to David in Hebron, accompanied by twenty men, David made a feast for Abner and the men with him. ",Ninguno
II_Samuel,3,21,ויאמר אבנר אלדוד אקומה&thinsp;<small></small>&thinsp;ואלכה ואקבצה אלאדני המלך אתכלישראל ויכרתו אתך ברית ומלכת בכל אשרתאוה נפשך וישלח דוד אתאבנר וילך בשלום,"Abner said to David, “Now I will go and rally all Israel to Your Majesty. They will make a pact with you, and you can reign over all that your heart desires.” And David dismissed Abner, who went away unharmed.",Ninguno
II_Samuel,3,22,והנה עבדי דוד ויואב בא מהגדוד ושלל רב עמם הביאו ואבנר איננו עםדוד בחברון כי שלחו וילך בשלום,"Just then David’s soldiers and Joab returned from a raid, bringing much plunder with them; Abner was no longer with David in Hebron, for he had been dismissed and had gone away unharmed. ",Ninguno
II_Samuel,3,23,ויואב וכלהצבא אשראתו באו ויגדו ליואב לאמר באאבנר בןנר אלהמלך וישלחהו וילך בשלום,"When Joab and the whole force with him arrived, Joab was told that Abner son of Ner had come to the king, had been dismissed by him, and had gone away unharmed. ",Ninguno
II_Samuel,3,24,ויבא יואב אלהמלך ויאמר מה עשיתה הנהבא אבנר אליך למהזה שלחתו וילך הלוך,"Joab went to the king and said, “What have you done? Here Abner came to you; why did you let him go? Now he has gotten away! ",Ninguno
II_Samuel,3,25,"ידעת אתאבנר בןנר כי לפתתך בא ולדעת אתמוצאך ואת<span class=""mam-kq""><span class=""mam-kq-q"">[מובאך]</span> <span class=""mam-kq-k"">(מבואך)</span></span> ולדעת את כלאשר אתה עשה","Don’t you know that Abner son of Ner came only to deceive you, to learn your comings and goings and to find out all that you are planning?” ",Percepción (Yada)
II_Samuel,3,26,ויצא יואב מעם דוד וישלח מלאכים אחרי אבנר וישבו אתו מבור הסרה ודוד לא ידע,"Joab left David and sent messengers after Abner, and they brought him back from the cistern of Sirah; but David knew nothing about it. ",Percepción (Yada)
II_Samuel,3,27,וישב אבנר חברון ויטהו יואב אלתוך השער לדבר אתו בשלי ויכהו שם החמש וימת בדם עשהאל אחיו,"When Abner returned to Hebron, Joab took him aside within the gate to talk to him privately;iprivately Meaning of Heb. uncertain. there he struck him in the belly. Thus [Abner] died for shedding the blood of Asahel, Joab’sjJoab’s Heb. “his.” brother.",Ninguno
II_Samuel,3,28,וישמע דוד מאחרי כן ויאמר נקי אנכי וממלכתי מעם יהוה עדעולם מדמי אבנר בןנר,"Afterward, when David heard of it, he said, “Both I and my kingdom are forever innocent before GOD of shedding the blood of Abner son of Ner. ",Ninguno
II_Samuel,3,29,יחלו עלראש יואב ואל כלבית אביו ואליכרת מבית יואב זב ומצרע ומחזיק בפלך ונפל בחרב וחסרלחם,"May [the guilt] fall upon the head of Joab and all his father’s house. May the house of Joab never be without someone suffering from a discharge or an eruption, or a male who handles the spindle,ka male who handles the spindle I.e., doing only what would have been viewed as women’s work. or one slain by the sword, or one lacking bread.”— ",Ninguno
II_Samuel,3,30,"ויואב ואבישי אחיו הרגו לאבנר על אשר המית אתעשהאל אחיהם בגבעון במלחמה&nbsp;<span class=""mam-spi-samekh"">{ס}</span>&nbsp;&nbsp;&nbsp;&nbsp;&nbsp;&nbsp;&nbsp;&nbsp;",Now Joab and his brother Abishai had killed Abner because he had killed their brother Asahel during the battle at Gibeon.—,Ninguno
II_Samuel,3,31,ויאמר דוד אליואב ואלכלהעם אשראתו קרעו בגדיכם וחגרו שקים וספדו לפני אבנר והמלך דוד הלך אחרי המטה,"David then ordered Joab and all the troops with him to rend their clothes, gird on sackcloth, and make lament before Abner;lbefore Abner I.e., in the procession for Abner. and King David himself walked behind the bier. ",Ninguno
II_Samuel,3,32,"ויקברו אתאבנר בחברון וישא המלך אתקולו ויבך אלקבר אבנר ויבכו כלהעם&nbsp;<span class=""mam-spi-samekh"">{ס}</span>&nbsp;&nbsp;&nbsp;&nbsp;&nbsp;&nbsp;&nbsp;&nbsp;","And so they buried Abner at Hebron; the king wept aloud by Abner’s grave, and all the troops wept. ",Ninguno
II_Samuel,3,33,ויקנן המלך אלאבנר ויאמר הכמות נבל ימות אבנר,"And the king intoned this dirge over Abner,“Should Abner have died the death of a churl?",Ninguno
II_Samuel,3,34,ידך לאאסרות ורגליך לאלנחשתים הגשו כנפול לפני בניעולה נפלת ויספו כלהעם לבכות עליו,"Your hands were not bound,Your feet were not put in fetters;But you fell as one fallsBefore treacherous men!”And all the troops continued to weep over him.",Ninguno
II_Samuel,3,35,ויבא כלהעם להברות אתדוד לחם בעוד היום וישבע דוד לאמר כה יעשהלי אלהים וכה יסיף כי אםלפני בואהשמש אטעםלחם או כלמאומה,"All the troops came to urge David to eat something while it was still day; but David swore, “May God do thus to me and more if I eat bread or anything else before sundown.” ",Ninguno
II_Samuel,3,36,וכלהעם הכירו וייטב בעיניהם ככל אשר עשה המלך בעיני כלהעם טוב,"All the troops took note of itmtook note of it Meaning of Heb. uncertain. and approved, just as all the troops approved everything else the king did.njust as … king did Meaning of Heb. uncertain. ",Ninguno
II_Samuel,3,37,"וידעו כלהעם וכלישראל ביום ההוא כי לא היתה מהמלך להמית אתאבנר בןנר&nbsp;<span class=""mam-spi-samekh"">{ס}</span>&nbsp;&nbsp;&nbsp;&nbsp;&nbsp;&nbsp;&nbsp;&nbsp;",That day all the troops and all Israel knew that it was not by the king’s will that Abner son of Ner was killed.,Percepción (Yada)
II_Samuel,3,38,ויאמר המלך אלעבדיו הלוא תדעו כישר וגדול נפל היום הזה בישראל,"And the king said to his soldiers, “You well know that a prince, a great man in Israel, has fallen this day. ",Ninguno
II_Samuel,3,39,"ואנכי היום רך ומשוח מלך והאנשים האלה בני צרויה קשים ממני ישלם יהוה לעשה הרעה כרעתו&nbsp;<span class=""mam-spi-pe"">{פ}</span><br>","And today I am weak, even though anointed king; those involved, the sons of Zeruiah, are too savage for me. May GOD requite the wicked for their wickedness!”",Ninguno
II_Samuel,4,1,וישמע בןשאול כי מת אבנר בחברון וירפו ידיו וכלישראל נבהלו,"When [Ish-bosheth] son of Saul heard that Abner had died in Hebron, he lost heartahe lost heart Lit. “his hands weakened”; and so frequently. and all Israel was alarmed. ",Ninguno
II_Samuel,4,2,ושני אנשים שריגדודים היו בןשאול שם האחד בענה ושם השני רכב בני רמון הבארתי מבני בנימן כי גםבארות תחשב עלבנימן,"The son of Saul [had] two company commanders, one named Baanah and the other Rechab, sons of Rimmon the Beerothite—Benjaminites, since Beeroth too was considered part of Benjamin. ",Ninguno
II_Samuel,4,3,"ויברחו הבארתים גתימה ויהיושם גרים עד היום הזה&nbsp;<span class=""mam-spi-samekh"">{ס}</span>&nbsp;&nbsp;&nbsp;&nbsp;&nbsp;&nbsp;&nbsp;&nbsp;","The Beerothites had fled to Gittaim,bGittaim Gittaim was likewise in Benjamin; cf. Neh. 11.31ff. where they have sojourned to this day. ",Ninguno
II_Samuel,4,4,וליהונתן בןשאול בן נכה רגלים בןחמש שנים היה בבא שמעת שאול ויהונתן מיזרעאל ותשאהו אמנתו ותנס ויהי בחפזה לנוס ויפל ויפסח ושמו מפיבשת,"(Jonathan son of Saul had a son whose feet were crippled. He was five years old when the news about Saul and Jonathan came from Jezreel, and his nurse picked him up and fled; but as she was fleeing in haste, he fell and was lamed. His name was Mephibosheth.cMephibosheth The original form of the name, Merib-baal, is preserved in 1 Chron. 8.34; 9.40. Cf. note at 2.8 on Ish-bosheth. This subject is resumed in chapter 9.) ",Ninguno
II_Samuel,4,5,וילכו בנירמון הבארתי רכב ובענה ויבאו כחם היום אלבית איש בשת והוא שכב את משכב הצהרים,"Rechab and Baanah, sons of Rimmon the Beerothite, started out, and they reached the home of Ish-bosheth at the heat of the day, when he was taking his midday rest. ",Ninguno
II_Samuel,4,6,והנה באו עדתוך הבית לקחי חטים ויכהו אלהחמש ורכב ובענה אחיו נמלטו,"So they went inside the house, as though fetching wheat, and struck him in the belly.dSo they went inside … in the belly Meaning of Heb. uncertain. Septuagint reads, “And behold, the woman who kept the door of the house was cleaning wheat. She became drowsy and fell asleep.” Rechab and his brother Baanah slipped by, ",Ninguno
II_Samuel,4,7,ויבאו הבית והואשכב עלמטתו בחדר משכבו ויכהו וימתהו ויסירו אתראשו ויקחו אתראשו וילכו דרך הערבה כלהלילה,and entered the house while he was asleep on his bed in his bedchamber; and they stabbed him to death. They cut off his head and took his head and made their way all night through the Arabah.,Ninguno
II_Samuel,4,8,ויבאו אתראש אישבשת אלדוד חברון ויאמרו אלהמלך הנהראש אישבשת בןשאול איבך אשר בקש אתנפשך ויתן יהוה לאדני המלך נקמות היום הזה משאול ומזרעו,"They brought the head of Ish-bosheth to David in Hebron. “Here,” they said to the king, “is the head of your enemy, Ish-bosheth son of Saul, who sought your life. This day GOD has avenged my lord the king upon Saul and his offspring.”",Ninguno
II_Samuel,4,9,ויען דוד אתרכב&thinsp;<b></b> ואתבענה אחיו בני רמון הבארתי ויאמר להם חייהוה אשרפדה אתנפשי מכלצרה,"But David answered Rechab and his brother Baanah, the sons of Rimmon the Beerothite, and said to them, “As GOD lives, who has rescued me from every trouble: ",Ninguno
II_Samuel,4,10,כי המגיד לי לאמר הנהמת שאול והואהיה כמבשר בעיניו ואחזה בו ואהרגהו בצקלג אשר לתתילו בשרה,"The one who told me in Ziklag that Saul was dead thought he was bringing good news. But instead of rewarding him for the news, I seized and killed him. ",Ninguno
II_Samuel,4,11,אף כיאנשים רשעים הרגו אתאישצדיק בביתו עלמשכבו ועתה הלוא אבקש אתדמו מידכם ובערתי אתכם מןהארץ,"How much more, then, when wicked men have killed an innocent man in bed in his own house! I will certainly avenge his blood on you, and I will rid the earth of you.” ",Ninguno
II_Samuel,4,12,"ויצו דוד אתהנערים ויהרגום ויקצצו אתידיהם ואתרגליהם ויתלו עלהברכה בחברון ואת ראש אישבשת לקחו ויקברו בקבראבנר בחברון&nbsp;<span class=""mam-spi-pe"">{פ}</span><br>","David gave orders to the young men, who killed them; they cut off their hands and feet and hung them up by the pool in Hebron. And they took the head of Ish-bosheth and buried it in the grave of Abner at Hebron.",Ninguno
II_Samuel,5,1,ויבאו כלשבטי ישראל אלדוד חברונה ויאמרו לאמר הננו עצמך ובשרך אנחנו,"aThe account in vv. 1–3 and 6–10 is to be found also, with variations, in 1 Chron. 11.1–9. All the tribes of Israel came to David at Hebron and said, “We are your own flesh and blood. ",Ninguno
II_Samuel,5,2,"גםאתמול גםשלשום בהיות שאול מלך עלינו אתה <span class=""mam-kq""><span class=""mam-kq-k"">(הייתה מוציא)</span> <span class=""mam-kq-q"">[היית המוציא]</span></span> והמבי אתישראל ויאמר יהוה לך אתה תרעה אתעמי אתישראל ואתה תהיה לנגיד עלישראל","Long before now, when Saul was king over us, it was you who led Israel in war;bled Israel in war Lit. “led Israel out and in.” and GOD said to you: You shall shepherd My people Israel; you shall be ruler of Israel.” ",Ninguno
II_Samuel,5,3,"ויבאו כלזקני ישראל אלהמלך חברונה ויכרת להם המלך דוד ברית בחברון לפני יהוה וימשחו אתדוד למלך עלישראל&nbsp;<span class=""mam-spi-samekh"">{ס}</span>&nbsp;&nbsp;&nbsp;&nbsp;&nbsp;&nbsp;&nbsp;&nbsp;","All the elders of Israel came to the king at Hebron, and King David made a pact with them in Hebron before GOD. And they anointed David king over Israel.",Ninguno
II_Samuel,5,4,בןשלשים שנה דוד במלכו ארבעים שנה מלך,"David was thirty years old when he became king, and he reigned forty years. ",Ninguno
II_Samuel,5,5,בחברון מלך עליהודה שבע שנים וששה חדשים ובירושל͏ם מלך שלשים ושלש שנה על כלישראל ויהודה,"In Hebron he reigned over Judah seven years and six months, and in Jerusalem he reigned over all Israel and Judah thirty-three years.",Ninguno
II_Samuel,5,6,וילך המלך ואנשיו ירושל͏ם אלהיבסי יושב הארץ ויאמר לדוד לאמר לאתבוא הנה כי אםהסירך העורים והפסחים לאמר לאיבוא דוד הנה,"The king and his men set out for Jerusalem against the Jebusites who inhabited the region. David was told, “You will never get in here! Even the blind and the lame will turn you back.” (They meant: David will never enter here.)cEven the blind … enter here Meaning of Heb. uncertain. ",Ninguno
II_Samuel,5,7,וילכד דוד את מצדת ציון היא עיר דוד,But David captured the stronghold of Zion; it is now the City of David.,Ninguno
II_Samuel,5,8,"ויאמר דוד ביום ההוא כלמכה יבסי ויגע בצנור ואתהפסחים ואתהעורים <span class=""mam-kq""><span class=""mam-kq-k"">(שנאו)</span> <span class=""mam-kq-q"">[שנואי]</span></span> נפש דוד עלכן יאמרו עור ופסח לא יבוא אלהבית","On that occasion David said, “Those who attack the Jebusites shall reach the water channel and [strike down] the lame and the blind, who are hateful to David.” That is why they say: “No one who is blind or lame may enter the House.”dshall reach the water channel … That is why they say … House Meaning of Heb. uncertain. ",Ninguno
II_Samuel,5,9,וישב דוד במצדה ויקראלה עיר דוד ויבן דוד סביב מןהמלוא וביתה,"David occupied the stronghold and renamed it the City of David; David also fortified the surrounding area, from the MilloeMillo A citadel. inward. ",Ninguno
II_Samuel,5,10,"וילך דוד הלוך וגדול ויהוה אלהי צבאות עמו&nbsp;<span class=""mam-spi-pe"">{פ}</span><br>","David kept growing stronger, for the ETERNAL, the God of Hosts, was with him.",Ninguno
II_Samuel,5,11,וישלח חירם מלךצר מלאכים אלדוד ועצי ארזים וחרשי עץ וחרשי אבן קיר ויבנובית לדוד,"fThe account in vv. 11–25 is to be found also, with variations, in 1 Chron. 14.1–16. King Hiram of Tyre sent envoys to David with cedar logs, carpenters, and stonemasons; and they built a palace for David. ",Ninguno
II_Samuel,5,12,"וידע דוד כיהכינו יהוה למלך עלישראל וכי נשא ממלכתו בעבור עמו ישראל&nbsp;<span class=""mam-spi-samekh"">{ס}</span>&nbsp;&nbsp;&nbsp;&nbsp;&nbsp;&nbsp;&nbsp;&nbsp;",Thus David knew that GOD had established him as king over Israel and had exalted his kingship for the sake of Israel—God’s people.,Percepción (Yada)
II_Samuel,5,13,ויקח דוד עוד פלגשים ונשים מירושל͏ם אחרי באו מחברון ויולדו עוד לדוד בנים ובנות,"After he left Hebron, David took more concubines and wives in Jerusalem, and more sons and daughters were born to David. ",Ninguno
II_Samuel,5,14,ואלה שמות הילדים לו בירושל͏ם שמוע ושובב ונתן ושלמה,"These are the names of the children born to him in Jerusalem:gThese are the names … Jerusalem This list is found, in addition to 1 Chron. 14.4–7, in 1 Chron. 3.5–8, with variations. Shammua, Shobab, Nathan, and Solomon; ",Ninguno
II_Samuel,5,15,ויבחר ואלישוע ונפג ויפיע,"Ibhar, Elishua, Nepheg, and Japhia; ",Ninguno
II_Samuel,5,16,"ואלישמע ואלידע ואליפלט&nbsp;<span class=""mam-spi-pe"">{פ}</span><br>","Elishama, Eliada, and Eliphelet.",Percepción (Yada)
II_Samuel,5,17,וישמעו פלשתים כימשחו אתדוד למלך עלישראל ויעלו כלפלשתים לבקש אתדוד וישמע דוד וירד אלהמצודה,"hVerses 17–25 continue the narrative of v. 3. When the Philistines heard that David had been anointed king over Israel, the Philistines marched up in search of David; but David heard of it, and he went down to the fastness.ifastness Probably the stronghold of Adullam (cf. 1 Sam. 22.4–5). ",Ninguno
II_Samuel,5,18,ופלשתים באו וינטשו בעמק רפאים,The Philistines came and spread out over the Valley of Rephaim.,Ninguno
II_Samuel,5,19,"וישאל דוד ביהוה לאמר האעלה אלפלשתים התתנם בידי&nbsp;<span class=""mam-spi-pe"">{פ}</span><br>ויאמר יהוה אלדוד עלה כינתן אתן אתהפלשתים בידך","David inquired of GOD, “Shall I go up against the Philistines? Will You deliver them into my hands?” And GOD answered David, “Go up, and I will deliver the Philistines into your hands.” ",Ninguno
II_Samuel,5,20,ויבא דוד בבעלפרצים ויכם שם דוד ויאמר פרץ יהוה אתאיבי לפני כפרץ מים עלכן קרא שםהמקום ההוא בעל פרצים,"Thereupon David marched to Baal-perazim, and David defeated them there. And he said, “GOD has broken through my enemies before me as waters break through [a dam].” That is why that place was named Baal-perazim.jBaal-perazim Interpreted as “Baal of Breaches.” Cf. 6.8 below, and the name Perez in Gen. 38.29 and note. ",Ninguno
II_Samuel,5,21,"ויעזבו שם אתעצביהם וישאם דוד ואנשיו&nbsp;<span class=""mam-spi-pe"">{פ}</span><br>","The Philistines abandoned their idols there, and David and his men carried them off.",Ninguno
II_Samuel,5,22,ויספו עוד פלשתים לעלות וינטשו בעמק רפאים,Once again the Philistines marched up and spread out over the Valley of Rephaim.,Ninguno
II_Samuel,5,23,וישאל דוד ביהוה ויאמר לא תעלה הסב אלאחריהם ובאת להם ממול בכאים,"David inquired of GOD, who answered, “Do not go up, but circle around behind them and confront them at the baca kbaca Meaning of Heb. uncertain. trees. ",Ninguno
II_Samuel,5,24,"ויהי <span class=""mam-kq""><span class=""mam-kq-k"">(בשמעך)</span> <span class=""mam-kq-q"">[כשמעך]</span></span> אתקול צעדה בראשי הבכאים אז תחרץ כי אז יצא יהוה לפניך להכות במחנה פלשתים","And when you hear the sound of marching in the tops of the baca trees, then go into action, for GOD will be going in front of you to attack the Philistine forces.” ",Ninguno
II_Samuel,5,25,"ויעש דוד כן כאשר צוהו יהוה ויך אתפלשתים מגבע עדבאך גזר&nbsp;<span class=""mam-spi-pe"">{פ}</span><br>",David did as GOD had commanded him; and he routed the Philistines from Geba all the way to Gezer.,Ninguno
II_Samuel,6,1,ויסף עוד דוד אתכלבחור בישראל שלשים אלף,"David again assembled all the best soldiers in Israel, thirty thousand strong. ",Ninguno
II_Samuel,6,2,ויקם&thinsp;<b></b> וילך דוד וכלהעם אשר אתו מבעלי יהודה להעלות משם את ארון האלהים אשרנקרא שם שם יהוה צבאות ישב הכרבים עליו,"aVerses 2–12 are found also in 1 Chron. 13.5–14, with variations. Then David and all the troops that were with him set out from BaalimbBaalim Identical with Baalah, another name for Kiriath-jearim, where the Ark had been kept (cf. 1 Sam. 6.21; 1 Chron. 13.6; Josh. 15.9). of Judah to bring up from there the Ark of God to which the Name was attached, the name GOD of Hosts Enthroned on the Cherubim.",Ninguno
II_Samuel,6,3,וירכבו אתארון האלהים אלעגלה חדשה וישאהו מבית אבינדב אשר בגבעה ועזא ואחיו בני אבינדב נהגים אתהעגלה חדשה,"They loaded the Ark of God onto a new cart and conveyed it from the house of Abinadab, which was on the hill; and Abinadab’s sons, Uzza and Ahio, guided the new cart. ",Ninguno
II_Samuel,6,4,וישאהו מבית אבינדב אשר בגבעה עם ארון האלהים ואחיו הלך לפני הארון,"They conveyed it from Abinadab’s house on the hill, [Uzza walking]c[Uzza walking] Cf. vv. 6–7. alongsidednew cart … alongside Septuagint and 4QSamᵃ read “cart alongside.” the Ark of God and Ahio walking in front of the Ark. ",Ninguno
II_Samuel,6,5,ודוד&thinsp;<b></b> וכלבית ישראל משחקים לפני יהוה בכל עצי ברושים ובכנרות ובנבלים ובתפים ובמנענעים ובצלצלים,"Meanwhile, David and all the House of Israel danced before GOD to [the sound of] all kinds of cypress wood [instruments],e[the sound of … instruments] Cf. Kimhi; the parallel passage 1 Chron. 13.8 reads “with all their might and with songs.” with lyres, harps, hand-drums, sistrums, and cymbals.",Ninguno
II_Samuel,6,6,ויבאו עדגרן נכון וישלח עזה אלארון האלהים ויאחז בו כי שמטו הבקר,"But when they came to the threshing floor of Nacon, Uzzah reached out for the Ark of God and grasped it, for the oxen had stumbled.fstumbled Meaning of Heb. uncertain. ",Ninguno
II_Samuel,6,7,ויחראף יהוה בעזה ויכהו שם האלהים עלהשל וימת שם עם ארון האלהים," GOD was incensed at Uzzah. And God struck him down on the spot for his indiscretion,gfor his indiscretion So Targum; 1 Chron. 13.10 reads “because he had laid a hand on the Ark.” and he died there beside the Ark of God. ",Ninguno
II_Samuel,6,8,ויחר לדוד על אשר פרץ יהוה פרץ בעזה ויקרא למקום ההוא פרץ עזה עד היום הזה,"David was distressed because GOD had inflicted a breach upon Uzzah; and that place was named Perez-uzzah,hPerez-uzzah I.e., “the Breach of Uzzah”; cf. 5.20 and note. as it is still called.",Ninguno
II_Samuel,6,9,וירא דוד אתיהוה ביום ההוא ויאמר איך יבוא אלי ארון יהוה,"David was afraid of GOD that day; he said, “How can I let the Ark of GOD come to me?” ",Ninguno
II_Samuel,6,10,ולאאבה דוד להסיר אליו אתארון יהוה עלעיר דוד ויטהו דוד בית עבדאדם הגתי,"So David would not bring the Ark of GOD to his place in the City of David; instead, David diverted it to the house of Obed-edom the Gittite. ",Ninguno
II_Samuel,6,11,וישב ארון יהוה בית עבד אדם הגתי שלשה חדשים ויברך יהוה אתעבד אדם ואתכלביתו,"The Ark of GOD remained in the house of Obed-edom the Gittite three months, and GOD blessed Obed-edom and his whole household.",Ninguno
II_Samuel,6,12,ויגד למלך דוד לאמר ברך יהוה אתבית עבד אדם ואתכלאשרלו בעבור ארון האלהים וילך דוד ויעל אתארון האלהים מבית עבד אדם עיר דוד בשמחה,"It was reported to King David: “GOD has blessed Obed-edom’s house and all that belongs to him because of the Ark of God.” iVv. 12b–14 are found, with variations, in 1 Chron. 15.25–27; vv. 15–19a, with variations, in 1 Chron. 15.28–16.3; vv. 19b–20a, with variations, in 1 Chron. 16.43. Thereupon David went and brought up the Ark of God from the house of Obed-edom to the City of David, amid rejoicing. ",Ninguno
II_Samuel,6,13,ויהי כי צעדו נשאי ארוןיהוה ששה צעדים ויזבח שור ומריא,"When the bearers of the Ark of GOD had moved forward six paces, he sacrificed an ox and a fatling.jan ox and a fatling 4QSamᵃ reads “seven oxen and seven [rams]”; cf. 1 Chron. 15.26. ",Ninguno
II_Samuel,6,14,ודוד מכרכר בכלעז לפני יהוה ודוד חגור אפוד בד,David whirled with all his might before GOD; David was girt with a linen ephod.,Ninguno
II_Samuel,6,15,ודוד וכלבית ישראל מעלים אתארון יהוה בתרועה ובקול שופר,Thus David and all the House of Israel brought up the Ark of GOD with shouts and with blasts of the horn.,Ninguno
II_Samuel,6,16,והיה ארון יהוה בא עיר דוד ומיכל בתשאול נשקפה&thinsp;<b></b> בעד החלון ותרא אתהמלך דוד מפזז ומכרכר לפני יהוה ותבז לו בלבה,"As the Ark of GOD entered the City of David, Michal daughter of Saul looked out of the window and saw King David leaping and whirling before GOD; and she despised him for it.",Ninguno
II_Samuel,6,17,ויבאו אתארון יהוה ויצגו אתו במקומו בתוך האהל אשר נטהלו דוד ויעל דוד עלות לפני יהוה ושלמים,"They brought in the Ark of GOD and set it up in its place inside the tent that David had pitched for it, and David sacrificed burnt offerings and offerings of well-being before GOD. ",Ninguno
II_Samuel,6,18,ויכל דוד מהעלות העולה והשלמים ויברך אתהעם בשם יהוה צבאות,"When David finished sacrificing the burnt offerings and the offerings of well-being, he blessed the people in the name of GOD of Hosts. ",Ninguno
II_Samuel,6,19,ויחלק לכלהעם לכלהמון ישראל למאיש ועדאשה לאיש חלת לחם אחת ואשפר אחד ואשישה אחת וילך כלהעם איש לביתו,"And he distributed among all the people—the entire multitude of Israel, man and woman alike—to each a loaf of bread, a cake made in a pan, and a raisin cake.kcake made in a pan…raisin cake Meaning of Heb. uncertain. Then all the people left for their homes.",Ninguno
II_Samuel,6,20,"וישב דוד לברך אתביתו&nbsp;<span class=""mam-spi-samekh"">{ס}</span>&nbsp;&nbsp;&nbsp;&nbsp;&nbsp;&nbsp;&nbsp;&nbsp;ותצא מיכל בתשאול לקראת דוד ותאמר מהנכבד היום מלך ישראל אשר נגלה היום לעיני אמהות עבדיו כהגלות נגלות אחד הרקים","David went home to greet his household. And Michal daughter of Saul came out to meet David and said, “Didn’t the king of Israel do himself honor today—exposing himself today in the sight of the maidservants of his subjects, as one of the riffraff might expose himself!” ",Ninguno
II_Samuel,6,21,ויאמר דוד אלמיכל לפני יהוה אשר בחרבי מאביך ומכלביתו לצות אתי נגיד עלעם יהוה עלישראל ושחקתי לפני יהוה,"David answered Michal, “It was before GOD—who chose me instead of your father and all his family and appointed me ruler over Israel, GOD’s people! I will dance before GOD ",Ninguno
II_Samuel,6,22,ונקלתי עוד מזאת והייתי שפל בעיני ועםהאמהות אשר אמרת עמם אכבדה,"and dishonor myself even more, and be low in my ownlmy own Septuagint reads “your.” esteem; but among the maidservants that you speak of I will be honored.” ",Ninguno
II_Samuel,6,23,"ולמיכל בתשאול לאהיה לה ילד עד יום מותה&nbsp;<span class=""mam-spi-pe"">{פ}</span><br>",So to her dying day Michal daughter of Saul had no children.,Ninguno
II_Samuel,7,1,ויהי כיישב המלך בביתו ויהוה הניחלו מסביב מכלאיביו,"aThis chapter is found, with variations, also in 1 Chron. 17. When the king was settled in his palace and GOD had granted him safety from all the enemies around him, ",Ninguno
II_Samuel,7,2,ויאמר המלך אלנתן הנביא ראה נא אנכי יושב בבית ארזים וארון האלהים ישב בתוך היריעה,"the king said to the prophet Nathan: “Here I am dwelling in a house of cedar, while the Ark of GOD abides in a tent!” ",Ninguno
II_Samuel,7,3,ויאמר נתן אלהמלך כל אשר בלבבך לך עשה כי יהוה עמך,"Nathan said to the king, “Go and do whatever you have in mind, for GOD is with you.”",Ninguno
II_Samuel,7,4,"ויהי בלילה ההוא&nbsp;<span class=""mam-spi-samekh"">{ס}</span>&nbsp;&nbsp;&nbsp;&nbsp;&nbsp;&nbsp;&nbsp;&nbsp;ויהי דבריהוה אלנתן לאמר",But that same night the word of GOD came to Nathan:,Ninguno
II_Samuel,7,5,"לך ואמרת אלעבדי אלדוד&nbsp;<span class=""mam-spi-samekh"">{ס}</span>&nbsp;&nbsp;&nbsp;&nbsp;&nbsp;&nbsp;&nbsp;&nbsp;כה אמר יהוה האתה תבנהלי בית לשבתי",“Go and say to My servant David: Thus said GOD: Are you the one to build a house for Me to dwell in?,Ninguno
II_Samuel,7,6,כי לא ישבתי בבית למיום העלתי אתבני ישראל ממצרים ועד היום הזה ואהיה מתהלך באהל ובמשכן,"From the day that I brought the people of Israel out of Egypt to this day I have not dwelt in a house, but have moved about in Tent and Tabernacle. ",Ninguno
II_Samuel,7,7,בכל אשרהתהלכתי בכלבני ישראל הדבר דברתי אתאחד שבטי ישראל אשר צויתי לרעות אתעמי אתישראל לאמר למה לאבניתם לי בית ארזים,"As I moved about wherever the Israelites went, did I ever reproach any of the tribal leadersbleaders Understanding shibṭe as “scepters”; so Kimhi. 1 Chron. 17.6 reads “chieftains”; cf. below, v. 11. whom I appointed to care for My people Israel: Why have you not built Me a house of cedar?",Ninguno
II_Samuel,7,8,ועתה כהתאמר לעבדי לדוד כה אמר יהוה צבאות אני לקחתיך מןהנוה מאחר הצאן להיות נגיד עלעמי עלישראל,"“Further, say thus to My servant David: Thus said GOD of Hosts: I took you from the pasture, from following the flock, to be ruler of My people Israel, ",Ninguno
II_Samuel,7,9,ואהיה עמך בכל אשר הלכת ואכרתה אתכלאיביך מפניך ועשתילך שם גדול כשם הגדלים אשר בארץ,"and I have been with you wherever you went, and have cut down all your enemies before you. Moreover, I will give you great renown like that of the greatest men on earth. ",Ninguno
II_Samuel,7,10,ושמתי מקום לעמי לישראל ונטעתיו ושכן תחתיו ולא ירגז עוד ולאיסיפו בניעולה לענותו כאשר בראשונה,"I will establish a home for My people Israel and will plant them firm, so that they shall dwell secure and shall tremble no more. Iniquitous people shall not oppress them anymore as in the past, ",Ninguno
II_Samuel,7,11,ולמןהיום אשר צויתי שפטים עלעמי ישראל והניחתי לך מכלאיביך והגיד לך יהוה כיבית יעשהלך יהוה,"ever since I appointed chieftains over My people Israel. I will give you safety from all your enemies.“GOD declares to you: GOD will establish a housechouse I.e., a dynasty; play on “house” (i.e., temple) in v. 5. for you— ",Ninguno
II_Samuel,7,12,כי&thinsp;<b></b> ימלאו ימיך ושכבת אתאבתיך והקימתי אתזרעך אחריך אשר יצא ממעיך והכינתי אתממלכתו,"When your days are done and you rest with your ancestors, I will raise up your offspring after you, one of your own issue, and I will establish his kingship. ",Ninguno
II_Samuel,7,13,הוא יבנהבית לשמי וכננתי אתכסא ממלכתו עדעולם,"He shall build a house for My name, and I will establish his royal throne forever.",Ninguno
II_Samuel,7,14,אני אהיהלו לאב והוא יהיהלי לבן אשר בהעותו והכחתיו בשבט אנשים ובנגעי בני אדם,"I will be a father to him,dI will be a father to him I.e., I will provide protection and guidance, while expecting loyalty in return. And he shall be a son to Me.When he does wrong,I will chastise himWith the rod of mortalsAnd the blows of humankind.eWith the rod of mortals / And the blows of humankind I.e., as a human father chastises a wayward son. Or “With the scepter of [hostile] parties and the afflictions of mortals,” i.e., respectively, foreign adversaries and disease. ",Ninguno
II_Samuel,7,15,וחסדי לאיסור ממנו כאשר הסרתי מעם שאול אשר הסרתי מלפניך,"“But I will never withdraw My favor from him as I withdrew it from Saul, whom I removed to make room for you.fto make room for you Lit. “from before you.” ",Ninguno
II_Samuel,7,16,ונאמן ביתך וממלכתך עדעולם לפניך כסאך יהיה נכון עדעולם,"Your house and your kingship shall ever be secure before you;gbefore you Septuagint reads “before Me,” i.e., “by My favor.” your throne shall be established forever.”",Ninguno
II_Samuel,7,17,"ככל הדברים האלה וככל החזיון הזה כן דבר נתן אלדוד&nbsp;<span class=""mam-spi-pe"">{פ}</span><br>",Nathan spoke to David in accordance with all these words and all this prophecy.,Ninguno
II_Samuel,7,18,ויבא המלך דוד וישב לפני יהוה ויאמר מי אנכי אדני יהוה ומי ביתי כי הבאתני עדהלם,"Then King David came and sat before GOD, and he said, “What am I, O Sovereign GOD, and what is my family, that You have brought me thus far? ",Ninguno
II_Samuel,7,19,ותקטן עוד זאת בעיניך אדני יהוה ותדבר גם אלביתעבדך למרחוק וזאת תורת האדם אדני יהוה,"Yet even this, O Sovereign GOD, has seemed too little to You; for You have spoken of Your servant’s house also for the future. May that be the law for the people,hMay that be the law for the people Meaning of Heb. uncertain. O Sovereign GOD. ",Ninguno
II_Samuel,7,20,ומהיוסיף דוד עוד לדבר אליך ואתה ידעת אתעבדך אדני יהוה,"What more can David say to You? You know Your servant, O Sovereign GOD. ",Percepción (Yada)
II_Samuel,7,21,בעבור דברך וכלבך עשית את כלהגדולה הזאת להודיע אתעבדך,"For Your word’s sake and of Your own accordiFor Your word’s sake … accord Meaning of Heb. uncertain. You have wrought this great thing, and made it known to Your servant. ",Ninguno
II_Samuel,7,22,עלכן גדלת יהוה אלהים כיאין כמוך ואין אלהים זולתך בכל אשרשמענו באזנינו,"You are great indeed, O Sovereign GOD! There is none like You and there is no other God but You, as we have always heard. ",Ninguno
II_Samuel,7,23,ומי כעמך כישראל גוי אחד בארץ אשר הלכואלהים לפדותלו לעם ולשום לו שם ולעשות לכם הגדולה ונראות לארצך מפני עמך אשר פדית לך ממצרים גוים ואלהיו,"And who is like Your people Israel, a unique nation on earth, whom God went and redeemed as a covenanted people, thus winning renown and doing great and marvelous deeds for themjthem Heb. “you,” apparently denoting Israel. [and] for Your land—[driving out]k[driving out] So 1 Chron. 17.21. nations and their gods before Your people, whom You redeemed for Yourself from Egypt. ",Ninguno
II_Samuel,7,24,"ותכונן לך אתעמך ישראל&thinsp;<small></small>&thinsp;לך לעם עדעולם ואתה יהוה היית להם לאלהים&nbsp;<span class=""mam-spi-samekh"">{ס}</span>&nbsp;&nbsp;&nbsp;&nbsp;&nbsp;&nbsp;&nbsp;&nbsp;","You have established Your people Israel as Your very own people forever; and You, O ETERNAL One, have become their God.",Ninguno
II_Samuel,7,25,ועתה יהוה אלהים הדבר אשר דברת עלעבדך ועלביתו הקם עדעולם ועשה כאשר דברת,"“And now, O ETERNAL God, fulfill Your promise to Your servant and his house forever; and do as You have promised. ",Ninguno
II_Samuel,7,26,ויגדל שמך עדעולם לאמר יהוה צבאות אלהים עלישראל ובית עבדך דוד יהיה נכון לפניך,"And may Your name be glorified forever, in that men will say, ‘GOD of Hosts is God over Israel’; and may the house of Your servant David be established before You. ",Ninguno
II_Samuel,7,27,כיאתה יהוה צבאות אלהי ישראל גליתה אתאזן עבדך לאמר בית אבנהלך עלכן מצא עבדך אתלבו להתפלל אליך אתהתפלה הזאת,"Because You, O GOD of Hosts, the God of Israel, have revealed to Your servant that You will build a house for him, Your servant has ventured to offer this prayer to You. ",Ninguno
II_Samuel,7,28,ועתה&thinsp;<b></b> אדני יהוה אתההוא האלהים ודבריך יהיו אמת ותדבר אלעבדך אתהטובה הזאת,"And now, O Sovereign GOD, You are God and Your words will surely come true, and You have made this gracious promise to Your servant. ",Ninguno
II_Samuel,7,29,"ועתה הואל וברך אתבית עבדך להיות לעולם לפניך כיאתה אדני יהוה דברת ומברכתך יברך ביתעבדך לעולם&nbsp;<span class=""mam-spi-pe"">{פ}</span><br>","Be pleased, therefore, to bless Your servant’s house, that it abide before You forever; for You, O Sovereign GOD, have spoken. May Your servant’s house be blessed forever by Your blessing.”",Ninguno
II_Samuel,8,1,ויהי אחריכן ויך דוד אתפלשתים ויכניעם ויקח דוד אתמתג האמה מיד פלשתים,"aThis chapter is reproduced, with some variations, in 1 Chron. 18. Sometime afterward, David attacked the Philistines and subdued them; and David took Metheg-ammahbMetheg-ammah If not a place name, meaning of Heb. uncertain. from the Philistines. ",Ninguno
II_Samuel,8,2,ויך אתמואב וימדדם בחבל השכב אותם ארצה וימדד שניחבלים להמית ומלא החבל להחיות ותהי מואב לדוד לעבדים נשאי מנחה,"He also defeated the Moabites. He made them lie down on the ground and he measured them off with a cord; he measured out two lengths of cord for those who were to be put to death, and one length for those to be spared.ctwo lengths … death, and one length … spared I.e., he repeatedly doomed twice the number he spared. And the Moabites became tributary vassals of David.",Ninguno
II_Samuel,8,3,"ויך דוד אתהדדעזר בןרחב מלך צובה בלכתו להשיב ידו <span class=""mam-kq""><span class=""mam-kq-k"">(בנהר)</span> <span class=""mam-kq-q"">[בנהרפרת]</span></span>","David defeated Hadadezer son of Rehob, king of Zobah, who was then on his way to restore his monumentdmonument On yad in this sense, cf. 18.18; 1 Chron. 18.3; 1 Sam. 15.12. In contrast to others “dominion.” at the Euphrates River. ",Ninguno
II_Samuel,8,4,וילכד דוד ממנו אלף ושבעמאות פרשים ועשרים אלף איש רגלי ויעקר דוד אתכלהרכב ויותר ממנו מאה רכב,"David captured 1,700 charioteers and 20,000 foot soldiers of his force; and David hamstrung all the chariot horses, except for 100 that he retained. ",Ninguno
II_Samuel,8,5,ותבא ארם דמשק לעזר להדדעזר מלך צובה ויך דוד בארם עשריםושנים אלף איש,"And when the Arameans of Damascus came to the aid of King Hadadezer of Zobah, David struck down 22,000 of the Arameans. ",Ninguno
II_Samuel,8,6,וישם דוד נצבים בארם דמשק ותהי ארם לדוד לעבדים נושאי מנחה וישע יהוה אתדוד בכל אשר הלך,"David stationed garrisons in Aram of Damascus, and the Arameans became tributary vassals of David. GOD gave David victory wherever he went. ",Ninguno
II_Samuel,8,7,ויקח דוד את שלטי הזהב אשר היו אל עבדי הדדעזר ויביאם ירושל͏ם,David took the gold shieldseshields Or “quivers.” carried by Hadadezer’s retinue and brought them to Jerusalem; ,Ninguno
II_Samuel,8,8,"ומבטח ומברתי ערי הדדעזר לקח המלך דוד נחשת הרבה מאד&nbsp;<span class=""mam-spi-samekh"">{ס}</span>&nbsp;&nbsp;&nbsp;&nbsp;&nbsp;&nbsp;&nbsp;&nbsp;","and from Betah and Berothai, towns of Hadadezer, King David took a vast amount of copper.",Ninguno
II_Samuel,8,9,וישמע תעי מלך חמת כי הכה דוד את כלחיל הדדעזר,"When King Toi of Hamath heard that David had defeated the entire army of Hadadezer, ",Ninguno
II_Samuel,8,10,וישלח תעי אתיורםבנו אלהמלךדוד לשאללו לשלום ולברכו על אשר נלחם בהדדעזר ויכהו כיאיש מלחמות תעי היה הדדעזר ובידו היו כליכסף וכליזהב וכלי נחשת,"Toi sent his son Joram to King David to greet him and to congratulate him on his military victory over Hadadezer—for Hadadezer had been at war with Toi. [Joram] brought with him objects of silver, gold, and copper. ",Ninguno
II_Samuel,8,11,גםאתם הקדיש המלך דוד ליהוה עםהכסף והזהב אשר הקדיש מכלהגוים אשר כבש,"King David dedicated these to GOD, along with the other silver and gold that he dedicated, [taken] from all the nations he had conquered: ",Ninguno
II_Samuel,8,12,מארם וממואב ומבני עמון ומפלשתים ומעמלק ומשלל הדדעזר בןרחב מלך צובה,"from Edom,fEdom So several mss., Septuagint, and 1 Chron. 18.11–13; and cf. v. 14 below. Printed editions and most mss. read “Aram.” Moab, and Ammon; from the Philistines and the Amalekites, and from the plunder of Hadadezer son of Rehob, king of Zobah.",Ninguno
II_Samuel,8,13,ויעש דוד שם בשבו מהכותו אתארם בגיאמלח שמונה עשר אלף,"David gained fame when he returned from defeatinggwhen he returned from defeating Cf. 1 Chron. 18.12 and Ps. 60.1, which read differently. Edom,hEdom See note at v. 12. in the Valley of Salt, 18,000 in all. ",Ninguno
II_Samuel,8,14,וישם באדום נצבים בכלאדום שם נצבים ויהי כלאדום עבדים לדוד ויושע יהוה אתדוד בכל אשר הלך,He stationed garrisons in Edom—he stationed garrisons in all of Edomihe stationed garrisons in all of Edom This phrase is lacking in 1 Chron. 18.13.—and all the Edomites became vassals of David. GOD gave David victory wherever he went.,Ninguno
II_Samuel,8,15,וימלך דוד עלכלישראל ויהי דוד עשה משפט וצדקה לכלעמו,"David reigned over all Israel, and David executed true justice among all his people. ",Ninguno
II_Samuel,8,16,ויואב בןצרויה עלהצבא ויהושפט בןאחילוד מזכיר,Joab son of Zeruiah was commander of the army; Jehoshaphat son of Ahilud was recorder;,Ninguno
II_Samuel,8,17,וצדוק בןאחיטוב ואחימלך בןאביתר כהנים ושריה סופר,"Zadok son of Ahitub and Ahimelech son of AbiatharjAhimelech son of Abiathar Emendation yields “Abiathar son of Ahimelech,” cf., e.g., 20.25; 1 Sam. 22.20. were priests; SeraiahkSeraiah “Sheva” in 20.25; “Shavsha” in 1 Chron. 18.16. was scribe; ",Ninguno
II_Samuel,8,18,"ובניהו בןיהוידע והכרתי והפלתי ובני דוד כהנים היו&nbsp;<span class=""mam-spi-samekh"">{ס}</span>&nbsp;&nbsp;&nbsp;&nbsp;&nbsp;&nbsp;&nbsp;&nbsp;",Benaiah son of Jehoiada was commander oflcommander of So Targum (cf. 20.23; 1 Chron. 18.17); Heb. “and.” the Cherethites and the Pelethites; and David’s sons were priests.,Percepción (Yada)
II_Samuel,9,1,ויאמר דוד הכי ישעוד אשר נותר לבית שאול ואעשה עמו חסד בעבור יהונתן,"David inquired, “Is there anyone still left of the House of Saul with whom I can keep faith for the sake of Jonathan?” ",Ninguno
II_Samuel,9,2,ולבית שאול עבד ושמו ציבא ויקראולו אלדוד ויאמר המלך אליו האתה ציבא ויאמר עבדך,"There was a servant of the House of Saul named Ziba, and they summoned him to David. “Are you Ziba?” the king asked him. “Yes, sir,”aYes, sir Lit. “Your servant is.” he replied. ",Ninguno
II_Samuel,9,3,ויאמר המלך האפס עוד איש לבית שאול ואעשה עמו חסד אלהים ויאמר ציבא אלהמלך עוד בן ליהונתן נכה רגלים,"The king continued, “Is there any member of the House of Saul left with whom I can keep faith as pledged before God?”bas pledged before God See 1 Sam. 20.14 and note. Ziba answered the king, “Yes, there is still a son of Jonathan whose feet are crippled.” ",Ninguno
II_Samuel,9,4,ויאמרלו המלך איפה הוא ויאמר ציבא אלהמלך הנההוא בית מכיר בןעמיאל בלו דבר,"“Where is he?” the king asked, and Ziba said to the king, “He is in the house of Machir son of Ammiel, in Lo-debar.” ",Ninguno
II_Samuel,9,5,וישלח המלך דוד ויקחהו מבית מכיר בןעמיאל מלו דבר,"King David had him brought from the house of Machir son of Ammiel, at Lo-debar; ",Ninguno
II_Samuel,9,6,ויבא מפיבשת בןיהונתן בןשאול אלדוד ויפל עלפניו וישתחו ויאמר דוד מפיבשת ויאמר הנה עבדך,"and when Mephibosheth son of Jonathan son of Saul came to David, he flung himself on his face and prostrated himself. David said, “Mephibosheth!” and he replied, “At your service, sir.” ",Ninguno
II_Samuel,9,7,ויאמר לו דוד אלתירא כי עשה אעשה עמך חסד בעבור יהונתן אביך והשבתי לך אתכלשדה שאול אביך ואתה תאכל לחם עלשלחני תמיד,"David said to him, “Don’t be afraid, for I will keep faith with you for the sake of your father Jonathan. I will give you back all the land of your grandfather Saul; moreover, you shall always eat at my table.” ",Ninguno
II_Samuel,9,8,וישתחו ויאמר מה עבדך כי פנית אלהכלב המת אשר כמוני,"[Mephibosheth] prostrated himself again, and said, “What is your servant, that you should show regard for a dead dog like me?”",Ninguno
II_Samuel,9,9,ויקרא המלך אלציבא נער שאול ויאמר אליו כל אשר היה לשאול ולכלביתו נתתי לבןאדניך,"The king summoned Ziba, Saul’s steward, and said to him, “I give to your master’s grandson everything that belonged to Saul and to his entire family. ",Ninguno
II_Samuel,9,10,ועבדת לו אתהאדמה אתה ובניך ועבדיך והבאת והיה לבןאדניך לחם ואכלו ומפיבשת בןאדניך יאכל תמיד לחם עלשלחני ולציבא חמשה עשר בנים ועשרים עבדים,"You and your sons and your slaves shall farm the land for him and shall bring in [its yield] to provide food for your master’s grandsoncgrandson Septuagint reads “household.” to live on; but Mephibosheth, your master’s grandson, shall always eat at my table.”—Ziba had fifteen sons and twenty slaves.— ",Ninguno
II_Samuel,9,11,ויאמר ציבא אלהמלך ככל אשר יצוה אדני המלך אתעבדו כן יעשה עבדך ומפיבשת אכל עלשלחני כאחד מבני המלך,"Ziba said to the king, “Your servant will do just as my lord the king has commanded him.” “Mephibosheth shall eat at my tabledMephibosheth shall eat at my table Septuagint reads “And Mephibosheth ate at David’s table.” like one of the king’s sons.”",Ninguno
II_Samuel,9,12,ולמפיבשת בןקטן ושמו מיכא וכל מושב ביתציבא עבדים למפיבשת,Mephibosheth had a young son named Mica; and all the members of Ziba’s household worked for Mephibosheth.,Ninguno
II_Samuel,9,13,"ומפיבשת ישב בירושל͏ם כי עלשלחן המלך תמיד הוא אכל והוא פסח שתי רגליו&nbsp;<span class=""mam-spi-pe"">{פ}</span><br>","Mephibosheth lived in Jerusalem, for he ate regularly at the king’s table. He was lame in both feet.",Ninguno
II_Samuel,10,1,ויהי אחריכן וימת מלך בני עמון וימלך חנון בנו תחתיו,"aThis chapter is found also in 1 Chron. 19. Sometime afterward, the king of Ammon died, and his son Hanun succeeded him as king. ",Ninguno
II_Samuel,10,2,ויאמר דוד אעשהחסד&thinsp;<b></b> עםחנון בןנחש כאשר עשה אביו עמדי חסד וישלח דוד לנחמו בידעבדיו אלאביו ויבאו עבדי דוד ארץ בני עמון,"David said, “I will keep faith with Hanun son of Nahash, just as his father kept faith with me.” He sent his courtiers with a message of condolence to him over his father. But when David’s courtiers came to the land of Ammon, ",Percepción (Yada)
II_Samuel,10,3,ויאמרו שרי בניעמון אלחנון אדניהם המכבד דוד אתאביך בעיניך כישלח לך מנחמים הלוא בעבור חקר אתהעיר ולרגלה ולהפכה שלח דוד אתעבדיו אליך,"the Ammonite officials said to their lord Hanun, “Do you think David is really honoring your father just because he sent you consolers? Why, David has sent his courtiers to you to explore and spy out the city, and to overthrowboverthrow Emendation yields “reconnoiter”; cf. Deut. 1.22; Josh. 2.2–3. it.” ",Ninguno
II_Samuel,10,4,ויקח חנון אתעבדי דוד ויגלח אתחצי זקנם ויכרת אתמדויהם בחצי עד שתותיהם וישלחם,"So Hanun seized David’s courtiers, clipped off one side of their beards and cut away half of their garments at the buttocks, and sent them off. ",Ninguno
II_Samuel,10,5,ויגדו לדוד וישלח לקראתם כיהיו האנשים נכלמים מאד ויאמר המלך שבו בירחו עדיצמח זקנכם ושבתם,"When David was told about the men,cthe men Moved up from later in the verse for clarity. he dispatched others to meet them, for they were greatly embarrassed. And the king gave orders: “Stop in Jericho until your beards grow back; then you can return.”",Ninguno
II_Samuel,10,6,ויראו בני עמון כי נבאשו בדוד וישלחו בניעמון וישכרו אתארם ביתרחוב ואתארם צובא עשרים אלף רגלי ואתמלך מעכה אלף איש ואיש טוב שניםעשר אלף איש,"The Ammonites realized that they had incurred the wrath ofdincurred the wrath of See note at 1 Sam. 13.4. David. So the Ammonites sent agents and hired Arameans of Beth-rehob and Arameans of Zobah—20,000 foot soldiers—and the king of Maacah [with both his] 1,000 men and Tob’seTob’s I.e., from the region called Tob, in Transjordan near Maacah (cf. Judg. 11.3). contingent of 12,000 men.fand the king of Maacah … 12,000 men Meaning of Heb. uncertain. ",Ninguno
II_Samuel,10,7,וישמע דוד וישלח אתיואב ואת כלהצבא הגברים,"On learning this, David sent out Joab and the entire army of mighty soldiers. ",Ninguno
II_Samuel,10,8,ויצאו בני עמון ויערכו מלחמה פתח השער וארם צובא ורחוב ואישטוב ומעכה לבדם בשדה,"The Ammonites marched out and took up their battle position at the entrance of the gate, while the Arameans of Zobah and Rehob and Tob’s contingent and Maacah took their stand separately in the open. ",Ninguno
II_Samuel,10,9,"וירא יואב כיהיתה אליו פני המלחמה מפנים ומאחור ויבחר מכל בחורי <span class=""mam-kq""><span class=""mam-kq-k"">(בישראל)</span> <span class=""mam-kq-q"">[ישראל]</span></span> ויערך לקראת ארם","Joab saw that there was a battle line against him both front and rear. So he made a selection from all the best soldiers of Israel and arrayed them against the Arameans, ",Ninguno
II_Samuel,10,10,ואת יתר העם נתן ביד אבשי אחיו ויערך לקראת בני עמון,and the rest of the troops he put under the command of his brother AbishaigAbishai Heb. “Abshai.” and arrayed them against the Ammonites. ,Ninguno
II_Samuel,10,11,ויאמר אםתחזק ארם ממני והיתה לי לישועה ואםבני עמון יחזקו ממך והלכתי להושיע לך,"[Joab] said, “If the Arameans prove too strong for me, you come to my aid; and if the Ammonites prove too strong for you, I will come to your aid. ",Ninguno
II_Samuel,10,12,חזק ונתחזק בעדעמנו ובעד ערי אלהינו ויהוה יעשה הטוב בעיניו,Let us be strong and resolute for the sake of our people and the landhland Lit. “towns.” of our God; and accept the outcome that GOD deems right.”,Ninguno
II_Samuel,10,13,ויגש יואב והעם אשר עמו למלחמה בארם וינסו מפניו,"Joab and the troops with him marched into battle against the Arameans, who fled before him. ",Ninguno
II_Samuel,10,14,ובני עמון ראו כינס ארם וינסו מפני אבישי ויבאו העיר וישב יואב מעל בני עמון ויבא ירושל͏ם,"And when the Ammonites saw that the Arameans had fled, they fled before Abishai and withdrew into the city. So Joab broke off the attack against the Ammonites, and went to Jerusalem.",Ninguno
II_Samuel,10,15,וירא ארם כי נגף לפני ישראל ויאספו יחד,"When the Arameans saw that they had been routed by Israel, they regrouped their forces. ",Ninguno
II_Samuel,10,16,"וישלח הדדעזר ויצא אתארם אשר מעבר הנהר ויבאו חילם ושובך שרצבא הדדעזר לפניהם&nbsp;<span class=""mam-spi-samekh"">{ס}</span>&nbsp;&nbsp;&nbsp;&nbsp;&nbsp;&nbsp;&nbsp;&nbsp;","HadadezeriHadadezer Many editions read “Hadarezer.” sent for and brought out the Arameans from across the Euphrates; they came to Helam, led by Shobach, Hadadezer’sjHadadezer’s Many editions read “Hadarezer’s.” army commander. ",Ninguno
II_Samuel,10,17,ויגד לדוד ויאסף אתכלישראל ויעבר אתהירדן ויבא חלאמה ויערכו ארם לקראת דוד וילחמו עמו,"David was informed of it; he assembled all Israel, crossed the Jordan, and came to Helam. The Arameans drew up their forces against David and attacked him; ",Ninguno
II_Samuel,10,18,וינס ארם מפני ישראל ויהרג דוד מארם שבע מאות רכב וארבעים אלף פרשים ואת שובך שרצבאו הכה וימת שם,"but the Arameans were put to flight by Israel. David killed 700 Aramean chariot teams and 40,000 riders;kriders Or “foot soldiers”; cf. 1 Chron. 19.18. he also struck down Shobach, Hadadezer’slHadadezer’s Heb. “his.” army commander, who died there. ",Ninguno
II_Samuel,10,19,"ויראו כלהמלכים עבדי הדדעזר כי נגפו לפני ישראל וישלמו אתישראל ויעבדום ויראו ארם להושיע עוד אתבני עמון&nbsp;<span class=""mam-spi-pe"">{פ}</span><br>","And when all the vassal kings of HadadezermHadadezer Many editions read “Hadarezer.” saw that they had been routed by Israel, they submitted to Israel and became their vassals. And the Arameans were afraid to help the Ammonites anymore.",Ninguno
II_Samuel,11,1,"ויהי לתשובת השנה לעת&thinsp;<b></b> צאת המלאכים וישלח דוד אתיואב ואתעבדיו עמו ואתכלישראל וישחתו אתבני עמון ויצרו עלרבה ודוד יושב בירושל͏ם&nbsp;<span class=""mam-spi-samekh"">{ס}</span>&nbsp;&nbsp;&nbsp;&nbsp;&nbsp;&nbsp;&nbsp;&nbsp;","At the turn of the year, the season when kings go out [to battle], David sent Joab with his officers and all Israel with him, and they devastated Ammon and besieged Rabbah; David remained in Jerusalem. ",Ninguno
II_Samuel,11,2,ויהי&thinsp;<b></b> לעת הערב ויקם דוד מעל משכבו ויתהלך עלגג ביתהמלך וירא אשה רחצת מעל הגג והאשה טובת מראה מאד,"Late one afternoon, David rose from his couch and strolled on the roof of the royal palace; and from the roof he saw a woman bathing. The woman was very beautiful, ",Ninguno
II_Samuel,11,3,וישלח דוד וידרש לאשה ויאמר הלואזאת בתשבע בתאליעם אשת אוריה החתי,"and David sent someone to make inquiries about the woman. He reported, “She is Bathsheba daughter of Eliam [and] wife of Uriah the Hittite.” ",Ninguno
II_Samuel,11,4,וישלח דוד מלאכים ויקחה ותבוא אליו וישכב עמה והיא מתקדשת מטמאתה ותשב אלביתה,David sent messengers to fetch her; she came to him and he lay with her—she had just purified herself after her period—and she went back home.,Ninguno
II_Samuel,11,5,ותהר האשה ותשלח ותגד לדוד ותאמר הרה אנכי,"The woman conceived, and she sent word to David, “I am pregnant.” ",Ninguno
II_Samuel,11,6,וישלח דוד אליואב שלח אלי אתאוריה החתי וישלח יואב אתאוריה אלדוד,"Thereupon David sent a message to Joab, “Send Uriah the Hittite to me”; and Joab sent Uriah to David.",Ninguno
II_Samuel,11,7,ויבא אוריה אליו וישאל דוד לשלום יואב ולשלום העם ולשלום המלחמה,"When Uriah came to him, David asked him how Joab and the troops were faring and how the war was going. ",Ninguno
II_Samuel,11,8,ויאמר דוד לאוריה רד לביתך ורחץ רגליך ויצא אוריה מבית המלך ותצא אחריו משאת המלך,"Then David said to Uriah, “Go down to your house and bathe your feet.” When Uriah left the royal palace, a present from the king followed him. ",Ninguno
II_Samuel,11,9,וישכב אוריה פתח בית המלך את כלעבדי אדניו ולא ירד אלביתו,"But Uriah slept at the entrance of the royal palace, along with the other officers of his lord, and did not go down to his house. ",Ninguno
II_Samuel,11,10,ויגדו לדוד לאמר לאירד אוריה אלביתו ויאמר דוד אלאוריה הלוא מדרך אתה בא מדוע לאירדת אלביתך,"When David was told that Uriah had not gone down to his house, he said to Uriah, “You just came from a journey; why didn’t you go down to your house?” ",Ninguno
II_Samuel,11,11,ויאמר אוריה אלדוד הארון וישראל ויהודה ישבים בסכות ואדני יואב ועבדי אדני עלפני השדה חנים ואני אבוא אלביתי לאכל ולשתות ולשכב עםאשתי חיך וחי נפשך אםאעשה אתהדבר הזה,"Uriah answered David, “The Ark and Israel and Judah are located at Succoth, and my master Joab and Your Majesty’s men are camped in the open; how can I go home and eat and drink and sleep with my wife? As you live, by your very life,aAs you live, by your very life Meaning of Heb. uncertain. Emendation yields “As GOD lives and as you live” (cf. 1 Sam. 20.3; 25.26; etc.). Lit. “as you live and as your being lives.” I will not do this!” ",Ninguno
II_Samuel,11,12,ויאמר דוד אלאוריה שב בזה גםהיום ומחר אשלחך וישב אוריה בירושל͏ם ביום ההוא וממחרת,"David said to Uriah, “Stay here today also, and tomorrow I will send you off.” So Uriah remained in Jerusalem that day. The next day, ",Ninguno
II_Samuel,11,13,ויקראלו דוד ויאכל לפניו וישת וישכרהו ויצא בערב לשכב במשכבו עםעבדי אדניו ואלביתו לא ירד,"David summoned him, and he ate and drank with him until he got him drunk; but in the evening, [Uriah] went out to sleep in the same place, with his lord’s officers; he did not go down to his home.",Ninguno
II_Samuel,11,14,ויהי בבקר ויכתב דוד ספר אליואב וישלח ביד אוריה,"In the morning, David wrote a letter to Joab, which he sent with Uriah. ",Ninguno
II_Samuel,11,15,"ויכתב בספר לאמר הבו אתאוריה אלמול פני המלחמה החזקה ושבתם מאחריו ונכה ומת&nbsp;<span class=""mam-spi-samekh"">{ס}</span>&nbsp;&nbsp;&nbsp;&nbsp;&nbsp;&nbsp;&nbsp;&nbsp;",He wrote in the letter as follows: “Place Uriah in the front line where the fighting is fiercest; then fall back so that he may be killed.”,Ninguno
II_Samuel,11,16,ויהי בשמור יואב אלהעיר ויתן אתאוריה אלהמקום אשר ידע כי אנשיחיל שם,"So when Joab was besieging the city, he stationed Uriah at the point where he knew that there were able warriors. ",Percepción (Yada)
II_Samuel,11,17,ויצאו אנשי העיר וילחמו אתיואב ויפל מןהעם מעבדי דוד וימת גם אוריה החתי,"Men from the city sallied out and attacked Joab, and some of David’s officers among the troops fell; Uriah the Hittite was among those who died.",Ninguno
II_Samuel,11,18,וישלח יואב ויגד לדוד אתכלדברי המלחמה,Joab sent a full report of the battle to David.,Ninguno
II_Samuel,11,19,ויצו אתהמלאך לאמר ככלותך את כלדברי המלחמה לדבר אלהמלך,"He instructed the messenger as follows: “When you finish reporting to the king all about the battle, ",Ninguno
II_Samuel,11,20,והיה אםתעלה חמת המלך ואמר לך מדוע נגשתם אלהעיר להלחם הלוא ידעתם את אשרירו מעל החומה,"the king may get angry and say to you, ‘Why did you come so close to the city to attack it? Didn’t you know that they would shoot from the wall? ",Percepción (Yada)
II_Samuel,11,21,מיהכה אתאבימלך בןירבשת הלואאשה השליכה עליו פלח רכב מעל החומה וימת בתבץ למה נגשתם אלהחומה ואמרת גם עבדך אוריה החתי מת,"Who struck down Abimelech son of Jerubbesheth?bJerubbesheth The earlier form is Jerubbaal (another name for Gideon), Judg. 7.1; on -bosheth/besheth for -baal, see note at 2 Sam. 4.4. For the event at Thebez described here, see Judg. 9.35ff. Was it not a woman who dropped an upper millstone on him from the wall at Thebez, from which he died? Why did you come so close to the wall?’ Then say: ‘Your servant Uriah the Hittite was among those killed.’”",Ninguno
II_Samuel,11,22,וילך המלאך ויבא ויגד לדוד את כלאשר שלחו יואב,The messenger set out; he came and told David all that Joab had sent him to say.cSeptuagint continues with a recapitulation of vv. 19–21. ,Ninguno
II_Samuel,11,23,ויאמר המלאך אלדוד כיגברו עלינו האנשים ויצאו אלינו השדה ונהיה עליהם עדפתח השער,"The messenger said to David, “First their men prevailed against us and sallied out against us into the open; then we drove them back up to the entrance to the gate. ",Ninguno
II_Samuel,11,24,"ויראו המוראים אלעבדיך מעל החומה וימותו מעבדי המלך וגם עבדך אוריה החתי מת&nbsp;<span class=""mam-spi-samekh"">{ס}</span>&nbsp;&nbsp;&nbsp;&nbsp;&nbsp;&nbsp;&nbsp;&nbsp;",But the archers shot at your men from the wall and some of Your Majesty’s men fell; your servant Uriah the Hittite also fell.”,Ninguno
II_Samuel,11,25,ויאמר דוד אלהמלאך כהתאמר אליואב אלירע בעיניך אתהדבר הזה כיכזה וכזה תאכל החרב החזק מלחמתך אלהעיר והרסה וחזקהו,"Whereupon David said to the messenger, “Give Joab this message: ‘Do not be distressed about the matter. The sword always takes its toll.dalways takes its toll Lit. “consumes the like and the like.” Press your attack on the city and destroy it!’ Encourage him!”",Ninguno
II_Samuel,11,26,ותשמע אשת אוריה כימת אוריה אישה ותספד עלבעלה,"When Uriah’s wife heard that her husband Uriah was dead, she lamented over her husband. ",Ninguno
II_Samuel,11,27,"ויעבר האבל וישלח דוד ויאספה אלביתו ותהילו לאשה ותלד לו בן וירע הדבר אשרעשה דוד בעיני יהוה&nbsp;<span class=""mam-spi-pe"">{פ}</span><br>","After the period of mourning was over, David sent and had her brought into his palace; she became his wife and she bore him a son.But GOD was displeased with what David had done,",Ninguno
II_Samuel,12,1,וישלח יהוה אתנתן אלדוד ויבא אליו ויאמר לו שני אנשים היו בעיר אחת אחד עשיר ואחד ראש,"and GOD sent Nathan to David. He came to him and said, “There were two men in the same city, one rich and one poor. ",Ninguno
II_Samuel,12,2,לעשיר היה צאן ובקר הרבה מאד,"The rich one had very large flocks and herds, ",Ninguno
II_Samuel,12,3,ולרש איןכל כי אםכבשה אחת קטנה אשר קנה ויחיה ותגדל עמו ועםבניו יחדו מפתו תאכל ומכסו תשתה ובחיקו תשכב ותהילו כבת,"but the poor one had only one little ewe lamb that he had bought. He tended it and it grew up together with him and his children: it used to share his morsel of bread, drink from his cup, and nestle in his bosom; it was like a daughter to him. ",Ninguno
II_Samuel,12,4,ויבא הלך לאיש העשיר ויחמל לקחת מצאנו ומבקרו לעשות לארח הבאלו ויקח אתכבשת האיש הראש ויעשה לאיש הבא אליו,"One day, a traveler came to the rich man, but he was loath to take anything from his own flocks or herds to prepare a meal for the guest who had come to him; so he took the poor man’s lamb and prepared it for the man who had come to him.”",Ninguno
II_Samuel,12,5,ויחראף דוד באיש מאד ויאמר אלנתן חייהוה כי בןמות האיש העשה זאת,"David flew into a rage against the man, and said to Nathan, “As GOD lives, the man who did thisathe man who did this Or “any man who has done this.” deserves to die! ",Ninguno
II_Samuel,12,6,"ואתהכבשה ישלם ארבעתים עקב אשר עשה אתהדבר הזה ועל אשר לאחמל&nbsp;<span class=""mam-spi-samekh"">{ס}</span>&nbsp;&nbsp;&nbsp;&nbsp;&nbsp;&nbsp;&nbsp;&nbsp;","He must pay for the lamb four times over, because he did such a thing and showed no pity.” ",Ninguno
II_Samuel,12,7,"ויאמר נתן אלדוד אתה האיש&nbsp;<span class=""mam-spi-samekh"">{ס}</span>&nbsp;&nbsp;&nbsp;&nbsp;&nbsp;&nbsp;&nbsp;&nbsp;כהאמר יהוה אלהי ישראל אנכי משחתיך למלך עלישראל ואנכי הצלתיך מיד שאול","And Nathan said to David, “That man is you! Thus said the ETERNAL, the God of Israel: ‘It was I who anointed you king over Israel and it was I who rescued you from the hand of Saul. ",Ninguno
II_Samuel,12,8,ואתנה לך אתבית אדניך ואתנשי אדניך בחיקך ואתנה לך אתבית ישראל ויהודה ואםמעט ואספה לך כהנה וכהנה,"I gave you your master’s house and possession of your master’s wives; and I gave you the House of Israel and Judah; and if that were not enough, I would give you twice as much more. ",Ninguno
II_Samuel,12,9,"מדוע בזית&thinsp;<b></b> אתדבר יהוה לעשות הרע <span class=""mam-kq""><span class=""mam-kq-k"">(בעינו)</span> <span class=""mam-kq-q"">[בעיני]</span></span> את אוריה החתי הכית בחרב ואתאשתו לקחת לך לאשה ואתו הרגת בחרב בני עמון",Why then have you flouted GOD’s command—and done what displeases Me?bMe So qere; kethib “Him.” You have put Uriah the Hittite to the sword; you took his wife and made her your wife and had him killed by the sword of the Ammonites. ,Ninguno
II_Samuel,12,10,"ועתה לאתסור חרב מביתך עדעולם עקב כי בזתני ותקח אתאשת אוריה החתי להיות לך לאשה&nbsp;<span class=""mam-spi-samekh"">{ס}</span>&nbsp;&nbsp;&nbsp;&nbsp;&nbsp;&nbsp;&nbsp;&nbsp;",Therefore the sword shall never depart from your House—because you spurned Me by taking the wife of Uriah the Hittite and making her your wife.’,Ninguno
II_Samuel,12,11,כה&thinsp;<b></b> אמר יהוה הנני מקים עליך רעה מביתך ולקחתי אתנשיך לעיניך ונתתי לרעיך ושכב עםנשיך לעיני השמש הזאת,Thus said GOD: ‘I will make a calamity rise against you from within your own house; I will take your wives and give them to another man before your very eyes and he shall sleep with your wives under this very sun.,Ninguno
II_Samuel,12,12,"כי אתה עשית בסתר ואני אעשה אתהדבר הזה נגד כלישראל ונגד השמש&nbsp;<span class=""mam-spi-samekh"">{ס}</span>&nbsp;&nbsp;&nbsp;&nbsp;&nbsp;&nbsp;&nbsp;&nbsp;","You acted in secret, but I will make this happen in the sight of all Israel and in broad daylight.’”",Ninguno
II_Samuel,12,13,"ויאמר דוד אלנתן חטאתי ליהוה&nbsp;<span class=""mam-spi-samekh"">{ס}</span>&nbsp;&nbsp;&nbsp;&nbsp;&nbsp;&nbsp;&nbsp;&nbsp;ויאמר נתן אלדוד גםיהוה העביר חטאתך לא תמות","David said to Nathan, “I stand guilty before GOD!” And Nathan replied to David, “GOD has remitted your sin; you shall not die. ",Ninguno
II_Samuel,12,14,אפס כינאץ נאצת אתאיבי יהוה בדבר הזה גם הבן הילוד לך מות ימות,"However, since you have spurned the enemies ofcthe enemies of The phrase is intended to avoid saying “spurned GOD”; cf. first note at 1 Sam. 25.22. GOD by this deed, even the child about to be born to you shall die.”",Ninguno
II_Samuel,12,15,וילך נתן אלביתו ויגף יהוה אתהילד אשר ילדה אשתאוריה לדוד ויאנש,"Nathan went home, and GOD afflicted the child that Uriah’s wife had borne to David, and it became critically ill. ",Ninguno
II_Samuel,12,16,ויבקש דוד אתהאלהים בעד הנער ויצם דוד צום ובא ולן ושכב ארצה,"David entreated God for the boy; David fasted, and he went in and spent the night lyingdlying Some Septuagint mss. and 4QSamᵃ add “in sackcloth”; cf. 1 Kings 21.27. on the ground. ",Ninguno
II_Samuel,12,17,ויקמו זקני ביתו עליו להקימו מןהארץ ולא אבה ולאברא אתם לחם,"The senior servants of his household tried to induce him to get up from the ground; but he refused, nor would he partake of food with them. ",Ninguno
II_Samuel,12,18,ויהי ביום השביעי וימת הילד ויראו עבדי דוד להגיד לו&thinsp;<b></b> כימת הילד כי אמרו הנה בהיות הילד חי דברנו אליו ולאשמע בקולנו ואיך נאמר אליו מת הילד ועשה רעה,"On the seventh day the child died. David’s servants were afraid to tell David that the child was dead; for they said, “We spoke to him when the child was alive and he wouldn’t listen to us; how can we tell him that the child is dead? He might do something terrible.” ",Ninguno
II_Samuel,12,19,וירא דוד כי עבדיו מתלחשים ויבן דוד כי מת הילד ויאמר דוד אלעבדיו המת הילד ויאמרו מת,"When David saw his servants talking in whispers, David understood that the child was dead; David asked his servants, “Is the child dead?” “Yes,” they replied.",Ninguno
II_Samuel,12,20,"ויקם דוד מהארץ וירחץ ויסך ויחלף <span class=""mam-kq-trivial"">שמלתו</span> ויבא ביתיהוה וישתחו ויבא אלביתו וישאל וישימו לו לחם ויאכל","Thereupon David rose from the ground; he bathed and anointed himself, and he changed his clothes. He went into the House of GOD and prostrated himself. Then he went home and asked for food, which they set before him, and he ate. ",Ninguno
II_Samuel,12,21,ויאמרו עבדיו אליו מההדבר הזה אשר עשיתה בעבור הילד חי צמת ותבך וכאשר מת הילד קמת ותאכל לחם,"His courtiers asked him, “Why have you acted in this manner? While the child was alive, you fasted and wept; but now that the child is dead, you rise and take food!” ",Ninguno
II_Samuel,12,22,"ויאמר בעוד הילד חי צמתי ואבכה כי אמרתי מי יודע <span class=""mam-kq""><span class=""mam-kq-k"">(יחנני)</span> <span class=""mam-kq-q"">[וחנני]</span></span> יהוה וחי הילד","He replied, “While the child was still alive, I fasted and wept because I thought: ‘Who knows? GOD may have pity on me, and the child may live.’ ",Ninguno
II_Samuel,12,23,ועתה&thinsp;<b></b> מת למה זה אני צם האוכל להשיבו עוד אני הלך אליו והוא לאישוב אלי,"But now that he is dead, why should I fast? Can I bring him back again? I shall go to him, but he will never come back to me.”",Ninguno
II_Samuel,12,24,"וינחם דוד את בתשבע אשתו ויבא אליה וישכב עמה ותלד בן <span class=""mam-kq""><span class=""mam-kq-k"">(ויקרא)</span> <span class=""mam-kq-q"">[ותקרא]</span></span> אתשמו שלמה ויהוה אהבו","David consoled his wife Bathsheba; he went to her and lay with her. She bore a son and she named him Solomon. GOD favored him, ",Ninguno
II_Samuel,12,25,"וישלח ביד נתן הנביא ויקרא אתשמו ידידיה בעבור יהוה&nbsp;<span class=""mam-spi-pe"">{פ}</span><br>","sending a message through the prophet Nathan; and he was named JedidiaheJedidiah I.e., “Beloved of GOD.” at GOD’s behest.",Ninguno
II_Samuel,12,26,וילחם יואב ברבת בני עמון וילכד אתעיר המלוכה,fVv. 26–29 are abridged in 1 Chron. 20.1b. Joab attacked Rabbah of Ammon and captured the royal city. ,Ninguno
II_Samuel,12,27,וישלח יואב מלאכים אלדוד ויאמר נלחמתי ברבה גםלכדתי אתעיר המים,"Joab sent messengers to David and said, “I have attacked Rabbah and I have already captured the water city.gthe water city Meaning of Heb. uncertain; perhaps the source of the water supply. ",Ninguno
II_Samuel,12,28,ועתה אסף אתיתר העם וחנה עלהעיר ולכדה פןאלכד אני אתהעיר ונקרא שמי עליה,"Now muster the rest of the troops and besiege the city and capture it; otherwise I will capture the city myself, and my name will be connected with it.” ",Ninguno
II_Samuel,12,29,ויאסף דוד אתכלהעם וילך רבתה וילחם בה וילכדה,"David mustered all the troops and marched on Rabbah, and he attacked it and captured it. ",Ninguno
II_Samuel,12,30,ויקח אתעטרתמלכם מעל ראשו ומשקלה ככר זהב ואבן יקרה ותהי עלראש דוד ושלל העיר הוציא הרבה מאד,"hVv. 30–31 are found also in 1 Chron. 20.2–3. The crown was taken from the head of their kingitheir king Heb. malkam, perhaps equivalent to “Milcom,” the Ammonite deity; cf. 1 Kings 11.5. and it was placed on David’s head—it weighed a talent of gold, and [on it]j[on it] So Targum and 1 Chron. 20.2. were precious stones. He also carried off a vast amount of booty from the city. ",Ninguno
II_Samuel,12,31,"ואתהעם אשרבה הוציא וישם במגרה ובחרצי הברזל ובמגזרת הברזל והעביר אותם <span class=""mam-kq""><span class=""mam-kq-k"">(במלכן)</span> <span class=""mam-kq-q"">[במלבן]</span></span> וכן יעשה לכל ערי בניעמון וישב דוד וכלהעם ירושל͏ם&nbsp;<span class=""mam-spi-pe"">{פ}</span><br>","He led out the people who lived there and set them to work with saws, iron threshing boards, and iron axes, or assigned them to brickmaking; David did this to all the towns of Ammon. Then David and all the troops returned to Jerusalem.",Ninguno
II_Samuel,13,1,ויהי אחריכן ולאבשלום בןדוד אחות יפה ושמה תמר ויאהבה אמנון בןדוד,"This happened sometime afterward: Absalom son of David had a beautiful sister named Tamar, and Amnon son of David became infatuated with her. ",Ninguno
II_Samuel,13,2,ויצר לאמנון להתחלות בעבור תמר אחתו כי בתולה היא ויפלא בעיני אמנון לעשות לה מאומה,"Amnon was so distraught because of his [half-]sister Tamar that he became sick; for she was a virgin,ashe was a virgin And thus well protected. and it seemed impossible to Amnon to do anything to her. ",Ninguno
II_Samuel,13,3,ולאמנון רע ושמו יונדב בןשמעה אחי דוד ויונדב איש חכם מאד,"Amnon had a friend named Jonadab, the son of David’s brother Shimah; Jonadab was a very clever man. ",Ninguno
II_Samuel,13,4,ויאמר לו מדוע אתה ככה דל בןהמלך בבקר בבקר הלוא תגיד לי ויאמר לו אמנון אתתמר אחות אבשלם אחי אני אהב,"He asked him, “Why are you so dejected, O prince, morning after morning? Tell me!” Amnon replied, “I am in love with Tamar, the sister of my brother Absalom!” ",Ninguno
II_Samuel,13,5,ויאמר לו יהונדב שכב עלמשכבך והתחל ובא אביך לראותך ואמרת אליו תבא נא תמר אחותי ותברני לחם ועשתה לעיני אתהבריה למען אשר אראה ואכלתי מידה,"Jonadab said to him, “Lie down in your bed and pretend you are sick. When your father comes to see you, say to him, ‘Let my sister Tamar come and give me something to eat. Let her prepare the food in front of me, so that I may look on, and let her serve it to me.’”",Ninguno
II_Samuel,13,6,וישכב אמנון ויתחל ויבא המלך לראותו ויאמר אמנון אלהמלך תבואנא תמר אחתי ותלבב לעיני שתי לבבות ואברה מידה,"Amnon lay down and pretended to be sick. The king came to see him, and Amnon said to the king, “Let my sister Tamar come and prepare a couple of cakes in front of me, and let her bring them to me.” ",Ninguno
II_Samuel,13,7,וישלח דוד אלתמר הביתה לאמר לכי נא בית אמנון אחיך ועשילו הבריה,"David sent a message to Tamar in the palace, “Please go to the house of your brother Amnon and prepare some food for him.” ",Ninguno
II_Samuel,13,8,"ותלך תמר בית אמנון אחיה והוא שכב ותקח אתהבצק <span class=""mam-kq""><span class=""mam-kq-k"">(ותלוש)</span> <span class=""mam-kq-q"">[ותלש]</span></span> ותלבב לעיניו ותבשל אתהלבבות","Tamar went to the house of her brother Amnon, who was in bed. She took dough and kneaded it into cakes in front of him, and cooked the cakes. ",Ninguno
II_Samuel,13,9,ותקח אתהמשרת ותצק לפניו וימאן לאכול ויאמר אמנון הוציאו כלאיש מעלי ויצאו כלאיש מעליו,"She took the pan and set out [the cakes],bpan and set out [the cakes] Meaning of Heb. uncertain. but Amnon refused to eat and ordered everyoneceveryone I.e., the servants in attendance. to withdraw. After everyone else had withdrawn, ",Ninguno
II_Samuel,13,10,ויאמר אמנון אלתמר הביאי הבריה החדר ואברה מידך ותקח תמר אתהלבבות אשר עשתה ותבא לאמנון אחיה החדרה,"Amnon said to Tamar, “Bring the food inside and feed me.” Tamar took the cakes she had made and brought them to her brother inside. ",Ninguno
II_Samuel,13,11,ותגש אליו לאכל ויחזקבה ויאמר לה בואי שכבי עמי אחותי,"But when she served them to him, he caught hold of her and said to her, “Come lie with me, sister.” ",Ninguno
II_Samuel,13,12,ותאמר לו אלאחי אלתענני כי לאיעשה כן בישראל אלתעשה אתהנבלה הזאת,"But she said to him, “Don’t, brother. Don’t force me. Such things are not done in Israel! Don’t do such a vile thing! ",Ninguno
II_Samuel,13,13,ואני אנה אוליך אתחרפתי ואתה תהיה כאחד הנבלים בישראל ועתה דברנא אלהמלך כי לא ימנעני ממך,"Where will I carry my shame? And you, you will be like any of the scoundrels in Israel! Please, speak to the king; he will not refuse me to you.” ",Ninguno
II_Samuel,13,14,ולא אבה לשמע בקולה ויחזק ממנה ויענה וישכב אתה,But he would not listen to her; he overpowered her and lay with her by force.,Ninguno
II_Samuel,13,15,וישנאה אמנון שנאה גדולה מאד כי גדולה השנאה אשר שנאה מאהבה אשר אהבה ויאמרלה אמנון קומי לכי,"Then Amnon felt a very great loathing for her; indeed, his loathing for her was greater than the passion he had felt for her. And Amnon said to her, “Get out!” ",Ninguno
II_Samuel,13,16,ותאמר לו אלאודת הרעה הגדולה הזאת מאחרת אשרעשית עמי לשלחני ולא אבה לשמע לה,"She pleaded with him, “Please don’t commit this wrong; to send me away would be even worsedcommit this wrong … even worse Meaning of Heb. uncertain. than the first wrong you committed against me.” But he would not listen to her. ",Ninguno
II_Samuel,13,17,ויקרא אתנערו משרתו ויאמר שלחונא אתזאת מעלי החוצה ונעל הדלת אחריה,"He summoned his young attendant and said, “Get that womanethat woman Lit. “that.” out of my presence, and bar the door behind her.”— ",Ninguno
II_Samuel,13,18,ועליה כתנת פסים כי כן תלבשן בנותהמלך הבתולת מעילים ויצא אותה משרתו החוץ ונעל הדלת אחריה,"She was wearing an ornamented tunic,fornamented tunic See Gen. 37.3 and note. for maiden princesses were customarily dressed in such garments.gin such garments Meaning of Heb. uncertain. Emendation yields “(thus) in olden times,” meʻolam.—His attendant took her outside and barred the door after her. ",Ninguno
II_Samuel,13,19,ותקח תמר אפר עלראשה וכתנת הפסים אשר עליה קרעה ותשם ידה עלראשה ותלך הלוך וזעקה,"Tamar put dust on her head and rent the ornamented tunic she was wearing; she put her hands on her head,hput her hands on her head A gesture of wild grief; cf. Jer. 2.37. and walked away, screaming loudly as she went. ",Ninguno
II_Samuel,13,20,ויאמר אליה אבשלום אחיה האמינון אחיך היה עמך ועתה אחותי החרישי אחיך הוא אלתשיתי אתלבך לדבר הזה ותשב תמר ושממה בית אבשלום אחיה,"Her brother Absalom said to her, “Was it your brother AmnoniAmnon Heb. “Aminon.” who did this to you? For the present, sister, keep quiet about it; he is your brother. Don’t brood over the matter.” And Tamar remained in her brother Absalom’s house, forlorn. ",Ninguno
II_Samuel,13,21,והמלך דוד שמע את כלהדברים האלה ויחר לו מאד,"When King David heard about all this, he was greatly upset.jSeptuagint adds “but he did not rebuke his son Amnon, for he favored him, since he was his first-born”; cf. 1 Kings 1.6. ",Ninguno
II_Samuel,13,22,"ולאדבר אבשלום עםאמנון למרע ועדטוב כישנא אבשלום אתאמנון עלדבר אשר ענה את תמר אחתו&nbsp;<span class=""mam-spi-pe"">{פ}</span><br>","Absalom didn’t utter a word to Amnon, good or bad; but Absalom hated Amnon because he had violated his sister Tamar.",Ninguno
II_Samuel,13,23,ויהי לשנתים ימים ויהיו גזזים לאבשלום בבעל חצור אשר עםאפרים ויקרא אבשלום לכלבני המלך,"Two years later, when Absalom was having his flocks sheared at Baal-hazor near Ephraim, Absalom invited all the king’s sons. ",Ninguno
II_Samuel,13,24,ויבא אבשלום אלהמלך ויאמר הנהנא גזזים לעבדך ילךנא המלך ועבדיו עםעבדך,"And Absalom came to the king and said, “Your servant is having his flocks sheared. Would Your Majesty and your retinue accompany your servant?” ",Ninguno
II_Samuel,13,25,ויאמר המלך אלאבשלום אלבני אלנא נלך כלנו ולא נכבד עליך ויפרץבו ולאאבה ללכת ויברכהו,"But the king answered Absalom, “No, my son. We must not all come, or we’ll be a burden to you.” He urged him, but he would not go, and he said good-bye to him. ",Ninguno
II_Samuel,13,26,ויאמר אבשלום ולא ילךנא אתנו אמנון אחי ויאמר לו המלך למה ילך עמך,"Thereupon Absalom said, “In that case, let my brother Amnon come with us,” to which the king replied, “He shall not go with you.” ",Ninguno
II_Samuel,13,27,"ויפרץבו אבשלום וישלח אתו אתאמנון ואת כלבני המלך&nbsp;<span class=""mam-spi-samekh"">{ס}</span>&nbsp;&nbsp;&nbsp;&nbsp;&nbsp;&nbsp;&nbsp;&nbsp;","But Absalom urged him, and he sent with him Amnon and all the other princes.kSeptuagint adds “and Absalom made a feast fit for a king.” ",Ninguno
II_Samuel,13,28,ויצו אבשלום אתנעריו לאמר ראו נא כטוב לבאמנון ביין ואמרתי אליכם הכו אתאמנון והמתם אתו אלתיראו הלוא כי אנכי צויתי אתכם חזקו והיו לבניחיל,"Now Absalom gave his attendants these orders: “Watch, and when Amnon is merry with wine and I tell you to strike down Amnon, kill him! Don’t be afraid, for it is I who give you the order. Act with determination, like brave men!” ",Ninguno
II_Samuel,13,29,ויעשו נערי אבשלום לאמנון כאשר צוה אבשלום ויקמו&thinsp;<b></b> כלבני המלך וירכבו איש עלפרדו וינסו,Absalom’s attendants did to Amnon as Absalom had ordered; whereupon all the other princes mounted their mules and fled.,Ninguno
II_Samuel,13,30,"ויהי המה בדרך והשמעה באה אלדוד לאמר הכה אבשלום אתכלבני המלך ולאנותר מהם אחד&nbsp;<span class=""mam-spi-pe"">{פ}</span><br>","They were still on the road when a rumor reached David that Absalom had killed all the princes, and that not one of them had survived. ",Ninguno
II_Samuel,13,31,"ויקם המלך ויקרע אתבגדיו וישכב ארצה וכלעבדיו נצבים קרעי בגדים&nbsp;<span class=""mam-spi-samekh"">{ס}</span>&nbsp;&nbsp;&nbsp;&nbsp;&nbsp;&nbsp;&nbsp;&nbsp;","At this, David rent his garment and lay down on the ground, and all his courtiers stood by with their clothes rent.land all his courtiers … clothes rent Septuagint reads “and all his courtiers who were standing by him rent their clothes.” ",Ninguno
II_Samuel,13,32,ויען יונדב&thinsp;<b></b> בןשמעה אחידוד ויאמר אליאמר אדני את כלהנערים בניהמלך המיתו כיאמנון לבדו מת כיעלפי אבשלום היתה שומה מיום ענתו את תמר אחתו,"But Jonadab, the son of David’s brother Shimah, said, “My lord must not think that all the young princes have been killed. Only Amnon is dead; for this has been decided bymdecided by Lit. “determined by the command of.” Absalom ever since his sister Tamar was violated. ",Ninguno
II_Samuel,13,33,"ועתה אלישם אדני המלך אללבו דבר לאמר כלבני המלך מתו כי<span class=""mam-kq-k"">(אם)</span>אמנון לבדו מת&nbsp;<span class=""mam-spi-pe"">{פ}</span><br>",So my lord the king must not think for a moment that all the princes are dead; Amnon alone is dead.”,Ninguno
II_Samuel,13,34,"ויברח אבשלום וישא הנער הצפה את<span class=""mam-kq-trivial"">עינו</span> וירא והנה עםרב הלכים מדרך אחריו מצד ההר","Meanwhile Absalom had fled.The watchman on duty looked up and saw a large crowd coming from the road to his rear,nfrom the road to his rear Emendation yields “down the slope of the Horonaim road. The watchman came and told the king ‘I see men coming from the Horonaim road.’” Cf. Septuagint. from the side of the hill. ",Ninguno
II_Samuel,13,35,ויאמר יונדב אלהמלך הנה בניהמלך באו כדבר עבדך כן היה,"Jonadab said to the king, “See, the princes have come! It is just as your servant said.” ",Ninguno
II_Samuel,13,36,ויהי&thinsp;<b></b> ככלתו לדבר והנה בניהמלך באו וישאו קולם ויבכו וגםהמלך וכלעבדיו בכו בכי גדול מאד,"As he finished speaking, the princes came in and broke into weeping; and David and all his courtiers wept bitterly, too.",Ninguno
II_Samuel,13,37,"ואבשלום ברח וילך אלתלמי בן<span class=""mam-kq""><span class=""mam-kq-q"">[עמיהוד]</span> <span class=""mam-kq-k"">(עמיחור)</span></span> מלך גשור ויתאבל עלבנו כלהימים","Absalom had fled, and he came to Talmai son of Ammihud, king of Geshur. And [King David] mourned over his son a long time. ",Ninguno
II_Samuel,13,38,ואבשלום ברח וילך גשור ויהישם שלש שנים,"Absalom, who had fled to Geshur, remained there three years. ",Ninguno
II_Samuel,13,39,"ותכל דוד המלך לצאת אלאבשלום כינחם עלאמנון כימת&nbsp;<span class=""mam-spi-samekh"">{ס}</span>&nbsp;&nbsp;&nbsp;&nbsp;&nbsp;&nbsp;&nbsp;&nbsp;","And King DavidoKing David Some Septuagint mss. and 4QSamᵃ read “the spirit (ruaḥ) of the king” (i.e., the king’s wrath; cf. Eccl. 10.4), in which case the first half of the verse could be rendered as “And King David’s rage toward Absalom abated.” was pining away for Absalom, for [the king] had gotten over Amnon’s death.",Ninguno
II_Samuel,14,1,וידע יואב בןצריה כילב המלך עלאבשלום,Joab son of Zeruiah could see that the king’s mind was on Absalom;,Percepción (Yada)
II_Samuel,14,2,וישלח יואב תקועה ויקח משם אשה חכמה ויאמר אליה התאבלינא ולבשינא בגדיאבל ואלתסוכי שמן והיית כאשה זה ימים רבים מתאבלת עלמת,"so Joab sent to Tekoa and brought from there a woman who was wise.awise I.e., in this context, quick-witted and resourceful. He said to her, “Pretend you are in mourning; put on mourning clothes and don’t anoint yourself with oil; and act like a woman who has grieved a long time over a departed one. ",Ninguno
II_Samuel,14,3,ובאת אלהמלך ודברת אליו כדבר הזה וישם יואב אתהדברים בפיה,Go to the king and say to him thus and thus.” And Joab told her what to say.btold her what to say Lit. “put words into her mouth.” ,Ninguno
II_Samuel,14,4,"ותאמר האשה התקעית אלהמלך ותפל עלאפיה ארצה ותשתחו ותאמר הושעה המלך&nbsp;<span class=""mam-spi-samekh"">{ס}</span>&nbsp;&nbsp;&nbsp;&nbsp;&nbsp;&nbsp;&nbsp;&nbsp;","The Tekoite woman cameccame So many mss. and printed editions. Most mss. and printed editions read “said.” to the king, flung herself face down to the ground, and prostrated herself. She cried out, “Help, O king!” ",Ninguno
II_Samuel,14,5,ויאמרלה המלך מהלך ותאמר אבל אשהאלמנה אני וימת אישי,"The king asked her, “What troubles you?” And she answered, “Alas, I am a widow, my husband is dead. ",Ninguno
II_Samuel,14,6,ולשפחתך שני בנים וינצו שניהם בשדה ואין מציל ביניהם ויכו האחד אתהאחד וימת אתו,"Your maidservant had two sons. The two of them came to blows out in the fields where there was no one to stop them, and one of them struck the other and killed him. ",Ninguno
II_Samuel,14,7,"והנה קמה כלהמשפחה עלשפחתך ויאמרו תני&thinsp;<b></b> אתמכה אחיו ונמתהו בנפש אחיו אשר הרג ונשמידה גם אתהיורש וכבו אתגחלתי אשר נשארה לבלתי <span class=""mam-kq""><span class=""mam-kq-k"">(שום)</span> <span class=""mam-kq-q"">[שים]</span></span>לאישי שם ושארית עלפני האדמה&nbsp;<span class=""mam-spi-pe"">{פ}</span><br>","Then the whole clan confronted your maidservant and said, ‘Hand over the one who killed his brother, that we may put him to death for the slaying of his brother, even though we wipe out the heir.’deven though we wipe out the heir Emendation yields “Thus they would destroy the [last] heir and…” Thus they would quench the last ember remaining to me, and leave my husband without name or remnant upon the earth.” ",Ninguno
II_Samuel,14,8,ויאמר המלך אלהאשה לכי לביתך ואני אצוה עליך,"The king said to the woman, “Go home. I will issue an order in your behalf.” ",Ninguno
II_Samuel,14,9,"ותאמר האשה התקועית אלהמלך עלי אדני המלך העון ועלבית אבי והמלך וכסאו נקי&nbsp;<span class=""mam-spi-samekh"">{ס}</span>&nbsp;&nbsp;&nbsp;&nbsp;&nbsp;&nbsp;&nbsp;&nbsp;","And the Tekoite woman said to the king, “My lord king, may the guilt be on me and on my ancestral house; Your Majesty and his throne are guiltless.” ",Ninguno
II_Samuel,14,10,ויאמר המלך המדבר אליך והבאתו אלי ולאיסיף עוד לגעת בך,"The king said, “If anyone says anything more to you, have him brought to me, and he will never trouble you again.” ",Ninguno
II_Samuel,14,11,"ותאמר יזכרנא המלך אתיהוה אלהיך <span class=""mam-kq""><span class=""mam-kq-k"">(מהרבית)</span> <span class=""mam-kq-q"">[מהרבת]</span></span> גאל הדם לשחת ולא ישמידו אתבני ויאמר חייהוה אםיפל משערת בנך ארצה","She replied, “Let Your Majesty be mindful of the ETERNAL your God and restrain the blood avenger bent on destruction, so that my son may not be killed.” And he said, “As GOD lives, not a hair of your son shall fall to the ground.”",Ninguno
II_Samuel,14,12,"ותאמר האשה תדברנא שפחתך אלאדני המלך דבר ויאמר דברי&nbsp;<span class=""mam-spi-samekh"">{ס}</span>&nbsp;&nbsp;&nbsp;&nbsp;&nbsp;&nbsp;&nbsp;&nbsp;","Then the woman said, “Please let your maidservant say another word to my lord the king.” “Speak on,” said the king. ",Ninguno
II_Samuel,14,13,ותאמר האשה ולמה חשבתה כזאת עלעם אלהים ומדבר המלך הדבר הזה כאשם לבלתי השיב המלך אתנדחו,"And the woman said, “Why then have you planned the like against God’s people? In making this pronouncement, Your Majesty condemns himself in that Your Majesty does not bring back his own banished one. ",Ninguno
II_Samuel,14,14,כימות נמות וכמים הנגרים ארצה אשר לא יאספו ולאישא אלהים נפש וחשב מחשבות לבלתי ידח ממנו נדח,We must all die; we are like water that is poured out on the ground and cannot be gathered up. God will not take away the life of one who makes plans so that no one may be kept banished.eGod will not … banished Meaning of Heb. uncertain. The apparent sense is: God will not punish you for bringing back the banished Absalom. ,Ninguno
II_Samuel,14,15,ועתה אשרבאתי לדבר אלהמלך אדני אתהדבר הזה כי יראני העם ותאמר שפחתך אדברהנא אלהמלך אולי יעשה המלך אתדבר אמתו,"And the reason I have come to say these things to the king, my lord, is that the people have frightened me. Your maidservant thought I would speak to Your Majesty; perhaps Your Majesty would act on his handmaid’s plea. ",Ninguno
II_Samuel,14,16,כי ישמע המלך להציל אתאמתו מכף האיש להשמיד אתי ואתבני יחד מנחלת אלהים,"For Your Majesty would surely agree to deliver his handmaid from the hands of anyone [who would seek to]fthe hands of anyone [who would seek to] Or “the man’s clutches—which would,” namely the blood avenger of v. 11. cut off both me and my son from the heritagegheritage I.e., people. of God. ",Ninguno
II_Samuel,14,17,"ותאמר שפחתך יהיהנא דבראדני המלך למנחה כי&thinsp;<b></b> כמלאך האלהים כן אדני המלך לשמע הטוב והרע ויהוה אלהיך יהי עמך&nbsp;<span class=""mam-spi-pe"">{פ}</span><br>","Your maidservant thought, ‘Let the word of my lord the king provide comfort; for my lord the king is like an angel of God, understanding everything, good and bad.’ May the ETERNAL your God be with you.”",Ninguno
II_Samuel,14,18,ויען המלך ויאמר אלהאשה אלנא תכחדי ממני דבר אשר אנכי שאל אתך ותאמר האשה ידברנא אדני המלך,"In reply, the king said to the woman, “Do not withhold from me anything I ask you!” The woman answered, “Let my lord the king speak.” ",Ninguno
II_Samuel,14,19,ויאמר המלך היד יואב אתך בכלזאת ותען האשה ותאמר חינפשך אדני המלך אםאש&thinsp;<b></b> להמין ולהשמיל מכל אשרדבר אדני המלך כיעבדך יואב הוא צוני והוא שם בפי שפחתך את כלהדברים האלה,"The king asked, “Is Joab in league with you in all this?” The woman replied, “As you live, my lord the king, it is just as my lord the king says.hit is just as my lord the king says Lit. “there is no turning to the right or to the left of what my lord the king says.” Yes, your servant Joab was the one who instructed me, and it was he who told your maidservant everything she was to say.itold your maidservant everything she was to say See note at v. 3. ",Ninguno
II_Samuel,14,20,"לבעבור סבב אתפני הדבר עשה עבדך יואב אתהדבר הזה ואדני חכם כחכמת מלאך האלהים לדעת אתכלאשר בארץ&nbsp;<span class=""mam-spi-samekh"">{ס}</span>&nbsp;&nbsp;&nbsp;&nbsp;&nbsp;&nbsp;&nbsp;&nbsp;","It was to conceal the real purpose of the matter that your servant Joab did this thing. My lord is as wise as an angel of God, and he knows all that goes on in the land.”",Ninguno
II_Samuel,14,21,ויאמר המלך אליואב הנהנא עשיתי אתהדבר הזה ולך השב אתהנער אתאבשלום,"Then the king said to Joab, “I will do this thing. Go and bring back my boy Absalom.” ",Ninguno
II_Samuel,14,22,"ויפל יואב אלפניו ארצה וישתחו ויברך אתהמלך ויאמר יואב היום ידע עבדך כימצאתי חן בעיניך אדני המלך אשרעשה המלך אתדבר <span class=""mam-kq""><span class=""mam-kq-k"">(עבדו)</span> <span class=""mam-kq-q"">[עבדך]</span></span>","Joab flung himself face down on the ground and prostrated himself. Joab blessed the king and said, “Today your servant knows that he has found favor with you, my lord king, for Your Majesty has granted his servant’s request.” ",Percepción (Yada)
II_Samuel,14,23,"ויקם יואב וילך גשורה ויבא אתאבשלום ירושל͏ם&nbsp;<span class=""mam-spi-samekh"">{ס}</span>&nbsp;&nbsp;&nbsp;&nbsp;&nbsp;&nbsp;&nbsp;&nbsp;",And Joab went at once to Geshur and brought Absalom to Jerusalem.,Ninguno
II_Samuel,14,24,"ויאמר המלך יסב אלביתו ופני לא יראה ויסב אבשלום אלביתו ופני המלך לא ראה&nbsp;<span class=""mam-spi-samekh"">{ס}</span>&nbsp;&nbsp;&nbsp;&nbsp;&nbsp;&nbsp;&nbsp;&nbsp;","But the king said, “Let him go directly to his house and not present himself to me.” So Absalom went directly to his house and did not present himself to the king.",Ninguno
II_Samuel,14,25,וכאבשלום לאהיה אישיפה בכלישראל להלל מאד מכף רגלו ועד קדקדו לאהיה בו מום,No other man in Israel was as admired for his beauty as Absalom; from the sole of his foot to the crown of his head he was without blemish.,Ninguno
II_Samuel,14,26,ובגלחו אתראשו והיה מקץ ימים&thinsp;<small></small>&thinsp;לימים אשר יגלח כיכבד עליו וגלחו ושקל אתשער ראשו מאתים שקלים באבן המלך,"When he cut his hair—he had to have it cut every year, for it grew too heavy for him—the hair of his head weighed two hundred shekels by the royal weight. ",Ninguno
II_Samuel,14,27,"ויולדו לאבשלום שלושה בנים ובת אחת ושמה תמר היא היתה אשה יפת מראה&nbsp;<span class=""mam-spi-pe"">{פ}</span><br>",Absalom had three sons and a daughter whose name was Tamar; she was a beautiful woman.,Ninguno
II_Samuel,14,28,וישב אבשלום בירושל͏ם שנתים ימים ופני המלך לא ראה,Absalom lived in Jerusalem two years without appearing before the king.,Ninguno
II_Samuel,14,29,וישלח אבשלום אליואב לשלח אתו אלהמלך ולא אבה לבוא אליו וישלח עוד שנית ולא אבה לבוא,"Then Absalom sent for Joab, in order to send him to the king; but Joab would not come to him. He sent for him a second time, but he would not come. ",Ninguno
II_Samuel,14,30,"ויאמר אלעבדיו ראו חלקת יואב אלידי ולושם שערים לכו <span class=""mam-kq""><span class=""mam-kq-k"">(והוצתיה)</span> <span class=""mam-kq-q"">[והציתוה]</span></span> באש ויצתו עבדי אבשלום אתהחלקה באש&nbsp;<span class=""mam-spi-pe"">{פ}</span><br>","So [Absalom] said to his servants, “Look, Joab’s field is next to mine, and he has barley there. Go and set it on fire.” And Absalom’s servants set the field on fire. ",Ninguno
II_Samuel,14,31,ויקם יואב ויבא אלאבשלום הביתה ויאמר אליו למה הציתו עבדיך אתהחלקה אשרלי באש,"Joab came at once to Absalom’s house and said to him, “Why did your servants set fire to my field?” ",Ninguno
II_Samuel,14,32,ויאמר אבשלום אליואב הנה שלחתי אליך&thinsp;<small></small>&thinsp;לאמר בא הנה ואשלחה אתך אלהמלך לאמר למה באתי מגשור טוב לי עד אנישם ועתה אראה פני המלך ואםישבי עון והמתני,"Absalom replied to Joab, “I sent for you to come here; I wanted to send you to the king to say [on my behalf]: ‘Why did I leave Geshur? I would be better off if I were still there. Now let me appear before the king; and if I am guilty of anything, let him put me to death!’” ",Ninguno
II_Samuel,14,33,"ויבא יואב אלהמלך ויגדלו ויקרא אלאבשלום ויבא אלהמלך וישתחו לו עלאפיו ארצה לפני המלך וישק המלך לאבשלום&nbsp;<span class=""mam-spi-samekh"">{ס}</span>&nbsp;&nbsp;&nbsp;&nbsp;&nbsp;&nbsp;&nbsp;&nbsp;",Joab went to the king and reported to him; whereupon he summoned Absalom. He came to the king and flung himself face down to the ground before the king. And the king kissed Absalom.,Ninguno
II_Samuel,15,1,ויהי מאחרי כן ויעש לו אבשלום מרכבה וססים וחמשים איש רצים לפניו,"Sometime afterward, Absalom provided himself with a chariot, horses, and fifty outrunners. ",Ninguno
II_Samuel,15,2,והשכים אבשלום ועמד עליד דרך השער ויהי כלהאיש אשריהיהלוריב לבוא אלהמלך למשפט ויקרא אבשלום אליו ויאמר אימזה עיר אתה ויאמר מאחד שבטיישראל עבדך,"Absalom used to rise early and stand by the road to the city gates; and whenever someone had a case that was to come before the king for judgment, Absalom would call out, “What town are you from?” And when the answer came, “Your servant is from such and such a tribeasuch and such a tribe Lit. “one of the tribes.” in Israel,” ",Ninguno
II_Samuel,15,3,ויאמר אליו אבשלום ראה דבריך טובים ונכחים ושמע איןלך מאת המלך,"Absalom would say, “It is clear that your claim is right and just, but there is no one assigned to you by the king to hear it.” ",Ninguno
II_Samuel,15,4,ויאמר אבשלום מיישמני שפט בארץ ועלי יבוא כלאיש אשריהיהלוריב ומשפט והצדקתיו,"And Absalom went on, “If only I were appointed judge in the land and everyone with a legal dispute came before me, I would see that they got their rights.” ",Ninguno
II_Samuel,15,5,והיה בקרבאיש להשתחות לו ושלח אתידו והחזיק לו ונשק לו,"And if a man approached to bow to him, [Absalom] would extend his hand and take hold of him and kiss him. ",Ninguno
II_Samuel,15,6,"ויעש אבשלום כדבר הזה לכלישראל אשריבאו למשפט אלהמלך ויגנב אבשלום אתלב אנשי ישראל&nbsp;<span class=""mam-spi-pe"">{פ}</span><br>",Absalom did this to every Israelite who came to the king for judgment. Thus Absalom won away the hearts of Israel’s citizens.,Ninguno
II_Samuel,15,7,ויהי מקץ ארבעים שנה ויאמר אבשלום אלהמלך אלכה נא ואשלם אתנדרי אשרנדרתי ליהוה בחברון,"After a period of fortybforty Some Septuagint mss. and Syriac read “four.” years had gone by, Absalom said to the king, “Let me go to Hebron and fulfill a vow that I made to GOD. ",Ninguno
II_Samuel,15,8,"כינדר נדר עבדך בשבתי בגשור בארם לאמר אם<span class=""mam-kq""><span class=""mam-kq-q"">[ישוב]</span> <span class=""mam-kq-k"">(ישיב)</span></span> ישיבני יהוה ירושל͏ם ועבדתי אתיהוה","For your servant made a vow when I lived in Geshur of Aram: If GOD ever brings me back to Jerusalem, I will worship GOD.”cSome Septuagint mss. add “in Hebron.” ",Ninguno
II_Samuel,15,9,"ויאמרלו המלך לך בשלום ויקם וילך חברונה&nbsp;<span class=""mam-spi-pe"">{פ}</span><br>","The king said to him, “Go in peace”; and so he set out for Hebron.",Ninguno
II_Samuel,15,10,וישלח אבשלום מרגלים בכלשבטי ישראל לאמר כשמעכם אתקול השפר ואמרתם מלך אבשלום בחברון,"But Absalom sent agents to all the tribes of Israel to say, “When you hear the blast of the horn, announce that Absalom has become king in Hebron.” ",Ninguno
II_Samuel,15,11,ואתאבשלום הלכו מאתים איש מירושל͏ם קראים והלכים לתמם ולא ידעו כלדבר,"Two hundred Jerusalemites accompanied Absalom; they were invited and went in good faith, suspecting nothing. ",Percepción (Yada)
II_Samuel,15,12,וישלח אבשלום אתאחיתפל הגילני יועץ דוד מעירו מגלה בזבחו אתהזבחים ויהי הקשר אמץ והעם הולך ורב אתאבשלום,"Absalom also sent [to fetch]dsent [to fetch] Some Septuagint mss. and 4QSamᵃ read “sent and summoned.” Ahithophel the Gilonite, David’s counselor, from his town, Giloh, when the sacrifices were to be offered. The conspiracy gained strength, and the people supported Absalom in increasing numbers.",Ninguno
II_Samuel,15,13,ויבא המגיד אלדוד לאמר היה לבאיש ישראל אחרי אבשלום,"Someone came and told David, “The loyalty of Israel’s force has veered toward Absalom.” ",Ninguno
II_Samuel,15,14,ויאמר דוד לכלעבדיו אשראתו בירושל͏ם קומו ונברחה כי לאתהיהלנו פליטה מפני אבשלם מהרו ללכת פןימהר והשגנו והדיח עלינו אתהרעה והכה העיר לפיחרב,"Whereupon David said to all the courtiers who were with him in Jerusalem, “Let us flee at once, or none of us will escape from Absalom. We must get away quickly, or he will soon overtake us and bring down disaster upon us and put the city to the sword.” ",Ninguno
II_Samuel,15,15,ויאמרו עבדיהמלך אלהמלך ככל אשריבחר אדני המלך הנה עבדיך,"The king’s courtiers said to the king, “Whatever our lord the king decides, your servants are ready.” ",Ninguno
II_Samuel,15,16,ויצא המלך וכלביתו ברגליו ויעזב המלך את עשר נשים פלגשים לשמר הבית,"So the king left, followed by his entire household, except for ten concubines whom the king left to mind the palace.",Ninguno
II_Samuel,15,17,ויצא המלך וכלהעם ברגליו ויעמדו בית המרחק,"The king left, followed by all the people,eall the people Septuagint reads “his courtiers.” and they stopped at the last house.fthe last house Meaning of Heb. uncertain. ",Ninguno
II_Samuel,15,18,"וכלעבדיו עברים עלידו וכלהכרתי וכלהפלתי וכלהגתים ששמאות איש אשרבאו ברגלו מגת עברים עלפני המלך&nbsp;<span class=""mam-spi-samekh"">{ס}</span>&nbsp;&nbsp;&nbsp;&nbsp;&nbsp;&nbsp;&nbsp;&nbsp;","All his followersghis followers Septuagint reads “the people.” marched past him, including all the Cherethites and all the Pelethites; andhand Emendation yields “and Ittai and.” all six hundred Gittites, who had accompanied him from Gath, also marched by the king. ",Ninguno
II_Samuel,15,19,ויאמר המלך אלאתי הגתי למה תלך גםאתה אתנו שוב ושב עםהמלך כינכרי אתה וגםגלה אתה למקומך,"And the king said to Ittai the Gittite, “Why should you too go with us? Go back and stay with the [new] king, for you are a foreigner and you are also an exile fromifrom So one Heb. ms. and several ancient versions; most mss. and editions read “to.” your country. ",Ninguno
II_Samuel,15,20,"תמול&thinsp;<b></b> בואך והיום <span class=""mam-kq""><span class=""mam-kq-k"">(אנועך)</span> <span class=""mam-kq-q"">[אניעך]</span></span> עמנו ללכת ואני הולך על אשראני הולך שוב והשב אתאחיך עמך חסד ואמת","You came only yesterday; should I make you wander about with us today, when I myself must go wherever I can? Go back, and take your kin with you, [in]j[in] Meaning of Heb. uncertain. Septuagint reads “and may GOD show you” (cf., e.g., 2.6). true faithfulness.” ",Ninguno
II_Samuel,15,21,"ויען אתי אתהמלך ויאמר חייהוה וחי אדני המלך כי <span class=""mam-kq-k"">(אם)</span> במקום אשר יהיהשם&thinsp;<b></b> אדני המלך אםלמות אםלחיים כישם יהיה עבדך","Ittai replied to the king, “As GOD lives and as my lord the king lives, wherever my lord the king may be, there your servant will be, whether for death or for life!” ",Ninguno
II_Samuel,15,22,ויאמר דוד אלאתי לך ועבר ויעבר אתי הגתי וכלאנשיו וכלהטף אשר אתו,"And David said to Ittai, “Then march by.” And Ittai the Gittite and all his men and all the dependents who were with him marched by.",Ninguno
II_Samuel,15,23,וכלהארץ בוכים קול גדול וכלהעם עברים והמלך עבר בנחל קדרון וכלהעם עברים עלפנידרך אתהמדבר,"The whole countryside wept aloud as the troops marched by. The king crossed the Kidron Valley, and all the troops crossed by the road tokcrossed the Kidron … by the road to Meaning of Heb. uncertain. Emendation yields “stopped in the Kidron Valley, while all the people marched on before him by way of the Mount of Olives to…” the wilderness. ",Ninguno
II_Samuel,15,24,"והנה גםצדוק וכלהלוים אתו נשאים אתארון ברית האלהים ויצקו אתארון האלהים ויעל אביתר עדתם כלהעם לעבור מןהעיר&nbsp;<span class=""mam-spi-samekh"">{ס}</span>&nbsp;&nbsp;&nbsp;&nbsp;&nbsp;&nbsp;&nbsp;&nbsp;","Then Zadok appeared, with all the Levites carrying the Ark of the Covenant of God; and they set down the Ark of God until all the people had finished marching out of the city. Abiathar also came up.lAbiathar also came up Meaning of Heb. uncertain. ",Ninguno
II_Samuel,15,25,ויאמר המלך לצדוק השב אתארון האלהים העיר אםאמצא חן בעיני יהוה והשבני והראני אתו ואתנוהו,"But the king said to Zadok, “Take the Ark of God back to the city. If I find favor with GOD, I will be brought back to see it and its abode. ",Ninguno
II_Samuel,15,26,"ואם כה יאמר לא חפצתי בך הנני יעשהלי כאשר טוב בעיניו&nbsp;<span class=""mam-spi-samekh"">{ס}</span>&nbsp;&nbsp;&nbsp;&nbsp;&nbsp;&nbsp;&nbsp;&nbsp;","And if [God] should say, ‘I do not want you,’ I am ready; I accept what [God] deems right.” ",Ninguno
II_Samuel,15,27,ויאמר המלך אלצדוק הכהן הרואה אתה שבה העיר בשלום ואחימעץ בנך ויהונתן בןאביתר שני בניכם אתכם,"And the king said to the priest Zadok, “Do you understand? You returnmDo you … return Meaning of Heb. uncertain. Emendation yields “Look, you and Abiathar return.” to the safety of the city with your two sons, your own son Ahimaaz and Abiathar’s son Jonathan. ",Ninguno
II_Samuel,15,28,"ראו אנכי מתמהמה <span class=""mam-kq""><span class=""mam-kq-k"">(בעברות)</span> <span class=""mam-kq-q"">[בערבות]</span></span> המדבר עד בוא דבר מעמכם להגיד לי","Look, I shall linger in the steppes of the wilderness until word comes from you to inform me.” ",Ninguno
II_Samuel,15,29,וישב צדוק ואביתר אתארון האלהים ירושל͏ם וישבו שם,"Zadok and Abiathar brought the Ark of God back to Jerusalem, and they stayed there.",Ninguno
II_Samuel,15,30,ודוד עלה במעלה הזיתים עלה&thinsp;<b></b> ובוכה וראש לו חפוי והוא הלך יחף וכלהעם אשראתו חפו איש ראשו ועלו עלה ובכה,"David meanwhile went up the slope of the [Mount of] Olives, weeping as he went; his head was covered and he walked barefoot. And all the people who were with him covered their heads and wept as they went up. ",Ninguno
II_Samuel,15,31,ודוד הגיד לאמר אחיתפל בקשרים עםאבשלום ויאמר דוד סכלנא אתעצת אחיתפל יהוה,"David [was] told that Ahithophel was among the conspirators with Absalom, and he prayed, “Please, O GOD, frustrate Ahithophel’s counsel!”",Ninguno
II_Samuel,15,32,ויהי דוד בא עדהראש אשרישתחוה שם לאלהים והנה לקראתו חושי הארכי קרוע כתנתו ואדמה עלראשו,"When David reached the top, where people would prostrate themselves to God, Hushai the Archite was there to meet him, with his robe torn and with earth on his head. ",Ninguno
II_Samuel,15,33,ויאמר לו דוד אם עברת אתי והית עלי למשא,"David said to him, “If you march on with me, you will be a burden to me. ",Ninguno
II_Samuel,15,34,ואםהעיר תשוב ואמרת לאבשלום עבדך אני המלך אהיה עבד אביך ואני מאז ועתה ואני עבדך והפרתה לי את עצת אחיתפל,"But if you go back to the city and say to Absalom, ‘I will be your servant, O king; I was your father’s servant formerly, and now I will be yours,’ then you can nullify Ahithophel’s counsel for me. ",Ninguno
II_Samuel,15,35,והלוא עמך שם צדוק ואביתר הכהנים והיה כלהדבר אשר תשמע מבית המלך תגיד לצדוק ולאביתר הכהנים,"You will have the priests Zadok and Abiathar there, and you can report everything that you hear in the king’s palace to the priests Zadok and Abiathar. ",Ninguno
II_Samuel,15,36,הנהשם עמם שני בניהם אחימעץ לצדוק ויהונתן לאביתר ושלחתם בידם אלי כלדבר אשר תשמעו,"Also, their two sons are there with them, Zadok’s son Ahimaaz and Abiathar’s son Jonathan; and through them you can report to me everything you hear.” ",Ninguno
II_Samuel,15,37,"ויבא חושי רעה דוד העיר ואבשלום יבוא ירושל͏ם&nbsp;<span class=""mam-spi-samekh"">{ס}</span>&nbsp;&nbsp;&nbsp;&nbsp;&nbsp;&nbsp;&nbsp;&nbsp;","And so Hushai, the friend of David, reached the city as Absalom was entering Jerusalem.",Ninguno
II_Samuel,16,1,ודוד עבר מעט מהראש והנה ציבא נער מפיבשת לקראתו וצמד חמרים חבשים ועליהם מאתים לחם ומאה צמוקים ומאה קיץ ונבל יין,"David had passed a little beyond the summit when Ziba the servant of Mephibosheth came toward him with a pair of saddled donkeys carrying two hundred loaves of bread, one hundred cakes of raisin, one hundred cakes of figs,afigs Lit. “summer fruit.” and a jar of wine. ",Ninguno
II_Samuel,16,2,"ויאמר המלך אלציבא מהאלה לך ויאמר ציבא החמורים לביתהמלך לרכב <span class=""mam-kq""><span class=""mam-kq-k"">(ולהלחם)</span> <span class=""mam-kq-q"">[והלחם]</span></span> והקיץ לאכול הנערים והיין לשתות היעף במדבר","The king asked Ziba, “What are you doing with these?” Ziba answered, “The donkeys are for Your Majesty’s family to ride on, the bread and figs are for the attendants to eat, and the wine is to be drunk by any who are exhausted in the wilderness.” ",Ninguno
II_Samuel,16,3,ויאמר המלך ואיה בןאדניך ויאמר ציבא אלהמלך הנה יושב בירושל͏ם כי אמר היום ישיבו לי בית ישראל את ממלכות אבי,"“And where is your master’s son?” the king asked. “He is staying in Jerusalem,” Ziba replied to the king, “for he thinks that the House of Israel will now give him back the throne of his grandfather.” ",Ninguno
II_Samuel,16,4,ויאמר המלך לצבא הנה לך כל אשר למפיבשת ויאמר ציבא השתחויתי אמצאחן בעיניך אדני המלך,"The king said to Ziba, “Then all that belongs to Mephibosheth is now yours!” And Ziba replied, “I bow low. Your Majesty is most gracious to me.”",Ninguno
II_Samuel,16,5,ובא המלך דוד עדבחורים והנה משם איש יוצא ממשפחת ביתשאול ושמו שמעי בןגרא יצא יצוא ומקלל,"As King David was approaching Bahurim, a member of Saul’s clan—a man named Shimei son of Gera—came out from there, hurling insults as he came. ",Ninguno
II_Samuel,16,6,ויסקל באבנים אתדוד ואתכלעבדי המלך דוד וכלהעם וכלהגברים מימינו ומשמאלו,"He threw stones at David and all King David’s courtiers, while all the troops and all the warriors were at his right and his left. ",Caos/Izquierda (Smol)
II_Samuel,16,7,וכהאמר שמעי בקללו צא צא איש הדמים ואיש הבליעל,"And these are the insults that Shimei hurled: “Get out, get out, you criminal, you villain! ",Ninguno
II_Samuel,16,8,השיב עליך יהוה כל&thinsp;<b></b> דמי ביתשאול אשר מלכת תחתו ויתן יהוה אתהמלוכה ביד אבשלום בנך והנך ברעתך כי איש דמים אתה,"GOD is paying you back for all your crimes against the family of Saul, whose throne you seized. GOD is handing over the throne to your son Absalom; you are in trouble because you are a criminal!”",Ninguno
II_Samuel,16,9,"ויאמר אבישי בןצרויה אלהמלך למה יקלל הכלב המת הזה אתאדני המלך אעברהנא ואסירה אתראשו&nbsp;<span class=""mam-spi-samekh"">{ס}</span>&nbsp;&nbsp;&nbsp;&nbsp;&nbsp;&nbsp;&nbsp;&nbsp;","Abishai son of Zeruiah said to the king, “Why let that dead dog abuse my lord the king? Let me go over and cut off his head!” ",Ninguno
II_Samuel,16,10,"ויאמר המלך מהלי ולכם בני צריה <span class=""mam-kq""><span class=""mam-kq-k"">(כי)</span> <span class=""mam-kq-q"">[כה]</span></span> יקלל <span class=""mam-kq""><span class=""mam-kq-k"">(וכי)</span> <span class=""mam-kq-q"">[כי]</span></span> יהוה אמר לו קלל אתדוד ומי יאמר מדוע עשיתה כן&nbsp;<span class=""mam-spi-samekh"">{ס}</span>&nbsp;&nbsp;&nbsp;&nbsp;&nbsp;&nbsp;&nbsp;&nbsp;","But the king said, “What has this to do with you,bWhat has this to do with you Lit. “What have I and you.” you sons of Zeruiah? He is abusing [me] only because GOD told him to abuse David; and who is to say, ‘Why did You do that?’” ",Ninguno
II_Samuel,16,11,ויאמר דוד אלאבישי ואלכלעבדיו הנה בני אשריצא ממעי מבקש אתנפשי ואף כיעתה בןהימיני הנחו לו ויקלל כי אמרלו יהוה,"David said further to Abishai and all the courtiers, “If my son, my own issue, seeks to kill me, how much more the Benjaminite! Let him go on hurling abuse, for GOD has told him to. ",Ninguno
II_Samuel,16,12,"אולי יראה יהוה <span class=""mam-kq""><span class=""mam-kq-k"">(בעוני)</span> <span class=""mam-kq-q"">[בעיני]</span></span> והשיב יהוה לי טובה תחת קללתו היום הזה",Perhaps GOD will look upon my punishmentcpunishment So kethib; qere “eye.” Ancient versions read “suffering.” and recompense me for the abuse [Shimei] has uttered today.” ,Ninguno
II_Samuel,16,13,"וילך דוד ואנשיו בדרך&nbsp;<span class=""mam-spi-samekh"">{ס}</span>&nbsp;&nbsp;&nbsp;&nbsp;&nbsp;&nbsp;&nbsp;&nbsp;ושמעי הלך בצלע ההר לעמתו הלוך ויקלל ויסקל באבנים לעמתו ועפר בעפר&nbsp;<span class=""mam-spi-pe"">{פ}</span><br>","David and his men continued on their way, while Shimei walked alongside on the slope of the hill, insulting him as he walked, and throwing stones at him and flinging dirt. ",Ninguno
II_Samuel,16,14,ויבא המלך וכלהעם אשראתו עיפים וינפש שם,"The king and all who accompanied him arriveddarrived Some Septuagint mss. add “at the Jordan.” exhausted, and he rested there.",Ninguno
II_Samuel,16,15,ואבשלום וכלהעם איש ישראל באו ירושל͏ם ואחיתפל אתו,"Meanwhile Absalom and all the troops, Israel’s force, arrived in Jerusalem, together with Ahithophel. ",Ninguno
II_Samuel,16,16,ויהי כאשרבא חושי הארכי רעה דוד אלאבשלום ויאמר חושי אלאבשלום יחי המלך יחי המלך,"When Hushai the Archite, David’s friend, came before Absalom, Hushai said to Absalom, “Long live the king! Long live the king!” ",Ninguno
II_Samuel,16,17,ויאמר אבשלום אלחושי זה חסדך אתרעך למה לאהלכת אתרעך,"But Absalom said to Hushai, “Is this your loyalty to your friend? Why didn’t you go with your friend?” ",Ninguno
II_Samuel,16,18,"ויאמר חושי אלאבשלם לא כי אשר בחר יהוה והעם הזה וכלאיש ישראל <span class=""mam-kq""><span class=""mam-kq-k"">(לא)</span> <span class=""mam-kq-q"">[לו]</span></span> אהיה ואתו אשב","“Not at all!” Hushai replied. “I am for the one whom GOD and these troops and all the rest of Israel’s force has chosen, and I will stay with him. ",Ninguno
II_Samuel,16,19,"והשנית למי אני אעבד הלוא לפני בנו כאשר עבדתי לפני אביך כן אהיה לפניך&nbsp;<span class=""mam-spi-pe"">{פ}</span><br>","Furthermore, whom should I serve, if not David’seDavid’s Heb. “his.” son? As I was in your father’s service, so I will be in yours.”",Ninguno
II_Samuel,16,20,ויאמר אבשלום אלאחיתפל הבו לכם עצה מהנעשה,"Absalom then said to Ahithophel, “What do you advise us to do?” ",Ninguno
II_Samuel,16,21,ויאמר אחיתפל אלאבשלם בוא אלפלגשי אביך אשר הניח לשמור הבית ושמע כלישראל כינבאשת אתאביך וחזקו ידי כלאשר אתך,"And Ahithophel said to Absalom, “Have intercourse with your father’s concubines, whom he left to mind the palace; and when all Israel hears that you have dared the wrath of your father, all who support you will be encouraged.” ",Ninguno
II_Samuel,16,22,ויטו לאבשלום האהל עלהגג ויבא אבשלום אלפלגשי אביו לעיני כלישראל,"So they pitched a tent for Absalom on the roof, and Absalom lay with his father’s concubines with the full knowledgefwith the full knowledge Lit. “before the eyes.” of all Israel.— ",Ninguno
II_Samuel,16,23,"ועצת אחיתפל אשר יעץ בימים ההם כאשר ישאל<span class=""mam-kq-q"">[איש]</span> בדבר האלהים כן כלעצת אחיתפל גםלדוד גם לאבשלם&nbsp;<span class=""mam-spi-samekh"">{ס}</span>&nbsp;&nbsp;&nbsp;&nbsp;&nbsp;&nbsp;&nbsp;&nbsp;","In those days, the advice that Ahithophel gave was accepted like an oracle sought from God; that is how all the advice of Ahithophel was esteemed both by David and by Absalom.",Ninguno
II_Samuel,17,1,ויאמר אחיתפל אלאבשלום אבחרה נא שניםעשר אלף איש ואקומה וארדפה אחרידוד הלילה,"And Ahithophel said to Absalom, “Let me pick twelve thousand men and set out tonight in pursuit of David. ",Ninguno
II_Samuel,17,2,ואבוא עליו והוא יגע ורפה ידים והחרדתי אתו ונס כלהעם אשראתו והכיתי אתהמלך לבדו,"I will come upon him when he is weary and disheartened, and I will throw him into a panic; and when all the troops with him flee, I will kill the king alone. ",Ninguno
II_Samuel,17,3,ואשיבה כלהעם אליך כשוב הכל האיש אשר אתה מבקש כלהעם יהיה שלום,"And I will bring back all the people to you; when all have come back [except] the man you are after,ato you; when all have come back [except] the man you are after Or “to you, as when everyone returned [to] the man you are after,” i.e., to David upon the deaths of the previous kings, namely Saul and his son Ish-baal (“Ish-bosheth”); so Abravanel. Meaning of Heb. uncertain. Septuagint reads “to you as a bride comes back to her husband; you seek the life of but one man, and…” all the people will be at peace.” ",Ninguno
II_Samuel,17,4,"ויישר הדבר בעיני אבשלם ובעיני כלזקני ישראל&nbsp;<span class=""mam-spi-samekh"">{ס}</span>&nbsp;&nbsp;&nbsp;&nbsp;&nbsp;&nbsp;&nbsp;&nbsp;",The advice pleased Absalom and all the elders of Israel.,Ninguno
II_Samuel,17,5,ויאמר אבשלום קרא נא גם לחושי הארכי ונשמעה מהבפיו גםהוא,"But Absalom said, “Summon Hushai the Archite as well, so we can hear what he too has to say.” ",Ninguno
II_Samuel,17,6,"ויבא חושי אלאבשלום ויאמר אבשלום אליו לאמר כדבר הזה דבר אחיתפל הנעשה אתדברו אםאין אתה דבר&nbsp;<span class=""mam-spi-samekh"">{ס}</span>&nbsp;&nbsp;&nbsp;&nbsp;&nbsp;&nbsp;&nbsp;&nbsp;","Hushai came to Absalom, and Absalom said to him, “This is what Ahithophel has advised. Shall we follow his advice? If not, what do you say?”",Ninguno
II_Samuel,17,7,ויאמר חושי אלאבשלום לאטובה העצה אשריעץ אחיתפל בפעם הזאת,"Hushai said to Absalom, “This time the advice that Ahithophel has given is not good. ",Ninguno
II_Samuel,17,8,ויאמר חושי אתה ידעת אתאביך ואתאנשיו כי גברים המה ומרי נפש המה כדב שכול בשדה ואביך איש מלחמה ולא ילין אתהעם,"You know,” Hushai continued, “that your father and his men are courageous fighters, and they are as desperate as a bear in the wild robbed of her whelps. Your father is an experienced soldier, and he will not spend the night with the troops; ",Percepción (Yada)
II_Samuel,17,9,הנה עתה הואנחבא באחת הפחתים או באחד המקומת והיה כנפל בהם בתחלה ושמע השמע ואמר היתה מגפה בעם אשר אחרי אבשלם,"even now he must be hiding in one of the pits or in some other place. And if any of thembthem Some Septuagint mss. read “the troops” (i.e., Absalom’s). fall at the first attack, whoever hears of it will say, ‘A disaster has struck the troops that follow Absalom’; ",Ninguno
II_Samuel,17,10,והוא גםבןחיל אשר לבו כלב האריה המס ימס כיידע כלישראל כיגבור אביך ובניחיל אשר אתו,"and even if he is a warrior with the heart of a lion, he will be shaken—for all Israel knows that your father and the soldiers with him are courageous fighters. ",Percepción (Yada)
II_Samuel,17,11,כי יעצתי האסף יאסף עליך כלישראל מדן ועדבאר שבע כחול אשרעלהים לרב ופניך הלכים בקרב,"So I advise that all Israel from Dan to Beer-sheba—as numerous as the sands of the sea—be called up to join you, and that you yourself march into battle.cinto battle Ancient versions read “among them.” ",Ninguno
II_Samuel,17,12,"ובאנו אליו <span class=""mam-kq""><span class=""mam-kq-k"">(באחת)</span> <span class=""mam-kq-q"">[באחד]</span></span> המקומת אשר נמצא שם ונחנו עליו כאשר יפל הטל עלהאדמה ולאנותר בו ובכלהאנשים אשראתו גםאחד","When we come upon him in whatever place he may be, we’ll descend on him [as thick] as dew falling on the ground; and no one will survive, neither he nor any of the men with him. ",Ninguno
II_Samuel,17,13,"ואםאלעיר יאסף והשיאו כלישראל אלהעיר ההיא חבלים וסחבנו אתו עדהנחל עד אשרלאנמצא שם גםצרור&nbsp;<span class=""mam-spi-pe"">{פ}</span><br>","And if he withdraws into a city, all Israel will bring ropes to that city and drag its stonesdits stones Heb. “it.” as far as the riverbed, until not even a pebble of it is left.” ",Ninguno
II_Samuel,17,14,"ויאמר אבשלום וכלאיש ישראל טובה עצת חושי הארכי מעצת אחיתפל&nbsp;<span class=""mam-spi-samekh"">{ס}</span>&nbsp;&nbsp;&nbsp;&nbsp;&nbsp;&nbsp;&nbsp;&nbsp;ויהוה צוה להפר אתעצת אחיתפל הטובה לבעבור הביא יהוה אלאבשלום אתהרעה&nbsp;<span class=""mam-spi-samekh"">{ס}</span>&nbsp;&nbsp;&nbsp;&nbsp;&nbsp;&nbsp;&nbsp;&nbsp;","Absalom and all of Israel’s force agreed that the advice of Hushai the Archite was better than that of Ahithophel.—GOD had decreed that Ahithophel’s sound advice be nullified, in order that GOD might bring ruin upon Absalom.",Ninguno
II_Samuel,17,15,ויאמר חושי אלצדוק ואלאביתר הכהנים כזאת וכזאת יעץ אחיתפל אתאבשלם ואת זקני ישראל וכזאת וכזאת יעצתי אני,"Then Hushai told the priests Zadok and Abiathar, “This is what Ahithophel advised Absalom and the elders of Israel; this is what I advised. ",Ninguno
II_Samuel,17,16,ועתה שלחו מהרה והגידו לדוד לאמר אלתלן הלילה בערבות המדבר וגם עבור תעבור פן יבלע למלך ולכלהעם אשר אתו,"Now send at once and tell David, ‘Do not spend the night at the fords of the wilderness, but cross over at once; otherwise the king and all the troops with him will be annihilated.’” ",Ninguno
II_Samuel,17,17,ויהונתן ואחימעץ עמדים בעיןרגל והלכה השפחה והגידה להם והם ילכו והגידו למלך דוד כי לא יוכלו להראות לבוא העירה,"Jonathan and Ahimaaz were staying at En-rogel, and a maidservant would go and bring them word and they in turn would go and inform King David. For they themselves dared not be seen entering the city. ",Ninguno
II_Samuel,17,18,וירא אתם נער ויגד לאבשלם וילכו שניהם מהרה ויבאו&thinsp;<b></b> אלביתאיש בבחורים ולו באר בחצרו וירדו שם,"But a boy saw them and informed Absalom. They left at once and came to the house of a man in Bahurim who had a well in his courtyard. They got down into it, ",Ninguno
II_Samuel,17,19,ותקח האשה ותפרש אתהמסך עלפני הבאר ותשטח עליו הרפות ולא נודע דבר,"and the wife took a cloth, spread it over the mouth of the well, and scattered groats on top of it, so that nothing would be noticed. ",Ninguno
II_Samuel,17,20,"ויבאו עבדי אבשלום אלהאשה הביתה ויאמרו איה אחימעץ ויהונתן ותאמר להם האשה עברו מיכל המים ויבקשו ולא מצאו וישבו ירושל͏ם&nbsp;<span class=""mam-spi-samekh"">{ס}</span>&nbsp;&nbsp;&nbsp;&nbsp;&nbsp;&nbsp;&nbsp;&nbsp;","When Absalom’s servants came to the woman at the house and asked where Ahimaaz and Jonathan were, the woman told them that they had crossed a bit beyond the water.ea bit beyond the water Meaning of Heb. uncertain. Targum reads “the Jordan.” They searched, but found nothing; and they returned to Jerusalem.",Ninguno
II_Samuel,17,21,ויהי&thinsp;<b></b> אחרי לכתם ויעלו מהבאר וילכו ויגדו למלך דוד ויאמרו אלדוד קומו ועברו מהרה אתהמים כיככה יעץ עליכם אחיתפל,"After they were gone, [Ahimaaz and Jonathan] came up from the well and went and informed King David. They said to David, “Go and cross the water quickly, for Ahithophel has advised thus and thus concerning you.” ",Ninguno
II_Samuel,17,22,ויקם דוד וכלהעם אשר אתו ויעברו אתהירדן עדאור הבקר עדאחד לא נעדר אשר לאעבר אתהירדן,"David and all the troops with him promptly crossed the Jordan, and by daybreak not one was left who had not crossed the Jordan.",Ninguno
II_Samuel,17,23,"ואחיתפל ראה כי לא נעשתה עצתו ויחבש אתהחמור ויקם וילך אלביתו אלעירו ויצו אלביתו ויחנק וימת ויקבר בקבר אביו&nbsp;<span class=""mam-spi-samekh"">{ס}</span>&nbsp;&nbsp;&nbsp;&nbsp;&nbsp;&nbsp;&nbsp;&nbsp;","When Ahithophel saw that his advice had not been followed, he saddled his donkey and went home to his native town. He set his affairs in order, and then he hanged himself. He was buried in his ancestral tomb.",Ninguno
II_Samuel,17,24,ודוד בא מחנימה ואבשלם עבר אתהירדן הוא וכלאיש ישראל עמו,"David had reached Mahanaim when Absalom, and Israel’s entire force with him, crossed the Jordan. ",Ninguno
II_Samuel,17,25,ואתעמשא שם אבשלם תחת יואב עלהצבא ועמשא בןאיש ושמו יתרא הישראלי אשרבא אלאביגל בתנחש אחות צרויה אם יואב,"Absalom had appointed Amasa army commander in place of Joab; Amasa was the son of a man named Ithra the Israelite, who had married Abigal, daughter of Nahash and sister of Joab’s mother Zeruiah.fIsraelite … Zeruiah Some Septuagint mss. and 1 Chron. 2.12–17 read “Ishmaelite” and give a somewhat different genealogy. ",Ninguno
II_Samuel,17,26,"ויחן ישראל ואבשלם ארץ הגלעד&nbsp;<span class=""mam-spi-samekh"">{ס}</span>&nbsp;&nbsp;&nbsp;&nbsp;&nbsp;&nbsp;&nbsp;&nbsp;",The Israelites and Absalom encamped in the district of Gilead.,Ninguno
II_Samuel,17,27,ויהי כבוא דוד מחנימה ושבי בןנחש מרבת בניעמון ומכיר בןעמיאל מלא דבר וברזלי הגלעדי מרגלים,"When David reached Mahanaim, Shobi son of Nahash from Rabbath-ammon, Machir son of Ammiel from Lo-debar, and Barzillai the Gileadite from Rogelim ",Ninguno
II_Samuel,17,28,משכב וספות וכלי יוצר וחטים ושערים וקמח וקלי ופול ועדשים וקלי,"presentedgpresented Moved up from v. 29 for clarity. couches, basins, and earthenware; also wheat, barley, flour, parched grain, beans, lentils, parched grain,hparched grain Lacking in the Septuagint and Syriac. ",Ninguno
II_Samuel,17,29,"ודבש וחמאה וצאן ושפות בקר הגישו לדוד ולעם אשראתו לאכול כי אמרו העם רעב ועיף וצמא במדבר&nbsp;<span class=""mam-spi-samekh"">{ס}</span>&nbsp;&nbsp;&nbsp;&nbsp;&nbsp;&nbsp;&nbsp;&nbsp;","honey, curds, a flock,icurds, a flock Emendation yields “curds from the flock.” and cheesejcheese Meaning of Heb. uncertain. from the herd for David and the troops with him to eat. For they knew that the troops must have grown hungry, faint, and thirsty in the wilderness.",Ninguno
II_Samuel,18,1,ויפקד דוד אתהעם אשר אתו וישם עליהם שרי אלפים ושרי מאות,David mustered the troops who were with him and set over them captains of thousands and captains of hundreds.,Ninguno
II_Samuel,18,2,"וישלח דוד אתהעם השלשית בידיואב והשלשית ביד אבישי בןצרויה אחי יואב והשלשת ביד אתי הגתי&nbsp;<span class=""mam-spi-samekh"">{ס}</span>&nbsp;&nbsp;&nbsp;&nbsp;&nbsp;&nbsp;&nbsp;&nbsp;ויאמר המלך אלהעם יצא אצא גםאני עמכם","David sent out the troops,asent out the troops Some Septuagint mss. read “divided the troops into three.” one-third under the command of Joab, one-third under the command of Joab’s brother Abishai son of Zeruiah, and one-third under the command of Ittai the Gittite. And David said to the troops, “I myself will march out with you.” ",Ninguno
II_Samuel,18,3,"ויאמר העם לא תצא כי אםנס ננוס לאישימו אלינו לב ואםימתו חצינו לאישימו אלינו לב כיעתה כמנו עשרה אלפים ועתה טוב כיתהיהלנו מעיר <span class=""mam-kq""><span class=""mam-kq-k"">(לעזיר)</span> <span class=""mam-kq-q"">[לעזור]</span></span>&nbsp;<span class=""mam-spi-samekh"">{ס}</span>&nbsp;&nbsp;&nbsp;&nbsp;&nbsp;&nbsp;&nbsp;&nbsp;","But the troops replied, “No! For if some of us flee, the rest will not be concerned about us; even if half of us should die, the others will not be concerned about us. But you are worth ten thousand of us.byou are worth ten thousand of us So two Heb. mss., Septuagint, and Vulgate; cf. 1 Kings 1.18 and note. Most mss. and the editions read “Now there are ten thousand like us.” Therefore, it is better for you to support us from the town.” ",Ninguno
II_Samuel,18,4,ויאמר אליהם המלך אשרייטב בעיניכם אעשה ויעמד המלך אליד השער וכלהעם יצאו למאות ולאלפים,"And the king said to them, “I will do whatever you think best.”So the king stood beside the gate as all the troops marched out by their hundreds and thousands. ",Ninguno
II_Samuel,18,5,ויצו המלך אתיואב ואתאבישי ואתאתי לאמר לאטלי לנער לאבשלום וכלהעם שמעו בצות המלך אתכלהשרים עלדבר אבשלום,"The king gave orders to Joab, Abishai, and Ittai: “Deal gently with my boy Absalom, for my sake.” All the troops heard the king give the order about Absalom to all the officers.",Ninguno
II_Samuel,18,6,ויצא העם השדה לקראת ישראל ותהי המלחמה ביער אפרים,"The troops marched out into the open to confront the Israelites,cIsraelites The usual term in this narrative for the supporters of Absalom. and the battle was fought in the forest of Ephraim.dEphraim Some Septuagint mss. read “Mahanaim”; cf. 17.24. ",Ninguno
II_Samuel,18,7,וינגפו שם עם ישראל לפני עבדי דוד ותהישם המגפה גדולה ביום ההוא עשרים אלף,"The Israelite troops were routed by David’s followers, and a great slaughter took place there that day—twenty thousand men. ",Ninguno
II_Samuel,18,8,"ותהישם המלחמה <span class=""mam-kq""><span class=""mam-kq-k"">(נפצות)</span> <span class=""mam-kq-q"">[נפוצת]</span></span> עלפני כלהארץ וירב היער לאכל בעם מאשר אכלה החרב ביום ההוא","The battle spread out over that whole region, and the forest devoured more troops that day than the sword.",Ninguno
II_Samuel,18,9,ויקרא אבשלום לפני עבדי דוד ואבשלום רכב עלהפרד ויבא הפרד תחת שובך האלה הגדולה ויחזק ראשו באלה ויתן בין השמים ובין הארץ והפרד אשרתחתיו עבר,"Absalom encountered some of David’s followers. Absalom was riding on a mule, and as the mule passed under the tangled branches of a great terebinth, his hair got caught in the terebinth; he was heldewas held Meaning of Heb. uncertain. Ancient versions and 4QSamᵃ read “was left hanging”; cf. v. 10. between heaven and earth as the mule under him kept going. ",Separación (Beyn)
II_Samuel,18,10,וירא איש אחד ויגד ליואב ויאמר הנה ראיתי אתאבשלם תלוי באלה,"One of the men saw it and told Joab, “I have just seen Absalom hanging from a terebinth.” ",Ninguno
II_Samuel,18,11,ויאמר יואב לאיש המגיד לו והנה ראית ומדוע לאהכיתו שם ארצה ועלי לתת לך עשרה כסף וחגרה אחת,"Joab said to the one who told him, “You saw it! Why didn’t you kill him then and there?fthen and there Lit. “to the ground.” I would have owed you tengten Some Septuagint mss. and 4QSamᵃ read “fifty.” shekels of silver and a belt.” ",Ninguno
II_Samuel,18,12,"ויאמר האיש אליואב <span class=""mam-kq""><span class=""mam-kq-k"">(ולא)</span> <span class=""mam-kq-q"">[ולו]</span></span> אנכי שקל עלכפי אלף כסף לאאשלח ידי אלבןהמלך כי באזנינו צוה המלך אתך ואתאבישי ואתאתי לאמר שמרומי בנער באבשלום","But the man answered Joab, “Even if I had a thousand shekels of silver in my hands, I would not raise a hand against the king’s son. For the king charged you and Abishai and Ittai in our hearing, ‘Watch over my boy Absalom, for my sake.’hfor my sake So some Heb. mss. and ancient versions. Most mss. and editions read “who”—perhaps meaning “whoever you are.” ",Ninguno
II_Samuel,18,13,"אועשיתי <span class=""mam-kq""><span class=""mam-kq-k"">(בנפשו)</span> <span class=""mam-kq-q"">[בנפשי]</span></span> שקר וכלדבר לאיכחד מןהמלך ואתה תתיצב מנגד","If I betrayed myselfiIf I betrayed myself I.e., if I killed Absalom.—and nothing is hidden from the king—you would have stood aloof.” ",Ninguno
II_Samuel,18,14,ויאמר יואב לאכן אחילה לפניך ויקח שלשה שבטים בכפו ויתקעם בלב אבשלום עודנו חי בלב האלה,"Joab replied, “Then I will not wait for you.”jThen I will not wait for you Some Septuagint mss. and Targum read “Therefore, I will begin before you.” He took three darts in his hand and drove them into Absalom’s chest. [Absalom] was still alive in the thick growth of the terebinth, ",Ninguno
II_Samuel,18,15,ויסבו עשרה נערים נשאי כלי יואב ויכו אתאבשלום וימתהו,when ten of Joab’s young arms-bearers closed in and struck at Absalom until he died.,Ninguno
II_Samuel,18,16,ויתקע יואב בשפר וישב העם מרדף אחרי ישראל כיחשך יואב אתהעם,"Then Joab sounded the horn, and the troops gave up their pursuit of the Israelites; for Joab held the troops in check. ",Ninguno
II_Samuel,18,17,ויקחו אתאבשלום וישלכו אתו ביער אלהפחת הגדול ויצבו עליו גלאבנים גדול מאד וכלישראל נסו איש לאהלו,"They took Absalom and flung him into a large pit in the forest, and they piled up a very great heap of stones over it. Then all the Israelites fled to their homes.— ",Ninguno
II_Samuel,18,18,"ואבשלם לקח ויצבלו בחיו אתמצבת אשר בעמקהמלך כי אמר איןלי בן בעבור הזכיר שמי ויקרא למצבת עלשמו ויקרא לה יד אבשלום עד היום הזה&nbsp;<span class=""mam-spi-samekh"">{ס}</span>&nbsp;&nbsp;&nbsp;&nbsp;&nbsp;&nbsp;&nbsp;&nbsp;","Now Absalom, in his lifetime, had taken the pillar that is in the Valley of the King and set it up for himself; for he said, “I have no son to keep my name alive.” He had named the pillar after himself, and it has been called Absalom’s Monument to this day.",Ninguno
II_Samuel,18,19,ואחימעץ בןצדוק אמר ארוצה נא ואבשרה אתהמלך כישפטו יהוה מיד איביו,"Ahimaaz son of Zadok said, “Let me run and report to the king that GOD has vindicated him against his enemies.” ",Ninguno
II_Samuel,18,20,"ויאמר לו יואב לא איש בשרה אתה היום הזה ובשרת ביום אחר והיום הזה לא תבשר כיעל<span class=""mam-kq-q"">[כן]</span> בןהמלך מת","But Joab said to him, “You shall not be the one to bring tidings today. You may bring tidings some other day, but you’ll not bring any today; for the king’s son is dead!” ",Ninguno
II_Samuel,18,21,ויאמר יואב לכושי לך הגד למלך אשר ראיתה וישתחו כושי ליואב וירץ,"And Joab said to a Cushite, “Go tell the king what you have seen.” The Cushite bowed to Joab and ran off. ",Ninguno
II_Samuel,18,22,ויסף עוד אחימעץ בןצדוק ויאמר אליואב ויהי מה ארצהנא גםאני אחרי הכושי ויאמר יואב למהזה אתה רץ בני ולכה איןבשורה מצאת,"But Ahimaaz son of Zadok again said to Joab, “No matter what, let me run, too, behind the Cushite.” Joab asked, “Why should you run, my boy, when you have no news worth telling?”kworth telling Meaning of Heb. uncertain. ",Ninguno
II_Samuel,18,23,ויהימה ארוץ ויאמר לו רוץ וירץ אחימעץ דרך הככר ויעבר אתהכושי,"“I am going to run anyway.” “Then run,” he said. So Ahimaaz ran by way of the Plain, and he passed the Cushite.",Ninguno
II_Samuel,18,24,ודוד יושב ביןשני השערים וילך הצפה אלגג השער אלהחומה וישא אתעיניו וירא והנהאיש רץ לבדו,"David was sitting between the two gates.lthe two gates I.e., the inner and outer gateways. The watchman on the roof of the gate walked over to the city wall. He looked up and saw a man running alone. ",Separación (Beyn)
II_Samuel,18,25,ויקרא הצפה ויגד למלך ויאמר המלך אםלבדו בשורה בפיו וילך הלוך וקרב,"The watchman called down and told the king; and the king said, “If he is alone, he has news to report.” As he was coming nearer, ",Ninguno
II_Samuel,18,26,וירא הצפה אישאחר רץ ויקרא הצפה אלהשער ויאמר הנהאיש רץ לבדו ויאמר המלך גםזה מבשר,"the watchman saw another man running; and he called out to the gatekeeper, “There is another man running alone.” And the king said, “That one, too, brings news.” ",Ninguno
II_Samuel,18,27,ויאמר הצפה אני ראה אתמרוצת הראשון כמרצת אחימעץ בןצדוק ויאמר המלך אישטוב זה ואלבשורה טובה יבוא,"The watchman said, “I can see that the first one runs like Ahimaaz son of Zadok”; to which the king replied, “He is a good man, and he comes with good news.” ",Ninguno
II_Samuel,18,28,"ויקרא אחימעץ ויאמר אלהמלך שלום וישתחו למלך לאפיו ארצה&nbsp;<span class=""mam-spi-samekh"">{ס}</span>&nbsp;&nbsp;&nbsp;&nbsp;&nbsp;&nbsp;&nbsp;&nbsp;ויאמר ברוך יהוה אלהיך אשר סגר אתהאנשים אשרנשאו אתידם באדני המלך&nbsp;<span class=""mam-spi-samekh"">{ס}</span>&nbsp;&nbsp;&nbsp;&nbsp;&nbsp;&nbsp;&nbsp;&nbsp;","Ahimaaz called out and said to the king, “All is well!” He bowed low with his face to the ground and said, “Praised be the ETERNAL your God, who has delivered up those involved—who raised their hand against my lord the king.” ",Ninguno
II_Samuel,18,29,ויאמר המלך שלום לנער לאבשלום ויאמר אחימעץ ראיתי ההמון הגדול לשלח אתעבד המלך יואב ואתעבדך ולא ידעתי מה,"The king asked, “Is my boy Absalom safe?” And Ahimaaz answered, “I saw a large crowd when Your Majesty’s servant Joab was sending your servant off,ma large crowd … sending your servant off Meaning of Heb. uncertain. but I don’t know what it was about.” ",Percepción (Yada)
II_Samuel,18,30,ויאמר המלך סב התיצב כה ויסב ויעמד,"The king said, “Step aside and stand over there”; he stepped aside and waited.",Ninguno
II_Samuel,18,31,"והנה הכושי בא ויאמר הכושי יתבשר אדני המלך כישפטך יהוה היום מיד כלהקמים עליך&nbsp;<span class=""mam-spi-samekh"">{ס}</span>&nbsp;&nbsp;&nbsp;&nbsp;&nbsp;&nbsp;&nbsp;&nbsp;","Just then the Cushite came up; and the Cushite said, “Let my lord the king be informed that GOD has vindicated you today against all who rebelled against you!” ",Ninguno
II_Samuel,18,32,"ויאמר המלך אלהכושי השלום לנער לאבשלום ויאמר הכושי יהיו כנער איבי אדני המלך וכל אשרקמו עליך לרעה&nbsp;<span class=""mam-spi-samekh"">{ס}</span>&nbsp;&nbsp;&nbsp;&nbsp;&nbsp;&nbsp;&nbsp;&nbsp;","The king asked the Cushite, “Is my boy Absalom safe?” And the Cushite replied, “May the enemies of my lord the king and all who rose against you to do you harm fare like that young man!”",Ninguno
II_Samuel,19,1,וירגז המלך ויעל עלעלית השער ויבך וכה&thinsp;<b></b> אמר בלכתו בני אבשלום בני בני אבשלום מייתן מותי אני תחתיך אבשלום בני בני,"aIn some versions, this verse is labeled as 18.33, and chapter 19 starts with the next verse. The king was shaken. He went up to the upper chamber of the gateway and wept, moaning these words as he went,bwent Some Septuagint mss. read “wept.” “My son Absalom! O my son, my son Absalom! If only I had died instead of you! O Absalom, my son, my son!”",Ninguno
II_Samuel,19,2,ויגד ליואב הנה המלך בכה ויתאבל עלאבשלום,Joab was told that the king was weeping and mourning over Absalom.,Ninguno
II_Samuel,19,3,ותהי התשעה ביום ההוא לאבל לכלהעם כישמע העם ביום ההוא לאמר נעצב המלך עלבנו,"And the victory that day was turned into mourning for all the troops, for that day the troops heard that the king was grieving over his son. ",Ninguno
II_Samuel,19,4,ויתגנב העם ביום ההוא לבוא העיר כאשר יתגנב העם הנכלמים בנוסם במלחמה,The troops stole into town that day like troops ashamed after running away in battle.,Ninguno
II_Samuel,19,5,"והמלך לאט אתפניו ויזעק המלך קול גדול בני אבשלום אבשלום בני בני&nbsp;<span class=""mam-spi-samekh"">{ס}</span>&nbsp;&nbsp;&nbsp;&nbsp;&nbsp;&nbsp;&nbsp;&nbsp;","The king covered his face and the king kept crying aloud, “O my son Absalom! O Absalom, my son, my son!”",Ninguno
II_Samuel,19,6,ויבא יואב אלהמלך הבית ויאמר הבשת היום אתפני כלעבדיך הממלטים אתנפשך היום ואת נפש בניך ובנתיך ונפש נשיך ונפש פלגשיך,"Joab came to the king in his quarters and said, “Today you have humiliated all your followers, who this day saved your life, and the lives of your sons and daughters, and the lives of your wives and concubines, ",Ninguno
II_Samuel,19,7,"לאהבה אתשנאיך ולשנא אתאהביך כי&thinsp;<b></b> הגדת היום כי אין לך שרים ועבדים כי&thinsp;<b></b> ידעתי היום כי <span class=""mam-kq""><span class=""mam-kq-k"">(לא)</span> <span class=""mam-kq-q"">[לו]</span></span> אבשלום חי וכלנו היום מתים כיאז ישר בעיניך","by showing love for those who hate you and hate for those who love you. For you have made clear today that the officers and servicemen mean nothing to you. I am sure that if Absalom were alive today and the rest of us dead, you would have preferred it. ",Percepción (Yada)
II_Samuel,19,8,"ועתה קום צא ודבר עללב עבדיך&nbsp;<span class=""mam-spi-samekh"">{ס}</span>&nbsp;&nbsp;&nbsp;&nbsp;&nbsp;&nbsp;&nbsp;&nbsp;כי ביהוה נשבעתי כיאינך יוצא אםילין איש אתך הלילה ורעה לך זאת מכלהרעה אשרבאה עליך מנעריך עדעתה&nbsp;<span class=""mam-spi-samekh"">{ס}</span>&nbsp;&nbsp;&nbsp;&nbsp;&nbsp;&nbsp;&nbsp;&nbsp;","Now arise, come out and placate your followers! For I swear by GOD that ifcif So Septuagint, 4QSamᵃ, and some other Heb. mss., and an ancient masoretic tradition; ordinary texts omit “if.” you do not come out, not a single man will remain with you overnight; and that would be a greater disaster for you than any disaster that has befallen you from your youth until now.” ",Ninguno
II_Samuel,19,9,"ויקם המלך וישב בשער ולכלהעם הגידו לאמר הנה המלך יושב בשער ויבא כלהעם לפני המלך וישראל נס איש לאהליו&nbsp;<span class=""mam-spi-samekh"">{ס}</span>&nbsp;&nbsp;&nbsp;&nbsp;&nbsp;&nbsp;&nbsp;&nbsp;","So the king arose and sat down in the gateway; and when all the troops were told that the king was sitting in the gateway, all the troops presented themselves to the king.Now the Israelites had fled to their homes. ",Ninguno
II_Samuel,19,10,ויהי כלהעם נדון בכלשבטי ישראל לאמר המלך הצילנו&thinsp;<b></b> מכף איבינו והוא מלטנו מכף פלשתים ועתה ברח מןהארץ מעל אבשלום,"All the people throughout the tribes of Israel were arguing: Some said, “The king saved us from the hands of our enemies, and he delivered us from the hands of the Philistines; and just now he had to flee the country because of Absalom. ",Ninguno
II_Samuel,19,11,"ואבשלום אשר משחנו עלינו מת במלחמה ועתה למה אתם מחרשים להשיב אתהמלך&nbsp;<span class=""mam-spi-samekh"">{ס}</span>&nbsp;&nbsp;&nbsp;&nbsp;&nbsp;&nbsp;&nbsp;&nbsp;","But Absalom, whom we anointed over us, has died in battle; why then do you sit idle instead of escorting the king back?” ",Ninguno
II_Samuel,19,12,והמלך דוד שלח אלצדוק ואלאביתר הכהנים לאמר דברו אלזקני יהודה לאמר למה תהיו אחרנים להשיב אתהמלך אלביתו ודבר כלישראל בא אלהמלך אלביתו,"The talk of all Israel reached the king in his quarters. So King David sent this message to the priests Zadok and Abiathar: “Speak to the elders of Judah and say, ‘Why should you be the last to bring the king back to his palace? ",Ninguno
II_Samuel,19,13,אחי אתם עצמי ובשרי אתם ולמה תהיו אחרנים להשיב אתהמלך,"You are my kin, my own flesh and blood! Why should you be the last to escort the king back?’ ",Ninguno
II_Samuel,19,14,ולעמשא תמרו הלוא עצמי ובשרי אתה כה יעשהלי אלהים וכה יוסיף אםלא שרצבא תהיה לפני כלהימים תחת יואב,"And to Amasa say this, ‘You are my own flesh and blood. May God do thus and more to me if you do not become my army commander permanently in place of Joab!’” ",Ninguno
II_Samuel,19,15,ויט אתלבב כלאישיהודה כאיש אחד וישלחו אלהמלך שוב אתה וכלעבדיך,So [Amasa] swayed the hearts of Judah’s entire contingent without opposition; and they sent a message to the king: “Come back with all your followers.”,Ninguno
II_Samuel,19,16,וישב המלך ויבא עדהירדן ויהודה בא הגלגלה ללכת לקראת המלך להעביר אתהמלך אתהירדן,The king started back and arrived at the Jordan; and the Judahites went to Gilgal to meet the king and to conduct the king across the Jordan.,Ninguno
II_Samuel,19,17,וימהר שמעי בןגרא בןהימיני אשר מבחורים וירד עםאיש יהודה לקראת המלך דוד,"Shimei son of Gera, the Benjaminite from Bahurim, hurried down with Judah’s contingent to meet King David, ",Ninguno
II_Samuel,19,18,ואלף איש עמו מבנימן וציבא נער בית שאול וחמשת עשר בניו ועשרים עבדיו אתו וצלחו הירדן לפני המלך,"accompanied by a thousand Benjaminites. dMeaning of parts of the rest of vv. 18 and 19 uncertain. And Ziba, the servant of the House of Saul, together with his fifteen sons and twenty slaves, rushed down to the Jordan ahead of the king ",Ninguno
II_Samuel,19,19,"ועברה העברה לעביר אתבית המלך ולעשות הטוב <span class=""mam-kq-trivial"">בעינו</span> ושמעי בןגרא נפל לפני המלך בעברו בירדן","while the crossing was being made, to escort the king’s family over, and to do whatever he wished. Shimei son of Gera flung himself before the king as he was about to cross the Jordan. ",Ninguno
II_Samuel,19,20,ויאמר אלהמלך אליחשבלי אדני עון ואלתזכר את אשר העוה עבדך ביום אשריצא אדניהמלך מירושל͏ם לשום המלך אללבו,"He said to the king, “Let not my lord hold me guilty, and do not remember the wrong your servant committed on the day my lord the king left Jerusalem; let Your Majesty give it no thought. ",Ninguno
II_Samuel,19,21,"כי ידע עבדך כי אני חטאתי והנהבאתי היום ראשון לכלבית יוסף לרדת לקראת אדני המלך&nbsp;<span class=""mam-spi-samekh"">{ס}</span>&nbsp;&nbsp;&nbsp;&nbsp;&nbsp;&nbsp;&nbsp;&nbsp;","For your servant knows that he has sinned; so here I have come down today, the first of all the House of Joseph, to meet my lord the king.” ",Percepción (Yada)
II_Samuel,19,22,"ויען אבישי בןצרויה ויאמר התחת זאת לא יומת שמעי כי קלל אתמשיח יהוה&nbsp;<span class=""mam-spi-samekh"">{ס}</span>&nbsp;&nbsp;&nbsp;&nbsp;&nbsp;&nbsp;&nbsp;&nbsp;","Thereupon Abishai son of Zeruiah spoke up, “Shouldn’t Shimei be put to death for that—insulting GOD’s anointed?” ",Ninguno
II_Samuel,19,23,ויאמר דוד מהלי ולכם בני צרויה כיתהיולי היום לשטן היום יומת איש בישראל כי הלוא ידעתי כי היום אנימלך עלישראל,"But David said, “What has this to do with you,eWhat has this to do with you See note at 16.10. you sons of Zeruiah, that you should cross me today? Should even a single Israelite be put to death today? Don’t IfI Some Septuagint mss. read “you.” know that today I am again king over Israel?” ",Percepción (Yada)
II_Samuel,19,24,"ויאמר המלך אלשמעי לא תמות וישבע לו המלך&nbsp;<span class=""mam-spi-samekh"">{ס}</span>&nbsp;&nbsp;&nbsp;&nbsp;&nbsp;&nbsp;&nbsp;&nbsp;","Then the king said to Shimei, “You shall not die”; and the king gave him his oath.",Ninguno
II_Samuel,19,25,ומפבשת בןשאול ירד לקראת המלך ולאעשה רגליו ולאעשה שפמו ואתבגדיו לא כבס למןהיום לכת המלך עדהיום אשרבא בשלום,"Mephibosheth, the grandson of Saul, also came down to meet the king. He had not pared his toenails, or trimmed his mustache, or washed his clothes from the day that the king left until the day he returned safe. ",Ninguno
II_Samuel,19,26,ויהי כיבא ירושל͏ם לקראת המלך ויאמר לו המלך למה לאהלכת עמי מפיבשת,"When he came [from]gcame [from] So Septuagint. Heb. “entered.” Jerusalem to meet the king, the king asked him, “Why didn’t you come with me, Mephibosheth?” ",Ninguno
II_Samuel,19,27,ויאמר אדני המלך עבדי רמני כיאמר עבדך אחבשהלי החמור וארכב עליה ואלך אתהמלך כי פסח עבדך,"He replied, “My lord the king, my own servanthmy own servant I.e., Ziba (cf. v. 30 and 9.2ff.). deceived me. Your servant planned to saddle his donkey and rideiYour servant planned to saddle his donkey and ride Ancient versions read “Your servant said to him, ‘Saddle my donkey, that I may ride…’” on it and go with Your Majesty—for your servant is lame. ",Ninguno
II_Samuel,19,28,וירגל בעבדך אלאדני המלך ואדני המלך כמלאך האלהים ועשה הטוב בעיניך,[Ziba] has slandered your servant to my lord the king. But my lord the king is like an angel of GOD; do as you see fit.,Ninguno
II_Samuel,19,29,"כי לא היה כלבית אבי כי אםאנשימות לאדני המלך ותשת אתעבדך באכלי שלחנך ומהישלי עוד צדקה ולזעק עוד אלהמלך&nbsp;<span class=""mam-spi-pe"">{פ}</span><br>",For all the members of my father’s family deserved only death from my lord the king; yet you set your servant among those who ate at your table. What right have I to appeal further to Your Majesty?”,Ninguno
II_Samuel,19,30,ויאמר לו המלך למה תדבר עוד דבריך אמרתי אתה וציבא תחלקו אתהשדה,"The king said to him, “You need not speak further. I decree that you and Ziba shall divide the property.” ",Ninguno
II_Samuel,19,31,"ויאמר מפיבשת אלהמלך גם אתהכל יקח אחרי אשרבא אדני המלך בשלום אלביתו&nbsp;<span class=""mam-spi-samekh"">{ס}</span>&nbsp;&nbsp;&nbsp;&nbsp;&nbsp;&nbsp;&nbsp;&nbsp;","And Mephibosheth said to the king, “Let him take it all, as long as my lord the king has come home safe.”",Ninguno
II_Samuel,19,32,"וברזלי הגלעדי ירד מרגלים ויעבר אתהמלך הירדן לשלחו את<span class=""mam-kq""><span class=""mam-kq-q"">[הירדן]</span> <span class=""mam-kq-k"">(בירדן)</span></span>","Barzillai the Gileadite had come down from Rogelim and passed on to the Jordan with the king, to see him off atjpassed on … to see him off at Meaning of Heb. uncertain. the Jordan. ",Ninguno
II_Samuel,19,33,וברזלי זקן מאד בןשמנים שנה והואכלכל אתהמלך בשיבתו במחנים כיאיש גדול הוא מאד,"Barzillai was very old, eighty years of age; and he had provided the king with food during his stay at Mahanaim, for he was a very wealthy man. ",Ninguno
II_Samuel,19,34,ויאמר המלך אלברזלי אתה עבר אתי וכלכלתי אתך עמדי בירושל͏ם,"The king said to Barzillai, “Cross over with me, and I will provide for you in Jerusalem at my side.” ",Ninguno
II_Samuel,19,35,ויאמר ברזלי אלהמלך כמה ימי שני חיי כיאעלה אתהמלך ירושל͏ם,"But Barzillai said to the king, “How many years are left to me that I should go up with Your Majesty to Jerusalem? ",Ninguno
II_Samuel,19,36,בןשמנים שנה אנכי היום האדע&thinsp;<b></b> ביןטוב לרע אםיטעם עבדך אתאשר אכל ואתאשר אשתה אםאשמע עוד בקול שרים ושרות ולמה יהיה עבדך עוד למשא אלאדני המלך,I am now eighty years old. Can I tell the difference between good and bad? Can your servant taste what he eats and drinks? Can I still listen to the singing of men and women? Why then should your servant continue to be a burden to my lord the king?,Separación (Beyn)
II_Samuel,19,37,כמעט יעבר עבדך אתהירדן אתהמלך ולמה יגמלני המלך הגמולה הזאת,Your servant could barely cross the JordankYour servant could barely cross the Jordan Meaning of Heb. uncertain. with Your Majesty! Why should Your Majesty reward me so generously? ,Ninguno
II_Samuel,19,38,"ישבנא עבדך ואמת בעירי עם קבר אבי ואמי והנה&thinsp;<b></b> עבדך כמהם יעבר עםאדני המלך ועשהלו את אשרטוב בעיניך&nbsp;<span class=""mam-spi-samekh"">{ס}</span>&nbsp;&nbsp;&nbsp;&nbsp;&nbsp;&nbsp;&nbsp;&nbsp;","Let your servant go back, and let me die in my own town, near the graves of my father and mother. But here is your servant Chimham; let him cross with my lord the king, and do for him as you see fit.” ",Ninguno
II_Samuel,19,39,ויאמר המלך אתי יעבר כמהם ואני אעשהלו אתהטוב בעיניך וכל אשרתבחר עלי אעשהלך,"And the king said, “Chimham shall cross with me, and I will do for him as you see fit; and anything you want me to do, I will do for you.”",Ninguno
II_Samuel,19,40,"ויעבר כלהעם אתהירדן והמלך עבר וישק המלך לברזלי ויברכהו וישב למקמו&nbsp;<span class=""mam-spi-samekh"">{ס}</span>&nbsp;&nbsp;&nbsp;&nbsp;&nbsp;&nbsp;&nbsp;&nbsp;","lMeaning of parts of vv. 40–44 uncertain. All the troops crossed the Jordan; and when the king was ready to cross, the king kissed Barzillai and bade him farewell; and [Barzillai] returned to his home. ",Ninguno
II_Samuel,19,41,"ויעבר המלך הגלגלה וכמהן עבר עמו וכלעם יהודה <span class=""mam-kq""><span class=""mam-kq-k"">(ויעברו)</span> <span class=""mam-kq-q"">[העבירו]</span></span> אתהמלך וגם חצי עם ישראל","The king passed on to Gilgal, with ChimhammChimham Heb. Chimhan. accompanying him; and all the Judahite soldiers and part of the Israelite army escorted the king across.",Ninguno
II_Samuel,19,42,"והנה כלאיש ישראל באים אלהמלך ויאמרו אלהמלך מדוע גנבוך אחינו איש יהודה ויעברו אתהמלך ואתביתו אתהירדן וכלאנשי דוד עמו&nbsp;<span class=""mam-spi-samekh"">{ס}</span>&nbsp;&nbsp;&nbsp;&nbsp;&nbsp;&nbsp;&nbsp;&nbsp;","Then Israel’s entire contingent came to the king—and said to the king, “Why did our kindred, Judah’s contingent, steal you away and escort the king and his family across the Jordan, along with all David’s men?” ",Ninguno
II_Samuel,19,43,"ויען כלאיש יהודה עלאיש ישראל כיקרוב המלך אלי ולמה זה חרה לך עלהדבר הזה האכול אכלנו מןהמלך אםנשאת נשא לנו&nbsp;<span class=""mam-spi-samekh"">{ס}</span>&nbsp;&nbsp;&nbsp;&nbsp;&nbsp;&nbsp;&nbsp;&nbsp;","Judah’s side replied to Israel’s side, “Because the king is our relative! Why should this upset you? Have we consumed anything that belongs to the king? Has he given us any gifts?” ",Ninguno
II_Samuel,19,44,"ויען אישישראל אתאיש יהודה ויאמר עשרידות לי במלך וגםבדוד אני ממך ומדוע הקלתני ולאהיה דברי ראשון לי להשיב אתמלכי ויקש דבראיש יהודה מדבר איש ישראל&nbsp;<span class=""mam-spi-samekh"">{ס}</span>&nbsp;&nbsp;&nbsp;&nbsp;&nbsp;&nbsp;&nbsp;&nbsp;","But Israel’s side answered Judah’s side, “We have ten shares in the king, and in David, too, we have more than you.nin David, too, we have more than you Septuagint reads “we are the first-born, rather than you.” Why then have you slighted us? Were we not the first to propose that our king be brought back?” However, Judah’s side prevailed over Israel’s side.",Ninguno
II_Samuel,20,1,ושם נקרא איש בליעל ושמו שבע בןבכרי איש ימיני ויתקע בשפר ויאמר איןלנו חלק בדוד ולא נחלהלנו בבןישי איש לאהליו ישראל,"A scoundrel named Sheba son of Bichri, a Benjaminite, happened to be there. He sounded the horn and proclaimed:“We have no portion in David,No share in Jesse’s son!Back to your homes, O Israel!”",Ninguno
II_Samuel,20,2,ויעל כלאיש ישראל מאחרי דוד אחרי שבע בןבכרי ואיש יהודה דבקו במלכם מןהירדן ועדירושל͏ם,Israel’s entire contingent left David and followed Sheba son of Bichri; but Judah’s contingent accompanied their king from the Jordan to Jerusalem.,Ninguno
II_Samuel,20,3,"ויבא דוד אלביתו ירושל͏ם ויקח המלך את עשרנשים&thinsp;<small></small>&thinsp;פלגשים אשר הניח לשמר הבית ויתנם ביתמשמרת ויכלכלם ואליהם לאבא ותהיינה צררות עדיום מתן אלמנות חיות&nbsp;<span class=""mam-spi-samekh"">{ס}</span>&nbsp;&nbsp;&nbsp;&nbsp;&nbsp;&nbsp;&nbsp;&nbsp;","David went to his palace in Jerusalem, and the king took the ten concubines he had left to mind the palace and put them in a guarded place; he provided for them, but he did not cohabit with them. They remained in seclusion until the day they died, in living widowhood.",Ninguno
II_Samuel,20,4,ויאמר המלך אלעמשא הזעקלי אתאישיהודה שלשת ימים ואתה פה עמד,"The king said to Amasa, “Call up Judah’s force to my standard, and report here three days from now.” ",Ninguno
II_Samuel,20,5,"וילך עמשא להזעיק אתיהודה <span class=""mam-kq""><span class=""mam-kq-k"">(וייחר)</span> <span class=""mam-kq-q"">[ויוחר]</span></span> מןהמועד אשר יעדו&nbsp;<span class=""mam-spi-samekh"">{ס}</span>&nbsp;&nbsp;&nbsp;&nbsp;&nbsp;&nbsp;&nbsp;&nbsp;","Amasa went to call up Judah, but he took longer than the time set for him. ",Ninguno
II_Samuel,20,6,ויאמר דוד אלאבישי עתה ירע לנו שבע בןבכרי מןאבשלום אתה קח אתעבדי אדניך ורדף אחריו פןמצא לו ערים בצרות והציל עיננו,"And David said to Abishai, “Now Sheba son of Bichri will cause us more trouble than Absalom. So take your lord’s servants and pursue him, before he finds fortified towns and eludes us.”aeludes us Meaning of Heb. uncertain. ",Ninguno
II_Samuel,20,7,ויצאו אחריו אנשי יואב והכרתי והפלתי וכלהגברים ויצאו מירושל͏ם לרדף אחרי שבע בןבכרי,"Joab’s men, the Cherethites and Pelethites, and all the warriors marched out behind him.bJoab’s men … behind him Emendation yields “Joab, the Cherethites and Pelethites, and all the warriors marched out behind Abishai.” They left Jerusalem in pursuit of Sheba son of Bichri. ",Ninguno
II_Samuel,20,8,"הם עםהאבן הגדולה אשר בגבעון ועמשא בא לפניהם ויואב חגור&thinsp;<b></b> מדו לבשו <span class=""mam-kq-trivial"">ועלו</span> חגור חרב מצמדת עלמתניו בתערה והוא יצא ותפל&nbsp;<span class=""mam-spi-samekh"">{ס}</span>&nbsp;&nbsp;&nbsp;&nbsp;&nbsp;&nbsp;&nbsp;&nbsp;","They were near the great stone in Gibeon when Amasa appeared before them. Joab was wearing his military dress, with his sword girded over it and fastened around his waist in its sheath; and, as he stepped forward, it fell out.cJoab was wearing … it fell out Meaning of Heb. uncertain. ",Ninguno
II_Samuel,20,9,ויאמר יואב לעמשא השלום אתה אחי ותחז ידימין יואב בזקן עמשא לנשקלו,"Joab said to Amasa, “How are you, brother?” and with his right hand Joab took hold of Amasa’s beard as if to kiss him. ",Control/Derecha (Yamin)
II_Samuel,20,10,ועמשא לאנשמר בחרב&thinsp;<b></b> אשר בידיואב ויכהו בה אלהחמש וישפך מעיו ארצה ולאשנה לו וימת ויואב ואבישי אחיו רדף אחרי שבע בןבכרי,"Amasa was not on his guard against the sword in Joab’s [left] hand, and [Joab] drove it into his belly so that his entrails poured out on the ground and he died; he did not need to strike him a second time.Joab and his brother Abishai then set off in pursuit of Sheba son of Bichri, ",Ninguno
II_Samuel,20,11,ואיש עמד עליו מנערי יואב ויאמר מי אשר חפץ ביואב ומי אשרלדוד אחרי יואב,"while one of Joab’s henchmen stood by the corpsedthe corpse Heb. “him.” and called out, “Whoever favors Joab, and whoever is on David’s side, follow Joab!” ",Ninguno
II_Samuel,20,12,ועמשא מתגלל בדם בתוך המסלה וירא האיש כיעמד כלהעם ויסב אתעמשא מןהמסלה השדה וישלך עליו בגד כאשר ראה כלהבא עליו ועמד,"Amasa lay in the middle of the road, drenched in his blood; and the man saw that everyone stopped. And when he saw that all the people were stopping, he dragged Amasa from the road into the field and covered him with a garment. ",Ninguno
II_Samuel,20,13,כאשר הגה מןהמסלה עבר כלאיש אחרי יואב לרדף אחרי שבע בןבכרי,"Once he was removed from the road, everybody continued to follow Joab in pursuit of Sheba son of Bichri. ",Ninguno
II_Samuel,20,14,"ויעבר בכלשבטי ישראל אבלה ובית מעכה וכלהברים&nbsp;<span class=""mam-spi-samekh"">{ס}</span>&nbsp;&nbsp;&nbsp;&nbsp;&nbsp;&nbsp;&nbsp;&nbsp;<span class=""mam-kq""><span class=""mam-kq-k"">(ויקלהו)</span> <span class=""mam-kq-q"">[ויקהלו]</span></span> ויבאו אףאחריו",[Sheba] had passed through all the tribes of Israel up to Abel ofeof Heb. “and.” Cf. v. 15 (and “Abel-beth-maacah” in 1 Kings 15.20 and 2 Kings 15.29). Beth-maacah; and all the BeeritesfBeerites Emendation yields “Bichrites”; cf. Septuagint. assembled and followed him inside. ,Ninguno
II_Samuel,20,15,ויבאו ויצרו עליו באבלה בית המעכה וישפכו סללה אלהעיר ותעמד בחל וכלהעם אשר אתיואב משחיתם להפיל החומה,"[Joab’s men] came and besieged him in Abel of Beth-maacah; they threw up a siege mound against the city and it stood against the rampart.gand it stood against the rampart Meaning of Heb. uncertain. The phrase would read well in the next verse (“…a clever woman stood on the rampart and shouted…”). All the troops with Joab were engaged in battering the wall,hengaged in battering the wall Lit. “destroying, to topple the wall.” Septuagint and Targum read “were planning to topple the wall.” ",Ninguno
II_Samuel,20,16,ותקרא אשה חכמה מןהעיר שמעו שמעו אמרונא אליואב קרב עדהנה ואדברה אליך,"when a woman who was wiseiwise I.e., in this context, quick-witted and resourceful. shouted from the city, “Listen! Listen! Tell Joab to come over here so I can talk to him.” ",Ninguno
II_Samuel,20,17,ויקרב אליה ותאמר האשה האתה יואב ויאמר אני ותאמר לו שמע דברי אמתך ויאמר שמע אנכי,"He approached her, and the woman asked, “Are you Joab?” “Yes,” he answered; and she said to him, “Listen to what your handmaid has to say.” “I’m listening,” he replied. ",Ninguno
II_Samuel,20,18,ותאמר לאמר דבר ידברו בראשנה לאמר שאול ישאלו באבל וכן התמו,"And she continued, “In olden times people used to say, ‘Let them inquire of Abel,’jLet them inquire of Abel Meaning of Heb. uncertain. and that was the end of the matter. ",Ninguno
II_Samuel,20,19,"אנכי שלמי אמוני ישראל אתה מבקש להמית עיר ואם בישראל למה תבלע נחלת יהוה&nbsp;<span class=""mam-spi-pe"">{פ}</span><br>",I am one of those who seek the welfare of the faithful in Israel. But you seek to bring death upon a mother city in Israel! Why should you destroy GOD’s possession?”,Ninguno
II_Samuel,20,20,ויען יואב ויאמר חלילה חלילה לי אםאבלע ואםאשחית,"Joab replied, “Far be it, far be it from me to destroy or to ruin! ",Ninguno
II_Samuel,20,21,לאכן הדבר כי איש מהר אפרים שבע בןבכרי שמו נשא ידו במלך בדוד תנואתו לבדו ואלכה מעל העיר ותאמר האשה אליואב הנה ראשו משלך אליך בעד החומה,"Not at all! But a certain man from the hill country of Ephraim, named Sheba son of Bichri, has rebelled against King David. Just hand him alone over to us, and I will withdraw from the city.” The woman assured Joab, “His head shall be thrown over the wall to you.” ",Ninguno
II_Samuel,20,22,"ותבוא האשה אלכלהעם בחכמתה ויכרתו אתראש שבע בןבכרי וישלכו אליואב ויתקע בשפר ויפצו מעלהעיר איש לאהליו ויואב שב ירושל͏ם אלהמלך&nbsp;<span class=""mam-spi-samekh"">{ס}</span>&nbsp;&nbsp;&nbsp;&nbsp;&nbsp;&nbsp;&nbsp;&nbsp;","The woman came to all the people with her wise plan; and they cut off the head of Sheba son of Bichri and threw it down to Joab. He then sounded the horn; those attacking the city dispersed to their homes, and Joab returned to the king in Jerusalem.",Ninguno
II_Samuel,20,23,"ויואב אל כלהצבא ישראל ובניה בןיהוידע על<span class=""mam-kq""><span class=""mam-kq-k"">(הכרי)</span> <span class=""mam-kq-q"">[הכרתי]</span></span> ועלהפלתי",Joab was commander of the whole army [of] Israel; Benaiah son of Jehoiada was commander of the Cherethites and the Pelethites;,Percepción (Yada)
II_Samuel,20,24,ואדרם עלהמס ויהושפט בןאחילוד המזכיר,AdoramkAdoram So in 1 Kings 12.18 and 2 Chron. 10.18 (“Hadoram”); elsewhere “Adoniram.” was in charge of forced labor; Jehoshaphat son of Ahilud was recorder; ,Ninguno
II_Samuel,20,25,"<span class=""mam-kq""><span class=""mam-kq-k"">(ושיא)</span> <span class=""mam-kq-q"">[ושוא]</span></span> ספר וצדוק ואביתר כהנים",ShevalSheva See second note at 8.17. was scribe; and Zadok and Abiathar were priests. ,Ninguno
II_Samuel,20,26,"וגם עירא היארי היה כהן לדוד&nbsp;<span class=""mam-spi-samekh"">{ס}</span>&nbsp;&nbsp;&nbsp;&nbsp;&nbsp;&nbsp;&nbsp;&nbsp;",Ira the Jairite also served David as priest.,Ninguno
II_Samuel,21,1,"ויהי רעב בימי דוד שלש שנים שנה אחרי שנה ויבקש דוד אתפני יהוה&nbsp;<span class=""mam-spi-samekh"">{ס}</span>&nbsp;&nbsp;&nbsp;&nbsp;&nbsp;&nbsp;&nbsp;&nbsp;ויאמר יהוה אלשאול ואלבית הדמים על אשרהמית אתהגבענים","There was a famine during the reign of David, year after year for three years. David inquired of GOD, and GOD replied, “It is because of the bloodguilt of Saul and [his] house, for he put some Gibeonites to death.” ",Ninguno
II_Samuel,21,2,ויקרא המלך לגבענים ויאמר אליהם והגבענים לא מבני ישראל המה כי אםמיתר האמרי ובני ישראל נשבעו להם ויבקש שאול להכתם בקנאתו לבניישראל ויהודה,"The king summoned the Gibeonites and spoke to them.—Now the Gibeonites were not of Israelite stock, but a remnant of the Amorites, to whom the Israelites had given an oath; and Saul had tried to wipe them out in his zeal for the people of Israel and Judah.— ",Ninguno
II_Samuel,21,3,ויאמר דוד אלהגבענים מה אעשה לכם ובמה אכפר וברכו אתנחלת יהוה,"David asked the Gibeonites, “What shall I do for you? How shall I make expiation, so that you may bless GOD’s own people?” ",Ninguno
II_Samuel,21,4,"ויאמרו לו הגבענים אין<span class=""mam-kq""><span class=""mam-kq-q"">[לנו]</span> <span class=""mam-kq-k"">(לי)</span></span> כסף וזהב עםשאול ועםביתו ואיןלנו איש להמית בישראל ויאמר מהאתם אמרים אעשה לכם","The Gibeonites answered him, “We have no claim for silver or gold against Saul and his household; and we have no claim on the life of anyone else in Israel.” And [David] responded, “Whatever you say I will do for you.” ",Ninguno
II_Samuel,21,5,ויאמרו אלהמלך האיש אשר כלנו ואשר דמהלנו נשמדנו מהתיצב בכלגבל ישראל,"Thereupon they said to the king, “The man who massacred us and planned to exterminate us, so that weaexterminate us, so that we Meaning of Heb. uncertain. should not survive in all the territory of Israel— ",Ninguno
II_Samuel,21,6,"<span class=""mam-kq""><span class=""mam-kq-k"">(ינתן)</span> <span class=""mam-kq-q"">[יתן]</span></span>לנו שבעה אנשים מבניו והוקענום ליהוה בגבעת שאול בחיר יהוה&nbsp;<span class=""mam-spi-pe"">{פ}</span><br>ויאמר המלך אני אתן","let seven of his male issue be handed over to us, and we will impale them before GOD in Gibeah of Saul, the chosen of GOD.”bGibeah of Saul, the chosen of GOD Emendation yields “at Gibeon, on the mountain of GOD” (cf. Septuagint and v. 9). And the king replied, “I will do so.”",Ninguno
II_Samuel,21,7,ויחמל המלך עלמפיבשת בןיהונתן בןשאול עלשבעת יהוה אשר בינתם בין דוד ובין יהונתן בןשאול,"The king spared Mephibosheth son of Jonathan son of Saul, because of the oath before GOD between the two, between David and Jonathan son of Saul. ",Separación (Beyn)
II_Samuel,21,8,ויקח המלך אתשני בני רצפה בתאיה אשר ילדה לשאול אתארמני ואתמפבשת ואתחמשת בני מיכל בתשאול אשר ילדה לעדריאל בןברזלי המחלתי,"Instead, the king took Armoni and Mephibosheth, the two sons that Rizpah daughter of Aiah bore to Saul, and the five sons that MerabcMerab So two Heb. mss., many Septuagint mss., and Peshitta; and cf. Targum, Sanhedrin 19b, and 1 Sam. 18.19. Most mss. and the printed editions read “Michal.” daughter of Saul bore to Adriel son of Barzillai the Meholathite, ",Ninguno
II_Samuel,21,9,"ויתנם ביד הגבענים ויקיעם בהר לפני יהוה ויפלו <span class=""mam-kq""><span class=""mam-kq-k"">(שבעתים)</span> <span class=""mam-kq-q"">[שבעתם]</span></span> יחד <span class=""mam-kq""><span class=""mam-kq-k"">(והם)</span> <span class=""mam-kq-q"">[והמה]</span></span> המתו בימי קציר בראשנים <span class=""mam-kq""><span class=""mam-kq-k"">(תחלת)</span> <span class=""mam-kq-q"">[בתחלת]</span></span> קציר שערים","and he handed them over to the Gibeonites. They impaled them on the mountain before GOD; all seven of them perished at the same time. They were put to death in the first days of the harvest, the beginning of the barley harvest.",Ninguno
II_Samuel,21,10,ותקח רצפה בתאיה אתהשק ותטהו לה אלהצור מתחלת קציר עד נתךמים עליהם מןהשמים ולאנתנה עוף השמים לנוח עליהם יומם ואתחית השדה לילה,"Then Rizpah daughter of Aiah took sackcloth and spread it on a rock for herself, and she stayed there from the beginning of the harvest until rain from the sky fell on the bodies;dthe bodies Heb. “them.” she did not let the birds of the sky settle on them by day or the wild beasts [approach] by night. ",Ninguno
II_Samuel,21,11,ויגד לדוד את אשרעשתה רצפה בתאיה פלגש שאול,David was told what Saul’s concubine Rizpah daughter of Aiah had done.,Ninguno
II_Samuel,21,12,"וילך דוד ויקח אתעצמות שאול ואתעצמות יהונתן בנו מאת בעלי יביש גלעד אשר גנבו אתם מרחב ביתשן אשר <span class=""mam-kq""><span class=""mam-kq-k"">(תלום שם הפלשתים)</span> <span class=""mam-kq-q"">[תלאום שמה פלשתים]</span></span> ביום הכות פלשתים אתשאול בגלבע","And David went and took the bones of Saul and of his son Jonathan from the citizens of Jabesh-gilead, who had made off with them from the public square of Beth-shan, where the Philistines had hung them up on the day the Philistines killed Saul at Gilboa. ",Ninguno
II_Samuel,21,13,ויעל משם אתעצמות שאול ואתעצמות יהונתן בנו ויאספו אתעצמות המוקעים,He brought up the bones of Saul and of his son Jonathan from there; and he gathered the bones of those who had been impaled.,Ninguno
II_Samuel,21,14,"ויקברו אתעצמותשאול ויהונתןבנו בארץ בנימן בצלע בקבר קיש אביו ויעשו כל אשרצוה המלך ויעתר אלהים לארץ אחריכן&nbsp;<span class=""mam-spi-pe"">{פ}</span><br>","And they buried the bones of Saul and of his son JonathaneJonathan Septuagint adds “and the bones of those impaled.” in Zela, in the territory of Benjamin, in the tomb of his father Kish. And when all that the king had commanded was done, God responded to the plea of the land thereafter.",Ninguno
II_Samuel,21,15,ותהיעוד מלחמה לפלשתים אתישראל וירד דוד ועבדיו עמו וילחמו אתפלשתים ויעף דוד,"Again war broke out between the Philistines and Israel, and David and the men with him went down and fought the Philistines; David grew weary, ",Ninguno
II_Samuel,21,16,"<span class=""mam-kq""><span class=""mam-kq-k"">(וישבו)</span> <span class=""mam-kq-q"">[וישבי]</span></span> בנב אשר&thinsp;<b></b> בילידי הרפה ומשקל קינו שלש מאות משקל נחשת והוא חגור חדשה ויאמר להכות אתדוד",and Ishbi-benobfIshbi-benob Meaning of Heb. uncertain. tried to kill David.—He was a descendant of the Raphah;gRaphah Apparently a race of giants. his bronze spear weighed three hundred shekels and he wore new armor.— ,Ninguno
II_Samuel,21,17,"ויעזרלו אבישי בןצרויה ויך אתהפלשתי וימתהו אז נשבעו אנשידוד לו לאמר לאתצא עוד אתנו למלחמה ולא תכבה אתנר ישראל&nbsp;<span class=""mam-spi-pe"">{פ}</span><br>","But Abishai son of Zeruiah came to his aid; he attacked the Philistine and killed him. It was then that David’s men declared to him on oath, “You shall not go with us into battle anymore, lest you extinguish the lamp of Israel!”",Ninguno
II_Samuel,21,18,"ויהי אחריכן ותהיעוד המלחמה בגוב עםפלשתים אז הכה סבכי החשתי אתסף אשר בילדי הרפה&nbsp;<span class=""mam-spi-samekh"">{ס}</span>&nbsp;&nbsp;&nbsp;&nbsp;&nbsp;&nbsp;&nbsp;&nbsp;","hThis paragraph is found also in 1 Chron. 20.4–8; in part, also in 1QSamᵃ, with some variations. After this, fighting broke out again with the Philistines, at Gob; that was when Sibbecai the Hushathite killed Saph, a descendant of the Raphah.iRaphah Apparently a race of giants. ",Ninguno
II_Samuel,21,19,"ותהיעוד המלחמה בגוב עםפלשתים ויך אלחנן בןיע<small>ר</small>י ארגים בית הלחמי את גלית הגתי ועץ חניתו כמנור ארגים&nbsp;<span class=""mam-spi-samekh"">{ס}</span>&nbsp;&nbsp;&nbsp;&nbsp;&nbsp;&nbsp;&nbsp;&nbsp;","Again there was fighting with the Philistines at Gob; and Elhanan son of Jaare-oregimjJaare-oregim Perhaps a duplicate of ʼoregim (“weavers”) at the end of the verse; meaning of Heb. uncertain. 1 Chron. 20.5 reads “And Elhanan son of Jair killed Lahmi, the brother of Goliath the Gittite.” the Bethlehemite killed Goliath the Gittite, whose spear had a shaft like a weaver’s bar. ",Ninguno
II_Samuel,21,20,"ותהיעוד מלחמה בגת ויהי&thinsp;<b></b> איש <span class=""mam-kq""><span class=""mam-kq-k"">(מדין)</span> <span class=""mam-kq-q"">[מדון]</span></span> ואצבעת ידיו ואצבעת רגליו שש ושש עשרים וארבע מספר וגםהוא ילד להרפה","Once again there was fighting, at Gath. There was a giant of a manka giant of a man Following the kethib, in light of 1 Chron. 20.6; meaning of Heb. uncertain. Or “an adversary,” following the qere; cf. Gersonides. who had six fingers on each hand and six toes on each foot, twenty-four in all; he too was descended from the Raphah. ",Ninguno
II_Samuel,21,21,"ויחרף אתישראל ויכהו יהונתן בן<span class=""mam-kq""><span class=""mam-kq-q"">[שמעה]</span> <span class=""mam-kq-k"">(שמעי)</span></span> אחי דוד","When he taunted Israel, Jonathan, the son of David’s brother Shimei, killed him. ",Ninguno
II_Samuel,21,22,"אתארבעת אלה ילדו להרפה בגת ויפלו בידדוד וביד עבדיו&nbsp;<span class=""mam-spi-pe"">{פ}</span><br>","Those four were descended from the Raphah in Gath, and they fell by the hands of David and his men.",Ninguno
II_Samuel,22,1,וידבר דוד ליהוה אתדברי השירה הזאת&nbsp;&nbsp;&nbsp;&nbsp;&nbsp;&nbsp;&nbsp;&nbsp;ביום הציל יהוה אתו מכף כלאיביו ומכף שאול&nbsp;&nbsp;&nbsp;&nbsp;&nbsp;&nbsp;&nbsp;&nbsp;,"aThis poem occurs again as Ps. 18, with a number of variations, some of which are cited in the following notes. David addressed the words of this song to GOD, after GOD had saved him from the hands of all his enemies and from the hands of Saul. ",Ninguno
II_Samuel,22,2,ויאמר יהוה סלעי ומצדתי ומפלטילי,"He said:O  ETERNAL One, my crag, my fortress, my deliverer!",Ninguno
II_Samuel,22,3,אלהי צורי אחסהבו&nbsp;&nbsp;&nbsp;&nbsp;&nbsp;&nbsp;&nbsp;&nbsp;מגני וקרן ישעי משגבי ומנוסי&nbsp;&nbsp;&nbsp;&nbsp;&nbsp;&nbsp;&nbsp;&nbsp;משעי מחמס תשעני,"O God, the rockbGod, the rock Lit. “the God of my rock”; Ps. 18.3 “my God, my rock.” in which I take shelter:My shield, my mighty champion,cmighty champion Lit. “horn of rescue.” my haven and refuge!My savior, You who rescue me from violence!",Ninguno
II_Samuel,22,4,מהלל אקרא יהוה&nbsp;&nbsp;&nbsp;&nbsp;&nbsp;&nbsp;&nbsp;&nbsp;ומאיבי אושע,All praise! I called on  GOD dAll praise! I called on GOD Construction of Heb. uncertain. And was delivered from my enemies.,Ninguno
II_Samuel,22,5,כי אפפני משברימות&nbsp;&nbsp;&nbsp;&nbsp;&nbsp;&nbsp;&nbsp;&nbsp;נחלי בליעל יבעתני,"For the breakers of Death encompassed me,The torrents of BelialeBelial I.e., the netherworld, like “Death” and “Sheol.” terrified me;",Ninguno
II_Samuel,22,6,חבלי שאול סבני&nbsp;&nbsp;&nbsp;&nbsp;&nbsp;&nbsp;&nbsp;&nbsp;קדמני מקשי מות,"The ropes of Sheol encircled me,The snares of Death engulfed me.",Ninguno
II_Samuel,22,7,בצרלי אקרא יהוה ואלאלהי אקרא&nbsp;&nbsp;&nbsp;&nbsp;&nbsp;&nbsp;&nbsp;&nbsp;וישמע מהיכלו קולי ושועתי באזניו,"In my anguish I called on  the ETERNAL,Cried out to my God,Who from a heavenly abodefa heavenly abode Lit. “His temple”; cf. v. 10. heard my voice,Whose ears received my cry.",Ninguno
II_Samuel,22,8,"<span class=""mam-kq""><span class=""mam-kq-k"">(ותגעש)</span> <span class=""mam-kq-q"">[ויתגעש]</span></span> ותרעש הארץ&nbsp;&nbsp;&nbsp;&nbsp;&nbsp;&nbsp;&nbsp;&nbsp;מוסדות השמים ירגזו ויתגעשו כיחרה לו","Then the earth rocked and quaked,The foundations of heavengheaven Cf. Ps. 18.8 “mountains.” shook—Rocked by divine indignation.",Ninguno
II_Samuel,22,9,עלה עשן באפו ואש מפיו תאכל&nbsp;&nbsp;&nbsp;&nbsp;&nbsp;&nbsp;&nbsp;&nbsp;גחלים בערו ממנו,Smoke went up from God’s nostrils—Devouring fire from God’s mouth;Live coals blazing forth.,Ninguno
II_Samuel,22,10,ויט שמים וירד&nbsp;&nbsp;&nbsp;&nbsp;&nbsp;&nbsp;&nbsp;&nbsp;וערפל תחת רגליו,"[God] bent the sky and came down,Thick cloud beneath divine feet.",Ninguno
II_Samuel,22,11,וירכב עלכרוב ויעף&nbsp;&nbsp;&nbsp;&nbsp;&nbsp;&nbsp;&nbsp;&nbsp;וירא עלכנפירוח,"[God] mounted a cherub and flew,And was seenhAnd was seen Cf. Ps. 18.11 “gliding.” on the wings of the wind.",Ninguno
II_Samuel,22,12,וישת חשך סביבתיו סכות&nbsp;&nbsp;&nbsp;&nbsp;&nbsp;&nbsp;&nbsp;&nbsp;חשרתמים עבי שחקים,"Pavilions of darkness all around,Dripping clouds, huge thunderheads;",Ninguno
II_Samuel,22,13,מנגה נגדו בערו גחליאש&nbsp;&nbsp;&nbsp;&nbsp;&nbsp;&nbsp;&nbsp;&nbsp;,In the divine brillianceBlazed fiery coals.,Ninguno
II_Samuel,22,14,ירעם מןשמים יהוה ועליון יתן קולו&nbsp;&nbsp;&nbsp;&nbsp;&nbsp;&nbsp;&nbsp;&nbsp;,"  GOD   thundered from heaven,The Most High gave forth voice—",Ninguno
II_Samuel,22,15,"וישלח חצים ויפיצם ברק <span class=""mam-kq""><span class=""mam-kq-k"">(ויהמם)</span> <span class=""mam-kq-q"">[ויהם]</span></span>","Letting shafts fly, and scattering them;ithem I.e., the enemies in v. 4. Lightning, and routing them.",Ninguno
II_Samuel,22,16,ויראו אפקי ים יגלו מסדות תבל&nbsp;&nbsp;&nbsp;&nbsp;&nbsp;&nbsp;&nbsp;&nbsp;בגערת יהוה מנשמת רוח אפו,"The bed of the sea was exposed,The foundations of the world were laid bareBy  the ETERNAL’s mighty roaring,At the blast of God’s breath.jGod’s breath Lit. “the breath of His nostrils.” ",Ninguno
II_Samuel,22,17,ישלח ממרום יקחני&nbsp;&nbsp;&nbsp;&nbsp;&nbsp;&nbsp;&nbsp;&nbsp;ימשני ממים רבים,"Reaching down from on high, [God] took me,Drawing me out of the mighty waterskmighty waters Cf. v. 5.—",Ninguno
II_Samuel,22,18,יצילני מאיבי עז&nbsp;&nbsp;&nbsp;&nbsp;&nbsp;&nbsp;&nbsp;&nbsp;משנאי כי אמצו ממני,"Rescuing me from my fierce enemy,From foes too strong for me.",Ninguno
II_Samuel,22,19,יקדמני ביום אידי ויהי יהוה משען לי&nbsp;&nbsp;&nbsp;&nbsp;&nbsp;&nbsp;&nbsp;&nbsp;,"They attacked me on my day of calamity,But  GOD was my support.",Ninguno
II_Samuel,22,20,ויצא למרחב אתי יחלצני כיחפץ בי&nbsp;&nbsp;&nbsp;&nbsp;&nbsp;&nbsp;&nbsp;&nbsp;,"Bringing me out to freedom,Pleased with me enough to rescue me.",Ninguno
II_Samuel,22,21,יגמלני יהוה כצדקתי כבר ידי ישיב לי&nbsp;&nbsp;&nbsp;&nbsp;&nbsp;&nbsp;&nbsp;&nbsp;,"  GOD   rewarded me according to my merit,Requiting the cleanness of my hands—",Ninguno
II_Samuel,22,22,כי שמרתי דרכי יהוה ולא רשעתי מאלהי&nbsp;&nbsp;&nbsp;&nbsp;&nbsp;&nbsp;&nbsp;&nbsp;,For I have kept to the ways of  GOD And have not been guilty before my God;,Ninguno
II_Samuel,22,23,"כי כל<span class=""mam-kq-trivial"">משפטו</span> לנגדי וחקתיו לאאסור ממנה",For I am mindful of all God’s rulesAnd have not departed from God’s laws.,Ninguno
II_Samuel,22,24,ואהיה תמים לו&nbsp;&nbsp;&nbsp;&nbsp;&nbsp;&nbsp;&nbsp;&nbsp;ואשתמרה מעוני,"I have been blameless before [God],And have guarded myself against sinning—",Ninguno
II_Samuel,22,25,וישב יהוה לי כצדקתי&nbsp;&nbsp;&nbsp;&nbsp;&nbsp;&nbsp;&nbsp;&nbsp;כברי לנגד עיניו,And  GOD has requited my meritAccording to my evident cleanness.,Ninguno
II_Samuel,22,26,עםחסיד תתחסד&nbsp;&nbsp;&nbsp;&nbsp;&nbsp;&nbsp;&nbsp;&nbsp;עםגבור תמים תתמם,"With the loyal, You deal loyally;With the blameless hero,lhero Cf. Ps. 18.26 “man.” blamelessly.",Ninguno
II_Samuel,22,27,עםנבר תתבר&nbsp;&nbsp;&nbsp;&nbsp;&nbsp;&nbsp;&nbsp;&nbsp;ועםעקש תתפל,"With the pure, You act in purity,And with the perverse, You are wily.",Ninguno
II_Samuel,22,28,ואתעם עני תושיע&nbsp;&nbsp;&nbsp;&nbsp;&nbsp;&nbsp;&nbsp;&nbsp;ועיניך עלרמים תשפיל,"To lowly folk You give victory,And You look with scorn on the haughty.mAnd You look with scorn on the haughty Lit. “And lower Your eyes on the haughty”; Ps. 18.28 “But haughty eyes You humble.” ",Ninguno
II_Samuel,22,29,כיאתה נירי יהוה&nbsp;&nbsp;&nbsp;&nbsp;&nbsp;&nbsp;&nbsp;&nbsp;ויהוה יגיה חשכי,"You, O  ETERNAL One, are my lamp;  GOD   lights up my darkness.",Ninguno
II_Samuel,22,30,כי בכה ארוץ גדוד&nbsp;&nbsp;&nbsp;&nbsp;&nbsp;&nbsp;&nbsp;&nbsp;באלהי אדלגשור,"With You, I can rush a barrier;nbarrier Cf. postbiblical gedudiyyoth “walls,” Aramaic gudda, “wall.” With my God, I can scale a wall.",Ninguno
II_Samuel,22,31,האל תמים דרכו אמרת יהוה צרופה&nbsp;&nbsp;&nbsp;&nbsp;&nbsp;&nbsp;&nbsp;&nbsp;מגן הוא לכל החסים בו,"The way of God is perfect,The word of  the ETERNAL is pure.[God] shields all who seek refuge.",Ninguno
II_Samuel,22,32,כי מיאל מבלעדי יהוה&nbsp;&nbsp;&nbsp;&nbsp;&nbsp;&nbsp;&nbsp;&nbsp;ומי צור מבלעדי אלהינו,"Truly, who is a god except  the ETERNAL,Who is a rock except our God?—",Ninguno
II_Samuel,22,33,"האל מעוזי חיל&nbsp;&nbsp;&nbsp;&nbsp;&nbsp;&nbsp;&nbsp;&nbsp;ויתר תמים <span class=""mam-kq""><span class=""mam-kq-k"">(דרכו)</span> <span class=""mam-kq-q"">[דרכי]</span></span>","The God, my mighty stronghold,omy mighty stronghold Cf. Ps. 18.33 “who girded me with might.” Who keptpkept Meaning of Heb. uncertain; Ps. 18.33 “made.” my path secure;",Ninguno
II_Samuel,22,34,"משוה <span class=""mam-kq""><span class=""mam-kq-k"">(רגליו)</span> <span class=""mam-kq-q"">[רגלי]</span></span> כאילות&nbsp;&nbsp;&nbsp;&nbsp;&nbsp;&nbsp;&nbsp;&nbsp;ועל במתי יעמדני","Who made my legs like a deer’s,And set me firmly on theqthe Taking bamothai as a poetic form of bamoth; cf. Hab. 3.19; in contrast to others “my.” heights;",Ninguno
II_Samuel,22,35,מלמד ידי למלחמה&nbsp;&nbsp;&nbsp;&nbsp;&nbsp;&nbsp;&nbsp;&nbsp;ונחת קשתנחושה זרעתי,Who trained my hands for battle—My arms can bend a bow of bronze!,Ninguno
II_Samuel,22,36,ותתןלי מגן ישעך וענתך תרבני&nbsp;&nbsp;&nbsp;&nbsp;&nbsp;&nbsp;&nbsp;&nbsp;,You have granted me the shield of Your protectionAnd Your providence has made me great.rAnd Your providence has made me great Meaning of Heb. uncertain. ,Ninguno
II_Samuel,22,37,תרחיב צעדי תחתני ולא מעדו קרסלי,You have let me stride on freely;My feet have not slipped.,Ninguno
II_Samuel,22,38,ארדפה איבי ואשמידם&nbsp;&nbsp;&nbsp;&nbsp;&nbsp;&nbsp;&nbsp;&nbsp;ולא אשוב עדכלותם,"I pursued my enemies and wiped them out,I did not turn back till I destroyed them.",Ninguno
II_Samuel,22,39,ואכלם ואמחצם ולא יקומון&nbsp;&nbsp;&nbsp;&nbsp;&nbsp;&nbsp;&nbsp;&nbsp;ויפלו תחת רגלי,"I destroyed them, I struck them down;They rose no more, they lay at my feet.",Ninguno
II_Samuel,22,40,ותזרני חיל למלחמה&nbsp;&nbsp;&nbsp;&nbsp;&nbsp;&nbsp;&nbsp;&nbsp;תכריע קמי תחתני,"You have girded me with strength for battle,Brought low my adversaries before me,",Ninguno
II_Samuel,22,41,ואיבי תתה לי ערף משנאי ואצמיתם&nbsp;&nbsp;&nbsp;&nbsp;&nbsp;&nbsp;&nbsp;&nbsp;,"Made my enemies turn tail before me,My foes—and I wiped them out.",Ninguno
II_Samuel,22,42,ישעו ואין משיע אליהוה ולא ענם,"They looked,slooked Cf. Ps. 18.42 “cried out.” but there was none to deliver;To  GOD, who did not answer them.",Ninguno
II_Samuel,22,43,ואשחקם כעפרארץ&nbsp;&nbsp;&nbsp;&nbsp;&nbsp;&nbsp;&nbsp;&nbsp;כטיטחוצות אדקם ארקעם,"I pounded them like dust of the earth,Stamped, crushed them like dirt of the streets.",Ninguno
II_Samuel,22,44,ותפלטני מריבי עמי תשמרני לראש גוים&nbsp;&nbsp;&nbsp;&nbsp;&nbsp;&nbsp;&nbsp;&nbsp;עם לאידעתי יעבדני,"You have rescued me from the strife of peoples,tpeoples So some mss. and the Septuagint; Tiberian Masoretic mss. and the printed editions “my people.” Kept me to beuKept me to be Cf. Ps. 18.44 “set me.” at the head of nations;Peoples I knew not must serve me.",Percepción (Yada)
II_Samuel,22,45,בני נכר יתכחשולי לשמוע אזן ישמעו לי&nbsp;&nbsp;&nbsp;&nbsp;&nbsp;&nbsp;&nbsp;&nbsp;,"Foreign peoples cringe before me,Are submissive at the mere report of me.",Ninguno
II_Samuel,22,46,בני נכר יבלו ויחגרו ממסגרותם,Foreign peoples lose courageAnd come trembling out of their strongholds.vAnd come trembling out of their strongholds Meaning of Heb. uncertain. ,Ninguno
II_Samuel,22,47,חייהוה וברוך צורי&nbsp;&nbsp;&nbsp;&nbsp;&nbsp;&nbsp;&nbsp;&nbsp;וירם אלהי צור ישעי," The ETERNAL  lives! Blessed is my rock!Exalted be God, the rockWho gives me victory;",Ninguno
II_Samuel,22,48,האל הנתן נקמת לי&nbsp;&nbsp;&nbsp;&nbsp;&nbsp;&nbsp;&nbsp;&nbsp;ומריד עמים תחתני,"The God who has vindicated meAnd made peoples subject to me,",Ninguno
II_Samuel,22,49,ומוציאי מאיבי ומקמי תרוממני&nbsp;&nbsp;&nbsp;&nbsp;&nbsp;&nbsp;&nbsp;&nbsp;מאיש חמסים תצילני,"Who rescued me from my enemies,Who raised me clear of my adversaries,Saved me from the lawless opposition!",Ninguno
II_Samuel,22,50,עלכן אודך יהוה בגוים&nbsp;&nbsp;&nbsp;&nbsp;&nbsp;&nbsp;&nbsp;&nbsp;ולשמך אזמר,"For this I sing Your praise,  ETERNAL One, among the nationsAnd hymn Your name:",Ninguno
II_Samuel,22,51,"<span class=""mam-kq""><span class=""mam-kq-k"">(מגדיל)</span> <span class=""mam-kq-q"">[מגדול]</span></span> ישועות מלכו ועשהחסד למשיחו&nbsp;&nbsp;&nbsp;&nbsp;&nbsp;&nbsp;&nbsp;&nbsp;לדוד ולזרעו עדעולם&nbsp;<span class=""mam-spi-pe"">{פ}</span><br>","Tower of victorywTower of victory Kethib and Ps. 18.51 read “He accords wondrous victories.” to YourxYour Heb. 3rd person. king,Keeping faith with YouryYour See preceding note. anointed,With David and his offspring evermore.",Ninguno
II_Samuel,23,1,ואלה דברי דוד האחרנים נאם דוד בןישי ונאם הגבר הקם על משיח אלהי יעקב ונעים זמרות ישראל,"These are the last words of David:aMeaning of much of this poem (vv. 1–7) uncertain. The utterance of David son of Jesse,The utterance of the man set on high,bset on high 4QSamᵃ reads “God raised up.” The anointed of the God of Jacob,The favorite of the songs of Israel:cThe favorite of the songs of Israel Or “The favorite of the Mighty One of Israel”; cf. Exod. 15.2. In contrast to others “The sweet singer of Israel.” ",Ninguno
II_Samuel,23,2,רוח יהוה דברבי ומלתו עללשוני,"The spirit of  GOD has spoken through me,God’s message is on my tongue;",Ninguno
II_Samuel,23,3,אמר אלהי ישראל לי דבר צור ישראל מושל באדם צדיק מושל יראת אלהים,"The God of Israel has spoken,The Rock of Israel said concerning me:“He who rules over people justly,He who rules indin So many Heb. mss. Most mss. and the printed editions lack “in.” awe of God",Ninguno
II_Samuel,23,4,וכאור בקר יזרחשמש בקר לא עבות מנגה ממטר דשא מארץ,"Is like the light of morning at sunrise,A morning without clouds—Through sunshine and rain[Bringing]eThrough sunshine and rain / [Bringing] Meaning of Heb. uncertain. vegetation out of the earth.”",Ninguno
II_Samuel,23,5,כילאכן ביתי עםאל כי ברית עולם שם לי ערוכה בכל ושמרה כיכלישעי וכלחפץ כילא יצמיח,"Is not my House established before God?For I have been granted an eternal pact,Drawn up in full and secured.Will [God] not cause all my successAnd [my] every desire to blossom?",Ninguno
II_Samuel,23,6,ובליעל כקוץ מנד כלהם כילא ביד יקחו,But the wicked shall allBe raked aside like thorns;For no one will pick them up by hand.,Ninguno
II_Samuel,23,7,"ואיש יגע בהם ימלא ברזל ועץ חנית ובאש שרוף ישרפו בשבת&nbsp;<span class=""mam-spi-pe"">{פ}</span><br>",Whoever touches themMust be armed with ironAnd the shaft of a spear;And they must be burned up on the spot.,Ninguno
II_Samuel,23,8,"אלה שמות הגברים אשר לדוד ישב בשבת תחכמני&thinsp;<b></b> ראש השלשי הוא עדינו <span class=""mam-kq""><span class=""mam-kq-k"">(העצנו)</span> <span class=""mam-kq-q"">[העצני]</span></span> עלשמנה מאות חלל בפעם <span class=""mam-kq""><span class=""mam-kq-k"">(אחד)</span> <span class=""mam-kq-q"">[אחת]</span></span>&nbsp;<span class=""mam-spi-samekh"">{ס}</span>&nbsp;&nbsp;&nbsp;&nbsp;&nbsp;&nbsp;&nbsp;&nbsp;","These are the namesfA number of these names, with variations, are found in 1 Chron. 11 and 27. of David’s warriors: Josheb-basshebeth, a Tahchemonite, the chief officer—he is Adino the Eznite; [he wielded his spear]g[he wielded his spear] Preserved in 1 Chron. 11.11; similarly some Septuagint mss. of 2 Sam. against eight hundred and slew themhand slew them Lit. “slain.” on one occasion.",Ninguno
II_Samuel,23,9,"<span class=""mam-kq-trivial"">ואחרו</span> אלעזר בן<span class=""mam-kq""><span class=""mam-kq-q"">[דדו]</span> <span class=""mam-kq-k"">(דדי)</span></span> בןאחחי בשלשה <span class=""mam-kq""><span class=""mam-kq-k"">(גברים)</span> <span class=""mam-kq-q"">[הגברים]</span></span> עםדוד בחרפם בפלשתים נאספושם למלחמה ויעלו איש ישראל","Next to him was Eleazar son of Dodo son of Ahohi. He was one of the three warriors with David when they defied the Philistines gathered there for battle. Israel’s force retreated, ",Ninguno
II_Samuel,23,10,"הוא קם ויך בפלשתים עד&thinsp;<b></b> כייגעה ידו ותדבק ידו אלהחרב ויעש יהוה תשועה גדולה ביום ההוא והעם ישבו אחריו אךלפשט&nbsp;<span class=""mam-spi-samekh"">{ס}</span>&nbsp;&nbsp;&nbsp;&nbsp;&nbsp;&nbsp;&nbsp;&nbsp;",but he held his ground. He struck down Philistines until his arm grew tired and his hand stuck to his sword; and GOD wrought a great victory that day. Then the troops came back to him—but only to strip [the slain].,Ninguno
II_Samuel,23,11,ואחריו שמה בןאגא הררי ויאספו פלשתים לחיה ותהישם חלקת השדה מלאה עדשים והעם נס מפני פלשתים,Next to him was Shammah son of Age the Ararite. The Philistines had gathered in forceiin force Meaning of Heb. uncertain. where there was a plot of ground full of lentils; and the troops fled from the Philistines. ,Ninguno
II_Samuel,23,12,"ויתיצב בתוךהחלקה ויצילה ויך אתפלשתים ויעש יהוה תשועה גדולה&nbsp;<span class=""mam-spi-samekh"">{ס}</span>&nbsp;&nbsp;&nbsp;&nbsp;&nbsp;&nbsp;&nbsp;&nbsp;","But [Shammah] took his stand in the middle of the plot and defended it, and he routed the Philistines. Thus GOD wrought a great victory.",Ninguno
II_Samuel,23,13,"וירדו <span class=""mam-kq""><span class=""mam-kq-k"">(שלשים)</span> <span class=""mam-kq-q"">[שלשה]</span></span> מהשלשים ראש ויבאו אלקציר אלדוד אלמערת עדלם וחית פלשתים חנה בעמק רפאים","Once, during the harvest,jOnce, during the harvest Meaning of Heb. uncertain. three of the thirty chiefs went down to David at the cavekcave See note at 1 Sam. 22.1. of Adullam, while a force of Philistines was encamped in the Valley of Rephaim. ",Ninguno
II_Samuel,23,14,ודוד אז במצודה ומצב פלשתים אז בית לחם,"David was then in the stronghold,lthe stronghold See note at 1 Sam. 22.1. and a Philistine garrison was then at Bethlehem. ",Ninguno
II_Samuel,23,15,"ויתאוה דוד ויאמר מי ישקני מים מבאר ביתלחם אשר בשער&nbsp;<span class=""mam-spi-samekh"">{ס}</span>&nbsp;&nbsp;&nbsp;&nbsp;&nbsp;&nbsp;&nbsp;&nbsp;","David felt a craving and said, “If only I could get a drink of water from the cistern that is by the gate of Bethlehem!” ",Ninguno
II_Samuel,23,16,ויבקעו שלשת הגברים במחנה פלשתים וישאבומים מבאר ביתלחם אשר בשער וישאו ויבאו אלדוד ולא אבה לשתותם ויסך אתם ליהוה,"So the three warriors got through the Philistine camp and drew water from the cistern that is by the gate of Bethlehem, and they carried it back. But when they brought it to David he would not drink it, and he poured it out as a libation to GOD. ",Ninguno
II_Samuel,23,17,"ויאמר חלילה לי יהוה מעשתי זאת הדם האנשים ההלכים בנפשותם ולא אבה לשתותם אלה עשו שלשת הגברים&nbsp;<span class=""mam-spi-samekh"">{ס}</span>&nbsp;&nbsp;&nbsp;&nbsp;&nbsp;&nbsp;&nbsp;&nbsp;","For he said, “GOD forbid that I should do this! Can [I drink]m[I drink] So Septuagint and 1 Chron. 11.19. the blood of the men who went at the risk of their lives?” So he would not drink it. Such were the exploits of the three warriors.",Ninguno
II_Samuel,23,18,"ואבישי אחי&thinsp;<b></b> יואב בןצרויה הוא ראש <span class=""mam-kq""><span class=""mam-kq-k"">(השלשי)</span> <span class=""mam-kq-q"">[השלשה]</span></span> והוא עורר אתחניתו עלשלש מאות חלל ולושם בשלשה","Abishai, the brother of Joab son of Zeruiah, was head of another three.nanother three Two Heb. mss. and Syriac read “the thirty”; cf. vv. 23–24. He once wielded his spear against three hundred and slew them.oand slew them Meaning of Heb. uncertain. ",Ninguno
II_Samuel,23,19,"מןהשלשה הכי נכבד ויהי להם לשר ועדהשלשה לאבא&nbsp;<span class=""mam-spi-samekh"">{ס}</span>&nbsp;&nbsp;&nbsp;&nbsp;&nbsp;&nbsp;&nbsp;&nbsp;","He won a name among the three;pthree Emendation yields “thirty.” since he was the most highly regarded among the three,qthree See previous note. he became their leader. However, he did not attain to the three.",Ninguno
II_Samuel,23,20,"ובניהו בןיהוידע בןאיש<span class=""mam-kq""><span class=""mam-kq-q"">[חיל]</span> <span class=""mam-kq-k"">(חי)</span></span> רבפעלים מקבצאל הוא הכה את שני אראל מואב והוא ירד והכה את<span class=""mam-kq""><span class=""mam-kq-q"">[הארי]</span> <span class=""mam-kq-k"">(האריה)</span></span> בתוך הבאר ביום השלג","Benaiah son of Jehoiada, from Kabzeel, was a brave soldierra brave soldier Heb. “the son of a brave soldier.” who performed great deeds. He killed the two [sons] of Ariel of Moab.sHe killed the two [sons] of Ariel of Moab Meaning of Heb. uncertain. Once, on a snowy day, he went down into a pit and killed a lion. ",Percepción (Yada)
II_Samuel,23,21,"והואהכה אתאיש מצרי <span class=""mam-kq""><span class=""mam-kq-k"">(אשר)</span> <span class=""mam-kq-q"">[איש]</span></span> מראה וביד המצרי חנית וירד אליו בשבט ויגזל אתהחנית מיד המצרי ויהרגהו בחניתו","He also killed an Egyptian,tan Egyptian Or “an Egyptian opponent.” a hugeuhuge Meaning of Heb. uncertain. 1 Chron. 11.23 reads “a giant of a man.” man. The Egyptian had a spear in his hand, yet [Benaiah] went down against him with a club, wrenched the spear out of the Egyptian’s hand, and killed him with his own spear. ",Ninguno
II_Samuel,23,22,אלה עשה בניהו בןיהוידע ולושם בשלשה הגברים,Such were the exploits of Benaiah son of Jehoiada; and he won a name among the threevthree See first note at v. 19. warriors. ,Percepción (Yada)
II_Samuel,23,23,"מןהשלשים נכבד ואלהשלשה לאבא וישמהו דוד אלמשמעתו&nbsp;<span class=""mam-spi-samekh"">{ס}</span>&nbsp;&nbsp;&nbsp;&nbsp;&nbsp;&nbsp;&nbsp;&nbsp;","He was highly regarded among the thirty, but he did not attain to the three. David put him in charge of his bodyguard.wbodyguard Meaning of Heb. uncertain. ",Ninguno
II_Samuel,23,24,"עשהאל אחייואב בשלשים אלחנן בןדדו בית לחם&nbsp;<span class=""mam-spi-samekh"">{ס}</span>&nbsp;&nbsp;&nbsp;&nbsp;&nbsp;&nbsp;&nbsp;&nbsp;","Among the thirty were Asahel, the brother of Joab; Elhanan son of Dodo [from] Bethlehem, ",Ninguno
II_Samuel,23,25,"שמה החרדי&nbsp;<span class=""mam-spi-samekh"">{ס}</span>&nbsp;&nbsp;&nbsp;&nbsp;&nbsp;&nbsp;&nbsp;&nbsp;אליקא החרדי&nbsp;<span class=""mam-spi-samekh"">{ס}</span>&nbsp;&nbsp;&nbsp;&nbsp;&nbsp;&nbsp;&nbsp;&nbsp;","Shammah the Harodite, Elika the Harodite, ",Ninguno
II_Samuel,23,26,"חלץ הפלטי&nbsp;<span class=""mam-spi-samekh"">{ס}</span>&nbsp;&nbsp;&nbsp;&nbsp;&nbsp;&nbsp;&nbsp;&nbsp;עירא בןעקש&nbsp;<span class=""mam-spi-samekh"">{ס}</span>&nbsp;&nbsp;&nbsp;&nbsp;&nbsp;&nbsp;&nbsp;&nbsp;התקועי&nbsp;<span class=""mam-spi-samekh"">{ס}</span>&nbsp;&nbsp;&nbsp;&nbsp;&nbsp;&nbsp;&nbsp;&nbsp;","Helez the Paltite, Ira son of Ikkesh from Tekoa, ",Ninguno
II_Samuel,23,27,"אביעזר הענתתי&nbsp;<span class=""mam-spi-samekh"">{ס}</span>&nbsp;&nbsp;&nbsp;&nbsp;&nbsp;&nbsp;&nbsp;&nbsp;מבני החשתי&nbsp;<span class=""mam-spi-samekh"">{ס}</span>&nbsp;&nbsp;&nbsp;&nbsp;&nbsp;&nbsp;&nbsp;&nbsp;","Abiezer of Anathoth, Mebunnai the Hushathite, ",Ninguno
II_Samuel,23,28,"צלמון האחחי&nbsp;<span class=""mam-spi-samekh"">{ס}</span>&nbsp;&nbsp;&nbsp;&nbsp;&nbsp;&nbsp;&nbsp;&nbsp;מהרי הנטפתי&nbsp;<span class=""mam-spi-samekh"">{ס}</span>&nbsp;&nbsp;&nbsp;&nbsp;&nbsp;&nbsp;&nbsp;&nbsp;","Zalmon the Ahohite, Maharai the Netophathite, ",Ninguno
II_Samuel,23,29,"חלב בןבענה הנטפתי&nbsp;<span class=""mam-spi-samekh"">{ס}</span>&nbsp;&nbsp;&nbsp;&nbsp;&nbsp;&nbsp;&nbsp;&nbsp;אתי בןריבי מגבעת בני בנימן&nbsp;<span class=""mam-spi-samekh"">{ס}</span>&nbsp;&nbsp;&nbsp;&nbsp;&nbsp;&nbsp;&nbsp;&nbsp;","Heleb son of Baanah the Netophathite, Ittai son of Ribai from Gibeah of the Benjaminites, ",Ninguno
II_Samuel,23,30,"בניהו פרעתני&nbsp;<span class=""mam-spi-samekh"">{ס}</span>&nbsp;&nbsp;&nbsp;&nbsp;&nbsp;&nbsp;&nbsp;&nbsp;הדי מנחלי געש&nbsp;<span class=""mam-spi-samekh"">{ס}</span>&nbsp;&nbsp;&nbsp;&nbsp;&nbsp;&nbsp;&nbsp;&nbsp;","Benaiah of Pirathon, Hiddai of Nahale-gaash, ",Ninguno
II_Samuel,23,31,"אביעלבון הערבתי&nbsp;<span class=""mam-spi-samekh"">{ס}</span>&nbsp;&nbsp;&nbsp;&nbsp;&nbsp;&nbsp;&nbsp;&nbsp;עזמות הברחמי&nbsp;<span class=""mam-spi-samekh"">{ס}</span>&nbsp;&nbsp;&nbsp;&nbsp;&nbsp;&nbsp;&nbsp;&nbsp;","Abi-albon the Arbathite, Azmaveth the Barhumite, ",Ninguno
II_Samuel,23,32,"אליחבא השעלבני&nbsp;<span class=""mam-spi-samekh"">{ס}</span>&nbsp;&nbsp;&nbsp;&nbsp;&nbsp;&nbsp;&nbsp;&nbsp;בני ישן יהונתן&nbsp;<span class=""mam-spi-samekh"">{ס}</span>&nbsp;&nbsp;&nbsp;&nbsp;&nbsp;&nbsp;&nbsp;&nbsp;","Eliahba of Shaalbon, sons of Jashen, Jonathan,xJashen, Jonathan Meaning of Heb. uncertain. ",Ninguno
II_Samuel,23,33,"שמה ההררי&nbsp;<span class=""mam-spi-samekh"">{ס}</span>&nbsp;&nbsp;&nbsp;&nbsp;&nbsp;&nbsp;&nbsp;&nbsp;אחיאם בןשרר האררי&nbsp;<span class=""mam-spi-samekh"">{ס}</span>&nbsp;&nbsp;&nbsp;&nbsp;&nbsp;&nbsp;&nbsp;&nbsp;","Shammah the Ararite, Ahiam son of Sharar the Ararite, ",Ninguno
II_Samuel,23,34,"אליפלט בןאחסבי בןהמעכתי&nbsp;<span class=""mam-spi-samekh"">{ס}</span>&nbsp;&nbsp;&nbsp;&nbsp;&nbsp;&nbsp;&nbsp;&nbsp;אליעם בןאחיתפל הגלני&nbsp;<span class=""mam-spi-samekh"">{ס}</span>&nbsp;&nbsp;&nbsp;&nbsp;&nbsp;&nbsp;&nbsp;&nbsp;","Eliphelet son of Ahasbai son of the Maacathite, Eliam son of Ahithophel the Gilonite, ",Ninguno
II_Samuel,23,35,"<span class=""mam-kq""><span class=""mam-kq-k"">(חצרו)</span> <span class=""mam-kq-q"">[חצרי]</span></span> הכרמלי&nbsp;<span class=""mam-spi-samekh"">{ס}</span>&nbsp;&nbsp;&nbsp;&nbsp;&nbsp;&nbsp;&nbsp;&nbsp;פערי הארבי&nbsp;<span class=""mam-spi-samekh"">{ס}</span>&nbsp;&nbsp;&nbsp;&nbsp;&nbsp;&nbsp;&nbsp;&nbsp;","Hezrai the Carmelite, Paarai the Arbite, ",Ninguno
II_Samuel,23,36,"יגאל בןנתן מצבה&nbsp;<span class=""mam-spi-samekh"">{ס}</span>&nbsp;&nbsp;&nbsp;&nbsp;&nbsp;&nbsp;&nbsp;&nbsp;בני הגדי&nbsp;<span class=""mam-spi-samekh"">{ס}</span>&nbsp;&nbsp;&nbsp;&nbsp;&nbsp;&nbsp;&nbsp;&nbsp;","Igal son of Nathan from Zobah, Bani the Gadite, ",Ninguno
II_Samuel,23,37,"צלק העמני&nbsp;<span class=""mam-spi-samekh"">{ס}</span>&nbsp;&nbsp;&nbsp;&nbsp;&nbsp;&nbsp;&nbsp;&nbsp;נחרי הבארתי <span class=""mam-kq""><span class=""mam-kq-k"">(נשאי)</span> <span class=""mam-kq-q"">[נשא]</span></span> כלי יואב בןצריה&nbsp;<span class=""mam-spi-samekh"">{ס}</span>&nbsp;&nbsp;&nbsp;&nbsp;&nbsp;&nbsp;&nbsp;&nbsp;","Zelek the Ammonite, Naharai the Beerothite—the arms-bearer of Joab son of Zeruiah— ",Ninguno
II_Samuel,23,38,"עירא היתרי&nbsp;<span class=""mam-spi-samekh"">{ס}</span>&nbsp;&nbsp;&nbsp;&nbsp;&nbsp;&nbsp;&nbsp;&nbsp;גרב היתרי&nbsp;<span class=""mam-spi-samekh"">{ס}</span>&nbsp;&nbsp;&nbsp;&nbsp;&nbsp;&nbsp;&nbsp;&nbsp;","Ira the Ithrite, Gareb the Ithrite, ",Ninguno
II_Samuel,23,39,"אוריה החתי כל שלשים ושבעה&nbsp;<span class=""mam-spi-pe"">{פ}</span><br>","Uriah the Hittite: thirty-seven in all.ythirty-seven in all Septuagint and 1 Chron. 11 differ from the foregoing lists in vv. 8–38, and from each other in the number and forms of the names. ",Ninguno
II_Samuel,24,1,ויסף אףיהוה לחרות בישראל ויסת אתדוד בהם לאמר לך מנה אתישראל ואתיהודה,"aThis passage is also found, with some variations, in 1 Chron. 21.1–26. GOD’s anger againbagain Cf. above 21.1–14. flared up against Israel; and [God] incited David against them, saying, “Go and number Israel and Judah.” ",Ninguno
II_Samuel,24,2,"ויאמר המלך אליואב&thinsp;<b></b> שרהחיל אשראתו שוטנא בכלשבטי ישראל מדן ועדבאר שבע ופקדו אתהעם וידעתי את מספר העם&nbsp;<span class=""mam-spi-samekh"">{ס}</span>&nbsp;&nbsp;&nbsp;&nbsp;&nbsp;&nbsp;&nbsp;&nbsp;","The king said to Joab, his army commander,chis army commander Cf. 1 Chron. 21.2 “and to the officers of the army”; below, v. 4. “Make the rounds of all the tribes of Israel, from Dan to Beer-sheba, and take a census of the people, so that I may know the size of the population.” ",Percepción (Yada)
II_Samuel,24,3,ויאמר יואב אלהמלך ויוסף יהוה אלהיך אלהעם כהם&thinsp;<small></small>&thinsp;וכהם מאה פעמים ועיני אדניהמלך ראות ואדני המלך למה חפץ בדבר הזה,"Joab answered the king, “May the ETERNAL your God increase the number of the people a hundredfold, while your own eyes see it! But why should my lord king want this?” ",Ninguno
II_Samuel,24,4,ויחזק דברהמלך אליואב ועל שרי החיל ויצא יואב ושרי החיל לפני המלך לפקד אתהעם אתישראל,"However, the king’s command to Joab and to the officers of the army remained firm; and Joab and the officers of the army set out, at the king’s behest, to take a census of the people of Israel.",Ninguno
II_Samuel,24,5,ויעברו אתהירדן ויחנו בערוער ימין העיר אשר בתוךהנחל הגד ואליעזר,"They crossed the Jordan and encamped at Aroer, on the right side of the town, which is in the middle of the wadi of Gad, anddencamped at Aroer, on the right side of the town, which is … Gad, and Some Septuagint mss. read “began at Aroer, and from the town, which is … Gad, they.” [went on] to Jazer. ",Control/Derecha (Yamin)
II_Samuel,24,6,ויבאו הגלעדה ואלארץ תחתים חדשי ויבאו דנה יען וסביב אלצידון,"They continued to Gilead and to the region of Tahtim-hodshi, and they came to Dan-jaan and around toeTahtim-hodshi … and around to Meaning of Heb. uncertain. Sidon. ",Ninguno
II_Samuel,24,7,ויבאו מבצרצר וכלערי החוי והכנעני ויצאו אלנגב יהודה באר שבע,"They went onto the fortress of Tyre and all the towns of the Hivites and Canaanites, and finished at Beer-sheba in southern Judah. ",Ninguno
II_Samuel,24,8,וישטו בכלהארץ ויבאו מקצה תשעה חדשים ועשרים יום ירושל͏ם,"They traversed the whole country, and then they came back to Jerusalem at the end of nine months and twenty days. ",Ninguno
II_Samuel,24,9,ויתן יואב אתמספר מפקדהעם אלהמלך ותהי ישראל שמנה מאות אלף אישחיל שלף חרב ואיש יהודה חמשמאות אלף איש,"Joab reported to the king the number of the people that had been recorded: in Israel there were 800,000 soldiers ready to draw the sword, and Judah’s contingent numbered 500,000.",Ninguno
II_Samuel,24,10,"ויך לבדוד אתו אחריכן ספר אתהעם&nbsp;<span class=""mam-spi-pe"">{פ}</span><br>ויאמר דוד אליהוה חטאתי מאד אשר עשיתי ועתה יהוה העברנא אתעון עבדך כי נסכלתי מאד","But afterward David reproached himselffreproached himself See note at 1 Sam. 24.6. for having numbered the people. And David said to GOD, “I have sinned grievously in what I have done. Please, O GOD, remit the guilt of Your servant, for I have acted foolishly.” ",Ninguno
II_Samuel,24,11,"ויקם דוד בבקר&nbsp;<span class=""mam-spi-pe"">{פ}</span><br>ודבריהוה היה אלגד הנביא חזה דוד לאמר","When David rose in the morning, the word of GOD had come to the prophet Gad, David’s seer: ",Ninguno
II_Samuel,24,12,הלוך ודברת אלדוד כה אמר יהוה שלש אנכי נוטל עליך בחרלך אחתמהם ואעשהלך,"“Go and tell David, ‘Thus said GOD: I hold three things over you; choose one of them, and I will bring it upon you.’” ",Ninguno
II_Samuel,24,13,"ויבאגד אלדוד ויגדלו ויאמר לו התבוא לך שבעשנים&thinsp;<small></small>&thinsp;רעב&thinsp;<small></small>&thinsp;בארצך אםשלשה חדשים נסך לפניצריך והוא רדפך ואםהיות שלשת ימים דבר בארצך עתה דע וראה מהאשיב שלחי דבר&nbsp;<span class=""mam-spi-samekh"">{ס}</span>&nbsp;&nbsp;&nbsp;&nbsp;&nbsp;&nbsp;&nbsp;&nbsp;","Gad came to David and told him; he asked, “Shall a seven-year famine come upon you in the land, or shall you be in flight from your adversaries for three months while they pursue you, or shall there be three days of pestilence in your land? Now consider carefully what reply I shall take back to the One who sent me.” ",Ninguno
II_Samuel,24,14,ויאמר דוד אלגד צרלי מאד נפלהנא בידיהוה כירבים רחמו ובידאדם אלאפלה,"David said to Gad, “I am in great distress.gin great distress Or “deeply distressed.” Let us fall into the hands of GOD, whose compassion is great; and let me not fall into human hands.”hSeptuagint adds “So David chose the pestilence. It was the time of the wheat harvest.” ",Ninguno
II_Samuel,24,15,ויתן יהוה דבר בישראל מהבקר ועדעת מועד וימת מןהעם מדן ועדבאר שבע שבעים אלף איש,"  GOD  sent a pestilence upon Israel from morning until the set time;iuntil the set time Meaning of Heb. uncertain. and 70,000 of the people died, from Dan to Beer-sheba. ",Ninguno
II_Samuel,24,16,"וישלח ידו המלאך&thinsp;<small></small>&thinsp;ירושל͏ם לשחתה וינחם יהוה אלהרעה ויאמר למלאך המשחית בעם רב עתה הרף ידך ומלאך יהוה היה עםגרן <span class=""mam-kq""><span class=""mam-kq-k"">(האורנה)</span> <span class=""mam-kq-q"">[הארונה]</span></span> היבסי&nbsp;<span class=""mam-spi-samekh"">{ס}</span>&nbsp;&nbsp;&nbsp;&nbsp;&nbsp;&nbsp;&nbsp;&nbsp;","But when the angeljangel Lit. “messenger.” extended a hand against Jerusalem to destroy it, GOD renounced further punishment and said to the angel who was destroying the people, “Enough! Stay your hand!” The angel of GOD was then by the threshing floor of Araunah the Jebusite. ",Ninguno
II_Samuel,24,17,"ויאמר דוד אליהוה בראתו&thinsp;<b></b> אתהמלאך&thinsp;<b></b> המכה בעם ויאמר הנה אנכי חטאתי ואנכי העויתי ואלה הצאן מה עשו תהי נא ידך בי ובבית אבי&nbsp;<span class=""mam-spi-pe"">{פ}</span><br>","When David saw the angel who was striking down the people, he said to GOD, “I alone am guilty, I alone have done wrong; but these poor sheep, what have they done? Let Your hand fall upon me and my father’s house!”",Ninguno
II_Samuel,24,18,"ויבאגד אלדוד ביום ההוא ויאמר לו עלה הקם ליהוה מזבח בגרן <span class=""mam-kq""><span class=""mam-kq-k"">(ארניה)</span> <span class=""mam-kq-q"">[ארונה]</span></span> היבסי","Gad came to David the same day and said to him, “Go and set up an altar to GOD on the threshing floor of Araunah the Jebusite.” ",Ninguno
II_Samuel,24,19,ויעל דוד כדברגד כאשר צוה יהוה,"David went up, following Gad’s instructions, as GOD had commanded. ",Ninguno
II_Samuel,24,20,וישקף ארונה וירא אתהמלך ואתעבדיו עברים עליו ויצא ארונה וישתחו למלך אפיו ארצה,"Araunah looked out and saw the king and his courtiers approaching him.k4QSamᵃ and 1 Chron. 21.20 add “Araunah (Ornan) was threshing wheat.” So Araunah went out and bowed low to the king, with his face to the ground. ",Ninguno
II_Samuel,24,21,ויאמר ארונה מדוע בא אדניהמלך אלעבדו ויאמר דוד לקנות מעמך אתהגרן לבנות מזבח ליהוה ותעצר המגפה מעל העם,"And Araunah asked, “Why has my lord the king come to his servant?” David replied, “To buy the threshing floor from you, that I may build an altar to GOD and that the plague against the people may be checked.” ",Ninguno
II_Samuel,24,22,"ויאמר ארונה אלדוד יקח ויעל אדני המלך הטוב <span class=""mam-kq-trivial"">בעינו</span> ראה הבקר לעלה והמרגים וכלי הבקר לעצים","And Araunah said to David, “Let my lord the king take it and offer up whatever he sees fit. Here are oxen for a burnt offering, and the threshing boards and the gear of the oxen for wood. ",Ninguno
II_Samuel,24,23,"הכל נתן ארונה המלך למלך&nbsp;<span class=""mam-spi-samekh"">{ס}</span>&nbsp;&nbsp;&nbsp;&nbsp;&nbsp;&nbsp;&nbsp;&nbsp;ויאמר ארונה אלהמלך יהוה אלהיך ירצך","All this, O king,lO king Meaning of Heb. uncertain. Araunah gives to Your Majesty. And may the ETERNAL your God,” Araunah added, “respond to you with favor!”",Ninguno
II_Samuel,24,24,ויאמר המלך אלארונה לא כיקנו אקנה מאותך במחיר ולא אעלה ליהוה אלהי עלות חנם ויקן דוד אתהגרן ואתהבקר בכסף שקלים חמשים,"But the king replied to Araunah, “No, I will buy them from you at a price. I cannot sacrifice to the ETERNAL my God burnt offerings that have cost me nothing.” So David bought the threshing floor and the oxen for fifty shekels of silver. ",Ninguno
II_Samuel,24,25,ויבן שם דוד מזבח ליהוה ויעל עלות ושלמים ויעתר יהוה לארץ ותעצר המגפה מעל ישראל,"And David built there an altar to GOD and sacrificed burnt offerings and offerings of well-being. GOD responded to the plea for the land, and the plague against Israel was checked.",Ninguno
