Libro,Capitulo,Versiculo,Hebreo_Limpio,Traduccion,Conceptos_Matriz
Leviticus,1,1,ויקר<small>א</small> אלמשה וידבר יהוה אליו מאהל מועד לאמר,"[GOD] called to Moses and spoke to him from the Tent of Meeting, saying: ",Ninguno
Leviticus,1,2,דבר אלבני ישראל ואמרת אלהם אדם כייקריב מכם קרבן ליהוה מןהבהמה מןהבקר ומןהצאן תקריבו אתקרבנכם,"Speak to the Israelite people, and say to them:When any of you presents an offering of cattle to GOD: You shall choose your offering from the herd or from the flock.",Ninguno
Leviticus,1,3,אםעלה קרבנו מןהבקר זכר תמים יקריבנו אלפתח אהל מועד יקריב אתו לרצנו לפני יהוה,"If yourayour In this chapter, Heb. 3rd-person references to the offerer are rendered in the 2nd person, in accord with v. 2. offering is a burnt offering from the herd, you shall make your offering a male without blemish. You shall bring it to the entrance of the Tent of Meeting, for acceptance in your behalf before GOD. ",Ninguno
Leviticus,1,4,וסמך ידו על ראש העלה ונרצה לו לכפר עליו,"You shall lay a hand upon the head of the burnt offering, that it may be acceptable in your behalf, in expiation for you. ",Ninguno
Leviticus,1,5,ושחט אתבן הבקר לפני יהוה והקריבו בני אהרן הכהנים אתהדם וזרקו אתהדם עלהמזבח סביב אשרפתח אהל מועד,"The bull shall be slaughtered before GOD; and Aaron’s sons, the priests, shall offer the blood, dashing the blood against all sides of the altar that is at the entrance of the Tent of Meeting. ",Ninguno
Leviticus,1,6,והפשיט אתהעלה ונתח אתה לנתחיה,The burnt offering shall be flayed and cut up into sections.,Ninguno
Leviticus,1,7,ונתנו בני אהרן הכהן אש עלהמזבח וערכו עצים עלהאש,The sons of Aaron the priest shall put fire on the altar and lay out wood upon the fire;,Ninguno
Leviticus,1,8,וערכו בני אהרן הכהנים את הנתחים אתהראש ואתהפדר עלהעצים אשר עלהאש אשר עלהמזבח,"and Aaron’s sons, the priests, shall lay out the sections, with the head and the suet, on the wood that is on the fire upon the altar. ",Ninguno
Leviticus,1,9,"וקרבו וכרעיו ירחץ במים והקטיר הכהן אתהכל המזבחה עלה אשה ריחניחוח ליהוה&nbsp;<span class=""mam-spi-samekh"">{ס}</span>&nbsp;&nbsp;&nbsp;&nbsp;&nbsp;&nbsp;&nbsp;&nbsp;","Its entrails and legs shall be washed with water, and the priest shall turn the whole into smoke on the altar as a burnt offering, an offering by fire of pleasing odor to GOD.",Ninguno
Leviticus,1,10,ואםמןהצאן קרבנו מןהכשבים או מןהעזים לעלה זכר תמים יקריבנו,"If your offering for a burnt offering is from the flock, of sheep or of goats, you shall make your offering a male without blemish. ",Ninguno
Leviticus,1,11,ושחט אתו על ירך המזבח צפנה לפני יהוה וזרקו בני אהרן הכהנים אתדמו עלהמזבח סביב,"It shall be slaughtered before GOD on the north side of the altar, and Aaron’s sons, the priests, shall dash its blood against all sides of the altar. ",Ninguno
Leviticus,1,12,ונתח אתו לנתחיו ואתראשו ואתפדרו וערך הכהן אתם עלהעצים אשר עלהאש אשר עלהמזבח,"When it has been cut up into sections, the priest shall lay them out, with the head and the suet, on the wood that is on the fire upon the altar. ",Ninguno
Leviticus,1,13,"והקרב והכרעים ירחץ במים והקריב הכהן אתהכל והקטיר המזבחה עלה הוא אשה ריח ניחח ליהוה&nbsp;<span class=""mam-spi-pe"">{פ}</span><br>","The entrails and the legs shall be washed with water; the priest shall offer up and turn the whole into smoke on the altar. It is a burnt offering, an offering by fire, of pleasing odor to GOD.",Ninguno
Leviticus,1,14,ואם מןהעוף עלה קרבנו ליהוה והקריב מןהתרים או מןבני היונה אתקרבנו,"If your offering to GOD is a burnt offering of birds, you shall choose your offering from turtledoves or pigeons. ",Ninguno
Leviticus,1,15,והקריבו הכהן אלהמזבח ומלק אתראשו והקטיר המזבחה ונמצה דמו על קיר המזבח,"The priest shall bring it to the altar, pinch off its head, and turn it into smoke on the altar; and its blood shall be drained out against the side of the altar. ",Ninguno
Leviticus,1,16,והסיר אתמראתו בנצתה והשליך אתה אצל המזבח קדמה אלמקום הדשן,"He shall remove its crop with its contents,bcrop with its contents Or “crissum by its feathers.” and cast it into the place of the ashes, at the east side of the altar. ",Ninguno
Leviticus,1,17,"ושסע אתו בכנפיו לא יבדיל והקטיר אתו הכהן המזבחה עלהעצים אשר עלהאש עלה הוא אשה ריח ניחח ליהוה&nbsp;<span class=""mam-spi-samekh"">{ס}</span>&nbsp;&nbsp;&nbsp;&nbsp;&nbsp;&nbsp;&nbsp;&nbsp;","The priest shall tear it open by its wings, without severing it, and turn it into smoke on the altar, upon the wood that is on the fire. It is a burnt offering, an offering by fire, of pleasing odor to GOD.",Ninguno
Leviticus,2,1,ונפש כיתקריב קרבן מנחה ליהוה סלת יהיה קרבנו ויצק עליה שמן ונתן עליה לבנה,"When a person presents an offering of grain to GOD: The offering shall be of choice flour; [the offerer] shall pour oil upon it, lay frankincense on it, ",Ninguno
Leviticus,2,2,והביאה אלבני אהרן הכהנים וקמץ משם מלא קמצו מסלתה ומשמנה על כללבנתה והקטיר הכהן אתאזכרתה המזבחה אשה ריח ניחח ליהוה,"and present it to Aaron’s sons, the priests. The priest shall scoop out of it a handful of its choice flour and oil, as well as all of its frankincense; and this token portion he shall turn into smoke on the altar, as an offering by fire, of pleasing odor to GOD. ",Ninguno
Leviticus,2,3,"והנותרת מןהמנחה לאהרן ולבניו קדש קדשים מאשי יהוה&nbsp;<span class=""mam-spi-samekh"">{ס}</span>&nbsp;&nbsp;&nbsp;&nbsp;&nbsp;&nbsp;&nbsp;&nbsp;","And the remainder of the grain offering shall be for Aaron and his sons, a most holy portion from GOD’s offerings by fire.",Ninguno
Leviticus,2,4,"וכי תקרב קרבן מנחה מאפה תנור סלת חלות מצת בלולת בשמן ורקיקי מצות משחים בשמן&nbsp;<span class=""mam-spi-samekh"">{ס}</span>&nbsp;&nbsp;&nbsp;&nbsp;&nbsp;&nbsp;&nbsp;&nbsp;","When you present an offering of grain baked in the oven, [it shall be of] choice flour: unleavened cakes with oil mixed in, or unleavened wafers spread with oil.",Ninguno
Leviticus,2,5,ואםמנחה עלהמחבת קרבנך סלת בלולה בשמן מצה תהיה,"If your offering is a grain offering on a griddle, it shall be of choice flour with oil mixed in, unleavened. ",Ninguno
Leviticus,2,6,"פתות אתה פתים ויצקת עליה שמן מנחה הוא&nbsp;<span class=""mam-spi-samekh"">{ס}</span>&nbsp;&nbsp;&nbsp;&nbsp;&nbsp;&nbsp;&nbsp;&nbsp;",Break it into bits and pour oil on it; it is a grain offering.,Ninguno
Leviticus,2,7,ואםמנחת מרחשת קרבנך סלת בשמן תעשה,"If your offering is a grain offering in a pan, it shall be made of choice flour in oil.",Ninguno
Leviticus,2,8,והבאת אתהמנחה אשר יעשה מאלה ליהוה והקריבה אלהכהן והגישה אלהמזבח,"When you present to GOD a grain offering that is made in any of these ways, it shall be brought to the priest, who shall take it up to the altar. ",Ninguno
Leviticus,2,9,והרים הכהן מןהמנחה אתאזכרתה והקטיר המזבחה אשה ריח ניחח ליהוה,"The priest shall remove the token portion from the grain offering and turn it into smoke on the altar as an offering by fire, of pleasing odor to GOD. ",Ninguno
Leviticus,2,10,והנותרת מןהמנחה לאהרן ולבניו קדש קדשים מאשי יהוה,"And the remainder of the grain offering shall be for Aaron and his sons, a most holy portion from GOD’s offerings by fire.",Ninguno
Leviticus,2,11,כלהמנחה אשר תקריבו ליהוה לא תעשה חמץ כי כלשאר וכלדבש לאתקטירו ממנו אשה ליהוה,"No grain offering that you offer to GOD shall be made with leaven, for no leaven or honey may be turned into smoke as an offering by fire to GOD. ",Ninguno
Leviticus,2,12,קרבן ראשית תקריבו אתם ליהוה ואלהמזבח לאיעלו לריח ניחח,You may bring them to GOD as an offering of choice products;achoice products Exact meaning of Heb. reʼshith uncertain. but they shall not be offered up on the altar for a pleasing odor. ,Ninguno
Leviticus,2,13,"וכלקרבן מנחתך במלח תמלח ולא תשבית מלח ברית אלהיך מעל מנחתך על כלקרבנך תקריב מלח&nbsp;<span class=""mam-spi-samekh"">{ס}</span>&nbsp;&nbsp;&nbsp;&nbsp;&nbsp;&nbsp;&nbsp;&nbsp;",You shall season your every offering of grain with salt; you shall not omit from your grain offering the salt of your covenant with God; with all your offerings you must offer salt.,Ninguno
Leviticus,2,14,ואםתקריב מנחת בכורים ליהוה אביב קלוי באש גרש כרמל תקריב את מנחת בכוריך,"If you bring a grain offering of first fruits to GOD, you shall bring new ears parched with fire, grits of the fresh grain, as your grain offering of first fruits. ",Ninguno
Leviticus,2,15,ונתת עליה שמן ושמת עליה לבנה מנחה הוא,You shall add oil to it and lay frankincense on it; it is a grain offering.,Ninguno
Leviticus,2,16,"והקטיר הכהן אתאזכרתה מגרשה ומשמנה על כללבנתה אשה ליהוה&nbsp;<span class=""mam-spi-pe"">{פ}</span><br>","And the priest shall turn a token portion of it into smoke: some of the grits and oil, with all of the frankincense, as an offering by fire to GOD.",Ninguno
Leviticus,3,1,ואםזבח שלמים קרבנו אם מןהבקר הוא מקריב אםזכר אםנקבה תמים יקריבנו לפני יהוה,"If yourayour In this chapter, Heb. 3rd-person references to the offerer are rendered in the 2nd person, in accord with v. 17. offering is a sacrifice of well-beingbsacrifice of well-being In contrast to others “peace offering.” Exact meaning of Heb. shelamim uncertain.—If you offer of the herd, whether a male or a female, you shall bring before GOD one without blemish. ",Ninguno
Leviticus,3,2,וסמך ידו עלראש קרבנו ושחטו פתח אהל מועד וזרקו בני אהרן הכהנים אתהדם עלהמזבח סביב,"You shall lay a hand upon the head of your offering and slaughter it at the entrance of the Tent of Meeting; and Aaron’s sons, the priests, shall dash the blood against all sides of the altar. ",Ninguno
Leviticus,3,3,והקריב מזבח השלמים אשה ליהוה אתהחלב המכסה אתהקרב ואת כלהחלב אשר עלהקרב,"Then present from the sacrifice of well-being, as an offering by fire to GOD, the fat that covers the entrails and all the fat that is about the entrails; ",Ninguno
Leviticus,3,4,ואת שתי הכלית ואתהחלב אשר עלהן אשר עלהכסלים ואתהיתרת עלהכבד עלהכליות יסירנה,"the two kidneys and the fat that is on them, that is at the loins; and the protuberance on the liver, which you shall remove with the kidneys. ",Ninguno
Leviticus,3,5,"והקטירו אתו בניאהרן המזבחה עלהעלה אשר עלהעצים אשר עלהאש אשה ריח ניחח ליהוה&nbsp;<span class=""mam-spi-pe"">{פ}</span><br>","Aaron’s sons shall turn these into smoke on the altar, with the burnt offering that is upon the wood that is on the fire, as an offering by fire, of pleasing odor to GOD.",Ninguno
Leviticus,3,6,ואםמןהצאן קרבנו לזבח שלמים ליהוה זכר או נקבה תמים יקריבנו,"And if your offering for a sacrifice of well-being to GOD is from the flock, whether a male or a female, you shall offer one without blemish. ",Ninguno
Leviticus,3,7,אםכשב הואמקריב אתקרבנו והקריב אתו לפני יהוה,"If you present a sheep as your offering, you shall bring it before GOD ",Ninguno
Leviticus,3,8,וסמך אתידו עלראש קרבנו ושחט אתו לפני אהל מועד וזרקו בני אהרן אתדמו עלהמזבח סביב,"and lay a hand upon the head of your offering. It shall be slaughtered before the Tent of Meeting, and Aaron’s sons shall dash its blood against all sides of the altar. ",Ninguno
Leviticus,3,9,והקריב מזבח השלמים אשה ליהוה חלבו האליה תמימה לעמת העצה יסירנה ואתהחלב המכסה אתהקרב ואת כלהחלב אשר עלהקרב,"Then present, as an offering by fire to GOD, the fat from the sacrifice of well-being: the whole broad tail, which you shall remove close to the backbone; the fat that covers the entrails and all the fat that is about the entrails; ",Ninguno
Leviticus,3,10,ואת שתי הכלית ואתהחלב אשר עלהן אשר עלהכסלים ואתהיתרת עלהכבד עלהכלית יסירנה,"the two kidneys and the fat that is on them, that is at the loins; and the protuberance on the liver, which you shall remove with the kidneys. ",Ninguno
Leviticus,3,11,"והקטירו הכהן המזבחה לחם אשה ליהוה&nbsp;<span class=""mam-spi-pe"">{פ}</span><br>","The priest shall turn these into smoke on the altar as food, an offering by fire to GOD.",Ninguno
Leviticus,3,12,ואם עז קרבנו והקריבו לפני יהוה,"And if your offering is a goat, you shall bring it before GOD ",Ninguno
Leviticus,3,13,וסמך אתידו עלראשו ושחט אתו לפני אהל מועד וזרקו בני אהרן אתדמו עלהמזבח סביב,"and lay a hand upon its head. It shall be slaughtered before the Tent of Meeting, and Aaron’s sons shall dash its blood against all sides of the altar. ",Ninguno
Leviticus,3,14,והקריב ממנו קרבנו אשה ליהוה אתהחלב המכסה אתהקרב ואת כלהחלב אשר עלהקרב,"Then present as your offering from it, as an offering by fire to GOD, the fat that covers the entrails and all the fat that is about the entrails; ",Ninguno
Leviticus,3,15,ואת שתי הכלית ואתהחלב אשר עלהן אשר עלהכסלים ואתהיתרת עלהכבד עלהכלית יסירנה,"the two kidneys and the fat that is on them, that is at the loins; and the protuberance on the liver, which you shall remove with the kidneys. ",Ninguno
Leviticus,3,16,והקטירם הכהן המזבחה לחם אשה לריח ניחח כלחלב ליהוה,"The priest shall turn these into smoke on the altar as food, an offering by fire, of pleasing odor.All fat is GOD’s. ",Ninguno
Leviticus,3,17,"חקת עולם לדרתיכם בכל מושבתיכם כלחלב וכלדם לא תאכלו&nbsp;<span class=""mam-spi-pe"">{פ}</span><br>","It is a law for all time throughout the ages, in all your settlements: you must not eat any fat or any blood.",Ninguno
Leviticus,4,1,וידבר יהוה אלמשה לאמר,"GOD spoke to Moses, saying: ",Ninguno
Leviticus,4,2,דבר אלבני ישראל לאמר נפש כיתחטא בשגגה מכל מצות יהוה אשר לא תעשינה ועשה מאחת מהנה,"Speak to the Israelite people thus:When a person unwittingly incurs guilt in regard to any of GOD’s commandments about things not to be done, and does one of them—",Ninguno
Leviticus,4,3,אם הכהן המשיח יחטא לאשמת העם והקריב על חטאתו אשר חטא פר בןבקר תמים ליהוה לחטאת,"If it is the anointed priest who has incurred guilt, so that blame falls upon the people, he shall offer for the sin of which he is guilty a bull of the herd without blemish as a purgation offering to GOD. ",Ninguno
Leviticus,4,4,והביא אתהפר אלפתח אהל מועד לפני יהוה וסמך אתידו עלראש הפר ושחט אתהפר לפני יהוה,"He shall bring the bull to the entrance of the Tent of Meeting, before GOD, and lay his hand upon the head of the bull. The bull shall be slaughtered before GOD, ",Ninguno
Leviticus,4,5,ולקח הכהן המשיח מדם הפר והביא אתו אלאהל מועד,and the anointed priest shall take some of the bull’s blood and bring it into the Tent of Meeting.,Ninguno
Leviticus,4,6,וטבל הכהן אתאצבעו בדם והזה מןהדם שבע פעמים לפני יהוה אתפני פרכת הקדש,"The priest shall dip his finger in the blood, and sprinkle of the blood seven times before GOD, in front of the curtain of the Shrine. ",Ninguno
Leviticus,4,7,ונתן הכהן מןהדם עלקרנות מזבח קטרת הסמים לפני יהוה אשר באהל מועד ואת&thinsp;<b></b> כלדם הפר ישפך אליסוד מזבח העלה אשרפתח אהל מועד,"The priest shall put some of the blood on the horns of the altar of aromatic incense, which is in the Tent of Meeting, before GOD; and all the rest of the bull’s blood he shall pour out at the base of the altar of burnt offering, which is at the entrance of the Tent of Meeting. ",Ninguno
Leviticus,4,8,ואתכלחלב פר החטאת ירים ממנו אתהחלב המכסה עלהקרב ואת כלהחלב אשר עלהקרב,He shall remove all the fat from the bull of purgation offering: the fat that covers the entrails and all the fat that is about the entrails;,Ninguno
Leviticus,4,9,ואת שתי הכלית ואתהחלב אשר עליהן אשר עלהכסלים ואתהיתרת עלהכבד עלהכליות יסירנה,"the two kidneys and the fat that is on them, that is at the loins; and the protuberance on the liver, which he shall remove with the kidneys— ",Ninguno
Leviticus,4,10,כאשר יורם משור זבח השלמים והקטירם הכהן על מזבח העלה,just as it is removed from the ox of the sacrifice of well-being. The priest shall turn them into smoke on the altar of burnt offering.,Ninguno
Leviticus,4,11,ואתעור הפר ואתכלבשרו עלראשו ועלכרעיו וקרבו ופרשו,"But the hide of the bull, and all its flesh, as well as its head and legs, its entrails and its dung— ",Ninguno
Leviticus,4,12,"והוציא אתכלהפר אלמחוץ למחנה אלמקום טהור אלשפך הדשן ושרף אתו עלעצים באש עלשפך הדשן ישרף&nbsp;<span class=""mam-spi-pe"">{פ}</span><br>","all the rest of the bull—he shall carry to a pure place outside the camp, to the ash heap, and burn it up in a wood fire; it shall be burned on the ash heap.",Ninguno
Leviticus,4,13,ואם כלעדת ישראל ישגו ונעלם דבר מעיני הקהל ועשו אחת מכלמצות יהוה אשר לאתעשינה ואשמו,"If it is the whole community of Israelawhole community of Israel Or the elders, on the community’s behalf; cf v. 15. that has erred and the matter escapes the notice of the congregation, so that they do any of the things that by GOD’s commandments ought not to be done, and they realize their guilt— ",Ninguno
Leviticus,4,14,ונודעה החטאת אשר חטאו עליה והקריבו הקהל פר בןבקר לחטאת והביאו אתו לפני אהל מועד,"when the sin through which they incurred guilt becomes known, the congregation shall offer a bull of the herd as a purgation offering, and bring it before the Tent of Meeting. ",Ninguno
Leviticus,4,15,וסמכו זקני העדה אתידיהם עלראש הפר לפני יהוה ושחט אתהפר לפני יהוה,"The elders of the community shall lay their hands upon the head of the bull before GOD, and the bull shall be slaughtered before GOD. ",Ninguno
Leviticus,4,16,והביא הכהן המשיח מדם הפר אלאהל מועד,"The anointed priest shall bring some of the blood of the bull into the Tent of Meeting, ",Ninguno
Leviticus,4,17,וטבל הכהן אצבעו מןהדם והזה שבע פעמים לפני יהוה את פני הפרכת,"and the priest shall dip his finger in the blood and sprinkle of it seven times before GOD, in front of the curtain. ",Ninguno
Leviticus,4,18,ומןהדם יתן&thinsp;<b></b> עלקרנת המזבח אשר לפני יהוה אשר באהל מועד ואת כלהדם ישפך אליסוד מזבח העלה אשרפתח אהל מועד,"Some of the blood he shall put on the horns of the altar that is before GOD in the Tent of Meeting, and all the rest of the blood he shall pour out at the base of the altar of burnt offering, which is at the entrance of the Tent of Meeting. ",Ninguno
Leviticus,4,19,ואת כלחלבו ירים ממנו והקטיר המזבחה,He shall remove all its fat and turn it into smoke on the altar.,Ninguno
Leviticus,4,20,ועשה לפר כאשר עשה לפר החטאת כן יעשהלו וכפר עלהם הכהן ונסלח להם,He shall do with this bull just as is done with the [priest’s] bull of purgation offering; he shall do the same with it. Thus the priest shall make expiation on behalf of the offerers—who shall then be forgiven.,Ninguno
Leviticus,4,21,"והוציא אתהפר אלמחוץ למחנה ושרף אתו כאשר שרף את הפר הראשון חטאת הקהל הוא&nbsp;<span class=""mam-spi-pe"">{פ}</span><br>",He shall carry the bull outside the camp and burn it as he burned the first bull; it is the purgation offering of the congregation.,Ninguno
Leviticus,4,22,אשר נשיא יחטא ועשה אחת מכלמצות יהוה אלהיו אשר לאתעשינה בשגגה ואשם,"In case it is a chieftain who incurs guilt by doing unwittingly any of the things that by the commandment of the ETERNAL his God ought not to be done, and he realizes his guilt— ",Ninguno
Leviticus,4,23,אוהודע אליו חטאתו אשר חטא בה והביא אתקרבנו שעיר עזים זכר תמים,or the sin of which he is guilty is made known—he shall bring as his offering a male goat without blemish.,Ninguno
Leviticus,4,24,וסמך ידו עלראש השעיר ושחט אתו במקום אשרישחט אתהעלה לפני יהוה חטאת הוא,"He shall lay his hand upon the goat’s head, and it shall be slaughtered at the spotbthe spot Cf. 1.11. where the burnt offering is slaughtered before GOD; it is a purgation offering. ",Ninguno
Leviticus,4,25,ולקח הכהן מדם החטאת באצבעו ונתן עלקרנת מזבח העלה ואתדמו ישפך אליסוד מזבח העלה,The priest shall take with his finger some of the blood of the purgation offering and put it on the horns of the altar of burnt offering; and the rest of its blood he shall pour out at the base of the altar of burnt offering.,Ninguno
Leviticus,4,26,"ואתכלחלבו יקטיר המזבחה כחלב זבח השלמים וכפר עליו הכהן מחטאתו ונסלח לו&nbsp;<span class=""mam-spi-pe"">{פ}</span><br>","All its fat he shall turn into smoke on the altar, like the fat of the sacrifice of well-being. Thus for that sin, the priest shall make expiation on behalf of the offerer—who shall then be forgiven.",Ninguno
Leviticus,4,27,ואםנפש אחת תחטא בשגגה מעם הארץ בעשתה אחת ממצות יהוה אשר לאתעשינה ואשם,"If anyone from among the populacecpopulace Lit. “people of the country.” unwittingly incurs guilt by doing any of the things that by GOD’s commandments ought not to be done, and realizes it— ",Ninguno
Leviticus,4,28,או הודע אליו חטאתו אשר חטא והביא קרבנו שעירת עזים תמימה נקבה עלחטאתו אשר חטא,or the sin of which they are guilty is made known—that person shall bring a female goat without blemish as an offering for the aforementioned sin.,Ninguno
Leviticus,4,29,וסמך אתידו על ראש החטאת ושחט אתהחטאת במקום העלה,They shall lay their hand upon the head of the purgation offering. The purgation offering shall be slaughtered at the place of the burnt offering.,Ninguno
Leviticus,4,30,ולקח הכהן מדמה באצבעו ונתן עלקרנת מזבח העלה ואתכלדמה ישפך אליסוד המזבח,The priest shall take with his finger some of its blood and put it on the horns of the altar of burnt offering; and all the rest of its blood he shall pour out at the base of the altar.,Ninguno
Leviticus,4,31,"ואתכלחלבה יסיר כאשר הוסר חלב מעל זבח השלמים והקטיר הכהן המזבחה לריח ניחח ליהוה וכפר עליו הכהן ונסלח לו&nbsp;<span class=""mam-spi-pe"">{פ}</span><br>","The offerer shall remove all its fat, just as the fat is removed from the sacrifice of well-being; and the priest shall turn it into smoke on the altar, for a pleasing odor to GOD. Thus the priest shall make expiation on behalf of the offerer—who shall then be forgiven.",Ninguno
Leviticus,4,32,ואםכבש יביא קרבנו לחטאת נקבה תמימה יביאנה,"If the offering they bring as a purgation offering is a sheep, it shall be a female without blemish. ",Ninguno
Leviticus,4,33,וסמך אתידו על ראש החטאת ושחט אתה לחטאת במקום אשר ישחט אתהעלה,"The offerer shall lay their hand upon the head of the purgation offering, and it shall be slaughtered as a purgation offering at the spot where the burnt offering is slaughtered. ",Ninguno
Leviticus,4,34,ולקח הכהן מדם החטאת באצבעו ונתן עלקרנת מזבח העלה ואתכלדמה ישפך אליסוד המזבח,"The priest shall take with his finger some of the blood of the purgation offering and put it on the horns of the altar of burnt offering, and all the rest of its blood he shall pour out at the base of the altar. ",Ninguno
Leviticus,4,35,"ואתכלחלבה יסיר כאשר יוסר חלבהכשב מזבח השלמים והקטיר הכהן אתם המזבחה על אשי יהוה וכפר עליו הכהן עלחטאתו אשרחטא ונסלח לו&nbsp;<span class=""mam-spi-pe"">{פ}</span><br>","And all its fat the offerer shall remove, just as the fat of the sheep of the sacrifice of well-being is removed; and this the priest shall turn into smoke on the altar, over GOD’s offering by fire. Thus for the sin that was committed, the priest shall make expiation on behalf of the offerer—who shall then be forgiven.",Ninguno
Leviticus,5,1,ונפש כיתחטא ושמעה קול אלה והוא עד או ראה או ידע אםלוא יגיד ונשא עונו,"If a person incurs guilt—When someone has heard a public imprecationaimprecation Namely, against one who withholds testimony. but (although able to testify as having seen or learned of the matter) has not given information and thus is subject to punishment;",Percepción (Yada)
Leviticus,5,2,או נפש אשר תגע בכלדבר טמא או בנבלת חיה טמאה או בנבלת בהמה טמאה או בנבלת שרץ טמא ונעלם ממנו והוא טמא ואשם,"Or when a person touches any impure thing (be it the carcass of an impure beast or the carcass of impure cattle or the carcass of an impure creeping thing) but does not attend to it, and then, being impure, they realize their guilt;",Ninguno
Leviticus,5,3,או כי יגע בטמאת אדם לכל טמאתו אשר יטמא בה ונעלם ממנו והוא ידע ואשם,"Or when someone touches human impurity (any such impurity whereby one becomes impure) and, though knowing about it, does not attend to it, but later they realize their guilt;",Percepción (Yada)
Leviticus,5,4,או נפש כי תשבע לבטא בשפתים להרע&thinsp;<b></b> או להיטיב לכל אשר יבטא האדם בשבעה ונעלם ממנו והואידע ואשם לאחת מאלה,"Or when a person uttersbutters Lit. “utters with his lips.” an oath to bad or good purpose (whatever a human being may utter in an oath) and, though knowing about it, does not attend to it, but later they realize their guilt in any of these matters—",Percepción (Yada)
Leviticus,5,5,והיה כייאשם לאחת מאלה והתודה אשר חטא עליה,"upon realizing their guilt in any of these matters, that person shall confess having sinned in that way. ",Ninguno
Leviticus,5,6,והביא אתאשמו ליהוה על חטאתו אשר חטא נקבה מןהצאן כשבה אושעירת עזים לחטאת וכפר עליו הכהן מחטאתו,"And they shall bring as a penalty to GOD, for the sin of which they are guilty, a female from the flock—sheep or goat—as a purgation offering; and the priest shall make expiation for the sin, on their behalf.",Ninguno
Leviticus,5,7,ואםלא תגיע ידו די שה והביא אתאשמו אשר חטא שתי תרים אושני בנייונה ליהוה אחד לחטאת ואחד לעלה,"But if their means do not suffice for a sheep, they shall bring to GOD, as the penalty for that of which they are guilty, two turtledoves or two pigeons—one for a purgation offering and the other for a burnt offering. ",Ninguno
Leviticus,5,8,והביא אתם אלהכהן והקריב אתאשר לחטאת ראשונה ומלק אתראשו ממול ערפו ולא יבדיל,"These shall be brought to the priest, who shall offer first the bird for the purgation offering, pinching its head at the nape without severing it. ",Ninguno
Leviticus,5,9,והזה מדם החטאת עלקיר המזבח והנשאר בדם ימצה אליסוד המזבח חטאת הוא,"He shall sprinkle some of the blood of the purgation offering on the side of the altar, and what remains of the blood shall be drained out at the base of the altar; it is a purgation offering. ",Ninguno
Leviticus,5,10,"ואתהשני יעשה עלה כמשפט וכפר עליו הכהן מחטאתו אשרחטא ונסלח לו&nbsp;<span class=""mam-spi-samekh"">{ס}</span>&nbsp;&nbsp;&nbsp;&nbsp;&nbsp;&nbsp;&nbsp;&nbsp;","And the second bird he shall prepare as a burnt offering, according to regulation. For the sin of which [the person] is guilty, the priest shall thus make expiation on their behalf—and they shall be forgiven.",Ninguno
Leviticus,5,11,ואםלא תשיג ידו לשתי תרים או לשני בנייונה והביא אתקרבנו אשר חטא עשירת האפה סלת לחטאת לאישים עליה שמן ולאיתן עליה לבנה כי חטאת הוא,"And if their means do not suffice for two turtledoves or two pigeons, they shall bring as an offering for that of which they are guilty a tenth of an ephah of choice flour for a purgation offering; they shall not add oil to it or lay frankincense on it, for it is a purgation offering. ",Ninguno
Leviticus,5,12,והביאה אלהכהן וקמץ הכהן&thinsp;<small></small>&thinsp;ממנה מלוא קמצו אתאזכרתה והקטיר המזבחה על אשי יהוה חטאת הוא,"It shall be brought to the priest, and the priest shall scoop out of it a handful as a token portion and turn it into smoke on the altar, with GOD’s offerings by fire; it is a purgation offering. ",Ninguno
Leviticus,5,13,"וכפר עליו הכהן עלחטאתו אשרחטא מאחת מאלה ונסלח לו והיתה לכהן כמנחה&nbsp;<span class=""mam-spi-samekh"">{ס}</span>&nbsp;&nbsp;&nbsp;&nbsp;&nbsp;&nbsp;&nbsp;&nbsp;","For whichever of these sins [the person] is guilty, the priest shall thus make expiation on their behalf—and they shall be forgiven. It shall belong to the priest, like the grain offering.",Ninguno
Leviticus,5,14,וידבר יהוה אלמשה לאמר,"And GOD spoke to Moses, saying:",Ninguno
Leviticus,5,15,נפש כיתמעל מעל וחטאה בשגגה מקדשי יהוה והביא אתאשמו ליהוה איל תמים מןהצאן בערכך כסףשקלים בשקלהקדש לאשם,"When a person commits a trespass, being unwittingly remiss about any of GOD’s sacred things: They shall bring as a penalty to GOD a ram without blemish from the flock, convertible into payment in silver by the sanctuary weight, as a reparation offering. ",Ninguno
Leviticus,5,16,"ואת אשר חטא מןהקדש ישלם ואתחמישתו יוסף עליו ונתן אתו לכהן והכהן יכפר עליו באיל האשם ונסלח לו&nbsp;<span class=""mam-spi-pe"">{פ}</span><br>","Restitution shall be made for the remission regarding the sacred things, adding a fifth part to it and giving it to the priest. The priest shall make expiation with the ram of the reparation offering on their behalf—and they shall be forgiven.",Ninguno
Leviticus,5,17,ואםנפש כי תחטא ועשתה אחת מכלמצות יהוה אשר לא תעשינה ולאידע ואשם ונשא עונו,"As for a person who, without knowing it, sins in regard to any of GOD’s commandments about things not to be done, and then realizes their guilt: They shall be subject to punishment. ",Percepción (Yada)
Leviticus,5,18,והביא איל תמים מןהצאן בערכך לאשם אלהכהן וכפר עליו הכהן על שגגתו אשרשגג והוא לאידע ונסלח לו,"They shall bring to the priest a ram without blemish from the flock, or the equivalent,cthe equivalent In currency; cf. v. 15. as a reparation offering. For the error committed unwittingly, the priest shall make expiation on their behalf—and they shall be forgiven. ",Percepción (Yada)
Leviticus,5,19,"אשם הוא אשם אשם ליהוה&nbsp;<span class=""mam-spi-pe"">{פ}</span><br>",It is a reparation offering; they have incurred guilt before GOD.,Ninguno
Leviticus,5,20,וידבר יהוה אלמשה לאמר,"dThis verse is labeled as 6.1 in some editions.GOD spoke to Moses, saying: ",Ninguno
Leviticus,5,21,נפש כי תחטא ומעלה מעל ביהוה וכחש בעמיתו בפקדון אובתשומת יד או בגזל או עשק אתעמיתו,"When a person sins and commits a trespass against GOD—by dealing deceitfully with another in the matter of a deposit or a pledge,epledge Meaning of Heb. tesumeth yad uncertain. or through robbery, or by defrauding another, ",Ninguno
Leviticus,5,22,אומצא אבדה וכחש בה ונשבע עלשקר עלאחת מכל אשריעשה האדם לחטא בהנה,or by finding something lost and lying about it; if they swear falsely regarding any one of the various things that a person may do and sin thereby—,Ninguno
Leviticus,5,23,והיה כייחטא ואשם והשיב אתהגזלה אשר גזל או אתהעשק אשר עשק או אתהפקדון אשר הפקד אתו או אתהאבדה אשר מצא,"when they have thus sinned and, realizing their guilt, would restore either that which was gotten through robbery or fraud, or the entrusted deposit, or the lost thing that was found, ",Ninguno
Leviticus,5,24,או מכל אשרישבע עליו לשקר ושלם אתו בראשו וחמשתיו יסף עליו לאשר הוא לו יתננו ביום אשמתו,"or anything else about which they swore falsely, they shall repay the principal amount and add a fifth part to it. It shall be paid to its owner upon realizing that guilt. ",Ninguno
Leviticus,5,25,ואתאשמו יביא ליהוה איל תמים מןהצאן בערכך לאשם אלהכהן,"Then [the sinner] shall bring to the priest, as a penalty to GOD, a ram without blemish from the flock, or the equivalent,fthe equivalent In currency; cf. v. 15. as a reparation offering. ",Ninguno
Leviticus,5,26,"וכפר עליו הכהן לפני יהוה ונסלח לו עלאחת מכל אשריעשה לאשמה בה&nbsp;<span class=""mam-spi-pe"">{פ}</span><br>",The priest shall make expiation before GOD on their behalf—and they shall be forgiven for whatever was done to draw blame thereby.,Ninguno
Leviticus,6,1,וידבר יהוה אלמשה לאמר,"GOD spoke to Moses, saying: ",Ninguno
Leviticus,6,2,"צו אתאהרן ואתבניו לאמר זאת תורת העלה הוא העלה על <small>מ</small>וקדה<sup class=""footnote-marker"">*</sup><i class=""footnote"">(בספרי תימן מוקדה במ״ם רגילה)</i> עלהמזבח כלהלילה עדהבקר ואש המזבח תוקד בו","Command Aaron and his sons thus:This is the ritual of the burnt offering: The burnt offering itself shall remain where it is burned upon the altar all night until morning, while the fire on the altar is kept going on it. ",Ninguno
Leviticus,6,3,ולבש הכהן מדו בד ומכנסיבד ילבש עלבשרו והרים אתהדשן אשר תאכל האש אתהעלה עלהמזבח ושמו אצל המזבח,"The priest shall dress in linen raiment, with linen breeches next to his body; and he shall take up the ashes to which the fire has reduced the burnt offering on the altar and place them beside the altar. ",Ninguno
Leviticus,6,4,ופשט אתבגדיו ולבש בגדים אחרים והוציא אתהדשן אלמחוץ למחנה אלמקום טהור,"He shall then take off his vestments and put on other vestments, and carry the ashes outside the camp to a pure place. ",Ninguno
Leviticus,6,5,והאש עלהמזבח תוקדבו לא תכבה ובער עליה הכהן עצים בבקר בבקר וערך עליה העלה והקטיר עליה חלבי השלמים,"The fire on the altar shall be kept burning, not to go out: every morning the priest shall feed wood to it, lay out the burnt offering on it, and turn into smoke the fat parts of the offerings of well-being. ",Ninguno
Leviticus,6,6,"אש תמיד תוקד עלהמזבח לא תכבה&nbsp;<span class=""mam-spi-samekh"">{ס}</span>&nbsp;&nbsp;&nbsp;&nbsp;&nbsp;&nbsp;&nbsp;&nbsp;","A perpetual fire shall be kept burning on the altar, not to go out.",Ninguno
Leviticus,6,7,וזאת תורת המנחה הקרב אתה בניאהרן לפני יהוה אלפני המזבח,"And this is the ritual of the grain offering: Aaron’s sons shall present it before GOD, in front of the altar. ",Ninguno
Leviticus,6,8,והרים ממנו בקמצו מסלת המנחה ומשמנה ואת כלהלבנה אשר עלהמנחה והקטיר המזבח ריח ניחח אזכרתה ליהוה,"A handful of the choice flour and oil of the grain offering shall be taken from it, with all the frankincense that is on the grain offering, and this token portion shall be turned into smoke on the altar as a pleasing odor to GOD. ",Ninguno
Leviticus,6,9,והנותרת ממנה יאכלו אהרן ובניו מצות תאכל במקום קדש בחצר אהלמועד יאכלוה,"What is left of it shall be eaten by Aaron and his sons; it shall be eaten as unleavened cakes, in the sacred precinct; they shall eat it in the enclosure of the Tent of Meeting. ",Ninguno
Leviticus,6,10,לא תאפה חמץ חלקם נתתי אתה מאשי קדש קדשים הוא כחטאת וכאשם,"It shall not be baked with leaven; I have given it as their portion from My offerings by fire; it is most holy, like the purgation offering and the reparation offering. ",Ninguno
Leviticus,6,11,"כלזכר בבני אהרן יאכלנה חקעולם לדרתיכם מאשי יהוה כל אשריגע בהם יקדש&nbsp;<span class=""mam-spi-pe"">{פ}</span><br>","Only the males among Aaron’s descendants may eat of it, as their due for all time throughout the ages from GOD’s offerings by fire. Anything that touches these shall become holy.",Ninguno
Leviticus,6,12,וידבר יהוה אלמשה לאמר,"GOD spoke to Moses, saying: ",Ninguno
Leviticus,6,13,זה קרבן אהרן ובניו אשריקריבו ליהוה ביום המשח אתו עשירת האפה סלת מנחה תמיד מחציתה בבקר ומחציתה בערב,"This is the offering that Aaron and his sons shall offer to GOD on the occasion of hisahis Or “their.” anointment: a tenth of an ephah of choice flour as a regular grain offering, half of it in the morning and half of it in the evening, ",Ninguno
Leviticus,6,14,עלמחבת בשמן תעשה מרבכת תביאנה תפיני מנחת פתים תקריב ריחניחח ליהוה,"shall be prepared with oil on a griddle. You shall bring it well soaked, and offer it as a grain offering of bakedbbaked Meaning of Heb. tuphine uncertain. slices, of pleasing odor to GOD. ",Ninguno
Leviticus,6,15,והכהן המשיח תחתיו מבניו יעשה אתה חקעולם ליהוה כליל תקטר,"And so shall the priest, anointed from among his sons to succeed him, prepare it; it is GOD’s—a law for all time—to be turned entirely into smoke. ",Ninguno
Leviticus,6,16,"וכלמנחת כהן כליל תהיה לא תאכל&nbsp;<span class=""mam-spi-pe"">{פ}</span><br>","So, too, every grain offering of a priest shall be a whole offering: it shall not be eaten.",Ninguno
Leviticus,6,17,וידבר יהוה אלמשה לאמר,"GOD spoke to Moses, saying: ",Ninguno
Leviticus,6,18,דבר אלאהרן ואלבניו לאמר זאת תורת החטאת במקום אשר תשחט העלה תשחט החטאת לפני יהוה קדש קדשים הוא,"Speak to Aaron and his sons thus: This is the ritual of the purgation offering: the purgation offering shall be slaughtered before GOD, at the spotcthe spot Cf. 1.11. where the burnt offering is slaughtered: it is most holy. ",Ninguno
Leviticus,6,19,הכהן המחטא אתה יאכלנה במקום קדש תאכל בחצר אהל מועד,"The priest who offers it as a purgation offering shall eat of it; it shall be eaten in the sacred precinct, in the enclosure of the Tent of Meeting. ",Ninguno
Leviticus,6,20,כל אשריגע בבשרה יקדש ואשר יזה מדמה עלהבגד אשר יזה עליה תכבס במקום קדש,"Anything that touches its flesh shall become holy; and if any of its blood is spattered upon a garment, you shall wash the bespattered part in the sacred precinct. ",Ninguno
Leviticus,6,21,וכליחרש אשר תבשלבו ישבר ואםבכלי נחשת בשלה ומרק ושטף במים,"An earthen vessel in which it was boiled shall be broken; if it was boiled in a copper vessel, [the vessel] shall be scoured and rinsed with water. ",Ninguno
Leviticus,6,22,כלזכר בכהנים יאכל אתה קדש קדשים הוא,Only the males in the priestly line may eat of it: it is most holy.,Ninguno
Leviticus,6,23,"וכלחטאת אשר יובא מדמה אלאהל מועד לכפר בקדש לא תאכל באש תשרף&nbsp;<span class=""mam-spi-pe"">{פ}</span><br>",But no purgation offering may be eaten from which any blood is brought into the Tent of Meeting for expiation in the sanctuary; any such shall be consumed in fire.,Ninguno
Leviticus,7,1,וזאת תורת האשם קדש קדשים הוא,This is the ritual of the reparation offering: it is most holy.,Ninguno
Leviticus,7,2,במקום אשר ישחטו אתהעלה ישחטו אתהאשם ואתדמו יזרק עלהמזבח סביב,"The reparation offering shall be slaughtered at the spot where the burnt offering is slaughtered, and the blood shall be dashed on all sides of the altar. ",Ninguno
Leviticus,7,3,ואת כלחלבו יקריב ממנו את האליה ואתהחלב המכסה אתהקרב,All its fat shall be offered: the broad tail; the fat that covers the entrails;,Ninguno
Leviticus,7,4,ואת שתי הכלית ואתהחלב אשר עליהן אשר עלהכסלים ואתהיתרת עלהכבד עלהכלית יסירנה,"the two kidneys and the fat that is on them at the loins; and the protuberance on the liver, which shall be removed with the kidneys. ",Ninguno
Leviticus,7,5,והקטיר אתם הכהן המזבחה אשה ליהוה אשם הוא,The priest shall turn them into smoke on the altar as an offering by fire to GOD; it is a reparation offering.,Ninguno
Leviticus,7,6,כלזכר בכהנים יאכלנו במקום קדוש יאכל קדש קדשים הוא,Only the males in the priestly line may eat of it; it shall be eaten in the sacred precinct: it is most holy.,Ninguno
Leviticus,7,7,כחטאת כאשם תורה אחת להם הכהן אשר יכפרבו לו יהיה,The reparation offering is like the purgation offering. The same rule applies to both: it shall belong to the priest who makes expiation thereby.,Ninguno
Leviticus,7,8,והכהן המקריב אתעלת איש עור העלה אשר הקריב לכהן לו יהיה,"So, too, the priest who offers another person’s burnt offering shall keep the skin of that burnt offering.athat burnt offering Heb. “the burnt offering that he offered.” ",Ninguno
Leviticus,7,9,וכלמנחה אשר תאפה בתנור וכלנעשה במרחשת ועלמחבת לכהן המקריב אתה לו תהיה,"Further, any grain offering that is baked in an oven, and any that is prepared in a pan or on a griddle, shall belong to the priest who offers it. ",Ninguno
Leviticus,7,10,"וכלמנחה בלולהבשמן וחרבה לכלבני אהרן תהיה איש כאחיו&nbsp;<span class=""mam-spi-pe"">{פ}</span><br>","But every other grain offering, with oil mixed in or dry, shall go to the sons of Aaron all alike.",Ninguno
Leviticus,7,11,וזאת תורת זבח השלמים אשר יקריב ליהוה,This is the ritual of the sacrifice of well-being that anyone may offer to GOD:,Ninguno
Leviticus,7,12,אם עלתודה יקריבנו והקריב&thinsp;<b></b> עלזבח התודה חלות מצות בלולת בשמן ורקיקי מצות משחים בשמן וסלת מרבכת חלת בלולת בשמן,"One who offers it for thanksgiving shall offer, together with the sacrifice of thanksgiving, unleavened cakes with oil mixed in—unleavened wafers spread with oil—and cakes of choice flour with oil mixed in, well soaked. ",Ninguno
Leviticus,7,13,עלחלת לחם חמץ יקריב קרבנו עלזבח תודת שלמיו,"This offering, with cakes of leavened bread added, shall be offered along with their thanksgiving sacrifice of well-being. ",Ninguno
Leviticus,7,14,והקריב ממנו אחד מכלקרבן תרומה ליהוה לכהן הזרק אתדם השלמים לו יהיה,Out of this shall be offered one of each kindbkind Lit. “offering.” as a gift to GOD; it shall go to the priest who dashes the blood of the offering of well-being. ,Ninguno
Leviticus,7,15,ובשר זבח תודת שלמיו ביום קרבנו יאכל לאיניח ממנו עדבקר,And the flesh of that thanksgiving sacrifice of well-being shall be eaten on the day that it is offered; none of it shall be set aside until morning.,Ninguno
Leviticus,7,16,ואםנדר&thinsp;<b></b> או נדבה זבח קרבנו ביום הקריבו אתזבחו יאכל וממחרת והנותר ממנו יאכל,"If, however, the sacrifice is a votive or a freewill offering, it shall be eaten on the day that the sacrifice is offered, and what is left of it shall be eaten on the morrow. ",Ninguno
Leviticus,7,17,והנותר מבשר הזבח ביום השלישי באש ישרף,What is then left of the flesh of the sacrifice shall be consumed in fire on the third day.,Ninguno
Leviticus,7,18,ואם האכל יאכל מבשרזבח שלמיו ביום השלישי לא ירצה המקריב אתו לא יחשב לו פגול יהיה והנפש האכלת ממנו עונה תשא,"If any of the flesh of that sacrifice of well-being is eaten on the third day, it shall not be acceptable; it shall not count for the one who offered it. It is an offensive thing, and the person who eats of it shall bear the guilt.",Ninguno
Leviticus,7,19,והבשר אשריגע בכלטמא לא יאכל באש ישרף והבשר כלטהור יאכל בשר,"Flesh that touches anything impure shall not be eaten; it shall be consumed in fire. As for other flesh, only one who is pure may eat such flesh. ",Ninguno
Leviticus,7,20,והנפש אשרתאכל בשר מזבח השלמים אשר ליהוה וטמאתו עליו ונכרתה הנפש ההוא מעמיה,"But the person who, in a state of impurity, eats flesh from GOD’s sacrifices of well-being—that person shall be cut off from kin. ",Ninguno
Leviticus,7,21,"ונפש כיתגע בכלטמא בטמאת אדם או&thinsp;<b></b> בבהמה טמאה או בכלשקץ טמא ואכל מבשרזבח השלמים אשר ליהוה ונכרתה הנפש ההוא מעמיה&nbsp;<span class=""mam-spi-pe"">{פ}</span><br><sup class=""footnote-marker"">*</sup><i class=""footnote"">(אין פרשה בספרי ספרד ואשכנז)</i>","When a person touches anything impure, be it human impurity or an impure animal or any impure creature,ccreature Heb. sheqeṣ, lit. “abomination”; several mss. and ancient versions read shereṣ “swarming things.” and eats flesh from GOD’s sacrifices of well-being—that person shall be cut off from kin.",Ninguno
Leviticus,7,22,וידבר יהוה אלמשה לאמר,"And GOD spoke to Moses, saying: ",Ninguno
Leviticus,7,23,דבר אלבני ישראל לאמר כלחלב שור וכשב ועז לא תאכלו,"Speak to the Israelite people thus: You shall eat no fatdfat I.e., hard, coarse fat (suet); cf. 3.3–5. of ox or sheep or goat. ",Ninguno
Leviticus,7,24,וחלב נבלה וחלב טרפה יעשה לכלמלאכה ואכל לא תאכלהו,"Fat from animals that died or were torn by beasts may be put to any use, but you must not eat it. ",Ninguno
Leviticus,7,25,כי כלאכל חלב מןהבהמה אשר יקריב ממנה אשה ליהוה ונכרתה הנפש האכלת מעמיה,"If anyone eats the fat of animals from which offerings by fire may be made to GOD, the person who eats it shall be cut off from kin. ",Ninguno
Leviticus,7,26,וכלדם לא תאכלו בכל מושבתיכם לעוף ולבהמה,"And you must not consume any blood, either of bird or of animal, in any of your settlements. ",Ninguno
Leviticus,7,27,"כלנפש אשרתאכל כלדם ונכרתה הנפש ההוא מעמיה&nbsp;<span class=""mam-spi-pe"">{פ}</span><br><sup class=""footnote-marker"">*</sup><i class=""footnote"">(אין פרשה בספרי תימן)</i>",Anyone who eats blood shall be cut off from kin.,Ninguno
Leviticus,7,28,וידבר יהוה אלמשה לאמר,"And GOD spoke to Moses, saying: ",Ninguno
Leviticus,7,29,דבר אלבני ישראל לאמר המקריב אתזבח שלמיו ליהוה יביא אתקרבנו ליהוה מזבח שלמיו,Speak to the Israelite people thus: The offering to GOD from a sacrifice of well-being must be presented by the one who offers that sacrifice of well-being to GOD:,Ninguno
Leviticus,7,30,ידיו תביאינה את אשי יהוה אתהחלב עלהחזה יביאנו את החזה להניף אתו תנופה לפני יהוה,"their own hands shall present GOD’s offerings by fire. They shall present the fat with the breast, the breast to be elevated as an elevation offering before GOD; ",Ninguno
Leviticus,7,31,והקטיר הכהן אתהחלב המזבחה והיה החזה לאהרן ולבניו,"the priest shall turn the fat into smoke on the altar, and the breast shall go to Aaron and his sons. ",Ninguno
Leviticus,7,32,ואת שוק הימין תתנו תרומה לכהן מזבחי שלמיכם,And the right thigh from your sacrifices of well-being you shall present to the priest as a gift;,Control/Derecha (Yamin)
Leviticus,7,33,המקריב אתדם השלמים ואתהחלב מבני אהרן לו תהיה שוק הימין למנה,he from among Aaron’s sons who offers the blood and the fat of the offering of well-being shall get the right thigh as his portion.,Control/Derecha (Yamin)
Leviticus,7,34,כי אתחזה התנופה ואת&thinsp;<b></b> שוק התרומה לקחתי מאת בניישראל מזבחי שלמיהם ואתן אתם לאהרן הכהן ולבניו לחקעולם מאת בני ישראל,"For I have taken the breast of elevation offering and the thigh of gift offering from the Israelites, from their sacrifices of well-being, and given them to Aaron the priest and to his sons as their due from the Israelites for all time.",Ninguno
Leviticus,7,35,זאת משחת אהרן ומשחת בניו מאשי יהוה ביום הקריב אתם לכהן ליהוה,"Those shall be the perquisiteseperquisites Lit. “anointment,” i.e., accruing from anointment. of Aaron and the perquisites of his sons from GOD’s offerings by fire, once they have been inductedfinducted Lit. “brought forward.” to serve GOD as priests; ",Ninguno
Leviticus,7,36,אשר צוה יהוה לתת להם ביום משחו אתם מאת בני ישראל חקת עולם לדרתם,"these GOD commanded to be given them, once they had been anointed, as a due from the Israelites for all time throughout the ages.",Ninguno
Leviticus,7,37,זאת התורה לעלה למנחה ולחטאת ולאשם ולמלואים ולזבח השלמים,"Such are the rituals of the burnt offering, the grain offering, the purgation offering, the reparation offering, the offering of ordination, and the sacrifice of well-being, ",Ninguno
Leviticus,7,38,"אשר צוה יהוה אתמשה בהר סיני ביום צותו אתבני ישראל להקריב אתקרבניהם ליהוה במדבר סיני&nbsp;<span class=""mam-spi-pe"">{פ}</span><br>","with which GOD charged Moses on Mount Sinai, when commanding that the Israelites present their offerings to GOD, in the wilderness of Sinai.",Ninguno
Leviticus,8,1,וידבר יהוה אלמשה לאמר,"GOD spoke to Moses, saying: ",Ninguno
Leviticus,8,2,קח אתאהרן ואתבניו אתו ואת הבגדים ואת שמן המשחה ואת&thinsp;<b></b> פר החטאת ואת שני האילים ואת סל המצות,"Take Aaron along with his sons, and the vestments, the anointing oil, the bull of purgation offering, the two rams, and the basket of unleavened bread; ",Ninguno
Leviticus,8,3,ואת כלהעדה הקהל אלפתח אהל מועד,"and assemble the whole communityawhole community Or the leadership or their designees, on the community’s behalf. at the entrance of the Tent of Meeting. ",Ninguno
Leviticus,8,4,ויעש משה כאשר צוה יהוה אתו ותקהל העדה אלפתח אהל מועד,"Moses did as GOD commanded him. And when the community was assembled at the entrance of the Tent of Meeting, ",Ninguno
Leviticus,8,5,ויאמר משה אלהעדה זה הדבר אשרצוה יהוה לעשות,"Moses said to the community, “This is what GOD has commanded to be done.”",Ninguno
Leviticus,8,6,ויקרב משה אתאהרן ואתבניו וירחץ אתם במים,Then Moses brought Aaron and his sons forward and washed them with water.,Ninguno
Leviticus,8,7,ויתן עליו אתהכתנת ויחגר אתו באבנט וילבש אתו אתהמעיל ויתן עליו אתהאפד ויחגר אתו בחשב האפד ויאפד לו בו,"He put the tunic on him, girded him with the sash, clothed him with the robe, and put the ephod on him, girding him with the decorated band with which he tied it to him. ",Ninguno
Leviticus,8,8,וישם עליו אתהחשן ויתן אלהחשן אתהאורים ואתהתמים,"He put the breastpiece on him, and put into the breastpiece the Urim and Thummim.bUrim and Thummim See note at Exod. 28.30. ",Ninguno
Leviticus,8,9,וישם אתהמצנפת עלראשו וישם עלהמצנפת אלמול פניו את ציץ הזהב נזר הקדש כאשר צוה יהוה אתמשה,"And he set the headdress on his head; and on the headdress, in front, he put the gold frontlet, the holy diadem—as GOD had commanded Moses.",Ninguno
Leviticus,8,10,ויקח משה אתשמן המשחה וימשח אתהמשכן ואתכלאשרבו ויקדש אתם,"Moses took the anointing oil and anointed the Tabernacle and all that was in it, thus consecrating them. ",Ninguno
Leviticus,8,11,ויז ממנו עלהמזבח שבע פעמים וימשח אתהמזבח ואתכלכליו ואתהכיר ואתכנו לקדשם,"He sprinkled some of it on the altar seven times, anointing the altar, all its utensils, and the laver with its stand, to consecrate them. ",Ninguno
Leviticus,8,12,ויצק משמן המשחה על ראש אהרן וימשח אתו לקדשו,"He poured some of the anointing oil upon Aaron’s head and anointed him, to consecrate him. ",Ninguno
Leviticus,8,13,ויקרב משה אתבני אהרן וילבשם כתנת ויחגר אתם אבנט ויחבש להם מגבעות כאשר צוה יהוה אתמשה,"Moses then brought Aaron’s sons forward, clothed them in tunics, girded them with sashes, and wound turbans upon them, as GOD had commanded Moses.",Ninguno
Leviticus,8,14,ויגש את פר החטאת ויסמך אהרן ובניו אתידיהם עלראש פר החטאת,"He led forward the bull of purgation offering. Aaron and his sons laid their hands upon the head of the bull of purgation offering, ",Ninguno
Leviticus,8,15,וישחט ויקח משה אתהדם ויתן עלקרנות המזבח סביב באצבעו ויחטא אתהמזבח ואתהדם יצק אליסוד המזבח ויקדשהו לכפר עליו,"and it was slaughtered. Moses took the blood and with his finger put some on each of the horns of the altar, cleansing the altar; then he poured out the blood at the base of the altar. Thus he consecrated it in order to make expiation upon it.",Ninguno
Leviticus,8,16,ויקח אתכלהחלב אשר עלהקרב ואת יתרת הכבד ואתשתי הכלית ואתחלבהן ויקטר משה המזבחה,"Moses then took all the fat that was about the entrails, and the protuberance of the liver, and the two kidneys and their fat, and turned them into smoke on the altar. ",Ninguno
Leviticus,8,17,ואתהפר ואתערו ואתבשרו ואתפרשו שרף באש מחוץ למחנה כאשר צוה יהוה אתמשה,"The rest of the bull, its hide, its flesh, and its dung, he put to the fire outside the camp—as GOD had commanded Moses.",Ninguno
Leviticus,8,18,ויקרב את איל העלה ויסמכו אהרן ובניו אתידיהם עלראש האיל,"Then he brought forward the ram of burnt offering. Aaron and his sons laid their hands upon the ram’s head, ",Ninguno
Leviticus,8,19,וישחט ויזרק משה אתהדם עלהמזבח סביב,and it was slaughtered. Moses dashed the blood against all sides of the altar.,Ninguno
Leviticus,8,20,ואתהאיל נתח לנתחיו ויקטר משה אתהראש ואתהנתחים ואתהפדר,"The ram was cut up into sections and Moses turned the head, the sections, and the suet into smoke on the altar; ",Ninguno
Leviticus,8,21,ואתהקרב ואתהכרעים רחץ במים ויקטר משה אתכלהאיל המזבחה עלה הוא לריחניחח אשה הוא ליהוה כאשר צוה יהוה אתמשה,"Moses washed the entrails and the legs with water and turned all of the ram into smoke. That was a burnt offering for a pleasing odor, an offering by fire to GOD—as GOD had commanded Moses.",Ninguno
Leviticus,8,22,ויקרב אתהאיל השני איל המלאים ויסמכו אהרן ובניו אתידיהם עלראש האיל,"He brought forward the second ram, the ram of ordination. Aaron and his sons laid their hands upon the ram’s head, ",Ninguno
Leviticus,8,23,וישחט&thinsp;<b></b> ויקח משה מדמו ויתן עלתנוך אזןאהרן הימנית ועלבהן ידו הימנית ועלבהן רגלו הימנית,"and it was slaughtered. Moses took some of its blood and put it on the ridgecridge Or “lobe.” of Aaron’s right ear, and on the thumb of his right hand, and on the big toe of his right foot. ",Ninguno
Leviticus,8,24,ויקרב אתבני אהרן ויתן משה מןהדם עלתנוך אזנם הימנית ועלבהן ידם הימנית ועלבהן רגלם הימנית ויזרק משה אתהדם עלהמזבח סביב,"Moses then brought forward the sons of Aaron, and put some of the blood on the ridges of their right ears, and on the thumbs of their right hands, and on the big toes of their right feet; and the rest of the blood Moses dashed against every side of the altar. ",Ninguno
Leviticus,8,25,ויקח אתהחלב ואתהאליה ואתכלהחלב אשר עלהקרב ואת יתרת הכבד ואתשתי הכלית ואתחלבהן ואת שוק הימין,"He took the fat—the broad tail, all the fat about the entrails, the protuberance of the liver, and the two kidneys and their fat—and the right thigh. ",Control/Derecha (Yamin)
Leviticus,8,26,ומסל המצות אשר&thinsp;<b></b> לפני יהוה לקח חלת מצה אחת וחלת לחם שמן אחת ורקיק אחד וישם עלהחלבים ועל שוק הימין,"From the basket of unleavened bread that was before GOD, he took one cake of unleavened bread, one cake of oil bread, and one wafer, and placed them on the fat parts and on the right thigh. ",Control/Derecha (Yamin)
Leviticus,8,27,ויתן אתהכל על כפי אהרן ועל כפי בניו וינף אתם תנופה לפני יהוה,"He placed all these on the palms of Aaron and on the palms of his sons, and elevated them as an elevation offering before GOD. ",Ninguno
Leviticus,8,28,ויקח משה אתם מעל כפיהם ויקטר המזבחה עלהעלה מלאים הם לריח ניחח אשה הוא ליהוה,Then Moses took them from their hands and turned them into smoke on the altar with the burnt offering. This was an ordination offering for a pleasing odor; it was an offering by fire to GOD.,Ninguno
Leviticus,8,29,ויקח משה אתהחזה ויניפהו תנופה לפני יהוה מאיל המלאים למשה היה למנה כאשר צוה יהוה אתמשה,Moses took the breast and elevated it as an elevation offering before GOD; it was Moses’ portion of the ram of ordination—as GOD had commanded Moses.,Ninguno
Leviticus,8,30,ויקח משה משמן המשחה ומןהדם אשר עלהמזבח ויז עלאהרן עלבגדיו ועלבניו ועלבגדי בניו אתו ויקדש אתאהרן אתבגדיו ואתבניו ואתבגדי בניו אתו,"And Moses took some of the anointing oil and some of the blood that was on the altar and sprinkled it upon Aaron and upon his vestments, and also upon his sons and upon their vestments. Thus he consecrated Aaron and his vestments, and also his sons and their vestments.",Ninguno
Leviticus,8,31,ויאמר משה אלאהרן ואלבניו בשלו אתהבשר פתח אהל מועד ושם תאכלו אתו ואתהלחם אשר בסל המלאים כאשר צויתי לאמר אהרן ובניו יאכלהו,"Moses said to Aaron and his sons: Boil the flesh at the entrance of the Tent of Meeting and eat it there with the bread that is in the basket of ordination—as I commanded:dI commanded Or, vocalizing ṣuwwethi, “I have been commanded”; cf. below, v. 35 and 10.13. Aaron and his sons shall eat it; ",Ninguno
Leviticus,8,32,והנותר בבשר ובלחם באש תשרפו,and what is left over of the flesh and the bread you shall consume in fire.,Ninguno
Leviticus,8,33,ומפתח אהל מועד לא תצאו שבעת ימים עד יום מלאת ימי מלאיכם כי שבעת ימים ימלא אתידכם,"You shall not go outside the entrance of the Tent of Meeting for seven days, until the day that your period of ordination is completed. For your ordination will require seven days. ",Ninguno
Leviticus,8,34,כאשר עשה ביום הזה צוה יהוה לעשת לכפר עליכם,"Everything done today, GOD has commanded to be done [seven days], to make expiation for you. ",Ninguno
Leviticus,8,35,ופתח אהל מועד תשבו יומם ולילה שבעת ימים ושמרתם אתמשמרת יהוה ולא תמותו כיכן צויתי,"You shall remain at the entrance of the Tent of Meeting day and night for seven days, keeping GOD’s charge—that you may not die—for so I have been commanded.",Ninguno
Leviticus,8,36,"ויעש אהרן ובניו את כלהדברים אשרצוה יהוה בידמשה&nbsp;<span class=""mam-spi-samekh"">{ס}</span>&nbsp;&nbsp;&nbsp;&nbsp;&nbsp;&nbsp;&nbsp;&nbsp;",And Aaron and his sons did all the things that GOD had commanded through Moses.,Ninguno
Leviticus,9,1,ויהי ביום השמיני קרא משה לאהרן ולבניו ולזקני ישראל,"On the eighth day Moses called Aaron and his sons, and the elders of Israel. ",Ninguno
Leviticus,9,2,ויאמר אלאהרן קחלך עגל בןבקר לחטאת ואיל לעלה תמימם והקרב לפני יהוה,"He said to Aaron: “Take a calf of the herd for a purgation offering and a ram for a burnt offering, without blemish, and bring them before GOD. ",Ninguno
Leviticus,9,3,ואלבני ישראל תדבר לאמר קחו שעירעזים לחטאת ועגל וכבש בנישנה תמימם לעלה,"And speak to the Israelites, saying: Take a he-goat for a purgation offering; a calf and a lamb, yearlings without blemish, for a burnt offering; ",Ninguno
Leviticus,9,4,ושור ואיל לשלמים לזבח לפני יהוה ומנחה בלולה בשמן כי היום יהוה נראה אליכם,and an ox and a ram for an offering of well-being to sacrifice before GOD; and a grain offering with oil mixed in. For today GOD will appear toaappear to Or “initiate communications with.” you.”,Ninguno
Leviticus,9,5,ויקחו את אשר צוה משה אלפני אהל מועד ויקרבו כלהעדה ויעמדו לפני יהוה,"They brought to the front of the Tent of Meeting the things that Moses had commanded, and the whole communitybwhole community See note at 8.3. came forward and stood before GOD. ",Ninguno
Leviticus,9,6,ויאמר משה זה הדבר אשרצוה יהוה תעשו וירא אליכם כבוד יהוה,"Moses said: “This is what GOD has commanded that you do, that the Presence of GOD may appear tocappear to See note at v. 4. you.” ",Ninguno
Leviticus,9,7,ויאמר משה אלאהרן קרב אלהמזבח ועשה אתחטאתך ואתעלתך וכפר בעדך ובעד העם ועשה אתקרבן העם וכפר בעדם כאשר צוה יהוה,"Then Moses said to Aaron: “Come forward to the altar and sacrifice your purgation offering and your burnt offering, making expiation for yourself and for the people; and sacrifice the people’s offering and make expiation for them, as GOD has commanded.”",Ninguno
Leviticus,9,8,ויקרב אהרן אלהמזבח וישחט אתעגל החטאת אשרלו,Aaron came forward to the altar and slaughtered his calf of purgation offering.,Ninguno
Leviticus,9,9,ויקרבו בני אהרן אתהדם אליו ויטבל אצבעו בדם ויתן עלקרנות המזבח ואתהדם יצק אליסוד המזבח,Aaron’s sons brought the blood to him; he dipped his finger in the blood and put it on the horns of the altar; and he poured out the rest of the blood at the base of the altar.,Ninguno
Leviticus,9,10,ואתהחלב ואתהכלית ואתהיתרת מןהכבד מןהחטאת הקטיר המזבחה כאשר צוה יהוה אתמשה,"The fat, the kidneys, and the protuberance of the liver from the purgation offering he turned into smoke on the altar—as GOD had commanded Moses; ",Ninguno
Leviticus,9,11,ואתהבשר ואתהעור שרף באש מחוץ למחנה,and the flesh and the skin were consumed in fire outside the camp.,Ninguno
Leviticus,9,12,וישחט אתהעלה וימצאו בני אהרן אליו אתהדם ויזרקהו עלהמזבח סביב,"Then he slaughtered the burnt offering. Aaron’s sons passed the blood to him, and he dashed it against all sides of the altar. ",Ninguno
Leviticus,9,13,ואתהעלה המציאו אליו לנתחיה ואתהראש ויקטר עלהמזבח,"They passed the burnt offering to him in sections, as well as the head, and he turned it into smoke on the altar. ",Ninguno
Leviticus,9,14,וירחץ אתהקרב ואתהכרעים ויקטר עלהעלה המזבחה,"He washed the entrails and the legs, and turned them into smoke on the altar with the burnt offering.",Ninguno
Leviticus,9,15,ויקרב את קרבן העם ויקח אתשעיר החטאת אשר לעם וישחטהו ויחטאהו כראשון,"Next he brought forward the people’s offering. He took the goat for the people’s purgation offering, and slaughtered it, and presented it as a purgation offering like the previous one. ",Ninguno
Leviticus,9,16,ויקרב אתהעלה ויעשה כמשפט,He brought forward the burnt offering and sacrificed it according to regulation.,Ninguno
Leviticus,9,17,ויקרב אתהמנחה וימלא כפו ממנה ויקטר עלהמזבח מלבד עלת הבקר,"He then brought forward the grain offering and, taking a handful of it, he turned it into smoke on the altar—in addition to the burnt offering of the morning.dburnt offering of the morning See Exod. 29.38–46. ",Ninguno
Leviticus,9,18,וישחט אתהשור ואתהאיל זבח השלמים אשר לעם וימצאו בני אהרן אתהדם אליו ויזרקהו עלהמזבח סביב,"He slaughtered the ox and the ram, the people’s sacrifice of well-being. Aaron’s sons passed the blood to him—which he dashed against every side of the altar— ",Ninguno
Leviticus,9,19,ואתהחלבים מןהשור ומןהאיל האליה והמכסה והכלית ויתרת הכבד,"and the fat parts of the ox and the ram: the broad tail, the covering [fat], the kidneys, and the protuberances of the livers. ",Ninguno
Leviticus,9,20,וישימו אתהחלבים עלהחזות ויקטר החלבים המזבחה,"They laid these fat parts over the breasts; and AaroneAaron Moved up from v. 21 for clarity. turned the fat parts into smoke on the altar, ",Ninguno
Leviticus,9,21,ואת החזות ואת שוק הימין הניף אהרן תנופה לפני יהוה כאשר צוה משה,and elevated the breasts and the right thighs as an elevation offering before GOD—as Moses had commanded.,Control/Derecha (Yamin)
Leviticus,9,22,"וישא אהרן את<span class=""mam-kq-trivial"">ידו</span> אלהעם ויברכם וירד מעשת החטאת והעלה והשלמים","Aaron lifted his hands toward the people and blessed them; and he stepped down after offering the purgation offering, the burnt offering, and the offering of well-being. ",Ninguno
Leviticus,9,23,ויבא משה ואהרן אלאהל מועד ויצאו ויברכו אתהעם וירא כבודיהוה אלכלהעם,"Moses and Aaron then went inside the Tent of Meeting. When they came out, they blessed the people; and the Presence of GOD appeared tofappeared to Cf. note at v. 4. all the people. ",Ninguno
Leviticus,9,24,ותצא אש מלפני יהוה ותאכל עלהמזבח אתהעלה ואתהחלבים וירא כלהעם וירנו ויפלו עלפניהם,"Fire came forth from before GOD and consumed the burnt offering and the fat parts on the altar. And all the people saw, and shouted, and fell on their faces.",Ninguno
Leviticus,10,1,ויקחו בניאהרן נדב ואביהוא איש מחתתו ויתנו בהן אש וישימו עליה קטרת ויקריבו לפני יהוה אש זרה אשר לא צוה אתם,"Now Aaron’s sons Nadab and Abihu each took his fire pan, put fire in it, and laid incense on it; and they offered before GOD alien fire—which had not been enjoined upon them. ",Ninguno
Leviticus,10,2,ותצא אש מלפני יהוה ותאכל אותם וימתו לפני יהוה,And fire came forth from GOD and consumed them; thus they died by GOD’s will.aby GOD’s will Lit. “before GOD.” ,Ninguno
Leviticus,10,3,ויאמר משה אלאהרן הוא אשרדבר יהוה&thinsp;<small></small>&thinsp;לאמר בקרבי אקדש ועלפני כלהעם אכבד וידם אהרן,"Then Moses said to Aaron, “This is what GOD meant by saying:Through those near to Me I show Myself holy,And gain glory before all the people.”And Aaron was silent.",Ninguno
Leviticus,10,4,ויקרא משה אלמישאל ואל אלצפן בני עזיאל דד אהרן ויאמר אלהם קרבו שאו אתאחיכם מאת פניהקדש אלמחוץ למחנה,"Moses called Mishael and Elzaphan, sons of Uzziel the uncle of Aaron, and said to them, “Come forward and carry your kinsmen away from the front of the sanctuary to a place outside the camp.” ",Ninguno
Leviticus,10,5,ויקרבו וישאם בכתנתם אלמחוץ למחנה כאשר דבר משה,"They came forward and carried them out of the camp by their tunics, as Moses had ordered. ",Ninguno
Leviticus,10,6,ויאמר משה אלאהרן ולאלעזר ולאיתמר&thinsp;<small></small>&thinsp;בניו ראשיכם אלתפרעו&thinsp;<b></b> ובגדיכם לאתפרמו ולא תמתו ועל כלהעדה יקצף ואחיכם כלבית ישראל יבכו אתהשרפה אשר שרף יהוה,"And Moses said to Aaron and to his sons Eleazar and Ithamar, “Do not bare your headsbbare your heads Or “dishevel your hair”; cf. Num. 5.18. and do not rend your clothes, lest you die and anger strike the whole community. But your kin, all the house of Israel, shall bewail the burning that GOD has wrought. ",Ninguno
Leviticus,10,7,"ומפתח אהל מועד לא תצאו פןתמתו כישמן משחת יהוה עליכם ויעשו כדבר משה&nbsp;<span class=""mam-spi-pe"">{פ}</span><br>","And so do not go outside the entrance of the Tent of Meeting, lest you die, for GOD’s anointing oil is upon you.” And they did as Moses had bidden.",Ninguno
Leviticus,10,8,וידבר יהוה אלאהרן לאמר,"And GOD spoke to Aaron, saying: ",Ninguno
Leviticus,10,9,יין ושכר אלתשת&thinsp;<b></b> אתה&thinsp;<b></b> ובניך אתך בבאכם אלאהל מועד ולא תמתו חקת עולם לדרתיכם,"Drink no wine or other intoxicant, you or your sons, when you enter the Tent of Meeting, that you may not die. This is a law for all time throughout the ages, ",Ninguno
Leviticus,10,10,ולהבדיל בין הקדש ובין החל ובין הטמא ובין הטהור,"for you must distinguish between the sacred and the profane, and between the impure and the pure; ",Separación (Beyn)
Leviticus,10,11,"ולהורת אתבני ישראל את כלהחקים אשר דבר יהוה אליהם בידמשה&nbsp;<span class=""mam-spi-pe"">{פ}</span><br>",and you must teach the Israelites all the laws that GOD has imparted to them through Moses.,Ninguno
Leviticus,10,12,וידבר משה אלאהרן ואל אלעזר ואלאיתמר&thinsp;<small></small>&thinsp;בניו הנותרים קחו אתהמנחה הנותרת מאשי יהוה ואכלוה מצות אצל המזבח כי קדש קדשים הוא,"Moses spoke to Aaron and to his remaining sons, Eleazar and Ithamar: Take the grain offering that is left over from GOD’s offerings by fire and eat it unleavened beside the altar, for it is most holy. ",Ninguno
Leviticus,10,13,ואכלתם אתה במקום קדוש כי חקך וחקבניך הוא מאשי יהוה כיכן צויתי,"You shall eat it in the sacred precinct, since it is your due, and that of your sons, from GOD’s offerings by fire; for so I have been commanded. ",Ninguno
Leviticus,10,14,ואת חזה התנופה ואת&thinsp;<b></b> שוק התרומה תאכלו במקום טהור אתה ובניך ובנתיך אתך כיחקך וחקבניך נתנו מזבחי שלמי בני ישראל,"But the breast of elevation offering and the thigh of gift offering you [and your wife], and your sons and daughters with you, may eat in any pure place, for they have been assigned as a due to you and your sons from the Israelites’ sacrifices of well-being. ",Ninguno
Leviticus,10,15,שוק התרומה וחזה התנופה על אשי החלבים יביאו להניף תנופה לפני יהוה והיה לך ולבניך אתך לחקעולם כאשר צוה יהוה,"Together with the fat of fire offering, they must present the thigh of gift offering and the breast of elevation offering, which are to be elevated as an elevation offering before GOD, and which are to be your due and that of your sons with you for all time—as GOD has commanded.",Ninguno
Leviticus,10,16,ואת&thinsp;<b></b> שעיר החטאת דרש דרש משה והנה שרף ויקצף עלאלעזר ועלאיתמר בני אהרן הנותרם לאמר,"Then Moses inquired about the goat of purgation offering, and it had already been burned! He was angry with Eleazar and Ithamar, Aaron’s remaining sons, and said, ",Ninguno
Leviticus,10,17,מדוע לאאכלתם אתהחטאת במקום הקדש כי קדש קדשים הוא ואתה&thinsp;<b></b> נתן לכם לשאת אתעון העדה לכפר עליהם לפני יהוה,"“Why did you not eat the purgation offering in the sacred area? For it is most holy, and it is what was given to you to remove the guilt of the community and to make expiation for them before GOD. ",Ninguno
Leviticus,10,18,הן לאהובא אתדמה אלהקדש פנימה אכול תאכלו אתה בקדש כאשר צויתי,"Since its blood was not brought inside the sanctuary,cbrought inside the sanctuary As is done in the case of the most solemn offerings; see 4.3–21; 16.11–17. you should certainly have eaten it in the sanctuary, as I commanded.” ",Ninguno
Leviticus,10,19,וידבר אהרן אלמשה הן היום הקריבו אתחטאתם ואתעלתם לפני יהוה ותקראנה אתי כאלה ואכלתי חטאת היום הייטב בעיני יהוה,"And Aaron spoke to Moses, “See, this day they brought their purgation offering and their burnt offering before GOD, and such things have befallen me! Had I eaten purgation offering today, would GOD have approved?” ",Ninguno
Leviticus,10,20,"וישמע משה וייטב בעיניו&nbsp;<span class=""mam-spi-pe"">{פ}</span><br>","And when Moses heard this, he approved.",Ninguno
Leviticus,11,1,וידבר יהוה אלמשה ואלאהרן לאמר אלהם,"GOD spoke to Moses and Aaron, saying to them: ",Ninguno
Leviticus,11,2,דברו אלבני ישראל לאמר זאת החיה אשר תאכלו מכלהבהמה אשר עלהארץ,Speak to the Israelite people thus:These are the creatures that you may eat from among all the land animals:,Ninguno
Leviticus,11,3,כל&thinsp;<b></b> מפרסת פרסה ושסעת שסע פרסת מעלת גרה בבהמה אתה תאכלו,"any animal that has true hoofs, with clefts through the hoofs, and that chewsachews Lit. “brings up.” the cud—such you may eat. ",Ninguno
Leviticus,11,4,אך אתזה לא תאכלו ממעלי הגרה וממפרסי הפרסה אתהגמל כימעלה גרה הוא ופרסה איננו מפריס טמא הוא לכם,"The following, however, of those that either chew the cud or have true hoofs, you shall not eat: the camel—although it chews the cud, it has no true hoofs: it is impure for you; ",Ninguno
Leviticus,11,5,ואתהשפן כימעלה גרה הוא ופרסה לא יפריס טמא הוא לכם,"the daman—although it chews the cud, it has no true hoofs: it is impure for you; ",Ninguno
Leviticus,11,6,ואתהארנבת כימעלת גרה הוא ופרסה לא הפריסה טמאה הוא לכם,"the hare—although it chews the cud, it has no true hoofs: it is impure for you; ",Ninguno
Leviticus,11,7,ואתהחזיר כימפריס פרסה הוא ושסע שסע פרסה והוא גרה לאיגר טמא הוא לכם,"and the swine—although it has true hoofs, with the hoofs cleft through, it does not chew the cud: it is impure for you. ",Ninguno
Leviticus,11,8,מבשרם לא תאכלו ובנבלתם לא תגעו טמאים הם לכם,You shall not eat of their flesh or touch their carcasses; they are impure for you.,Ninguno
Leviticus,11,9,אתזה תאכלו מכל אשר במים כל אשרלו סנפיר וקשקשת במים בימים ובנחלים אתם תאכלו,"These you may eat of all that live in water: anything in water, whether in the seas or in the streams, that has fins and scales—these you may eat. ",Ninguno
Leviticus,11,10,וכל אשר איןלו סנפיר וקשקשת בימים ובנחלים מכל שרץ המים ומכל נפש החיה אשר במים שקץ הם לכם,"But anything in the seas or in the streams that has no fins and scales, among all the swarming things of the water and among all the other living creatures that are in the water—they are an abomination for you ",Ninguno
Leviticus,11,11,ושקץ יהיו לכם מבשרם לא תאכלו ואתנבלתם תשקצו,and an abomination for you they shall remain: you shall not eat of their flesh and you shall abominate their carcasses.,Ninguno
Leviticus,11,12,כל אשר איןלו סנפיר וקשקשת במים שקץ הוא לכם,Everything in water that has no fins and scales shall be an abomination for you.,Ninguno
Leviticus,11,13,ואתאלה תשקצו מןהעוף לא יאכלו שקץ הם אתהנשר ואתהפרס ואת העזניה,"The followingbThe following A number of these cannot be identified with certainty. you shall abominate among the birds—they shall not be eaten, they are an abomination: the eagle, the vulture, and the black vulture; ",Ninguno
Leviticus,11,14,ואתהדאה ואתהאיה למינה,"the kite, falcons of every variety; ",Ninguno
Leviticus,11,15,את כלערב למינו,all varieties of raven;,Ninguno
Leviticus,11,16,ואת בת היענה ואתהתחמס ואתהשחף ואתהנץ למינהו,"the ostrich, the nighthawk, the sea gull; hawks of every variety; ",Ninguno
Leviticus,11,17,ואתהכוס ואתהשלך ואתהינשוף,"the little owl, the cormorant, and the great owl; ",Ninguno
Leviticus,11,18,ואתהתנשמת ואתהקאת ואתהרחם,"the white owl, the pelican, and the bustard; ",Ninguno
Leviticus,11,19,ואת החסידה האנפה למינה ואתהדוכיפת ואתהעטלף,"the stork; herons of every variety; the hoopoe, and the bat.",Ninguno
Leviticus,11,20,כל שרץ העוף ההלך עלארבע שקץ הוא לכם,All winged swarming things that walk on fours shall be an abomination for you.,Ninguno
Leviticus,11,21,"אך אתזה תאכלו מכל שרץ העוף ההלך עלארבע אשר<span class=""mam-kq""><span class=""mam-kq-q"">[לו]</span> <span class=""mam-kq-k"">(לא)</span></span> כרעים ממעל לרגליו לנתר בהן עלהארץ","But these you may eat among all the winged swarming things that walk on fours: all that have, above their feet, jointed legs to leap with on the ground— ",Ninguno
Leviticus,11,22,אתאלה מהם תאכלו אתהארבה למינו ואתהסלעם למינהו ואתהחרגל למינהו ואתהחגב למינהו,of these you may eat the following:cthe following A number of these cannot be identified with certainty. locusts of every variety; all varieties of bald locust; crickets of every variety; and all varieties of grasshopper. ,Ninguno
Leviticus,11,23,וכל שרץ העוף אשרלו ארבע רגלים שקץ הוא לכם,But all other winged swarming things that have four legs shall be an abomination for you.,Ninguno
Leviticus,11,24,ולאלה תטמאו כלהנגע בנבלתם יטמא עדהערב,"And the following shall make you impure—whoever touches their carcasses shall be impure until evening, ",Ninguno
Leviticus,11,25,וכלהנשא מנבלתם יכבס בגדיו וטמא עדהערב,and whoever carries the carcasses of any of [these creatures] shall wash their clothes and be impure until evening—,Ninguno
Leviticus,11,26,לכלהבהמה אשר הוא מפרסת פרסה ושסע&thinsp;<b></b> איננה שסעת וגרה איננה מעלה טמאים הם לכם כלהנגע בהם יטמא,"every animal that has true hoofs but without clefts through the hoofs, or that does not chew the cud. They are impure for you; whoever touches them shall be impure. ",Ninguno
Leviticus,11,27,וכל&thinsp;<b></b> הולך עלכפיו בכלהחיה ההלכת עלארבע טמאים הם לכם כלהנגע בנבלתם יטמא עדהערב,"Also all animals that walk on paws, among those that walk on fours, are impure for you; whoever touches their carcasses shall be impure until evening. ",Ninguno
Leviticus,11,28,"והנשא אתנבלתם יכבס בגדיו וטמא עדהערב טמאים המה לכם&nbsp;<span class=""mam-spi-samekh"">{ס}</span>&nbsp;&nbsp;&nbsp;&nbsp;&nbsp;&nbsp;&nbsp;&nbsp;",And anyone who carries their carcasses shall wash their clothes and remain impure until evening. They are impure for you.,Ninguno
Leviticus,11,29,וזה לכם הטמא בשרץ השרץ עלהארץ החלד והעכבר והצב למינהו,"The followingdThe following A number of these cannot be identified with certainty. shall be impure for you from among the things that swarm on the earth: the mole, the mouse, and great lizards of every variety; ",Ninguno
Leviticus,11,30,והאנקה והכח והלטאה והחמט והתנשמת,"the gecko, the land crocodile, the lizard, the sand lizard, and the chameleon. ",Ninguno
Leviticus,11,31,אלה הטמאים לכם בכלהשרץ כלהנגע בהם במתם יטמא עדהערב,Those are for you the impure among all the swarming things; whoever touches them when they are dead shall be impure until evening.,Ninguno
Leviticus,11,32,וכל אשריפלעליו מהם&thinsp;<small></small>&thinsp;במתם יטמא מכלכליעץ או בגד אועור או שק כלכלי אשריעשה מלאכה בהם במים יובא וטמא עדהערב וטהר,"And anything on which one of them falls when dead shall be impure: be it any article of wood, or a cloth, or a skin, or a sack—any such article that can be put to use shall be dipped in water, and it shall remain impure until evening; then it shall be pure. ",Ninguno
Leviticus,11,33,וכלכליחרש אשריפל מהם אלתוכו כל אשר בתוכו יטמא ואתו תשברו,"And if any of those falls into an earthen vessel, everything inside it shall be impure and [the vessel] itself you shall break. ",Ninguno
Leviticus,11,34,מכלהאכל אשר יאכל אשר יבוא עליו מים יטמא וכלמשקה אשר ישתה בכלכלי יטמא,"As to any food that may be eaten, it shall become impure if it came in contact with water;eif it came in contact with water That is, if the food then came in contact with the carcass of any animal named in vv. 29–30. as to any liquid that may be drunk, it shall become impure if it was inside any vessel.fany vessel That is, one contaminated via contact with a carcass as in vv. 32–33. ",Ninguno
Leviticus,11,35,וכל אשריפל מנבלתם&thinsp;<small></small>&thinsp;עליו יטמא תנור וכירים יתץ טמאים הם וטמאים יהיו לכם,Everything on which the carcass of any of them falls shall be impure: an oven or stove shall be smashed. They are impure—and impure they shall remain for you.,Ninguno
Leviticus,11,36,אך מעין ובור מקוהמים יהיה טהור ונגע בנבלתם יטמא,"However, a spring or cistern in which water is collected shall be pure, but whoever touches such a carcass in it shall be impure. ",Ninguno
Leviticus,11,37,וכי יפל מנבלתם עלכלזרע זרוע אשר יזרע טהור הוא,"If such a carcass falls upon seed grain that is to be sown, it is pure; ",Ninguno
Leviticus,11,38,"וכי יתןמים עלזרע ונפל מנבלתם עליו טמא הוא לכם&nbsp;<span class=""mam-spi-samekh"">{ס}</span>&nbsp;&nbsp;&nbsp;&nbsp;&nbsp;&nbsp;&nbsp;&nbsp;","but if water is put on the seed and any part of a carcass falls upon it, it shall be impure for you.",Ninguno
Leviticus,11,39,וכי ימות מןהבהמה אשרהיא לכם לאכלה הנגע בנבלתה יטמא עדהערב,"If an animal that you may eat has died, anyone who touches its carcass shall be impure until evening; ",Ninguno
Leviticus,11,40,והאכל מנבלתה יכבס בגדיו וטמא עדהערב והנשא אתנבלתה יכבס בגדיו וטמא עדהערב,anyone who eats of its carcass shall wash their clothes and remain impure until evening; and anyone who carries its carcass shall wash their clothes and remain impure until evening.,Ninguno
Leviticus,11,41,וכלהשרץ השרץ עלהארץ שקץ הוא לא יאכל,All the things that swarm upon the earth are an abomination; they shall not be eaten.,Ninguno
Leviticus,11,42,כל הולך עלגח<big>ו</big>ן וכל&thinsp;<b></b> הולך עלארבע עד כלמרבה רגלים לכלהשרץ השרץ עלהארץ לא תאכלום כישקץ הם,"You shall not eat, among all things that swarm upon the earth, anything that crawls on its belly, or anything that walks on fours, or anything that has many legs; for they are an abomination. ",Ninguno
Leviticus,11,43,אלתשקצו אתנפשתיכם בכלהשרץ השרץ ולא תטמאו בהם ונטמתם בם,You shall not draw abomination upon yourselves through anything that swarms; you shall not make yourselves impure therewith and thus become impure.,Ninguno
Leviticus,11,44,כי אני יהוה אלהיכם והתקדשתם והייתם קדשים כי קדוש אני ולא תטמאו אתנפשתיכם בכלהשרץ הרמש עלהארץ,"For I the ETERNAL am your God: you shall sanctify yourselves and be holy, for I am holy. You shall not make yourselves impure through any swarming thing that moves upon the earth. ",Ninguno
Leviticus,11,45,כי&thinsp;<b></b> אני יהוה המעלה אתכם מארץ מצרים להית לכם לאלהים והייתם קדשים כי קדוש אני,"For I the ETERNAL am the One who brought you up from the land of Egypt to be your God: you shall be holy, for I am holy.",Ninguno
Leviticus,11,46,זאת תורת הבהמה והעוף וכל נפש החיה הרמשת במים ולכלנפש השרצת עלהארץ,"These are the instructions concerning animals, birds, all living creatures that move in water, and all creatures that swarm on earth, ",Ninguno
Leviticus,11,47,"להבדיל בין הטמא ובין הטהר ובין החיה הנאכלת ובין החיה אשר לא תאכל&nbsp;<span class=""mam-spi-pe"">{פ}</span><br>","for distinguishing between the impure and the pure, between the living things that may be eaten and the living things that may not be eaten.",Separación (Beyn)
Leviticus,12,1,וידבר יהוה אלמשה לאמר,"GOD spoke to Moses, saying: ",Ninguno
Leviticus,12,2,דבר אלבני ישראל לאמר אשה כי תזריע וילדה זכר וטמאה שבעת ימים כימי נדת דותה תטמא,"Speak to the Israelite people thus: When a woman at childbirthaat childbirth Heb. tazriaʻ, lit. “brings forth seed.” bears a male, she shall be impure seven days; she shall be impure as at the time of her condition of menstrual separation.— ",Ninguno
Leviticus,12,3,וביום השמיני ימול בשר ערלתו,On the eighth day the flesh of his foreskin shall be circumcised.—,Ninguno
Leviticus,12,4,ושלשים יום ושלשת ימים תשב בדמי טהרה בכלקדש לאתגע ואלהמקדש לא תבא עדמלאת ימי טהרה,"She shall remain in a state of blood purificationbstate of blood purification Meaning of Heb. deme tohorah uncertain. for thirty-three days: she shall not touch any consecrated thing, nor enter the sanctuary until her period of purification is completed. ",Ninguno
Leviticus,12,5,ואםנקבה תלד וטמאה שבעים כנדתה וששים יום וששת ימים תשב עלדמי טהרה,"If she bears a female, she shall be impure two weeks as during her menstruation, and she shall remain in a state of blood purificationcstate of blood purification See note at v. 4. for sixty-six days.",Ninguno
Leviticus,12,6,ובמלאת&thinsp;<b></b> ימי טהרה לבן או לבת תביא כבש בןשנתו לעלה ובןיונה אותר לחטאת אלפתח אהלמועד אלהכהן,"On the completion of her period of purification, for either son or daughter, she shall bring to the priest, at the entrance of the Tent of Meeting, a lamb in its first year for a burnt offering, and a pigeon or a turtledove for a purgation offering. ",Ninguno
Leviticus,12,7,והקריבו לפני יהוה וכפר עליה וטהרה ממקר דמיה זאת תורת הילדת לזכר או לנקבה,"He shall offer it before GOD and make expiation on her behalf; she shall then be pure from her flow of blood. Such are the rituals concerning a woman who bears a child, male or female. ",Ninguno
Leviticus,12,8,"ואםלא תמצא ידה די שה ולקחה שתיתרים או שני בני יונה אחד לעלה ואחד לחטאת וכפר עליה הכהן וטהרה&nbsp;<span class=""mam-spi-pe"">{פ}</span><br>","If, however, her means do not suffice for a sheep, she shall take two turtledoves or two pigeons, one for a burnt offering and the other for a purgation offering. The priest shall make expiation on her behalf, and she shall be pure.",Ninguno
Leviticus,13,1,וידבר יהוה אלמשה ואלאהרן לאמר,"GOD spoke to Moses and Aaron, saying:",Ninguno
Leviticus,13,2,אדם כייהיה בעורבשרו שאת אוספחת או בהרת והיה בעורבשרו לנגע צרעת והובא אלאהרן הכהן או אלאחד מבניו הכהנים,"When a person has on their skinatheir skin Lit. “the skin of their flesh,” i.e., skin in general. a swelling, a rash, or a discoloration, and it develops into a scaly affection on their skin, it shall be reportedbit shall be reported Or “[the person] shall be brought.” to Aaron the priest or to one of his sons, the priests. ",Ninguno
Leviticus,13,3,וראה הכהן אתהנגע בעורהבשר ושער בנגע הפך&thinsp;<b></b> לבן ומראה הנגע עמק מעור בשרו נגע צרעת הוא וראהו הכהן וטמא אתו,"The priest shall examine the affection on the skin: if hair in the affected patch has turned white and the affection appears to be deeper than the skin, it is a leprouscleprous Heb. ṣaraʻath is used for a variety of diseases. Where a human being is declared impure by reason of ṣaraʻath, the traditional translation “leprosy” has been retained without regard to modern medical terminology. affection; when the priest sees it, he shall pronounce the person impure. ",Ninguno
Leviticus,13,4,ואםבהרת לבנה הוא בעור בשרו ועמק איןמראה מןהעור ושערה לאהפך לבן והסגיר הכהן אתהנגע שבעת ימים,"But if it is a white discoloration on the skin that does not appear to be deeper than the skin and the hair in it has not turned white, the priest shall isolate the affected person for seven days. ",Ninguno
Leviticus,13,5,וראהו הכהן ביום השביעי והנה הנגע עמד בעיניו לאפשה הנגע בעור והסגירו הכהן שבעת ימים שנית,"On the seventh day the priest shall conduct an examination, and if the affection has remained unchanged in color and the disease has not spread on the skin, the priest shall isolate them for another seven days. ",Ninguno
Leviticus,13,6,וראה הכהן אתו ביום השביעי שנית והנה כהה הנגע ולאפשה הנגע בעור וטהרו הכהן מספחת הוא וכבס בגדיו וטהר,"On the seventh day the priest shall again conduct an examination: if the affection has faded and has not spread on the skin, the priest shall pronounce the person pure. It is a rash; that person, after washing their clothes, shall be pure. ",Ninguno
Leviticus,13,7,ואםפשה תפשה המספחת בעור אחרי הראתו אלהכהן לטהרתו ונראה שנית אלהכהן,"But if the rash should spread on the skin after they have been seen by the priest and pronounced pure, that person shall again report to the priest. ",Ninguno
Leviticus,13,8,"וראה הכהן והנה פשתה המספחת בעור וטמאו הכהן צרעת הוא&nbsp;<span class=""mam-spi-pe"">{פ}</span><br>","And if the priest sees that the rash has spread on the skin, the priest shall pronounce them impure; it is leprosy.",Ninguno
Leviticus,13,9,נגע צרעת כי תהיה באדם והובא אלהכהן,"When a person has a scaly affection, it shall be reporteddit shall be reported See note at 13.2. to the priest. ",Ninguno
Leviticus,13,10,וראה הכהן והנה שאתלבנה בעור והיא הפכה שער לבן ומחית בשר חי בשאת,"If the priest finds on the skin a white swelling that has turned some hair white, with a patch of undiscolored flesh in the swelling, ",Ninguno
Leviticus,13,11,צרעת נושנת הוא בעור בשרו וטמאו הכהן לא יסגרנו כי טמא הוא,"it is chronic leprosy on the skin, and the priest shall pronounce the person impure; being impure, they need not be isolated. ",Ninguno
Leviticus,13,12,ואםפרוח תפרח הצרעת בעור וכסתה הצרעת את כלעור הנגע מראשו ועדרגליו לכלמראה עיני הכהן,"If the eruption spreads out over the skin so that it covers all the skin of the affected person from head to foot, wherever the priest can see— ",Ninguno
Leviticus,13,13,וראה הכהן והנה כסתה הצרעת אתכלבשרו וטהר אתהנגע כלו הפך לבן טהור הוא,"if the priest sees that the eruption has covered the whole body—he shall pronounce as pure the affected person, who is pure from having turned all white. ",Ninguno
Leviticus,13,14,וביום הראות בו בשר חי יטמא,"But as soon as undiscolored flesh appears in it, that person shall be impure; ",Ninguno
Leviticus,13,15,וראה הכהן אתהבשר החי וטמאו הבשר החי טמא הוא צרעת הוא,"when the priest sees the undiscolored flesh, he shall pronounce them impure. The undiscolored flesh is impure; it is leprosy. ",Ninguno
Leviticus,13,16,או כי ישוב הבשר החי ונהפך ללבן ובא אלהכהן,"But if the undiscolored flesh again turns white, that person shall come to the priest, ",Ninguno
Leviticus,13,17,"וראהו הכהן והנה נהפך הנגע ללבן וטהר הכהן אתהנגע טהור הוא&nbsp;<span class=""mam-spi-pe"">{פ}</span><br>","and the priest shall conduct an examination: if the affection has turned white, the priest shall pronounce as pure the affected person, who is then pure.",Ninguno
Leviticus,13,18,ובשר כייהיה בובערו שחין ונרפא,"When an inflammation appears on one’s skin and it heals, ",Ninguno
Leviticus,13,19,והיה במקום השחין שאת לבנה או בהרת לבנה אדמדמת ונראה אלהכהן,"and a white swelling or a white discoloration streaked with red develops where the inflammation was, that person shall report to the priest. ",Ninguno
Leviticus,13,20,וראה הכהן והנה מראה שפל מןהעור ושערה הפך לבן וטמאו הכהן נגעצרעת הוא בשחין פרחה,"If the priest finds that it appears lower than the rest of the skin and that the hair in it has turned white, the priest shall pronounce them impure; it is a leprous affection that has broken out in the inflammation. ",Ninguno
Leviticus,13,21,ואם&thinsp;<b></b> יראנה הכהן והנה איןבה שער לבן ושפלה איננה מןהעור והיא כהה והסגירו הכהן שבעת ימים,"But if the priest finds that there is no white hair in it and it is not lower than the rest of the skin, and it is faded, the priest shall isolate them for seven days. ",Ninguno
Leviticus,13,22,ואםפשה תפשה בעור וטמא הכהן אתו נגע הוא,"If it should spread in the skin, the priest shall pronounce them impure; it is an affection. ",Ninguno
Leviticus,13,23,"ואםתחתיה תעמד הבהרת לא פשתה צרבת השחין הוא וטהרו הכהן&nbsp;<span class=""mam-spi-samekh"">{ס}</span>&nbsp;&nbsp;&nbsp;&nbsp;&nbsp;&nbsp;&nbsp;&nbsp;","But if the discoloration remains stationary, not having spread, it is the scar of the inflammation; the priest shall pronounce them pure.",Ninguno
Leviticus,13,24,או בשר כייהיה בערו מכותאש והיתה מחית המכוה בהרת לבנה אדמדמת או לבנה,"When one’s skin sustains a burn by fire, and the patch from the burn is a discoloration, either white streaked with red, or white, ",Ninguno
Leviticus,13,25,וראה אתה הכהן והנה נהפך שער לבן בבהרת ומראה עמק מןהעור צרעת הוא במכוה פרחה וטמא אתו הכהן נגע צרעת הוא,"the priest shall examine it. If some hair has turned white in the discoloration, which itself appears to go deeper than the skin, it is leprosy that has broken out in the burn. The priest shall pronounce the person impure; it is a leprous affection. ",Ninguno
Leviticus,13,26,ואם&thinsp;<b></b> יראנה הכהן והנה איןבבהרת שער לבן ושפלה איננה מןהעור והוא כהה והסגירו הכהן שבעת ימים,"But if the priest finds that there is no white hair in the discoloration, and that it is not lower than the rest of the skin, and it is faded, the priest shall isolate them for seven days. ",Ninguno
Leviticus,13,27,וראהו הכהן ביום השביעי אםפשה תפשה בעור וטמא הכהן אתו נגע צרעת הוא,"On the seventh day the priest shall conduct an examination: if it has spread in the skin, the priest shall pronounce them impure; it is a leprous affection. ",Ninguno
Leviticus,13,28,"ואםתחתיה תעמד הבהרת לאפשתה בעור והוא כהה שאת המכוה הוא וטהרו הכהן כיצרבת המכוה הוא&nbsp;<span class=""mam-spi-pe"">{פ}</span><br>","But if the discoloration has remained stationary, not having spread on the skin, and it is faded, it is the swelling from the burn. The priest shall pronounce them pure, for it is the scar of the burn.",Ninguno
Leviticus,13,29,ואיש או אשה כייהיה בו נגע בראש או בזקן,"If a man or a woman has an affection on the head or in the beard, ",Ninguno
Leviticus,13,30,וראה הכהן אתהנגע והנה מראהו עמק מןהעור ובו שער צהב דק וטמא אתו הכהן נתק הוא צרעת הראש או הזקן הוא,"the priest shall examine the affection. If it appears to go deeper than the skin and there is thin yellow hair in it, the priest shall pronounce them impure; it is a scall, a scaly eruption in the hair or beard. ",Ninguno
Leviticus,13,31,וכייראה הכהן אתנגע הנתק והנה איןמראהו עמק מןהעור ושער שחר אין בו והסגיר הכהן אתנגע הנתק שבעת ימים,"But if the priest finds that the scall affection does not appear to go deeper than the skin, yet there is no black hair in it, the priest shall isolate the person with the scall affection for seven days. ",Ninguno
Leviticus,13,32,וראה הכהן אתהנגע ביום השביעי והנה לאפשה הנתק ולאהיה בו שער צהב ומראה הנתק אין עמק מןהעור,"On the seventh day the priest shall examine the affection. If the scall has not spread and no yellow hair has appeared in it, and the scall does not appear to go deeper than the skin, ",Ninguno
Leviticus,13,33,והת<big>ג</big>לח ואתהנתק לא יגלח והסגיר הכהן אתהנתק שבעת ימים שנית,the person with the scall shall shave—but without shaving the scall; the priest shall isolate them for another seven days.,Ninguno
Leviticus,13,34,וראה הכהן אתהנתק ביום השביעי והנה לאפשה הנתק בעור ומראהו איננו עמק מןהעור וטהר אתו הכהן וכבס בגדיו וטהר,"On the seventh day the priest shall examine the scall. If the scall has not spread on the skin, and does not appear to go deeper than the skin, the priest shall pronounce the person pure; after washing their clothes, they shall be pure. ",Ninguno
Leviticus,13,35,ואםפשה יפשה הנתק בעור אחרי טהרתו,"If, however, the scall should spread on the skin after the person has been pronounced pure, ",Ninguno
Leviticus,13,36,וראהו הכהן והנה פשה הנתק בעור לאיבקר הכהן לשער הצהב טמא הוא,"the priest shall conduct an examination. If the scall has spread on the skin, the priest need not look for yellow hair: the person is impure. ",Ninguno
Leviticus,13,37,"ואםבעיניו עמד הנתק ושער שחר צמחבו נרפא הנתק טהור הוא וטהרו הכהן&nbsp;<span class=""mam-spi-samekh"">{ס}</span>&nbsp;&nbsp;&nbsp;&nbsp;&nbsp;&nbsp;&nbsp;&nbsp;","But if the scall has remained unchanged in color, and black hair has grown in it, the scall is healed; the person is pure. The priest shall pronounce them pure.",Ninguno
Leviticus,13,38,ואיש אואשה כייהיה בעורבשרם בהרת בהרת לבנת,"If a man or a woman has their skinetheir skin See note at v. 2. streaked with white discolorations, ",Ninguno
Leviticus,13,39,"וראה הכהן והנה בעורבשרם בהרת כהות לבנת בהק הוא פרח בעור טהור הוא&nbsp;<span class=""mam-spi-samekh"">{ס}</span>&nbsp;&nbsp;&nbsp;&nbsp;&nbsp;&nbsp;&nbsp;&nbsp;","and the priest sees that the discolorations on the skin are of a dull white, it is a tetter broken out on the skin; they are pure.",Ninguno
Leviticus,13,40,ואיש כי ימרט ראשו קרח הוא טהור הוא,"If a man loses the hair of his head and becomes bald, he is pure. ",Ninguno
Leviticus,13,41,ואם מפאת פניו ימרט ראשו גבח הוא טהור הוא,"If he loses the hair on the front part of his head and becomes bald at the forehead, he is pure. ",Ninguno
Leviticus,13,42,וכייהיה בקרחת או בגבחת נגע לבן אדמדם צרעת פרחת הוא בקרחתו או בגבחתו,"But if a white affection streaked with red appears on the bald part in the front or at the back of the head, it is a scaly eruption that is spreading over the bald part in the front or at the back of the head. ",Ninguno
Leviticus,13,43,וראה אתו הכהן והנה שאתהנגע לבנה אדמדמת בקרחתו או בגבחתו כמראה צרעת עור בשר,"The priest shall examine him: if the swollen affection on the bald part in the front or at the back of his head is white streaked with red, like the leprosy of body skin in appearance, ",Ninguno
Leviticus,13,44,אישצרוע הוא טמא הוא טמא יטמאנו הכהן בראשו נגעו,he is a leprous man; he is impure. The priest shall pronounce him impure; he has the affection on his head.,Ninguno
Leviticus,13,45,והצרוע אשרבו הנגע בגדיו יהיו פרמים וראשו יהיה פרוע ועלשפם יעטה וטמא&thinsp;<small></small>&thinsp;טמא יקרא,"As for the person with a leprous affection: their clothes shall be rent, their head shall be left bare,fhead shall be left bare Or “hair shall be disheveled”; cf. 10.6. and their upper lip shall be covered over; and they shall call out, “Impure! Impure!” ",Ninguno
Leviticus,13,46,"כלימי אשר הנגע בו יטמא טמא הוא בדד ישב מחוץ למחנה מושבו&nbsp;<span class=""mam-spi-samekh"">{ס}</span>&nbsp;&nbsp;&nbsp;&nbsp;&nbsp;&nbsp;&nbsp;&nbsp;","They shall be impure as long as the disease is present. Being impure, they shall dwell apart—in a dwelling outside the camp.",Ninguno
Leviticus,13,47,והבגד כייהיה בו נגע צרעת בבגד צמר או בבגד פשתים,"When an eruptive affection occurs in a cloth of wool or linen fabric, ",Ninguno
Leviticus,13,48,או בשתי או בערב לפשתים ולצמר או בעור או בכלמלאכת עור,"in the warp or in the woof of the linen or the wool, or in a skin or in anything made of skin; ",Ninguno
Leviticus,13,49,והיה הנגע ירקרק&thinsp;<b></b> או אדמדם בבגד או בעור אובשתי אובערב או בכלכליעור נגע צרעת הוא והראה אתהכהן,"if the affection in the cloth or the skin, in the warp or the woof, or in any article of skin, is streaky greenggreen Or “yellow.” or red, it is an eruptive affection. It shall be shown to the priest; ",Ninguno
Leviticus,13,50,וראה הכהן אתהנגע והסגיר אתהנגע שבעת ימים,"and the priest, after examining the affection, shall isolate the affected article for seven days. ",Ninguno
Leviticus,13,51,וראה אתהנגע ביום השביעי כיפשה הנגע בבגד אובשתי אובערב או בעור לכל אשריעשה העור למלאכה צרעת ממארת הנגע טמא הוא,"On the seventh day he shall examine the affection: if the affection has spread in the cloth—whether in the warp or the woof, or in the skin, for whatever purpose the skin may be used—the affection is a malignant eruption; it is impure. ",Ninguno
Leviticus,13,52,ושרף אתהבגד או אתהשתי&thinsp;<b></b> או אתהערב בצמר או בפשתים או אתכלכלי העור אשריהיה בו הנגע כיצרעת ממארת הוא באש תשרף,"The cloth—whether warp or woof in wool or linen, or any article of skin—in which the affection is found, shall be burned, for it is a malignant eruption; it shall be consumed in fire. ",Ninguno
Leviticus,13,53,ואם יראה הכהן והנה לאפשה הנגע בבגד או בשתי או בערב או בכלכליעור,"But if the priest sees that the affection in the cloth—whether in warp or in woof, or in any article of skin—has not spread, ",Ninguno
Leviticus,13,54,וצוה הכהן וכבסו את אשרבו הנגע והסגירו שבעתימים שנית,"the priest shall order the affected article washed, and he shall isolate it for another seven days. ",Ninguno
Leviticus,13,55,וראה הכהן אחרי&thinsp;<b></b> הכבס אתהנגע והנה לאהפך הנגע אתעינו והנגע לאפשה טמא הוא באש תשרפנו פחתת הוא בקרחתו או בגבחתו,"And if, after the affected article has been washed, the priest sees that the affection has not changed color and that it has not spread, it is impure. It shall be consumed in fire; it is a fret,hfret Meaning of Heb. peḥetheth uncertain. whether on its inner side or on its outer side. ",Ninguno
Leviticus,13,56,ואם ראה הכהן והנה כהה הנגע אחרי הכבס אתו וקרע אתו מןהבגד או מןהעור או מןהשתי או מןהערב,"But if the priest sees that the affected part, after it has been washed, is faded, he shall tear it out from the cloth or skin, whether in the warp or in the woof; ",Ninguno
Leviticus,13,57,ואםתראה עוד בבגד אובשתי אובערב או בכלכליעור פרחת הוא באש תשרפנו את אשרבו הנגע,"and if it occurs again in the cloth—whether in warp or in woof—or in any article of skin, it is a wild growth; the affected article shall be consumed in fire. ",Ninguno
Leviticus,13,58,והבגד אוהשתי אוהערב אוכלכלי העור אשר תכבס וסר מהם הנגע וכבס שנית וטהר,"If, however, the affection disappears from the cloth—warp or woof—or from any article of skin that has been washed, it shall be washed again, and it shall be pure.",Ninguno
Leviticus,13,59,"זאת תורת נגעצרעת בגד הצמר&thinsp;<b></b> או הפשתים או השתי או הערב או כלכליעור לטהרו או לטמאו&nbsp;<span class=""mam-spi-pe"">{פ}</span><br>","Such is the procedure for eruptive affections of cloth, woolen or linen, in warp or in woof, or of any article of skin, for pronouncing it pure or impure.",Ninguno
Leviticus,14,1,וידבר יהוה אלמשה לאמר,"GOD spoke to Moses, saying: ",Ninguno
Leviticus,14,2,זאת תהיה תורת המצרע ביום טהרתו והובא אלהכהן,"This shall be the ritual for a leperaleper Heb. meṣoraʻ, a person afflicted with ṣaraʻath; see note at 13.3. at the time of being purified.When it has been reportedbit has been reported Cf. note at 13.2. to the priest, ",Ninguno
Leviticus,14,3,ויצא הכהן אלמחוץ למחנה וראה הכהן והנה נרפא נגעהצרעת מןהצרוע,"the priest shall go outside the camp. If the priest sees that the leper has been healed of the scaly affection, ",Ninguno
Leviticus,14,4,וצוה הכהן ולקח למטהר שתיצפרים חיות טהרות ועץ ארז ושני תולעת ואזב,"the priest shall order two live pure birds, cedar wood, crimson stuff, and hyssop to be brought for the one to be purified. ",Ninguno
Leviticus,14,5,וצוה הכהן ושחט אתהצפור האחת אלכליחרש עלמים חיים,The priest shall order one of the birds slaughtered over fresh water in an earthen vessel;,Ninguno
Leviticus,14,6,אתהצפר החיה יקח אתה ואתעץ הארז ואתשני התולעת ואתהאזב וטבל אותם ואת&thinsp;<b></b> הצפר החיה בדם הצפר השחטה על המים החיים,"and he shall take the live bird, along with the cedar wood, the crimson stuff, and the hyssop, and dip them together with the live bird in the blood of the bird that was slaughtered over the fresh water. ",Ninguno
Leviticus,14,7,והזה על המטהר מןהצרעת שבע פעמים וטהרו ושלח אתהצפר החיה עלפני השדה,He shall then sprinkle it seven times on the one to be purified of the eruption and effect the purification; and he shall set the live bird free in the open country.,Ninguno
Leviticus,14,8,וכבס המטהר אתבגדיו וגלח אתכלשערו ורחץ במים וטהר ואחר יבוא אלהמחנה וישב מחוץ לאהלו שבעת ימים,"The one to be purified shall wash their clothes, shave off all their hair, and bathe in water—and then they shall be pure. After that, the person may enter camp but must remain outside their tent seven days. ",Ninguno
Leviticus,14,9,והיה ביום השביעי יגלח אתכלשערו אתראשו ואתזקנו ואת גבת עיניו ואתכלשערו יגלח וכבס אתבגדיו ורחץ אתבשרו במים וטהר,"On the seventh day they shall shave off all their hair—of head, beard [if any], and eyebrows. Having shaved off all their hair, they shall wash their clothes and bathe in water—and then they shall be pure. ",Ninguno
Leviticus,14,10,וביום השמיני יקח שניכבשים תמימם וכבשה אחת בתשנתה תמימה ושלשה עשרנים סלת מנחה בלולה בשמן ולג אחד שמן,"On the eighth day they shall take two male lambs without blemish, one ewe lamb in its first year without blemish, three-tenths of a measure of choice flour with oil mixed in for a grain offering, and one log of oil. ",Ninguno
Leviticus,14,11,והעמיד הכהן המטהר את האיש המטהר ואתם לפני יהוה פתח אהל מועד,"These shall be presented before GOD, along with the person to be purified, at the entrance of the Tent of Meeting, by the priest who performs the purification.",Ninguno
Leviticus,14,12,ולקח הכהן אתהכבש האחד והקריב אתו לאשם ואתלג השמן והניף אתם תנופה לפני יהוה,"The priest shall take one of the male lambs and offer it with the log of oil as a reparation offering, and he shall elevate them as an elevation offering before GOD. ",Ninguno
Leviticus,14,13,ושחט אתהכבש במקום אשר ישחט אתהחטאת ואתהעלה במקום הקדש כי כחטאת האשם הוא לכהן קדש קדשים הוא,"The lamb shall be slaughtered at the spotcthe spot See 1.11; 4.24. in the sacred area where the purgation offering and the burnt offering are slaughtered. For the reparation offering, like the purgation offering, goes to the priest; it is most holy. ",Ninguno
Leviticus,14,14,ולקח הכהן מדם האשם ונתן הכהן עלתנוך אזן המטהר הימנית ועלבהן ידו הימנית ועלבהן רגלו הימנית,"The priest shall take some of the blood of the reparation offering, and the priest shall put it on the ridge of the right ear of the one who is being purified, and on the thumb of the right hand, and on the big toe of the right foot. ",Ninguno
Leviticus,14,15,ולקח הכהן מלג השמן ויצק עלכף הכהן השמאלית,The priest shall then take some of the log of oil and pour it into the palm of his own left hand.,Caos/Izquierda (Smol)
Leviticus,14,16,וטבל הכהן אתאצבעו הימנית מןהשמן אשר עלכפו השמאלית והזה מןהשמן באצבעו שבע פעמים לפני יהוה,And the priest shall dip his right finger in the oil that is in the palm of his left hand and sprinkle some of the oil with his finger seven times before GOD.,Caos/Izquierda (Smol)
Leviticus,14,17,ומיתר השמן אשר עלכפו יתן הכהן עלתנוך אזן המטהר הימנית ועלבהן ידו הימנית ועלבהן רגלו הימנית על דם האשם,"Some of the oil left in his palm shall be put by the priest on the ridge of the right ear of the one being purified, on the thumb of the right hand, and on the big toe of the right foot—over the blood of the reparation offering. ",Ninguno
Leviticus,14,18,והנותר בשמן אשר עלכף הכהן יתן עלראש המטהר וכפר עליו הכהן לפני יהוה,The rest of the oil in his palm the priest shall put on the head of the one being purified. Thus the priest shall make expiation for them before GOD.,Ninguno
Leviticus,14,19,ועשה הכהן אתהחטאת וכפר עלהמטהר מטמאתו ואחר ישחט אתהעלה,"The priest shall then offer the purgation offering and make expiation for the one being purified of defilement. Last, the burnt offering shall be slaughtered, ",Ninguno
Leviticus,14,20,"והעלה הכהן אתהעלה ואתהמנחה המזבחה וכפר עליו הכהן וטהר&nbsp;<span class=""mam-spi-samekh"">{ס}</span>&nbsp;&nbsp;&nbsp;&nbsp;&nbsp;&nbsp;&nbsp;&nbsp;",and the priest shall offer the burnt offering and the grain offering on the altar; the priest shall make expiation for them—then they shall be pure.,Ninguno
Leviticus,14,21,ואםדל הוא ואין ידו משגת ולקח כבש אחד אשם לתנופה לכפר עליו ועשרון סלת אחד בלול בשמן למנחה ולג שמן,"If, however, the person is poor and without sufficient means, they shall take one male lamb for a reparation offering, to be elevated in expiation, one-tenth of a measure of choice flour with oil mixed in for a grain offering, and a log of oil; ",Ninguno
Leviticus,14,22,ושתי תרים או שני בני יונה אשר תשיג ידו והיה אחד חטאת והאחד עלה,and two turtledoves or two pigeons—depending on their means—the one to be the purgation offering and the other the burnt offering.,Ninguno
Leviticus,14,23,והביא אתם ביום השמיני לטהרתו אלהכהן אלפתח אהלמועד לפני יהוה,"On the eighth day of purification, they shall bring them to the priest at the entrance of the Tent of Meeting, before GOD. ",Ninguno
Leviticus,14,24,ולקח הכהן אתכבש האשם ואתלג השמן והניף אתם הכהן תנופה לפני יהוה,"The priest shall take the lamb of reparation offering and the log of oil, and elevate them as an elevation offering before GOD. ",Ninguno
Leviticus,14,25,ושחט אתכבש האשם ולקח הכהן מדם האשם ונתן עלתנוך אזןהמטהר הימנית ועלבהן ידו הימנית ועלבהן רגלו הימנית,"When the lamb of reparation offering has been slaughtered, the priest shall take some of the blood of the reparation offering and put it on the ridge of the right ear of the one being purified, on the thumb of the right hand, and on the big toe of the right foot. ",Ninguno
Leviticus,14,26,ומןהשמן יצק הכהן עלכף הכהן השמאלית,"The priest shall then pour some of the oil into the palm of his own left hand, ",Caos/Izquierda (Smol)
Leviticus,14,27,והזה הכהן באצבעו הימנית מןהשמן אשר עלכפו השמאלית שבע פעמים לפני יהוה,and with the finger of his right hand the priest shall sprinkle some of the oil that is in the palm of his left hand seven times before GOD.,Caos/Izquierda (Smol)
Leviticus,14,28,ונתן הכהן מןהשמן&thinsp;<b></b> אשר עלכפו עלתנוך אזן המטהר הימנית ועלבהן ידו הימנית ועלבהן רגלו הימנית עלמקום דם האשם,"Some of the oil in his palm shall be put by the priest on the ridge of the right ear of the one being purified, on the thumb of the right hand, and on the big toe of the right foot, over the same places as the blood of the reparation offering; ",Ninguno
Leviticus,14,29,והנותר מןהשמן אשר עלכף הכהן יתן עלראש המטהר לכפר עליו לפני יהוה,"and what is left of the oil in his palm the priest shall put on the head of the one being purified, to make expiation for them before GOD. ",Ninguno
Leviticus,14,30,ועשה אתהאחד מןהתרים או מןבני היונה מאשר תשיג ידו,"That person shall then offer one of the turtledoves or pigeons, depending on their means— ",Ninguno
Leviticus,14,31,את אשרתשיג ידו אתהאחד חטאת ואתהאחד עלה עלהמנחה וכפר הכהן על המטהר לפני יהוה,"whichever they can afford—the one as a purgation offering and the other as a burnt offering, together with the grain offering. Thus the priest shall make expiation before GOD for the one being purified. ",Ninguno
Leviticus,14,32,"זאת תורת אשרבו נגע צרעת אשר לאתשיג ידו בטהרתו&nbsp;<span class=""mam-spi-pe"">{פ}</span><br>",Such is the ritual for one who has a scaly affection and whose means for purification are limited.,Ninguno
Leviticus,14,33,וידבר יהוה אלמשה ואלאהרן לאמר,"GOD spoke to Moses and Aaron, saying:",Ninguno
Leviticus,14,34,כי תבאו אלארץ כנען אשר אני נתן לכם לאחזה ונתתי נגע צרעת בבית ארץ אחזתכם,"When you enter the land of Canaan that I give you as a possession, and I inflict an eruptive plague upon a house in the land you possess, ",Ninguno
Leviticus,14,35,ובא אשרלו הבית והגיד לכהן לאמר כנגע נראה לי בבית,"the owner of the house shall come and tell the priest, saying, “Something like a plague has appeared upon my house.” ",Ninguno
Leviticus,14,36,וצוה הכהן ופנו אתהבית בטרם יבא הכהן לראות אתהנגע ולא יטמא כלאשר בבית ואחר כן יבא הכהן לראות אתהבית,"The priest shall order the house cleared before the priest enters to examine the plague, so that nothing in the house may become impure; after that the priest shall enter to examine the house. ",Ninguno
Leviticus,14,37,וראה אתהנגע והנה הנגע בקירת הבית שקערורת ירקרקת או אדמדמת ומראיהן שפל מןהקיר,"If, when he examines the plague, the plague in the walls of the house is found to consist of greenishdgreenish Or “yellowish.” or reddish streaksestreaks Meaning of Heb. sheqaʻaruroth uncertain. that appear to go deep into the wall, ",Ninguno
Leviticus,14,38,ויצא הכהן מןהבית אלפתח הבית והסגיר אתהבית שבעת ימים,"the priest shall come out of the house to the entrance of the house, and close up the house for seven days. ",Ninguno
Leviticus,14,39,ושב הכהן ביום השביעי וראה והנה פשה הנגע בקירת הבית,"On the seventh day the priest shall return. If he sees that the plague has spread on the walls of the house, ",Ninguno
Leviticus,14,40,וצוה הכהן וחלצו אתהאבנים אשר בהן הנגע והשליכו אתהן אלמחוץ לעיר אלמקום טמא,the priest shall order the stones with the plague in them to be pulled out and cast outside the city into an impure place.,Ninguno
Leviticus,14,41,ואתהבית יקצע מבית סביב ושפכו אתהעפר אשר הקצו אלמחוץ לעיר אלמקום טמא,"The house shall be scraped inside all around, and the coatingfcoating Lit. “dust,” “mud.” that is scraped off shall be dumped outside the city in an impure place. ",Ninguno
Leviticus,14,42,ולקחו אבנים אחרות והביאו אלתחת האבנים ועפר אחר יקח וטח אתהבית,"They shall take other stones and replace those stones with them, and take other coating and plaster the house.",Ninguno
Leviticus,14,43,ואםישוב הנגע ופרח בבית אחר חלץ אתהאבנים ואחרי הקצות אתהבית ואחרי הטוח,"If the plague again breaks out in the house, after the stones have been pulled out and after the house has been scraped and replastered, ",Ninguno
Leviticus,14,44,ובא הכהן וראה והנה פשה הנגע בבית צרעת ממארת הוא בבית טמא הוא,"the priest shall come to examine: if the plague has spread in the house, it is a malignant eruption in the house; it is impure. ",Ninguno
Leviticus,14,45,ונתץ אתהבית אתאבניו ואתעציו ואת כלעפר הבית והוציא אלמחוץ לעיר אלמקום טמא,The house shall be torn down—its stones and timber and all the coating on the house—and taken to an impure place outside the city.,Ninguno
Leviticus,14,46,והבא אלהבית כלימי הסגיר אתו יטמא עדהערב,Whoever enters the house while it is closed up shall be impure until evening.,Ninguno
Leviticus,14,47,והשכב בבית יכבס אתבגדיו והאכל בבית יכבס אתבגדיו,"Whoever sleeps in the house must wash their clothes, and whoever eats in the house must wash their clothes.",Ninguno
Leviticus,14,48,ואםבא יבא הכהן וראה והנה לאפשה הנגע בבית אחרי הטח אתהבית וטהר הכהן אתהבית כי נרפא הנגע,"If, however, the priest comes and sees that the plague has not spread in the house after the house was replastered, the priest shall pronounce the house pure, for the plague has healed. ",Ninguno
Leviticus,14,49,ולקח לחטא אתהבית שתי צפרים ועץ ארז ושני תולעת ואזב,"To purge the house, he shall take two birds, cedar wood, crimson stuff, and hyssop. ",Ninguno
Leviticus,14,50,ושחט אתהצפר האחת אלכליחרש עלמים חיים,He shall slaughter the one bird over fresh water in an earthen vessel.,Ninguno
Leviticus,14,51,ולקח אתעץהארז ואתהאזב ואת&thinsp;<b></b> שני התולעת ואת הצפר החיה וטבל אתם בדם הצפר השחוטה ובמים החיים והזה אלהבית שבע פעמים,"He shall take the cedar wood, the hyssop, the crimson stuff, and the live bird, and dip them in the blood of the slaughtered bird and the fresh water, and sprinkle on the house seven times. ",Ninguno
Leviticus,14,52,וחטא אתהבית בדם הצפור ובמים החיים ובצפר החיה ובעץ הארז ובאזב ובשני התולעת,"Having purged the house with the blood of the bird, the fresh water, the live bird, the cedar wood, the hyssop, and the crimson stuff, ",Ninguno
Leviticus,14,53,ושלח אתהצפר החיה אלמחוץ לעיר אלפני השדה וכפר עלהבית וטהר,"he shall set the live bird free outside the city in the open country. Thus he shall make expiation for the house, and it shall be pure.",Ninguno
Leviticus,14,54,זאת התורה לכלנגע הצרעת ולנתק,"Such is the ritual for every eruptive affection—for scalls, ",Ninguno
Leviticus,14,55,ולצרעת הבגד ולבית,"for an eruption on a cloth or a house, ",Ninguno
Leviticus,14,56,ולשאת ולספחת ולבהרת,"for swellings, for rashes, or for discolorations— ",Ninguno
Leviticus,14,57,"להורת ביום הטמא וביום הטהר זאת תורת הצרעת&nbsp;<span class=""mam-spi-pe"">{פ}</span><br>",to determine when they are impure and when they are pure.Such is the ritual concerning eruptions.,Ninguno
Leviticus,15,1,וידבר יהוה אלמשה ואלאהרן לאמר,"GOD spoke to Moses and Aaron, saying: ",Ninguno
Leviticus,15,2,דברו אלבני ישראל ואמרתם אלהם איש איש כי יהיה זב מבשרו זובו טמא הוא,"Speak to the Israelite people and say to them:When any man at all has a discharge issuing from his member,amember Lit. “flesh.” he is impure. ",Ninguno
Leviticus,15,3,וזאת תהיה טמאתו בזובו רר בשרו אתזובו אוהחתים בשרו מזובו טמאתו הוא,"The impurity from his discharge shall mean the following—whether his member runs with the discharge or is stopped up so that there is no discharge, his impurity means this: ",Ninguno
Leviticus,15,4,כלהמשכב אשר ישכב עליו הזב יטמא וכלהכלי אשרישב עליו יטמא,"Any bedding on which the one with the discharge lies shall be impure, and every object on which he sits shall be impure. ",Ninguno
Leviticus,15,5,ואיש אשר יגע במשכבו יכבס בגדיו ורחץ במים וטמא עדהערב,"Anyone who touches his bedding shall wash their clothes, bathe in water, and remain impure until evening. ",Ninguno
Leviticus,15,6,והישב עלהכלי אשרישב עליו הזב יכבס בגדיו ורחץ במים וטמא עדהערב,"Whoever sits on an object on which the one with the discharge has sat shall wash their clothes, bathe in water, and remain impure until evening. ",Ninguno
Leviticus,15,7,והנגע בבשר הזב יכבס בגדיו ורחץ במים וטמא עדהערב,"Whoever touches the body of the one with the discharge shall wash their clothes, bathe in water, and remain impure until evening. ",Ninguno
Leviticus,15,8,וכיירק הזב בטהור וכבס בגדיו ורחץ במים וטמא עדהערב,"If the one with a discharge spits on someone who is pure, the latter shall wash their clothes, bathe in water, and remain impure until evening. ",Ninguno
Leviticus,15,9,וכלהמרכב אשר ירכב עליו הזב יטמא,Any means for riding that the one with a discharge has mounted shall be impure;,Ninguno
Leviticus,15,10,וכלהנגע בכל אשר יהיה תחתיו יטמא עדהערב והנושא אותם יכבס בגדיו ורחץ במים וטמא עדהערב,"whoever touches anything that was under him shall be impure until evening; and whoever carries such things shall wash their clothes, bathe in water, and remain impure until evening. ",Ninguno
Leviticus,15,11,וכל אשר יגעבו הזב וידיו לאשטף במים וכבס בגדיו ורחץ במים וטמא עדהערב,"Whomever the one with a discharge touches, without having rinsed his hands in water, shall wash their clothes, bathe in water, and remain impure until evening. ",Ninguno
Leviticus,15,12,וכליחרש אשריגעבו הזב ישבר וכלכליעץ ישטף במים,An earthen vessel that the one with a discharge touches shall be broken; and any wooden implement shall be rinsed with water.,Ninguno
Leviticus,15,13,וכייטהר הזב מזובו וספר לו שבעת ימים לטהרתו וכבס בגדיו ורחץ בשרו במים חיים וטהר,"When the one with a discharge becomes purified of his discharge, he shall count off seven days for his purification, wash those clothes, and bathe in fresh water; then he shall be pure. ",Ninguno
Leviticus,15,14,וביום השמיני יקחלו שתי תרים או שני בני יונה ובא&thinsp;<b></b> לפני יהוה אלפתח אהל מועד ונתנם אלהכהן,On the eighth day he shall take two turtledoves or two pigeons and come before GOD at the entrance of the Tent of Meeting and give them to the priest.,Ninguno
Leviticus,15,15,"ועשה אתם הכהן אחד חטאת והאחד עלה וכפר עליו הכהן לפני יהוה מזובו&nbsp;<span class=""mam-spi-samekh"">{ס}</span>&nbsp;&nbsp;&nbsp;&nbsp;&nbsp;&nbsp;&nbsp;&nbsp;","The priest shall offer them, the one as a purgation offering and the other as a burnt offering. Thus the priest shall make expiation on his behalf, for his discharge, before GOD.",Ninguno
Leviticus,15,16,ואיש כיתצא ממנו שכבתזרע ורחץ במים אתכלבשרו וטמא עדהערב,"When a man has an emission of semen, he shall bathe his whole body in water and remain impure until evening. ",Ninguno
Leviticus,15,17,וכלבגד וכלעור אשריהיה עליו שכבתזרע וכבס במים וטמא עדהערב,All cloth or leather on which semen falls shall be washed in water and remain impure until evening.,Ninguno
Leviticus,15,18,"ואשה אשר ישכב איש אתה שכבתזרע ורחצו במים וטמאו עדהערב&nbsp;<span class=""mam-spi-pe"">{פ}</span><br>","And involving a woman: when a man has carnal relations with her, both shall bathe in water and remain impure until evening.",Ninguno
Leviticus,15,19,ואשה כיתהיה זבה דם יהיה זבה בבשרה שבעת ימים תהיה בנדתה וכלהנגע בה יטמא עדהערב,"When a woman has a discharge, her discharge being blood from her body, she shall remain in her menstrual separation seven days; whoever touches her shall be impure until evening. ",Ninguno
Leviticus,15,20,וכל אשר תשכב עליו בנדתה יטמא וכל אשרתשב עליו יטמא,Anything that she lies on during her menstrual separation shall be impure; and anything that she sits on shall be impure.,Ninguno
Leviticus,15,21,וכלהנגע במשכבה יכבס בגדיו ורחץ במים וטמא עדהערב,"Anyone who touches her bedding shall wash their clothes, bathe in water, and remain impure until evening; ",Ninguno
Leviticus,15,22,וכלהנגע בכלכלי אשרתשב עליו יכבס בגדיו ורחץ במים וטמא עדהערב,"and anyone who touches any object on which she has sat shall wash their clothes, bathe in water, and remain impure until evening. ",Ninguno
Leviticus,15,23,ואם עלהמשכב הוא או עלהכלי אשרהוא ישבתעליו בנגעובו יטמא עדהערב,"Be it the bedding or be it the object on which she has sat, on touching it one shall be impure until evening. ",Ninguno
Leviticus,15,24,"ואם שכב ישכב איש אתה ותהי נדתה עליו וטמא שבעת ימים וכלהמשכב אשרישכב עליו יטמא&nbsp;<span class=""mam-spi-samekh"">{ס}</span>&nbsp;&nbsp;&nbsp;&nbsp;&nbsp;&nbsp;&nbsp;&nbsp;","And if a man lies with her, her menstrual separation applies to him; he shall be impure seven days, and any bedding on which he lies shall become impure.",Ninguno
Leviticus,15,25,ואשה כייזוב זוב דמה ימים רבים בלא עתנדתה או כיתזוב עלנדתה כלימי זוב טמאתה כימי נדתה תהיה טמאה הוא,"When a woman has had a discharge of blood for many days, not at the time of her menstrual separation, or when she has a discharge beyond her period of menstrual separation, she shall be impure, as though at the time of her menstrual separation, as long as her discharge lasts. ",Ninguno
Leviticus,15,26,כלהמשכב אשרתשכב עליו כלימי זובה כמשכב נדתה יהיהלה וכלהכלי אשר תשב עליו טמא יהיה כטמאת נדתה,"Any bedding on which she lies while her discharge lasts shall be for her like bedding during her menstrual separation; and any object on which she sits shall become impure, as it does during her menstrual separation: ",Ninguno
Leviticus,15,27,וכלהנוגע בם יטמא וכבס בגדיו ורחץ במים וטמא עדהערב,"whoever touches them shall be impure—and shall wash their clothes, bathe in water, and remain impure until evening.",Ninguno
Leviticus,15,28,ואםטהרה מזובה וספרה לה שבעת ימים ואחר תטהר,"When she becomes purified of her discharge, she shall count off seven days, and after that she shall be pure. ",Ninguno
Leviticus,15,29,וביום השמיני תקחלה שתי תרים או שני בני יונה והביאה אותם אלהכהן אלפתח אהל מועד,"On the eighth day she shall take two turtledoves or two pigeons, and bring them to the priest at the entrance of the Tent of Meeting. ",Ninguno
Leviticus,15,30,ועשה הכהן אתהאחד חטאת ואתהאחד עלה וכפר עליה הכהן לפני יהוה מזוב טמאתה,"The priest shall offer the one as a purgation offering and the other as a burnt offering; and the priest shall make expiation on her behalf, for her impure discharge, before GOD.",Ninguno
Leviticus,15,31,והזרתם אתבניישראל מטמאתם ולא ימתו בטמאתם בטמאם אתמשכני אשר בתוכם,"You shall put the Israelites on guard against their impurity, lest they die through their impurity by defiling My Tabernacle that is among them.",Ninguno
Leviticus,15,32,זאת תורת הזב ואשר תצא ממנו שכבתזרע לטמאהבה,Such is the ritual concerning one who has a discharge: concerning him who has an emission of semen and becomes impure thereby;,Ninguno
Leviticus,15,33,"והדוה בנדתה והזב אתזובו לזכר ולנקבה ולאיש אשר ישכב עםטמאה&nbsp;<span class=""mam-spi-pe"">{פ}</span><br>","and concerning her whose condition is that of menstrual separation; and concerning anyone, male or female, who has a discharge; and concerning a man who lies with an impure woman.",Ninguno
Leviticus,16,1,וידבר יהוה אלמשה אחרי מות שני בני אהרן בקרבתם לפנייהוה וימתו,GOD spoke to Moses after the death of the two sons of Aaron who died when they drew too close to GOD’s presence. ,Ninguno
Leviticus,16,2,ויאמר יהוה אלמשה דבר אלאהרן אחיך ואליבא בכלעת אלהקדש מבית לפרכת אלפני הכפרת אשר עלהארן ולא ימות כי בענן אראה עלהכפרת,"GOD said to Moses:Tell your brother Aaron that he is not to come at willaat will Lit. “at any time.” into the Shrine behind the curtain, in front of the cover that is upon the ark, lest he die; for I appear inbappear in Or “communicate from.” the cloud over the cover. ",Ninguno
Leviticus,16,3,בזאת יבא אהרן אלהקדש בפר בןבקר לחטאת ואיל לעלה,Thus only shall Aaron enter the Shrine: with a bull of the herd for a purgation offering and a ram for a burnt offering.—,Ninguno
Leviticus,16,4,כתנתבד קדש ילבש ומכנסיבד יהיו עלבשרו ובאבנט בד יחגר ובמצנפת בד יצנף בגדיקדש הם ורחץ במים אתבשרו ולבשם,"He shall be dressed in a sacral linen tunic, with linen breeches next to his flesh, and be girt with a linen sash, and he shall wear a linen turban. They are sacral vestments; he shall bathe in water and then put them on.— ",Ninguno
Leviticus,16,5,ומאת עדת בני ישראל יקח שנישעירי עזים לחטאת ואיל אחד לעלה,And from the Israelite community he shall take two he-goats for a purgation offering and a ram for a burnt offering.,Ninguno
Leviticus,16,6,והקריב אהרן אתפר החטאת אשרלו וכפר בעדו ובעד ביתו,"Aaron is to offer his own bull of purgation offering, to make expiation for himself and for his household. ",Ninguno
Leviticus,16,7,ולקח אתשני השעירם והעמיד אתם לפני יהוה פתח אהל מועד,AaroncAaron Moved up from v. 8 for clarity. shall take the two he-goats and let them stand before GOD at the entrance of the Tent of Meeting; ,Ninguno
Leviticus,16,8,ונתן אהרן עלשני השעירם גרלות גורל אחד ליהוה וגורל אחד לעזאזל,"and he shall place lots upon the two goats, one marked for GOD and the other marked for Azazel. ",Ninguno
Leviticus,16,9,והקריב אהרן אתהשעיר אשר עלה עליו הגורל ליהוה ועשהו חטאת,"Aaron shall bring forward the goat designated by lot for GOD, which he is to offer as a purgation offering; ",Ninguno
Leviticus,16,10,והשעיר אשר עלה עליו הגורל לעזאזל יעמדחי לפני יהוה לכפר עליו לשלח אתו לעזאזל המדברה,"while the goat designated by lot for Azazel shall be left standing alive before GOD, to make expiation with it and to send it off to the wilderness for Azazel.",Ninguno
Leviticus,16,11,והקריב אהרן אתפר החטאת אשרלו וכפר בעדו ובעד ביתו ושחט אתפר החטאת אשרלו,"Aaron shall then offer his bull of purgation offering, to make expiation for himself and his household. He shall slaughter his bull of purgation offering, ",Ninguno
Leviticus,16,12,ולקח מלאהמחתה גחליאש מעל המזבח מלפני יהוה ומלא חפניו קטרת סמים דקה והביא מבית לפרכת,"and he shall take a panful of glowing coals scooped from the altar before GOD, and two handfuls of finely ground aromatic incense, and bring this behind the curtain. ",Ninguno
Leviticus,16,13,ונתן אתהקטרת עלהאש לפני יהוה וכסה&thinsp;<b></b> ענן הקטרת אתהכפרת אשר עלהעדות ולא ימות,"He shall put the incense on the fire before GOD, so that the cloud from the incense screens the cover that is over [the Ark of] the Pact, lest he die. ",Ninguno
Leviticus,16,14,ולקח מדם הפר והזה באצבעו עלפני הכפרת קדמה ולפני הכפרת יזה שבעפעמים מןהדם באצבעו,He shall take some of the blood of the bull and sprinkle it with his finger over the cover on the east side; and in front of the cover he shall sprinkle some of the blood with his finger seven times.,Ninguno
Leviticus,16,15,ושחט אתשעיר החטאת אשר לעם והביא אתדמו אלמבית לפרכת ועשה אתדמו כאשר עשה לדם הפר והזה אתו עלהכפרת ולפני הכפרת,"He shall then slaughter the people’s goat of purgation offering, bring its blood behind the curtain, and do with its blood as he has done with the blood of the bull: he shall sprinkle it over the cover and in front of the cover.",Ninguno
Leviticus,16,16,וכפר עלהקדש מטמאת בני ישראל ומפשעיהם לכלחטאתם וכן יעשה לאהל מועד השכן אתם בתוך טמאתם,"Thus he shall purge the Shrine of the impurity and transgression of the Israelites, whatever their sins; and he shall do the same for the Tent of Meeting, which abides with them in the midst of their impurity. ",Ninguno
Leviticus,16,17,וכלאדם לאיהיה&thinsp;<b></b> באהל מועד בבאו לכפר בקדש עדצאתו וכפר בעדו ובעד ביתו ובעד כלקהל ישראל,"When he goes in to make expiation in the Shrine, nobody else shall be in the Tent of Meeting until he comes out.When he has made expiation for himself and his household, and for the whole congregation of Israel, ",Ninguno
Leviticus,16,18,ויצא אלהמזבח אשר לפנייהוה וכפר עליו ולקח מדם הפר ומדם השעיר ונתן עלקרנות המזבח סביב,he shall go out to the altar that is before GOD and purge it: he shall take some of the blood of the bull and of the goat and apply it to each of the horns of the altar;,Ninguno
Leviticus,16,19,והזה עליו מןהדם באצבעו שבע פעמים וטהרו וקדשו מטמאת בני ישראל,and the rest of the blood he shall sprinkle on it with his finger seven times. Thus he shall purify it of the defilement of the Israelites and consecrate it.,Ninguno
Leviticus,16,20,וכלה מכפר אתהקדש ואתאהל מועד ואתהמזבח והקריב אתהשעיר החי,"When he has finished purging the Shrine, the Tent of Meeting, and the altar, the live goat shall be brought forward. ",Ninguno
Leviticus,16,21,"וסמך אהרן אתשתי <span class=""mam-kq-trivial"">ידו</span> על ראש השעיר החי והתודה עליו אתכלעונת בני ישראל ואתכלפשעיהם לכלחטאתם ונתן אתם עלראש השעיר ושלח בידאיש עתי המדברה","Aaron shall lay both his hands upon the head of the live goat and confess over it all the iniquities and transgressions of the Israelites, whatever their sins, putting them on the head of the goat; and it shall be sent off to the wilderness through a designatedddesignated Meaning of Heb. ʻitti uncertain. agent. ",Ninguno
Leviticus,16,22,ונשא השעיר עליו אתכלעונתם אלארץ גזרה ושלח אתהשעיר במדבר,Thus the goat shall carry on it all their iniquities to an inaccessible region; and the goat shall be set free in the wilderness.,Ninguno
Leviticus,16,23,ובא אהרן אלאהל מועד ופשט אתבגדי הבד אשר לבש בבאו אלהקדש והניחם שם,"And Aaron shall go into the Tent of Meeting, take off the linen vestments that he put on when he entered the Shrine, and leave them there. ",Ninguno
Leviticus,16,24,ורחץ אתבשרו במים במקום קדוש ולבש אתבגדיו ויצא ועשה אתעלתו ואתעלת העם וכפר בעדו ובעד העם,"He shall bathe in water in the holy precinct and put on his vestments; then he shall come out and offer his burnt offering and the burnt offering of the people, making expiation for himself and for the people. ",Ninguno
Leviticus,16,25,ואת חלב החטאת יקטיר המזבחה,The fat of the purgation offering he shall turn into smoke on the altar.,Ninguno
Leviticus,16,26,והמשלח אתהשעיר לעזאזל יכבס בגדיו ורחץ אתבשרו במים ואחריכן יבוא אלהמחנה,The one who set the Azazel-goat free shall wash their clothes and bathe in water—and after that may reenter the camp.,Ninguno
Leviticus,16,27,ואת פר החטאת ואת&thinsp;<b></b> שעיר החטאת אשר הובא אתדמם לכפר בקדש יוציא אלמחוץ למחנה ושרפו באש אתערתם ואתבשרם ואתפרשם,"The bull of purgation offering and the goat of purgation offering whose blood was brought in to purge the Shrine shall be taken outside the camp; and their hides, flesh, and dung shall be consumed in fire. ",Ninguno
Leviticus,16,28,והשרף אתם יכבס בגדיו ורחץ אתבשרו במים ואחריכן יבוא אלהמחנה,The one who burned them shall wash their clothes and bathe in water—and after that may re-enter the camp.,Ninguno
Leviticus,16,29,והיתה לכם לחקת עולם בחדש השביעי בעשור לחדש תענו אתנפשתיכם וכלמלאכה לא תעשו האזרח והגר הגר בתוככם,"And this shall be to you a law for all time: In the seventh month, on the tenth day of the month, you shall practice self-denial; and you shall do no manner of work, neither the citizen nor the alien who resides among you. ",Ninguno
Leviticus,16,30,כיביום הזה יכפר עליכם לטהר אתכם מכל חטאתיכם לפני יהוה תטהרו,For on this day atonement shall be made for you to purify you of all your sins; you shall be pure before GOD.,Ninguno
Leviticus,16,31,שבת שבתון היא לכם ועניתם אתנפשתיכם חקת עולם,"It shall be a sabbath of complete rest for you, and you shall practice self-denial; it is a law for all time. ",Ninguno
Leviticus,16,32,וכפר הכהן אשרימשח אתו ואשר ימלא אתידו לכהן תחת אביו ולבש אתבגדי הבד בגדי הקדש,"The priest who has been anointed and ordained to serve as priest in place of his father shall make expiation. He shall put on the linen vestments, the sacral vestments. ",Ninguno
Leviticus,16,33,וכפר אתמקדש הקדש ואתאהל מועד ואתהמזבח יכפר ועל הכהנים ועלכלעם הקהל יכפר,He shall purge the innermost Shrine; he shall purge the Tent of Meeting and the altar; and he shall make expiation for the priests and for all the people of the congregation.,Ninguno
Leviticus,16,34,"והיתהזאת לכם לחקת עולם לכפר עלבני ישראל מכלחטאתם אחת בשנה ויעש כאשר צוה יהוה אתמשה&nbsp;<span class=""mam-spi-pe"">{פ}</span><br>",This shall be to you a law for all time: to make atonement for the Israelites for all their sins once a year.And Moses did as GOD had commanded him.,Ninguno
Leviticus,17,1,וידבר יהוה אלמשה לאמר,"GOD spoke to Moses, saying: ",Ninguno
Leviticus,17,2,דבר אלאהרן ואלבניו ואל כלבני ישראל ואמרת אליהם זה הדבר אשרצוה יהוה לאמר,Speak to Aaron and his sons and to all the Israelite people and say to them:This is what GOD has commanded:,Ninguno
Leviticus,17,3,איש איש מבית ישראל אשר ישחט שור אוכשב אועז במחנה או אשר ישחט מחוץ למחנה,"Regarding anyoneaanyone More precisely, “anyone, without exception,….” of the house of Israel who slaughters an ox or sheep or goat in the camp, or does so outside the camp, ",Ninguno
Leviticus,17,4,ואלפתח אהל מועד לא הביאו להקריב קרבן ליהוה לפני משכן יהוה דם יחשב לאיש ההוא דם שפך ונכרת האיש ההוא מקרב עמו,"and does not bring it to the entrance of the Tent of Meeting to present it as an offering to GOD, before GOD’s Tabernacle: bloodguilt shall be imputed to them; having shed blood, that person shall be cut off from among their people. ",Ninguno
Leviticus,17,5,למען אשר יביאו בני ישראל אתזבחיהם אשר הם זבחים עלפני השדה והביאם ליהוה אלפתח אהל מועד אלהכהן וזבחו זבחי שלמים ליהוה אותם,"This is in order that the Israelites may bring the sacrifices that they have been making in the open—that they may bring them before GOD, to the priest, at the entrance of the Tent of Meeting, and offer them as sacrifices of well-being to GOD; ",Ninguno
Leviticus,17,6,וזרק הכהן אתהדם עלמזבח יהוה פתח אהל מועד והקטיר החלב לריח ניחח ליהוה,"that the priest may dash the blood against the altar of GOD at the entrance of the Tent of Meeting, and turn the fat into smoke as a pleasing odor to GOD; ",Ninguno
Leviticus,17,7,ולאיזבחו עוד אתזבחיהם לשעירם אשר הם זנים אחריהם חקת עולם תהיהזאת להם לדרתם,"and that they may offer their sacrifices no more to the goat-demons after whom they stray. This shall be to them a law for all time, throughout the ages.",Ninguno
Leviticus,17,8,ואלהם תאמר איש איש מבית ישראל ומןהגר אשריגור בתוכם אשריעלה עלה אוזבח,"Say to them further: Regarding anyonebanyone See note at v. 3. of the house of Israel, or of the strangers who reside among them, who offers a burnt offering or a sacrifice ",Ninguno
Leviticus,17,9,ואלפתח אהל מועד לא יביאנו לעשות אתו ליהוה ונכרת האיש ההוא מעמיו,and does not bring it to the entrance of the Tent of Meeting to offer it to GOD: that person shall be cut off from their people.,Ninguno
Leviticus,17,10,ואיש איש מבית ישראל ומןהגר הגר בתוכם אשר יאכל כלדם ונתתי פני בנפש האכלת אתהדם והכרתי אתה מקרב עמה,"And regarding anyonecanyone See note at v. 3. of the house of Israel, or of the strangers who reside among them, who partakes of any blood: I will set My face against the person who partakes of the blood; I will cut them off from among their kin. ",Ninguno
Leviticus,17,11,כי נפש הבשר בדם הוא ואני נתתיו לכם עלהמזבח לכפר עלנפשתיכם כיהדם הוא בנפש יכפר,"For the life of the flesh is in the blood, and I have assigned it to you for making expiation for your lives upon the altar; it is the blood, as life, that effects expiation. ",Ninguno
Leviticus,17,12,עלכן אמרתי לבני ישראל כלנפש מכם לאתאכל דם והגר הגר בתוככם לאיאכל דם,"Therefore I say to the Israelite people: No person among you shall partake of blood, nor shall the stranger who resides among you partake of blood.",Ninguno
Leviticus,17,13,ואיש איש מבני ישראל ומןהגר הגר בתוכם אשר יצוד ציד חיה אועוף אשר יאכל ושפך אתדמו וכסהו בעפר,"And regarding anyone,danyone See note at v. 3. whether an Israelite or a stranger who resides among them, who hunts down an animal or a bird that may be eaten: they shall pour out its blood and cover it with earth. ",Ninguno
Leviticus,17,14,כינפש כלבשר דמו בנפשו הוא ואמר לבני ישראל דם כלבשר לא תאכלו כי נפש כלבשר דמו הוא כלאכליו יכרת,"For the life of all flesh—its blood is its life. Therefore I say to the Israelite people: You shall not partake of the blood of any flesh, for the life of all flesh is its blood. Anyone who partakes of it shall be cut off.",Ninguno
Leviticus,17,15,וכלנפש אשר תאכל נבלה וטרפה באזרח ובגר וכבס בגדיו ורחץ במים וטמא עדהערב וטהר,"Any person, whether citizen or stranger, who eats what has died or has been torn by beasts shall wash their clothes, bathe in water, remain impure until evening—and shall then be pure. ",Ninguno
Leviticus,17,16,"ואם לא יכבס ובשרו לא ירחץ ונשא עונו&nbsp;<span class=""mam-spi-pe"">{פ}</span><br>","But if they do not wash [their clothes] and bathe, they shall bear the guilt.",Ninguno
Leviticus,18,1,וידבר יהוה אלמשה לאמר,"GOD spoke to Moses, saying: ",Ninguno
Leviticus,18,2,דבר אלבני ישראל ואמרת אלהם אני יהוה אלהיכם,Speak to the Israelite people and say to them:I the ETERNAL am your God.,Ninguno
Leviticus,18,3,כמעשה ארץמצרים אשר ישבתםבה לא תעשו וכמעשה ארץכנען אשר אני מביא אתכם שמה לא תעשו ובחקתיהם לא תלכו,"You shall not copy the practices of the land of Egypt where you dwelt, or of the land of Canaan to which I am taking you; nor shall you follow their laws. ",Ninguno
Leviticus,18,4,אתמשפטי תעשו ואתחקתי תשמרו ללכת בהם אני יהוה אלהיכם,"My rules alone shall you observe, and faithfully follow My laws: I the ETERNAL am your God.",Ninguno
Leviticus,18,5,"ושמרתם אתחקתי ואתמשפטי אשר יעשה אתם האדם וחי בהם אני יהוה&nbsp;<span class=""mam-spi-samekh"">{ס}</span>&nbsp;&nbsp;&nbsp;&nbsp;&nbsp;&nbsp;&nbsp;&nbsp;","You shall keep My laws and My rules, by the pursuit of which humans shall live: I am GOD.",Ninguno
Leviticus,18,6,"איש איש אלכלשאר בשרו לא תקרבו לגלות ערוה אני יהוה&nbsp;<span class=""mam-spi-samekh"">{ס}</span>&nbsp;&nbsp;&nbsp;&nbsp;&nbsp;&nbsp;&nbsp;&nbsp;","Not even one of youayou Addressing men, since by convention they were treated as the active agent in heterosexual relations. shall come near anyone of his own flesh to uncover nakedness: I am GOD.",Ninguno
Leviticus,18,7,"ערות אביך וערות אמך לא תגלה אמך הוא לא תגלה ערותה&nbsp;<span class=""mam-spi-samekh"">{ס}</span>&nbsp;&nbsp;&nbsp;&nbsp;&nbsp;&nbsp;&nbsp;&nbsp;","bI.e., a husband and wife are one flesh (Gen. 2.24), even if he should die or divorce her. Your father’s nakedness, that is, the nakedness of your mother, you shall not uncover; she is your mother—you shall not uncover her nakedness.",Ninguno
Leviticus,18,8,"ערות אשתאביך לא תגלה ערות אביך הוא&nbsp;<span class=""mam-spi-samekh"">{ס}</span>&nbsp;&nbsp;&nbsp;&nbsp;&nbsp;&nbsp;&nbsp;&nbsp;",Do not uncover the nakedness of your father’s wife; it is the nakedness of your father.,Ninguno
Leviticus,18,9,"ערות אחותך בתאביך או בתאמך מולדת בית או מולדת חוץ לא תגלה ערותן&nbsp;<span class=""mam-spi-samekh"">{ס}</span>&nbsp;&nbsp;&nbsp;&nbsp;&nbsp;&nbsp;&nbsp;&nbsp;","The nakedness of your sister—your father’s daughter or your mother’s, whether born into the household or outside—do not uncover their nakedness.",Ninguno
Leviticus,18,10,"ערות בתבנך או בתבתך לא תגלה ערותן כי ערותך הנה&nbsp;<span class=""mam-spi-samekh"">{ס}</span>&nbsp;&nbsp;&nbsp;&nbsp;&nbsp;&nbsp;&nbsp;&nbsp;","The nakedness of your son’s daughter, or of your daughter’s daughter—do not uncover their nakedness; for their nakedness is yours.ctheir nakedness is yours Meaning uncertain. ",Ninguno
Leviticus,18,11,"ערות בתאשת אביך מולדת אביך אחותך הוא לא תגלה ערותה&nbsp;<span class=""mam-spi-samekh"">{ס}</span>&nbsp;&nbsp;&nbsp;&nbsp;&nbsp;&nbsp;&nbsp;&nbsp;","The nakedness of your father’s wife’s daughter, who was born into your father’s household—she is your sister; do not uncover her nakedness.",Ninguno
Leviticus,18,12,"ערות אחותאביך לא תגלה שאר אביך הוא&nbsp;<span class=""mam-spi-samekh"">{ס}</span>&nbsp;&nbsp;&nbsp;&nbsp;&nbsp;&nbsp;&nbsp;&nbsp;",Do not uncover the nakedness of your father’s sister; she is your father’s flesh.,Ninguno
Leviticus,18,13,"ערות אחותאמך לא תגלה כישאר אמך הוא&nbsp;<span class=""mam-spi-samekh"">{ס}</span>&nbsp;&nbsp;&nbsp;&nbsp;&nbsp;&nbsp;&nbsp;&nbsp;",Do not uncover the nakedness of your mother’s sister; for she is your mother’s flesh.,Ninguno
Leviticus,18,14,"ערות אחיאביך לא תגלה אלאשתו לא תקרב דדתך הוא&nbsp;<span class=""mam-spi-samekh"">{ס}</span>&nbsp;&nbsp;&nbsp;&nbsp;&nbsp;&nbsp;&nbsp;&nbsp;",Do not uncover the nakedness of your father’s brother: do not approach his wife; she is your aunt.,Ninguno
Leviticus,18,15,"ערות כלתך לא תגלה אשת בנך הוא לא תגלה ערותה&nbsp;<span class=""mam-spi-samekh"">{ס}</span>&nbsp;&nbsp;&nbsp;&nbsp;&nbsp;&nbsp;&nbsp;&nbsp;",Do not uncover the nakedness of your daughter-in-law: she is your son’s wife; you shall not uncover her nakedness.,Ninguno
Leviticus,18,16,"ערות אשתאחיך לא תגלה ערות אחיך הוא&nbsp;<span class=""mam-spi-samekh"">{ס}</span>&nbsp;&nbsp;&nbsp;&nbsp;&nbsp;&nbsp;&nbsp;&nbsp;",Do not uncover the nakedness of your brother’s wife; it is the nakedness of your brother.dSee note at vv. 7–8. ,Ninguno
Leviticus,18,17,ערות אשה ובתה לא תגלה אתבתבנה ואתבתבתה לא תקח לגלות ערותה שארה הנה זמה הוא,Do not uncover the nakedness of a woman and her daughter; nor shall you take to wife her son’s daughter or her daughter’s daughter and uncover her nakedness: they are kindred; it is depravity.,Ninguno
Leviticus,18,18,ואשה אלאחתה לא תקח לצרר לגלות ערותה עליה בחייה,Do not take to wife a woman as a rival to her sister and uncover her nakedness in the other’s lifetime.,Ninguno
Leviticus,18,19,ואלאשה בנדת טמאתה לא תקרב לגלות ערותה,Do not come near a woman during her menstrual period of impurity to uncover her nakedness.,Ninguno
Leviticus,18,20,ואלאשת עמיתך לאתתן שכבתך לזרע לטמאהבה,Do not have carnal relations with your neighbor’s wife and defile yourself with her.,Ninguno
Leviticus,18,21,ומזרעך לאתתן להעביר למלך ולא תחלל אתשם אלהיך אני יהוה,"Do not allow any of your offspring to be offered up to Molech, and do not profane the name of your God: I am the ETERNAL.",Ninguno
Leviticus,18,22,ואתזכר לא תשכב משכבי אשה תועבה הוא,Do not lie with a male as one lies with a woman; it is an abhorrence.,Ninguno
Leviticus,18,23,ובכלבהמה לאתתן שכבתך לטמאהבה ואשה לאתעמד לפני בהמה לרבעה תבל הוא,"Do not have carnal relations with any animal and defile yourself thereby. Likewise, a woman shall not lend herself to an animal to mate with it; it is perversion.",Ninguno
Leviticus,18,24,אלתטמאו בכלאלה כי בכלאלה נטמאו הגוים אשראני משלח מפניכם,"Do not defile yourselves in any of those ways, for it is by such that the nations that I am casting out before you defiled themselves. ",Ninguno
Leviticus,18,25,ותטמא הארץ ואפקד עונה עליה ותקא הארץ אתישביה,"Thus the land became defiled; and I called it to account for its iniquity, and the land spewed out its inhabitants. ",Ninguno
Leviticus,18,26,ושמרתם אתם אתחקתי ואתמשפטי ולא תעשו מכל התועבת האלה האזרח והגר הגר בתוככם,"But you must keep My laws and My rules, and you must not do any of those abhorrent things, neither the citizen nor the stranger who resides among you; ",Ninguno
Leviticus,18,27,כי אתכלהתועבת האל עשו אנשיהארץ אשר לפניכם ותטמא הארץ,"for all those abhorrent things were done by the people who were in the land before you, and the land became defiled. ",Ninguno
Leviticus,18,28,ולאתקיא הארץ אתכם בטמאכם אתה כאשר קאה אתהגוי אשר לפניכם,"So let not the land spew you out for defiling it, as it spewed out the nation that came before you. ",Ninguno
Leviticus,18,29,כי כלאשר יעשה מכל התועבת האלה ונכרתו הנפשות העשת מקרב עמם,All who do any of those abhorrent things—such persons shall be cut off from among their people.,Ninguno
Leviticus,18,30,"ושמרתם אתמשמרתי לבלתי עשות מחקות התועבת אשר נעשו לפניכם ולא תטמאו בהם אני יהוה אלהיכם&nbsp;<span class=""mam-spi-pe"">{פ}</span><br>","You shall keep My charge not to engage in any of the abhorrent practices that were carried on before you, and you shall not defile yourselves through them: I the ETERNAL am your God.",Ninguno
Leviticus,19,1,וידבר יהוה אלמשה לאמר,"GOD spoke to Moses, saying: ",Ninguno
Leviticus,19,2,דבר אלכלעדת בניישראל ואמרת אלהם קדשים תהיו כי קדוש אני יהוה אלהיכם,"Speak to the whole Israelite community and say to them:You shall be holy, for I, the ETERNAL your God, am holy.",Ninguno
Leviticus,19,3,איש אמו ואביו תיראו ואתשבתתי תשמרו אני יהוה אלהיכם,"You shall each revere your mother and your father, and keep My sabbaths: I the ETERNAL am your God.",Ninguno
Leviticus,19,4,אלתפנו אלהאלילם ואלהי מסכה לא תעשו לכם אני יהוה אלהיכם,Do not turn to idols or make molten gods for yourselves: I the ETERNAL am your God.,Ninguno
Leviticus,19,5,וכי תזבחו זבח שלמים ליהוה לרצנכם תזבחהו,"When you sacrifice an offering of well-being to GOD, sacrifice it so that it may be accepted in your behalf. ",Ninguno
Leviticus,19,6,ביום זבחכם יאכל וממחרת והנותר עדיום השלישי באש ישרף,"It shall be eaten on the day you sacrifice it, or on the day after; but what is left by the third day must be consumed in fire. ",Ninguno
Leviticus,19,7,ואם האכל יאכל ביום השלישי פגול הוא לא ירצה,"If it should be eaten on the third day, it is an offensive thing, it will not be acceptable. ",Ninguno
Leviticus,19,8,ואכליו עונו ישא כיאתקדש יהוה חלל ונכרתה הנפש ההוא מעמיה,And one who eats of it shall bear the guilt for having profaned what is sacred to GOD; that person shall be cut off from kin.,Ninguno
Leviticus,19,9,ובקצרכם אתקציר ארצכם לא תכלה פאת שדך לקצר ולקט קצירך לא תלקט,"When you reap the harvest of your land, you shall not reap all the way to the edges of your field, or gather the gleanings of your harvest. ",Ninguno
Leviticus,19,10,וכרמך לא תעולל ופרט כרמך לא תלקט לעני ולגר תעזב אתם אני יהוה אלהיכם,"You shall not pick your vineyard bare, or gather the fallen fruit of your vineyard; you shall leave them for the poor and the stranger: I the ETERNAL am your God.",Ninguno
Leviticus,19,11,לא תגנבו ולאתכחשו ולאתשקרו איש בעמיתו,You shall not steal; you shall not deal deceitfully or falsely with one another.,Ninguno
Leviticus,19,12,ולאתשבעו בשמי לשקר וחללת אתשם אלהיך אני יהוה,"You shall not swear falsely by My name, profaning the name of your God: I am the ETERNAL.",Ninguno
Leviticus,19,13,לאתעשק אתרעך ולא תגזל לאתלין פעלת שכיר אתך עדבקר,"You shall not defraud your fellow.afellow I.e., fellow Israelite—whether male or female. In contrast to others “neighbor.” You shall not commit robbery. The wages of a laborer shall not remain with you until morning.",Ninguno
Leviticus,19,14,לאתקלל חרש ולפני עור לא תתן מכשל ויראת מאלהיך אני יהוה,"You shall not insult the deaf, or place a stumbling block before the blind. You shall fear your God: I am the ETERNAL.",Ninguno
Leviticus,19,15,לאתעשו עול במשפט לאתשא פנידל ולא תהדר פני גדול בצדק תשפט עמיתך,You shall not render an unfair decision: do not favor the poor or show deference to the rich; judge your kindred fairly.,Ninguno
Leviticus,19,16,"לאתלך רכיל בעמיך לא תעמד עלדם רעך<sup class=""footnote-marker"">*</sup><i class=""footnote"">(בכתר ארם צובה היה כתוב רעיך)</i> אני יהוה","Do not deal basely withbdeal basely with E.g., via slander; in contrast to others “go about as a talebearer among”; meaning of Heb. idiom halakh rakhil be- uncertain. members of your people. Do not profit bycprofit by Lit. “stand upon”; precise meaning of Heb. idiom ʻamad ʻal uncertain. the blood of your fellow:dfellow See note at v. 13. I am GOD.",Ninguno
Leviticus,19,17,לאתשנא אתאחיך בלבבך הוכח תוכיח אתעמיתך ולאתשא עליו חטא,You shall not hate your kinsfolk in your heart. Reprove your kindred butebut Exact force of we- uncertain. incur no guilt on their account. ,Ninguno
Leviticus,19,18,לאתקם ולאתטר אתבני עמך ואהבת לרעך כמוך אני יהוה,"You shall not take vengeance or bear a grudge against members of your people. Love your fellowffellow See note at v. 13, and cf. v. 34. as yourself: I am GOD.",Ninguno
Leviticus,19,19,אתחקתי תשמרו בהמתך לאתרביע כלאים שדך לאתזרע כלאים ובגד כלאים שעטנז לא יעלה עליך,You shall observe My laws.You shall not let your cattle mate with a different kind; you shall not sow your field with two kinds of seed; you shall not put on cloth from a mixture of two kinds of material.,Ninguno
Leviticus,19,20,ואיש כיישכב אתאשה שכבתזרע והוא שפחה נחרפת לאיש והפדה לא נפדתה או חפשה לא נתןלה בקרת תהיה לא יומתו כילא חפשה,"If a man has carnal relations with a woman who is a slave and has been designated for another man, but has not been redeemed or given her freedom, there shall be an indemnity; they shall not, however, be put to death, since she has not been freed. ",Ninguno
Leviticus,19,21,והביא אתאשמו ליהוה אלפתח אהל מועד איל אשם,"But he must bring to the entrance of the Tent of Meeting, as his reparation offering to GOD, a ram of reparation offering. ",Ninguno
Leviticus,19,22,"וכפר עליו הכהן באיל האשם לפני יהוה עלחטאתו אשר חטא ונסלח לו מחטאתו אשר חטא&nbsp;<span class=""mam-spi-pe"">{פ}</span><br>",With the ram of reparation offering the priest shall make expiation for him before GOD for the sin that he committed; and the sin that he committed will be forgiven him.,Ninguno
Leviticus,19,23,וכיתבאו אלהארץ ונטעתם כלעץ מאכל וערלתם ערלתו אתפריו שלש שנים יהיה לכם ערלים לא יאכל,"When you enter the land and plant any tree for food, you shall regard its fruit as forbidden. Three years it shall be forbiddengforbidden Heb. root ʻ-r-l, commonly “to be uncircumcised.” for you, not to be eaten. ",Ninguno
Leviticus,19,24,ובשנה הרביעת יהיה כלפריו קדש הלולים ליהוה,In the fourth year all its fruit shall be set aside for jubilation before GOD;,Ninguno
Leviticus,19,25,ובשנה החמישת תאכלו אתפריו להוסיף לכם תבואתו אני יהוה אלהיכם,and only in the fifth year may you use its fruit—that its yield to you may be increased: I the ETERNAL am your God.,Ninguno
Leviticus,19,26,לא תאכלו עלהדם לא תנחשו ולא תעוננו,You shall not eat anything with its blood. You shall not practice divination or soothsaying.,Ninguno
Leviticus,19,27,לא תקפו פאת ראשכם ולא תשחית את פאת זקנך,"You [men] shall not round off the side-growth on your head, or destroy the side-growth of your beard. ",Ninguno
Leviticus,19,28,ושרט לנפש לא תתנו בבשרכם וכתבת קעקע לא תתנו בכם אני יהוה,"You shall not make gashes in your flesh for the dead, or incise any marks on yourselves: I am GOD.",Ninguno
Leviticus,19,29,אלתחלל אתבתך להזנותה ולאתזנה הארץ ומלאה הארץ זמה,"Do not degrade your daughter and make her a prostitute, lest the land fall into prostitution and the land be filled with depravity. ",Ninguno
Leviticus,19,30,אתשבתתי תשמרו ומקדשי תיראו אני יהוה,You shall keep My sabbaths and venerate My sanctuary: I am GOD.,Ninguno
Leviticus,19,31,אלתפנו אלהאבת ואלהידענים אלתבקשו לטמאה בהם אני יהוה אלהיכם,"Do not turn to ghosts and do not inquire of familiar spirits, to be defiled by them: I the ETERNAL am your God.",Percepción (Yada)
Leviticus,19,32,"מפני שיבה תקום והדרת פני זקן ויראת מאלהיך אני יהוה&nbsp;<span class=""mam-spi-samekh"">{ס}</span>&nbsp;&nbsp;&nbsp;&nbsp;&nbsp;&nbsp;&nbsp;&nbsp;",You shall rise before the aged and show deference to the old; you shall fear your God: I am the ETERNAL.,Ninguno
Leviticus,19,33,וכייגור אתך גר בארצכם לא תונו אתו,"When strangers reside with you in your land, you shall not wrong them. ",Ninguno
Leviticus,19,34,כאזרח מכם יהיה לכם הגר&thinsp;<b></b> הגר אתכם ואהבת לו כמוך כיגרים הייתם בארץ מצרים אני יהוה אלהיכם,"The strangers who reside with you shall be to you as your citizens; you shall love each one as yourself, for you were strangers in the land of Egypt: I the ETERNAL am your God.",Ninguno
Leviticus,19,35,לאתעשו עול במשפט במדה במשקל ובמשורה,"You shall not falsify measures of length, weight, or capacity. ",Ninguno
Leviticus,19,36,מאזני צדק אבניצדק איפת צדק והין צדק יהיה לכם אני יהוה אלהיכם אשרהוצאתי אתכם מארץ מצרים,"You shall have an honest balance, honest weights, an honest ephah, and an honest hin.I the ETERNAL am your God who freed you from the land of Egypt. ",Ninguno
Leviticus,19,37,"ושמרתם אתכלחקתי ואתכלמשפטי ועשיתם אתם אני יהוה&nbsp;<span class=""mam-spi-pe"">{פ}</span><br>",You shall faithfully observe all My laws and all My rules: I am GOD.,Ninguno
Leviticus,20,1,וידבר יהוה אלמשה לאמר,And GOD spoke to Moses:,Ninguno
Leviticus,20,2,ואלבני ישראל תאמר איש איש מבני ישראל ומןהגר&thinsp;<b></b> הגר בישראל אשר יתן מזרעו למלך מות יומת עם הארץ ירגמהו באבן,"Say further to the Israelite people:AnyoneaAnyone See note at 17.3. among the Israelites, or among the strangers residing in Israel, who gives any offspring to Molech, shall be put to death; the people of the land shall pelt them with stones. ",Ninguno
Leviticus,20,3,ואני אתן אתפני באיש ההוא והכרתי אתו מקרב עמו כי מזרעו נתן למלך למען טמא אתמקדשי ולחלל אתשם קדשי,"And I will set My face against [that party], whom I will cut off from among their kin for having given offspring to Molech and so defiled My sanctuary and profaned My holy name. ",Ninguno
Leviticus,20,4,ואם העלם יעלימו עם הארץ אתעיניהם מןהאיש ההוא בתתו מזרעו למלך לבלתי המית אתו,"And if the people of the land should shut their eyes to that party’s giving offspring to Molech, and should not put them to death, ",Ninguno
Leviticus,20,5,ושמתי אני אתפני באיש ההוא ובמשפחתו והכרתי אתו ואת&thinsp;<b></b> כלהזנים אחריו לזנות אחרי המלך מקרב עמם,I Myself will set My face against not only that party but also their clan; and I will cut them off from among their people—all who follow in going astray after Molech.,Ninguno
Leviticus,20,6,והנפש אשר תפנה אלהאבת ואלהידענים לזנת אחריהם ונתתי אתפני בנפש ההוא והכרתי אתו מקרב עמו,"And if any person turns to ghosts and familiar spirits and goes astray after them, I will set My face against that person—and I will cut them off from among their kin.",Percepción (Yada)
Leviticus,20,7,והתקדשתם והייתם קדשים כי אני יהוה אלהיכם,"You shall sanctify yourselves and be holy, for I the ETERNAL am your God. ",Ninguno
Leviticus,20,8,ושמרתם אתחקתי ועשיתם אתם אני יהוה מקדשכם,You shall faithfully observe My laws: I GOD make you holy.,Ninguno
Leviticus,20,9,כיאיש איש אשר יקלל אתאביו ואתאמו מות יומת אביו ואמו קלל דמיו בו,"Regarding anyonebanyone See note at 17.3. who insults their father or their mother: they shall be put to death; they have insulted their father and their mother—and the bloodguilt is theirs.ctheirs I.e., the perpetrator’s. ",Ninguno
Leviticus,20,10,ואיש אשר ינאף אתאשת איש אשר ינאף אתאשת רעהו מותיומת הנאף והנאפת,If a man commits adultery with a married woman—committing adultery with another man’s wife—the adulterer and the adulteress shall be put to death.,Ninguno
Leviticus,20,11,ואיש אשר ישכב אתאשת אביו ערות אביו גלה מותיומתו שניהם דמיהם בם,"If a man lies with his father’s wife, it is the nakedness of his father that he has uncovered; the two shall be put to death—and the bloodguilt is theirs. ",Ninguno
Leviticus,20,12,ואיש אשר ישכב אתכלתו מות יומתו שניהם תבל עשו דמיהם בם,"If a man lies with his daughter-in-law, both of them shall be put to death; they have committed incest—and the bloodguilt is theirs. ",Ninguno
Leviticus,20,13,ואיש אשר ישכב אתזכר משכבי אשה תועבה עשו שניהם מות יומתו דמיהם בם,"If a man lies with a male as one lies with a woman, the two of them have done an abhorrent thing; they shall be put to death—and the bloodguilt is theirs. ",Ninguno
Leviticus,20,14,ואיש אשר יקח אתאשה ואתאמה זמה הוא באש ישרפו אתו ואתהן ולאתהיה זמה בתוככם,"If a man marries a woman and her mother, it is depravity; both he and they shall be put to the fire, that there be no depravity among you. ",Ninguno
Leviticus,20,15,ואיש אשר יתן שכבתו בבהמה מות יומת ואתהבהמה תהרגו,"If a man has carnal relations with an animal, he shall be put to death; and you shall kill the animal. ",Ninguno
Leviticus,20,16,ואשה אשר תקרב אלכלבהמה לרבעה אתה והרגת אתהאשה ואתהבהמה מות יומתו דמיהם בם,"If a woman approaches any animal to mate with it, you shall kill the woman and the animal; they shall be put to death—and the bloodguilt is theirs.",Ninguno
Leviticus,20,17,ואיש אשריקח אתאחתו בתאביו או בתאמו וראה אתערותה והיאתראה אתערותו חסד הוא ונכרתו לעיני בני עמם ערות אחתו גלה עונו ישא,"If a man marries his sister, the daughter of either his father or his mother, so that he sees her nakedness and she sees his nakedness, it is a disgrace; they shall be excommunicateddexcommunicated Lit. “cut off.” in the sight of their kinsfolk. He has uncovered the nakedness of his sister, he shall bear the guilt. ",Ninguno
Leviticus,20,18,ואיש אשרישכב אתאשה דוה וגלה אתערותה אתמקרה הערה והוא גלתה אתמקור דמיה ונכרתו שניהם מקרב עמם,"If a man lies with a woman during her menstrual condition and uncovers her nakedness, he has laid bare her flow and she has exposed her blood flow; both of them shall be cut off from among their people. ",Ninguno
Leviticus,20,19,וערות אחות אמך ואחות אביך לא תגלה כי אתשארו הערה עונם ישאו,"YoueYou See note at 18.6. shall not uncover the nakedness of your mother’s sister or of your father’s sister, for that is laying bare one’s own flesh; they shall bear the guilt. ",Ninguno
Leviticus,20,20,ואיש אשר ישכב אתדדתו ערות דדו גלה חטאם ישאו ערירים ימתו,"If a man lies with his uncle’s wife, it is his uncle’s nakedness that he has uncovered. They shall bear the guilt: they shall die childless. ",Ninguno
Leviticus,20,21,ואיש אשר יקח אתאשת אחיו נדה הוא ערות אחיו גלה ערירים יהיו,"If a man marries the wife of his brother, it is indecency. It is the nakedness of his brother that he has uncovered; they shall remain childless.",Ninguno
Leviticus,20,22,ושמרתם אתכלחקתי ואתכלמשפטי ועשיתם אתם ולאתקיא אתכם הארץ אשר אני מביא אתכם שמה לשבת בה,"You shall faithfully observe all My laws and all My regulations, lest the land to which I bring you to settle in spew you out. ",Ninguno
Leviticus,20,23,ולא תלכו בחקת הגוי אשראני משלח מפניכם כי אתכלאלה עשו ואקץ בם,You shall not follow the practices of the nation that I am driving out before you. For it is because they did all these things that I abhorred them,Ninguno
Leviticus,20,24,ואמר לכם אתם תירשו אתאדמתם ואני אתננה לכם לרשת אתה ארץ זבת חלב ודבש אני יהוה אלהיכם אשרהבדלתי אתכם מןהעמים,"and said to you: You shall possess their land, for I will give it to you to possess, a land flowing with milk and honey. I the ETERNAL am your God who has set you apart from other peoples. ",Ninguno
Leviticus,20,25,והבדלתם ביןהבהמה הטהרה לטמאה וביןהעוף הטמא לטהר ולאתשקצו אתנפשתיכם בבהמה ובעוף ובכל אשר תרמש האדמה אשרהבדלתי לכם לטמא,"So you shall set apart the pure animal from the impure, the impure bird from the pure. You shall not draw abomination upon yourselves through that which I have set apart for you to treat as impurefthat which I have set apart for you to treat as impure Moved up for clarity from the end of the verse.—[whether] animal or bird or anything with which the ground is alive. ",Separación (Beyn)
Leviticus,20,26,והייתם לי קדשים כי קדוש אני יהוה ואבדל אתכם מןהעמים להיות לי,"You shall be holy to Me, for I GOD am holy, and I have set you apart from other peoples to be Mine.",Ninguno
Leviticus,20,27,"ואיש אואשה כייהיה בהם אוב או ידעני מות יומתו באבן ירגמו אתם דמיהם בם&nbsp;<span class=""mam-spi-pe"">{פ}</span><br>",A man or a woman who has a ghost or a familiar spirit shall be put to death; they shall be pelted with stones—and the bloodguilt is theirs.,Percepción (Yada)
Leviticus,21,1,ויאמר יהוה אלמשה אמר אלהכהנים בני אהרן ואמרת אלהם לנפש לאיטמא בעמיו,"GOD said to Moses: Speak to the priests, the sons of Aaron, and say to them:None shall defile himself for any [dead] person among his kin, ",Ninguno
Leviticus,21,2,כי אםלשארו הקרב אליו לאמו ולאביו ולבנו ולבתו ולאחיו,"except for the relatives that are closest to him: his mother, his father, his son, his daughter, and his brother; ",Ninguno
Leviticus,21,3,ולאחתו הבתולה הקרובה אליו אשר לאהיתה לאיש לה יטמא,"also for a virgin sister, close to him because she has not become someone’s [wife], for her he may defile himself. ",Ninguno
Leviticus,21,4,לא יטמא בעל בעמיו להחלו,"But he shall not defile himself as a kinsman by marriage,aas a kinsman by marriage Lit. “as a husband among his kin”; meaning uncertain. and so profane himself.",Ninguno
Leviticus,21,5,"לא<span class=""mam-kq""><span class=""mam-kq-q"">[יקרחו]</span> <span class=""mam-kq-k"">(יקרחה)</span></span> קרחה בראשם ופאת זקנם לא יגלחו ובבשרם לא ישרטו שרטת","They shall not shave smooth any part of their heads, or cut the side-growth of their beards, or make gashes in their flesh. ",Ninguno
Leviticus,21,6,קדשים יהיו לאלהיהם ולא יחללו שם אלהיהם כי אתאשי יהוה לחם אלהיהם הם מקריבם והיו קדש,"They shall be holy to their God and not profane the name of their God; for they offer the ETERNAL’s offerings by fire, the food of their God, and so must be holy.",Ninguno
Leviticus,21,7,אשה זנה וחללה לא יקחו ואשה גרושה מאישה לא יקחו כיקדש הוא לאלהיו,"They shall not marry a woman defiled by prostitution, nor shall they marry one divorced from her husband. For they are holy to their God ",Ninguno
Leviticus,21,8,וקדשתו כיאתלחם אלהיך הוא מקריב קדש יהיהלך כי קדוש אני יהוה מקדשכם,"and you must treat them as holy, since they offer the food of your God; they shall be holy to you, for I GOD who sanctify you am holy.",Ninguno
Leviticus,21,9,"ובת איש כהן כי תחל לזנות אתאביה היא מחללת באש תשרף&nbsp;<span class=""mam-spi-samekh"">{ס}</span>&nbsp;&nbsp;&nbsp;&nbsp;&nbsp;&nbsp;&nbsp;&nbsp;","When the daughter of a priest defiles herself through prostitution, it is her father whom she defiles; she shall be put to the fire.",Ninguno
Leviticus,21,10,והכהן הגדול מאחיו אשריוצק עלראשו&thinsp;<b></b> שמן המשחה ומלא אתידו ללבש אתהבגדים אתראשו לא יפרע ובגדיו לא יפרם,"The priest who is exalted above his fellows, on whose head the anointing oil has been poured and who has been ordained to wear the vestments, shall not bare his headbbare his head See note at 10.6. or rend his vestments. ",Ninguno
Leviticus,21,11,ועל כלנפשת מת לא יבא לאביו ולאמו לא יטמא,He shall not go in where there is any dead body; he shall not defile himself even for his father or mother.,Ninguno
Leviticus,21,12,ומןהמקדש לא יצא ולא יחלל את מקדש אלהיו כי נזר שמן משחת אלהיו עליו אני יהוה,"He shall not go outside the sanctuary and profane the sanctuary of his God, for upon him is the distinction of the anointing oil of Mine, the ETERNAL’s. ",Ninguno
Leviticus,21,13,והוא אשה בבתוליה יקח,He may marry only a woman who is a virgin.,Ninguno
Leviticus,21,14,אלמנה וגרושה וחללה זנה אתאלה לא יקח כי אםבתולה מעמיו יקח אשה,"A widow, or a divorced woman, or one who is degraded by prostitution—such he may not marry. Only a virgin of his own kin may he take to wife— ",Ninguno
Leviticus,21,15,"ולאיחלל זרעו בעמיו כי אני יהוה מקדשו&nbsp;<span class=""mam-spi-samekh"">{ס}</span>&nbsp;&nbsp;&nbsp;&nbsp;&nbsp;&nbsp;&nbsp;&nbsp;","that he may not profane his offspring among his kin, for I GOD have sanctified him.",Ninguno
Leviticus,21,16,וידבר יהוה אלמשה לאמר,GOD spoke further to Moses: ,Ninguno
Leviticus,21,17,דבר אלאהרן לאמר איש מזרעך לדרתם אשר יהיה בו מום לא יקרב להקריב לחם אלהיו,Speak to Aaron and say: No man among your offspring throughout the ages who has a defect shall be qualified to offer the food of his God.,Ninguno
Leviticus,21,18,כי כלאיש אשרבו מום לא יקרב איש עור או פסח או חרם או שרוע,"No one at all who has a defect shall be qualified: no man who is blind, or lame, or has a limb too short or too long;chas a limb too short or too long Or “mutilated or has a limb too long.” ",Ninguno
Leviticus,21,19,או איש אשריהיה בו שבר רגל או שבר יד,no man who has a broken leg or a broken arm;,Ninguno
Leviticus,21,20,אוגבן אודק או תבלל בעינו או גרב או ילפת או מרוח אשך,"or who is a hunchback, or a dwarf, or who has a growth in his eye, or who has a boil-scar, or scurvy, or crushed testes. ",Ninguno
Leviticus,21,21,כלאיש אשרבו מום מזרע אהרן הכהן לא יגש להקריב אתאשי יהוה מום בו את לחם אלהיו לא יגש להקריב,"No man among the offspring of Aaron the priest who has a defect shall be qualified to offer GOD’s offering by fire; having a defect, he shall not be qualified to offer the food of his God. ",Ninguno
Leviticus,21,22,לחם אלהיו מקדשי הקדשים ומןהקדשים יאכל,"He may eat of the food of his God, of the most holy as well as of the holy; ",Ninguno
Leviticus,21,23,אך אלהפרכת לא יבא ואלהמזבח לא יגש כימום בו ולא יחלל אתמקדשי כי אני יהוה מקדשם,"but he shall not enter behind the curtain or come near the altar, for he has a defect. He shall not profane these places sacred to Me, for I GOD have sanctified them.",Ninguno
Leviticus,21,24,"וידבר משה אלאהרן ואלבניו ואלכלבני ישראל&nbsp;<span class=""mam-spi-pe"">{פ}</span><br>",Thus Moses spoke to Aaron and his sons and to all the Israelites.,Ninguno
Leviticus,22,1,וידבר יהוה אלמשה לאמר,"GOD spoke to Moses, saying: ",Ninguno
Leviticus,22,2,דבר אלאהרן ואלבניו וינזרו מקדשי בניישראל ולא יחללו אתשם קדשי אשר הם מקדשים לי אני יהוה,"Instruct Aaron and his sons to be scrupulous about the sacred donations that the Israelite people consecrate to Me, lest they profane My holy name, Mine GOD’s. ",Ninguno
Leviticus,22,3,אמר אלהם לדרתיכם כלאיש&thinsp;<b></b> אשריקרב מכלזרעכם אלהקדשים אשר יקדישו בניישראל ליהוה וטמאתו עליו ונכרתה הנפש ההוא מלפני אני יהוה,"Say to them:Throughout the ages, if any man among your offspring, while in a state of impurity, partakes of any sacred donation that the Israelite people may consecrate to GOD, that person shall be cut off from before Me: I am GOD. ",Ninguno
Leviticus,22,4,איש איש מזרע אהרן והוא צרוע או זב בקדשים לא יאכל עד אשר יטהר והנגע בכלטמאנפש או איש אשרתצא ממנו שכבתזרע,"No man whatsoever among Aaron’s offspring who has an eruption or a dischargeaan eruption or a discharge See chapters 13 and 15, respectively. shall eat of the sacred donations until he is pure. If one touches anything made impure by a corpse, or if a man has an emission of semen, ",Ninguno
Leviticus,22,5,אואיש אשר יגע בכלשרץ אשר יטמאלו או באדם אשר יטמאלו לכל טמאתו,or if a man touches any swarming thing by which he is made impure or any human being by whom he is made impure—whatever his impurity—,Ninguno
Leviticus,22,6,נפש אשר תגעבו וטמאה עדהערב ולא יאכל מןהקדשים כי אםרחץ בשרו במים,the person who touches such shall be impure until evening and shall not eat of the sacred donations unless he has washed his body in water.,Ninguno
Leviticus,22,7,ובא השמש וטהר ואחר יאכל מןהקדשים כי לחמו הוא,"As soon as the sun sets, he shall be pure; and afterward he may eat of the sacred donations, for they are his food. ",Ninguno
Leviticus,22,8,נבלה וטרפה לא יאכל לטמאהבה אני יהוה,"He shall not eat anything that died or was torn by beasts, thereby becoming impure: I am GOD. ",Ninguno
Leviticus,22,9,ושמרו אתמשמרתי ולאישאו עליו חטא ומתו בו כי יחללהו אני יהוה מקדשם,"They shall keep My charge, lest they incur guilt thereby and die for it, having committed profanation: I GOD consecrate them.",Ninguno
Leviticus,22,10,וכלזר לאיאכל קדש תושב כהן ושכיר לאיאכל קדש,No lay person shall eat of the sacred donations. No bound or hired laborer of a priest shall eat of the sacred donations;,Ninguno
Leviticus,22,11,וכהן כייקנה נפש קנין כספו הוא יאכל בו ויליד ביתו הם יאכלו בלחמו,but a person who is a priest’s property by purchase may eat of them; and those that are born into his household may eat of his food.,Ninguno
Leviticus,22,12,ובתכהן כי תהיה לאיש זר הוא בתרומת הקדשים לא תאכל,"If a priest’s daughter becomes a layman’s wife, she may not eat of the sacred gifts; ",Ninguno
Leviticus,22,13,ובתכהן כי תהיה אלמנה וגרושה וזרע אין לה ושבה אלבית אביה כנעוריה מלחם אביה תאכל וכלזר לאיאכל בו,"but if the priest’s daughter is widowed or divorced and without offspring, and is back in her father’s house as in her youth, she may eat of her father’s food. No lay person may eat of it— ",Ninguno
Leviticus,22,14,ואיש כייאכל קדש בשגגה ויסף חמשיתו עליו ונתן לכהן אתהקדש,"but if someone eats of a sacred donation unwittingly, the priest shall be paid for the sacred donation, adding one-fifth of its value. ",Ninguno
Leviticus,22,15,ולא יחללו אתקדשי בני ישראל את אשרירימו ליהוה,"But [the priests] must not allow the Israelites to profane the sacred donations that they set aside for GOD, ",Ninguno
Leviticus,22,16,"והשיאו אותם עון אשמה באכלם אתקדשיהם כי אני יהוה מקדשם&nbsp;<span class=""mam-spi-pe"">{פ}</span><br>","or to incur guilt requiring a penalty payment, by eating such sacred donations: for it is I GOD who make them sacred.",Ninguno
Leviticus,22,17,וידבר יהוה אלמשה לאמר,"GOD spoke to Moses, saying: ",Ninguno
Leviticus,22,18,דבר אלאהרן ואלבניו ואל כלבני ישראל ואמרת אלהם איש איש מבית ישראל ומןהגר בישראל אשר יקריב קרבנו לכלנדריהם ולכלנדבותם אשריקריבו ליהוה לעלה,"Speak to Aaron and his sons, and to all the Israelite people, and say to them:When anyonebanyone See note at 17.3. of the house of Israel, or of the strangers in Israel, presents a burnt offering as their offering for any of the votive or any of the freewill offerings that are offered to GOD, ",Ninguno
Leviticus,22,19,לרצנכם תמים זכר בבקר בכשבים ובעזים,"it must, to be acceptable in your favor, be a male without blemish, from cattle or sheep or goats. ",Ninguno
Leviticus,22,20,כל אשרבו מום לא תקריבו כילא לרצון יהיה לכם,"You shall not offer any that has a defect, for it will not be accepted in your favor.",Ninguno
Leviticus,22,21,ואיש כייקריב זבחשלמים ליהוה לפלאנדר או לנדבה בבקר או בצאן תמים יהיה לרצון כלמום לא יהיהבו,"And when anyone offers, from the herd or the flock, a sacrifice of well-being to GOD for an explicitcexplicit Or “unspecified” or “extraordinary”; meaning of Heb. lephalle uncertain. vow or as a freewill offering, it must, to be acceptable, be without blemish; there must be no defect in it. ",Ninguno
Leviticus,22,22,עורת או שבור אוחרוץ אויבלת או גרב או ילפת לאתקריבו אלה ליהוה ואשה לאתתנו מהם עלהמזבח ליהוה,"Anything blind, or injured, or maimed, or with a wen, boil-scar, or scurvy—such you shall not offer to GOD; you shall not put any of them on the altar as offerings by fire to GOD. ",Ninguno
Leviticus,22,23,ושור ושה שרוע וקלוט נדבה תעשה אתו ולנדר לא ירצה,"You may, however, present as a freewill offering an ox or a sheep with a limb extended or contracted; but it will not be accepted for a vow. ",Ninguno
Leviticus,22,24,ומעוך וכתות ונתוק וכרות לא תקריבו ליהוה ובארצכם לא תעשו,"You shall not offer to GOD anything [with its testes] bruised or crushed or torn or cut. You shall have no such practicesdpractices I.e., mutilations. in your own land, ",Ninguno
Leviticus,22,25,"ומיד בןנכר לא תקריבו אתלחם אלהיכם מכלאלה כי משחתם בהם מום בם לא ירצו לכם&nbsp;<span class=""mam-spi-samekh"">{ס}</span>&nbsp;&nbsp;&nbsp;&nbsp;&nbsp;&nbsp;&nbsp;&nbsp;","nor shall you accept such [animals] from a foreigner for offering as food for your God, for they are mutilated, they have a defect; they shall not be accepted in your favor.",Ninguno
Leviticus,22,26,וידבר יהוה אלמשה לאמר,"GOD spoke to Moses, saying: ",Ninguno
Leviticus,22,27,שור אוכשב אועז כי יולד והיה שבעת ימים תחת אמו ומיום השמיני והלאה ירצה לקרבן אשה ליהוה,"When an ox or a sheep or a goat is born, it shall stay seven days with its mother, and from the eighth day on it shall be acceptable as an offering by fire to GOD. ",Ninguno
Leviticus,22,28,ושור אושה אתו ואתבנו לא תשחטו ביום אחד,"However, no animal from the herd or from the flock shall be slaughtered on the same day with its young.",Ninguno
Leviticus,22,29,וכיתזבחו זבחתודה ליהוה לרצנכם תזבחו,"When you sacrifice a thanksgiving offering to GOD, sacrifice it so that it may be acceptable in your favor. ",Ninguno
Leviticus,22,30,ביום ההוא יאכל לאתותירו ממנו עדבקר אני יהוה,It shall be eaten on the same day; you shall not leave any of it until morning: I am GOD.,Ninguno
Leviticus,22,31,ושמרתם מצותי ועשיתם אתם אני יהוה,You shall faithfully observe My commandments: I am GOD.,Ninguno
Leviticus,22,32,ולא תחללו אתשם קדשי ונקדשתי בתוך בני ישראל אני יהוה מקדשכם,"You shall not profane My holy name, that I may be sanctified in the midst of the Israelite people—I, GOD, who sanctify you, ",Ninguno
Leviticus,22,33,"המוציא אתכם מארץ מצרים להיות לכם לאלהים אני יהוה&nbsp;<span class=""mam-spi-pe"">{פ}</span><br>","I who brought you out of the land of Egypt to be your God, I, the ETERNAL.",Ninguno
Leviticus,23,1,וידבר יהוה אלמשה לאמר,"GOD spoke to Moses, saying: ",Ninguno
Leviticus,23,2,דבר אלבני ישראל ואמרת אלהם מועדי יהוה אשרתקראו אתם מקראי קדש אלה הם מועדי,"Speak to the Israelite people and say to them:These are My fixed times, the fixed times of GOD, that you shall proclaim as sacred occasions.",Ninguno
Leviticus,23,3,"ששת ימים תעשה מלאכה וביום השביעי שבת שבתון מקראקדש כלמלאכה לא תעשו שבת הוא ליהוה בכל מושבתיכם&nbsp;<span class=""mam-spi-pe"">{פ}</span><br>","On six days work may be done, but on the seventh day there shall be a sabbath of complete rest, a sacred occasion. You shall do no work; it shall be a sabbath of GOD throughout your settlements.",Ninguno
Leviticus,23,4,אלה מועדי יהוה מקראי קדש אשרתקראו אתם במועדם,"These are the set times of GOD, the sacred occasions, which you shall celebrate each at its appointed time: ",Ninguno
Leviticus,23,5,בחדש הראשון בארבעה עשר לחדש בין הערבים פסח ליהוה,"In the first month, on the fourteenth day of the month, at twilight, there shall be a passover offering to GOD, ",Separación (Beyn)
Leviticus,23,6,ובחמשה עשר יום לחדש הזה חג המצות ליהוה שבעת ימים מצות תאכלו,and on the fifteenth day of that month GOD’s Feast of Unleavened Bread. You shall eat unleavened bread for seven days.,Ninguno
Leviticus,23,7,ביום הראשון מקראקדש יהיה לכם כלמלאכת עבדה לא תעשו,On the first day you shall celebrate a sacred occasion: you shall not work at your occupations.,Ninguno
Leviticus,23,8,"והקרבתם אשה ליהוה שבעת ימים ביום השביעי מקראקדש כלמלאכת עבדה לא תעשו&nbsp;<span class=""mam-spi-pe"">{פ}</span><br>",Seven days you shall make offerings by fire to GOD. The seventh day shall be a sacred occasion: you shall not work at your occupations.,Ninguno
Leviticus,23,9,וידבר יהוה אלמשה לאמר,"GOD spoke to Moses, saying: ",Ninguno
Leviticus,23,10,דבר אלבני ישראל ואמרת אלהם כיתבאו אלהארץ אשר אני נתן לכם וקצרתם אתקצירה והבאתם אתעמר ראשית קצירכם אלהכהן,"Speak to the Israelite people and say to them:When you enter the land that I am giving to you and you reap its harvest, you shall bring the first sheaf of your harvest to the priest. ",Ninguno
Leviticus,23,11,והניף אתהעמר לפני יהוה לרצנכם ממחרת השבת יניפנו הכהן,He shall elevate the sheaf before GOD for acceptance in your behalf; the priest shall elevate it on the day after the sabbath.,Ninguno
Leviticus,23,12,ועשיתם ביום הניפכם אתהעמר כבש תמים בןשנתו לעלה ליהוה,"On the day that you elevate the sheaf, you shall offer as a burnt offering to GOD a lamb of the first year without blemish. ",Ninguno
Leviticus,23,13,ומנחתו שני עשרנים סלת בלולה בשמן אשה ליהוה ריח ניחח ונסכה יין רביעת ההין,"The grain offering with it shall be two-tenths of a measure of choice flour with oil mixed in, an offering by fire of pleasing odor to GOD; and the libation with it shall be of wine, a quarter of a hin. ",Ninguno
Leviticus,23,14,"ולחם וקלי וכרמל לא תאכלו עדעצם היום הזה עד הביאכם אתקרבן אלהיכם חקת עולם לדרתיכם בכל משבתיכם&nbsp;<span class=""mam-spi-samekh"">{ס}</span>&nbsp;&nbsp;&nbsp;&nbsp;&nbsp;&nbsp;&nbsp;&nbsp;","Until that very day, until you have brought the offering of your God, you shall eat no bread or parched grain or fresh ears;abread or parched grain or fresh ears Of the new crop. it is a law for all time throughout the ages in all your settlements.",Ninguno
Leviticus,23,15,וספרתם לכם ממחרת השבת מיום הביאכם אתעמר התנופה שבע שבתות תמימת תהיינה,And from the day on which you bring the sheaf of elevation offering—the day after the sabbath—you shall count off seven weeks. They must be complete:,Ninguno
Leviticus,23,16,עד ממחרת השבת השביעת תספרו חמשים יום והקרבתם מנחה חדשה ליהוה,you must count until the day after the seventh week—fifty days; then you shall bring an offering of new grain to GOD.,Ninguno
Leviticus,23,17,ממושבתיכם תביאו&thinsp;<b></b> לחם תנופה שתים שני עשרנים סלת תהיינה חמץ תאפינה בכורים ליהוה,"You shall bring from your settlements two loaves of bread as an elevation offering; each shall be made of two-tenths of a measure of choice flour, baked after leavening, as first fruits to GOD. ",Ninguno
Leviticus,23,18,והקרבתם עלהלחם שבעת כבשים תמימם בני שנה ופר בןבקר אחד ואילם שנים יהיו עלה ליהוה ומנחתם ונסכיהם אשה ריחניחח ליהוה,"With the bread you shall present, as burnt offerings to GOD, seven yearling lambs without blemish, one bull of the herd, and two rams, with their grain offerings and libations, an offering by fire of pleasing odor to GOD. ",Ninguno
Leviticus,23,19,ועשיתם שעירעזים אחד לחטאת ושני כבשים בני שנה לזבח שלמים,You shall also offer one he-goat as a purgation offering and two yearling lambs as a sacrifice of well-being.,Ninguno
Leviticus,23,20,והניף הכהן&thinsp;<small></small>&thinsp;אתם על לחם הבכרים תנופה לפני יהוה עלשני כבשים קדש יהיו ליהוה לכהן,"The priest shall elevate these—the two lambsb—the two lambs— Force of Heb. construction uncertain.—together with the bread of first fruits as an elevation offering before GOD; they shall be holy to GOD, for the priest. ",Ninguno
Leviticus,23,21,וקראתם בעצם&thinsp;<b></b> היום הזה מקראקדש יהיה לכם כלמלאכת עבדה לא תעשו חקת עולם בכלמושבתיכם לדרתיכם,"On that same day you shall hold a celebration; it shall be a sacred occasion for you; you shall not work at your occupations. This is a law for all time in all your settlements, throughout the ages.",Ninguno
Leviticus,23,22,"ובקצרכם אתקציר ארצכם לאתכלה פאת שדך בקצרך ולקט קצירך לא תלקט לעני ולגר תעזב אתם אני יהוה אלהיכם&nbsp;<span class=""mam-spi-pe"">{פ}</span><br>","And when you reap the harvest of your land, you shall not reap all the way to the edges of your field, or gather the gleanings of your harvest; you shall leave them for the poor and the stranger: I the ETERNAL am your God.",Ninguno
Leviticus,23,23,וידבר יהוה אלמשה לאמר,"GOD spoke to Moses, saying: ",Ninguno
Leviticus,23,24,דבר אלבני ישראל לאמר בחדש השביעי באחד לחדש יהיה לכם שבתון זכרון תרועה מקראקדש,"Speak to the Israelite people thus: In the seventh month, on the first day of the month, you shall observe complete rest, a sacred occasion commemorated with loud blasts. ",Ninguno
Leviticus,23,25,"כלמלאכת עבדה לא תעשו והקרבתם אשה ליהוה&nbsp;<span class=""mam-spi-samekh"">{ס}</span>&nbsp;&nbsp;&nbsp;&nbsp;&nbsp;&nbsp;&nbsp;&nbsp;",You shall not work at your occupations; and you shall bring an offering by fire to GOD.,Ninguno
Leviticus,23,26,וידבר יהוה אלמשה לאמר,"GOD spoke to Moses, saying: ",Ninguno
Leviticus,23,27,אך בעשור לחדש השביעי הזה יום הכפרים הוא מקראקדש יהיה לכם ועניתם אתנפשתיכם והקרבתם אשה ליהוה,"Mark, the tenth day of this seventh month is the Day of Atonement. It shall be a sacred occasion for you: you shall practice self-denial, and you shall bring an offering by fire to GOD; ",Ninguno
Leviticus,23,28,וכלמלאכה לא תעשו בעצם היום הזה כי יום כפרים הוא לכפר עליכם לפני יהוה אלהיכם,"you shall do no work throughout that day. For it is a Day of Atonement, on which expiation is made on your behalf before the ETERNAL your God. ",Ninguno
Leviticus,23,29,כי כלהנפש אשר לאתענה בעצם היום הזה ונכרתה מעמיה,"Indeed, any person who does not practice self-denial throughout that day shall be cut off from kin; ",Ninguno
Leviticus,23,30,וכלהנפש אשר תעשה כלמלאכה בעצם היום הזה והאבדתי אתהנפש ההוא מקרב עמה,"and whoever does any work throughout that day, I will cause that person to perish from among the people. ",Ninguno
Leviticus,23,31,כלמלאכה לא תעשו חקת עולם לדרתיכם בכל משבתיכם,"Do no work whatever; it is a law for all time, throughout the ages in all your settlements. ",Ninguno
Leviticus,23,32,"שבת שבתון הוא לכם ועניתם אתנפשתיכם בתשעה לחדש בערב מערב עדערב תשבתו שבתכם&nbsp;<span class=""mam-spi-pe"">{פ}</span><br>","It shall be a sabbath of complete rest for you, and you shall practice self-denial; on the ninth day of the month at evening, from evening to evening, you shall observe this your sabbath.",Ninguno
Leviticus,23,33,וידבר יהוה אלמשה לאמר,"GOD spoke to Moses, saying: ",Ninguno
Leviticus,23,34,דבר אלבני ישראל לאמר בחמשה עשר יום לחדש השביעי הזה חג הסכות שבעת ימים ליהוה,"Say to the Israelite people:On the fifteenth day of this seventh month there shall be the Feast of BoothscBooths In contrast to others “Tabernacles.” to GOD, [to last] seven days. ",Ninguno
Leviticus,23,35,ביום הראשון מקראקדש כלמלאכת עבדה לא תעשו,The first day shall be a sacred occasion: you shall not work at your occupations;,Ninguno
Leviticus,23,36,שבעת ימים תקריבו אשה ליהוה ביום השמיני מקראקדש יהיה לכם והקרבתם אשה ליהוה עצרת הוא כלמלאכת עבדה לא תעשו,seven days you shall bring offerings by fire to GOD. On the eighth day you shall observe a sacred occasion and bring an offering by fire to GOD; it is a solemn gathering:dsolemn gathering Precise meaning of Heb. ʻaṣereth uncertain. Cf. Num. 29.35; Deut. 16.8. you shall not work at your occupations.,Ninguno
Leviticus,23,37,אלה מועדי יהוה אשרתקראו אתם מקראי קדש להקריב אשה ליהוה עלה ומנחה זבח ונסכים דבריום ביומו,"Those are the set times of GOD that you shall celebrate as sacred occasions, bringing offerings by fire to GOD—burnt offerings, grain offerings, sacrifices, and libations, on each day what is proper to it— ",Ninguno
Leviticus,23,38,מלבד שבתת יהוה ומלבד מתנותיכם ומלבד כלנדריכם ומלבד כלנדבתיכם אשר תתנו ליהוה,"apart from the sabbaths of GOD, and apart from your gifts and from all your votive offerings and from all your freewill offerings that you give to GOD.",Ninguno
Leviticus,23,39,אך בחמשה עשר יום לחדש השביעי באספכם אתתבואת הארץ תחגו אתחגיהוה שבעת ימים ביום הראשון שבתון וביום השמיני שבתון,"Mark, on the fifteenth day of the seventh month, when you have gathered in the yield of your land, you shall observe the festival of GOD [to last] seven days: a complete rest on the first day, and a complete rest on the eighth day. ",Ninguno
Leviticus,23,40,ולקחתם לכם ביום הראשון פרי עץ הדר כפת תמרים וענף עץעבת וערבינחל ושמחתם לפני יהוה אלהיכם שבעת ימים,"On the first day you shall take the product of hadarehadar Exact meaning of Heb. hadar uncertain. Traditionally the product is understood as “citron.” trees, branches of palm trees, boughs of leafyfleafy Meaning of Heb. ʻaboth uncertain. trees, and willows of the brook, and you shall rejoice before the ETERNAL your God seven days. ",Ninguno
Leviticus,23,41,וחגתם אתו חג ליהוה שבעת ימים בשנה חקת עולם לדרתיכם בחדש השביעי תחגו אתו,"You shall observe it as a festival of GOD for seven days in the year; you shall observe it in the seventh month as a law for all time, throughout the ages. ",Ninguno
Leviticus,23,42,בסכת תשבו שבעת ימים כלהאזרח בישראל ישבו בסכת,"You shall live in booths seven days; all citizens in Israel shall live in booths, ",Ninguno
Leviticus,23,43,למען ידעו דרתיכם כי בסכות הושבתי אתבני ישראל בהוציאי אותם מארץ מצרים אני יהוה אלהיכם,in order that future generations may know that I made the Israelite people live in booths when I brought them out of the land of Egypt—I the ETERNAL your God.,Percepción (Yada)
Leviticus,23,44,"וידבר משה אתמעדי יהוה אלבני ישראל&nbsp;<span class=""mam-spi-pe"">{פ}</span><br>",So Moses declared to the Israelites the set times of GOD.,Ninguno
Leviticus,24,1,וידבר יהוה אלמשה לאמר,"GOD spoke to Moses, saying:",Ninguno
Leviticus,24,2,צו אתבני ישראל ויקחו אליך שמן זית זך כתית למאור להעלת נר תמיד,"Command the Israelite people to bring you clear oil of beaten olives for lighting, for kindling lamps regularly. ",Ninguno
Leviticus,24,3,מחוץ לפרכת העדת באהל מועד יערך אתו אהרן מערב עדבקר לפני יהוה תמיד חקת עולם לדרתיכם,Aaron shall set them up in the Tent of Meeting outside the curtain of the Pact [to burn] from evening to morning before GOD regularly; it is a law for all time throughout the ages.,Ninguno
Leviticus,24,4,"על המנרה הטהרה יערך אתהנרות לפני יהוה תמיד&nbsp;<span class=""mam-spi-pe"">{פ}</span><br>",He shall set up the lamps on the pureapure See note at Exod. 31.8. lampstand before GOD [to burn] regularly.,Ninguno
Leviticus,24,5,ולקחת סלת ואפית אתה שתים עשרה חלות שני עשרנים יהיה החלה האחת,"You shall take choice flour and bake of it twelve loaves, two-tenths of a measure for each loaf. ",Ninguno
Leviticus,24,6,ושמת אותם שתים מערכות שש המערכת על השלחן הטהר לפני יהוה,"Place them on the purebpure See note at Exod. 31.8. table before GOD in two rows, six to a row. ",Ninguno
Leviticus,24,7,ונתת עלהמערכת לבנה זכה והיתה ללחם לאזכרה אשה ליהוה,"With each row you shall place pure frankincense, which is to be a token offeringctoken offering See 2.2. for the bread, as an offering by fire to GOD. ",Ninguno
Leviticus,24,8,ביום השבת ביום השבת יערכנו לפני יהוה תמיד מאת בניישראל ברית עולם,He shall arrange them before GOD regularly every sabbath day—it is a commitment for all time on the part of the Israelites.,Ninguno
Leviticus,24,9,"והיתה לאהרן ולבניו ואכלהו במקום קדש כי קדש קדשים הוא לו מאשי יהוה חקעולם&nbsp;<span class=""mam-spi-samekh"">{ס}</span>&nbsp;&nbsp;&nbsp;&nbsp;&nbsp;&nbsp;&nbsp;&nbsp;","They shall belong to Aaron and his sons, who shall eat them in the sacred precinct; for they are his as most holy things from GOD’s offerings by fire, a due for all time.",Ninguno
Leviticus,24,10,ויצא בןאשה ישראלית והוא בןאיש מצרי בתוך בני ישראל וינצו במחנה בן הישראלית ואיש הישראלי,There came out among the Israelites someone who wasdThere came out among the Israelites someone who was Or “Among the Israelites there emerged.” the son of an Israelite woman and an Egyptian man. And a fight broke out in the camp between that half-Israeliteehalf-Israelite Lit. “the son of an Israelite woman.” and a certain Israelite man. ,Ninguno
Leviticus,24,11,ויקב בןהאשה הישראלית אתהשם ויקלל ויביאו אתו אלמשה ושם אמו שלמית בתדברי למטהדן,"The son of the Israelite woman pronounced the Name in blasphemy, and he was brought to Moses—now his mother’s name was Shelomith daughter of Dibri of the tribe of Dan— ",Ninguno
Leviticus,24,12,"ויניחהו במשמר לפרש להם עלפי יהוה&nbsp;<span class=""mam-spi-pe"">{פ}</span><br>","and he was placed in custody, until GOD’s decision should be made clear to them.",Ninguno
Leviticus,24,13,וידבר יהוה אלמשה לאמר,"And GOD spoke to Moses, saying: ",Ninguno
Leviticus,24,14,הוצא אתהמקלל אלמחוץ למחנה וסמכו כלהשמעים אתידיהם עלראשו ורגמו אתו כלהעדה,"Take the blasphemer outside the camp; and let all who were within hearing lay their hands upon his head, and let the whole communityfwhole community See note at 8.3; cf. 1 Kings 21.11, 13. stone him.",Ninguno
Leviticus,24,15,ואלבני ישראל תדבר לאמר איש איש כייקלל אלהיו ונשא חטאו,And to the Israelite people speak thus: AnyonegAnyone See note at 17.3. who blasphemes God shall bear the guilt; ,Ninguno
Leviticus,24,16,ונקב שםיהוה מות יומת רגום ירגמובו כלהעדה כגר כאזרח בנקבושם יומת,and one who also pronounces the name GOD shall be put to death. The whole community shall stone them; stranger or citizen—having thus pronounced the Name—shall be put to death.,Ninguno
Leviticus,24,17,ואיש כי יכה כלנפש אדם מות יומת,Regarding anyone who kills any human being: they shall be put to death.,Ninguno
Leviticus,24,18,ומכה נפשבהמה ישלמנה נפש תחת נפש,One who kills livestock shall make restitution for it: life for life.,Ninguno
Leviticus,24,19,ואיש כייתן מום בעמיתו כאשר עשה כן יעשה לו,Regarding anyone who maims another person: what was done shall be done in return—,Ninguno
Leviticus,24,20,שבר תחת שבר עין תחת עין שן תחת שן כאשר יתן מום באדם כן ינתן בו,"fracture for fracture, eye for eye, tooth for tooth. The injury inflicted on a human being shall be inflicted in return. ",Ninguno
Leviticus,24,21,ומכה בהמה ישלמנה ומכה אדם יומת,One who kills livestock shall make restitution for it; but one who kills a human being shall be put to death.,Ninguno
Leviticus,24,22,משפט אחד יהיה לכם כגר כאזרח יהיה כי אני יהוה אלהיכם,You shall have one standard for stranger and citizen alike: for I the ETERNAL am your God.,Ninguno
Leviticus,24,23,"וידבר משה אלבני ישראל ויוציאו אתהמקלל אלמחוץ למחנה וירגמו אתו אבן ובניישראל עשו כאשר צוה יהוה אתמשה&nbsp;<span class=""mam-spi-pe"">{פ}</span><br>",Moses spoke thus to the Israelites. And they took the blasphemer outside the camp and pelted him with stones. The Israelites did as GOD had commanded Moses.,Ninguno
Leviticus,25,1,וידבר יהוה אלמשה בהר סיני לאמר,GOD spoke to Moses on Mount Sinai: ,Ninguno
Leviticus,25,2,דבר אלבני ישראל ואמרת אלהם כי תבאו אלהארץ אשר אני נתן לכם ושבתה הארץ שבת ליהוה,"Speak to the Israelite people and say to them:When youayou Addressing the (stereotypical) householder and his family. enter the land that I assign to you, the land shall observe a sabbath of GOD. ",Ninguno
Leviticus,25,3,שש שנים תזרע שדך ושש שנים תזמר כרמך ואספת אתתבואתה,Six years you may sow your field and six years you may prune your vineyard and gather in the yield.,Ninguno
Leviticus,25,4,ובשנה השביעת שבת שבתון יהיה לארץ שבת ליהוה שדך לא תזרע וכרמך לא תזמר,"But in the seventh year the land shall have a sabbath of complete rest, a sabbath of GOD: you shall not sow your field or prune your vineyard. ",Ninguno
Leviticus,25,5,את ספיח קצירך לא תקצור ואתענבי נזירך לא תבצר שנת שבתון יהיה לארץ,You shall not reap the aftergrowth of your harvest or gather the grapes of your untrimmed vines; it shall be a year of complete rest for the land.,Ninguno
Leviticus,25,6,והיתה שבת הארץ לכם לאכלה לך ולעבדך ולאמתך ולשכירך ולתושבך הגרים עמך,"But you may eat whatever the land during its sabbath will produce—you, your male and female slaves, the hired and bound laborers who live with you, ",Ninguno
Leviticus,25,7,"ולבהמתך ולחיה אשר בארצך תהיה כלתבואתה לאכל&nbsp;<span class=""mam-spi-samekh"">{ס}</span>&nbsp;&nbsp;&nbsp;&nbsp;&nbsp;&nbsp;&nbsp;&nbsp;",and your cattle and the beasts in your land may eat all its yield.,Ninguno
Leviticus,25,8,וספרת לך שבע שבתת שנים שבע שנים שבע פעמים והיו לך ימי שבע שבתת השנים תשע וארבעים שנה,You shall count off seven weeks of years—seven times seven years—so that the period of seven weeks of years gives you a total of forty-nine years.,Ninguno
Leviticus,25,9,והעברת שופר תרועה בחדש השבעי בעשור לחדש ביום הכפרים תעבירו שופר בכלארצכם,"Then you shall sound the horn loud; in the seventh month, on the tenth day of the month—the Day of Atonement—you shall have the horn sounded throughout your land ",Ninguno
Leviticus,25,10,וקדשתם את שנת החמשים שנה וקראתם דרור בארץ לכלישביה יובל הוא תהיה לכם ושבתם איש אלאחזתו ואיש אלמשפחתו תשבו,"and you shall hallow the fiftieth year. You shall proclaim releasebrelease Trad. “liberty.” throughout the land for all its inhabitants. It shall be a jubileecjubilee Heb. yobel, “ram” or “ram’s horn.” for you: each of you shall return to your holding and each of you shall return to your family. ",Ninguno
Leviticus,25,11,יובל הוא שנת החמשים שנה תהיה לכם לא תזרעו ולא תקצרו אתספיחיה ולא תבצרו אתנזריה,"That fiftieth year shall be a jubilee for you: you shall not sow, neither shall you reap the aftergrowth or harvest the untrimmed vines, ",Ninguno
Leviticus,25,12,כי יובל הוא קדש תהיה לכם מןהשדה תאכלו אתתבואתה,for it is a jubilee. It shall be holy to you: you may only eat the growth direct from the field.,Ninguno
Leviticus,25,13,בשנת היובל הזאת תשבו איש אלאחזתו,"In this year of jubilee, each of you shall return to your holding. ",Ninguno
Leviticus,25,14,וכיתמכרו ממכר לעמיתך או קנה מיד עמיתך אלתונו איש אתאחיו,"When you sell property to your neighbor,dneighbor I.e., fellow Israelite; see v. 46. or buy any from your neighbor, you shall not wrong one another. ",Ninguno
Leviticus,25,15,במספר שנים אחר היובל תקנה מאת עמיתך במספר שניתבואת ימכרלך,"In buying from your neighbor, you shall deduct only for the number of years since the jubilee; and in selling to you, you shall be charged only for the remaining crop years: ",Ninguno
Leviticus,25,16,לפי&thinsp;<b></b> רב השנים תרבה מקנתו ולפי מעט השנים תמעיט מקנתו כי מספר תבואת הוא מכר לך,"the more such years, the higher the price you pay; the fewer such years, the lower the price; for what is being sold to you is a number of harvests. ",Ninguno
Leviticus,25,17,ולא תונו איש אתעמיתו ויראת מאלהיך כי אני יהוה אלהיכם,"Do not wrong one another, but fear your God; for I the ETERNAL am your God.",Ninguno
Leviticus,25,18,ועשיתם אתחקתי ואתמשפטי תשמרו ועשיתם אתם וישבתם עלהארץ לבטח,"You shall observe My laws and faithfully keep My rules, that you may live upon the land in security; ",Ninguno
Leviticus,25,19,ונתנה הארץ פריה ואכלתם לשבע וישבתם לבטח עליה,"the land shall yield its fruit and you shall eat your fill, and you shall live upon it in security. ",Ninguno
Leviticus,25,20,וכי תאמרו מהנאכל בשנה השביעת הן לא נזרע ולא נאסף אתתבואתנו,"And should you ask, “What are we to eat in the seventh year, if we may neither sow nor gather in our crops?” ",Ninguno
Leviticus,25,21,וצויתי אתברכתי לכם בשנה הששית ועשת אתהתבואה לשלש השנים,"I will ordain My blessing for you in the sixth year, so that it shall yield a crop sufficient for three years. ",Ninguno
Leviticus,25,22,וזרעתם את השנה השמינת ואכלתם מןהתבואה ישן עד&thinsp;<b></b> השנה התשיעת עדבוא תבואתה תאכלו ישן,"When you sow in the eighth year, you will still be eating old grain of that crop; you will be eating the old until the ninth year, until its crops come in.",Ninguno
Leviticus,25,23,והארץ לא תמכר לצמתת כילי הארץ כיגרים ותושבים אתם עמדי,"But the land must not be sold beyond reclaim, for the land is Mine; you are but strangers resident with Me. ",Ninguno
Leviticus,25,24,"ובכל ארץ אחזתכם גאלה תתנו לארץ&nbsp;<span class=""mam-spi-samekh"">{ס}</span>&nbsp;&nbsp;&nbsp;&nbsp;&nbsp;&nbsp;&nbsp;&nbsp;","Throughout the land that you hold, you must provide for the redemption of the land.",Ninguno
Leviticus,25,25,כיימוך אחיך ומכר מאחזתו ובא גאלו הקרב אליו וגאל את ממכר אחיו,"If one of your kin is in straits and has to sell part of a holding, the nearest redeemerenearest redeemer I.e., the closest relative able to redeem the land. shall come and redeem what that relative has sold. ",Ninguno
Leviticus,25,26,ואיש כי לא יהיהלו גאל והשיגה ידו ומצא כדי גאלתו,Regarding anyone who has no one to be redeemer but prospers and acquires enough to redeem with:,Ninguno
Leviticus,25,27,וחשב אתשני ממכרו והשיב אתהעדף לאיש אשר מכרלו ושב לאחזתו,"the years since its sale shall be computed and the difference shall be refunded to the party to whom it was sold, so that [the seller] returns to their holding. ",Ninguno
Leviticus,25,28,"ואם לאמצאה ידו די השיב לו והיה ממכרו ביד הקנה אתו עד שנת היובל ויצא ביבל ושב לאחזתו&nbsp;<span class=""mam-spi-samekh"">{ס}</span>&nbsp;&nbsp;&nbsp;&nbsp;&nbsp;&nbsp;&nbsp;&nbsp;","If [the seller] lacks sufficient means to recover it, what was sold shall remain with the purchaser until the jubilee; in the jubilee year it shall be released, so that they return to their holding.",Ninguno
Leviticus,25,29,ואיש כיימכר ביתמושב עיר חומה והיתה גאלתו עדתם שנת ממכרו ימים תהיה גאלתו,Regarding anyone who sells a dwelling house in a walled city: It may be redeemed until a year has elapsed since its sale; the redemption period shall be a year.,Ninguno
Leviticus,25,30,"ואם לאיגאל עדמלאת לו שנה תמימה וקם הבית אשרבעיר אשר<span class=""mam-kq""><span class=""mam-kq-q"">[לו]</span> <span class=""mam-kq-k"">(לא)</span></span> חמה לצמיתת לקנה אתו לדרתיו לא יצא ביבל","If it is not redeemed before a full year has elapsed, the house in the walled city shall pass to the purchaser beyond reclaim throughout the ages; it shall not be released in the jubilee. ",Ninguno
Leviticus,25,31,ובתי החצרים אשר איןלהם חמה סביב עלשדה הארץ יחשב גאלה תהיהלו וביבל יצא,"But houses in villages that have no encircling walls shall be classed as open country: they may be redeemed, and they shall be released through the jubilee. ",Ninguno
Leviticus,25,32,וערי הלוים בתי ערי אחזתם גאלת עולם תהיה ללוים,"As for the cities of Levi, the houses in the cities it holds: Levi shall forever have the right of redemption. ",Ninguno
Leviticus,25,33,ואשר יגאל מןהלוים ויצא ממכרבית ועיר אחזתו ביבל כי בתי ערי הלוים הוא אחזתם בתוך בני ישראל,fMeaning of first half of verse uncertain. Such property as may be redeemed from Levi—houses sold in a city it holds—shall be released through the jubilee; for the houses in the cities of Levi are its holding among the Israelites. ,Ninguno
Leviticus,25,34,"ושדה מגרש עריהם לא ימכר כיאחזת עולם הוא להם&nbsp;<span class=""mam-spi-samekh"">{ס}</span>&nbsp;&nbsp;&nbsp;&nbsp;&nbsp;&nbsp;&nbsp;&nbsp;","But the unenclosed land about its cities cannot be sold, for that is its holding for all time.",Ninguno
Leviticus,25,35,וכיימוך אחיך ומטה ידו עמך והחזקת בו גר ותושב וחי עמך,"If your kin, being in straits, come under your authority, and are held by you as though resident aliens, let them live by your side: ",Ninguno
Leviticus,25,36,אלתקח מאתו נשך ותרבית ויראת מאלהיך וחי אחיך עמך,"do not exact advance or accrued interest,gadvance or accrued interest I.e., interest deducted in advance, or interest added at the time of repayment. but fear your God. Let your kin live by your side as such. ",Ninguno
Leviticus,25,37,אתכספך לאתתן לו בנשך ובמרבית לאתתן אכלך,"Do not lend your money at advance interest, nor give your food at accrued interest. ",Ninguno
Leviticus,25,38,"אני יהוה אלהיכם אשרהוצאתי אתכם מארץ מצרים לתת לכם אתארץ כנען להיות לכם לאלהים&nbsp;<span class=""mam-spi-samekh"">{ס}</span>&nbsp;&nbsp;&nbsp;&nbsp;&nbsp;&nbsp;&nbsp;&nbsp;","I am the ETERNAL your God, who brought you out of the land of Egypt, to give you the land of Canaan, to be your God.",Ninguno
Leviticus,25,39,וכיימוך אחיך עמך ונמכרלך לאתעבד בו עבדת עבד,"If your kin under you continue in straits and must be given over to you, do not subject them to the treatment of a slave. ",Ninguno
Leviticus,25,40,כשכיר כתושב יהיה עמך עדשנת היבל יעבד עמך,"Remaining with you as a hired or bound laborer, they shall serve with you only until the jubilee year. ",Ninguno
Leviticus,25,41,ויצא מעמך הוא ובניו עמו ושב אלמשפחתו ואלאחזת אבתיו ישוב,"Then they, along with any children, shall be free of your authority; they shall go back to their family and return to the ancestral holding.— ",Ninguno
Leviticus,25,42,כיעבדי הם אשרהוצאתי אתם מארץ מצרים לא ימכרו ממכרת עבד,"For they are My servants, whom I freed from the land of Egypt; they may not give themselves over into servitude.— ",Ninguno
Leviticus,25,43,לאתרדה בו בפרך ויראת מאלהיך,You shall not rule over them ruthlessly; you shall fear your God.,Ninguno
Leviticus,25,44,ועבדך ואמתך אשר יהיולך מאת הגוים אשר סביבתיכם מהם תקנו עבד ואמה,Such male and female slaves as you may have—it is from the nations round about you that you may acquire male and female slaves.,Ninguno
Leviticus,25,45,וגם מבני התושבים הגרים עמכם מהם תקנו וממשפחתם אשר עמכם אשר הולידו בארצכם והיו לכם לאחזה,"You may also buy them from among the children of the resident aliens among you, or from their families that are among you, whom they begot in your land. These shall become your property: ",Ninguno
Leviticus,25,46,"והתנחלתם אתם לבניכם אחריכם לרשת אחזה לעלם בהם תעבדו ובאחיכם בניישראל איש באחיו לאתרדה בו בפרך&nbsp;<span class=""mam-spi-samekh"">{ס}</span>&nbsp;&nbsp;&nbsp;&nbsp;&nbsp;&nbsp;&nbsp;&nbsp;","you may keep them as a possession for your children after you, for them to inherit as property for all time. Such you may treat as slaves. But as for your Israelite kin, no one shall rule ruthlessly over another.",Ninguno
Leviticus,25,47,וכי תשיג יד גר ותושב עמך ומך אחיך עמו ונמכר לגר תושב עמך או לעקר משפחת גר,"If a resident alien among you has prospered, and your kin, being in straits, comes under that one’s authority and is given over to the resident alien among you, or to an offshoot of an alien’s family, ",Ninguno
Leviticus,25,48,אחרי נמכר גאלה תהיהלו אחד מאחיו יגאלנו,"[your kin] shall have the right of redemption even afterward. [Typically,] a brother shall do the redeeming, ",Ninguno
Leviticus,25,49,אודדו או בןדדו יגאלנו אומשאר בשרו ממשפחתו יגאלנו אוהשיגה ידו ונגאל,"or an uncle or an uncle’s son shall do the redeeming—anyone in the family who is of the same flesh shall do the redeeming; or, having prospered, [your formerly impoverished kin] may do the redeeming. ",Ninguno
Leviticus,25,50,וחשב עםקנהו משנת המכרו לו עד שנת היבל והיה כסף ממכרו במספר שנים כימי שכיר יהיה עמו,"The total shall be computed with the purchaser as from the year of being given over to the other until the jubilee year; the price of sale shall be applied to the number of years, as though it were for a term as a hired laborer under the other’s authority. ",Ninguno
Leviticus,25,51,אםעוד רבות בשנים לפיהן ישיב גאלתו מכסף מקנתו,"If many years remain, [your kin] shall pay back for the redemption in proportion to the purchase price; ",Ninguno
Leviticus,25,52,ואםמעט נשאר בשנים עדשנת היבל וחשבלו כפי שניו ישיב אתגאלתו,"and if few years remain until the jubilee year, so shall it be computed: payment shall be made for the redemption according to the years involved. ",Ninguno
Leviticus,25,53,כשכיר שנה בשנה יהיה עמו לאירדנו בפרך לעיניך,One shall be under the other’s authority as a laborer hired by the year; the other shall not rule ruthlessly in your sight.,Ninguno
Leviticus,25,54,ואםלא יגאל באלה ויצא בשנת היבל הוא ובניו עמו,"If not redeemed in any of those ways, [your kin], along with any children, shall go free in the jubilee year. ",Ninguno
Leviticus,25,55,כילי בניישראל עבדים עבדי הם אשרהוצאתי אותם מארץ מצרים אני יהוה אלהיכם,"For it is to Me that the Israelites are servants: they are My servants, whom I freed from the land of Egypt—I, the ETERNAL, your God.",Ninguno
Leviticus,26,1,לאתעשו לכם אלילם ופסל ומצבה לאתקימו לכם ואבן משכית לא תתנו בארצכם להשתחות עליה כי אני יהוה אלהיכם,"You shall not make idols for yourselves, or set up for yourselves carved images or pillars, or place figuredafigured Meaning of Heb. maskith uncertain; cf. Num. 33.52. stones in your land to worship upon, for I the ETERNAL am your God. ",Ninguno
Leviticus,26,2,"אתשבתתי תשמרו ומקדשי תיראו אני יהוה&nbsp;<span class=""mam-spi-pe"">{פ}</span><br>","You shall keep My sabbaths and venerate My sanctuary, Mine, GOD’s.",Ninguno
Leviticus,26,3,אםבחקתי תלכו ואתמצותי תשמרו ועשיתם אתם,"If you follow My laws and faithfully observe My commandments, ",Ninguno
Leviticus,26,4,ונתתי גשמיכם בעתם ונתנה הארץ יבולה ועץ השדה יתן פריו,"I will grant your rains in their season, so that the earth shall yield its produce and the trees of the field their fruit. ",Ninguno
Leviticus,26,5,והשיג לכם דיש אתבציר ובציר ישיג אתזרע ואכלתם לחמכם לשבע וישבתם לבטח בארצכם,"Your threshing shall overtake the vintage, and your vintage shall overtake the sowing; you shall eat your fill of bread and dwell securely in your land.",Ninguno
Leviticus,26,6,ונתתי שלום בארץ ושכבתם ואין מחריד והשבתי חיה רעה מןהארץ וחרב לאתעבר בארצכם,"I will grant peace in the land, and you shall lie down untroubled by anyone; I will give the land respite from vicious beasts, and no sword shall cross your land. ",Ninguno
Leviticus,26,7,ורדפתם אתאיביכם ונפלו לפניכם לחרב,"YoubYou Addressing the militia, as acting on the nation’s behalf. shall give chase to your enemies, and they shall fall before you by the sword. ",Ninguno
Leviticus,26,8,ורדפו מכם חמשה מאה ומאה מכם רבבה ירדפו ונפלו איביכם לפניכם לחרב,"Five of you shall give chase to a hundred, and a hundred of you shall give chase to ten thousand; your enemies shall fall before you by the sword.",Ninguno
Leviticus,26,9,ופניתי אליכם והפריתי אתכם והרביתי אתכם והקימתי אתבריתי אתכם,"I will look with favor upon you, and make you fertile and multiply you; and I will maintain My covenant with you. ",Ninguno
Leviticus,26,10,ואכלתם ישן נושן וישן מפני חדש תוציאו,"You shall eat old grain long stored, and you shall have to clear out the old to make room for the new.",Ninguno
Leviticus,26,11,ונתתי משכני בתוככם ולאתגעל נפשי אתכם,"I will establish My abode in your midst, and I will not spurn you. ",Ninguno
Leviticus,26,12,והתהלכתי בתוככם והייתי לכם לאלהים ואתם תהיולי לעם,"I will be ever present in your midst: I will be your God, and you shall be My people. ",Ninguno
Leviticus,26,13,"אני יהוה אלהיכם אשר הוצאתי אתכם מארץ מצרים מהית להם עבדים ואשבר מטת עלכם ואולך אתכם קוממיות&nbsp;<span class=""mam-spi-pe"">{פ}</span><br>","I the ETERNAL am your God, who brought you out from the land of the Egyptians to be their slaves no more, who broke the bars of your yoke and made you walk erect.",Ninguno
Leviticus,26,14,ואםלא תשמעו לי ולא תעשו את כלהמצות האלה,"But if you do not obey Me and do not observe all these commandments, ",Ninguno
Leviticus,26,15,ואםבחקתי תמאסו ואם אתמשפטי תגעל נפשכם לבלתי עשות אתכלמצותי להפרכם אתבריתי,"if you reject My laws and spurn My rules, so that you do not observe all My commandments and you break My covenant, ",Ninguno
Leviticus,26,16,אףאני אעשהזאת לכם והפקדתי עליכם בהלה אתהשחפת ואתהקדחת מכלות עינים ומדיבת נפש וזרעתם לריק זרעכם ואכלהו איביכם,"I in turn will do this to you: I will wreak misery upon you—consumption and fever,cconsumption and fever Precise nature of these ills is uncertain. which cause the eyes to pine and the body to languish; you shall sow your seed to no purpose, for your enemies shall eat it. ",Ninguno
Leviticus,26,17,ונתתי פני בכם ונגפתם לפני איביכם ורדו בכם שנאיכם ונסתם ואיןרדף אתכם,"I will set My face against you: you shall be routed by your enemies, and your foes shall dominate you. You shall flee though none pursues.",Ninguno
Leviticus,26,18,ואםעדאלה לא תשמעו לי ויספתי ליסרה אתכם שבע עלחטאתיכם,"And if, for all that, you do not obey Me, I will go on to discipline you sevenfold for your sins, ",Ninguno
Leviticus,26,19,ושברתי אתגאון עזכם ונתתי אתשמיכם כברזל ואתארצכם כנחשה,"and I will break your proud glory. I will make your skies like iron and your earth like copper, ",Ninguno
Leviticus,26,20,ותם לריק כחכם ולאתתן ארצכם אתיבולה ועץ הארץ לא יתן פריו,"so that your strength shall be spent to no purpose. Your land shall not yield its produce, nor shall the trees of the land yield their fruit.",Ninguno
Leviticus,26,21,ואםתלכו עמי קרי ולא תאבו לשמע לי ויספתי עליכם מכה שבע כחטאתיכם,"And if you remain hostile toward Me and refuse to obey Me, I will go on smiting you sevenfold for your sins. ",Ninguno
Leviticus,26,22,והשלחתי בכם אתחית השדה ושכלה אתכם והכריתה אתבהמתכם והמעיטה אתכם ונשמו דרכיכם,"I will loose wild beasts against you, and they shall bereave you of your children and wipe out your cattle. They shall decimate you, and your roads shall be deserted.",Ninguno
Leviticus,26,23,ואםבאלה לא תוסרו לי והלכתם עמי קרי,"And if these things fail to discipline you for Me, and you remain hostile to Me, ",Ninguno
Leviticus,26,24,והלכתי אףאני עמכם בקרי והכיתי אתכם גםאני שבע עלחטאתיכם,I too will remain hostile to you: I in turn will smite you sevenfold for your sins.,Ninguno
Leviticus,26,25,והבאתי עליכם חרב נקמת נקםברית ונאספתם אלעריכם ושלחתי דבר בתוככם ונתתם בידאויב,"I will bring a sword against you to wreak vengeance for the covenant; and if you withdraw into your cities, I will send pestilence among you, and you shall be delivered into enemy hands. ",Ninguno
Leviticus,26,26,"בשברי לכם מטהלחם ואפו עשר נשים לחמכם בתנור אחד והשיבו לחמכם במשקל ואכלתם ולא תשבעו&nbsp;<span class=""mam-spi-samekh"">{ס}</span>&nbsp;&nbsp;&nbsp;&nbsp;&nbsp;&nbsp;&nbsp;&nbsp;","When I break your staff of bread, ten women shall bake your bread in a single oven; they shall dole out your bread by weight, and though you eat, you shall not be satisfied.",Ninguno
Leviticus,26,27,ואםבזאת לא תשמעו לי והלכתם עמי בקרי,"But if, despite this, you disobey Me and remain hostile to Me, ",Ninguno
Leviticus,26,28,והלכתי עמכם בחמתקרי ויסרתי אתכם אףאני שבע עלחטאתיכם,"I will act against you in wrathful hostility; I, for My part, will discipline you sevenfold for your sins. ",Ninguno
Leviticus,26,29,ואכלתם בשר בניכם ובשר בנתיכם תאכלו,You shall eat the flesh of your sons and the flesh of your daughters.,Ninguno
Leviticus,26,30,והשמדתי אתבמתיכם והכרתי אתחמניכם ונתתי אתפגריכם עלפגרי גלוליכם וגעלה נפשי אתכם,"I will destroy your cult places and cut down your incense stands, and I will heap your carcasses upon your lifeless fetishes.I will spurn you. ",Ninguno
Leviticus,26,31,ונתתי אתעריכם חרבה והשמותי אתמקדשיכם ולא אריח בריח ניחחכם,"I will lay your cities in ruin and make your sanctuaries desolate, and I will not savor your pleasing odors. ",Ninguno
Leviticus,26,32,והשמתי אני אתהארץ ושממו עליה איביכם הישבים בה,"I will make the land desolate, so that your enemies who settle in it shall be appalled by it. ",Ninguno
Leviticus,26,33,ואתכם אזרה בגוים והריקתי אחריכם חרב והיתה ארצכם שממה ועריכם יהיו חרבה,"And you I will scatter among the nations, and I will unsheath the sword against you. Your land shall become a desolation and your cities a ruin.",Ninguno
Leviticus,26,34,אז תרצה הארץ אתשבתתיה כל ימי השמה ואתם בארץ איביכם אז תשבת הארץ והרצת אתשבתתיה,Then shall the land make up for its sabbath years throughout the time that it is desolate and you are in the land of your enemies; then shall the land rest and make up for its sabbath years.,Ninguno
Leviticus,26,35,כלימי השמה תשבת את אשר לאשבתה בשבתתיכם בשבתכם עליה,"Throughout the time that it is desolate, it shall observe the rest that it did not observe in your sabbath years while you were dwelling upon it. ",Ninguno
Leviticus,26,36,והנשארים בכם והבאתי מרך בלבבם בארצת איביהם ורדף אתם קול עלה נדף ונסו מנסתחרב ונפלו ואין רדף,"As for those of you who survive, I will cast a faintness into their hearts in the land of their enemies. The sound of a driven leaf shall put them to flight. Fleeing as though from the sword, they shall fall though none pursues. ",Ninguno
Leviticus,26,37,וכשלו אישבאחיו כמפניחרב ורדף אין ולאתהיה לכם תקומה לפני איביכם,"With no one pursuing, they shall stumble over one another as before the sword. You shall not be able to stand your ground before your enemies, ",Ninguno
Leviticus,26,38,ואבדתם בגוים ואכלה אתכם ארץ איביכם,but shall perish among the nations; and the land of your enemies shall consume you.,Ninguno
Leviticus,26,39,והנשארים בכם ימקו בעונם בארצת איביכם ואף בעונת אבתם אתם ימקו,"Those of you who survive shall be heartsick over their iniquity in the land of your enemies; more, they shall be heartsick over the iniquities of their forebears; ",Ninguno
Leviticus,26,40,והתודו אתעונם ואתעון אבתם במעלם אשר מעלובי ואף אשרהלכו עמי בקרי,"and they shall confess their iniquity and the iniquity of their forebears, in that they trespassed against Me, yea, were hostile to Me. ",Ninguno
Leviticus,26,41,אףאני אלך עמם בקרי והבאתי אתם בארץ איביהם אואז יכנע לבבם הערל ואז ירצו אתעונם,"When I, in turn, have been hostile to them and have removed them into the land of their enemies, then at last shall their obduratedobdurate In contrast to others “uncircumcised”; lit. “blocked.” heart humble itself, and they shall atone for their iniquity. ",Ninguno
Leviticus,26,42,וזכרתי אתבריתי יעקוב ואף אתבריתי יצחק ואף אתבריתי אברהם אזכר והארץ אזכר,"Then will I remember My covenant with Jacob; I will remember also My covenant with Isaac, and also My covenant with Abraham; and I will remember the land.",Ninguno
Leviticus,26,43,והארץ תעזב מהם ותרץ אתשבתתיה בהשמה מהם והם ירצו אתעונם יען וביען במשפטי מאסו ואתחקתי געלה נפשם,"For the land shall be forsaken of them, making up for its sabbath years by being desolate of them, while they atone for their iniquity; for the abundant reason that they rejected My rules and spurned My laws. ",Ninguno
Leviticus,26,44,ואףגםזאת בהיותם בארץ איביהם לאמאסתים ולאגעלתים לכלתם להפר בריתי אתם כי אני יהוה אלהיהם,"Yet, even then, when they are in the land of their enemies, I will not reject them or spurn them so as to destroy them, annulling My covenant with them: for I the ETERNAL am their God. ",Ninguno
Leviticus,26,45,וזכרתי להם ברית ראשנים אשר הוצאתיאתם מארץ מצרים לעיני הגוים להיות להם לאלהים אני יהוה,"I will remember in their favor the covenant with the ancients, whom I freed from the land of Egypt in the sight of the nations to be their God: I, the ETERNAL.",Ninguno
Leviticus,26,46,"אלה החקים והמשפטים והתורת אשר נתן יהוה בינו ובין בני ישראל בהר סיני בידמשה&nbsp;<span class=""mam-spi-pe"">{פ}</span><br>","These are the laws, rules, and instructions that GOD established, through Moses on Mount Sinai, with the Israelite people.",Separación (Beyn)
Leviticus,27,1,וידבר יהוה אלמשה לאמר,"GOD spoke to Moses, saying:",Ninguno
Leviticus,27,2,דבר אלבני ישראל ואמרת אלהם איש כי יפלא נדר בערכך נפשת ליהוה,"Speak to the Israelite people and say to them: When anyone explicitlyaexplicitly Cf. note at 22.21. vows to GOD the equivalent for a human being, ",Ninguno
Leviticus,27,3,והיה ערכך הזכר מבן עשרים שנה ועד בןששים שנה והיה ערכך חמשים שקל כסף בשקל הקדש,"the following scale shall apply: If it is a male from twenty to sixty years of age, the equivalent is fifty shekels of silver by the sanctuary weight; ",Ninguno
Leviticus,27,4,ואםנקבה הוא והיה ערכך שלשים שקל,"if it is a female, the equivalent is thirty shekels. ",Ninguno
Leviticus,27,5,ואם מבןחמש שנים ועד בןעשרים שנה והיה ערכך הזכר עשרים שקלים ולנקבה עשרת שקלים,"If the age is from five years to twenty years, the equivalent is twenty shekels for a male and ten shekels for a female. ",Ninguno
Leviticus,27,6,ואם מבןחדש ועד בןחמש שנים והיה ערכך הזכר חמשה שקלים כסף ולנקבה ערכך שלשת שקלים כסף,"If the age is from one month to five years, the equivalent for a male is five shekels of silver, and the equivalent for a female is three shekels of silver. ",Ninguno
Leviticus,27,7,ואם מבןששים שנה ומעלה אםזכר והיה ערכך חמשה עשר שקל ולנקבה עשרה שקלים,"If the age is sixty years or over, the equivalent is fifteen shekels in the case of a male and ten shekels for a female. ",Ninguno
Leviticus,27,8,"ואםמך הוא מערכך והעמידו לפני הכהן והעריך אתו הכהן עלפי אשר תשיג יד הנדר יעריכנו הכהן&nbsp;<span class=""mam-spi-samekh"">{ס}</span>&nbsp;&nbsp;&nbsp;&nbsp;&nbsp;&nbsp;&nbsp;&nbsp;","But if someone cannot afford the equivalent, they shall be presented before the priest, and the priest shall make an assessment; the priest shall make the assessment according to what the vower can afford.",Ninguno
Leviticus,27,9,ואםבהמה אשר יקריבו ממנה קרבן ליהוה כל אשר יתן ממנו ליהוה יהיהקדש,"If [the vow concerns] any animal that may be brought as an offering to GOD, any such that may be given to GOD shall be holy. ",Ninguno
Leviticus,27,10,לא יחליפנו ולאימיר אתו טוב ברע אורע בטוב ואםהמר ימיר בהמה בבהמה והיההוא ותמורתו יהיהקדש,"One may not exchange or substitute another for it, either good for bad, or bad for good; if one does substitute one animal for another, the thing vowed and its substitute shall both be holy. ",Ninguno
Leviticus,27,11,ואם כלבהמה טמאה אשר לאיקריבו ממנה קרבן ליהוה והעמיד אתהבהמה לפני הכהן,"If [the vow concerns] any impure animal that may not be brought as an offering to GOD, the animal shall be presented before the priest, ",Ninguno
Leviticus,27,12,והעריך הכהן אתה בין טוב ובין רע כערכך הכהן כן יהיה,"and the priest shall assess it. Whether high or low,bhigh or low Lit. “good or bad.” whatever assessment is set by the priest shall stand; ",Separación (Beyn)
Leviticus,27,13,ואםגאל יגאלנה ויסף חמישתו עלערכך,"and if one wishes to redeem it, one-fifth must be added to its assessment.",Ninguno
Leviticus,27,14,ואיש כייקדש אתביתו קדש ליהוה והעריכו הכהן בין טוב ובין רע כאשר יעריך אתו הכהן כן יקום,"Regarding anyone who consecrates a house to GOD: The priest shall assess it. Whether high or low,chigh or low See note at v. 12. as the priest assesses it, so it shall stand; ",Separación (Beyn)
Leviticus,27,15,ואםהמקדיש יגאל אתביתו ויסף חמישית כסףערכך עליו והיה לו,"and if the one who has consecrated the house wishes to redeem it, one-fifth must be added to the sum at which it was assessed, and then it shall be returned.",Ninguno
Leviticus,27,16,ואם&thinsp;<b></b> משדה אחזתו יקדיש איש ליהוה והיה ערכך לפי זרעו זרע חמר שערים בחמשים שקל כסף,"If anyone consecrates to GOD a land-holding, its assessment shall be in accordance with its seed requirement: fifty shekels of silver to a ḥomer of barley seed. ",Ninguno
Leviticus,27,17,אםמשנת היבל יקדיש שדהו כערכך יקום,"If the land is consecrated as of the jubilee year, its assessment stands. ",Ninguno
Leviticus,27,18,ואםאחר היבל יקדיש שדהו וחשבלו הכהן אתהכסף עלפי השנים הנותרת עד שנת היבל ונגרע מערכך,"But if the land is consecrated after the jubilee, the priest shall compute the price according to the years that are left until the jubilee year, and its assessment shall be so reduced; ",Ninguno
Leviticus,27,19,ואםגאל יגאל אתהשדה המקדיש אתו ויסף חמשית כסףערכך עליו וקם לו,"and if the one who consecrated the land wishes to redeem it, one-fifth must be added to the sum at which it was assessed, and it shall be passed back. ",Ninguno
Leviticus,27,20,ואםלא יגאל אתהשדה ואםמכר אתהשדה לאיש אחר לא יגאל עוד,"But if the one [who consecrated it] did not redeem the land, and the land was sold to another party, it shall no longer be redeemable: ",Ninguno
Leviticus,27,21,והיה השדה בצאתו ביבל קדש ליהוה כשדה החרם לכהן תהיה אחזתו,"when it is released in the jubilee, the land shall be holy to GOD, as land proscribed; it becomes the priest’s holding.",Ninguno
Leviticus,27,22,ואם אתשדה מקנתו אשר לא משדה אחזתו יקדיש ליהוה,"If one consecrates to GOD land that was purchased, which is not one’s land-holding, ",Ninguno
Leviticus,27,23,וחשבלו הכהן את מכסת הערכך עד שנת היבל ונתן אתהערכך ביום ההוא קדש ליהוה,"the priest shall compute the proportionate assessment up to the jubilee year, and the assessment shall be paid as of that day, a sacred donation to GOD. ",Ninguno
Leviticus,27,24,בשנת היובל ישוב השדה לאשר קנהו מאתו לאשרלו אחזת הארץ,"In the jubilee year the land shall revert to the one from whom it was bought, whose holding the land is. ",Ninguno
Leviticus,27,25,וכלערכך יהיה בשקל הקדש עשרים גרה יהיה השקל,"All assessments shall be by the sanctuary weight, the shekel being twenty gerahs.",Ninguno
Leviticus,27,26,אךבכור אשריבכר ליהוה בבהמה לאיקדיש איש אתו אםשור אםשה ליהוה הוא,"A firstling of animals, however, which—as a firstling—is GOD’s, cannot be consecrated by anybody; whether ox or sheep, it is GOD’s. ",Ninguno
Leviticus,27,27,ואם בבהמה הטמאה ופדה בערכך ויסף חמשתו עליו ואםלא יגאל ונמכר בערכך,"But if it is of impure animals, it may be ransomed at its assessment, with one-fifth added; if it is not redeemed, it shall be sold at its assessment.",Ninguno
Leviticus,27,28,אךכלחרם אשר יחרם איש ליהוה מכלאשרלו מאדם ובהמה ומשדה אחזתו לא ימכר ולא יגאל כלחרם קדשקדשים הוא ליהוה,"But of all that anyone owns, be it human or animal or land-holding, nothing that has been proscribed for GOD may be sold or redeemed; every proscribed thing is totally consecrated to GOD. ",Ninguno
Leviticus,27,29,כלחרם אשר יחרם מןהאדם לא יפדה מות יומת,No human being who has been proscribed can be ransomed: they shall be put to death.,Ninguno
Leviticus,27,30,וכלמעשר הארץ מזרע הארץ מפרי העץ ליהוה הוא קדש ליהוה,"All tithes from the land, whether seed from the ground or fruit from the tree, are GOD’s; they are holy to GOD. ",Ninguno
Leviticus,27,31,ואםגאל יגאל איש ממעשרו חמשיתו יסף עליו,"If someone wishes to redeem any of their tithes, one-fifth must be added to them. ",Ninguno
Leviticus,27,32,וכלמעשר בקר וצאן כל אשריעבר תחת השבט העשירי יהיהקדש ליהוה,"All tithes of the herd or flock—of all that passes under the shepherd’s staff, every tenth one—shall be holy to GOD. ",Ninguno
Leviticus,27,33,לא יבקר ביןטוב לרע ולא ימירנו ואםהמר ימירנו והיההוא ותמורתו יהיהקדש לא יגאל,"One must not look out for good as against bad, or make substitution for it. If one does make substitution for it, then it and its substitute shall both be holy: it cannot be redeemed.",Separación (Beyn)
Leviticus,27,34,אלה המצות אשר צוה יהוה אתמשה אלבני ישראל בהר סיני,These are the commandments that GOD gave Moses for the Israelite people on Mount Sinai.,Ninguno
