Libro,Capitulo,Versiculo,Hebreo_Limpio,Traduccion,Conceptos_Matriz
II_Chronicles,1,1,ויתחזק שלמה בןדויד עלמלכותו ויהוה אלהיו עמו ויגדלהו למעלה,"Solomon son of David took firm hold of his kingdom, for the ETERNAL his God was with him and made him exceedingly great. ",Ninguno
II_Chronicles,1,2,ויאמר שלמה לכלישראל לשרי האלפים והמאות ולשפטים ולכל נשיא לכלישראל ראשי האבות,"Solomon summoned all Israel—the officers of thousands and of hundreds, and the judges, and all the chiefs of all Israel, the heads of the clans. ",Ninguno
II_Chronicles,1,3,וילכו שלמה וכלהקהל עמו לבמה אשר בגבעון כישם היה אהל מועד האלהים אשר עשה משה עבדיהוה במדבר,"aCf. 1 Kings 3.4–15. Then Solomon, and all the assemblage with him, went to the shrine at Gibeon, for the Tent of Meeting, which Moses the servant of GOD had made in the wilderness, was there. ",Ninguno
II_Chronicles,1,4,אבל ארון האלהים העלה דויד מקרית יערים בהכין לו דויד כי נטהלו אהל בירושל͏ם,(But the Ark of God David had brought up from Kiriath-jearim to the place that David had prepared for it; for he had pitched a tent for it in Jerusalem.),Ninguno
II_Chronicles,1,5,ומזבח הנחשת אשר עשה בצלאל בןאורי בןחור שם לפני משכן יהוה וידרשהו שלמה והקהל,"The bronze altar, which Bezalel son of Uri son of Hur had made, was also there before the Tabernacle of GOD, and Solomon and the assemblage resorted to it. ",Ninguno
II_Chronicles,1,6,ויעל שלמה שם עלמזבח הנחשת לפני יהוה אשר לאהל מועד ויעל עליו עלות אלף,"There Solomon ascended the bronze altar before GOD, which was at the Tent of Meeting, and on it sacrificed a thousand burnt offerings.",Ninguno
II_Chronicles,1,7,בלילה ההוא נראה אלהים לשלמה ויאמר לו שאל מה אתןלך,"That night, God appeared tobappeared to Or “made contact with.” Solomon and said to him, “Ask, what shall I grant you?” ",Ninguno
II_Chronicles,1,8,ויאמר שלמה לאלהים אתה עשית עםדויד אבי חסד גדול והמלכתני תחתיו,"Solomon said to God, “You dealt most graciously with my father David, and now You have made me king in his stead. ",Ninguno
II_Chronicles,1,9,עתה יהוה אלהים יאמן דברך עם דויד אבי כי אתה המלכתני עלעם רב כעפר הארץ,"Now, O ETERNAL God, let Your promise to my father David be fulfilled; for You have made me king over a people as numerous as the dust of the earth. ",Ninguno
II_Chronicles,1,10,"עתה חכמה ומדע תןלי ואצאה לפני העםהזה ואבואה כימי ישפט אתעמך הזה הגדול&nbsp;<span class=""mam-spi-samekh"">{ס}</span>&nbsp;&nbsp;&nbsp;&nbsp;&nbsp;&nbsp;&nbsp;&nbsp;","Grant me then the wisdom and the knowledge to lead this people,cto lead this people Lit. “that I may go out before this people and come in.” for who can govern Your great people?” ",Ninguno
II_Chronicles,1,11,ויאמר אלהים&thinsp;<small></small>&thinsp;לשלמה יען אשר היתה זאת עםלבבך ולאשאלת עשר נכסים וכבוד ואת נפש שנאיך וגםימים רבים לא שאלת ותשאללך חכמה ומדע אשר תשפוט אתעמי אשר המלכתיך עליו,"God said to Solomon, “Because you want this, and have not asked for wealth, property, and glory, nor have you asked for the life of your enemy, or long life for yourself, but you have asked for the wisdom and the knowledge to be able to govern My people over whom I have made you king, ",Ninguno
II_Chronicles,1,12,החכמה והמדע נתון לך ועשר ונכסים וכבוד אתןלך אשר&thinsp;<b></b> לאהיה כן למלכים אשר לפניך ואחריך לא יהיהכן,"wisdom and knowledge are granted to you, and I grant you also wealth, property, and glory, the like of which no king before you has had, nor shall any after you have.” ",Ninguno
II_Chronicles,1,13,"ויבא שלמה לבמה אשרבגבעון ירושל͏ם מלפני אהל מועד וימלך עלישראל&nbsp;<span class=""mam-spi-pe"">{פ}</span><br>","From the shrine at Gibeon, from the Tent of Meeting, Solomon went to Jerusalem and reigned over Israel.",Ninguno
II_Chronicles,1,14,ויאסף שלמה רכב ופרשים ויהילו אלף וארבעמאות רכב ושניםעשר אלף פרשים ויניחם בערי הרכב ועםהמלך בירושל͏ם,"dCf. 1 Kings 10.26–29. Solomon assembled chariots and horses; he had 1,400 chariots and 12,000 horses that he stationed in the chariot towns and with the king in Jerusalem. ",Ninguno
II_Chronicles,1,15,ויתן המלך אתהכסף ואתהזהב בירושל͏ם כאבנים ואת הארזים נתן כשקמים אשרבשפלה לרב,"The king made silver and gold as plentiful in Jerusalem as stones, and cedars as plentiful as the sycamores in the Shephelah. ",Ninguno
II_Chronicles,1,16,ומוצא הסוסים אשר לשלמה ממצרים ומקוא סחרי המלך מקוא יקחו במחיר,Solomon’s horses were imported from Egypt and from Que; the king’s traders would buy them from Que at the market price.,Ninguno
II_Chronicles,1,17,ויעלו ויוציאו ממצרים מרכבה בשש מאות כסף וסוס בחמשים ומאה וכן לכלמלכי החתים ומלכי ארם בידם יוציאו,"A chariot imported from Egypt cost 600 shekels of silver, and a horse 150. These in turn were exported by themethem That is, Solomon’s dealers. to all the kings of the Hittites and the kings of the Arameans.",Ninguno
II_Chronicles,1,18,ויאמר שלמה לבנות בית לשם יהוה ובית למלכותו,Then Solomon resolved to build a House for GOD’s name and a royal palace for himself.,Ninguno
II_Chronicles,2,1,"ויספר שלמה שבעים אלף איש סבל ושמונים אלף איש חצב בהר ומנצחים עליהם שלשת אלפים ושש מאות&nbsp;<span class=""mam-spi-pe"">{פ}</span><br>","aCf. 1 Kings 5.15–30. Solomon mustered 70,000 basket carriers and 80,000 quarriers in the hills, with 3,600 supervisors. ",Ninguno
II_Chronicles,2,2,וישלח שלמה אלחורם מלךצר לאמר כאשר עשית עםדויד אבי ותשלחלו ארזים לבנותלו בית לשבת בו,"Solomon sent this message to King Huram of Tyre, “In view of what you did for my father David in sending him cedars to build a palace for his residence— ",Ninguno
II_Chronicles,2,3,הנה אני בונהבית לשם&thinsp;<b></b> יהוה אלהי להקדיש לו להקטיר לפניו קטרתסמים ומערכת תמיד ועלות לבקר ולערב לשבתות ולחדשים ולמועדי יהוה אלהינו לעולם זאת עלישראל,"see, I intend to build a House for the name of the ETERNAL my God, to whom I will dedicate it and in whose honor I will make incense offering of sweet spices, regular rows of bread, and the morning and evening burnt offerings on sabbaths, new moons, and festivals, as is Israel’s eternal duty. ",Ninguno
II_Chronicles,2,4,והבית אשראני בונה גדול כיגדול אלהינו מכלהאלהים,"The House that I intend to build will be great, since our God is greater than all gods. ",Ninguno
II_Chronicles,2,5,ומי יעצרכח לבנותלו בית כי השמים ושמי השמים לא יכלכלהו ומי אני אשר אבנהלו בית כי אםלהקטיר לפניו,"Who indeed is capable of building such a House! Even the heavens to their uttermost reaches cannot contain [God], and who am I that I should build such a House—except as a place for making burnt offerings? ",Ninguno
II_Chronicles,2,6,ועתה שלחלי אישחכם לעשות בזהב ובכסף ובנחשת ובברזל ובארגון וכרמיל ותכלת וידע לפתח פתוחים עםהחכמים אשר עמי ביהודה ובירושל͏ם אשר הכין דויד אבי,"Now send me someone skillful to work in gold, silver, bronze, and iron, and in purple, crimson, and blue yarn, and who knows how to engrave, alongside the skilled workers I have here in Judah and in Jerusalem, whom my father David provided. ",Percepción (Yada)
II_Chronicles,2,7,ושלחלי עצי ארזים ברושים ואלגומים מהלבנון כי אני ידעתי אשר עבדיך יודעים לכרות עצי לבנון והנה עבדי עםעבדיך,"Send me cedars, cypress, and algum wood from the Lebanon, for I know that your servants are skilled at cutting the trees of Lebanon. My servants will work with yours ",Percepción (Yada)
II_Chronicles,2,8,ולהכין לי עצים לרב כי הבית אשראני בונה גדול והפלא,to provide me with a great stock of timber; for the House that I intend to build will be singularly great.,Ninguno
II_Chronicles,2,9,"והנה לחטבים לכרתי העצים נתתי חטים&thinsp;<small></small>&thinsp;מכות לעבדיך כרים עשרים אלף ושערים כרים עשרים אלף ויין בתים עשרים אלף ושמן בתים עשרים אלף&nbsp;<span class=""mam-spi-samekh"">{ס}</span>&nbsp;&nbsp;&nbsp;&nbsp;&nbsp;&nbsp;&nbsp;&nbsp;","I have allocated for your servants, the wood-cutters who fell the trees, 20,000 kors of crushed wheat and 20,000 kors of barley, 20,000 baths of wine and 20,000 baths of oil.”",Ninguno
II_Chronicles,2,10,ויאמר חורם מלךצר בכתב וישלח אלשלמה באהבת יהוה אתעמו נתנך עליהם מלך,"Huram, king of Tyre, sent Solomon this written message in reply, “Because GOD loved the people of Israel,bthe people of Israel Lit. “His people.” you were made king over them.”",Ninguno
II_Chronicles,2,11,ויאמר חורם ברוך יהוה אלהי ישראל אשר עשה אתהשמים ואתהארץ אשר נתן לדויד המלך בן חכם יודע שכל ובינה אשר יבנהבית ליהוה ובית למלכותו,"Huram continued, “Blessed is the ETERNAL, God of Israel, who made the heavens and the earth, who gave King David a wise son, endowed with intelligence and understanding, to build a House for the ETERNAL and a royal palace for himself. ",Ninguno
II_Chronicles,2,12,ועתה שלחתי אישחכם יודע בינה לחורם אבי,"Now I am sending you someone skillful and intelligent, my mastercmaster Lit. “father.” Huram, ",Ninguno
II_Chronicles,2,13,בןאשה מןבנות דן ואביו אישצרי יודע לעשות בזהבובכסף בנחשת בברזל באבנים ובעצים בארגמן בתכלת ובבוץ ובכרמיל ולפתח כלפתוח ולחשב כלמחשבת אשר ינתןלו עםחכמיך וחכמי אדני דויד אביך,"the son of a Danite woman, his father a Tyrian. He is skilled at working in gold, silver, bronze, iron, precious stones, and wood; in purple, blue, and crimson yarn and in fine linen; and at engraving and designing whatever will be required of him, alongside your skilled workers and those of my lord, your father David. ",Ninguno
II_Chronicles,2,14,ועתה החטים והשערים השמן והיין אשר אמר אדני ישלח לעבדיו,"As to the wheat, barley, oil, and wine that my lord mentioned, let him send them to his servants. ",Ninguno
II_Chronicles,2,15,"ואנחנו נכרת עצים מןהלבנון ככלצרכך ונביאם לך רפסדות עלים יפו ואתה תעלה אתם ירושל͏ם&nbsp;<span class=""mam-spi-pe"">{פ}</span><br>","We undertake to cut down as many trees of Lebanon as you need, and deliver them to you as rafts by sea to Jaffa; you will transport them to Jerusalem.”",Ninguno
II_Chronicles,2,16,ויספר שלמה כלהאנשים הגירים אשר בארץ ישראל אחרי הספר אשר ספרם דויד אביו וימצאו מאה וחמשים אלף ושלשת אלפים ושש מאות,"Solomon took a census of all the resident aliens in the land of Israel, besides the census taken by his father David, and they were found to be 153,600. ",Ninguno
II_Chronicles,2,17,ויעש מהם שבעים אלף סבל ושמנים אלף חצב בהר ושלשת אלפים ושש מאות מנצחים להעביד אתהעם,"He made 70,000 of them basket carriers, and 80,000 of them quarriers, with 3,600 supervisors to see that the people worked.",Ninguno
II_Chronicles,3,1,ויחל שלמה לבנות אתביתיהוה בירושל͏ם בהר המוריה אשר נראה לדויד אביהו אשר הכין במקום דויד בגרן ארנן היבוסי,"aCf. 1 Kings 6; 7.1–22. Then Solomon began to build the House of GOD in Jerusalem on Mount Moriah, where [GOD] had appeared tobappeared to Or “communicated with,” via the prophet Gad; see 1 Chron. 21.18. his father David, at the place that David had designated, at the threshing floor of Ornan the Jebusite. ",Ninguno
II_Chronicles,3,2,ויחל לבנות בחדש השני בשני בשנת ארבע למלכותו,He began to build on the second day of the second month of the fourth year of his reign.,Ninguno
II_Chronicles,3,3,ואלה הוסד שלמה לבנות אתבית האלהים הארך אמות במדה הראשונה אמות ששים ורחב אמות עשרים,"These were the dimensions Solomon established for building the House of God: its length in cubits, by the former measure, was 60, and its breadth was 20. ",Ninguno
II_Chronicles,3,4,והאולם אשר עלפני הארך עלפני רחבהבית אמות עשרים והגבה מאה ועשרים ויצפהו מפנימה זהב טהור,"The length of the porch in front [was equal] to the breadth of the House—20 cubits, and its height was 120. Inside he overlaid it with pure gold. ",Ninguno
II_Chronicles,3,5,ואת&thinsp;<b></b> הבית הגדול חפה עץ ברושים ויחפהו זהב טוב ויעל עליו תמרים ושרשרת,The House itself he paneled with cypress wood. He overlaid it with fine gold and embossed on it palms and chains.,Ninguno
II_Chronicles,3,6,ויצף אתהבית אבן יקרה לתפארת והזהב זהב פרוים,He studded the House with precious stones for decoration; the gold was from Parvaim.,Ninguno
II_Chronicles,3,7,"ויחף אתהבית הקרות הספים וקירותיו ודלתותיו זהב ופתח כרובים עלהקירות&nbsp;<span class=""mam-spi-samekh"">{ס}</span>&nbsp;&nbsp;&nbsp;&nbsp;&nbsp;&nbsp;&nbsp;&nbsp;","He overlaid the House with gold—the beams, the thresholds, its walls and doors; he carved cherubim on the walls. ",Ninguno
II_Chronicles,3,8,ויעש אתביתקדש הקדשים ארכו עלפני רחבהבית אמות עשרים ורחבו אמות עשרים ויחפהו זהב טוב לככרים שש מאות,"He made the Holy of Holies: its length was [equal to] the breadth of the house—20 cubits, and its breadth was 20 cubits. He overlaid it with 600 talents of fine gold. ",Ninguno
II_Chronicles,3,9,ומשקל למסמרות לשקלים חמשים זהב והעליות חפה זהב,The weight of the nails was 50 shekels of gold; the upper chambers he overlaid with gold.,Ninguno
II_Chronicles,3,10,ויעש בביתקדש הקדשים כרובים שנים מעשה צעצעים ויצפו אתם זהב,"He made two sculptured cherubim in the Holy of Holies, and they were overlaid with gold. ",Ninguno
II_Chronicles,3,11,וכנפי הכרובים ארכם אמות עשרים כנף האחד לאמות חמש מגעת לקיר הבית והכנף האחרת אמות חמש מגיע לכנף הכרוב האחר,"The outspread wings of the cherubim were 20 cubits across: one wing 5 cubits long touching one wall of the House, and the other wing 5 cubits long touching the wing of the other cherub; ",Ninguno
II_Chronicles,3,12,וכנף הכרוב האחד אמות חמש מגיע לקיר הבית והכנף האחרת אמות חמש דבקה לכנף הכרוב האחר,"one wing of the other [cherub] 5 cubits long extending to the other wall of the House, and its other wing 5 cubits long touching the wing of the first cherub. ",Ninguno
II_Chronicles,3,13,"כנפי הכרובים האלה פרשים אמות עשרים והם עמדים עלרגליהם ופניהם לבית&nbsp;<span class=""mam-spi-samekh"">{ס}</span>&nbsp;&nbsp;&nbsp;&nbsp;&nbsp;&nbsp;&nbsp;&nbsp;","The wingspread of these cherubim was thus 20 cubits across, and they were standing up facing the House. ",Ninguno
II_Chronicles,3,14,"ויעש אתהפרכת תכלת וארגמן וכרמיל ובוץ ויעל עליו כרובים&nbsp;<span class=""mam-spi-samekh"">{ס}</span>&nbsp;&nbsp;&nbsp;&nbsp;&nbsp;&nbsp;&nbsp;&nbsp;","He made the curtain of blue, purple, and crimson yarn and fine linen, and he worked cherubim into it. ",Ninguno
II_Chronicles,3,15,"ויעש לפני הבית עמודים שנים אמות שלשים וחמש ארך והצפת אשרעלראשו אמות חמש&nbsp;<span class=""mam-spi-samekh"">{ס}</span>&nbsp;&nbsp;&nbsp;&nbsp;&nbsp;&nbsp;&nbsp;&nbsp;",At the front of the House he made two columns 35 cubits high; the capitalsccapitals Meaning of Heb. uncertain. on top of them were 5 cubits high. ,Ninguno
II_Chronicles,3,16,ויעש שרשרות בדביר ויתן עלראש העמדים ויעש רמונים מאה ויתן בשרשרות,He made chainwork in the inner Sanctuary and set it on the top of the columns; he made a hundred pomegranates and set them into the chainwork.,Ninguno
II_Chronicles,3,17,"ויקם אתהעמודים עלפני ההיכל אחד מימין ואחד מהשמאול ויקרא שם<span class=""mam-kq""><span class=""mam-kq-q"">[הימני]</span> <span class=""mam-kq-k"">(הימיני)</span></span> יכין ושם השמאלי בעז&nbsp;<span class=""mam-spi-samekh"">{ס}</span>&nbsp;&nbsp;&nbsp;&nbsp;&nbsp;&nbsp;&nbsp;&nbsp;","He erected the columns in front of the Great Hall, one to its right and one to its left; the one to the right was called Jachin, and the one to the left, Boaz.","Control/Derecha (Yamin), Caos/Izquierda (Smol)"
II_Chronicles,4,1,"ויעש מזבח נחשת עשרים אמה ארכו ועשרים אמה רחבו ועשר אמות קומתו&nbsp;<span class=""mam-spi-samekh"">{ס}</span>&nbsp;&nbsp;&nbsp;&nbsp;&nbsp;&nbsp;&nbsp;&nbsp;","aCf. 1 Kings 7.23–50. He made an altar of bronze 20 cubits long, 20 cubits wide, and 10 cubits high.",Ninguno
II_Chronicles,4,2,ויעש אתהים מוצק עשר באמה משפתו אלשפתו עגול&thinsp;<b></b> סביב וחמש באמה קומתו וקו שלשים באמה יסב אתו סביב,"He made the seabthe sea I.e., a large basin. of cast metal 10 cubits across from brim to brim, perfectly round; it was 5 cubits high, and its circumference was 30 cubits. ",Ninguno
II_Chronicles,4,3,ודמות בקרים תחת לו סביב&thinsp;<small></small>&thinsp;סביב סובבים אתו עשר באמה מקיפים אתהים סביב שנים טורים הבקר יצוקים במצקתו,"Beneath were figures of oxen set all around it, of 10 cubits, encircling the sea; the oxen were in two rows, cast in one piece with it. ",Ninguno
II_Chronicles,4,4,עומד עלשנים עשר בקר שלשה פנים&thinsp;<small></small>&thinsp;צפונה ושלושה פנים&thinsp;<small></small>&thinsp;ימה ושלשה&thinsp;<b></b> פנים נגבה ושלשה פנים מזרחה והים עליהם מלמעלה וכלאחריהם ביתה,"It stood upon twelve oxen: three faced north, three faced west, three faced south, and three faced east, with the sea resting upon them; their haunches were all turned inward. ",Ninguno
II_Chronicles,4,5,"ועביו טפח ושפתו כמעשה שפתכוס פרח שושנה מחזיק בתים שלשת אלפים יכיל&nbsp;<span class=""mam-spi-samekh"">{ס}</span>&nbsp;&nbsp;&nbsp;&nbsp;&nbsp;&nbsp;&nbsp;&nbsp;","It was a handbreadth thick, and its brim was made like that of a cup, like the petals of a lily. It held 3,000 bath s.",Ninguno
II_Chronicles,4,6,"ויעש כיורים עשרה ויתן חמשה מימין וחמשה משמאול לרחצה בהם אתמעשה העולה ידיחו בם והים לרחצה לכהנים בו&nbsp;<span class=""mam-spi-samekh"">{ס}</span>&nbsp;&nbsp;&nbsp;&nbsp;&nbsp;&nbsp;&nbsp;&nbsp;",He made ten bronze lavers for washing; he set five on the right and five on the left; they would rinse off in them the parts of the burnt offering; but the sea served the priests for washing.,Control/Derecha (Yamin)
II_Chronicles,4,7,"ויעש אתמנרות הזהב עשר כמשפטם ויתן בהיכל חמש מימין וחמש משמאול&nbsp;<span class=""mam-spi-samekh"">{ס}</span>&nbsp;&nbsp;&nbsp;&nbsp;&nbsp;&nbsp;&nbsp;&nbsp;","He made ten lampstands of gold as prescribed, and placed them in the Great Hall, five on the right and five on the left. ",Control/Derecha (Yamin)
II_Chronicles,4,8,"ויעש שלחנות עשרה וינח בהיכל חמשה מימין וחמשה משמאול ויעש מזרקי זהב מאה&nbsp;<span class=""mam-spi-samekh"">{ס}</span>&nbsp;&nbsp;&nbsp;&nbsp;&nbsp;&nbsp;&nbsp;&nbsp;","He made ten tables and placed them in the Great Hall, five on the right and five on the left. He made one hundred gold basins. ",Control/Derecha (Yamin)
II_Chronicles,4,9,ויעש חצר הכהנים והעזרה הגדולה ודלתות לעזרה ודלתותיהם צפה נחשת,"He built the court of the priests and the great court, and doors for the great court; he overlaid the doors with bronze. ",Ninguno
II_Chronicles,4,10,ואתהים נתן מכתף הימנית קדמה ממול נגבה,"He set the sea on the right side, at the southeast corner.",Ninguno
II_Chronicles,4,11,"ויעש חורם אתהסירות ואתהיעים ואתהמזרקות ויכל <span class=""mam-kq""><span class=""mam-kq-k"">(חירם)</span> <span class=""mam-kq-q"">[חורם]</span></span> לעשות אתהמלאכה אשר עשה למלך שלמה בבית האלהים","Huram made the pails, the shovels, and the basins. With that Huram completed the work he had undertaken for King Solomon in the House of God: ",Ninguno
II_Chronicles,4,12,עמודים שנים והגלות והכתרות עלראש העמודים שתים והשבכות שתים לכסות אתשתי גלות הכתרות אשר עלראש העמודים,"the two columns, the globes, and the two capitals on top of the columns; and the two pieces of network to cover the two globes of the capitals on top of the columns; ",Ninguno
II_Chronicles,4,13,ואתהרמונים ארבע מאות לשתי השבכות שנים טורים רמונים לשבכה האחת לכסות אתשתי גלות הכתרות אשר עלפני העמודים,"the four hundred pomegranates for the two pieces of network, two rows of pomegranates for each network, to cover the two globes of the capitals on top of the columns; ",Ninguno
II_Chronicles,4,14,ואתהמכנות עשה ואתהכירות עשה עלהמכנות,he made the stands and the lavers upon the stands;,Ninguno
II_Chronicles,4,15,אתהים אחד ואתהבקר שניםעשר תחתיו,one sea with the twelve oxen beneath it;,Ninguno
II_Chronicles,4,16,ואתהסירות ואתהיעים ואתהמזלגות ואתכלכליהם עשה חורם אביו למלך שלמה לבית יהוה נחשת מרוק,"the pails, the shovels, and the bowls.cbowls Or “forks.” And all the vessels made for King Solomon for the House of GOD by Huram his master were of burnished bronze. ",Ninguno
II_Chronicles,4,17,בככר הירדן יצקם המלך בעבי האדמה בין סכות ובין צרדתה,"The king had them cast in molds dug out of the earth, in the plain of the Jordan between Succoth and Zeredah. ",Separación (Beyn)
II_Chronicles,4,18,"ויעש שלמה כלהכלים האלה לרב מאד כי לא נחקר משקל הנחשת&nbsp;<span class=""mam-spi-samekh"">{ס}</span>&nbsp;&nbsp;&nbsp;&nbsp;&nbsp;&nbsp;&nbsp;&nbsp;",Solomon made a very large number of vessels; the weight of the bronze used could not be reckoned.,Ninguno
II_Chronicles,4,19,ויעש שלמה את כלהכלים אשר בית האלהים ואת מזבח הזהב ואתהשלחנות ועליהם לחם הפנים,And Solomon made all the furnishings that were in the House of God: the altar of gold; the tables for the bread of display;,Ninguno
II_Chronicles,4,20,ואתהמנרות ונרתיהם לבערם כמשפט לפני הדביר זהב סגור,"the lampstands and their lamps, to burn as prescribed in front of the inner Sanctuary, of solid gold; ",Ninguno
II_Chronicles,4,21,והפרח והנרות והמלקחים זהב הוא מכלות זהב,"and the petals, lamps, and tongs, of purest gold; ",Ninguno
II_Chronicles,4,22,והמזמרות והמזרקות והכפות והמחתות זהב סגור ופתח הבית דלתותיו הפנימיות לקדש הקדשים ודלתי הבית להיכל זהב,"the snuffers, basins, ladles, and fire pans, of solid gold; and the entrance to the House: the doors of the innermost part of the House, the Holy of Holies, and the doors of the Great Hall of the House, of gold.",Ninguno
II_Chronicles,5,1,"ותשלם כלהמלאכה אשרעשה שלמה לבית יהוה&nbsp;<span class=""mam-spi-samekh"">{ס}</span>&nbsp;&nbsp;&nbsp;&nbsp;&nbsp;&nbsp;&nbsp;&nbsp;ויבא שלמה אתקדשי&thinsp;<b></b> דויד אביו ואתהכסף ואתהזהב ואתכלהכלים נתן באצרות בית האלהים&nbsp;<span class=""mam-spi-pe"">{פ}</span><br>","aCf. 1 Kings 7.51–8.11. When all the work that King Solomon undertook for the House of GOD was completed, Solomon brought the things that his father David had consecrated—the silver, the gold, and the utensils—and deposited them in the treasury of the House of God.",Ninguno
II_Chronicles,5,2,אז יקהיל שלמה אתזקני ישראל ואתכלראשי המטות נשיאי האבות לבני ישראל אלירושל͏ם להעלות אתארון בריתיהוה מעיר דויד היא ציון,"Then Solomon convoked the elders of Israel—all the heads of the tribes and the ancestral chiefs of the Israelites—in Jerusalem, to bring up the Ark of the Covenant of GOD from the City of David, that is, Zion.",Ninguno
II_Chronicles,5,3,ויקהלו אלהמלך כלאיש ישראל בחג הוא החדש השבעי,"The entire body of Israelbentire body of Israel I.e., the elders of vv. 2 and 4, representing the nation. assembled before the king at the Feast [of Booths], in the seventh month. ",Ninguno
II_Chronicles,5,4,ויבאו כל זקני ישראל וישאו הלוים אתהארון,"When all the elders of Israel had come, the Levites carried the Ark. ",Ninguno
II_Chronicles,5,5,ויעלו אתהארון ואתאהל מועד ואתכלכלי הקדש אשר באהל העלו אתם הכהנים הלוים,They brought up the Ark and the Tent of Meeting and all the holy vessels that were in the Tent—the Levite priests brought them up.,Ninguno
II_Chronicles,5,6,והמלך שלמה וכלעדת ישראל הנועדים עליו לפני הארון מזבחים צאן ובקר אשר לאיספרו ולא ימנו מרב,"Meanwhile, King Solomon and the whole community of Israel, who had gathered to him before the Ark, were sacrificing sheep and oxen in such abundance that they could not be numbered or counted.",Ninguno
II_Chronicles,5,7,ויביאו הכהנים אתארון בריתיהוה אלמקומו אלדביר הבית אלקדש הקדשים אלתחת כנפי הכרובים,"The priests brought the Ark of GOD’s Covenant to its place in the inner Sanctuary of the House, in the Holy of Holies, beneath the wings of the cherubim; ",Ninguno
II_Chronicles,5,8,ויהיו הכרובים פרשים כנפים עלמקום הארון ויכסו הכרובים עלהארון ועלבדיו מלמעלה,for the cherubim had their wings spread out over the place of the Ark so that the cherubim covered the Ark and its poles from above.,Ninguno
II_Chronicles,5,9,ויאריכו הבדים ויראו ראשי הבדים מןהארון עלפני הדביר ולא יראו החוצה ויהישם עד היום הזה,"The poles projected beyond the Ark and the ends of the poles were visible from the front of the inner Sanctuary, but they could not be seen from the outside; and there they remain to this day. ",Ninguno
II_Chronicles,5,10,"אין בארון רק שני הלחות אשרנתן משה בחרב אשר כרת יהוה עםבני ישראל בצאתם ממצרים&nbsp;<span class=""mam-spi-pe"">{פ}</span><br>","There was nothing inside the Ark but the two tablets that Moses placed [there] at Horeb, when GOD made [a Covenant] with the Israelites after their departure from Egypt. ",Ninguno
II_Chronicles,5,11,ויהי בצאת הכהנים מןהקדש כי כלהכהנים הנמצאים התקדשו אין לשמור למחלקות,"When the priests came out of the Sanctuary—all the priests present had sanctified themselves, without keeping to the set divisions— ",Ninguno
II_Chronicles,5,12,"והלוים המשררים לכלם לאסף להימן לידתון ולבניהם ולאחיהם מלבשים בוץ במצלתים ובנבלים וכנרות עמדים מזרח למזבח ועמהם כהנים למאה ועשרים <span class=""mam-kq""><span class=""mam-kq-k"">(מחצררים)</span> <span class=""mam-kq-q"">[מחצרים]</span></span> בחצצרות","all the Levite singers, Asaph, Heman, Jeduthun, their sons and their brothers, dressed in fine linen, holding cymbals, harps, and lyres, were standing to the east of the altar, and with them were 120 priests who blew trumpets. ",Ninguno
II_Chronicles,5,13,"ויהי כאחד <span class=""mam-kq""><span class=""mam-kq-k"">(למחצצרים)</span> <span class=""mam-kq-q"">[למחצרים]</span></span> ולמשררים להשמיע קולאחד להלל ולהדות ליהוה וכהרים קול בחצצרות ובמצלתים ובכלי השיר ובהלל ליהוה כי טוב כי לעולם חסדו והבית מלא ענן בית יהוה","The trumpeters and the singers joined in unison to praise and extol GOD; and as the sound of the trumpets, cymbals, and other musical instruments, and the praise of GOD, “who is good—and whose steadfast love is eternal,” grew louder, the House, the House of GOD, was filled with a cloud. ",Ninguno
II_Chronicles,5,14,"ולאיכלו הכהנים לעמוד לשרת מפני הענן כימלא כבודיהוה אתבית האלהים&nbsp;<span class=""mam-spi-pe"">{פ}</span><br>","The priests could not stay and perform the service because of the cloud, for the glory of the ETERNAL filled the House of God.",Ninguno
II_Chronicles,6,1,אז אמר שלמה יהוה אמר לשכון בערפל,aCf. 1 Kings 8.12–53. Then Solomon declared:“GOD has chosenTo abide in a thick cloud;,Ninguno
II_Chronicles,6,2,ואני בניתי ביתזבל לך ומכון לשבתך עולמים,"I have built for YouA stately House,And a place where YouMay dwell forever.”",Ninguno
II_Chronicles,6,3,ויסב המלך אתפניו ויברך את כלקהל ישראל וכלקהל ישראל עומד,"Then, as the whole congregation of Israel stood, the king turned and blessed the whole congregation of Israel. ",Ninguno
II_Chronicles,6,4,ויאמר ברוך יהוה אלהי ישראל אשר דבר בפיו את דויד אבי ובידיו מלא לאמר,"He said, “Blessed is the ETERNAL God of Israel, who made a promise to my father David and fulfilled itbwho made a promise to my father David and fulfilled it Lit. “who spoke with His own mouth a promise to my father David and has fulfilled with His own hands.”—after having said, ",Ninguno
II_Chronicles,6,5,מןהיום אשר הוצאתי אתעמי מארץ מצרים לאבחרתי בעיר מכל שבטי ישראל לבנות בית להיות שמי שם ולאבחרתי באיש להיות נגיד עלעמי ישראל,"‘From the time I brought My people out of the land of Egypt, I never chose a city from among all the tribes of Israel to build a House where My name might abide; nor did I choose anyone to be the leader of My people Israel. ",Ninguno
II_Chronicles,6,6,ואבחר בירושל͏ם להיות שמי שם ואבחר בדויד להיות עלעמי ישראל,"But then I chose Jerusalem for My name to abide there, and I chose David to rule My people Israel.’",Ninguno
II_Chronicles,6,7,ויהי עםלבב דויד אבי לבנות בית לשם יהוה אלהי ישראל,“Now my father David had wanted to build a House for the name of the ETERNAL God of Israel.,Ninguno
II_Chronicles,6,8,ויאמר יהוה אלדויד אבי יען אשר היה עםלבבך לבנות בית לשמי הטיבות כי היה עםלבבך,"But GOD said to my father David, ‘As for your wanting to build a House for My name, you do well to want that. ",Ninguno
II_Chronicles,6,9,רק אתה לא תבנה הבית כי בנך היוצא מחלציך הואיבנה הבית לשמי,"However, you shall not build the House; your son, the issue of your loins, he shall build the House for My name.’ ",Ninguno
II_Chronicles,6,10,ויקם יהוה אתדברו אשר דבר ואקום תחת דויד אבי ואשב&thinsp;<b></b> עלכסא ישראל כאשר דבר יהוה ואבנה הבית לשם יהוה אלהי ישראל,"Now GOD has fulfilled the promise that was made. I have succeededcsucceeded Lit. “risen in place of.” my father David and have ascended the throne of Israel, as GOD promised. I have built the House for the name of the ETERNAL God of Israel, ",Ninguno
II_Chronicles,6,11,ואשים שם אתהארון אשרשם ברית יהוה אשר כרת עםבני ישראל,and there I have set the Ark containing the Covenant that GOD made with the Israelites.”,Ninguno
II_Chronicles,6,12,ויעמד לפני מזבח יהוה נגד כלקהל ישראל ויפרש כפיו,"Then, standing before the altar of GOD in front of the whole congregation of Israel, he spread forth his hands. ",Ninguno
II_Chronicles,6,13,"כיעשה שלמה כיור נחשת ויתנהו בתוך העזרה חמש אמות ארכו וחמש אמות רחבו ואמות שלוש קומתו ויעמד עליו ויברך עלברכיו נגד כלקהל ישראל ויפרש כפיו השמימה&nbsp;<span class=""mam-spi-pe"">{פ}</span><br>","Solomon had made a bronze platformdplatform Meaning of Heb. uncertain. and placed it in the midst of the Great Court; it was 5 cubits long and 5 cubits wide and 3 cubits high. He stood on it; then, kneeling in front of the whole congregation of Israel, he spread forth his hands to heaven ",Ninguno
II_Chronicles,6,14,"ויאמר&nbsp;<span class=""mam-spi-pe"">{פ}</span><br>יהוה אלהי ישראל איןכמוך אלהים בשמים ובארץ שמר הברית והחסד לעבדיך ההלכים לפניך בכללבם","and said, “O ETERNAL God of Israel, there is no god like You in the heavens and on the earth, You who steadfastly maintain the Covenant with Your servants who walk before You with all their heart; ",Ninguno
II_Chronicles,6,15,אשר שמרת לעבדך דויד אבי את אשרדברת לו ותדבר בפיך ובידך מלאת כיום הזה,"You who have kept the promises You made to Your servant, my father David; You made a promise and have fulfilled it—as is now the case. ",Ninguno
II_Chronicles,6,16,ועתה יהוה&thinsp;<b></b> אלהי ישראל שמר לעבדך דויד אבי את אשר דברת לו לאמר לאיכרת לך איש מלפני יושב עלכסא ישראל רק אםישמרו בניך אתדרכם ללכת בתורתי כאשר הלכת לפני,"And now, O ETERNAL God of Israel, keep that promise that You made to Your servant, my father David, ‘You shall never lack a descendanteYou shall never lack a descendant See note at 1 Kings 2.4. in My sight sitting on the throne of Israel if only your children will look to their way and walk in the [path] of My teachings as you have walked before Me.’ ",Ninguno
II_Chronicles,6,17,ועתה יהוה אלהי ישראל יאמן דברך אשר דברת לעבדך לדויד,"Now, therefore, O God of Israel, let the promise that You made to Your servant, my father David, be confirmed.",Ninguno
II_Chronicles,6,18,כי האמנם ישב אלהים אתהאדם עלהארץ הנה שמים ושמי השמים לא יכלכלוך אף כיהבית הזה אשר בניתי,“Does God really dwell with mortals on earth? Even the heavens to their uttermost reaches cannot contain You; how much less this House that I have built!,Ninguno
II_Chronicles,6,19,ופנית אלתפלת עבדך ואלתחנתו יהוה אלהי לשמע אלהרנה ואלהתפלה אשר עבדך מתפלל לפניך,"Yet turn, O ETERNAL One my God, to the prayer and supplication of Your servant, and hear the cry and the prayer that Your servant offers to You. ",Ninguno
II_Chronicles,6,20,להיות עיניך פתחות אלהבית הזה יומם ולילה אלהמקום אשר אמרת לשום שמך שם לשמוע אלהתפלה אשר יתפלל עבדך אלהמקום הזה,"May Your eyes be open day and night toward this House, toward the place where You have resolved to make Your name abide; may You heed the prayers that Your servant offers toward this place. ",Ninguno
II_Chronicles,6,21,ושמעת אלתחנוני עבדך ועמך ישראל אשר יתפללו אלהמקום הזה ואתה תשמע ממקום שבתך מןהשמים ושמעת וסלחת,"And when You hear the supplications that Your servant and Your people Israel offer toward this place, give heed in Your heavenly abode—give heed and pardon.",Ninguno
II_Chronicles,6,22,אםיחטא איש לרעהו ונשאבו אלה להאלתו ובא אלה לפני מזבחך בבית הזה,"“If one person commits an offense against another and is made to take an oath and utter a self-imprecationfand is made to take an oath and utter a self-imprecation Or “and the latter utters an imprecation to bring a curse upon the former.” and, with that imprecation, comes before Your altar in this House, ",Ninguno
II_Chronicles,6,23,"ואתה&thinsp;<b></b> תשמע מןהשמים ועשית ושפטת אתעבדיך להשיב לרשע לתת דרכו בראשו ולהצדיק צדיק לתת לו כצדקתו&nbsp;<span class=""mam-spi-samekh"">{ס}</span>&nbsp;&nbsp;&nbsp;&nbsp;&nbsp;&nbsp;&nbsp;&nbsp;","may You hear in heaven and take action to judge Your servants, requiting the one who is in the wrong by bringing down the punishment of their conduct on their head—while vindicating the other, who is in the right, by rewarding them according to their righteousness.",Ninguno
II_Chronicles,6,24,ואםינגף עמך ישראל לפני אויב כי יחטאולך ושבו והודו אתשמך והתפללו והתחננו לפניך בבית הזה,"“Should Your people Israel be defeated by an enemy because they have sinned against You, and then once again acknowledge Your name and offer prayer and supplication to You in this House, ",Ninguno
II_Chronicles,6,25,"ואתה תשמע מןהשמים וסלחת לחטאת עמך ישראל והשיבותם אלהאדמה אשרנתתה להם ולאבתיהם&nbsp;<span class=""mam-spi-pe"">{פ}</span><br>","may You hear in heaven and pardon the sin of Your people Israel, and restore them to the land that You gave to them and to their ancestors.",Ninguno
II_Chronicles,6,26,בהעצר השמים ולאיהיה מטר כי יחטאולך והתפללו אלהמקום הזה והודו אתשמך מחטאתם ישובון כי תענם,"“Should the heavens be shut up and there be no rain because they have sinned against You, and then they pray toward this place and acknowledge Your name and repent of their sins, because You humbled them, ",Ninguno
II_Chronicles,6,27,"ואתה&thinsp;<b></b> תשמע השמים וסלחת לחטאת עבדיך ועמך ישראל כי תורם אלהדרך הטובה אשר ילכובה ונתתה מטר עלארצך אשרנתתה לעמך לנחלה&nbsp;<span class=""mam-spi-samekh"">{ס}</span>&nbsp;&nbsp;&nbsp;&nbsp;&nbsp;&nbsp;&nbsp;&nbsp;","may You hear in heaven and pardon the sin of Your servants, Your people Israel, when You have shown them the proper way in which they are to walk, and send down rain upon the land that You gave to Your people as their heritage. ",Ninguno
II_Chronicles,6,28,רעב כייהיה בארץ דבר כייהיה שדפון וירקון ארבה וחסיל כי יהיה כי יצרלו איביו בארץ שעריו כלנגע וכלמחלה,"So, too, if there is a famine in the land, if there is pestilence, blight, mildew, locusts, or caterpillars, or if an enemy oppresses them in any of the settlements of their land.“In any plague and in any disease, ",Ninguno
II_Chronicles,6,29,כלתפלה כלתחנה אשר יהיה לכלהאדם ולכל עמך ישראל אשר ידעו איש נגעו ומכאבו ופרש כפיו אלהבית הזה,"any prayer or supplication offered by any person among all Your people Israel—each of whom knows their own affliction and pain—when they spread forth their hands toward this House, ",Percepción (Yada)
II_Chronicles,6,30,ואתה תשמע מןהשמים מכון שבתך וסלחת ונתתה לאיש ככלדרכיו אשר תדע אתלבבו כי אתה לבדך ידעת אתלבב בני האדם,"may You hear in Your heavenly abode, and pardon. Deal with that individual according to their ways, as You know their heart to be—for You alone know every human heart. ",Percepción (Yada)
II_Chronicles,6,31,"למען ייראוך ללכת בדרכיך כלהימים אשרהם חיים עלפני האדמה אשר נתתה לאבתינו&nbsp;<span class=""mam-spi-samekh"">{ס}</span>&nbsp;&nbsp;&nbsp;&nbsp;&nbsp;&nbsp;&nbsp;&nbsp;",Thus may Your peoplegYour people Heb. “they.” revere You all the days that they live on the land that You gave to our ancestors.,Ninguno
II_Chronicles,6,32,וגם אלהנכרי אשר לא מעמך ישראל הוא ובא&thinsp;<b></b> מארץ רחוקה למען שמך הגדול וידך החזקה וזרועך הנטויה ובאו והתפללו אלהבית הזה,"“Or if a foreigner who is not of Your people Israel comes from a distant land for the sake of Your great name, Your mighty hand, and Your outstretched arm—and if this person comes to pray toward this House, ",Ninguno
II_Chronicles,6,33,ואתה תשמע מןהשמים ממכון שבתך ועשית ככל אשריקרא אליך הנכרי למען ידעו כלעמי הארץ אתשמך וליראה אתך כעמך ישראל ולדעת כישמך נקרא עלהבית הזה אשר בניתי,"may You hear in Your heavenly abode and grant whatever the foreigner appeals to You for. Thus all the peoples of the earth will know Your name and revere You, as does Your people Israel; and they will recognize that Your name is attached to this House that I have built.",Percepción (Yada)
II_Chronicles,6,34,כייצא עמך למלחמה עלאיביו בדרך אשר תשלחם והתפללו אליך דרך העיר הזאת אשר בחרת בה והבית אשרבניתי לשמך,"“When Your people take the field against their enemies in a campaign on which You send them, and they pray to You in the direction of the city that You have chosen and the House that I have built to Your name, ",Ninguno
II_Chronicles,6,35,ושמעת מןהשמים אתתפלתם ואתתחנתם ועשית משפטם,may You hear in heaven their prayer and supplication and uphold their cause.,Ninguno
II_Chronicles,6,36,כי יחטאולך כי אין אדם אשר לאיחטא ואנפת בם ונתתם לפני אויב ושבום שוביהם אלארץ רחוקה או קרובה,"“When they sin against You—for there is no mortal who does not sin—and You are angry with them and deliver them to the enemy, and their captors carry them off to an enemy land, near or far; ",Ninguno
II_Chronicles,6,37,והשיבו אללבבם בארץ אשר נשבושם ושבו&thinsp;<b></b> והתחננו אליך בארץ שבים לאמר חטאנו העוינו ורשענו,"and they take it to heart in the land to which they have been carried off, and repent and make supplication to You in the land of their captivity, saying, ‘We have sinned, we have acted perversely, we have acted wickedly,’ ",Ninguno
II_Chronicles,6,38,ושבו אליך בכללבם ובכלנפשם בארץ שבים אשרשבו אתם והתפללו דרך ארצם אשר נתתה לאבותם והעיר אשר בחרת ולבית אשרבניתי לשמך,"and they turn back to You with all their heart and soul, in the land of their captivity where they were carried off, and pray in the direction of their land that You gave to their ancestors and the city that You have chosen, and toward the House that I have built for Your name— ",Ninguno
II_Chronicles,6,39,ושמעת מןהשמים ממכון שבתך אתתפלתם ואתתחנתיהם ועשית משפטם וסלחת לעמך אשר חטאולך,"may You hear their prayer and supplication in Your heavenly abode, uphold their cause, and pardon Your people who have sinned against You. ",Ninguno
II_Chronicles,6,40,"עתה אלהי יהיונא עיניך פתחות ואזניך קשבות לתפלת המקום הזה&nbsp;<span class=""mam-spi-samekh"">{ס}</span>&nbsp;&nbsp;&nbsp;&nbsp;&nbsp;&nbsp;&nbsp;&nbsp;","Now My God, may Your eyes be open and Your ears attentive to prayer from this place; ",Ninguno
II_Chronicles,6,41,ועתה קומה יהוה אלהים לנוחך אתה וארון עזך כהניך יהוה אלהים ילבשו תשועה וחסידיך ישמחו בטוב,"and now,Advance, O ETERNAL God, to your resting-place,You and Your mighty Ark.Your priests, O ETERNAL God, are clothed in triumph;Your loyal ones will rejoice in [Your] goodness.",Ninguno
II_Chronicles,6,42,"יהוה אלהים אלתשב פני משיחך זכרה לחסדי דויד עבדך&nbsp;<span class=""mam-spi-pe"">{פ}</span><br>","O ETERNAL God,do not reject Your anointed one;remember the loyalty of Your servant David.”",Ninguno
II_Chronicles,7,1,וככלות שלמה להתפלל והאש ירדה מהשמים ותאכל העלה והזבחים וכבוד יהוה מלא אתהבית,"aCf. 1 Kings 8.54–9.9. When Solomon finished praying, fire descended from heaven and consumed the burnt offering and the sacrifices, and GOD’s glory filled the House. ",Ninguno
II_Chronicles,7,2,ולא יכלו הכהנים לבוא אלבית יהוה כימלא כבודיהוה אתבית יהוה,"The priests could not enter the House of GOD, for GOD’s glory filled the House of GOD. ",Ninguno
II_Chronicles,7,3,וכל&thinsp;<b></b> בני ישראל ראים ברדת האש וכבוד יהוה עלהבית ויכרעו אפים ארצה עלהרצפה וישתחוו והדות ליהוה כי טוב כי לעולם חסדו,"All the Israelites witnessed the descent of the fire and GOD’s glory on the House; they knelt with their faces to the ground and prostrated themselves, praising GOD, “who is good—and whose steadfast love is eternal.”",Ninguno
II_Chronicles,7,4,"והמלך וכלהעם זבחים זבח לפני יהוה&nbsp;<span class=""mam-spi-samekh"">{ס}</span>&nbsp;&nbsp;&nbsp;&nbsp;&nbsp;&nbsp;&nbsp;&nbsp;",Then the king and all the people offered sacrifices before GOD.,Ninguno
II_Chronicles,7,5,ויזבח המלך שלמה אתזבח הבקר עשרים ושנים אלף וצאן מאה ועשרים אלף ויחנכו אתבית האלהים המלך וכלהעם,"King Solomon offered as sacrifices 22,000 oxen and 120,000 sheep; thus the king and all the people dedicated the House of God. ",Ninguno
II_Chronicles,7,6,"והכהנים עלמשמרותם עמדים והלוים בכלישיר יהוה אשר עשה דויד המלך להדות ליהוה כילעולם חסדו בהלל דויד בידם והכהנים <span class=""mam-kq""><span class=""mam-kq-k"">(מחצצרים)</span> <span class=""mam-kq-q"">[מחצרים]</span></span> נגדם וכלישראל עמדים&nbsp;<span class=""mam-spi-samekh"">{ס}</span>&nbsp;&nbsp;&nbsp;&nbsp;&nbsp;&nbsp;&nbsp;&nbsp;","The priests stood at their watches; the Levites with the instruments for GOD’s music that King David had made to praise GOD, “whose steadfast love is eternal,” by means of the psalms of David that they knew. The priests opposite them blew trumpets while all Israel were standing.",Ninguno
II_Chronicles,7,7,ויקדש שלמה אתתוך החצר אשר לפני ביתיהוה כיעשה שם העלות ואת חלבי השלמים כימזבח הנחשת אשר עשה שלמה לא יכול להכיל אתהעלה ואתהמנחה ואתהחלבים,"Solomon consecrated the center of the court in front of the House of GOD, because he presented there the burnt offerings and the fat parts of the offerings of well-being, since the bronze altar that Solomon had made was not able to hold the burnt offerings, the grain offerings, and the fat parts. ",Ninguno
II_Chronicles,7,8,ויעש שלמה אתהחג בעת ההיא שבעת ימים וכלישראל עמו קהל גדול מאד מלבוא חמת עדנחל מצרים,At that time Solomon kept the Feast for seven days—all Israel with him—a great assemblage from Lebo-hamath to the Wadi of Egypt.,Ninguno
II_Chronicles,7,9,ויעשו ביום השמיני עצרת כי&thinsp;<b></b> חנכת המזבח עשו שבעת ימים והחג שבעת ימים,"On the eighth day they held a solemn gathering; they observed the dedication of the altar seven days, and the Feast seven days. ",Ninguno
II_Chronicles,7,10,וביום עשרים ושלשה לחדש השביעי שלח אתהעם לאהליהם שמחים וטובי לב עלהטובה אשר עשה יהוה לדויד ולשלמה ולישראל עמו,"On the twenty-third day of the seventh month he dismissed the people to their homes, rejoicing and in good spirits over the goodness that GOD had shown to David and Solomon and the people Israel.",Ninguno
II_Chronicles,7,11,"ויכל שלמה אתבית יהוה ואתבית המלך ואת כלהבא עללב שלמה לעשות בביתיהוה ובביתו הצליח&nbsp;<span class=""mam-spi-pe"">{פ}</span><br>",Thus Solomon finished building the House of GOD and the royal palace; Solomon succeeded in everything he had set his heart on accomplishing with regard to the House of GOD and his palace.,Ninguno
II_Chronicles,7,12,וירא יהוה אלשלמה בלילה ויאמר לו שמעתי אתתפלתך ובחרתי במקום הזה לי לבית זבח,"GOD appeared tobappeared to Or “made contact with.” Solomon at night and said to him, “I have heard your prayer and have chosen this site as My House of sacrifice. ",Ninguno
II_Chronicles,7,13,הן אעצר השמים ולאיהיה מטר והןאצוה עלחגב לאכול הארץ ואםאשלח דבר בעמי,"If I shut up the heavens and there is no rain; if I command the locusts to ravage the land; or if I let loose pestilence against My people, ",Ninguno
II_Chronicles,7,14,ויכנעו עמי אשר נקראשמי עליהם ויתפללו ויבקשו פני וישבו מדרכיהם הרעים ואני אשמע מןהשמים ואסלח לחטאתם וארפא אתארצם,"when My people, who bear My name, humble themselves, pray, and seek My favor and turn from their evil ways, I will hear in My heavenly abode and forgive their sins and heal their land. ",Ninguno
II_Chronicles,7,15,עתה עיני יהיו פתחות ואזני קשבות לתפלת המקום הזה,Now My eyes will be open and My ears attentive to the prayers from this place.,Ninguno
II_Chronicles,7,16,ועתה בחרתי והקדשתי אתהבית הזה להיותשמי שם עדעולם והיו עיני ולבי שם כלהימים,And now I have chosen and consecrated this House that My name be there forever. My eyes and My heart shall always be there.,Ninguno
II_Chronicles,7,17,ואתה אםתלך לפני כאשר הלך דויד אביך ולעשות ככל אשר צויתיך וחקי ומשפטי תשמור,"As for you, if you walk before Me as your father David walked before Me, doing all that I have commanded you, keeping My laws and rules, ",Ninguno
II_Chronicles,7,18,והקימותי את כסא מלכותך כאשר כרתי לדויד אביך לאמר לאיכרת לך איש מושל בישראל,"then I will establish your royal throne over Israel forever, in accordance with the Covenant I made with your father David, saying, ‘You shall never lack a descendantcYou shall never lack a descendant See note at 1 Kings 2.4. ruling over Israel.’ ",Ninguno
II_Chronicles,7,19,ואםתשובון אתם ועזבתם חקותי ומצותי אשר נתתי לפניכם והלכתם ועבדתם אלהים אחרים והשתחויתם להם,"But if you turn away from Me and forsake My laws and commandments that I set before you, and go and serve other gods and worship them, ",Ninguno
II_Chronicles,7,20,ונתשתים מעל אדמתי אשר נתתי להם ואתהבית הזה אשר הקדשתי לשמי אשליך מעל פני ואתננו למשל ולשנינה בכלהעמים,"then I will uproot IsraeldIsrael Heb. “them”; cf. 1 Kings 9.7. from My land that I gave them, and this House that I consecrated to My name I shall cast out of my sight, and make it a proverb and a byword among all peoples. ",Ninguno
II_Chronicles,7,21,והבית הזה אשר היה עליון לכלעבר עליו ישם ואמר במה עשה יהוה ככה לארץ הזאת ולבית הזה,"And as for this House, once so exalted, everyone passing by it shall be appalled and say, ‘Why did GOD do thus to this land and to this House?’ ",Ninguno
II_Chronicles,7,22,"ואמרו על אשר עזבו אתיהוה&thinsp;<b></b> אלהי אבתיהם אשר הוציאם מארץ מצרים ויחזיקו באלהים אחרים וישתחוו להם ויעבדום עלכן הביא עליהם את כלהרעה הזאת&nbsp;<span class=""mam-spi-pe"">{פ}</span><br>","And the reply will be, ‘It is because they forsook the ETERNAL God of their ancestors who freed them from the land of Egypt, and adopted other gods and worshiped them and served them; therefore all this calamity was brought upon them.’”",Ninguno
II_Chronicles,8,1,ויהי מקץ&thinsp;<b></b> עשרים שנה אשר בנה שלמה אתבית יהוה ואתביתו,"aCf. 1 Kings 9.10–28. At the end of twenty years, during which Solomon constructed the House of GOD and his palace— ",Ninguno
II_Chronicles,8,2,והערים אשר נתן חורם לשלמה בנה שלמה אתם ויושב שם אתבני ישראל,"Solomon also rebuilt the cities that Huram had given to him,bhim Heb. “Solomon.” and settled Israelites in them— ",Ninguno
II_Chronicles,8,3,וילך שלמה חמת צובה ויחזק עליה,Solomon marched against Hamath-zobah and overpowered it.,Ninguno
II_Chronicles,8,4,ויבן אתתדמר במדבר ואת כלערי המסכנות אשר בנה בחמת,He built Tadmor in the desert and all the garrison towns that he built in Hamath.,Ninguno
II_Chronicles,8,5,ויבן אתבית חורון העליון ואתבית חורון התחתון ערי מצור חומות דלתים ובריח,"He built Upper Beth-horon and Lower Beth-horon as fortified cities with walls, gates, and bars, ",Ninguno
II_Chronicles,8,6,ואתבעלת ואת כלערי המסכנות אשר היו לשלמה ואת כלערי הרכב ואת ערי הפרשים ואת&thinsp;<b></b> כלחשק שלמה אשר חשק לבנות בירושל͏ם ובלבנון ובכל ארץ ממשלתו,"as well as Baalath and all of Solomon’s garrison towns, chariot towns, and towns for his riderscriders Or “horses”; force of Heb. parash(im) uncertain.—everything that Solomon desired to build in Jerusalem and in the Lebanon, and throughout the territory that he ruled. ",Ninguno
II_Chronicles,8,7,כלהעם הנותר מןהחתי והאמרי והפרזי והחוי והיבוסי אשר לא מישראל המה,"All the people that were left of the Hittites, Amorites, Perizzites, Hivites, and Jebusites, none of whom were of Israelite stock— ",Ninguno
II_Chronicles,8,8,מןבניהם אשר נותרו אחריהם בארץ אשר לאכלום בני ישראל ויעלם שלמה למס עד היום הזה,"those of their descendants who were left after them in the land, whom the Israelites had not annihilated—these Solomon subjected to forced labor, as is still the case. ",Ninguno
II_Chronicles,8,9,"ומןבני ישראל אשר לאנתן שלמה לעבדים למלאכתו כיהמה אנשי מלחמה ושרי שלישיו ושרי רכבו ופרשיו&nbsp;<span class=""mam-spi-pe"">{פ}</span><br>","But the Israelites, none of whom Solomon enslaved for his works, served as soldiers and as his chief officers, and as commanders of his chariots and riders. ",Ninguno
II_Chronicles,8,10,"ואלה שרי <span class=""mam-kq""><span class=""mam-kq-k"">(הנציבים)</span> <span class=""mam-kq-q"">[הנצבים]</span></span> אשרלמלך שלמה חמשים ומאתים הרדים בעם",These were King Solomon’s prefects—250 supervisors over the people.,Ninguno
II_Chronicles,8,11,"ואתבתפרעה העלה שלמה מעיר דויד לבית אשר בנהלה כי אמר לאתשב אשה לי בבית דויד מלךישראל כיקדש המה אשרבאהאליהם ארון יהוה&nbsp;<span class=""mam-spi-pe"">{פ}</span><br>","Solomon brought up Pharaoh’s daughter from the City of David to the palace that he had built for her, for he said, “No wife of mine shall dwell in a palace of King David of Israel, for [the area] is sacred since the Ark of GOD has entered it.”",Ninguno
II_Chronicles,8,12,אז העלה שלמה עלות ליהוה על מזבח יהוה אשר בנה לפני האולם,"At that time, Solomon offered burnt offerings on the altar that he had built in front of the porch. ",Ninguno
II_Chronicles,8,13,ובדבריום ביום להעלות כמצות משה לשבתות ולחדשים ולמועדות שלוש פעמים בשנה בחג המצות ובחג השבעות ובחג הסכות,"What was due for each day he sacrificed according to the commandment of Moses for the sabbaths, the new moons, and the thrice-yearly festivals—the Feast of Unleavened Bread, the Feast of Weeks, and the Feast of Booths. ",Ninguno
II_Chronicles,8,14,ויעמד כמשפט דוידאביו אתמחלקות הכהנים עלעבדתם והלוים עלמשמרותם להלל ולשרת נגד הכהנים לדבריום ביומו והשערים במחלקותם לשער ושער כי כן מצות דויד אישהאלהים,"Following the prescription of his father David, he set up the divisions of the priests for their duties, and the Levites for their watches, to praise and to serve alongside the priests, according to each day’s requirement, and the gatekeepers in their watches, gate by gate, for such was the commandment of David, the agent of God. ",Ninguno
II_Chronicles,8,15,ולא סרו מצות המלך עלהכהנים והלוים לכלדבר ולאצרות,They did not depart from the commandment of the king relating to the priests and the Levites in all these matters and also relating to the treasuries.,Ninguno
II_Chronicles,8,16,"ותכן כלמלאכת שלמה עדהיום מוסד ביתיהוה ועדכלתו שלם בית יהוה&nbsp;<span class=""mam-spi-samekh"">{ס}</span>&nbsp;&nbsp;&nbsp;&nbsp;&nbsp;&nbsp;&nbsp;&nbsp;",And all of Solomon’s work was well executed from the day the House of GOD was founded until the House of GOD was completed to perfection.,Ninguno
II_Chronicles,8,17,אז הלך שלמה לעציוןגבר ואלאילות עלשפת הים בארץ אדום,At that time Solomon went to Ezion-geber and to Eloth on the seacoast of the land of Edom.,Ninguno
II_Chronicles,8,18,"וישלחלו חורם בידעבדיו <span class=""mam-kq""><span class=""mam-kq-k"">(אוניות)</span> <span class=""mam-kq-q"">[אניות]</span></span> ועבדים יודעי ים ויבאו עםעבדי שלמה אופירה ויקחו משם ארבעמאות וחמשים ככר זהב ויביאו אלהמלך שלמה&nbsp;<span class=""mam-spi-pe"">{פ}</span><br>","Huram sent him, under the charge of servants, a fleet with a crew of expert seamen; they went with Solomon’s men to Ophir, and obtained gold there in the amount of 450 talents, which they brought to King Solomon.",Percepción (Yada)
II_Chronicles,9,1,ומלכתשבא שמעה אתשמע שלמה ותבוא לנסות אתשלמה בחידות בירושל͏ם בחיל כבד מאד וגמלים נשאים בשמים וזהב לרב ואבן יקרה ותבוא אלשלמה ותדבר עמו את כלאשר היה עםלבבה,"aCf. 1 Kings 10; 11.41–43. The queen of Sheba heard of Solomon’s fame, and came to Jerusalem to test Solomon with hard questions, accompanied by a very large retinue, including camels bearing spices, a great quantity of gold, and precious stones. When she came to Solomon, she spoke to him of all that she had on her mind. ",Ninguno
II_Chronicles,9,2,ויגדלה שלמה אתכלדבריה ולאנעלם דבר משלמה אשר לא הגיד לה,"Solomon had answers for all her questions; there was nothing that Solomon did not know, nothing to which he could not give her an answer.",Ninguno
II_Chronicles,9,3,ותרא מלכתשבא את חכמת שלמה והבית אשר בנה,"When the queen of Sheba saw how wise Solomon was and the palace he had built, ",Ninguno
II_Chronicles,9,4,ומאכל שלחנו ומושב עבדיו ומעמד משרתיו ומלבושיהם ומשקיו ומלבושיהם ועליתו אשר יעלה בית יהוה ולאהיה עוד בה רוח,"the fare of his table, the seating of his courtiers, the service and attire of his attendants, his butlers and their attire, and the procession with which he went up to the House of GOD, it took her breath away. ",Ninguno
II_Chronicles,9,5,ותאמר אלהמלך אמת הדבר אשר שמעתי בארצי עלדבריך ועלחכמתך,"She said to the king, “What I heard in my own land about you and your wisdom was true. ",Ninguno
II_Chronicles,9,6,ולאהאמנתי לדבריהם עד אשרבאתי ותראינה עיני והנה לא הגדלי חצי מרבית חכמתך יספת עלהשמועה אשר שמעתי,I did not believe what they said until I came and saw with my own eyes that not even the half of your great wisdom had been described to me; you surpass the report that I heard.,Ninguno
II_Chronicles,9,7,אשרי אנשיך ואשרי עבדיך אלה העמדים לפניך תמיד ושמעים אתחכמתך,How fortunate are your people and how fortunate are these courtiers of yours who are always in attendance on you and can hear your wisdom!,Ninguno
II_Chronicles,9,8,יהי יהוה אלהיך ברוך אשר&thinsp;<b></b> חפץ בך לתתך עלכסאו למלך ליהוה אלהיך באהבת אלהיך אתישראל להעמידו לעולם ויתנך עליהם למלך לעשות משפט וצדקה,"Blessed is the ETERNAL your God, who favored you and set you on the throne as a king before the ETERNAL. It is because of your God’s love for Israel and in order to establish them forever that you were made king over them to execute righteous justice.”",Ninguno
II_Chronicles,9,9,ותתן למלך מאה ועשרים&thinsp;<b></b> ככר זהב ובשמים לרב מאד ואבן יקרה ולא היה כבשם ההוא אשרנתנה מלכתשבא למלך שלמה,"She presented the king with 120 talents of gold, and a vast quantity of spices and precious stones. There were no such spices as those that the queen of Sheba gave to King Solomon— ",Ninguno
II_Chronicles,9,10,"וגםעבדי <span class=""mam-kq""><span class=""mam-kq-k"">(חירם)</span> <span class=""mam-kq-q"">[חורם]</span></span> ועבדי שלמה אשרהביאו זהב מאופיר הביאו עצי אלגומים ואבן יקרה","also, the servants of Huram and Solomon who brought gold from Ophir brought algum-wood and precious stones. ",Ninguno
II_Chronicles,9,11,ויעש המלך אתעצי האלגומים מסלות לביתיהוה ולבית המלך וכנרות ונבלים לשרים ולאנראו כהם לפנים בארץ יהודה,"The king made of the algum-wood ramps for the House of GOD and for the royal palace, and lyres and harps for the musicians, whose like had never before been seen in the land of Judah— ",Ninguno
II_Chronicles,9,12,"והמלך שלמה נתן למלכתשבא אתכלחפצה אשר שאלה מלבד אשרהביאה אלהמלך ותהפך ותלך לארצה היא ועבדיה&nbsp;<span class=""mam-spi-pe"">{פ}</span><br>","King Solomon, in turn, gave the queen of Sheba everything she expressed a desire for, exceeding a return for what she had brought to the king. Then she and her courtiers left and returned to her own land.",Ninguno
II_Chronicles,9,13,ויהי משקל הזהב אשרבא לשלמה בשנה אחת שש מאות וששים ושש ככרי זהב,"The gold that Solomon received every year weighed 666 gold talents, ",Ninguno
II_Chronicles,9,14,לבד מאנשי התרים והסחרים מביאים וכלמלכי ערב ופחות הארץ מביאים זהב וכסף לשלמה,"besides what tradersbtraders Or “traders’ agents.” and merchants brought, and the gold and silver that all the kings of Arabia and governors of the regions brought to Solomon. ",Ninguno
II_Chronicles,9,15,ויעש המלך שלמה מאתים צנה זהב שחוט שש מאות זהב שחוט יעלה עלהצנה האחת,"King Solomon made 200 shields of beaten gold—600 shekels of beaten gold for each shield, ",Ninguno
II_Chronicles,9,16,ושלשמאות מגנים זהב שחוט שלש מאות זהב יעלה עלהמגן האחת ויתנם המלך בבית יער הלבנון,and 300 bucklers of beaten gold—300 [shekels] of gold for each buckler. The king placed them in the Lebanon Forest House.,Ninguno
II_Chronicles,9,17,ויעש המלך כסאשן גדול ויצפהו זהב טהור,"The king also made a large throne of ivory, overlaid with pure gold. ",Ninguno
II_Chronicles,9,18,ושש מעלות לכסא וכבש בזהב לכסא מאחזים וידות מזה ומזה עלמקום השבת ושנים אריות עמדים אצל הידות,"Six steps led up to the throne; and the throne had a golden footstool attached to it, and arms on either side of the seat. Two lions stood beside the arms, ",Ninguno
II_Chronicles,9,19,ושנים עשר אריות עמדים שם עלשש המעלות מזה ומזה לאנעשה כן לכלממלכה,"and twelve lions stood on the six steps, six on either side. None such was ever made for any other kingdom. ",Ninguno
II_Chronicles,9,20,וכל כלי משקה המלך שלמה זהב וכל כלי ביתיער הלבנון זהב סגור אין כסף נחשב בימי שלמה למאומה,"All of King Solomon’s drinking vessels were of gold, and all the utensils of the Lebanon Forest House were of pure gold; silver counted for nothing in Solomon’s days. ",Ninguno
II_Chronicles,9,21,"כיאניות למלך הלכות תרשיש עם עבדי חורם אחת לשלוש שנים תבואנה&thinsp;<b></b> אניות תרשיש נשאות זהב וכסף שנהבים וקופים ותוכיים&nbsp;<span class=""mam-spi-pe"">{פ}</span><br>","The king’s fleet traveled to Tarshish with Huram’s servants. Once every three years, the Tarshish fleet came in, bearing gold and silver, ivory, apes, and peacocks.",Ninguno
II_Chronicles,9,22,ויגדל המלך שלמה מכל מלכי הארץ לעשר וחכמה,King Solomon surpassed all the royal rulers of the earth in wealth and wisdom.,Ninguno
II_Chronicles,9,23,וכל מלכי הארץ מבקשים אתפני שלמה לשמע אתחכמתו אשרנתן האלהים בלבו,Every one of them came to pay homage to Solomon and to listen to the wisdom with which God had endowed him.,Ninguno
II_Chronicles,9,24,"והם מביאים איש מנחתו כלי כסף וכלי זהב ושלמות נשק ובשמים סוסים ופרדים דברשנה בשנה&nbsp;<span class=""mam-spi-samekh"">{ס}</span>&nbsp;&nbsp;&nbsp;&nbsp;&nbsp;&nbsp;&nbsp;&nbsp;","Each brought tribute—silver and gold objects, robes, weapons, and spices, horses and mules—in the amount due each year. ",Ninguno
II_Chronicles,9,25,ויהי לשלמה ארבעת אלפים אריות סוסים ומרכבות ושניםעשר אלף פרשים ויניחם בערי הרכב ועםהמלך בירושל͏ם,"Solomon had 4,000 stalls for horses and chariots, and 12,000 riders, which he stationed in the chariot towns and with the king in Jerusalem. ",Ninguno
II_Chronicles,9,26,ויהי מושל בכלהמלכים מןהנהר ועדארץ פלשתים ועד גבול מצרים,He ruled over all the kings from the Euphrates to the land of the Philistines and to the border of Egypt.,Ninguno
II_Chronicles,9,27,ויתן המלך אתהכסף בירושל͏ם כאבנים ואת הארזים נתן כשקמים אשרבשפלה לרב,"The king made silver as plentiful in Jerusalem as stones, and cedars as plentiful as sycamores in the Shephelah. ",Ninguno
II_Chronicles,9,28,ומוציאים סוסים ממצרים לשלמה ומכלהארצות,Horses were brought for Solomon from Egypt and all the lands.,Ninguno
II_Chronicles,9,29,"ושאר דברי שלמה הראשנים והאחרונים הלאהם כתובים עלדברי נתן הנביא ועלנבואת אחיה השילוני ובחזות <span class=""mam-kq""><span class=""mam-kq-k"">(יעדי)</span> <span class=""mam-kq-q"">[יעדו]</span></span> החזה עלירבעם בןנבט","The other events of Solomon’s reign, early and late, are recorded in the chronicle of the prophet Nathan and in the prophecies of Ahijah the Shilonite and in the visions of Jedo the seer concerning Jeroboam son of Nebat. ",Ninguno
II_Chronicles,9,30,וימלך שלמה בירושל͏ם עלכלישראל ארבעים שנה,Solomon reigned forty years over all Israel in Jerusalem.,Ninguno
II_Chronicles,9,31,"וישכב שלמה עםאבתיו ויקברהו בעיר דויד אביו וימלך רחבעם בנו תחתיו&nbsp;<span class=""mam-spi-pe"">{פ}</span><br>",Solomon rested with his ancestors and was buried in the city of his father David; his son Rehoboam succeeded him as king.,Ninguno
II_Chronicles,10,1,וילך רחבעם שכמה כי שכם באו כלישראל להמליך אתו,"aCf. 1 Kings 12.1–19. Rehoboam went to Shechem, for all Israel had come to Shechem to acclaim him king. ",Ninguno
II_Chronicles,10,2,ויהי כשמע ירבעם בןנבט והוא במצרים אשר ברח מפני שלמה המלך וישב ירבעם ממצרים,"Jeroboam son of Nebat learned of it while he was in Egypt where he had fled from King Solomon, and Jeroboam returned from Egypt. ",Ninguno
II_Chronicles,10,3,וישלחו ויקראולו ויבא ירבעם וכלישראל וידברו אלרחבעם לאמר,They sent for him; and Jeroboam and all Israel came and spoke to Rehoboam as follows:,Ninguno
II_Chronicles,10,4,אביך הקשה אתעלנו ועתה הקל מעבודת אביך הקשה ומעלו הכבד אשרנתן עלינו ונעבדך,"“Your father made our yoke heavy. Now lighten the harsh labor and the heavy yoke that your father laid on us, and we will serve you.” ",Ninguno
II_Chronicles,10,5,"ויאמר אלהם עוד שלשת ימים ושובו אלי וילך העם&nbsp;<span class=""mam-spi-samekh"">{ס}</span>&nbsp;&nbsp;&nbsp;&nbsp;&nbsp;&nbsp;&nbsp;&nbsp;","He answered them, “Come back to me in three days.” So the people went away.",Ninguno
II_Chronicles,10,6,ויועץ המלך רחבעם אתהזקנים אשרהיו עמדים לפני שלמה אביו בהיתו חי לאמר איך אתם נועצים להשיב לעםהזה דבר,"King Rehoboam took counsel with the elders who had served during the lifetime of his father Solomon. He said, “What answer do you counsel to give these people?” ",Ninguno
II_Chronicles,10,7,וידברו אליו לאמר אםתהיה לטוב להעם הזה ורציתם ודברת אלהם דברים טובים והיו לך עבדים כלהימים,"They answered him, “If you will be good to these people and appease them and speak to them with kind words, they will be your servants always.” ",Ninguno
II_Chronicles,10,8,ויעזב אתעצת הזקנים אשר יעצהו ויועץ אתהילדים אשר גדלו אתו העמדים לפניו,"But he ignored the counsel that the elders gave him, and took counsel with the young men who had grown up with him and were serving him. ",Ninguno
II_Chronicles,10,9,ויאמר אלהם מה אתם נועצים ונשיב דבר אתהעם הזה אשר דברו אלי לאמר הקל מןהעל אשרנתן אביך עלינו,"“What,” he asked, “do you counsel that we reply to these people who said to me, ‘Lighten the yoke that your father laid on us’?” ",Ninguno
II_Chronicles,10,10,וידברו אתו הילדים אשר גדלו אתו לאמר כהתאמר לעם אשרדברו אליך לאמר אביך הכביד אתעלנו ואתה הקל מעלינו כה תאמר אלהם קטני עבה ממתני אבי,"And the young men who had grown up with him answered, “Speak thus to the people who said to you, ‘Your father made our yoke heavy, now you make it lighter for us.’ Say to them, ‘My little finger is thicker than my father’s loins. ",Ninguno
II_Chronicles,10,11,"ועתה אבי העמיס עליכם על כבד ואני אסיף עלעלכם אבי יסר אתכם בשוטים ואני בעקרבים&nbsp;<span class=""mam-spi-pe"">{פ}</span><br>","My father imposed a heavy yoke on you, and I will add to your yoke; my father flogged you with whips, but I [will do so] with scorpions.’”",Ninguno
II_Chronicles,10,12,ויבא ירבעם וכלהעם אלרחבעם ביום השלשי כאשר דבר המלך לאמר שובו אלי ביום השלשי,"Jeroboam and all the people came to Rehoboam on the third day, since the king had told them, “Come back on the third day.” ",Ninguno
II_Chronicles,10,13,ויענם המלך קשה ויעזב המלך רחבעם את עצת הזקנים,The king answered them harshly; thus King Rehoboam ignored the elders’ counsel.,Ninguno
II_Chronicles,10,14,וידבר אלהם כעצת הילדים לאמר אכביד אתעלכם ואני אסיף עליו אבי יסר אתכם בשוטים ואני בעקרבים,"He spoke to them in accordance with the counsel of the young men, and said, “I will makebI will make Some mss. and printed editions read “my father made”; cf. 1 Kings 12.14. your yoke heavy, and I will add to it; my father flogged you with whips, but I [will do so] with scorpions.” ",Ninguno
II_Chronicles,10,15,ולאשמע המלך אלהעם כיהיתה נסבה מעם האלהים למען הקים יהוה אתדברו אשר דבר ביד אחיהו השלוני אלירבעם בןנבט,"The king did not listen to the people, for God had brought it about—in order to fulfill the promise that GOD had made through Ahijah the Shilonite to Jeroboam son of Nebat. ",Ninguno
II_Chronicles,10,16,"וכלישראל כי לאשמע המלך להם וישיבו העם אתהמלך&thinsp;<small></small>&thinsp;לאמר מהלנו חלק בדויד ולאנחלה בבןישי איש לאהליך ישראל עתה ראה ביתך דויד וילך כלישראל לאהליו&nbsp;<span class=""mam-spi-samekh"">{ס}</span>&nbsp;&nbsp;&nbsp;&nbsp;&nbsp;&nbsp;&nbsp;&nbsp;","When all Israel [saw] that the king had not listened to them, the people answered the king:“We have no portion in David,No share in Jesse’s son!Everyone to your tents, O Israel!Now look to your own house, O David.”So all Israel returned to their homes.chomes Lit. “tents.” ",Ninguno
II_Chronicles,10,17,ובני ישראל הישבים בערי יהודה וימלך עליהם רחבעם,But Rehoboam continued to reign over the Israelites who lived in the towns of Judah.,Ninguno
II_Chronicles,10,18,"וישלח המלך רחבעם אתהדרם אשר עלהמס וירגמובו בניישראל אבן וימת&nbsp;<span class=""mam-spi-samekh"">{ס}</span>&nbsp;&nbsp;&nbsp;&nbsp;&nbsp;&nbsp;&nbsp;&nbsp;והמלך רחבעם התאמץ לעלות במרכבה לנוס ירושל͏ם&nbsp;<span class=""mam-spi-samekh"">{ס}</span>&nbsp;&nbsp;&nbsp;&nbsp;&nbsp;&nbsp;&nbsp;&nbsp;","King Rehoboam sent out Hadoram, who was in charge of the forced labor, but the Israelites pelted him to death with stones. Thereupon, King Rehoboam hurriedly mounted his chariot and fled to Jerusalem. ",Ninguno
II_Chronicles,10,19,ויפשעו ישראל בבית דויד עד היום הזה,Israel has been in revolt against the house of David to this day.,Ninguno
II_Chronicles,11,1,"ויבא רחבעם ירושל͏ם ויקהל אתבית יהודה ובנימן מאה ושמונים אלף בחור עשה מלחמה להלחם עםישראל להשיב אתהממלכה לרחבעם&nbsp;<span class=""mam-spi-pe"">{פ}</span><br>","aCf. 1 Kings 12.21–24. When Rehoboam arrived in Jerusalem, he mustered the house of Judah and Benjamin, 180,000 of the best soldiers, to make war with Israel in order to restore the kingdom to Rehoboam. ",Ninguno
II_Chronicles,11,2,ויהי דבריהוה אלשמעיהו אישהאלהים לאמר,"But the word of GOD came to Shemaiah, the agent of God: ",Ninguno
II_Chronicles,11,3,אמר אלרחבעם בןשלמה מלך יהודה ואל כלישראל ביהודה ובנימן לאמר,"“Say to Rehoboam son of Solomon king of Judah, and to all Israel in Judah and Benjamin: ",Ninguno
II_Chronicles,11,4,"כה אמר יהוה לאתעלו ולאתלחמו עםאחיכם שובו איש לביתו כי מאתי נהיה הדבר הזה וישמעו אתדברי יהוה וישבו מלכת אלירבעם&nbsp;<span class=""mam-spi-pe"">{פ}</span><br>","Thus said GOD: You shall not set out to make war on your kin. Return to your homes, for this thing has been brought about by Me.” They heeded GOD’s words and refrained from marching against Jeroboam. ",Ninguno
II_Chronicles,11,5,וישב רחבעם בירושל͏ם ויבן ערים למצור ביהודה,Rehoboam dwelt in Jerusalem and built fortified towns in Judah.,Ninguno
II_Chronicles,11,6,ויבן אתביתלחם ואתעיטם ואתתקוע,"He built up Bethlehem, and Etam, and Tekoa, ",Ninguno
II_Chronicles,11,7,ואתביתצור ואתשוכו ואתעדלם,"and Beth-zur, and Soco, and Adullam, ",Ninguno
II_Chronicles,11,8,ואתגת ואתמרשה ואתזיף,"and Gath, and Mareshah, and Ziph, ",Ninguno
II_Chronicles,11,9,ואתאדורים ואתלכיש ואתעזקה,"and Adoraim, and Lachish, and Azekah, ",Ninguno
II_Chronicles,11,10,ואתצרעה ואתאילון ואתחברון אשר ביהודה ובבנימן ערי מצרות,"and Zorah, and Aijalon, and Hebron, which are in Judah and in Benjamin, as fortified towns. ",Ninguno
II_Chronicles,11,11,ויחזק אתהמצורות ויתן בהם נגידים ואצרות מאכל ושמן ויין,"He strengthened the fortified towns and put commanders in them, along with stores of food, oil, and wine, ",Ninguno
II_Chronicles,11,12,"ובכלעיר ועיר צנות ורמחים ויחזקם להרבה מאד ויהילו יהודה ובנימן&nbsp;<span class=""mam-spi-samekh"">{ס}</span>&nbsp;&nbsp;&nbsp;&nbsp;&nbsp;&nbsp;&nbsp;&nbsp;",and shields and spears in every town. He strengthened them exceedingly; thus Judah and Benjamin were his.,Ninguno
II_Chronicles,11,13,והכהנים והלוים אשר בכלישראל התיצבו עליו מכלגבולם,"The priests and the Levites, from all their territories throughout Israel, presented themselves to him. ",Ninguno
II_Chronicles,11,14,כיעזבו הלוים אתמגרשיהם ואחזתם וילכו ליהודה ולירושל͏ם כיהזניחם ירבעם ובניו מכהן ליהוה,"The Levites had left their pasturelands and their holdings and had set out for Judah and Jerusalem, for Jeroboam and his sons had prevented them from serving GOD, ",Ninguno
II_Chronicles,11,15,ויעמדלו כהנים לבמות ולשעירים ולעגלים אשר עשה,"having appointed his own priests for the shrines, goat-demons, and calves that he had made. ",Ninguno
II_Chronicles,11,16,ואחריהם מכל שבטי ישראל הנתנים אתלבבם לבקש אתיהוה אלהי ישראל באו ירושל͏ם לזבוח ליהוה אלהי אבותיהם,"From all the tribes of Israel, those intent on seeking the ETERNAL God of Israel followed them to Jerusalem, to sacrifice to the ETERNAL God of their ancestors. ",Ninguno
II_Chronicles,11,17,ויחזקו אתמלכות יהודה ויאמצו אתרחבעם בןשלמה לשנים שלוש כי הלכו בדרך דויד ושלמה לשנים שלוש,"They strengthened the kingdom of Judah, and supported Rehoboam son of Solomon for three years, for they followed the ways of David and Solomon for three years.",Ninguno
II_Chronicles,11,18,"ויקחלו רחבעם אשה אתמחלת <span class=""mam-kq""><span class=""mam-kq-k"">(בן)</span> <span class=""mam-kq-q"">[בת]</span></span>ירימות בןדויד אביהיל בתאליאב בןישי","Rehoboam married Mahalath daughter of Jerimoth son of David, and Abihail daughter of Eliab son of Jesse. ",Ninguno
II_Chronicles,11,19,ותלד לו בנים אתיעוש ואתשמריה ואתזהם,"She bore him sons: Jeush, Shemariah, and Zaham. ",Ninguno
II_Chronicles,11,20,ואחריה לקח אתמעכה בתאבשלום ותלד לו אתאביה ואתעתי ואתזיזא ואתשלמית,"He then took Maacah daughter of Absalom; she bore him Abijah, Attai, Ziza, and Shelomith. ",Ninguno
II_Chronicles,11,21,ויאהב רחבעם אתמעכה בתאבשלום מכלנשיו ופילגשיו כי נשים שמונהעשרה נשא ופילגשים ששים ויולד עשרים ושמונה בנים וששים בנות,Rehoboam loved Maacah daughter of Absalom more than his other wives and concubines—for he took eighteen wives and sixty concubines; he begot twenty-eight sons and sixty daughters.,Ninguno
II_Chronicles,11,22,ויעמד לראש רחבעם אתאביה בןמעכה לנגיד באחיו כי להמליכו,"Rehoboam designated Abijah son of Maacah as chief and leader among his brothers, for he intended him to be his successor. ",Ninguno
II_Chronicles,11,23,ויבן ויפרץ מכלבניו לכלארצות יהודה ובנימן לכל ערי המצרות ויתן להם המזון לרב וישאל המון נשים,"He prudently distributed all his sons throughout the regions of Judah and Benjamin and throughout the fortified towns; he provided them with abundant food, and he sought many wives for them.",Ninguno
II_Chronicles,12,1,"ויהי כהכין מלכות רחבעם וכחזקתו עזב אתתורת יהוה וכלישראל עמו&nbsp;<span class=""mam-spi-pe"">{פ}</span><br>","When the kingship of Rehoboam was firmly established, and he grew strong, he abandoned the Teaching of GOD, he and all Israel with him.",Ninguno
II_Chronicles,12,2,ויהי בשנה החמישית למלך רחבעם עלה שישק מלךמצרים עלירושל͏ם כי מעלו ביהוה,"In the fifth year of King Rehoboam, King Shishak of Egypt marched against Jerusalem—for they had trespassed against GOD— ",Ninguno
II_Chronicles,12,3,באלף ומאתים רכב ובששים אלף פרשים ואין מספר לעם אשרבאו עמו ממצרים לובים סכיים וכושים,"with 1,200 chariots, 60,000 ridersariders Or “horses”; see note at 8.6. and innumerable troops who came with him from Egypt: Libyans, Sukkites, and Cushites. ",Ninguno
II_Chronicles,12,4,"וילכד אתערי המצרות אשר ליהודה ויבא עדירושל͏ם&nbsp;<span class=""mam-spi-samekh"">{ס}</span>&nbsp;&nbsp;&nbsp;&nbsp;&nbsp;&nbsp;&nbsp;&nbsp;",He took the fortified towns of Judah and advanced on Jerusalem.,Ninguno
II_Chronicles,12,5,ושמעיה הנביא בא אלרחבעם ושרי יהודה אשרנאספו אלירושל͏ם מפני שישק ויאמר להם כהאמר יהוה אתם עזבתם אתי ואףאני עזבתי אתכם בידשישק,"The prophet Shemaiah came to Rehoboam and the officers of Judah, who had assembled in Jerusalem because of Shishak, and said to them, “Thus said GOD: You have abandoned Me, so I am abandoning you to Shishak.” ",Ninguno
II_Chronicles,12,6,ויכנעו שריישראל והמלך ויאמרו צדיק&thinsp;<small></small>&thinsp;יהוה,"Then the officers of Israel and the king humbled themselves and declared, “GOD is in the right.” ",Ninguno
II_Chronicles,12,7,ובראות יהוה כי נכנעו היה דבריהוה אלשמעיה&thinsp;<small></small>&thinsp;לאמר נכנעו לא אשחיתם ונתתי להם כמעט לפליטה ולאתתך חמתי בירושל͏ם בידשישק,"When GOD saw that they had submitted, the word of GOD came to Shemaiah, saying, “Since they have humbled themselves, I will not destroy them but will grant them some measure of deliverance, and My wrath will not be poured out on Jerusalem through Shishak. ",Ninguno
II_Chronicles,12,8,"כי יהיולו לעבדים וידעו עבודתי ועבודת ממלכות הארצות&nbsp;<span class=""mam-spi-samekh"">{ס}</span>&nbsp;&nbsp;&nbsp;&nbsp;&nbsp;&nbsp;&nbsp;&nbsp;","They will be subject to him, and they will know the difference between serving Me and serving the kingdoms of the earth.” King Shishak of Egypt marched against Jerusalem. ",Percepción (Yada)
II_Chronicles,12,9,ויעל שישק מלךמצרים עלירושל͏ם ויקח אתאצרות ביתיהוה ואתאצרות בית המלך אתהכל לקח ויקח אתמגני הזהב אשר עשה שלמה,bCf. 1 Kings 14.26–31. He took away the treasures of the House of GOD and the treasures of the royal palace; he took away everything; he took away the golden shields that Solomon had made. ,Ninguno
II_Chronicles,12,10,ויעש המלך רחבעם תחתיהם מגני נחשת והפקיד עליד שרי הרצים השמרים פתח בית המלך,"King Rehoboam had bronze shields made in their place, and entrusted them to the officers of the guardcguard Lit. “runners.” who guarded the entrance to the royal palace. ",Ninguno
II_Chronicles,12,11,ויהי מדיבוא המלך בית יהוה באו הרצים ונשאום והשבום אלתא הרצים,"Whenever the king entered the House of GOD, the guards would carry them and then bring them back to the armory of the guards. ",Ninguno
II_Chronicles,12,12,"ובהכנעו שב ממנו אףיהוה ולא להשחית לכלה וגם ביהודה היה דברים טובים&nbsp;<span class=""mam-spi-samekh"">{ס}</span>&nbsp;&nbsp;&nbsp;&nbsp;&nbsp;&nbsp;&nbsp;&nbsp;","After he had humbled himself, the anger of GOD was averted and he was not destroyed entirely; in Judah, too, good things were found.",Ninguno
II_Chronicles,12,13,ויתחזק המלך רחבעם בירושל͏ם וימלך כי בןארבעים ואחת שנה רחבעם במלכו ושבע עשרה שנה&thinsp;<b></b> מלך בירושל͏ם העיר אשרבחר יהוה לשום אתשמו שם מכל שבטי ישראל ושם אמו נעמה העמנית,"King Rehoboam grew strong in Jerusalem and exercised kingship. Rehoboam was forty-one years old when he became king, and he reigned seventeen years in Jerusalem—the city GOD had chosen out of all the tribes of Israel to establish a templeda temple Lit. “His name,” i.e., the temple bearing GOD’s name. there. His mother’s name was Naamah the Ammonitess. ",Ninguno
II_Chronicles,12,14,"ויעש הרע כי לא הכין לבו לדרוש אתיהוה&nbsp;<span class=""mam-spi-samekh"">{ס}</span>&nbsp;&nbsp;&nbsp;&nbsp;&nbsp;&nbsp;&nbsp;&nbsp;","He did what was wrong, for he had not set his heart to seek GOD. ",Ninguno
II_Chronicles,12,15,ודברי רחבעם הראשנים והאחרונים הלאהם כתובים בדברי שמעיה הנביא ועדו החזה להתיחש ומלחמות רחבעם וירבעם כלהימים,"The deeds of Rehoboam, early and late, are recorded in the chronicles of the prophet Shemaiah and Iddo the seer, in the manner of genealogy. There was continuous war between Rehoboam and Jeroboam. ",Ninguno
II_Chronicles,12,16,"וישכב רחבעם עםאבתיו ויקבר בעיר דויד וימלך אביה בנו תחתיו&nbsp;<span class=""mam-spi-pe"">{פ}</span><br>",Rehoboam rested with his ancestors and was buried in the City of David. His son Abijah succeeded him as king.,Ninguno
II_Chronicles,13,1,בשנת שמונה עשרה למלך ירבעם וימלך אביה עליהודה,"In the eighteenth year of King Jeroboam, Abijah became king over Judah. ",Ninguno
II_Chronicles,13,2,שלוש שנים מלך בירושל͏ם ושם אמו מיכיהו בתאוריאל מןגבעה ומלחמה היתה בין אביה ובין ירבעם,He reigned three years in Jerusalem; his mother’s name was Micaiah daughter of Uriel of Gibeah. There was war between Abijah and Jeroboam.,Separación (Beyn)
II_Chronicles,13,3,"ויאסר אביה אתהמלחמה בחיל גבורי מלחמה ארבעמאות אלף איש בחור&nbsp;<span class=""mam-spi-samekh"">{ס}</span>&nbsp;&nbsp;&nbsp;&nbsp;&nbsp;&nbsp;&nbsp;&nbsp;וירבעם ערך עמו מלחמה בשמונה מאות אלף איש בחור גבור חיל&nbsp;<span class=""mam-spi-samekh"">{ס}</span>&nbsp;&nbsp;&nbsp;&nbsp;&nbsp;&nbsp;&nbsp;&nbsp;","Abijah joined battle with a force of warriors, 400,000 of the best troops. Jeroboam arrayed for battle against him 800,000 of the best troops, warriors. ",Ninguno
II_Chronicles,13,4,ויקם אביה מעל להר צמרים אשר בהר אפרים ויאמר שמעוני ירבעם וכלישראל,"Abijah stood on top of Mount Zemaraim in the hill country of Ephraim and said, “Listen to me, Jeroboam and all Israel. ",Ninguno
II_Chronicles,13,5,"הלא לכם לדעת כי יהוה&thinsp;<b></b> אלהי ישראל נתן ממלכה לדויד עלישראל לעולם לו ולבניו ברית מלח&nbsp;<span class=""mam-spi-pe"">{פ}</span><br>",Surely you know that the ETERNAL God of Israel gave David kingship over Israel forever—to him and his sons—by a covenant of salt.,Ninguno
II_Chronicles,13,6,ויקם ירבעם בןנבט עבד שלמה בןדויד וימרד עלאדניו,"Jeroboam son of Nebat had been in the service of Solomon son of David, but he rose up and rebelled against his master. ",Ninguno
II_Chronicles,13,7,ויקבצו עליו אנשים רקים בני בליעל ויתאמצו עלרחבעם בןשלמה ורחבעם היה נער ורךלבב ולא התחזק לפניהם,Riffraff and scoundrels gathered around him and pressed hard upon Rehoboam son of Solomon. Rehoboam was inexperienced and fainthearted and could not stand up to them.,Ninguno
II_Chronicles,13,8,ועתה&thinsp;<b></b> אתם אמרים להתחזק לפני ממלכת יהוה ביד בני דויד ואתם המון רב ועמכם עגלי זהב אשר עשה לכם ירבעם לאלהים,"Now you are bent on opposing GOD’s kingdom, which is in the charge of the sons of David, because you are a great multitude and possess the golden calves that Jeroboam made for you as gods. ",Ninguno
II_Chronicles,13,9,"הלא הדחתם אתכהני יהוה אתבני אהרן והלוים ותעשו לכם כהנים כעמי הארצות כלהבא למלא ידו בפר בןבקר ואילם שבעה והיה כהן ללא אלהים&nbsp;<span class=""mam-spi-samekh"">{ס}</span>&nbsp;&nbsp;&nbsp;&nbsp;&nbsp;&nbsp;&nbsp;&nbsp;","Did you not banish GOD’s priests, the sons of Aaron and the Levites, and, like the peoples of the land, appoint your own priests? Anyone who offered himself for ordination with a young bull of the herd and seven rams became a priest of no-gods! ",Ninguno
II_Chronicles,13,10,ואנחנו יהוה אלהינו ולא עזבנהו וכהנים משרתים ליהוה בני אהרן והלוים במלאכת,"As for us, our God is the ETERNAL, whom we have not forsaken. The priests who minister to GOD are the sons of Aaron, and the Levites are at their tasks. ",Ninguno
II_Chronicles,13,11,ומקטרים ליהוה עלות בבקרבבקר ובערבבערב וקטרתסמים ומערכת לחם עלהשלחן הטהור ומנורת הזהב ונרתיה לבער בערב בערב כישמרים אנחנו אתמשמרת יהוה אלהינו ואתם עזבתם אתו,"They offer burnt offerings in smoke each morning and each evening, and the aromatic incense, the rows of bread on the pure table; they kindle the golden lampstand with its lamps burning each evening, for we keep the charge of the ETERNAL our God, while you have forsaken it. ",Ninguno
II_Chronicles,13,12,והנה עמנו בראש האלהים&thinsp;<small></small>&thinsp;וכהניו וחצצרות התרועה להריע עליכם בני ישראל אלתלחמו עםיהוה אלהיאבתיכם כילא תצליחו,"See who is with us as our chief: God, whose priests have the trumpets for sounding blasts against you. O children of Israel, do not fight the ETERNAL God of your ancestors, because you will not succeed.” ",Ninguno
II_Chronicles,13,13,וירבעם הסב אתהמארב לבוא מאחריהם ויהיו לפני יהודה והמארב מאחריהם,"Jeroboam, however, had directed the ambush to go around and come from the rear, thus the main body wasathe main body was Lit. “they were.” in front of Judah, while the ambush was behind them. ",Ninguno
II_Chronicles,13,14,"ויפנו יהודה והנה להם המלחמה פנים ואחור ויצעקו ליהוה והכהנים <span class=""mam-kq""><span class=""mam-kq-k"">(מחצצרים)</span> <span class=""mam-kq-q"">[מחצרים]</span></span> בחצצרות","When Judah turned around and saw that the fighting was before and behind them, they cried out to GOD, and the priests blew the trumpets. ",Ninguno
II_Chronicles,13,15,ויריעו איש יהודה ויהי בהריע איש יהודה והאלהים נגף אתירבעם וכלישראל לפני אביה ויהודה,"Judah’s side raised a shout; and when Judah’s side raised a shout, God routed Jeroboam and all Israel before Abijah and Judah. ",Ninguno
II_Chronicles,13,16,וינוסו בניישראל מפני יהודה ויתנם אלהים בידם,"The Israelites fled before Judah, and God delivered them into their hands. ",Ninguno
II_Chronicles,13,17,ויכו בהם אביה ועמו מכה רבה ויפלו חללים מישראל חמשמאות אלף איש בחור,"Abijah and his army inflicted a severe defeat on them; 500,000 of Israel’s best troops fell slain. ",Ninguno
II_Chronicles,13,18,ויכנעו בניישראל בעת ההיא ויאמצו בני יהודה כי נשענו עליהוה אלהי אבותיהם,"The Israelites were crushed at that time, while the people of Judah triumphed because they relied on the ETERNAL God of their ancestors. ",Ninguno
II_Chronicles,13,19,"וירדף אביה אחרי ירבעם וילכד ממנו ערים אתביתאל ואתבנותיה ואתישנה ואתבנותיה ואת<span class=""mam-kq""><span class=""mam-kq-k"">(עפרון)</span> <span class=""mam-kq-q"">[עפרין]</span></span> ובנתיה","Abijah pursued Jeroboam and captured some of his cities—Bethel with its dependencies, Jeshanah with its dependencies, and Ephrain with its dependencies. ",Ninguno
II_Chronicles,13,20,"ולאעצר כחירבעם עוד בימי אביהו ויגפהו יהוה וימת&nbsp;<span class=""mam-spi-pe"">{פ}</span><br>",Jeroboam could not muster strength again during the days of Abijah. GOD struck him down and he died.,Ninguno
II_Chronicles,13,21,ויתחזק אביהו וישאלו נשים ארבע עשרה ויולד עשרים ושנים בנים ושש עשרה בנות,But Abijah grew powerful; he married fourteen wives and begat twenty-two sons and sixteen daughters.,Ninguno
II_Chronicles,13,22,ויתר דברי אביה ודרכיו ודבריו כתובים במדרש הנביא עדו,"The other events of Abijah’s reign, his conduct and his acts, are recorded in the story of the prophet Iddo. ",Ninguno
II_Chronicles,13,23,"וישכב אביה עםאבתיו ויקברו אתו בעיר דויד וימלך אסא בנו תחתיו בימיו שקטה הארץ עשר שנים&nbsp;<span class=""mam-spi-pe"">{פ}</span><br>",Abijah rested with his ancestors and was buried in the City of David; his son Asa succeeded him as king. The land was untroubled for ten years.,Ninguno
II_Chronicles,14,1,ויעש אסא הטוב והישר בעיני יהוה אלהיו,Asa did what was good and pleasing to the ETERNAL his God.,Ninguno
II_Chronicles,14,2,ויסר אתמזבחות הנכר והבמות וישבר אתהמצבות ויגדע אתהאשרים,He abolished the alien altars and shrines; he smashed the pillars and cut down the sacred posts.asacred posts Used in worship of the goddess Asherah. ,Ninguno
II_Chronicles,14,3,ויאמר ליהודה לדרוש אתיהוה אלהי אבותיהם ולעשות התורה והמצוה,He ordered Judah to turn to the ETERNAL God of their ancestors and to observe the Teaching and the Commandment.,Ninguno
II_Chronicles,14,4,ויסר מכלערי יהודה אתהבמות ואתהחמנים ותשקט הממלכה לפניו,"He abolished the shrines and the incense stands throughout the cities of Judah, and the kingdom was untroubled under him. ",Ninguno
II_Chronicles,14,5,ויבן ערי מצורה ביהודה כישקטה הארץ ואיןעמו מלחמה בשנים האלה כיהניח יהוה לו,"He built fortified towns in Judah, since the land was untroubled and he was not engaged in warfare during those years, for GOD had granted him respite. ",Ninguno
II_Chronicles,14,6,"ויאמר ליהודה נבנה&thinsp;<b></b> אתהערים האלה ונסב חומה ומגדלים דלתים ובריחים עודנו הארץ לפנינו כי דרשנו אתיהוה אלהינו דרשנו וינחלנו מסביב ויבנו ויצליחו&nbsp;<span class=""mam-spi-pe"">{פ}</span><br>","He said to Judah, “Let us build up these cities and surround them with walls and towers, gates and bars, while the land is at our disposal because we turned to the ETERNAL our God—after we did so, we were given respite on all sides.” They were successful in their building.",Ninguno
II_Chronicles,14,7,"ויהי לאסא חיל נשא צנה ורמח מיהודה שלש מאות אלף&nbsp;<span class=""mam-spi-samekh"">{ס}</span>&nbsp;&nbsp;&nbsp;&nbsp;&nbsp;&nbsp;&nbsp;&nbsp;ומבנימן נשאי מגן ודרכי קשת מאתים ושמונים אלף כלאלה גבורי חיל","Asa had an army of 300,000 men from Judah bearing shields and spears, and 280,000 from Benjamin bearing bucklers and drawing the bow; all these were valiant warriors. ",Ninguno
II_Chronicles,14,8,ויצא אליהם זרח הכושי בחיל אלף אלפים ומרכבות שלש מאות ויבא עדמרשה,Zerah the Cushite marched out against them with an army of a thousand thousand and 300 chariots. When he reached Mareshah,Ninguno
II_Chronicles,14,9,ויצא אסא לפניו ויערכו מלחמה בגיא צפתה למרשה,"Asa confronted him, and the battle lines were drawn in the valley of Zephat by Mareshah. ",Ninguno
II_Chronicles,14,10,"ויקרא אסא אליהוה אלהיו ויאמר יהוה איןעמך לעזר בין רב לאין כח עזרנו יהוה אלהינו כיעליך נשענו ובשמך באנו עלההמון הזה יהוה אלהינו אתה אליעצר עמך אנוש&nbsp;<span class=""mam-spi-samekh"">{ס}</span>&nbsp;&nbsp;&nbsp;&nbsp;&nbsp;&nbsp;&nbsp;&nbsp;","Asa called to the ETERNAL his God, and said, “O ETERNAL One, it is all the same to You to help the numerous and the powerless. Help us, our ETERNAL God, for we rely on You, and in Your name we have come against this great multitude. You are the ETERNAL our God. Let no mortal hinder You.” ",Separación (Beyn)
II_Chronicles,14,11,ויגף יהוה אתהכושים לפני אסא ולפני יהודה וינסו הכושים,"So GOD routed the Cushites before Asa and Judah, and the Cushites fled. ",Ninguno
II_Chronicles,14,12,וירדפם אסא והעם אשרעמו עדלגרר ויפל מכושים לאין להם מחיה כינשברו לפנייהוה ולפני מחנהו וישאו שלל הרבה מאד,"Asa and the army with him pursued them as far as Gerar. Many of the Cushites fell wounded beyond recovery, for they broke before GOD’s camp.bbefore GOD’s camp Heb. “before GOD and before His camp.” Very much spoil was taken. ",Ninguno
II_Chronicles,14,13,ויכו את כלהערים סביבות גרר כיהיה פחדיהוה עליהם ויבזו אתכלהערים כיבזה רבה היתה בהם,"All the cities in the vicinity of Gerar were ravaged, for a terror of GOD seized them. All the cities were plundered, and they yielded much booty. ",Ninguno
II_Chronicles,14,14,"וגםאהלי מקנה הכו וישבו צאן לרב וגמלים וישבו ירושל͏ם&nbsp;<span class=""mam-spi-samekh"">{ס}</span>&nbsp;&nbsp;&nbsp;&nbsp;&nbsp;&nbsp;&nbsp;&nbsp;","They also ravaged the encampment of herders, capturing much sheep, and camels. Then they returned to Jerusalem.",Ninguno
II_Chronicles,15,1,ועזריהו בןעודד היתה עליו רוח אלהים,The spirit of God came upon Azariah son of Oded.,Ninguno
II_Chronicles,15,2,"ויצא לפני אסא ויאמר לו שמעוני אסא וכליהודה ובנימן יהוה עמכם בהיותכם עמו ואםתדרשהו ימצא לכם ואםתעזבהו יעזב אתכם&nbsp;<span class=""mam-spi-samekh"">{ס}</span>&nbsp;&nbsp;&nbsp;&nbsp;&nbsp;&nbsp;&nbsp;&nbsp;","He came to Asa and said to him, “Listen to me, Asa and all Judah and Benjamin; GOD is with you as long as you act faithfully.aact faithfully Lit. “are with Him.” If it is [God] whom you seek, you will be answered, but if you forsake [God], you will be forsaken. ",Ninguno
II_Chronicles,15,3,וימים רבים לישראל ללא&thinsp;<b></b> אלהי אמת וללא כהן מורה וללא תורה,"Israel has gone many days without the true God, without a priest to give instruction and without Teaching. ",Ninguno
II_Chronicles,15,4,וישב בצרלו עליהוה אלהי ישראל ויבקשהו וימצא להם,"But in distress it returned to the ETERNAL God of Israel, whom it sought—and who, in turn, responded. ",Ninguno
II_Chronicles,15,5,ובעתים ההם אין שלום ליוצא ולבא כי מהומת רבות על כלישבי הארצות,"At those times, no wayfarerbwayfarer Lit. “one who goes out and one who comes in.” was safe, for there was much tumult among all the inhabitants of the lands. ",Ninguno
II_Chronicles,15,6,וכתתו גויבגוי ועיר בעיר כיאלהים הממם בכלצרה,"Nation was crushed by nation and city by city, for God threw them into panic with every kind of trouble. ",Ninguno
II_Chronicles,15,7,"ואתם חזקו ואלירפו ידיכם כי יש שכר לפעלתכם&nbsp;<span class=""mam-spi-samekh"">{ס}</span>&nbsp;&nbsp;&nbsp;&nbsp;&nbsp;&nbsp;&nbsp;&nbsp;","As for you, be strong, do not be disheartened, for there is reward for your labor.”",Ninguno
II_Chronicles,15,8,וכשמע אסא הדברים האלה והנבואה עדד הנביא התחזק ויעבר השקוצים מכלארץ יהודה ובנימן ומןהערים אשר לכד מהר אפרים ויחדש אתמזבח יהוה אשר לפני אולם יהוה,"When Asa heard these words, the prophecy of Oded the prophet, he took courage and removed the abominations from the entire land of Judah and Benjamin and from the cities that he had captured in the hill country of Ephraim. He restored the altar of GOD in front of the porch of GOD. ",Ninguno
II_Chronicles,15,9,"ויקבץ אתכליהודה ובנימן והגרים עמהם מאפרים ומנשה ומשמעון כינפלו עליו מישראל לרב בראתם כייהוה אלהיו עמו&nbsp;<span class=""mam-spi-pe"">{פ}</span><br>","He assembled all the people of Judah and Benjamin and those people of Ephraim, Manasseh, and Simeon who sojourned among them, for many in Israel had thrown in their lot with him when they saw that the ETERNAL his God was with him. ",Ninguno
II_Chronicles,15,10,ויקבצו ירושל͏ם בחדש השלשי לשנת חמשעשרה למלכות אסא,They were assembled in Jerusalem in the third month of the fifteenth year of the reign of Asa.,Ninguno
II_Chronicles,15,11,ויזבחו ליהוה ביום ההוא מןהשלל הביאו בקר שבע מאות וצאן שבעת אלפים,"They brought sacrifices to GOD on that day; they brought 700 oxen and 7,000 sheep of the spoil. ",Ninguno
II_Chronicles,15,12,ויבאו בברית לדרוש אתיהוה אלהי אבותיהם בכללבבם ובכלנפשם,They entered into a covenant to worship the ETERNAL God of their ancestors with all their heart and with all their soul.,Ninguno
II_Chronicles,15,13,וכל אשר לאידרש ליהוה אלהיישראל יומת למןקטן ועדגדול למאיש ועדאשה,"Whoever would not worship the ETERNAL God of Israel would be put to death, whether small or great, whether man or woman. ",Ninguno
II_Chronicles,15,14,וישבעו ליהוה בקול גדול ובתרועה ובחצצרות ובשופרות,"So they took an oath to GOD in a loud voice and with shouts, with trumpeting and blasts of the horn. ",Ninguno
II_Chronicles,15,15,וישמחו כליהודה עלהשבועה כי בכללבבם נשבעו ובכלרצונם בקשהו וימצא להם וינח יהוה להם מסביב,"All Judah rejoiced over the oath, for they swore with all their heart and sought [God] with all their will. In response, they were given respite on every side.",Ninguno
II_Chronicles,15,16,וגםמעכה אם&thinsp;<b></b> אסא המלך הסירה מגבירה אשרעשתה לאשרה מפלצת ויכרת אסא אתמפלצתה וידק וישרף בנחל קדרון,"cCf. 1 Kings 15.13–16. King Asa also deposed his mother Maacah from the rank of queen mother, because she had made an abominable thing for [the goddess] Asherah. Asa cut down her abominable thing, reduced it to dust, and burned it in the Wadi Kidron. ",Ninguno
II_Chronicles,15,17,והבמות לאסרו מישראל רק לבבאסא היה שלם כלימיו,"The shrines, indeed, were not abolished in Israel; however, Asa was wholehearted [with GOD] all his life. ",Ninguno
II_Chronicles,15,18,ויבא אתקדשי אביו וקדשיו בית האלהים כסף וזהב וכלים,"He brought into the House of God the things that he and his father had consecrated—silver, gold, and utensils. ",Ninguno
II_Chronicles,15,19,"ומלחמה לא היתה עד שנתשלשים וחמש למלכות אסא&nbsp;<span class=""mam-spi-pe"">{פ}</span><br>",There was no war until the thirty-fifth year of the reign of Asa.,Ninguno
II_Chronicles,16,1,בשנת שלשים ושש למלכות אסא עלה בעשא מלךישראל עליהודה ויבן אתהרמה לבלתי תת יוצא ובא לאסא מלך יהודה,"aCf. 1 Kings 15.17–24. In the thirty-sixth year of the reign of Asa, King Baasha of Israel marched against Judah and built up Ramah to block all movementball movement Lit. “one who goes out and one who comes in.” on behalf of King Asa of Judah. ",Ninguno
II_Chronicles,16,2,ויצא אסא כסף וזהב מאצרות בית יהוה ובית המלך וישלח אלבןהדד מלך ארם היושב בדרמשק לאמר,"Asa took all the silver and gold from the treasuries of the House of GOD and the royal palace, and sent them to King Ben-hadad of Aram, who resided in Damascus, with this message: ",Ninguno
II_Chronicles,16,3,ברית ביני ובינך ובין אבי ובין אביך הנה שלחתי לך כסף וזהב לך הפר בריתך אתבעשא מלך ישראל ויעלה מעלי,"“There is a pact between me and you, as there was between my father and your father. I herewith send you silver and gold; go and break your pact with King Baasha of Israel so that he may withdraw from me.” ",Separación (Beyn)
II_Chronicles,16,4,וישמע בןהדד אלהמלך אסא וישלח אתשרי החילים אשרלו אלערי ישראל ויכו אתעיון ואתדן ואת אבל מים ואת כלמסכנות ערי נפתלי,"Ben-hadad acceded to King Asa’s request; he sent his army officers against the towns of Israel and ravaged Ijon, Dan, Abel-maim, and all the garrison towns of Naphtali. ",Ninguno
II_Chronicles,16,5,"ויהי כשמע בעשא ויחדל מבנות אתהרמה וישבת אתמלאכתו&nbsp;<span class=""mam-spi-samekh"">{ס}</span>&nbsp;&nbsp;&nbsp;&nbsp;&nbsp;&nbsp;&nbsp;&nbsp;","When Baasha heard about it, he stopped building up Ramah and put an end to the work on it. ",Ninguno
II_Chronicles,16,6,"ואסא המלך לקח אתכליהודה וישאו אתאבני הרמה ואתעציה אשר בנה בעשא ויבן בהם אתגבע ואתהמצפה&nbsp;<span class=""mam-spi-samekh"">{ס}</span>&nbsp;&nbsp;&nbsp;&nbsp;&nbsp;&nbsp;&nbsp;&nbsp;","Then King Asa mustered all Judah, and they carried away the stones and timber with which Baasha had built up Ramah; with these King Asa built up Geba and Mizpah.",Ninguno
II_Chronicles,16,7,ובעת ההיא בא חנני הראה אלאסא מלך יהודה ויאמר אליו בהשענך עלמלך ארם ולא נשענת עליהוה אלהיך עלכן נמלט חיל מלךארם מידך,"At that time, Hanani the seer came to King Asa of Judah and said to him, “Because you relied on the king of Aram and did not rely on the ETERNAL your God, therefore the army of the king of Aram has slipped out of your hands. ",Ninguno
II_Chronicles,16,8,הלא הכושים והלובים היו לחיל&thinsp;<small></small>&thinsp;לרב לרכב ולפרשים להרבה מאד ובהשענך עליהוה נתנם בידך,"The Cushites and Libyans were a mighty army with chariots and riderscriders Or “horses”; see note at 8.6. in very great numbers, yet because you relied on GOD they were delivered into your hands. ",Ninguno
II_Chronicles,16,9,כי יהוה עיניו משטטות בכלהארץ להתחזק עםלבבם שלם אליו נסכלת עלזאת כי מעתה יש עמך מלחמות,"For GOD’s eyes range over the entire earth, to give support to those who are wholehearted. You have acted foolishly in this matter, and from now on you will be beset by wars.” ",Ninguno
II_Chronicles,16,10,ויכעס אסא אלהראה ויתנהו בית המהפכת כיבזעף עמו עלזאת וירצץ אסא מןהעם בעת ההיא,"Asa was vexed at the seer and put him into the stocks,dstocks Meaning of Heb. uncertain. for he was furious with him because of that. Asa inflicted cruelties on some of the people at that time.",Ninguno
II_Chronicles,16,11,והנה דברי אסא הראשונים והאחרונים הנם כתובים עלספר המלכים ליהודה וישראל,"The acts of Asa, early and late, are recorded in the annals of the kings of Judah and Israel. ",Ninguno
II_Chronicles,16,12,ויחלא אסא בשנת שלושים ותשע למלכותו ברגליו עדלמעלה חליו וגםבחליו לאדרש אתיהוה כי ברפאים,"In the thirty-ninth year of his reign, Asa suffered from an acute foot ailment; but ill as he was, he still did not turn to GOD but to physicians. ",Ninguno
II_Chronicles,16,13,וישכב אסא עםאבתיו וימת בשנת ארבעים ואחת למלכו,Asa rested with his ancestors. He died in the forty-first year of his reign,Ninguno
II_Chronicles,16,14,"ויקברהו בקברתיו אשר כרהלו בעיר דויד וישכיבהו במשכב אשר מלא בשמים וזנים מרקחים במרקחת מעשה וישרפולו שרפה גדולה עדלמאד&nbsp;<span class=""mam-spi-pe"">{פ}</span><br>","and was buried in the grave that he had made for himself in the City of David. He was laid in his resting-place, which was filled with spices of all kinds, expertly blended; a very great fire was made in his honor.",Ninguno
II_Chronicles,17,1,וימלך יהושפט בנו תחתיו ויתחזק עלישראל,"His son Jehoshaphat succeeded him as king, and took firm hold of Israel. ",Ninguno
II_Chronicles,17,2,ויתןחיל בכלערי יהודה הבצרות ויתן נציבים בארץ יהודה ובערי אפרים אשר לכד אסא אביו,"He stationed troops in all the fortified towns of Judah, and stationed garrisons throughout the land of Judah and the cities of Ephraim that his father Asa had captured. ",Ninguno
II_Chronicles,17,3,ויהי יהוה עםיהושפט כי הלך בדרכי דויד אביו הראשנים ולא דרש לבעלים,"GOD was with Jehoshaphat because he followed the earlier ways of his forefather David, and did not worship the Baalim, ",Ninguno
II_Chronicles,17,4,כי לאלהי אביו דרש ובמצותיו הלך ולא כמעשה ישראל,but worshiped the God of his father and followed the commandments—unlike the behavior of Israel.,Ninguno
II_Chronicles,17,5,ויכן יהוה אתהממלכה בידו ויתנו כליהודה מנחה ליהושפט ויהילו עשרוכבוד לרב,"So GOD established the kingdom in his hands, and all Judah gave presents to Jehoshaphat. He had wealth and glory in abundance. ",Ninguno
II_Chronicles,17,6,"ויגבה לבו בדרכי יהוה ועוד הסיר אתהבמות ואתהאשרים מיהודה&nbsp;<span class=""mam-spi-pe"">{פ}</span><br>","His mind was elevated in GOD’s ways. Moreover, he abolished the shrines and the sacred postsasacred posts See note at 14.2. from Judah.",Ninguno
II_Chronicles,17,7,ובשנת שלוש למלכו שלח לשריו לבןחיל ולעבדיה ולזכריה ולנתנאל ולמיכיהו ללמד בערי יהודה,"In the third year of his reign he sent his officers Ben-hail, Obadiah, Zechariah, Nethanel, and Micaiah throughout the cities of Judah to offer instruction. ",Ninguno
II_Chronicles,17,8,"ועמהם הלוים שמעיהו ונתניהו וזבדיהו ועשהאל <span class=""mam-kq""><span class=""mam-kq-k"">(ושמרימות)</span> <span class=""mam-kq-q"">[ושמירמות]</span></span> ויהונתן ואדניהו וטוביהו וטוב אדוניה הלוים ועמהם אלישמע ויהורם הכהנים","With them were the Levites, Shemaiah, Nethaniah, Zebadiah, Asahel, Shemiramoth, Jehonathan, Adonijah, Tobijah and Tob-adonijah the Levites; with them were Elishama and Jehoram the priests. ",Ninguno
II_Chronicles,17,9,וילמדו ביהודה ועמהם ספר תורת יהוה ויסבו בכלערי יהודה וילמדו בעם,"They offered instruction throughout Judah, having with them the Book of the Teaching of GOD. They made the rounds of all the cities of Judah and instructed the people. ",Ninguno
II_Chronicles,17,10,ויהי&thinsp;<b></b> פחד יהוה על כלממלכות הארצות אשר סביבות יהודה ולא נלחמו עםיהושפט,"A terror of GOD seized all the kingdoms of the lands around Judah, and they did not go to war with Jehoshaphat. ",Ninguno
II_Chronicles,17,11,"ומןפלשתים מביאים ליהושפט מנחה וכסף משא גם הערביאים מביאים לו צאן אילים שבעת אלפים ושבע מאות ותישים שבעת אלפים ושבע מאות&nbsp;<span class=""mam-spi-pe"">{פ}</span><br>","From Philistia a load of silver was brought to Jehoshaphat as tribute. The Arabs, too, brought him flocks: 7,700 rams and 7,700 he-goats. ",Ninguno
II_Chronicles,17,12,ויהי יהושפט הלך וגדל עדלמעלה ויבן ביהודה בירניות וערי מסכנות,"Jehoshaphat grew greater and greater, and he built up fortresses and garrison towns in Judah. ",Ninguno
II_Chronicles,17,13,ומלאכה רבה היה לו בערי יהודה ואנשי מלחמה גבורי חיל בירושל͏ם,"He carried out extensive works in the towns of Judah, and had soldiers, valiant warriors, in Jerusalem. ",Ninguno
II_Chronicles,17,14,"ואלה פקדתם לבית אבותיהם ליהודה שרי אלפים&nbsp;<span class=""mam-spi-samekh"">{ס}</span>&nbsp;&nbsp;&nbsp;&nbsp;&nbsp;&nbsp;&nbsp;&nbsp;עדנה השר ועמו גבורי חיל שלש מאות אלף&nbsp;<span class=""mam-spi-samekh"">{ס}</span>&nbsp;&nbsp;&nbsp;&nbsp;&nbsp;&nbsp;&nbsp;&nbsp;","They were enrolled according to their clans. Judah: chiefs of thousands, Adnah the chief, who had 300,000 valiant warriors; ",Ninguno
II_Chronicles,17,15,"ועלידו יהוחנן השר ועמו מאתים ושמונים אלף&nbsp;<span class=""mam-spi-samekh"">{ס}</span>&nbsp;&nbsp;&nbsp;&nbsp;&nbsp;&nbsp;&nbsp;&nbsp;","next to him was Jehohanan the captain, who had 280,000; ",Ninguno
II_Chronicles,17,16,"ועלידו עמסיה בןזכרי המתנדב ליהוה ועמו מאתים אלף גבור חיל&nbsp;<span class=""mam-spi-samekh"">{ס}</span>&nbsp;&nbsp;&nbsp;&nbsp;&nbsp;&nbsp;&nbsp;&nbsp;","next to him was Amasiah son of Zichri, who made a freewill offering to GOD. He had 200,000 valiant warriors. ",Ninguno
II_Chronicles,17,17,"ומןבנימן גבור חיל אלידע ועמו נשקיקשת ומגן מאתים אלף&nbsp;<span class=""mam-spi-samekh"">{ס}</span>&nbsp;&nbsp;&nbsp;&nbsp;&nbsp;&nbsp;&nbsp;&nbsp;","Benjamin: Eliada, a valiant warrior, who had 200,000 men armed with bow and buckler; ",Percepción (Yada)
II_Chronicles,17,18,"ועלידו יהוזבד ועמו מאהושמונים אלף חלוצי צבא&nbsp;<span class=""mam-spi-samekh"">{ס}</span>&nbsp;&nbsp;&nbsp;&nbsp;&nbsp;&nbsp;&nbsp;&nbsp;","next to him was Jehozabad, who had 180,000 armed men. ",Ninguno
II_Chronicles,17,19,"אלה המשרתים אתהמלך מלבד אשרנתן המלך בערי המבצר בכליהודה&nbsp;<span class=""mam-spi-pe"">{פ}</span><br>","These served the king, besides those whom the king assigned to the fortified towns throughout Judah.",Ninguno
II_Chronicles,18,1,ויהי ליהושפט עשר וכבוד לרב ויתחתן לאחאב,"aCf. 1 Kings 22. So Jehoshaphat had wealth and honor in abundance, and he allied himself by marriage to Ahab. ",Ninguno
II_Chronicles,18,2,וירד לקץ שנים אלאחאב לשמרון ויזבחלו אחאב צאן ובקר לרב ולעם אשר עמו ויסיתהו לעלות אלרמת גלעד,"After some years had passed, he came to visit Ahab at Samaria. Ahab slaughtered sheep and oxen in abundance for him and for the people with him, and persuaded him to march against Ramoth-gilead. ",Ninguno
II_Chronicles,18,3,ויאמר אחאב מלךישראל אליהושפט מלך יהודה התלך עמי רמת גלעד ויאמר לו כמוני כמוך וכעמך עמי ועמך במלחמה,"King Ahab of Israel said to King Jehoshaphat of Judah, “Will you accompany me to Ramoth-gilead?” He answered him, “I will do what you do; my troops shall be your troops and shall accompany you in battle.” ",Ninguno
II_Chronicles,18,4,ויאמר יהושפט אלמלך ישראל דרשנא כיום אתדבר יהוה,"Jehoshaphat then said to the king of Israel, “But first inquire for the word of GOD.”",Ninguno
II_Chronicles,18,5,ויקבץ מלךישראל אתהנבאים ארבע מאות איש ויאמר אלהם הנלך אלרמת גלעד למלחמה אםאחדל ויאמרו עלה ויתן האלהים ביד המלך,"So the king of Israel gathered the prophets, four hundred of them, and asked them, “Shall I march upon Ramoth-gilead for battle, or shall I not?” “March,” they said, “and God will deliver it into the king’s hands.” ",Ninguno
II_Chronicles,18,6,ויאמר יהושפט האין פה נביא ליהוה עוד ונדרשה מאתו,"Then Jehoshaphat asked, “Is there not another prophet of GOD here through whom we can inquire?” ",Ninguno
II_Chronicles,18,7,ויאמר מלךישראל&thinsp;<small></small>&thinsp;אליהושפט עוד אישאחד לדרוש אתיהוה מאתו ואני שנאתיהו כיאיננו מתנבא עלי לטובה כי כלימיו לרעה הוא מיכיהו בןימלא ויאמר יהושפט אליאמר המלך כן,"And the king of Israel answered Jehoshaphat, “There is one more through whom we can inquire of GOD; but I hate him, because he never prophesies anything good for me but always misfortune. He is Micaiah son of Imlah.” Jehoshaphat replied, “Let the king not say such a thing.” ",Ninguno
II_Chronicles,18,8,"ויקרא מלך ישראל אלסריס אחד ויאמר מהר <span class=""mam-kq""><span class=""mam-kq-k"">(מיכהו)</span> <span class=""mam-kq-q"">[מיכיהו]</span></span> בןימלא","So the king of Israel summoned an officer and said, “Bring Micaiah son of Imlah at once.”",Ninguno
II_Chronicles,18,9,ומלך ישראל ויהושפט מלךיהודה יושבים איש עלכסאו מלבשים בגדים וישבים בגרן פתח שער שמרון וכלהנביאים מתנבאים לפניהם,"The king of Israel and King Jehoshaphat of Judah, wearing their robes, were seated on their thrones situated in the threshing floor at the entrance of the gate of Samaria; and all the prophets were prophesying before them. ",Ninguno
II_Chronicles,18,10,ויעש לו צדקיהו בןכנענה קרני ברזל ויאמר כהאמר יהוה באלה תנגח אתארם עדכלותם,"Zedekiah son of Chenaanah had provided himself with iron horns; and he said, “Thus said GOD: With these you shall gore the Arameans till you make an end of them.” ",Ninguno
II_Chronicles,18,11,וכלהנבאים נבאים כן לאמר עלה רמת גלעד והצלח ונתן יהוה ביד המלך,"All the other prophets were prophesying similarly, “March against Ramoth-gilead and be victorious! GOD will deliver it into Your Majesty’s hands.”",Ninguno
II_Chronicles,18,12,והמלאך אשרהלך&thinsp;<b></b> לקרא למיכיהו דבר אליו לאמר הנה דברי הנבאים פהאחד טוב אלהמלך ויהינא דברך כאחד מהם ודברת טוב,"The messenger who had gone to summon Micaiah said to him, “Look, the words of the prophets are unanimously favorable to the king. Let your word be like that of the rest of them; speak a favorable word.” ",Ninguno
II_Chronicles,18,13,ויאמר מיכיהו חייהוה כי אתאשריאמר אלהי אתו אדבר,"“By the life of GOD,” Micaiah answered, “I will speak only what my God tells me.” ",Ninguno
II_Chronicles,18,14,ויבא אלהמלך ויאמר המלך אליו מיכה הנלך אלרמת גלעד למלחמה אםאחדל ויאמר עלו והצליחו וינתנו בידכם,"When he came before the king, the king said to him, “Micah,bMicah A shortened form of Micaiah. shall we march against Ramoth-gilead for battle or shall we not?” He answered him, “March and be victorious! They will be delivered into your hands.” ",Ninguno
II_Chronicles,18,15,ויאמר אליו המלך עדכמה פעמים אני משביעך אשר לאתדבר אלי רקאמת בשם יהוה,"The king said to him, “How many times must I adjure you to tell me nothing but the truth in the name of GOD?” ",Ninguno
II_Chronicles,18,16,ויאמר ראיתי אתכלישראל נפוצים עלההרים כצאן אשר איןלהן רעה ויאמר יהוה לאאדנים לאלה ישובו אישלביתו בשלום,"Then he said, “I saw all Israel scattered over the hills like sheep without a shepherd; and GOD said, ‘These have no master; let everyone return home in safety.’” ",Ninguno
II_Chronicles,18,17,"ויאמר מלךישראל אליהושפט הלא אמרתי אליך לאיתנבא עלי טוב כי אםלרע&nbsp;<span class=""mam-spi-samekh"">{ס}</span>&nbsp;&nbsp;&nbsp;&nbsp;&nbsp;&nbsp;&nbsp;&nbsp;","The king of Israel said to Jehoshaphat, “Did I not tell you that he would not prophesy good fortune for me, but only misfortune?”",Ninguno
II_Chronicles,18,18,ויאמר לכן שמעו דבריהוה ראיתי אתיהוה יושב עלכסאו וכלצבא השמים עמדים עלימינו ושמאלו,"Then [Micaiah] said, “Indeed, hear now the word of GOD! I saw GOD seated upon a throne, with all the host of heaven standing in attendance to the right and to the left. ",Caos/Izquierda (Smol)
II_Chronicles,18,19,ויאמר יהוה מי יפתה אתאחאב מלךישראל ויעל ויפל ברמות גלעד ויאמר זה אמר ככה וזה אמר ככה,"GOD asked, ‘Who will entice King Ahab of Israel so that he will march and fall at Ramoth-gilead?’ Then one said this and another said that, ",Ninguno
II_Chronicles,18,20,ויצא הרוח ויעמד לפני יהוה ויאמר אני אפתנו ויאמר יהוה אליו במה,"until a certain spirit came forward and stood before GOD and said, ‘I will entice him.’ ‘How?’ said GOD to him. ",Ninguno
II_Chronicles,18,21,ויאמר אצא והייתי לרוח שקר בפי כלנביאיו ויאמר תפתה וגםתוכל צא ועשהכן,"And he replied, ‘I will go forth and become a lying spirit in the mouth of all his prophets.’ Then I heard, ‘You will entice with success. Go forth and do it.’ ",Ninguno
II_Chronicles,18,22,"ועתה הנה נתן יהוה רוח שקר בפי נביאיך אלה ויהוה דבר עליך רעה&nbsp;<span class=""mam-spi-samekh"">{ס}</span>&nbsp;&nbsp;&nbsp;&nbsp;&nbsp;&nbsp;&nbsp;&nbsp;",Thus GOD has put a lying spirit in the mouth of all these prophets of yours; for GOD has decreed misfortune for you.”,Ninguno
II_Chronicles,18,23,ויגש צדקיהו בןכנענה ויך אתמיכיהו עלהלחי ויאמר אי זה הדרך עבר רוחיהוה מאתי לדבר אתך,"Thereupon Zedekiah son of Chenaanah came up and struck Micaiah on the cheek, and exclaimed, “However did the spirit of GOD pass from me to speak with you!” ",Ninguno
II_Chronicles,18,24,ויאמר מיכיהו הנך ראה ביום ההוא אשר תבוא חדר בחדר להחבא,"Micaiah replied, “You will see on the day when you try to hide in the innermost room.” ",Ninguno
II_Chronicles,18,25,ויאמר מלך ישראל קחו אתמיכיהו והשיבהו אלאמון שרהעיר ואליואש בןהמלך,"Then the king of Israel said, “Take Micaiah and turn him over to Amon, the governor of the city, and to Prince Joash, ",Ninguno
II_Chronicles,18,26,ואמרתם כה אמר המלך שימו זה בית הכלא והאכלהו לחם לחץ ומים לחץ עד שובי בשלום,"and say, ‘The king’s orders are: Put this fellow in prison, and let his fare be scant bread and scant water until I come home safe.’” ",Ninguno
II_Chronicles,18,27,ויאמר מיכיהו אםשוב תשוב בשלום לאדבר יהוה בי ויאמר שמעו עמים כלם,"To which Micaiah retorted, “If you ever come home safe, GOD has not spoken through me.” He said further, “Listen, all you peoples!”cListen, all you peoples! Cf. Mic. 1.2. ",Ninguno
II_Chronicles,18,28,ויעל מלךישראל ויהושפט מלךיהודה אלרמת גלעד,The king of Israel and King Jehoshaphat of Judah marched against Ramoth-gilead.,Ninguno
II_Chronicles,18,29,ויאמר מלך ישראל אליהושפט התחפש ובוא במלחמה ואתה לבש בגדיך ויתחפש מלך ישראל ויבאו במלחמה,"The king of Israel said to Jehoshaphat, “I will disguise myself and godI will disguise myself and go Infinitives used for finite verbs; so Targum and Septuagint. into the battle, but you, wear your robes.” So the king of Israel disguised himself, and they went into the battle. ",Ninguno
II_Chronicles,18,30,ומלך ארם צוה אתשרי הרכב אשרלו לאמר לא תלחמו אתהקטן אתהגדול כי אםאתמלך ישראל לבדו,"The king of Aram had given these instructions to his chariot officers: “Do not attack anyone, small or great, except the king of Israel.” ",Ninguno
II_Chronicles,18,31,ויהי כראות שרי הרכב אתיהושפט והמה אמרו מלך ישראל הוא ויסבו עליו להלחם ויזעק יהושפט ויהוה עזרו ויסיתם אלהים ממנו,"When the chariot officers saw Jehoshaphat, whom they took for the king of Israel, they wheeled around to attack him, and Jehoshaphat cried out and GOD helped him, and God diverted them from him. ",Ninguno
II_Chronicles,18,32,ויהי כראות שרי הרכב כי לאהיה מלך ישראל וישובו מאחריו,"And when the chariot officers realized that he was not the king of Israel, they gave up the pursuit. ",Ninguno
II_Chronicles,18,33,"ואיש משך בקשת לתמו ויך אתמלך ישראל בין הדבקים ובין השרין ויאמר לרכב הפך <span class=""mam-kq""><span class=""mam-kq-k"">(ידיך)</span> <span class=""mam-kq-q"">[ידך]</span></span> והוצאתני מןהמחנה כי החליתי","Then another man drew his bow at random and hit the king of Israel between the plates of theeplates of the Meaning of Heb. uncertain. armor and he said to his charioteer, “Turn around and get me behind the lines; I am wounded.” ",Separación (Beyn)
II_Chronicles,18,34,ותעל המלחמה ביום ההוא ומלך ישראל היה מעמיד במרכבה נכח ארם עדהערב וימת לעת בוא השמש,"The battle raged all day long,fraged all day long Meaning of Heb. uncertain. and the king remained propped up in the chariot facing Aram until dusk; he died as the sun was setting.",Ninguno
II_Chronicles,19,1,"וישב יהושפט מלךיהודה אלביתו בשלום לירושל͏ם&nbsp;<span class=""mam-spi-samekh"">{ס}</span>&nbsp;&nbsp;&nbsp;&nbsp;&nbsp;&nbsp;&nbsp;&nbsp;","King Jehoshaphat of Judah returned safely to his palace, to Jerusalem. ",Ninguno
II_Chronicles,19,2,ויצא אלפניו יהוא בןחנני החזה ויאמר אלהמלך יהושפט הלרשע לעזר ולשנאי יהוה תאהב ובזאת עליך קצף מלפני יהוה,"Jehu son of Hanani the seer went out to meet King Jehoshaphat and said to him, “Should one give aid to the wicked and befriend those who hate GOD? For this, wrath is upon you from GOD. ",Ninguno
II_Chronicles,19,3,אבל דברים טובים נמצאו עמך כיבערת האשרות מןהארץ והכינות לבבך לדרש האלהים,"However, there is some good in you, for you have purged the land of the sacred postsasacred posts See note at 14.2. and have dedicated yourself to worship God.”",Ninguno
II_Chronicles,19,4,וישב יהושפט בירושל͏ם וישב ויצא בעם מבאר שבע עדהר אפרים וישיבם אליהוה אלהי אבותיהם,Jehoshaphat remained in Jerusalem awhile and then went out among the people from Beer-sheba to the hill country of Ephraim; he brought them back to the ETERNAL God of their ancestors.,Ninguno
II_Chronicles,19,5,ויעמד שפטים בארץ בכלערי יהודה הבצרות לעיר ועיר,"He appointed judges in the land in all the fortified towns of Judah, in each and every town. ",Ninguno
II_Chronicles,19,6,ויאמר אלהשפטים ראו מהאתם עשים כי לא לאדם תשפטו כי ליהוה ועמכם בדבר משפט,"He charged the judges: “Consider what you are doing, for you judge not on behalf of human beings, but on behalf of GOD—who is with you when you pass judgment. ",Ninguno
II_Chronicles,19,7,ועתה יהי פחדיהוה עליכם שמרו ועשו כיאין עםיהוה אלהינו עולה ומשא פנים ומקחשחד,"Now let the dread of GOD be upon you; act with care, for there is no injustice or favoritism or bribe-taking with the ETERNAL our God.” ",Ninguno
II_Chronicles,19,8,וגם בירושל͏ם העמיד יהושפט מןהלוים והכהנים ומראשי האבות לישראל למשפט יהוה ולריב וישבו ירושל͏ם,"Jehoshaphat also appointed in Jerusalem some Levites and priests and heads of the clans of Israelites for rendering judgment in matters of GOD, and for disputes. Then they returned to Jerusalem. ",Ninguno
II_Chronicles,19,9,ויצו עליהם לאמר כה תעשון ביראת יהוה באמונה ובלבב שלם,"He charged them, “This is how you shall act: in fear of GOD, with fidelity, and with whole heart. ",Ninguno
II_Chronicles,19,10,וכלריב אשריבוא עליכם מאחיכם&thinsp;<b></b> הישבים בעריהם ביןדם&thinsp;<small></small>&thinsp;לדם ביןתורה למצוה לחקים ולמשפטים והזהרתם אתם ולא יאשמו ליהוה והיהקצף עליכם ועלאחיכם כה תעשון ולא תאשמו,"When a dispute comes before you from your kindred living in their towns, whether about homicide, or about ritual, or laws or rules, you must instruct them so that they do not incur guilt before GOD and wrath be upon you and your kindred. Act so and you will not incur guilt. ",Separación (Beyn)
II_Chronicles,19,11,"והנה אמריהו כהן הראש עליכם לכל דבריהוה וזבדיהו בןישמעאל הנגיד לביתיהודה לכל דברהמלך ושטרים הלוים לפניכם חזקו ועשו ויהי יהוה עםהטוב&nbsp;<span class=""mam-spi-pe"">{פ}</span><br>","See, Amariah the chief priest is over you in all cases concerning GOD, and Zebadiah son of Ishmael is the commander of the house of Judah in all cases concerning the king; the Levitical officials are at your disposal; act with resolve and GOD be with the good.”",Ninguno
II_Chronicles,20,1,ויהי אחריכן באו בנימואב ובני עמון ועמהם&thinsp;<small></small>&thinsp;מהעמונים עליהושפט למלחמה,"After that, Moabites, Ammonites, together with some Ammonim,aAmmonim Probably for mʻnym “Meunites” (1 Chron. 4.41); cf. Kimhi. came against Jehoshaphat to wage war. ",Ninguno
II_Chronicles,20,2,ויבאו ויגידו ליהושפט לאמר בא עליך המון רב מעבר לים מארם והנם בחצצון תמר היא עין גדי,"The report was brought to Jehoshaphat: “A great multitude is coming against you from beyond the sea, from Aram, and is now in Hazazon-tamar”—that is, En-gedi. ",Ninguno
II_Chronicles,20,3,וירא ויתן יהושפט אתפניו לדרוש ליהוה ויקראצום עלכליהודה,Jehoshaphat was afraid; he decided to resort to GOD and proclaimed a fast for all Judah.,Ninguno
II_Chronicles,20,4,ויקבצו יהודה לבקש מיהוה גם מכלערי יהודה באו לבקש אתיהוה,Judah assembled to plead before GOD. They also came from all the towns of Judah to seek GOD.,Ninguno
II_Chronicles,20,5,ויעמד יהושפט בקהל יהודה וירושל͏ם בבית יהוה לפני החצר החדשה,Jehoshaphat stood in the congregation of Judah and Jerusalem in the House of GOD at the front of the new court.,Ninguno
II_Chronicles,20,6,ויאמר יהוה אלהי אבתינו הלא אתההוא אלהים בשמים ואתה מושל בכל ממלכות הגוים ובידך כח וגבורה ואין עמך להתיצב,"He said, “ETERNAL God of our ancestors, truly You are the God in heaven and You rule over the kingdoms of the nations; power and strength are Yours; none can oppose You. ",Ninguno
II_Chronicles,20,7,הלא&thinsp;<b></b> אתה אלהינו הורשת אתישבי הארץ הזאת מלפני עמך ישראל ותתנה לזרע אברהם אהבך לעולם,"O our God, you dispossessed the inhabitants of this land before Your people Israel, and You gave it to the descendants of Your friend Abraham forever. ",Ninguno
II_Chronicles,20,8,וישבובה ויבנו לך&thinsp;<small></small>&thinsp;בה מקדש לשמך לאמר,"They settled in it and in it built for You a House for Your name. They said, ",Ninguno
II_Chronicles,20,9,אםתבוא עלינו רעה חרב שפוט ודבר ורעב נעמדה לפני הבית הזה ולפניך כי שמך בבית הזה ונזעק אליך מצרתנו ותשמע ותושיע,"‘Should misfortune befall us—the punishing sword, pestilence, or famine, we shall stand before this House and before You—for Your name is in this House—and we shall cry out to You in our distress, and You will listen and deliver us.’ ",Ninguno
II_Chronicles,20,10,ועתה הנה בניעמון ומואב והרשעיר אשר לאנתתה לישראל לבוא בהם בבאם מארץ מצרים כי סרו מעליהם ולא השמידום,"Now the people of Ammon, Moab, and the hill country of Seir, into whose [land] You did not let Israel come when they came from Egypt, but they turned aside from them and did not wipe them out, ",Ninguno
II_Chronicles,20,11,והנההם גמלים עלינו לבוא לגרשנו מירשתך אשר הורשתנו,these now repay us by coming to expel us from Your possession that You gave us as ours.,Ninguno
II_Chronicles,20,12,אלהינו הלא תשפטבם כי אין בנו כח לפני ההמון הרב הזה הבא עלינו ואנחנו לא נדע מהנעשה כי עליך עינינו,"O our God, surely You will punish them, for we are powerless before this great multitude that has come against us, and do not know what to do, but our eyes are on You.” ",Ninguno
II_Chronicles,20,13,"וכליהודה עמדים לפני יהוה גםטפם נשיהם ובניהם&nbsp;<span class=""mam-spi-samekh"">{ס}</span>&nbsp;&nbsp;&nbsp;&nbsp;&nbsp;&nbsp;&nbsp;&nbsp;","All JudahbAll Judah I.e., the militia that represents Judah on the battlefield. stood before GOD with their dependents—their womenfolk and their children.",Ninguno
II_Chronicles,20,14,ויחזיאל בןזכריהו בןבניה בןיעיאל בןמתניה הלוי מןבני אסף היתה עליו רוח יהוה בתוך הקהל,"Then in the midst of the congregation the spirit of GOD came upon Jahaziel son of Zechariah son of Benaiah son of Jeiel son of Mattaniah the Levite, of the sons of Asaph, ",Ninguno
II_Chronicles,20,15,ויאמר הקשיבו כליהודה וישבי ירושל͏ם והמלך יהושפט כהאמר יהוה לכם אתם אלתיראו ואלתחתו מפני ההמון הרב הזה כי לא לכם המלחמה כי לאלהים,"and he said, “Give heed, all Judah and the inhabitants of Jerusalemcinhabitants of Jerusalem I.e., the militia that represents the city’s inhabitants on the battlefield. and King Jehoshaphat; thus said GOD to you, ‘Do not fear or be dismayed by this great multitude, for the battle is God’s, not yours. ",Ninguno
II_Chronicles,20,16,מחר רדו עליהם הנם עלים במעלה הציץ ומצאתם אתם בסוף הנחל פני מדבר ירואל,March down against them tomorrow as they come up by the Ascent of Ziz; you will find them at the end of the wadi in the direction of the wilderness of Jeruel.,Ninguno
II_Chronicles,20,17,לא לכם להלחם בזאת התיצבו עמדו וראו אתישועת יהוה עמכם יהודה וירושל͏ם אלתיראו ואלתחתו מחר צאו לפניהם ויהוה עמכם,"It is not for you to fight this battle; stand by, wait, and witness your deliverance by GOD, O Judah and Jerusalem; do not fear or be dismayed; go forth to meet them tomorrow and GOD will be with you.’” ",Ninguno
II_Chronicles,20,18,ויקד יהושפט אפים ארצה וכליהודה וישבי ירושל͏ם נפלו לפני יהוה להשתחות ליהוה,"Jehoshaphat bowed low with his face to the ground, and all Judah and the inhabitants of Jerusalem threw themselves down before GOD to worship GOD. ",Ninguno
II_Chronicles,20,19,ויקמו הלוים מןבני הקהתים ומןבני הקרחים להלל ליהוה אלהי ישראל בקול גדול למעלה,Levites of the sons of Kohath and of the sons of Korah got up to extol the ETERNAL God of Israel at the top of their voices.,Ninguno
II_Chronicles,20,20,וישכימו בבקר ויצאו למדבר תקוע ובצאתם עמד יהושפט ויאמר שמעוני יהודה וישבי ירושל͏ם האמינו ביהוה אלהיכם ותאמנו האמינו בנביאיו והצליחו,"Early the next morning they arose and went forth to the wilderness of Tekoa. As they went forth, Jehoshaphat stood and said, “Listen to me, O Judah and inhabitants of Jerusalem: Trust firmly in the ETERNAL your God and you will stand firm; trust firmly in God’s prophets and you will succeed.” ",Ninguno
II_Chronicles,20,21,ויועץ אלהעם ויעמד משררים ליהוה ומהללים להדרתקדש בצאת לפני החלוץ ואמרים הודו ליהוה כי לעולם חסדו,"After taking counsel with the people, he stationed singers to GOD extolling the One majestic in holiness as they went forth ahead of the vanguard, saying, “Praise GOD, whose steadfast love is eternal.” ",Ninguno
II_Chronicles,20,22,ובעת החלו ברנה ותהלה נתן יהוה&thinsp;<small></small>&thinsp;מארבים עלבני עמון מואב והרשעיר הבאים ליהודה וינגפו,"As they began their joyous shouts and hymns, GOD set ambushes for the Ammonites, Moabites, and [the inhabitants of] the hill country of Seir, who were marching against Judah, and they were routed. ",Ninguno
II_Chronicles,20,23,ויעמדו בני עמון ומואב עלישבי הרשעיר להחרים ולהשמיד וככלותם ביושבי שעיר עזרו אישברעהו למשחית,"The Ammonites and Moabites turned against the inhabitants of the hill country of Seir to exterminate and annihilate them. When they had made an end of the inhabitants of Seir, each helped to destroy his fellow.",Ninguno
II_Chronicles,20,24,ויהודה בא עלהמצפה למדבר ויפנו אלההמון והנם פגרים נפלים ארצה ואין פליטה,"When Judah reached the lookout in the wilderness and looked for the multitude, they saw them lying on the ground as corpses; not one had survived. ",Ninguno
II_Chronicles,20,25,ויבא יהושפט ועמו לבז אתשללם וימצאו בהם לרב ורכוש ופגרים וכלי חמדות וינצלו להם לאין משא ויהיו ימים שלושה בזזים אתהשלל כי רבהוא,"Jehoshaphat and his army came to take the booty, and found an abundance of goods, corpses, and precious objects, which they pillaged, more than they could carry off. For three days they were taking booty, there was so much of it. ",Ninguno
II_Chronicles,20,26,וביום הרבעי נקהלו לעמק ברכה כישם ברכו אתיהוה עלכן קראו אתשם המקום ההוא עמק ברכה עדהיום,On the fourth day they assembled in the Valley of Blessing—for there they blessed GOD; that is why that place is called the Valley of Blessing to this day.,Ninguno
II_Chronicles,20,27,וישבו כלאיש יהודה וירושל͏ם ויהושפט בראשם לשוב אלירושל͏ם בשמחה כישמחם יהוה מאויביהם,"Judah’s and Jerusalem’s contingents, with Jehoshaphat at their head, returned joyfully to Jerusalem, for GOD had given them cause for rejoicing over their enemies. ",Ninguno
II_Chronicles,20,28,ויבאו ירושל͏ם בנבלים ובכנרות ובחצצרות אלבית יהוה,"They came to Jerusalem to the House of GOD, to the accompaniment of harps, lyres, and trumpets. ",Ninguno
II_Chronicles,20,29,ויהי פחד אלהים על כלממלכות הארצות בשמעם כי נלחם יהוה עם אויבי ישראל,The terror of God seized all the kingdoms of the lands when they heard that GOD had fought the enemies of Israel.,Ninguno
II_Chronicles,20,30,"ותשקט מלכות יהושפט וינח לו אלהיו מסביב&nbsp;<span class=""mam-spi-pe"">{פ}</span><br>","The kingdom of Jehoshaphat was untroubled, and his God granted him respite on all sides.",Ninguno
II_Chronicles,20,31,וימלך יהושפט עליהודה בןשלשים וחמש שנה במלכו ועשרים וחמש שנה מלך בירושל͏ם ושם אמו עזובה בתשלחי,"dCf. 1 Kings 22.41–49. Jehoshaphat reigned over Judah. He was thirty-five years old when he became king, and he reigned in Jerusalem for twenty-five years. His mother’s name was Azubah daughter of Shilhi. ",Ninguno
II_Chronicles,20,32,וילך בדרך אביו אסא ולאסר ממנה לעשות הישר בעיני יהוה,"He followed the course of his father Asa and did not deviate from it, doing what was pleasing to GOD. ",Ninguno
II_Chronicles,20,33,אך הבמות לאסרו ועוד העם לאהכינו לבבם לאלהי אבתיהם,"However, the shrines did not cease; the people still did not direct their heart toward the God of their ancestors. ",Ninguno
II_Chronicles,20,34,ויתר דברי יהושפט הראשנים והאחרנים הנם כתובים בדברי יהוא בןחנני אשר העלה עלספר מלכי ישראל,"As for the other events of Jehoshaphat’s reign, early and late, they are recorded in the annals of Jehu son of Hanani, which were included in the book of the kings of Israel.",Ninguno
II_Chronicles,20,35,ואחריכן אתחבר יהושפט מלךיהודה עם אחזיה מלךישראל הוא הרשיע לעשות,"Afterward, King Jehoshaphat of Judah entered into a partnership with King Ahaziah of Israel, thereby acting wickedly. ",Ninguno
II_Chronicles,20,36,ויחברהו עמו לעשות אניות ללכת תרשיש ויעשו אניות בעציון גבר,He joined with him in constructing ships to go to Tarshish; the ships were constructed in Ezion-geber.,Ninguno
II_Chronicles,20,37,ויתנבא אליעזר בןדדוהו ממרשה עליהושפט לאמר כהתחברך עםאחזיהו פרץ יהוה אתמעשיך וישברו אניות ולא עצרו ללכת אלתרשיש,"Eliezer son of Dodavahu of Mareshah prophesied against Jehoshaphat, “As you have made a partnership with Ahaziah, GOD will break up your work.” The ships were wrecked and were unable to go to Tarshish.",Ninguno
II_Chronicles,21,1,וישכב יהושפט עםאבתיו ויקבר עםאבתיו בעיר דויד וימלך יהורם בנו תחתיו,aCf. 2 Kings 8.17–24. Jehoshaphat rested with his ancestors and was buried with his ancestors in the City of David; his son Jehoram succeeded him as king. ,Ninguno
II_Chronicles,21,2,ולואחים בני יהושפט עזריה ויחיאל וזכריהו ועזריהו ומיכאל ושפטיהו כלאלה בני יהושפט מלךישראל,"He had brothers, sons of Jehoshaphat: Azariah, Jehiel, Zechariah, Azariahu, Michael, and Shephatiah; all these were sons of King Jehoshaphat of Israel. ",Ninguno
II_Chronicles,21,3,"ויתן להם&thinsp;<small></small>&thinsp;אביהם מתנות רבות לכסף ולזהב ולמגדנות עםערי מצרות ביהודה ואתהממלכה נתן ליהורם כיהוא הבכור&nbsp;<span class=""mam-spi-pe"">{פ}</span><br>","Their father gave them many gifts of silver, gold, and [other] presents, as well as fortified towns in Judah, but he gave the kingdom to Jehoram because he was the first-born.",Ninguno
II_Chronicles,21,4,ויקם יהורם עלממלכת אביו ויתחזק ויהרג אתכלאחיו בחרב וגם משרי ישראל,"Jehoram proceeded to take firm hold of his father’s kingdom and put to the sword all his brothers, as well as some of the officers of Israel. ",Ninguno
II_Chronicles,21,5,בןשלשים ושתים שנה יהורם במלכו ושמונה שנים מלך בירושל͏ם,"Jehoram was thirty-two years old when he became king, and he reigned in Jerusalem eight years. ",Ninguno
II_Chronicles,21,6,וילך בדרך&thinsp;<b></b> מלכי ישראל כאשר עשו בית אחאב כי בתאחאב היתה לו אשה ויעש הרע בעיני יהוה,"He followed the practices of the kings of Israel doing what the House of Ahab had done, for he married a daughter of Ahab; he did what was displeasing to GOD. ",Ninguno
II_Chronicles,21,7,ולאאבה יהוה להשחית אתבית דויד למען הברית אשר כרת לדויד וכאשר אמר לתת לו ניר ולבניו כלהימים,"However, GOD refrained from destroying the House of David for the sake of the covenant made with David, and in accordance with the promise to maintain a lamp for him and his descendants for all time. ",Ninguno
II_Chronicles,21,8,בימיו פשע אדום מתחת ידיהודה וימליכו עליהם מלך,"During his reign, the Edomites rebelled against Judah’s rule and set up a king of their own. ",Ninguno
II_Chronicles,21,9,ויעבר יהורם עםשריו וכלהרכב עמו ויהי קם לילה ויך אתאדום הסובב אליו ואת שרי הרכב,"Jehoram advanced [against them] with his officers and all his chariotry. He arose by night and attacked the Edomites, who surrounded him and the chariot commanders. ",Ninguno
II_Chronicles,21,10,ויפשע אדום מתחת ידיהודה עד היום הזה אז תפשע לבנה בעת ההיא מתחת ידו כי עזב אתיהוה אלהי אבתיו,"Edom has been in rebellion against Judah, to this day; Libnah also rebelled against him at that time, because he had forsaken the ETERNAL God of his ancestors. ",Ninguno
II_Chronicles,21,11,"גםהוא עשהבמות בהרי יהודה ויזן אתישבי ירושל͏ם וידח אתיהודה&nbsp;<span class=""mam-spi-pe"">{פ}</span><br>","Moreover, he built shrines in the hill country of Judah; he led astray the inhabitants of Jerusalem and made Judah wayward.",Ninguno
II_Chronicles,21,12,ויבא אליו מכתב מאליהו הנביא לאמר כה&thinsp;<b></b> אמר יהוה אלהי דויד אביך תחת אשר לאהלכת בדרכי יהושפט אביך ובדרכי אסא מלךיהודה,"A letter from Elijah the prophet came to him that read: “Thus says the ETERNAL God of your forefather David: Since you have not followed the practices of your father Jehoshaphat and the practices of King Asa of Judah, ",Ninguno
II_Chronicles,21,13,ותלך בדרך מלכי ישראל ותזנה אתיהודה ואתישבי ירושל͏ם כהזנות בית אחאב וגם אתאחיך ביתאביך הטובים ממך הרגת,"but have followed the practices of the kings of Israel, leading astray Judah and the inhabitants of Jerusalem as the House of Ahab led them astray, and have also killed your brothers of your father’s house, who were better than you, ",Ninguno
II_Chronicles,21,14,הנה יהוה נגף מגפה גדולה בעמך ובבניך ובנשיך ובכלרכושך,"therefore, GOD will inflict a great blow upon your people, your sons, and your wives and all your possessions. ",Ninguno
II_Chronicles,21,15,ואתה בחליים רבים במחלה מעיך עדיצאו מעיך מןהחלי ימים עלימים,"As for you, you will be severely stricken with a disorder of the bowels year after year until your bowels drop out.”",Ninguno
II_Chronicles,21,16,ויער יהוה עליהורם את רוח הפלשתים והערבים אשר עליד כושים,"
GOD
 stirred up the spirit of the Philistines and the Arabs who were neighbors of the Cushites against Jehoram. ",Ninguno
II_Chronicles,21,17,ויעלו ביהודה ויבקעוה וישבו את כלהרכוש הנמצא לביתהמלך וגםבניו ונשיו ולא נשארלו בן כי אםיהואחז קטן בניו,"They marched against Judah, breached its defenses, and carried off all the property that was found in the king’s palace, as well as his sons and his wives. The only son who remained was Jehoahaz, his youngest. ",Ninguno
II_Chronicles,21,18,ואחרי כלזאת נגפו יהוה&thinsp;<small></small>&thinsp;במעיו לחלי לאין מרפא,"After this, GOD afflicted him with an incurable disease of the bowels. ",Ninguno
II_Chronicles,21,19,ויהי לימים&thinsp;<small></small>&thinsp;מימים וכעת צאת הקץ לימים&thinsp;<b></b> שנים יצאו מעיו עםחליו וימת בתחלאים רעים ולאעשו לו עמו שרפה כשרפת אבתיו,"Some years later, when a period of two years had elapsed, his bowels dropped out because of his disease, and he died a gruesome death. His people did not make a fire for him like the fire for his ancestors. ",Ninguno
II_Chronicles,21,20,בןשלשים ושתים היה במלכו ושמונה שנים מלך בירושל͏ם וילך בלא חמדה ויקברהו בעיר דויד ולא בקברות המלכים,"He was thirty-two years old when he became king, and he reigned in Jerusalem eight years. He departed unpraised,bunpraised Following Septuagint; cf. Arabic ḥamada “praise.” and was buried in the City of David, but not in the tombs of the kings.",Ninguno
II_Chronicles,22,1,"וימליכו יושבי ירושל͏ם אתאחזיהו בנו הקטן תחתיו כי כלהראשנים הרג הגדוד הבא בערבים למחנה וימלך אחזיהו בןיהורם מלך יהודה&nbsp;<span class=""mam-spi-pe"">{פ}</span><br>","aCf. 2 Kings 8.25–29. The inhabitants of Jerusalem made Ahaziah, his youngest son, king in his stead, because all the older ones had been killed by the troops that penetrated the camp with the Arabs. Ahaziah son of Jehoram reigned as king of Judah. ",Ninguno
II_Chronicles,22,2,בןארבעים ושתים שנה אחזיהו במלכו ושנה אחת מלך בירושל͏ם ושם אמו עתליהו בתעמרי,"Ahaziah was forty-two years old when he became king, and he reigned in Jerusalem one year; his mother’s name was Athaliah daughter of Omri. ",Ninguno
II_Chronicles,22,3,גםהוא הלך בדרכי בית אחאב כי אמו היתה יועצתו להרשיע,"He too followed the practices of the house of Ahab, for his mother counseled him to do evil. ",Ninguno
II_Chronicles,22,4,ויעש הרע בעיני יהוה כבית אחאב כיהמה היולו יועצים אחרי מות אביו למשחית לו,"He did what was displeasing to GOD, like the house of Ahab, for they became his counselors after his father’s death, to his ruination. ",Ninguno
II_Chronicles,22,5,גם בעצתם הלך וילך אתיהורם בןאחאב מלך ישראל למלחמה עלחזאל מלךארם ברמות גלעד ויכו הרמים אתיורם,"Moreover, he followed their counsel and marched with Jehoram son of King Ahab of Israel to battle against King Hazael of Aram at Ramoth-gilead, where the Arameans wounded Joram. ",Ninguno
II_Chronicles,22,6,וישב להתרפא ביזרעאל כי המכים אשר הכהו ברמה בהלחמו אתחזהאל מלך ארם ועזריהו בןיהורם מלך יהודה ירד לראות אתיהורם בןאחאב ביזרעאל כיחלה הוא,He returned to Jezreel to recover from the wounds inflicted on him at Ramah when he fought against King Hazael of Aram. King Azariah son of Jehoram of Judah went down to Jezreel to visit Jehoram son of Ahab while he was ill.,Ninguno
II_Chronicles,22,7,ומאלהים היתה תבוסת אחזיהו לבוא אליורם ובבאו יצא עםיהורם אליהוא בןנמשי אשר משחו יהוה להכרית אתבית אחאב,"God caused the downfall of Ahaziah because he visited Joram. During his visit he went out with Jehoram to Jehu son of Nimshi, whom GOD had anointed to cut off the house of Ahab. ",Ninguno
II_Chronicles,22,8,ויהי כהשפט יהוא עםבית אחאב וימצא אתשרי יהודה ובני אחי אחזיהו משרתים לאחזיהו ויהרגם,"bCf. 2 Kings 9.27–28. In the course of bringing the house of Ahab to judgment, Jehu came upon the officers of Judah and the nephews of Ahaziah, ministers of Ahaziah, and killed them. ",Ninguno
II_Chronicles,22,9,ויבקש אתאחזיהו וילכדהו והוא מתחבא בשמרון ויבאהו אליהוא וימיתהו ויקברהו כי אמרו בןיהושפט הוא אשרדרש אתיהוה בכללבבו ואין לבית אחזיהו לעצר כח לממלכה,"He sent in search of Ahaziah, who was caught hiding in Samaria, was brought to Jehu, and put to death. He was given a burial, because it was said, “He is the son of Jehoshaphat who worshiped GOD wholeheartedly.” So the house of Ahaziah could not muster the strength to rule.",Ninguno
II_Chronicles,22,10,ועתליהו אם אחזיהו ראתה כי מת בנה ותקם ותדבר אתכלזרע הממלכה לבית יהודה,"cCf. 2 Kings 11.1–3. When Athaliah, Ahaziah’s mother, learned that her son was dead, she promptly did away with all who were of the royal stock of the house of Judah. ",Ninguno
II_Chronicles,22,11,ותקח יהושבעת בתהמלך אתיואש בןאחזיהו ותגנב אתו מתוך בניהמלך המומתים ותתן אתו ואתמינקתו בחדר המטות ותסתירהו יהושבעת בתהמלך יהורם אשת יהוידע הכהן כי היא היתה אחות אחזיהו מפני עתליהו ולא המיתתהו,"But Jehoshabeath, daughter of the king, spirited away Ahaziah’s son Joash from among the princes who were being slain, and put him and his nurse in a bedroom. Jehoshabeath, daughter of King Jehoram, wife of the priest Jehoiada—she was the sister of Ahaziah—kept him hidden from Athaliah so that he was not put to death. ",Percepción (Yada)
II_Chronicles,22,12,"ויהי אתם בבית האלהים מתחבא שש שנים ועתליה מלכת עלהארץ&nbsp;<span class=""mam-spi-pe"">{פ}</span><br>","He stayed with them for six years, hidden in the House of God, while Athaliah reigned over the land.",Ninguno
II_Chronicles,23,1,ובשנה השבעית התחזק יהוידע ויקח אתשרי המאות לעזריהו בןירחם ולישמעאל בןיהוחנן ולעזריהו בןעובד ואתמעשיהו בןעדיהו ואתאלישפט בןזכרי עמו בברית,"aCf. 2 Kings 11.4–20. In the seventh year, Jehoiada took courage and brought the chiefs of the hundreds, Azariah son of Jeroham, Ishmael son of Jehohanan, Azariah son of Obed, Maaseiah son of Adaiah, and Elishaphat son of Zichri, into a compact with him. ",Percepción (Yada)
II_Chronicles,23,2,ויסבו ביהודה ויקבצו אתהלוים מכלערי יהודה וראשי האבות לישראל ויבאו אלירושל͏ם,"They went through Judah and assembled the Levites from all the towns of Judah, and the chiefs of the clans of Israel. They came to Jerusalem ",Ninguno
II_Chronicles,23,3,ויכרת כלהקהל ברית בבית האלהים עםהמלך ויאמר להם הנה בןהמלך ימלך כאשר דבר יהוה עלבני דויד,"and the entire assembly made a covenant with the king in the House of God. [Jehoiada] said to them, “The son of the king shall be king according to the promise GOD made concerning the sons of David. ",Ninguno
II_Chronicles,23,4,זה הדבר אשר תעשו השלשית מכם באי השבת לכהנים וללוים לשערי הספים,"This is what you must do: One third of you, priests and Levites, who are on duty for the week, shall be gatekeepers at the thresholds; ",Ninguno
II_Chronicles,23,5,והשלשית בבית המלך והשלשית בשער היסוד וכלהעם בחצרות בית יהוה,"another third shall be stationed in the royal palace, and the other third at the Foundation Gate. All the people shall be in the courts of the House of GOD. ",Ninguno
II_Chronicles,23,6,ואליבוא ביתיהוה כי אםהכהנים והמשרתים ללוים המה יבאו כיקדש המה וכלהעם ישמרו משמרת יהוה,"Let no one enter the House of GOD except the priests and the ministering Levites. They may enter because they are sanctified, but all the people shall obey GOD’s proscription. ",Ninguno
II_Chronicles,23,7,והקיפו הלוים אתהמלך סביב איש וכליו בידו והבא אלהבית יומת והיו אתהמלך בבאו ובצאתו,"The Levites shall surround the king on every side, each with his arms at the ready; and whoever enters the House shall be killed. Stay close to the king in his comings and goings.” ",Ninguno
II_Chronicles,23,8,ויעשו הלוים וכליהודה ככל אשרצוה יהוידע הכהן ויקחו איש אתאנשיו באי השבת עם יוצאי השבת כי לא פטר יהוידע הכהן אתהמחלקות,"The Levites and all Judah did just as Jehoiada the priest ordered: each took his men—those who were on duty that week and those who were off duty that week, for Jehoiada the priest had not dismissed the divisions. ",Percepción (Yada)
II_Chronicles,23,9,ויתן יהוידע הכהן לשרי המאות אתהחניתים ואתהמגנות ואתהשלטים אשר למלך דויד אשר בית האלהים,Jehoiada the priest gave the chiefs of the hundreds King David’s spears and shields and quivers that were kept in the House of God.,Percepción (Yada)
II_Chronicles,23,10,ויעמד אתכלהעם ואיש&thinsp;<b></b> שלחו בידו מכתף הבית הימנית עדכתף הבית השמאלית למזבח ולבית עלהמלך סביב,"He stationed the entire force, each with his weapon at the ready, from the south end of the House to the north end of the House, at the altar and the House, to guard the king on every side. ",Caos/Izquierda (Smol)
II_Chronicles,23,11,"ויוציאו אתבןהמלך ויתנו עליו אתהנזר ואתהעדות וימליכו אתו וימשחהו יהוידע ובניו ויאמרו יחי המלך&nbsp;<span class=""mam-spi-samekh"">{ס}</span>&nbsp;&nbsp;&nbsp;&nbsp;&nbsp;&nbsp;&nbsp;&nbsp;","Then they brought out the king’s son, and placed upon him the crown and the insignia. They proclaimed him king, and Jehoiada and his sons anointed him and shouted, “Long live the king!”",Percepción (Yada)
II_Chronicles,23,12,ותשמע עתליהו אתקול העם הרצים והמהללים אתהמלך ותבוא אלהעם בית יהוה,"When Athaliah heard the shouting of the people and the guards and the acclamation of the king, she came out to the people, to the House of GOD. ",Ninguno
II_Chronicles,23,13,"ותרא והנה המלך עומד עלעמודו במבוא והשרים והחצצרות עלהמלך וכלעם הארץ שמח ותוקע בחצצרות והמשוררים בכלי השיר ומודיעים להלל ותקרע עתליהו אתבגדיה ותאמר קשר קשר&nbsp;<span class=""mam-spi-samekh"">{ס}</span>&nbsp;&nbsp;&nbsp;&nbsp;&nbsp;&nbsp;&nbsp;&nbsp;","She looked about and saw the king standing by his pillar at the entrance, the chiefs with their trumpets beside the king, and all the people of the land rejoicing and blowing trumpets, and the singers with musical instruments leading the hymns. Athaliah rent her garments and cried out, “Treason, treason!” ",Ninguno
II_Chronicles,23,14,ויוצא יהוידע הכהן אתשרי המאות&thinsp;<b></b> פקודי החיל ויאמר אלהם הוציאוה אלמבית השדרות והבא אחריה יומת בחרב כי אמר הכהן לא תמיתוה בית יהוה,"Then the priest Jehoiada ordered out the army officers, the chiefs of hundreds, and said to them, “Take her out between the ranks, and if anyone follows her, put him to the sword.” For the priest thought, “Let her not be put to death in the House of GOD.” ",Percepción (Yada)
II_Chronicles,23,15,"וישימו לה ידים ותבוא אלמבוא שערהסוסים בית המלך וימיתוה שם&nbsp;<span class=""mam-spi-pe"">{פ}</span><br>",They cleared a passage for her and she came to the entrance of the Horse Gate to the royal palace; there she was put to death.,Ninguno
II_Chronicles,23,16,ויכרת יהוידע ברית בינו ובין כלהעם ובין המלך להיות לעם ליהוה,Then Jehoiada solemnized a covenant between himself and the people and the king that they should be GOD’s people.,"Percepción (Yada), Separación (Beyn)"
II_Chronicles,23,17,ויבאו כלהעם ביתהבעל ויתצהו ואתמזבחתיו ואתצלמיו שברו ואת מתן כהן הבעל הרגו לפני המזבחות,"All the people then went to the temple of Baal; they tore it down and smashed its altars and images to bits, and they slew Mattan, the priest of Baal, in front of the altars. ",Ninguno
II_Chronicles,23,18,וישם יהוידע פקדות בית יהוה ביד הכהנים הלוים אשר חלק דויד עלבית יהוה להעלות עלות יהוה ככתוב בתורת משה בשמחה ובשיר על ידי דויד,"Jehoiada put the officers of the House of GOD in the charge of Levite priests whom David had assigned over the House of GOD to offer up burnt offerings, as is prescribed in the Teaching of Moses, accompanied by joyful song as ordained by David. ",Percepción (Yada)
II_Chronicles,23,19,ויעמד השוערים עלשערי בית יהוה ולאיבוא טמא לכלדבר,He stationed the gatekeepers at the gates of the House of GOD to prevent the entry of anyone impure for any reason.,Ninguno
II_Chronicles,23,20,ויקח אתשרי המאות ואתהאדירים ואתהמושלים בעם ואת&thinsp;<b></b> כלעם הארץ ויורד אתהמלך מבית יהוה ויבאו בתוךשער העליון בית המלך ויושיבו אתהמלך על כסא הממלכה,"He took the chiefs of hundreds, the nobles, and the rulers of the people and all the people of the land, and they escorted the king down from the House of GOD into the royal palace by the upper gate, and seated the king on the royal throne. ",Ninguno
II_Chronicles,23,21,וישמחו כלעםהארץ והעיר שקטה ואתעתליהו המיתו בחרב,"All the people of the land rejoiced, and the city was quiet. As for Athaliah, she had been put to the sword.",Ninguno
II_Chronicles,24,1,בןשבע שנים יאש במלכו וארבעים שנה מלך בירושל͏ם ושם אמו צביה מבאר שבע,"aCf. 2 Kings 12.1–22. Jehoash was seven years old when he became king, and he reigned in Jerusalem forty years. His mother’s name was Zibiah of Beer-sheba. ",Ninguno
II_Chronicles,24,2,"ויעש יואש הישר בעיני יהוה כלימי יהוידע הכהן&nbsp;<span class=""mam-spi-samekh"">{ס}</span>&nbsp;&nbsp;&nbsp;&nbsp;&nbsp;&nbsp;&nbsp;&nbsp;","All the days of the priest Jehoiada, Jehoash did what was pleasing to GOD. ",Percepción (Yada)
II_Chronicles,24,3,וישאלו יהוידע נשים שתים ויולד בנים ובנות,"Jehoiada took two wives for him, by whom he had sons and daughters.",Percepción (Yada)
II_Chronicles,24,4,ויהי אחריכן היה עםלב יואש לחדש אתבית יהוה,"Afterward, Joash decided to renovate the House of GOD. ",Ninguno
II_Chronicles,24,5,ויקבץ אתהכהנים והלוים ויאמר להם צאו לערי יהודה וקבצו מכלישראל כסף לחזק&thinsp;<b></b> אתבית אלהיכם מדי שנה בשנה ואתם תמהרו לדבר ולא מהרו הלוים,He assembled the priests and the Levites and charged them as follows: “Go out to the towns of Judah and collect money from all Israel for the annual repair of the House of your God. Do it quickly.” But the Levites did not act quickly.,Ninguno
II_Chronicles,24,6,ויקרא המלך ליהוידע הראש ויאמר לו מדוע לאדרשת עלהלוים להביא מיהודה ומירושל͏ם אתמשאת משה עבדיהוה והקהל לישראל לאהל העדות,"The king summoned Jehoiada the chief and said to him, “Why have you not seen to it that the Levites brought the tax imposed by Moses, the servant of GOD, and the congregation of Israel from Judah and Jerusalem to the Tent of the Pact?” ",Percepción (Yada)
II_Chronicles,24,7,כי עתליהו המרשעת בניה פרצו אתבית האלהים וגם כלקדשי ביתיהוה עשו לבעלים,For the children of the wicked Athaliah had violated the House of God and had even used the sacred things of the House of GOD for the Baals.,Ninguno
II_Chronicles,24,8,ויאמר המלך ויעשו ארון אחד ויתנהו בשער ביתיהוה חוצה,The king ordered that a chest be made and placed on the outside of the gate of the House of GOD.,Ninguno
II_Chronicles,24,9,ויתנוקול ביהודה ובירושל͏ם להביא ליהוה משאת משה עבדהאלהים עלישראל במדבר,"A proclamation was issued in Judah and Jerusalem to bring the tax imposed on Israel in the wilderness by Moses, the servant of God. ",Ninguno
II_Chronicles,24,10,וישמחו כלהשרים וכלהעם ויביאו וישליכו לארון עדלכלה,All the officers and all the people gladly brought it and threw it into the chest till it was full.,Ninguno
II_Chronicles,24,11,ויהי בעת יביא אתהארון אלפקדת המלך ביד הלוים וכראותם כירב הכסף ובא סופר המלך ופקיד כהן הראש ויערו אתהארון וישאהו וישיבהו אלמקמו כה עשו ליום&thinsp;<small></small>&thinsp;ביום ויאספוכסף לרב,"Whenever the chest was brought to the royal officers by the Levites, and they saw that it contained much money, the royal scribe and the agent of the chief priest came and emptied out the chest and carried it back to its place. They did this day by day, and much money was collected. ",Ninguno
II_Chronicles,24,12,ויתנהו המלך ויהוידע אלעושה מלאכת עבודת ביתיהוה ויהיו שכרים חצבים וחרשים לחדש בית יהוה וגם לחרשי ברזל ונחשת לחזק אתבית יהוה,"The king and Jehoiada delivered the money to those who oversaw the tasks connected with the work of the House of GOD. They hired masons and carpenters to renovate the House of GOD, as well as artisans in iron and bronze to repair the House of GOD. ",Percepción (Yada)
II_Chronicles,24,13,ויעשו עשי המלאכה ותעל ארוכה למלאכה בידם ויעמידו אתבית האלהים עלמתכנתו ויאמצהו,The overseers did their work; under them the work went well and they restored the House of God to its original form and repaired it.,Ninguno
II_Chronicles,24,14,"וככלותם הביאו לפני המלך ויהוידע אתשאר הכסף ויעשהו כלים לביתיהוה כלי שרת והעלות וכפות וכלי זהב וכסף ויהיו מעלים עלות בביתיהוה תמיד כל ימי יהוידע&nbsp;<span class=""mam-spi-pe"">{פ}</span><br>","When they had finished, they brought the money that was left over to the king and Jehoiada; it was made into utensils for the House of GOD, service vessels: buckets and ladles, golden and silver vessels. Burnt offerings were offered up regularly in the House of GOD all the days of Jehoiada. ",Percepción (Yada)
II_Chronicles,24,15,ויזקן יהוידע וישבע ימים וימת בןמאה ושלשים שנה במותו,Jehoiada reached a ripe old age and died; he was one hundred and thirty years old at his death.,Percepción (Yada)
II_Chronicles,24,16,"ויקברהו בעירדויד עםהמלכים כיעשה טובה בישראל ועם האלהים וביתו&nbsp;<span class=""mam-spi-pe"">{פ}</span><br>","They buried him in the City of David together with the kings, because he had done good in Israel, and on behalf of God and God’s House.",Ninguno
II_Chronicles,24,17,ואחרי מות יהוידע באו שרי יהודה וישתחוו למלך אז שמע המלך אליהם,"But after the death of Jehoiada, the officers of Judah came, bowing low to the king; and the king listened to them. ",Percepción (Yada)
II_Chronicles,24,18,ויעזבו אתבית יהוה אלהי אבותיהם ויעבדו אתהאשרים ואתהעצבים ויהיקצף עליהודה וירושל͏ם באשמתם זאת,They forsook the House of the ETERNAL God of their ancestors to serve the sacred postsbsacred posts See note at 14.2. and idols; and there was wrath upon Judah and Jerusalem because of this guilt of theirs. ,Ninguno
II_Chronicles,24,19,"וישלח בהם נבאים להשיבם אליהוה ויעידו בם ולא האזינו&nbsp;<span class=""mam-spi-samekh"">{ס}</span>&nbsp;&nbsp;&nbsp;&nbsp;&nbsp;&nbsp;&nbsp;&nbsp;",GOD sent prophets among them to bring them back; they admonished them but they would not pay heed.,Ninguno
II_Chronicles,24,20,ורוח אלהים לבשה אתזכריה בןיהוידע הכהן ויעמד מעל לעם ויאמר להם כה&thinsp;<b></b> אמר האלהים למה אתם עברים אתמצות יהוה ולא תצליחו כיעזבתם אתיהוה ויעזב אתכם,"Then the spirit of God enveloped Zechariah son of Jehoiada the priest; he stood above the people and said to them, “Thus God said: Why do you transgress the commandments of GOD when you cannot succeed? Since you have forsaken GOD, you yourselves have been forsaken.” ",Percepción (Yada)
II_Chronicles,24,21,ויקשרו עליו וירגמהו אבן במצות המלך בחצר בית יהוה,"They conspired against him and pelted him with stones in the court of the House of GOD, by order of the king. ",Ninguno
II_Chronicles,24,22,"ולאזכר יואש המלך החסד אשר עשה יהוידע אביו עמו ויהרג אתבנו וכמותו אמר ירא יהוה וידרש&nbsp;<span class=""mam-spi-pe"">{פ}</span><br>","King Joash disregarded the loyalty that his father Jehoiada had shown to him, and killed his son. As he was dying, he said, “May GOD see and requite it.”",Percepción (Yada)
II_Chronicles,24,23,ויהי&thinsp;<b></b> לתקופת השנה עלה עליו חיל ארם ויבאו אליהודה וירושל͏ם וישחיתו אתכלשרי העם מעם וכלשללם שלחו למלך דרמשק,"At the turn of the year, the army of Aram marched against him; they invaded Judah and Jerusalem, and wiped out all the officers of the people from among the people, and sent all the booty they took to the king of Damascus. ",Ninguno
II_Chronicles,24,24,כי במצער אנשים באו&thinsp;<b></b> חיל ארם ויהוה נתן בידם חיל לרב מאד כי עזבו אתיהוה אלהי אבותיהם ואתיואש עשו שפטים,"The invading army of Aram had come with but a few men, but GOD delivered a very large army into their hands, because they had forsaken the ETERNAL God of their ancestors. They inflicted punishments on Joash. ",Ninguno
II_Chronicles,24,25,ובלכתם ממנו כיעזבו אתו במחליים רבים התקשרו עליו עבדיו בדמי בני יהוידע הכהן ויהרגהו עלמטתו וימת ויקברהו בעיר דויד ולא קברהו בקברות המלכים,"When they withdrew, having left him with many wounds, his courtiers plotted against him because of the murdercmurder Lit. “blood.” of the sons of Jehoiada the priest, and they killed him in bed. He died and was buried in the City of David; he was not buried in the tombs of the kings. ",Percepción (Yada)
II_Chronicles,24,26,ואלה המתקשרים עליו זבד בןשמעת העמונית ויהוזבד בןשמרית המואבית,"Those who conspired against him were: Zabad son of Shimeath the Ammonitess, and Jehozabad son of Shimrith the Moabitess. ",Ninguno
II_Chronicles,24,27,"ובניו <span class=""mam-kq""><span class=""mam-kq-k"">(ורב)</span> <span class=""mam-kq-q"">[ירב]</span></span> המשא עליו ויסוד בית האלהים הנם כתובים עלמדרש ספר המלכים וימלך אמציהו בנו תחתיו&nbsp;<span class=""mam-spi-pe"">{פ}</span><br>","As to his sons, and the many pronouncements against him, and his rebuilding of the House of God, they are recorded in the story in the book of the kings. His son Amaziah succeeded him as king.",Ninguno
II_Chronicles,25,1,בןעשרים וחמש שנה מלך אמציהו ועשרים ותשע שנה מלך בירושל͏ם ושם אמו יהועדן מירושלים,"aCf. 2 Kings 14. Amaziah was twenty-five years old when he became king, and he reigned twenty-nine years in Jerusalem; his mother’s name was Jehoaddan of Jerusalem. ",Ninguno
II_Chronicles,25,2,ויעש הישר בעיני יהוה רק לא בלבב שלם,"He did what was pleasing to GOD, but not with a whole heart. ",Ninguno
II_Chronicles,25,3,ויהי כאשר חזקה הממלכה עליו ויהרג אתעבדיו המכים אתהמלך אביו,"Once he had the kingdom firmly under control, he executed the courtiers who had assassinated his father the king. ",Ninguno
II_Chronicles,25,4,ואתבניהם לא המית כי ככתוב בתורה בספר משה אשרצוה יהוה לאמר לאימותו אבות עלבנים ובנים לאימותו עלאבות כי איש בחטאו ימותו,"But he did not put their children to death for [he acted] in accordance with what is written in the Teaching, in the Book of Moses, where GOD commanded, “Parents shall not die for children, nor shall children die for parents, but each shall die only for their own crime.”bParents shall … crime Cf. Deut. 24.16. ",Ninguno
II_Chronicles,25,5,ויקבץ אמציהו אתיהודה ויעמידם לביתאבות לשרי האלפים ולשרי המאות לכליהודה ובנימן ויפקדם למבן עשרים שנה ומעלה וימצאם שלשמאות אלף בחור יוצא צבא אחז רמח וצנה,"Amaziah assembled the men of Judah, and he put all the men of Judah and Benjamin under officers of thousands and officers of hundreds, by clans. He mustered them from the age of twenty upward, and found that there were 300,000 fine soldiers fit for service, able to bear spear and shield. ",Ninguno
II_Chronicles,25,6,וישכר מישראל מאה אלף גבור חיל במאה ככרכסף,"He hired 100,000 warriors from Israel for 100 talents of silver. ",Ninguno
II_Chronicles,25,7,ואיש האלהים בא אליו לאמר המלך אליבוא עמך צבא ישראל כי אין יהוה עםישראל כל בני אפרים,"Then an agent of God came to him and said, “O king! Do not let the army of Israel go with you, for GOD is not with Israel—all these Ephraimites. ",Ninguno
II_Chronicles,25,8,כי אםבא אתה עשה חזק למלחמה יכשילך האלהים לפני אויב כי ישכח באלהים לעזור ולהכשיל,"But go by yourself and do it; take courage for battle, [else] God will make you fall before the enemy. For in God there is power to help one or make one fall!” ",Ninguno
II_Chronicles,25,9,ויאמר אמציהו לאיש האלהים ומהלעשות למאת הככר אשר נתתי לגדוד ישראל ויאמר איש האלהים יש ליהוה לתת לך הרבה מזה,"Amaziah said to the agent of God, “And what am I to do about the 100 talents I gave for the Israelite force?” The agent of God replied, “GOD has the means to give you much more than that.” ",Ninguno
II_Chronicles,25,10,"ויבדילם אמציהו להגדוד אשרבא אליו מאפרים ללכת למקומם ויחר אפם מאד ביהודה וישובו למקומם בחריאף&nbsp;<span class=""mam-spi-samekh"">{ס}</span>&nbsp;&nbsp;&nbsp;&nbsp;&nbsp;&nbsp;&nbsp;&nbsp;","So Amaziah detached the force that came to him from Ephraim, [ordering them] to go back to their place. They were greatly enraged against Judah and returned to their place in a rage.",Ninguno
II_Chronicles,25,11,ואמציהו התחזק וינהג אתעמו וילך גיא המלח ויך אתבנישעיר עשרת אלפים,"Amaziah took courage and, leading his army, he marched to the Valley of Salt. He slew 10,000 men from Seir; ",Ninguno
II_Chronicles,25,12,ועשרת אלפים חיים שבו בני יהודה ויביאום לראש הסלע וישליכום מראשהסלע וכלם נבקעו,"another 10,000 the Judahites captured alive and brought to the top of Sela. They threw them down from the top of Sela and every one of them was burst open. ",Ninguno
II_Chronicles,25,13,"ובני הגדוד אשר השיב אמציהו מלכת עמו למלחמה ויפשטו בערי יהודה משמרון ועדבית חורון ויכו מהם שלשת אלפים ויבזו בזה רבה&nbsp;<span class=""mam-spi-pe"">{פ}</span><br>","The members of the force that Amaziah had sent back so they would not go with him into battle made forays against the towns of Judah from Samaria to Beth-horon. They slew 3,000 of them, and took much booty.",Ninguno
II_Chronicles,25,14,ויהי אחרי בוא אמציהו מהכות אתאדומים ויבא אתאלהי בני שעיר ויעמידם לו לאלהים ולפניהם ישתחוה ולהם יקטר,"After Amaziah returned from defeating the Edomites, he had the gods of the people of Seir brought, and installed them as his gods; he prostrated himself before them, and to them he made sacrifice. ",Ninguno
II_Chronicles,25,15,ויחראף יהוה באמציהו וישלח אליו נביא ויאמר לו למה דרשת אתאלהי העם אשר לאהצילו אתעמם מידך,"GOD was enraged at Amaziah, and sent a prophet to him who said to him, “Why are you worshiping the gods of a people who could not save their people from you?” ",Ninguno
II_Chronicles,25,16,"ויהי&thinsp;<b></b> בדברו אליו ויאמר לו הליועץ למלך נתנוך חדללך למה יכוך ויחדל הנביא ויאמר ידעתי כייעץ אלהים להשחיתך כיעשית זאת ולא שמעת לעצתי&nbsp;<span class=""mam-spi-pe"">{פ}</span><br>","As he spoke to him, [Amaziah] said to him, “Have we appointed you a counselor to the king? Stop, else you will be killed!” The prophet stopped, saying, “I see God has counseled that you be destroyed, since you act this way and disregard my counsel.”",Percepción (Yada)
II_Chronicles,25,17,"ויועץ אמציהו מלך יהודה וישלח אליואש בןיהואחז בןיהוא מלך ישראל לאמר <span class=""mam-kq""><span class=""mam-kq-k"">(לך)</span> <span class=""mam-kq-q"">[לכה]</span></span> נתראה פנים","Then King Amaziah of Judah took counsel and sent this message to Joash son of Jehoahaz son of Jehu, king of Israel, “Come, let us confront each other!” ",Ninguno
II_Chronicles,25,18,וישלח יואש מלךישראל אלאמציהו מלךיהודה לאמר החוח אשר בלבנון שלח אלהארז אשר בלבנון לאמר תנהאתבתך לבני לאשה ותעבר חית השדה אשר בלבנון ותרמס אתהחוח,"King Joash of Israel sent back this message to King Amaziah of Judah, “The thistle in Lebanon sent this message to the cedar in Lebanon, ‘Give your daughter to my son in marriage.’ But a wild beast in Lebanon passed by and trampled the thistle. ",Ninguno
II_Chronicles,25,19,אמרת הנה הכית אתאדום ונשאך לבך להכביד עתה שבה בביתך למה תתגרה ברעה ונפלת אתה ויהודה עמך,"You boast that you have defeated the Edomites and you are ambitious to get more glory. Now stay at home, lest, provoking disaster you fall, dragging Judah down with you.” ",Ninguno
II_Chronicles,25,20,ולאשמע אמציהו כי מהאלהים היא למען תתם ביד כי דרשו את אלהי אדום,"But Amaziah paid no heed—it was God’s doing, in order to deliver them up because they worshiped the gods of Edom. ",Ninguno
II_Chronicles,25,21,ויעל יואש מלךישראל ויתראו פנים הוא ואמציהו מלךיהודה בבית שמש אשר ליהודה,"King Joash of Israel marched up, and he and King Amaziah of Judah confronted each other at Beth-shemesh in Judah. ",Ninguno
II_Chronicles,25,22,וינגף יהודה לפני ישראל וינסו איש לאהליו,"Judah was routed by Israel, and [the Judahites] fled to their homes. ",Ninguno
II_Chronicles,25,23,ואת אמציהו מלךיהודה בןיואש בןיהואחז תפש יואש מלךישראל בבית שמש ויביאהו ירושל͏ם ויפרץ בחומת ירושל͏ם משער אפרים עדשער הפונה ארבע מאות אמה,"King Joash of Israel captured Amaziah son of Joash son of Jehoahaz, king of Judah, in Beth-shemesh. He brought him to Jerusalem and made a breach of 400 cubits in the wall of Jerusalem, from the Ephraim Gate to the Corner Gate. ",Ninguno
II_Chronicles,25,24,"וכלהזהב והכסף ואת כלהכלים הנמצאים בביתהאלהים עםעבד אדום ואתאוצרות בית המלך ואת בני התערבות וישב שמרון&nbsp;<span class=""mam-spi-pe"">{פ}</span><br>","Then, with all the gold and silver and all the utensils that were to be found in the House of God in the custody of Obed-edom, and with the treasuries of the royal palace, and with the hostages, he returned to Samaria.",Ninguno
II_Chronicles,25,25,ויחי אמציהו בןיואש מלך יהודה אחרי מות יואש בןיהואחז מלך ישראל חמש עשרה שנה,King Amaziah son of Joash of Judah lived fifteen years after the death of King Joash son of Jehoahaz of Israel.,Ninguno
II_Chronicles,25,26,ויתר דברי אמציהו הראשנים והאחרונים הלא הנם כתובים עלספר מלכייהודה וישראל,"The other events of Amaziah’s reign, early and late, are recorded in the book of the kings of Judah and Israel. ",Ninguno
II_Chronicles,25,27,ומעת אשרסר אמציהו מאחרי יהוה ויקשרו עליו קשר בירושל͏ם וינס לכישה וישלחו אחריו לכישה וימיתהו שם,"From the time that Amaziah turned from following GOD, a conspiracy was formed against him in Jerusalem, and he fled to Lachish; but they sent agents after him to Lachish and they put him to death there. ",Ninguno
II_Chronicles,25,28,וישאהו עלהסוסים ויקברו אתו עםאבתיו בעיר יהודה,They brought his body back on horses and buried him with his ancestors in the city of Judah.,Ninguno
II_Chronicles,26,1,ויקחו כלעם יהודה אתעזיהו והוא בןשש עשרה שנה וימליכו אתו תחת אביו אמציהו,"Then all the people of Judah took Uzziah, who was sixteen years old, and proclaimed him king to succeed his father Amaziah. ",Ninguno
II_Chronicles,26,2,"הוא בנה אתאילות וישיבה ליהודה אחרי שכבהמלך עםאבתיו&nbsp;<span class=""mam-spi-pe"">{פ}</span><br>",It was he who rebuilt Eloth and restored it to Judah after King [Amaziah] rested with his ancestors.,Ninguno
II_Chronicles,26,3,"בןשש עשרה שנה עזיהו במלכו וחמשים ושתים שנה מלך בירושל͏ם ושם אמו <span class=""mam-kq""><span class=""mam-kq-k"">(יכיליה)</span> <span class=""mam-kq-q"">[יכליה]</span></span> מןירושל͏ם","Uzziah was sixteen years old when he became king, and he reigned fifty-two years in Jerusalem; his mother’s name was Jecoliah of Jerusalem. ",Ninguno
II_Chronicles,26,4,ויעש הישר בעיני יהוה ככל אשרעשה אמציהו אביו,He did what was pleasing to GOD just as his father Amaziah had done.,Ninguno
II_Chronicles,26,5,ויהי לדרש אלהים בימי זכריהו המבין בראת האלהים ובימי דרשו אתיהוה הצליחו האלהים,"He applied himself to the worship of God during the time of Zechariah, instructor in the visionsavisions Some Heb. mss. read byrʼt; compare ancient versions, “fear.” of God; during the time he worshiped the ETERNAL, God made him prosper. ",Separación (Beyn)
II_Chronicles,26,6,ויצא וילחם בפלשתים ויפרץ אתחומת גת ואת חומת יבנה ואת חומת אשדוד ויבנה ערים באשדוד ובפלשתים,"He went forth to fight the Philistines, and breached the wall of Gath and the wall of Jabneh and the wall of Ashdod; he built towns in [the region of] Ashdod and among the Philistines. ",Ninguno
II_Chronicles,26,7,"ויעזרהו האלהים עלפלשתים ועל<span class=""mam-kq""><span class=""mam-kq-q"">[הערבים]</span> <span class=""mam-kq-k"">(הערביים)</span></span> הישבים בגורבעל והמעונים","God helped him against the Philistines, against the Arabs who lived in Gur-baal, and the Meunites. ",Ninguno
II_Chronicles,26,8,ויתנו העמונים מנחה לעזיהו וילך שמו עדלבוא מצרים כי החזיק עדלמעלה,"The Ammonites paid tribute to Uzziah, and his fame spread to the approaches of Egypt, for he grew exceedingly strong. ",Ninguno
II_Chronicles,26,9,ויבן עזיהו מגדלים בירושל͏ם עלשער הפנה ועלשער הגיא ועלהמקצוע ויחזקם,"Uzziah built towers in Jerusalem on the Corner Gate and the Valley Gate and on the Angle, and fortified them. ",Ninguno
II_Chronicles,26,10,"ויבן מגדלים במדבר ויחצב ברות רבים כי מקנהרב היה לו ובשפלה ובמישור אכרים וכרמים בהרים ובכרמל כיאהב אדמה היה&nbsp;<span class=""mam-spi-samekh"">{ס}</span>&nbsp;&nbsp;&nbsp;&nbsp;&nbsp;&nbsp;&nbsp;&nbsp;","He built towers in the wilderness and hewed out many cisterns, for he had much cattle, and farmers in the foothills and on the plain, and vine dressers in the mountains and on the fertile lands, for he loved the soil.",Ninguno
II_Chronicles,26,11,"ויהי לעזיהו חיל עשה מלחמה יוצאי צבא לגדוד במספר פקדתם ביד <span class=""mam-kq""><span class=""mam-kq-k"">(יעואל)</span> <span class=""mam-kq-q"">[יעיאל]</span></span> הסופר ומעשיהו השוטר על ידחנניהו משרי המלך","Uzziah had an army of warriors, a battle-ready force who were mustered by Jeiel the scribe and Maasseiah the adjutant under Hananiah, one of the king’s officers. ",Ninguno
II_Chronicles,26,12,כל מספר ראשי האבות לגבורי חיל אלפים ושש מאות,"The clan chiefs, valiants, totaled 2,600; ",Ninguno
II_Chronicles,26,13,ועלידם חיל צבא שלש מאות אלף ושבעת אלפים וחמש מאות עושי מלחמה בכח חיל לעזר למלך עלהאויב,"under them was the trained army of 307,500, who made war with might and power to aid the king against the enemy. ",Ninguno
II_Chronicles,26,14,ויכן להם עזיהו לכלהצבא מגנים ורמחים וכובעים ושרינות וקשתות ולאבני קלעים,"Uzziah provided them—the whole army—with shields and spears, and helmets and mail, and bows and slingstones. ",Ninguno
II_Chronicles,26,15,ויעש&thinsp;<b></b> בירושל͏ם חשבנות מחשבת חושב להיות עלהמגדלים ועלהפנות לירוא בחצים ובאבנים גדלות ויצא שמו עדלמרחוק כיהפליא להעזר עד כיחזק,"He made clever devices in Jerusalem, set on the towers and the corners, for shooting arrows and large stones. His fame spread far, for he was helped wonderfully, and he became strong.",Ninguno
II_Chronicles,26,16,וכחזקתו גבה לבו עדלהשחית וימעל ביהוה אלהיו ויבא אלהיכל יהוה להקטיר עלמזבח הקטרת,"When he was strong, he grew so arrogant he acted corruptly: he trespassed against his God by entering the Temple of GOD to offer incense on the incense altar. ",Ninguno
II_Chronicles,26,17,ויבא אחריו עזריהו הכהן ועמו כהנים&thinsp;<small></small>&thinsp;ליהוה שמונים בניחיל,"The priest Azariah, with eighty other brave priests of GOD, followed him in ",Ninguno
II_Chronicles,26,18,ויעמדו עלעזיהו המלך ויאמרו לו לאלך עזיהו להקטיר ליהוה כי לכהנים בניאהרן המקדשים להקטיר צא מןהמקדש כי מעלת ולאלך לכבוד מיהוה אלהים,"and, confronting King Uzziah, said to him, “It is not for you, Uzziah, to offer incense to GOD, but for the Aaronite priests, who have been consecrated, to offer incense. Get out of the Sanctuary, for you have trespassed; there will be no glory in it for you from the ETERNAL God.” ",Ninguno
II_Chronicles,26,19,ויזעף עזיהו ובידו מקטרת להקטיר ובזעפו עםהכהנים והצרעת זרחה במצחו לפני הכהנים בבית יהוה מעל למזבח הקטרת,"Uzziah, holding the censer and ready to burn incense, got angry; but as he got angry with the priests, leprosy broke out on his forehead in front of the priests in the House of GOD beside the incense altar. ",Ninguno
II_Chronicles,26,20,ויפן אליו עזריהו כהן הראש וכלהכהנים והנההוא מצרע במצחו ויבהלוהו משם וגםהוא נדחף לצאת כי נגעו יהוה,"When the chief priest Azariah and all the other priests looked at him, his forehead was leprous, so they rushed him out of there; he too made haste to get out, for GOD had struck him with a plague. ",Ninguno
II_Chronicles,26,21,"ויהי עזיהו המלך מצרע&thinsp;<b></b> עדיום מותו וישב בית <span class=""mam-kq""><span class=""mam-kq-k"">(החפשות)</span> <span class=""mam-kq-q"">[החפשית]</span></span> מצרע כי נגזר מבית יהוה ויותם בנו עלבית המלך שופט אתעם הארץ","King Uzziah was a leper until the day of his death. He lived in isolated quartersbisolated quarters Meaning of Heb. uncertain. as a leper, for he was cut off from the House of GOD—while Jotham his son was in charge of the king’s house and governed the people of the land.",Ninguno
II_Chronicles,26,22,ויתר דברי עזיהו הראשנים והאחרנים כתב ישעיהו בןאמוץ הנביא,"The other events of Uzziah’s reign, early and late, were recorded by the prophet Isaiah son of Amoz. ",Ninguno
II_Chronicles,26,23,"וישכב עזיהו עםאבתיו ויקברו אתו עםאבתיו בשדה הקבורה אשר למלכים כי אמרו מצורע הוא וימלך יותם בנו תחתיו&nbsp;<span class=""mam-spi-pe"">{פ}</span><br>","Uzziah rested with his ancestors in the burial field of the kings, because, they said, he was a leper; his son Jotham succeeded him as king.",Ninguno
II_Chronicles,27,1,בןעשרים וחמש שנה יותם במלכו וששעשרה שנה מלך בירושל͏ם ושם אמו ירושה בתצדוק,"Jotham was twenty-five years old when he became king, and he reigned sixteen years in Jerusalem; his mother’s name was Jerushah daughter of Zadok. ",Ninguno
II_Chronicles,27,2,ויעש הישר בעיני יהוה ככל אשרעשה עזיהו אביו רק לאבא אלהיכל יהוה ועוד העם משחיתים,"He did what was pleasing to GOD just as his father Uzziah had done, but he did not enter the Temple of GOD; however, the people still acted corruptly. ",Ninguno
II_Chronicles,27,3,הוא בנה אתשער ביתיהוה העליון ובחומת העפל בנה לרב,It was he who built the Upper Gate of the House of GOD; he also built extensively on the wall of Ophel.,Ninguno
II_Chronicles,27,4,וערים בנה בהריהודה ובחרשים בנה בירניות ומגדלים,"He built towns in the hill country of Judah, and in the woods he built fortresses and towers. ",Ninguno
II_Chronicles,27,5,והוא נלחם עםמלך בניעמון ויחזק עליהם ויתנולו בניעמון בשנה ההיא מאה ככרכסף ועשרת אלפים כרים חטים ושעורים עשרת אלפים זאת השיבו לו בני עמון ובשנה השנית והשלשית,"Moreover, he fought with the king of the Ammonites and overcame them; the Ammonites gave him that year 100 talents of silver and 10,000 kors of wheat and another 10,000 of barley; that is what the Ammonites paid him, and [likewise] in the second and third years. ",Ninguno
II_Chronicles,27,6,ויתחזק יותם כי הכין דרכיו לפני יהוה אלהיו,Jotham was strong because he maintained a faithful course before the ETERNAL his God.,Ninguno
II_Chronicles,27,7,ויתר דברי יותם וכלמלחמתיו ודרכיו הנם כתובים עלספר מלכיישראל ויהודה,"The other events of Jotham’s reign, and all his battles and his conduct, are recorded in the book of the kings of Israel and Judah. ",Ninguno
II_Chronicles,27,8,בןעשרים וחמש שנה היה במלכו וששעשרה שנה מלך בירושל͏ם,"He was twenty-five years old when he became king, and he reigned sixteen years in Jerusalem. ",Ninguno
II_Chronicles,27,9,"וישכב יותם עםאבתיו ויקברו אתו בעיר דויד וימלך אחז בנו תחתיו&nbsp;<span class=""mam-spi-pe"">{פ}</span><br>","Jotham rested with his ancestors, and was buried in the City of David; his son Ahaz succeeded him as king.",Ninguno
II_Chronicles,28,1,בןעשרים שנה אחז במלכו וששעשרה שנה מלך בירושל͏ם ולאעשה הישר בעיני יהוה כדויד אביו,"Ahaz was twenty years old when he became king, and he reigned sixteen years in Jerusalem. He did not do what was pleasing to GOD as his forefather David had done, ",Ninguno
II_Chronicles,28,2,וילך בדרכי מלכי ישראל וגם מסכות עשה לבעלים,but followed the ways of the kings of Israel; he even made molten images for the Baals.,Ninguno
II_Chronicles,28,3,והוא הקטיר בגיא בןהנם ויבער אתבניו באש כתעבות הגוים אשר הריש יהוה מפני בני ישראל,"He made offerings in the Valley of Ben-hinnom and burned his sons in fire, in the abhorrent fashion of the nations that GOD had dispossessed before the Israelites. ",Ninguno
II_Chronicles,28,4,ויזבח ויקטר בבמות ועלהגבעות ותחת כלעץ רענן,"He sacrificed and made offerings at the shrines, on the hills, and under every leafy tree. ",Ninguno
II_Chronicles,28,5,"ויתנהו יהוה אלהיו ביד מלך ארם ויכובו וישבו ממנו שביה גדולה ויביאו דרמשק וגם בידמלך ישראל נתן ויךבו מכה גדולה&nbsp;<span class=""mam-spi-samekh"">{ס}</span>&nbsp;&nbsp;&nbsp;&nbsp;&nbsp;&nbsp;&nbsp;&nbsp;","The ETERNAL his God delivered him over to the king of Aram, who defeated him and took many of his men captive, and brought them to Damascus. He was also delivered over to the king of Israel, who inflicted a great defeat on him. ",Ninguno
II_Chronicles,28,6,ויהרג פקח בןרמליהו ביהודה מאה ועשרים אלף ביום אחד הכל בניחיל בעזבם אתיהוה אלהי אבותם,"Pekah son of Remaliah killed 120,000 in Judah—all brave fighters—in one day, because they had forsaken the ETERNAL God of their ancestors. ",Ninguno
II_Chronicles,28,7,"ויהרג זכרי&thinsp;<b></b> גבור אפרים אתמעשיהו בןהמלך ואתעזריקם נגיד הבית ואתאלקנה משנה המלך&nbsp;<span class=""mam-spi-samekh"">{ס}</span>&nbsp;&nbsp;&nbsp;&nbsp;&nbsp;&nbsp;&nbsp;&nbsp;","Zichri, the champion of Ephraim, killed Maaseiah the king’s son, and Azrikam chief of the palace, and Elkanah, the second to the king. ",Ninguno
II_Chronicles,28,8,"וישבו בניישראל מאחיהם מאתים אלף נשים בנים ובנות וגםשלל רב בזזו מהם ויביאו אתהשלל לשמרון&nbsp;<span class=""mam-spi-samekh"">{ס}</span>&nbsp;&nbsp;&nbsp;&nbsp;&nbsp;&nbsp;&nbsp;&nbsp;","The Israelites captured 200,000 of their kin—including women, boys, and girls; they also took a large amount of booty from them and brought the booty to Samaria.",Ninguno
II_Chronicles,28,9,ושם היה נביא ליהוה עדד שמו ויצא לפני הצבא הבא לשמרון ויאמר להם הנה בחמת יהוה אלהיאבותיכם עליהודה נתנם בידכם ותהרגובם בזעף עד לשמים הגיע,"A prophet of GOD by the name of Oded was there, who went out to meet the army on its return to Samaria. He said to them, “Because of the fury of the ETERNAL God of your ancestors against Judah, they were delivered over to you, and you killed them in a rage that reached heaven. ",Ninguno
II_Chronicles,28,10,ועתה בנייהודה וירושל͏ם אתם אמרים לכבש לעבדים ולשפחות לכם הלא רקאתם עמכם אשמות ליהוה אלהיכם,"Do you now intend to subjugate the men and women of Judah and Jerusalem to be your slaves? As it is, you have nothing but offenses against the ETERNAL your God. ",Ninguno
II_Chronicles,28,11,"ועתה שמעוני והשיבו השביה אשר שביתם מאחיכם כי חרון אףיהוה עליכם&nbsp;<span class=""mam-spi-samekh"">{ס}</span>&nbsp;&nbsp;&nbsp;&nbsp;&nbsp;&nbsp;&nbsp;&nbsp;","Now then, listen to me, and send back the captives you have taken from your kin, for GOD’s wrath is upon you!” ",Ninguno
II_Chronicles,28,12,ויקמו אנשים מראשי בניאפרים עזריהו בןיהוחנן ברכיהו בןמשלמות ויחזקיהו בןשלם ועמשא בןחדלי עלהבאים מןהצבא,"Some of the Ephraimite chiefs—Azariah son of Jehohanan, Berechiah son of Meshillemoth, Jehizkiah son of Shallum, and Amasa son of Hadlai—confronted those returning from the campaign ",Ninguno
II_Chronicles,28,13,"ויאמרו להם לאתביאו אתהשביה הנה כי לאשמת יהוה עלינו אתם אמרים להסיף עלחטאתנו ועלאשמתנו כירבה אשמה לנו וחרון אף עלישראל&nbsp;<span class=""mam-spi-samekh"">{ס}</span>&nbsp;&nbsp;&nbsp;&nbsp;&nbsp;&nbsp;&nbsp;&nbsp;","and said to them, “Do not bring these captives here, for it would mean our offending GOD, adding to our sins and our offenses; for our offense is grave enough, and there is already wrath upon Israel.” ",Ninguno
II_Chronicles,28,14,ויעזב החלוץ אתהשביה ואתהבזה לפני השרים וכלהקהל,So the soldiers released the captives and the booty in the presence of the officers and all the congregation.,Ninguno
II_Chronicles,28,15,"ויקמו האנשים אשרנקבו בשמות ויחזיקו בשביה וכלמערמיהם הלבישו מןהשלל וילבשם וינעלום ויאכלום וישקום ויסכום וינהלום בחמרים לכלכושל ויביאום ירחו עירהתמרים אצל אחיהם וישובו שמרון&nbsp;<span class=""mam-spi-pe"">{פ}</span><br>","Then the men named above proceeded to take the captives in hand, and with the booty they clothed all the naked among them—they clothed them and shod them and gave them to eat and drink and anointed them and provided donkeys for all who were failing and brought them to Jericho, the city of palms, back to their kin. Then they returned to Samaria.",Ninguno
II_Chronicles,28,16,בעת ההיא שלח המלך אחז עלמלכי אשור לעזר לו,"At that time, King Ahaz sent to the king of Assyria for help. ",Ninguno
II_Chronicles,28,17,ועוד אדומים באו ויכו ביהודה וישבושבי,Again the Edomites came and inflicted a defeat on Judah and took captives.,Ninguno
II_Chronicles,28,18,ופלשתים פשטו בערי השפלה והנגב ליהודה וילכדו אתביתשמש ואתאילון ואתהגדרות ואתשוכו ובנותיה ואתתמנה ובנותיה ואתגמזו ואתבנתיה וישבו שם,"And the Philistines made forays against the cities of the Shephelah and the Negeb of Judah; they seized Beth-shemesh and Aijalon and Gederoth, and Soco with its villages, and Timnah with its villages, and Gimzo with its villages; and they settled there. ",Ninguno
II_Chronicles,28,19,כיהכניע יהוה אתיהודה בעבור אחז מלךישראל כי הפריע ביהודה ומעול מעל ביהוה,"Thus GOD brought Judah low on account of King Ahaz of Israel,aIsrael Some mss. and ancient versions read “Judah.” for he threw off restraint in Judah and trespassed against GOD. ",Ninguno
II_Chronicles,28,20,ויבא עליו תלגת פלנאסר מלך אשור ויצר לו ולא חזקו,"Tillegath-pilneser, king of Assyria, marched against him and gave him trouble, instead of supporting him. ",Ninguno
II_Chronicles,28,21,כיחלק אחז אתבית יהוה ואתבית המלך והשרים ויתן למלך אשור ולא לעזרה לו,"For Ahaz plundered the House of GOD and the house of the king and the officers, and made a gift to the king of Assyria—to no avail.",Ninguno
II_Chronicles,28,22,ובעת הצר לו ויוסף למעול ביהוה הוא המלך אחז,"In his time of trouble, this King Ahaz trespassed even more against GOD, ",Ninguno
II_Chronicles,28,23,ויזבח לאלהי דרמשק המכים בו ויאמר כי אלהי מלכיארם הם מעזרים אתם להם אזבח ויעזרוני והם היולו להכשילו ולכלישראל,"sacrificing to the gods of Damascus that had defeated him, for he thought, “The gods of the kings of Aram help them; I shall sacrifice to them and they will help me”; but they were his ruin and that of all Israel. ",Ninguno
II_Chronicles,28,24,ויאסף אחז אתכלי ביתהאלהים ויקצץ אתכלי ביתהאלהים ויסגר אתדלתות ביתיהוה ויעש לו מזבחות בכלפנה בירושל͏ם,"Ahaz collected the utensils of the House of God, and cut the utensils of the House of God to pieces. He shut the doors of the House of GOD and made himself altars in every corner of Jerusalem. ",Ninguno
II_Chronicles,28,25,ובכלעיר ועיר ליהודה עשה במות לקטר לאלהים אחרים ויכעס אתיהוה אלהי אבתיו,"In every town in Judah he set up shrines to make offerings to other gods, vexing the ETERNAL God of his ancestors.",Ninguno
II_Chronicles,28,26,ויתר דבריו וכלדרכיו הראשנים והאחרונים הנם כתובים עלספר מלכייהודה וישראל,"The other events of his reign and all his conduct, early and late, are recorded in the book of the kings of Judah and Israel. ",Ninguno
II_Chronicles,28,27,"וישכב אחז עםאבתיו ויקברהו בעיר בירושל͏ם כי לא הביאהו לקברי מלכי ישראל וימלך יחזקיהו בנו תחתיו&nbsp;<span class=""mam-spi-pe"">{פ}</span><br>","Ahaz rested with his ancestors and was buried in the city, in Jerusalem; his body was not brought to the tombs of the kings of Israel. His son Hezekiah succeeded him as king.",Ninguno
II_Chronicles,29,1,יחזקיהו מלך בןעשרים וחמש שנה ועשרים ותשע שנה מלך בירושל͏ם ושם אמו אביה בתזכריהו,"Hezekiah became king at the age of twenty-five, and he reigned twenty-nine years in Jerusalem; his mother’s name was Abijah daughter of Zechariah. ",Ninguno
II_Chronicles,29,2,ויעש הישר בעיני יהוה ככל אשרעשה דויד אביו,"He did what was pleasing to GOD, just as his forefather David had done.",Ninguno
II_Chronicles,29,3,הוא בשנה הראשונה למלכו בחדש הראשון פתח אתדלתות ביתיהוה ויחזקם,"He, in the first month of the first year of his reign, opened the doors of the House of GOD and repaired them. ",Ninguno
II_Chronicles,29,4,ויבא אתהכהנים ואתהלוים ויאספם לרחוב המזרח,He summoned the priests and the Levites and assembled them in the east square.,Ninguno
II_Chronicles,29,5,ויאמר להם שמעוני הלוים עתה התקדשו וקדשו אתבית יהוה אלהי אבתיכם והוציאו אתהנדה מןהקדש,"He said to them, “Listen to me, Levites! Sanctify yourselves and sanctify the House of the ETERNAL God of your ancestors, and take the abhorrent things out of the holy place. ",Ninguno
II_Chronicles,29,6,כימעלו אבתינו ועשו הרע בעיני יהוהאלהינו ויעזבהו ויסבו פניהם ממשכן יהוה ויתנוערף,"For our ancestors trespassed and did what displeased the ETERNAL our God—whom they forsook as they turned their faces away from the dwelling-place of GOD, turning their backs on it. ",Ninguno
II_Chronicles,29,7,גם סגרו דלתות האולם ויכבו אתהנרות וקטרת לא הקטירו ועלה לאהעלו בקדש לאלהי ישראל,They also shut the doors of the porch and put out the lights; they did not offer incense and did not make burnt offerings in the holy place to the God of Israel.,Ninguno
II_Chronicles,29,8,"ויהי קצף יהוה עליהודה וירושל͏ם ויתנם <span class=""mam-kq""><span class=""mam-kq-k"">(לזועה)</span> <span class=""mam-kq-q"">[לזעוה]</span></span> לשמה ולשרקה כאשר אתם ראים בעיניכם","GOD’s wrath was upon Judah and Jerusalem; they were made to be an object of horror, amazement, and hissingahissing See note at Jer. 18.16.—as you see with your own eyes. ",Ninguno
II_Chronicles,29,9,והנה נפלו אבותינו בחרב ובנינו ובנותינו ונשינו בשבי עלזאת,"Our ancestors died by the sword, and our sons and daughters and wives are in captivity on account of this. ",Ninguno
II_Chronicles,29,10,עתה עםלבבי לכרות ברית ליהוה אלהי ישראל וישב ממנו חרון אפו,"Now I wish to make a covenant with the ETERNAL God of Israel, whose rage may hopefully be withdrawn from us. ",Ninguno
II_Chronicles,29,11,"בני עתה אלתשלו כיבכם בחר יהוה לעמד לפניו לשרתו ולהיות לו משרתים ומקטרים&nbsp;<span class=""mam-spi-pe"">{פ}</span><br>","Now, my sons, do not be slack, for GOD chose you to be in attendance, to render service, to minister, and to make offerings.”",Ninguno
II_Chronicles,29,12,"ויקמו הלוים מחת בןעמשי ויואל בןעזריהו מןבני הקהתי ומןבני מררי קיש בןעבדי ועזריהו בןיהללאל&nbsp;<span class=""mam-spi-samekh"">{ס}</span>&nbsp;&nbsp;&nbsp;&nbsp;&nbsp;&nbsp;&nbsp;&nbsp;ומןהגרשני יואח בןזמה ועדן בןיואח","So the Levites set to—Mahath son of Amasai and Joel son of Azariah of the sons of Kohath; and of the sons of Merari, Kish son of Abdi and Azariah son of Jehallelel; and of the Gershonites, Joah son of Zimmah and Eden son of Joah; ",Ninguno
II_Chronicles,29,13,"ומןבני אליצפן שמרי <span class=""mam-kq""><span class=""mam-kq-k"">(ויעואל)</span> <span class=""mam-kq-q"">[ויעיאל]</span></span> ומןבני אסף זכריהו ומתניהו&nbsp;<span class=""mam-spi-samekh"">{ס}</span>&nbsp;&nbsp;&nbsp;&nbsp;&nbsp;&nbsp;&nbsp;&nbsp;","and of the sons of Elizaphan, Shimri and Jeiel; and of the sons of Asaph, Zechariah and Mattaniah; ",Ninguno
II_Chronicles,29,14,"ומןבני הימן <span class=""mam-kq""><span class=""mam-kq-k"">(יחואל)</span> <span class=""mam-kq-q"">[יחיאל]</span></span> ושמעי&nbsp;<span class=""mam-spi-samekh"">{ס}</span>&nbsp;&nbsp;&nbsp;&nbsp;&nbsp;&nbsp;&nbsp;&nbsp;ומןבני ידותון שמעיה ועזיאל","and of the sons of Heman, Jehiel and Shimei; and of the sons of Jeduthun, Shemaiah and Uzziel— ",Ninguno
II_Chronicles,29,15,ויאספו אתאחיהם ויתקדשו ויבאו כמצותהמלך בדברי יהוה לטהר בית יהוה,"and, gathering their brothers, they sanctified themselves and came, by a command of the king concerning GOD’s ordinances, to purify the House of GOD. ",Ninguno
II_Chronicles,29,16,ויבאו הכהנים לפנימה ביתיהוה לטהר ויוציאו את כלהטמאה אשר מצאו בהיכל יהוה לחצר בית יהוה ויקבלו הלוים להוציא לנחלקדרון חוצה,"The priests went into the House of GOD to purify it, and brought all the impure things they found in the Temple of GOD out into the court of the House of GOD; [there] the Levites received them, to take them outside to Wadi Kidron. ",Ninguno
II_Chronicles,29,17,"ויחלו באחד לחדש הראשון לקדש וביום שמונה לחדש באו לאולם יהוה ויקדשו אתביתיהוה לימים שמונה וביום ששה עשר לחדש הראשון כלו&nbsp;<span class=""mam-spi-samekh"">{ס}</span>&nbsp;&nbsp;&nbsp;&nbsp;&nbsp;&nbsp;&nbsp;&nbsp;","They began the sanctification on the first day of the first month; on the eighth day of the month they reached the porch of GOD. They sanctified the House of GOD for eight days, and on the sixteenth day of the first month they finished. ",Ninguno
II_Chronicles,29,18,ויבואו פנימה אלחזקיהו המלך ויאמרו טהרנו אתכלבית יהוה אתמזבח העולה ואתכלכליו ואתשלחן המערכת ואתכלכליו,"Then they went into the palace of King Hezekiah and said, “We have purified the whole House of GOD and the altar of burnt offering and all its utensils, and the table of the bread of display and all its utensils; ",Ninguno
II_Chronicles,29,19,"ואת כלהכלים אשר הזניח המלך אחז במלכותו במעלו הכנו והקדשנו והנם לפני מזבח יהוה&nbsp;<span class=""mam-spi-samekh"">{ס}</span>&nbsp;&nbsp;&nbsp;&nbsp;&nbsp;&nbsp;&nbsp;&nbsp;","and all the utensils that King Ahaz had befouled during his reign, when he trespassed, we have made ready and sanctified. They are standing in front of the altar of GOD.”",Ninguno
II_Chronicles,29,20,וישכם יחזקיהו המלך ויאסף את שרי העיר ויעל בית יהוה,"King Hezekiah rose early, gathered the officers of the city, and went up to the House of GOD. ",Ninguno
II_Chronicles,29,21,ויביאו פריםשבעה ואילים שבעה וכבשים שבעה וצפירי עזים שבעה לחטאת עלהממלכה ועלהמקדש ועליהודה ויאמר לבני אהרן הכהנים להעלות עלמזבח יהוה,They brought seven bulls and seven rams and seven lambs and seven he-goats as a purgation offering for the kingdom and for the Sanctuary and for Judah. He ordered the Aaronite priests to offer them on the altar of GOD.,Ninguno
II_Chronicles,29,22,וישחטו הבקר ויקבלו הכהנים אתהדם ויזרקו המזבחה וישחטו האלים ויזרקו הדם המזבחה וישחטו הכבשים ויזרקו הדם המזבחה,"The cattle were slaughtered, and the priests received the blood and dashed it against the altar; the rams were slaughtered and the blood was dashed against the altar; the lambs were slaughtered and the blood was dashed against the altar. ",Ninguno
II_Chronicles,29,23,ויגישו אתשעירי החטאת לפני המלך והקהל ויסמכו ידיהם עליהם,"The he-goats for the purgation offering were presented to the king and the congregation, who laid their hands upon them. ",Ninguno
II_Chronicles,29,24,וישחטום הכהנים ויחטאו אתדמם המזבחה לכפר עלכלישראל כי לכלישראל אמר המלך העולה והחטאת,"The priests slaughtered them and performed the purgation rite with the blood against the altar, to expiate for all Israel, for the king had designated the burnt offering and the purgation offering to be for all Israel. ",Ninguno
II_Chronicles,29,25,ויעמד אתהלוים בית יהוה במצלתים בנבלים ובכנרות במצות דויד וגד חזההמלך ונתן הנביא כי בידיהוה המצוה בידנביאיו,"He stationed the Levites in the House of GOD with cymbals and harps and lyres, as David and Gad the king’s seer and Nathan the prophet had ordained, for the ordinance was by GOD through those prophets.",Ninguno
II_Chronicles,29,26,"ויעמדו הלוים בכלי דויד והכהנים בחצצרות&nbsp;<span class=""mam-spi-pe"">{פ}</span><br>","When the Levites were in place with the instruments of David, and the priests with their trumpets, ",Ninguno
II_Chronicles,29,27,ויאמר חזקיהו להעלות העלה להמזבח ובעת החל העולה החל שיריהוה והחצצרות ועלידי כלי דויד מלךישראל,"Hezekiah gave the order to offer the burnt offering on the altar. When the burnt offering began, the song of GOD and the trumpets began also, together with the instruments of King David of Israel. ",Ninguno
II_Chronicles,29,28,"וכלהקהל משתחוים והשיר משורר והחצצרות <span class=""mam-kq""><span class=""mam-kq-k"">(מחצצרים)</span> <span class=""mam-kq-q"">[מחצרים]</span></span> הכל עד לכלות העלה","All the congregation prostrated themselves, the song was sung and the trumpets were blown—all this until the end of the burnt offering. ",Ninguno
II_Chronicles,29,29,וככלות להעלות כרעו המלך וכלהנמצאים אתו וישתחוו,"When the offering was finished, the king and all who were there with him knelt and prostrated themselves. ",Ninguno
II_Chronicles,29,30,"ויאמר יחזקיהו המלך והשרים ללוים להלל ליהוה בדברי דויד ואסף החזה ויהללו עדלשמחה ויקדו וישתחוו&nbsp;<span class=""mam-spi-pe"">{פ}</span><br>","King Hezekiah and the officers ordered the Levites to praise GOD in the words of David and Asaph the seer; so they praised rapturously, and they bowed and prostrated themselves.",Ninguno
II_Chronicles,29,31,ויען יחזקיהו ויאמר עתה מלאתם ידכם ליהוה גשו והביאו זבחים ותודות לבית יהוה ויביאו הקהל זבחים ותודות וכלנדיב לב עלות,"Then Hezekiah said, “Now you have consecrated yourselves to GOD; come, bring sacrifices of well-being and thanksgiving to the House of GOD.” The congregation brought sacrifices of well-being and thanksgiving, and all who felt so moved brought burnt offerings. ",Ninguno
II_Chronicles,29,32,ויהי מספר העלה אשר הביאו הקהל בקר שבעים אילים מאה כבשים מאתים לעלה ליהוה כלאלה,"The number of burnt offerings that the congregation brought was 70 cattle, 100 rams, 200 lambs—all these for burnt offerings to GOD. ",Ninguno
II_Chronicles,29,33,והקדשים בקר שש מאות וצאן שלשת אלפים,"The sacred offerings were 600 large cattle and 3,000 small cattle. ",Ninguno
II_Chronicles,29,34,רק הכהנים היו למעט ולא יכלו להפשיט אתכלהעלות ויחזקום אחיהם הלוים עדכלות המלאכה ועד יתקדשו הכהנים כי הלוים ישרי לבב להתקדש מהכהנים,"The priests were too few to be able to flay all the burnt offerings, so their kindred, the Levites, reinforced them till the end of the work, and till the [rest of the] priests sanctified themselves. (The Levites were more conscientious about sanctifying themselves than the priests.) ",Ninguno
II_Chronicles,29,35,וגםעלה לרב בחלבי השלמים ובנסכים לעלה ותכון עבודת ביתיהוה,"For beside the large number of burnt offerings, there were the fat parts of the sacrifices of well-being and the libations for the burnt offerings; so the service of the House of GOD was properly accomplished. ",Ninguno
II_Chronicles,29,36,"וישמח יחזקיהו וכלהעם על ההכין האלהים לעם כי בפתאם היה הדבר&nbsp;<span class=""mam-spi-pe"">{פ}</span><br>","Hezekiah and all the people rejoiced over what God had enabled the people to accomplish, because it had happened so suddenly.",Ninguno
II_Chronicles,30,1,וישלח יחזקיהו עלכלישראל ויהודה וגםאגרות כתב עלאפרים ומנשה לבוא לביתיהוה בירושל͏ם לעשות פסח ליהוה אלהי ישראל,Hezekiah sent word to all Israel and Judah; he also wrote letters to Ephraim and Manasseh to come to the House of GOD in Jerusalem to keep the Passover for the ETERNAL God of Israel.,Ninguno
II_Chronicles,30,2,ויועץ המלך ושריו וכלהקהל בירושל͏ם לעשות הפסח בחדש השני,"The king and his officers and the congregation in Jerusalem had agreed to keep the Passover in the second month, ",Ninguno
II_Chronicles,30,3,כי לא יכלו לעשתו בעת ההיא כי הכהנים לאהתקדשו למדי והעם לאנאספו לירושל͏ם,"for at the time, they were unable to keep it,aunable to keep it On its proper date; cf. Num. 9.1–14. for not enough priests had sanctified themselves, nor had the people assembled in Jerusalem. ",Ninguno
II_Chronicles,30,4,ויישר הדבר בעיני המלך ובעיני כלהקהל,The king and the whole congregation thought it proper,Ninguno
II_Chronicles,30,5,ויעמידו דבר להעביר קול בכלישראל מבארשבע ועדדן לבוא לעשות פסח ליהוה אלהיישראל בירושל͏ם כי לא לרב עשו ככתוב,to issue a decree and proclaim throughout all Israel from Beer-sheba to Dan that they come and keep the Passover for the ETERNAL God of Israel in Jerusalem—not often did they act in accord with what was written.,Ninguno
II_Chronicles,30,6,וילכו הרצים באגרות מיד המלך ושריו בכלישראל ויהודה וכמצות המלך לאמר בני ישראל שובו אליהוה אלהי אברהם יצחק וישראל וישב אלהפליטה הנשארת לכם מכף מלכי אשור,"The couriers went out with the letters from the king and his officers through all Israel and Judah, by order of the king, proclaiming, “O you Israelites! Return to the ETERNAL God of your fathers, Abraham, Isaac, and Israel, and [God] will return to the remnant of you who escaped from the hand of the kings of Assyria. ",Ninguno
II_Chronicles,30,7,ואלתהיו כאבותיכם וכאחיכם אשר מעלו ביהוה אלהי אבותיהם ויתנם לשמה כאשר אתם ראים,"Do not be like your ancestors and kindred who trespassed against the ETERNAL God of their ancestors and were turned into a horror, as you see. ",Ninguno
II_Chronicles,30,8,עתה אלתקשו ערפכם כאבותיכם תנויד ליהוה ובאו למקדשו אשר הקדיש לעולם ועבדו אתיהוה אלהיכם וישב מכם חרון אפו,"Now do not be stiffnecked like your ancestors; submit yourselves to GOD and come to the sanctuary that has been consecrated forever, and serve the ETERNAL your God, whose anger may hopefully turn back from you. ",Ninguno
II_Chronicles,30,9,"כי בשובכם עליהוה אחיכם ובניכם לרחמים לפני שוביהם ולשוב לארץ הזאת כיחנון ורחום יהוה אלהיכם ולאיסיר פנים מכם אםתשובו אליו&nbsp;<span class=""mam-spi-samekh"">{ס}</span>&nbsp;&nbsp;&nbsp;&nbsp;&nbsp;&nbsp;&nbsp;&nbsp;","If you return to GOD, your brothers and children will be regarded with compassion by their captors, and will return to this land; the ETERNAL your God, being gracious and merciful, will not turn away from you if you return.”",Ninguno
II_Chronicles,30,10,ויהיו הרצים עברים מעיר&thinsp;<small></small>&thinsp;לעיר בארץאפרים ומנשה ועדזבלון ויהיו משחיקים עליהם ומלעגים בם,"As the couriers passed from town to town in the land of Ephraim and Manasseh till they reached Zebulun, they were laughed at and mocked. ",Ninguno
II_Chronicles,30,11,אךאנשים מאשר ומנשה ומזבלון נכנעו ויבאו לירושל͏ם,"Some of the people of Asher and Manasseh and Zebulun, however, were contrite, and came to Jerusalem. ",Ninguno
II_Chronicles,30,12,גם ביהודה היתה יד האלהים לתת להם לב אחד לעשות מצות המלך והשרים בדבר יהוה,"The hand of God was on Judah, too, making them of a single mind to carry out the command of the king and officers concerning the ordinance of GOD. ",Ninguno
II_Chronicles,30,13,ויאספו ירושל͏ם עםרב לעשות אתחג המצות בחדש השני קהל לרב מאד,"A great crowd assembled at Jerusalem to keep the Feast of Unleavened Bread in the second month, a very great congregation. ",Ninguno
II_Chronicles,30,14,ויקמו ויסירו אתהמזבחות אשר בירושל͏ם ואת כלהמקטרות הסירו וישליכו לנחל קדרון,"They set to and removed the altars that were in Jerusalem, and they removed all the incense stands and threw them into Wadi Kidron. ",Ninguno
II_Chronicles,30,15,וישחטו הפסח בארבעה עשר לחדש השני והכהנים והלוים נכלמו ויתקדשו ויביאו עלות בית יהוה,"They slaughtered the passover sacrifice on the fourteenth of the second month. The priests and Levites were ashamed, and they sanctified themselves and brought burnt offerings to the House of GOD. ",Ninguno
II_Chronicles,30,16,ויעמדו עלעמדם כמשפטם כתורת משה אישהאלהים הכהנים זרקים אתהדם מיד הלוים,"They took their stations, as was their rule according to the Teaching of Moses, agent of God. The priests dashed the blood [that they received] from the Levites. ",Ninguno
II_Chronicles,30,17,כירבת בקהל אשר לאהתקדשו והלוים עלשחיטת הפסחים לכל לא טהור להקדיש ליהוה,"Since many in the congregation had not sanctified themselves, the Levites were in charge of slaughtering the passover sacrifice for everyone who was not pure, so as to consecrate them to GOD. ",Ninguno
II_Chronicles,30,18,כי מרבית העם רבת מאפרים ומנשה יששכר וזבלון לא הטהרו כיאכלו אתהפסח בלא ככתוב כי התפלל יחזקיהו עליהם לאמר יהוה הטוב יכפר בעד,"For most of the people—many from Ephraim and Manasseh, Issachar and Zebulun—had not purified themselves, yet they ate the passover sacrifice in violation of what was written. Hezekiah prayed for them, saying, “The good GOD will provide atonement for ",Ninguno
II_Chronicles,30,19,"כללבבו הכין לדרוש האלהים&thinsp;<small></small>&thinsp;יהוה אלהי אבותיו ולא כטהרת הקדש&nbsp;<span class=""mam-spi-samekh"">{ס}</span>&nbsp;&nbsp;&nbsp;&nbsp;&nbsp;&nbsp;&nbsp;&nbsp;",all who set their mind on worshiping God—the ETERNAL God of their ancestors—even if they are not purified for the sanctuary.”,Ninguno
II_Chronicles,30,20,"וישמע יהוה אליחזקיהו וירפא אתהעם&nbsp;<span class=""mam-spi-samekh"">{ס}</span>&nbsp;&nbsp;&nbsp;&nbsp;&nbsp;&nbsp;&nbsp;&nbsp;",GOD heard Hezekiah and healed the people.,Ninguno
II_Chronicles,30,21,"ויעשו בניישראל הנמצאים בירושל͏ם אתחג המצות שבעת ימים בשמחה גדולה ומהללים ליהוה יום&thinsp;<small></small>&thinsp;ביום הלוים והכהנים בכליעז ליהוה&nbsp;<span class=""mam-spi-samekh"">{ס}</span>&nbsp;&nbsp;&nbsp;&nbsp;&nbsp;&nbsp;&nbsp;&nbsp;","The Israelites who were in Jerusalem kept the Feast of Unleavened Bread seven days, with great rejoicing, the Levites and the priests praising GOD daily with powerful instruments for GOD. ",Ninguno
II_Chronicles,30,22,"וידבר יחזקיהו עללב כלהלוים המשכילים שכלטוב ליהוה ויאכלו אתהמועד שבעת הימים מזבחים זבחי שלמים ומתודים ליהוה אלהי אבותיהם&nbsp;<span class=""mam-spi-samekh"">{ס}</span>&nbsp;&nbsp;&nbsp;&nbsp;&nbsp;&nbsp;&nbsp;&nbsp;","Hezekiah persuaded all the Levites who performed skillfully for GOD to spend the seven days of the festival making offerings of well-being, and confessing to the ETERNAL God of their ancestors. ",Ninguno
II_Chronicles,30,23,ויועצו כלהקהל לעשות שבעת ימים אחרים ויעשו שבעתימים שמחה,"All the congregation resolved to keep seven more days, so they kept seven more days of rejoicing. ",Ninguno
II_Chronicles,30,24,"כי חזקיהו מלךיהודה הרים לקהל אלף פרים ושבעת אלפים צאן&nbsp;<span class=""mam-spi-samekh"">{ס}</span>&nbsp;&nbsp;&nbsp;&nbsp;&nbsp;&nbsp;&nbsp;&nbsp;והשרים הרימו לקהל פרים אלף וצאן עשרת אלפים ויתקדשו כהנים לרב","King Hezekiah of Judah contributed to the congregation 1,000 bulls and 7,000 sheep. And the officers contributed to the congregation 1,000 bulls and 10,000 sheep. And the priests sanctified themselves in large numbers. ",Ninguno
II_Chronicles,30,25,וישמחו&thinsp;<b></b> כלקהל יהודה והכהנים והלוים וכלהקהל הבאים מישראל והגרים הבאים מארץ ישראל והיושבים ביהודה,"All the congregation of Judah and the priests and the Levites and all the congregation that came from Israel, and the resident aliens who came from the land of Israel and who lived in Judah, rejoiced. ",Ninguno
II_Chronicles,30,26,"ותהי שמחהגדולה בירושל͏ם כי מימי שלמה בןדויד מלך ישראל לא כזאת בירושל͏ם&nbsp;<span class=""mam-spi-samekh"">{ס}</span>&nbsp;&nbsp;&nbsp;&nbsp;&nbsp;&nbsp;&nbsp;&nbsp;","There was great rejoicing in Jerusalem, for since the time of King Solomon son of David of Israel nothing like it had happened in Jerusalem. ",Ninguno
II_Chronicles,30,27,"ויקמו הכהנים הלוים ויברכו אתהעם וישמע בקולם ותבוא תפלתם למעון קדשו לשמים&nbsp;<span class=""mam-spi-pe"">{פ}</span><br>","The Levite priests rose and blessed the people, and their voice was heard, and their prayer went up to God’s holy abode, to heaven.",Ninguno
II_Chronicles,31,1,"וככלות כלזאת יצאו כלישראל הנמצאים לערי יהודה וישברו המצבות ויגדעו האשרים וינתצו אתהבמות ואתהמזבחות מכליהודה ובנימן ובאפרים ומנשה עדלכלה וישובו כלבני ישראל איש לאחזתו לעריהם&nbsp;<span class=""mam-spi-pe"">{פ}</span><br>","When all this was finished, all Israel who were present went out into the towns of Judah and smashed the pillars, cut down the sacred posts,asacred posts See note at 14.2. demolished the shrines and altars throughout Judah and Benjamin, and throughout Ephraim and Manasseh, to the very last one. Then all the Israelites returned to their towns, each to their homestead.",Ninguno
II_Chronicles,31,2,"ויעמד יחזקיהו אתמחלקות הכהנים והלוים עלמחלקותם איש&thinsp;<b></b> כפי עבדתו לכהנים וללוים לעלה ולשלמים לשרת ולהדות ולהלל בשערי מחנות יהוה&nbsp;<span class=""mam-spi-samekh"">{ס}</span>&nbsp;&nbsp;&nbsp;&nbsp;&nbsp;&nbsp;&nbsp;&nbsp;","Hezekiah reconstituted the divisions of the priests and Levites, each of the priests and Levites according to his office, for the burnt offerings, the offerings of well-being, to minister, and to sing hymns and praises in the gates of the courts of GOD; ",Ninguno
II_Chronicles,31,3,ומנת המלך מןרכושו לעלות לעלות הבקר והערב והעלות לשבתות ולחדשים ולמעדים ככתוב בתורת יהוה,"also the king’s portion, from his property, for the burnt offerings—the morning and evening burnt offering, and the burnt offerings for sabbaths, and new moons, and festivals, as prescribed in the Teaching of GOD.",Ninguno
II_Chronicles,31,4,ויאמר לעם ליושבי ירושל͏ם לתת מנת הכהנים והלוים למען יחזקו בתורת יהוה,"He ordered the people, the inhabitants of Jerusalem, to deliver the portions of the priests and the Levites, so that they might devote themselves to the Teaching of GOD. ",Ninguno
II_Chronicles,31,5,וכפרץ הדבר הרבו בניישראל ראשית דגן תירוש ויצהר ודבש וכל תבואת שדה ומעשר הכל לרב הביאו,"When the word spread, the Israelites brought large quantities of grain, wine, oil, honey, and all kinds of agricultural produce, and tithes of all, in large amounts. ",Ninguno
II_Chronicles,31,6,"ובני ישראל ויהודה היושבים בערי יהודה גםהם מעשר בקר וצאן ומעשר קדשים המקדשים ליהוה אלהיהם הביאו ויתנו ערמות ערמות&nbsp;<span class=""mam-spi-samekh"">{ס}</span>&nbsp;&nbsp;&nbsp;&nbsp;&nbsp;&nbsp;&nbsp;&nbsp;","The people of Israel and Judah living in the towns of Judah—they too brought tithes of cattle and sheep and tithes of sacred things consecrated to the ETERNAL their God, piling them in heaps. ",Ninguno
II_Chronicles,31,7,"בחדש השלשי החלו הערמות ליסוד ובחדש השביעי כלו&nbsp;<span class=""mam-spi-samekh"">{ס}</span>&nbsp;&nbsp;&nbsp;&nbsp;&nbsp;&nbsp;&nbsp;&nbsp;","In the third month the heaps began to accumulate, and were finished in the seventh month. ",Ninguno
II_Chronicles,31,8,"ויבאו יחזקיהו והשרים ויראו אתהערמות ויברכו אתיהוה ואת עמו ישראל&nbsp;<span class=""mam-spi-pe"">{פ}</span><br>","When Hezekiah and the officers came and saw the heaps, they blessed GOD and the people Israel. ",Ninguno
II_Chronicles,31,9,וידרש יחזקיהו עלהכהנים והלוים עלהערמות,Hezekiah asked the priests and Levites about the heaps.,Ninguno
II_Chronicles,31,10,"ויאמר אליו עזריהו הכהן הראש לבית צדוק ויאמר מהחל התרומה לביא ביתיהוה אכול ושבוע והותר עדלרוב כי יהוה ברך אתעמו והנותר אתההמון הזה&nbsp;<span class=""mam-spi-samekh"">{ס}</span>&nbsp;&nbsp;&nbsp;&nbsp;&nbsp;&nbsp;&nbsp;&nbsp;","The chief priest Azariah, of the house of Zadok, replied to him, saying, “Ever since the gifts began to be brought to the House of GOD, people have been eating to satiety and leaving over in great amounts, for GOD has blessed the people; this huge amount is left over!” ",Ninguno
II_Chronicles,31,11,ויאמר יחזקיהו להכין לשכות בבית יהוה ויכינו,Hezekiah then gave orders to prepare store-chambers in the House of GOD; and they were prepared.,Ninguno
II_Chronicles,31,12,"ויביאו אתהתרומה והמעשר והקדשים באמונה ועליהם נגיד <span class=""mam-kq""><span class=""mam-kq-k"">(כונניהו)</span> <span class=""mam-kq-q"">[כנניהו]</span></span> הלוי ושמעי אחיהו משנה","They brought in the gifts and the tithes and the sacred things faithfully. Their supervisor was Conaniah the Levite, and Shimei his brother was second in rank. ",Ninguno
II_Chronicles,31,13,"ויחיאל ועזזיהו ונחת ועשהאל וירימות ויוזבד ואליאל ויסמכיהו ומחת ובניהו פקידים מיד <span class=""mam-kq""><span class=""mam-kq-k"">(כונניהו)</span> <span class=""mam-kq-q"">[כנניהו]</span></span> ושמעי אחיו במפקד יחזקיהו המלך ועזריהו נגיד ביתהאלהים",Jehiel and Azaziah and Nahath and Asahel and Jerimoth and Jozabad and Eliel and Ismachiah and Mahath and Benaiah were commissioners under Conaniah and Shimei his brother by appointment of King Hezekiah; Azariah was supervisor of the House of God.,Ninguno
II_Chronicles,31,14,וקורא בןימנה הלוי השוער למזרחה על נדבות האלהים לתת תרומת יהוה וקדשי הקדשים,"Kore son of Imnah the Levite, the keeper of the East Gate, was in charge of the freewill offerings to God, of the allocation of gifts to GOD, and the most sacred things. ",Ninguno
II_Chronicles,31,15,ועלידו עדן ומנימן וישוע ושמעיהו אמריהו ושכניהו בערי הכהנים באמונה לתת לאחיהם במחלקות כגדול כקטן,"Under him were Eden, Miniamin, Jeshua, Shemaiah, Amariah, and Shecaniah, in offices of trust in the priestly towns, making allocation to their brothers by divisions, to great and small alike; ",Ninguno
II_Chronicles,31,16,מלבד התיחשם לזכרים מבן שלוש שנים ולמעלה לכלהבא לביתיהוה לדבריום ביומו לעבודתם במשמרותם כמחלקותיהם,"besides allocating their daily rations to those males registered by families from three years old and up, all who entered the House of GOD according to their service and their shift by division; ",Ninguno
II_Chronicles,31,17,ואת התיחש הכהנים לבית אבותיהם והלוים מבן עשרים שנה ולמעלה במשמרותיהם במחלקותיהם,"and in charge of the registry of priests by clans, and of the Levites, from twenty years old and up, by shifts, in their divisions; ",Ninguno
II_Chronicles,31,18,ולהתיחש בכלטפם נשיהם ובניהם ובנותיהם לכלקהל כי באמונתם יתקדשוקדש,"and the registry of the dependents of their whole company—wives, sons, and daughters—for, relying upon them, they sanctified themselves in holiness. ",Ninguno
II_Chronicles,31,19,ולבני אהרן הכהנים בשדי מגרש עריהם בכלעיר ועיר אנשים אשר נקבו בשמות לתת מנות לכלזכר בכהנים ולכלהתיחש בלוים,"And for the Aaronite priests, in each and every one of their towns with adjoining fields, those named above were to allocate portions to every male of the priests and to every registered Levite. ",Ninguno
II_Chronicles,31,20,ויעש כזאת יחזקיהו בכליהודה ויעש הטוב והישר והאמת לפני יהוה אלהיו,"Hezekiah did this throughout Judah. He acted in a way that was good, upright, and faithful before the ETERNAL his God. ",Ninguno
II_Chronicles,31,21,"ובכלמעשה אשרהחל&thinsp;<b></b> בעבודת ביתהאלהים ובתורה ובמצוה לדרש לאלהיו בכללבבו עשה והצליח&nbsp;<span class=""mam-spi-pe"">{פ}</span><br>","Every work he undertook in the service of the House of God or in the Teaching and the Commandment, to worship his God, he did with all his heart; and he prospered.",Ninguno
II_Chronicles,32,1,אחרי הדברים והאמת האלה בא סנחריב מלךאשור ויבא ביהודה ויחן עלהערים הבצרות ויאמר לבקעם אליו,"aCf. 2 Kings 18–20; Isa. 36–39. After these faithful deeds, King Sennacherib of Assyria invaded Judah and encamped against its fortified towns with the aim of taking them over. ",Ninguno
II_Chronicles,32,2,וירא יחזקיהו כיבא סנחריב ופניו למלחמה עלירושל͏ם,"When Hezekiah saw that Sennacherib had come, intent on making war against Jerusalem, ",Ninguno
II_Chronicles,32,3,ויועץ עםשריו וגבריו לסתום אתמימי העינות אשר מחוץ לעיר ויעזרוהו,"he consulted with his officers and warriors about stopping the flow of the springs outside the city, and they supported him. ",Ninguno
II_Chronicles,32,4,ויקבצו עםרב ויסתמו אתכלהמעינות ואתהנחל השוטף בתוךהארץ לאמר למה יבואו מלכי אשור ומצאו מים רבים,"A large force was assembled to stop up all the springs and the wadi that flowed through the land, for otherwise, they thought, the king of Assyria would come and find water in abundance. ",Ninguno
II_Chronicles,32,5,ויתחזק ויבן אתכלהחומה הפרוצה ויעל עלהמגדלות ולחוצה החומה אחרת ויחזק אתהמלוא עיר דויד ויעש שלח לרב ומגנים,"He acted with vigor, rebuilding the whole breached wall, raising towers on it, and building another wall outside it. He fortified the Millo of the City of David, and made a great quantity of arms and shields. ",Ninguno
II_Chronicles,32,6,ויתן שרי מלחמות עלהעם ויקבצם אליו אלרחוב שער העיר וידבר עללבבם לאמר,"He appointed battle officers over the people; then, gathering them to him in the square of the city gate, he rallied them, saying, ",Ninguno
II_Chronicles,32,7,חזקו ואמצו אלתיראו ואלתחתו מפני מלך אשור ומלפני כלההמון אשרעמו כיעמנו רב מעמו,"“Be strong and of good courage; do not be frightened or dismayed by the king of Assyria or by the horde that is with him, for we have more with us than he has with him. ",Ninguno
II_Chronicles,32,8,"עמו זרוע בשר ועמנו יהוה אלהינו לעזרנו ולהלחם מלחמתנו ויסמכו העם עלדברי יחזקיהו מלךיהודה&nbsp;<span class=""mam-spi-pe"">{פ}</span><br>","With him is an arm of flesh, but with us is the ETERNAL our God, to help us and to fight our battles.” The people were encouraged by the speech of King Hezekiah of Judah.",Ninguno
II_Chronicles,32,9,אחר זה שלח סנחריב מלךאשור עבדיו ירושלימה והוא עללכיש וכלממשלתו עמו עליחזקיהו מלך יהודה ועלכליהודה אשר בירושל͏ם לאמר,"Afterward, King Sennacherib of Assyria sent his officers to Jerusalem—he and all his staff being at Lachish—with this message to King Hezekiah of Judah and to all the people of Judah who were in Jerusalem: ",Ninguno
II_Chronicles,32,10,כה אמר סנחריב מלך אשור עלמה אתם בטחים וישבים במצור בירושל͏ם,“Thus said King Sennacherib of Assyria: On what do you trust to enable you to endure a siege in Jerusalem?,Ninguno
II_Chronicles,32,11,הלא יחזקיהו מסית אתכם לתת אתכם למות ברעב ובצמא לאמר יהוה אלהינו יצילנו מכף מלך אשור,"Hezekiah is seducing you to a death of hunger and thirst, saying, ‘The ETERNAL our God will save us from the king of Assyria.’ ",Ninguno
II_Chronicles,32,12,הלאהוא יחזקיהו הסיר אתבמתיו ואתמזבחתיו ויאמר ליהודה ולירושל͏ם לאמר לפני מזבח אחד תשתחוו ועליו תקטירו,"But is not Hezekiah the one who removed your God’sbyour God’s Lit. “His.” shrines and altars and commanded the people of Judah and Jerusalem saying, ‘Before this one altar you shall prostrate yourselves, and upon it make your burnt offerings’? ",Ninguno
II_Chronicles,32,13,הלא תדעו מה עשיתי אני ואבותי לכל עמי הארצות היכול יכלו אלהי גוי הארצות להציל אתארצם מידי,Surely you know what I and my ancestors have done to the peoples of the lands? Were the gods of the nations of the lands able to save their lands from me?,Ninguno
II_Chronicles,32,14,מי בכלאלהי הגוים האלה אשר החרימו אבותי אשר יכול להציל אתעמו מידי כי יוכל אלהיכם להציל אתכם מידי,"Which of all the gods of any of those nations whom my ancestors destroyed was able to save their people from me, that your God should be able to save you from me? ",Ninguno
II_Chronicles,32,15,ועתה אלישיא אתכם חזקיהו ואליסית אתכם כזאת ואלתאמינו לו כילא יוכל כלאלוה כלגוי וממלכה להציל עמו מידי ומיד אבותי אף כי אלהיכם לאיצילו אתכם מידי,"Now then, do not let Hezekiah delude you; do not let him seduce you in this way; do not believe him. For no god of any nation or kingdom has been able to save their people from me or from my ancestors—much less your God, to save you from me!” ",Ninguno
II_Chronicles,32,16,ועוד דברו עבדיו עליהוה האלהים ועל יחזקיהו עבדו,His officers said still more things against the ETERNAL God and against Hezekiah—God’s servant.,Ninguno
II_Chronicles,32,17,וספרים כתב לחרף ליהוה אלהי ישראל ולאמר עליו לאמר כאלהי גויי הארצות אשר לאהצילו עמם מידי כן לאיציל אלהי יחזקיהו עמו מידי,"He also wrote letters reviling the ETERNAL God of Israel, saying, “Just as the gods of the other nations of the earth did not save their people from me, so the God of Hezekiah will not save this people from me.” ",Ninguno
II_Chronicles,32,18,ויקראו בקולגדול יהודית עלעם ירושל͏ם אשר עלהחומה ליראם ולבהלם למען ילכדו אתהעיר,"They called loudly in the language of Judah to the people of Jerusalem who were on the wall, to frighten them into panic, so as to capture the city. ",Ninguno
II_Chronicles,32,19,"וידברו אלאלהי ירושל͏ם כעל אלהי עמי הארץ מעשה ידי האדם&nbsp;<span class=""mam-spi-samekh"">{ס}</span>&nbsp;&nbsp;&nbsp;&nbsp;&nbsp;&nbsp;&nbsp;&nbsp;","They spoke of the God of Jerusalem like they spoke of the gods of the other peoples of the earth, made by human hands. ",Ninguno
II_Chronicles,32,20,"ויתפלל יחזקיהו המלך וישעיהו בןאמוץ הנביא עלזאת ויזעקו השמים&nbsp;<span class=""mam-spi-samekh"">{ס}</span>&nbsp;&nbsp;&nbsp;&nbsp;&nbsp;&nbsp;&nbsp;&nbsp;","Then King Hezekiah and the prophet Isaiah son of Amoz prayed about this, and cried out to heaven.",Ninguno
II_Chronicles,32,21,"וישלח יהוה מלאך ויכחד כלגבור חיל ונגיד ושר במחנה מלך אשור וישב בבשת פנים לארצו ויבא בית אלהיו <span class=""mam-kq""><span class=""mam-kq-k"">(ומיציאו)</span> <span class=""mam-kq-q"">[ומיציאי]</span></span> מעיו שם הפילהו בחרב","
GOD
 sent an angel who annihilated every mighty warrior, commander, and officer in the army of the king of Assyria, and he returned in disgrace to his land. He entered the house of his god, and there some of his own offspring struck him down by the sword. ",Ninguno
II_Chronicles,32,22,ויושע יהוה אתיחזקיהו ואת&thinsp;<b></b> ישבי ירושל͏ם מיד סנחריב מלךאשור ומידכל וינהלם מסביב,"Thus GOD delivered Hezekiah and the inhabitants of Jerusalem from King Sennacherib of Assyria, and from everyone—providing for them on all sides. ",Ninguno
II_Chronicles,32,23,"ורבים מביאים מנחה ליהוה לירושל͏ם ומגדנות ליחזקיהו מלך יהודה וינשא לעיני כלהגוים מאחריכן&nbsp;<span class=""mam-spi-pe"">{פ}</span><br>","Many brought tribute to GOD to Jerusalem, and gifts to King Hezekiah of Judah; thereafter he was exalted in the eyes of all the nations.",Ninguno
II_Chronicles,32,24,בימים ההם חלה יחזקיהו עדלמות ויתפלל אליהוה ויאמר לו ומופת נתן לו,"At that time, Hezekiah fell deathly sick. He prayed to GOD, who responded to him and gave him a sign. ",Ninguno
II_Chronicles,32,25,ולאכגמל עליו השיב יחזקיהו כי גבה לבו ויהי עליו קצף ועליהודה וירושל͏ם,"Hezekiah made no return for what had been bestowed upon him, for he grew arrogant; so wrath was decreed for him and for Judah and Jerusalem. ",Ninguno
II_Chronicles,32,26,ויכנע יחזקיהו בגבה לבו הוא ויושבי ירושל͏ם ולאבא עליהם קצף יהוה בימי יחזקיהו,"Then Hezekiah humbled himself where he had been arrogant, he and the inhabitants of Jerusalem, and no wrath of GOD came on them during the reign of Hezekiah. ",Ninguno
II_Chronicles,32,27,ויהי ליחזקיהו עשר וכבוד הרבה מאד ואצרות עשהלו לכסף ולזהב ולאבן יקרה ולבשמים ולמגנים ולכל כלי חמדה,"Hezekiah enjoyed riches and glory in abundance; he filled treasuries with silver and gold, precious stones, spices, shields, and all lovely objects; ",Ninguno
II_Chronicles,32,28,ומסכנות לתבואת דגן ותירוש ויצהר וארות לכלבהמה ובהמה ועדרים לאורת,"and store-cities with the produce of grain, wine, and oil, and stalls for all kinds of beasts, and flocks for sheepfolds. ",Ninguno
II_Chronicles,32,29,וערים עשה לו ומקנהצאן ובקר לרב כי נתןלו אלהים רכוש רב מאד,"And he acquired towns, and flocks of small and large cattle in great number, for God endowed him with very many possessions. ",Ninguno
II_Chronicles,32,30,והוא יחזקיהו סתם אתמוצא מימי גיחון העליון ויישרם למטהמערבה לעיר דויד ויצלח יחזקיהו בכלמעשהו,"It was Hezekiah who stopped up the spring of water of Upper Gihon, leading it downward west of the City of David; Hezekiah prospered in all that he did. ",Ninguno
II_Chronicles,32,31,וכן במליצי&thinsp;<b></b> שרי בבל המשלחים עליו לדרש המופת אשר היה בארץ עזבו האלהים לנסותו לדעת כלבלבבו,"So too in the matter of the ambassadors of the princes of Babylon, who were sent to him to inquire about the sign that was in the land, when God forsook him in order to test him, to learn all that was in his mind.",Ninguno
II_Chronicles,32,32,ויתר דברי יחזקיהו וחסדיו הנם כתובים בחזון ישעיהו בןאמוץ הנביא עלספר מלכייהודה וישראל,"The other events of Hezekiah’s reign, and his faithful acts, are recorded in the visions of the prophet Isaiah son of Amoz and in the book of the kings of Judah and Israel. ",Ninguno
II_Chronicles,32,33,"וישכב יחזקיהו עםאבתיו ויקברהו במעלה קברי בנידויד וכבוד עשולו במותו כליהודה וישבי ירושל͏ם וימלך מנשה בנו תחתיו&nbsp;<span class=""mam-spi-pe"">{פ}</span><br>","Hezekiah rested with his ancestors, and was buried on the upper part of the tombs of the sons of David. When he died, all the people of Judah and the inhabitants of Jerusalem accorded him much honor. Manasseh, his son, succeeded him.",Ninguno
II_Chronicles,33,1,בןשתים עשרה שנה מנשה במלכו וחמשים וחמש שנה מלך בירושל͏ם,"aCf. 2 Kings 21. Manasseh was twelve years old when he became king, and he reigned fifty-five years in Jerusalem. ",Ninguno
II_Chronicles,33,2,ויעש הרע בעיני יהוה כתועבות הגוים אשר הוריש יהוה מפני בני ישראל,"He did what was displeasing to GOD, following the abhorrent practices of the nations that GOD had dispossessed before the Israelites. ",Ninguno
II_Chronicles,33,3,וישב ויבן אתהבמות אשר נתץ יחזקיהו אביו ויקם מזבחות לבעלים ויעש אשרות וישתחו לכלצבא השמים ויעבד אתם,"He rebuilt the shrines that his father Hezekiah had demolished; he erected altars for the Baals and made sacred posts.bsacred posts See note at 14.2. He bowed down to all the host of heaven and worshiped them, ",Ninguno
II_Chronicles,33,4,ובנה מזבחות בבית יהוה אשר אמר יהוה בירושל͏ם יהיהשמי לעולם,"and he built altars [to them] in the House of GOD, of which GOD had said, “My name will be in Jerusalem forever.” ",Ninguno
II_Chronicles,33,5,ויבן מזבחות לכלצבא השמים בשתי חצרות ביתיהוה,He built altars for all the host of heaven in the two courts of the House of GOD.,Ninguno
II_Chronicles,33,6,והוא העביר אתבניו באש בגי בןהנם ועונן ונחש וכשף ועשה אוב וידעוני הרבה לעשות הרע בעיני יהוה להכעיסו,"He consigned his sons to the fire in the Valley of Ben-hinnom, and he practiced soothsaying, divination, and sorcery, and consulted ghosts and familiar spirits; he did much that was displeasing to GOD in order to provoke anger. ",Percepción (Yada)
II_Chronicles,33,7,וישם אתפסל הסמל אשר עשה בבית האלהים אשר אמר אלהים אלדויד ואלשלמה בנו בבית הזה ובירושל͏ם אשר בחרתי מכל שבטי ישראל אשים אתשמי לעילום,"He placed a sculptured image that he made in the House of God, of which God had said to David and to his son Solomon, “In this House and in Jerusalem, which I chose out of all the tribes of Israel, I will establish My name forever. ",Ninguno
II_Chronicles,33,8,ולא אסיף להסיר אתרגל ישראל מעל האדמה אשר העמדתי לאבותיכם רק&thinsp;<b></b> אםישמרו לעשות את כלאשר צויתים לכלהתורה והחקים והמשפטים בידמשה,"And I will never again remove the feet of Israel from the land that I assigned to their ancestors, if only they observe faithfully all that I have commanded them—all the teaching and the laws and the rules given by Moses.” ",Ninguno
II_Chronicles,33,9,"ויתע מנשה אתיהודה וישבי ירושל͏ם לעשות רע מןהגוים אשר השמיד יהוה מפני בני ישראל&nbsp;<span class=""mam-spi-pe"">{פ}</span><br>",Manasseh led Judah and the inhabitants of Jerusalem astray into evil greater than that done by the nations that GOD had destroyed before the Israelites.,Ninguno
II_Chronicles,33,10,וידבר יהוה אלמנשה ואלעמו ולא הקשיבו,"
GOD
 spoke to Manasseh and his people, but they would not pay heed, ",Ninguno
II_Chronicles,33,11,ויבא יהוה עליהם אתשרי הצבא אשר למלך אשור וילכדו אתמנשה בחחים ויאסרהו בנחשתים ויוליכהו בבלה,"so GOD brought against them the officers of the army of the king of Assyria, who took Manasseh captive in manacles, bound him in fetters, and led him off to Babylon. ",Ninguno
II_Chronicles,33,12,וכהצר לו חלה אתפני יהוה אלהיו ויכנע מאד מלפני אלהי אבתיו,"In his distress, he entreated the ETERNAL his God and humbled himself greatly before the God of his ancestors. ",Ninguno
II_Chronicles,33,13,ויתפלל אליו ויעתר לו וישמע תחנתו וישיבהו ירושל͏ם למלכותו וידע מנשה כי יהוה הוא האלהים,"He prayed to [God], who granted his prayer, heard his plea, and returned him to Jerusalem to his kingdom. Then Manasseh knew that the ETERNAL alone was God. ",Percepción (Yada)
II_Chronicles,33,14,ואחריכן בנה חומה חיצונה&thinsp;<small></small>&thinsp;לעירדויד מערבה לגיחון בנחל ולבוא בשער הדגים וסבב לעפל ויגביהה מאד וישם שריחיל בכלהערים הבצרות ביהודה,"Afterward he built the outer wall of the City of David west of Gihon in the wadi on the way to the Fish Gate, and it encircled Ophel; he raised it very high. He also placed army officers in all the fortified towns of Judah. ",Ninguno
II_Chronicles,33,15,ויסר אתאלהי הנכר ואתהסמל מבית יהוה וכלהמזבחות אשר בנה בהר ביתיהוה ובירושל͏ם וישלך חוצה לעיר,"He removed the foreign gods and the image from the House of GOD, as well as all the altars that he had built on the Mount of the House of GOD and in Jerusalem, and dumped them outside the city. ",Ninguno
II_Chronicles,33,16,"<span class=""mam-kq""><span class=""mam-kq-k"">(ויכן)</span> <span class=""mam-kq-q"">[ויבן]</span></span> אתמזבח יהוה ויזבח עליו זבחי שלמים ותודה ויאמר ליהודה לעבוד אתיהוה אלהי ישראל","He rebuilt the altar of GOD and offered on it sacrifices of well-being and thanksgiving, and commanded the people of Judah to worship the ETERNAL God of Israel. ",Ninguno
II_Chronicles,33,17,אבל עוד העם זבחים בבמות רק ליהוה אלהיהם,"To be sure, the people continued sacrificing at the shrines, but only to the ETERNAL their God.",Ninguno
II_Chronicles,33,18,ויתר דברי מנשה ותפלתו אלאלהיו ודברי החזים המדברים אליו בשם יהוה אלהי ישראל הנם עלדברי מלכי ישראל,"The other events of Manasseh’s reign, and his prayer to his God, and the words of the seers who spoke to him in the name of the ETERNAL God of Israel are found in the chronicles of the kings of Israel. ",Ninguno
II_Chronicles,33,19,ותפלתו והעתרלו וכלחטאתו ומעלו והמקמות אשר בנה בהם במות והעמיד האשרים והפסלים לפני הכנעו הנם כתובים על דברי חוזי,"His prayer and how it was granted to him, the whole account of his sin and trespass, and the places in which he built shrines and installed sacred postscsacred posts See note at 14.2. and images before he humbled himself are recorded in the words of Hozai.dHozai Or “seers.” ",Ninguno
II_Chronicles,33,20,"וישכב מנשה עםאבתיו ויקברהו ביתו וימלך אמון בנו תחתיו&nbsp;<span class=""mam-spi-pe"">{פ}</span><br>",Manasseh rested with his ancestors and was buried on his palace grounds; his son Amon succeeded him as king.,Ninguno
II_Chronicles,33,21,בןעשרים ושתים שנה אמון במלכו ושתים שנים מלך בירושל͏ם,"Amon was twenty-two years old when he became king, and he reigned two years in Jerusalem. ",Ninguno
II_Chronicles,33,22,ויעש הרע בעיני יהוה כאשר עשה מנשה אביו ולכלהפסילים אשר עשה מנשה אביו זבח אמון ויעבדם,"He did what was displeasing to GOD, as his father Manasseh had done. Amon sacrificed to all the idols that his father Manasseh had made and worshiped them. ",Ninguno
II_Chronicles,33,23,ולא נכנע מלפני יהוה כהכנע מנשה אביו כי הוא אמון הרבה אשמה,"He did not humble himself before GOD, as his father Manasseh had humbled himself; instead, Amon incurred much guilt. ",Ninguno
II_Chronicles,33,24,ויקשרו עליו עבדיו וימיתהו בביתו,His courtiers conspired against him and killed him in his palace.,Ninguno
II_Chronicles,33,25,"ויכו עםהארץ את כלהקשרים עלהמלך אמון וימליכו עםהארץ אתיאשיהו בנו תחתיו&nbsp;<span class=""mam-spi-pe"">{פ}</span><br>",But the people of the land struck down all who had conspired against King Amon; and the people of the land made his son Josiah king in his stead.,Ninguno
II_Chronicles,34,1,בןשמונה שנים יאשיהו במלכו ושלשים ואחת שנה מלך בירושל͏ם,"aCf. 2 Kings 22; 23.1–20. Josiah was eight years old when he became king, and he reigned thirty-one years in Jerusalem. ",Ninguno
II_Chronicles,34,2,ויעש הישר בעיני יהוה וילך בדרכי דויד אביו ולאסר ימין ושמאול,"He did what was pleasing to GOD, following the ways of his forefather David without deviating to the right or to the left. ",Control/Derecha (Yamin)
II_Chronicles,34,3,ובשמונה שנים למלכו והוא עודנו נער החל לדרוש לאלהי דויד אביו ובשתים עשרה שנה החל לטהר אתיהודה וירושל͏ם מןהבמות והאשרים והפסלים והמסכות,"In the eighth year of his reign, while he was still young, he began to seek the God of his forefather David, and in the twelfth year he began to purge Judah and Jerusalem of the shrines, the sacred posts,bsacred posts See note at 14.2. the idols, and the molten images. ",Ninguno
II_Chronicles,34,4,וינתצו לפניו את מזבחות הבעלים והחמנים אשרלמעלה מעליהם גדע והאשרים והפסלים והמסכות שבר והדק ויזרק עלפני הקברים הזבחים להם,"At his bidding, they demolished the altars of the Baals, and he had the incense stands above them cut down; he smashed the sacred posts, the idols, and the images, ground them into dust, and strewed it onto the graves of those who had sacrificed to them. ",Ninguno
II_Chronicles,34,5,"ועצמות כהנים שרף על<span class=""mam-kq""><span class=""mam-kq-q"">[מזבחותם]</span> <span class=""mam-kq-k"">(מזבחותים)</span></span> ויטהר אתיהודה ואתירושל͏ם",He burned the bones of priests on their altars and purged Judah and Jerusalem.,Ninguno
II_Chronicles,34,6,"ובערי מנשה ואפרים ושמעון ועדנפתלי <span class=""mam-kq""><span class=""mam-kq-k"">(בחר בתיהם)</span> <span class=""mam-kq-q"">[בחרבתיהם]</span></span> סביב","In the towns of Manasseh and Ephraim and Simeon, as far as Naphtali, [lying] in ruins on every side, ",Ninguno
II_Chronicles,34,7,"וינתץ אתהמזבחות ואתהאשרים והפסלים כתת להדק וכלהחמנים גדע בכלארץ ישראל וישב לירושל͏ם&nbsp;<span class=""mam-spi-pe"">{פ}</span><br>",he demolished the altars and the sacred posts and smashed the idols and ground them into dust; and he hewed down all the incense stands throughout the land of Israel. Then he returned to Jerusalem.,Ninguno
II_Chronicles,34,8,ובשנת שמונה עשרה למלכו לטהר הארץ והבית שלח אתשפן בןאצליהו ואתמעשיהו שרהעיר ואת יואח בןיואחז המזכיר לחזק אתבית יהוה אלהיו,"In the eighteenth year of his reign, after purging the land and the House, he commissioned Shaphan son of Azaliah, Maaseiah the governor of the city, and Joah son of Joahaz the recorder to repair the House of the ETERNAL his God. ",Ninguno
II_Chronicles,34,9,"ויבאו אלחלקיהו&thinsp;<b></b> הכהן הגדול ויתנו אתהכסף המובא ביתאלהים אשר אספוהלוים שמרי הסף מיד מנשה ואפרים ומכל שארית ישראל ומכליהודה ובנימן <span class=""mam-kq""><span class=""mam-kq-k"">(וישבי)</span> <span class=""mam-kq-q"">[וישובו]</span></span> ירושל͏ם","They came to the high priest Hilkiah and delivered to him the silver brought to the House of God, which the Levites, the guards of the threshold, had collected from Manasseh and Ephraim and from all the remnant of Israel and from all Judah and Benjamin and the inhabitants of Jerusalem.cthe inhabitants of Jerusalem With kethib and ancient versions; qere, “they returned to Jerusalem.” ",Ninguno
II_Chronicles,34,10,ויתנו עליד עשה המלאכה המפקדים בבית יהוה ויתנו אתו עושי המלאכה אשר עשים בבית יהוה לבדוק ולחזק הבית,"They delivered it into the custody of the overseers who were in charge at the House of GOD, and the overseers who worked in the House of GOD spent it on examining and repairing the House. ",Ninguno
II_Chronicles,34,11,"ויתנו לחרשים ולבנים לקנות אבני מחצב ועצים למחברות ולקרות אתהבתים אשר השחיתו מלכי יהודה&nbsp;<span class=""mam-spi-samekh"">{ס}</span>&nbsp;&nbsp;&nbsp;&nbsp;&nbsp;&nbsp;&nbsp;&nbsp;",They paid it out to the artisans and the masons to buy quarried stone and wood for the couplings and for making roof-beams for the buildings that the kings of Judah had allowed to fall into ruin.,Ninguno
II_Chronicles,34,12,והאנשים עשים באמונה במלאכה ועליהם&thinsp;<small></small>&thinsp;מפקדים יחת ועבדיהו הלוים מןבני מררי וזכריה ומשלם מןבני הקהתים לנצח והלוים כלמבין בכלישיר,"Those involved did the work honestly; over them were appointed the Levites Jahath and Obadiah, of the sons of Merari, and Zechariah and Meshullam, of the sons of Kohath, to supervise; while other Levites, all the master musicians, ",Separación (Beyn)
II_Chronicles,34,13,ועל הסבלים ומנצחים לכל עשה מלאכה לעבודה ועבודה ומהלוים סופרים ושטרים ושוערים,"were over the porters, supervising all who worked at each and every task; some of the Levites were scribes and officials and gatekeepers.",Ninguno
II_Chronicles,34,14,ובהוציאם אתהכסף המובא בית יהוה מצא חלקיהו הכהן אתספר תורתיהוה בידמשה,"As they took out the silver that had been brought to the House of GOD, the priest Hilkiah found a scroll of GOD’s Teaching given by Moses. ",Ninguno
II_Chronicles,34,15,ויען חלקיהו ויאמר אלשפן הסופר ספר התורה מצאתי בבית יהוה ויתן חלקיהו אתהספר אלשפן,"Hilkiah spoke up and said to the scribe Shaphan, “I have found a scroll of the Teaching in the House of GOD”; and Hilkiah gave the scroll to Shaphan. ",Ninguno
II_Chronicles,34,16,ויבא שפן אתהספר אלהמלך וישב עוד אתהמלך דבר לאמר כל אשרנתן בידעבדיך הם עשים,"Shaphan brought the scroll to the king and also reported to the king, “All that was entrusted to your servants is being done; ",Percepción (Yada)
II_Chronicles,34,17,ויתיכו אתהכסף הנמצא בביתיהוה ויתנוהו עליד המפקדים ועליד עושי המלאכה,"they have melted down the silver that was found in the House of GOD and delivered it to those who were in charge, to the overseers.” ",Ninguno
II_Chronicles,34,18,ויגד שפן הסופר למלך לאמר ספר נתן לי חלקיהו הכהן ויקראבו שפן לפני המלך,"The scribe Shaphan also told the king, “The priest Hilkiah has given me a scroll”; and Shaphan read from it to the king. ",Ninguno
II_Chronicles,34,19,ויהי כשמע המלך את דברי התורה ויקרע אתבגדיו,"When the king heard the words of the Teaching, he tore his clothes. ",Ninguno
II_Chronicles,34,20,ויצו המלך אתחלקיהו ואתאחיקם בןשפן ואתעבדון בןמיכה ואת&thinsp;<b></b> שפן הסופר ואת עשיה עבדהמלך לאמר,"The king gave orders to Hilkiah, and Ahikam son of Shaphan, and Abdon son of Micah, and the scribe Shaphan, and Asaiah the king’s minister, saying, ",Ninguno
II_Chronicles,34,21,לכו דרשו אתיהוה בעדי ובעד הנשאר בישראל וביהודה עלדברי הספר אשר נמצא כיגדולה חמתיהוה אשר נתכה בנו על אשר לאשמרו אבותינו אתדבר יהוה לעשות ככלהכתוב עלהספר הזה,"“Go, inquire of GOD on my behalf and on behalf of those who remain in Israel and Judah concerning the words of the scroll that has been found, for great indeed must be GOD’s wrath that has been poured down upon us because our ancestors did not obey the word of GOD and do all that is written in this scroll.”",Ninguno
II_Chronicles,34,22,"וילך חלקיהו ואשר המלך אלחלדה הנביאה אשת&thinsp;<b></b> שלם בן<span class=""mam-kq""><span class=""mam-kq-q"">[תקהת]</span> <span class=""mam-kq-k"">(תוקהת)</span></span> בןחסרה שומר הבגדים והיא יושבת בירושל͏ם במשנה וידברו אליה כזאת","Hilkiah and those whom the king [had ordered] went to the prophetess Huldah, wife of Shallum son of Tokhath son of Hasrah, keeper of the wardrobe, who was living in Jerusalem in the Mishneh,dMishneh A quarter in Jerusalem; cf. Zeph. 1.10. and spoke to her accordingly. ",Ninguno
II_Chronicles,34,23,"ותאמר להם כהאמר יהוה אלהי ישראל אמרו לאיש אשרשלח אתכם אלי&nbsp;<span class=""mam-spi-samekh"">{ס}</span>&nbsp;&nbsp;&nbsp;&nbsp;&nbsp;&nbsp;&nbsp;&nbsp;","She responded to them: “Thus said the ETERNAL God of Israel: Say to the one who sent you to Me, ",Ninguno
II_Chronicles,34,24,כה אמר יהוה הנני מביא רעה עלהמקום הזה ועליושביו את כלהאלות הכתובות עלהספר אשר קראו לפני מלך יהודה,‘Thus said GOD: I am going to bring disaster upon this place and its inhabitants—all the curses that are written in the scroll that was read to the king of Judah—,Ninguno
II_Chronicles,34,25,"תחת&thinsp;<b></b> אשר עזבוני <span class=""mam-kq""><span class=""mam-kq-k"">(ויקטירו)</span> <span class=""mam-kq-q"">[ויקטרו]</span></span> לאלהים אחרים למען הכעיסני בכל מעשי ידיהם ותתך חמתי במקום הזה ולא תכבה",because they forsook Me and made offerings to other gods in order to vex Me with all the works of their hands; My wrath shall be poured out against this place and not be quenched.’,Ninguno
II_Chronicles,34,26,"ואלמלך יהודה השלח אתכם לדרוש ביהוה כה תאמרו אליו&nbsp;<span class=""mam-spi-samekh"">{ס}</span>&nbsp;&nbsp;&nbsp;&nbsp;&nbsp;&nbsp;&nbsp;&nbsp;כהאמר יהוה אלהי ישראל הדברים אשר שמעת","But say this to the king of Judah who sent you to inquire of GOD: ‘Thus said the ETERNAL God of Israel: As for the words that you have heard, ",Ninguno
II_Chronicles,34,27,יען רךלבבך ותכנע&thinsp;<b></b> מלפני אלהים בשמעך אתדבריו עלהמקום הזה ועלישביו ותכנע לפני ותקרע אתבגדיך ותבך לפני וגםאני שמעתי נאםיהוה,"since your heart was softened and you humbled yourself before God when you heard MyeMy Heb. 3rd person. words concerning this place and its inhabitants, and you humbled yourself before Me and tore your clothes and wept before Me, I for My part have listened, declares GOD. ",Ninguno
II_Chronicles,34,28,"הנני אספך אלאבתיך ונאספת אלקברותיך בשלום ולאתראינה עיניך בכל הרעה אשר אני מביא עלהמקום הזה ועלישביו וישיבו אתהמלך דבר&nbsp;<span class=""mam-spi-samekh"">{ס}</span>&nbsp;&nbsp;&nbsp;&nbsp;&nbsp;&nbsp;&nbsp;&nbsp;","Assuredly, I will gather you to your ancestors, and you will be laid in your grave in peace; your eyes shall see nothing of the disaster that I will bring upon this place and its inhabitants.’” They reported this back to the king.",Ninguno
II_Chronicles,34,29,וישלח המלך ויאסף אתכלזקני יהודה וירושל͏ם,Then the king sent word and assembled all the elders of Judah and Jerusalem.,Ninguno
II_Chronicles,34,30,ויעל המלך ביתיהוה וכלאיש יהודה וישבי ירושל͏ם והכהנים והלוים וכלהעם מגדול ועדקטן ויקרא באזניהם אתכלדברי ספר הברית הנמצא בית יהוה,"The king went up to the House of GOD with the entire citizenry of Judah and the inhabitants of Jerusalem and the priests and the Levites—all the people, young and old—and he read to them the entire text of the covenant scroll that was found in the House of GOD. ",Ninguno
II_Chronicles,34,31,ויעמד המלך עלעמדו ויכרת אתהברית לפני יהוה ללכת אחרי יהוה ולשמור אתמצותיו ועדותיו וחקיו בכללבבו ובכלנפשו לעשות אתדברי הברית הכתובים עלהספר הזה,"The king stood in his place and solemnized the covenant before GOD: to follow GOD and to observe God’s commandments, injunctions, and laws with all his heart and soul, to fulfill all the terms of the covenant written in this scroll. ",Ninguno
II_Chronicles,34,32,ויעמד את כלהנמצא בירושל͏ם ובנימן ויעשו יושבי ירושל͏ם כברית אלהים אלהי אבותיהם,"He obligated all the people of Jerusalem and Benjamin who were present; and the inhabitants of Jerusalem acted in accord with the Covenant of God, God of their ancestors. ",Ninguno
II_Chronicles,34,33,"ויסר יאשיהו אתכלהתעבות מכלהארצות אשר לבני ישראל ויעבד את כלהנמצא בישראל לעבוד אתיהוה אלהיהם כלימיו לא סרו מאחרי יהוה אלהי אבותיהם&nbsp;<span class=""mam-spi-samekh"">{ס}</span>&nbsp;&nbsp;&nbsp;&nbsp;&nbsp;&nbsp;&nbsp;&nbsp;",Josiah removed all the abominations from the whole territory of the Israelites and obliged all who were in Israel to worship the ETERNAL their God. Throughout his reign they did not deviate from following the ETERNAL God of their ancestors.,Ninguno
II_Chronicles,35,1,ויעש יאשיהו בירושל͏ם פסח ליהוה וישחטו הפסח בארבעה עשר לחדש הראשון,aCf. 2 Kings 23.21–30. Josiah kept the Passover for GOD in Jerusalem; the passover sacrifice was slaughtered on the fourteenth day of the first month. ,Ninguno
II_Chronicles,35,2,"ויעמד הכהנים עלמשמרותם ויחזקם לעבודת בית יהוה&nbsp;<span class=""mam-spi-samekh"">{ס}</span>&nbsp;&nbsp;&nbsp;&nbsp;&nbsp;&nbsp;&nbsp;&nbsp;",He reinstated the priests in their shifts and rallied them to the service of the House of GOD.,Ninguno
II_Chronicles,35,3,"ויאמר ללוים <span class=""mam-kq""><span class=""mam-kq-k"">(המבונים)</span> <span class=""mam-kq-q"">[המבינים]</span></span> לכלישראל הקדושים ליהוה תנו אתארוןהקדש בבית אשר בנה שלמה בןדויד מלך ישראל איןלכם משא בכתף עתה עבדו אתיהוה אלהיכם ואת עמו ישראל","He said to the Levites, consecrated to GOD, who taught all Israel, “Put the Holy Ark in the House that Solomon son of David, king of Israel, built; as you no longer carry it on your shoulders, see now to the service of the ETERNAL your God and Israel—God’s people, ",Ninguno
II_Chronicles,35,4,"<span class=""mam-kq""><span class=""mam-kq-k"">(והכונו)</span> <span class=""mam-kq-q"">[והכינו]</span></span> לביתאבותיכם כמחלקותיכם בכתב דויד מלך ישראל ובמכתב שלמה בנו","and dispose yourselves by clans according to your divisions, as prescribed in the writing of King David of Israel and in the document of his son Solomon, ",Ninguno
II_Chronicles,35,5,ועמדו בקדש לפלוגת בית האבות לאחיכם בני העם וחלקת ביתאב ללוים,"and attend in the Sanctuary, by clan divisions, on your kindred, the people—by clan divisions of the Levites. ",Ninguno
II_Chronicles,35,6,"ושחטו הפסח והתקדשו והכינו לאחיכם לעשות כדבריהוה בידמשה&nbsp;<span class=""mam-spi-pe"">{פ}</span><br>","Having sanctified yourselves, slaughter the passover sacrifice and prepare it for your kindred, according to the word of God given by Moses.” ",Ninguno
II_Chronicles,35,7,"וירם יאשיהו לבני העם צאן כבשים ובניעזים הכל לפסחים לכלהנמצא למספר שלשים אלף ובקר שלשת אלפים אלה מרכוש המלך&nbsp;<span class=""mam-spi-samekh"">{ס}</span>&nbsp;&nbsp;&nbsp;&nbsp;&nbsp;&nbsp;&nbsp;&nbsp;","Josiah donated to the people small cattle—lambs and goats, all for passover sacrifices for all present—to the sum of 30,000, and large cattle, 3,000—these from the property of the king. ",Ninguno
II_Chronicles,35,8,ושריו לנדבה לעם לכהנים וללוים הרימו חלקיה וזכריהו ויחיאל נגידי בית האלהים לכהנים נתנו לפסחים אלפים ושש מאות ובקר שלש מאות,"His officers gave a freewill offering to the people, to the priests, and to the Levites. Hilkiah and Zechariah and Jehiel, the chiefs of the House of God, donated to the priests for passover sacrifices 2,600 [small cattle] and 300 large cattle. ",Ninguno
II_Chronicles,35,9,"<span class=""mam-kq""><span class=""mam-kq-k"">(וכונניהו)</span> <span class=""mam-kq-q"">[וכנניהו]</span></span> ושמעיהו ונתנאל אחיו וחשביהו ויעיאל ויוזבד שרי הלוים הרימו ללוים לפסחים חמשת אלפים ובקר חמש מאות","Conaniah, Shemaiah, and Nethanel, his brothers, and Hashabiah and Jeiel and Jozabad, officers of the Levites, donated 5,000 [small cattle] and 500 large cattle to the Levites for passover sacrifices.",Ninguno
II_Chronicles,35,10,ותכון העבודה ויעמדו הכהנים עלעמדם והלוים עלמחלקותם כמצות המלך,"The service was arranged well: the priests stood at their posts and the Levites in their divisions, by the king’s command. ",Ninguno
II_Chronicles,35,11,וישחטו הפסח ויזרקו הכהנים מידם והלוים מפשיטים,"They slaughtered the passover sacrifice and the priests [received its blood] from them and dashed it, while the Levites flayed the animals. ",Ninguno
II_Chronicles,35,12,ויסירו העלה לתתם למפלגות לביתאבות לבני העם להקריב ליהוה ככתוב בספר משה וכן לבקר,"They removed the parts to be burnt, distributing them to divisions of the people by clans, and making the sacrifices to GOD, as prescribed in the scroll of Moses; they did the same for the cattle. ",Ninguno
II_Chronicles,35,13,ויבשלו הפסח באש כמשפט והקדשים בשלו בסירות ובדודים ובצלחות ויריצו לכלבני העם,"They roasted the passover sacrifice in fire, as prescribed, while the sacred offerings they cooked in pots, cauldrons, and pans, and conveyed them with dispatch to all the people. ",Ninguno
II_Chronicles,35,14,ואחר הכינו להם ולכהנים כי הכהנים בני אהרן בהעלות העולה והחלבים עדלילה והלוים הכינו להם ולכהנים בני אהרן,"Afterward they provided for themselves and the priests, for the Aaronite priests were busy offering the burnt offerings and the fatty parts until nightfall, so the Levites provided both for themselves and for the Aaronite priests. ",Ninguno
II_Chronicles,35,15,והמשררים בניאסף עלמעמדם כמצות דויד ואסף והימן וידתון חוזה המלך והשערים לשער ושער אין להם לסור מעל עבדתם כיאחיהם הלוים הכינו להם,"The Asaphite singers were at their stations, by command of David and Asaph and Heman and Jeduthun, the seer of the king; and the gatekeepers were at each and every gate. They did not have to leave their tasks, because their Levite brothers provided for them. ",Ninguno
II_Chronicles,35,16,ותכון כלעבודת יהוה ביום ההוא לעשות הפסח והעלות עלות על מזבח יהוה כמצות המלך יאשיהו,"The entire service of GOD was arranged well that day, to keep the Passover and to make the burnt offerings on the altar of GOD, according to the command of King Josiah. ",Ninguno
II_Chronicles,35,17,ויעשו בניישראל הנמצאים אתהפסח בעת ההיא ואתחג המצות שבעת ימים,"All the Israelites present kept the Passover at that time, and the Feast of Unleavened Bread for seven days. ",Ninguno
II_Chronicles,35,18,"ולאנעשה פסח כמהו בישראל מימי שמואל הנביא וכלמלכי ישראל&thinsp;<small></small>&thinsp;לאעשו כפסח אשרעשה יאשיהו והכהנים והלוים וכליהודה וישראל הנמצא ויושבי ירושל͏ם&nbsp;<span class=""mam-spi-samekh"">{ס}</span>&nbsp;&nbsp;&nbsp;&nbsp;&nbsp;&nbsp;&nbsp;&nbsp;","Since the time of the prophet Samuel, no Passover like that one had ever been kept in Israel; none of the kings of Israel had kept a Passover like the one kept by Josiah and the priests and the Levites and all Judah and Israel there present and the inhabitants of Jerusalem. ",Ninguno
II_Chronicles,35,19,בשמונה עשרה שנה למלכות יאשיהו נעשה הפסח הזה,That Passover was kept in the eighteenth year of the reign of Josiah.,Ninguno
II_Chronicles,35,20,אחרי כלזאת אשר הכין יאשיהו אתהבית עלה נכו מלךמצרים להלחם בכרכמיש עלפרת ויצא לקראתו יאשיהו,"After all this furbishing of the temple by Josiah, King Necho of Egypt came up to fight at Carchemish on the Euphrates, and Josiah went out against him. ",Ninguno
II_Chronicles,35,21,וישלח אליו מלאכים&thinsp;<small></small>&thinsp;לאמר&thinsp;<small></small>&thinsp;מהלי ולך מלך יהודה לאעליך אתה היום כי אלבית מלחמתי ואלהים אמר לבהלני חדללך מאלהים אשרעמי ואלישחיתך,"[Necho] sent messengers to him, saying, “What have I to do with you, king of Judah? I do not march against you this day but against the kingdom that wars with me, and it is God’s will that I hurry. Refrain, then, from interfering with God—who is with me—that you not be destroyed.” ",Ninguno
II_Chronicles,35,22,ולאהסב יאשיהו פניו ממנו כי להלחםבו התחפש ולא שמע אלדברי נכו מפי אלהים ויבא להלחם בבקעת מגדו,"But Josiah would not let him alone; instead, he donned [his armor]bhe donned [his armor] With Targum. to fight him, heedless of Necho’s words from the mouth of God; and he came to fight in the plain of Megiddo. ",Ninguno
II_Chronicles,35,23,וירו הירים למלך יאשיהו ויאמר המלך לעבדיו העבירוני כי החליתי מאד,"Archers shot King Josiah, and the king said to his servants, “Get me away from here, for I am badly wounded.” ",Ninguno
II_Chronicles,35,24,"ויעבירהו עבדיו מןהמרכבה וירכיבהו על רכב המשנה אשרלו ויוליכהו ירושל͏ם וימת ויקבר בקברות אבתיו וכליהודה וירושל͏ם מתאבלים עליאשיהו&nbsp;<span class=""mam-spi-pe"">{פ}</span><br>","His servants carried him out of his chariot and put him in the wagon of his second-in-command, and conveyed him to Jerusalem. There he died, and was buried in the grave of his ancestors, and all Judah and Jerusalem went into mourning over Josiah. ",Ninguno
II_Chronicles,35,25,ויקונן ירמיהו עליאשיהו ויאמרו כלהשרים&thinsp;<small></small>&thinsp;והשרות בקינותיהם עליאשיהו עדהיום ויתנום לחק עלישראל והנם כתובים עלהקינות,"Jeremiah composed laments for Josiah that all the singers, male and female, recited in their laments for Josiah, as is done to this day; they became customary in Israel and were incorporated into the laments. ",Ninguno
II_Chronicles,35,26,ויתר דברי יאשיהו וחסדיו ככתוב בתורת יהוה,"The other events of Josiah’s reign and his faithful deeds, in accord with the Teaching of GOD, ",Ninguno
II_Chronicles,35,27,"ודבריו הראשנים והאחרנים הנם כתובים עלספר מלכיישראל ויהודה&nbsp;<span class=""mam-spi-pe"">{פ}</span><br>","and his acts, early and late, are recorded in the book of the kings of Israel and Judah.",Ninguno
