Libro,Capitulo,Versiculo,Hebreo_Limpio,Traduccion,Conceptos_Matriz
Genesis,1,1,<big>ב</big>ראשית ברא אלהים את השמים ואת הארץ,When God began to createaWhen God began to create In contrast to others “In the beginning God created.” heaven and earth— ,Ninguno
Genesis,1,2,והארץ היתה תהו ובהו וחשך עלפני תהום ורוח אלהים מרחפת עלפני המים,"the earth being unformed and void, with darkness over the surface of the deep and a wind fromba wind from In contrast to others “the spirit of.” God sweeping over the water— ",Ninguno
Genesis,1,3,ויאמר אלהים יהי אור ויהיאור,"God said, “Let there be light”; and there was light. ",Ninguno
Genesis,1,4,וירא אלהים אתהאור כיטוב ויבדל אלהים בין האור ובין החשך,"God saw that the light was good, and God separated the light from the darkness. ",Separación (Beyn)
Genesis,1,5,"ויקרא אלהים&thinsp;<small></small>&thinsp;לאור יום ולחשך קרא לילה ויהיערב ויהיבקר יום אחד&nbsp;<span class=""mam-spi-pe"">{פ}</span><br>","God called the light Day—and called the darkness Night. And there was evening and there was morning, a first day.ca first day In contrast to others “one day.” ",Ninguno
Genesis,1,6,ויאמר אלהים יהי רקיע בתוך המים ויהי מבדיל בין מים למים,"God said, “Let there be an expanse in the midst of the water, that it may separate water from water.” ",Separación (Beyn)
Genesis,1,7,ויעש אלהים אתהרקיע ויבדל בין המים אשר מתחת לרקיע ובין המים אשר מעל לרקיע ויהיכן,"God made the expanse, and it separated the water that was below the expanse from the water that was above the expanse. And it was so. ",Separación (Beyn)
Genesis,1,8,"ויקרא אלהים לרקיע שמים ויהיערב ויהיבקר יום שני&nbsp;<span class=""mam-spi-pe"">{פ}</span><br>","God called the expanse Sky. And there was evening and there was morning, a second day.",Ninguno
Genesis,1,9,ויאמר אלהים יקוו המים מתחת השמים אלמקום אחד ותראה היבשה ויהיכן,"God said, “Let the water below the sky be gathered into one area, that the dry land may appear.” And it was so. ",Ninguno
Genesis,1,10,ויקרא אלהים&thinsp;<small></small>&thinsp;ליבשה ארץ ולמקוה המים קרא ימים וירא אלהים כיטוב,God called the dry land Earth—and called the gathering of waters Seas. And God saw that this was good.,Ninguno
Genesis,1,11,ויאמר אלהים תדשא הארץ דשא עשב מזריע זרע עץ פרי עשה פרי למינו אשר זרעובו עלהארץ ויהיכן,"And God said, “Let the earth sprout vegetation: seed-bearing plants, fruit trees of every kind on earth that bear fruit with the seed in it.” And it was so. ",Ninguno
Genesis,1,12,ותוצא הארץ דשא עשב מזריע זרע למינהו ועץ עשהפרי אשר זרעובו למינהו וירא אלהים כיטוב,"The earth brought forth vegetation: seed-bearing plants of every kind, and trees of every kind bearing fruit with the seed in it. And God saw that this was good. ",Ninguno
Genesis,1,13,"ויהיערב ויהיבקר יום שלישי&nbsp;<span class=""mam-spi-pe"">{פ}</span><br>","And there was evening and there was morning, a third day.",Ninguno
Genesis,1,14,ויאמר אלהים יהי מארת ברקיע השמים להבדיל בין היום ובין הלילה והיו לאתת ולמועדים ולימים ושנים,"God said, “Let there be lights in the expanse of the sky to separate day from night; they shall serve as signs for the set times—the days and the years; ",Separación (Beyn)
Genesis,1,15,והיו למאורת ברקיע השמים להאיר עלהארץ ויהיכן,and they shall serve as lights in the expanse of the sky to shine upon the earth.” And it was so.,Ninguno
Genesis,1,16,ויעש אלהים אתשני המארת הגדלים אתהמאור הגדל לממשלת היום ואתהמאור הקטן לממשלת הלילה ואת הכוכבים,"God made the two great lights, the greater light to dominate the day and the lesser light to dominate the night, and the stars. ",Ninguno
Genesis,1,17,ויתן אתם אלהים ברקיע השמים להאיר עלהארץ,"And God set them in the expanse of the sky to shine upon the earth, ",Ninguno
Genesis,1,18,ולמשל ביום ובלילה ולהבדיל בין האור ובין החשך וירא אלהים כיטוב,"to dominate the day and the night, and to separate light from darkness. And God saw that this was good. ",Separación (Beyn)
Genesis,1,19,"ויהיערב ויהיבקר יום רביעי&nbsp;<span class=""mam-spi-pe"">{פ}</span><br>","And there was evening and there was morning, a fourth day.",Ninguno
Genesis,1,20,ויאמר אלהים ישרצו המים שרץ נפש חיה ועוף יעופף עלהארץ עלפני רקיע השמים,"God said, “Let the waters bring forth swarms of living creatures, and birds that fly above the earth across the expanse of the sky.” ",Ninguno
Genesis,1,21,ויברא אלהים אתהתנינם הגדלים ואת כלנפש החיה&thinsp;<small></small>&thinsp;הרמשת אשר שרצו המים למינהם ואת כלעוף כנף למינהו וירא אלהים כיטוב,"God created the great sea monsters, and all the living creatures of every kind that creep, which the waters brought forth in swarms, and all the winged birds of every kind. And God saw that this was good. ",Ninguno
Genesis,1,22,ויברך אתם אלהים לאמר פרו ורבו ומלאו אתהמים בימים והעוף ירב בארץ,"God blessed them, saying, “Be fertile and increase, fill the waters in the seas, and let the birds increase on the earth.” ",Ninguno
Genesis,1,23,"ויהיערב ויהיבקר יום חמישי&nbsp;<span class=""mam-spi-pe"">{פ}</span><br>","And there was evening and there was morning, a fifth day.",Ninguno
Genesis,1,24,ויאמר אלהים תוצא הארץ נפש חיה למינה בהמה ורמש וחיתוארץ למינה ויהיכן,"God said, “Let the earth bring forth every kind of living creature: cattle, creeping things, and wild beasts of every kind.” And it was so. ",Ninguno
Genesis,1,25,ויעש אלהים אתחית הארץ למינה ואתהבהמה למינה ואת כלרמש האדמה למינהו וירא אלהים כיטוב,"God made wild beasts of every kind and cattle of every kind, and all kinds of creeping things of the earth. And God saw that this was good. ",Ninguno
Genesis,1,26,ויאמר אלהים נעשה אדם בצלמנו כדמותנו וירדו בדגת הים ובעוף השמים ובבהמה ובכלהארץ ובכלהרמש הרמש עלהארץ,"And God said, “Let us make humankind in our image, after our likeness. They shall rule the fish of the sea, the birds of the sky, the cattle, the whole earth, and all the creeping things that creep on earth.”",Ninguno
Genesis,1,27,ויברא אלהים&thinsp;<small></small>&thinsp;אתהאדם בצלמו בצלם אלהים ברא אתו זכר ונקבה ברא אתם,"And God created humankind in the divine image,creating it in the image of God—creating them male and female.",Ninguno
Genesis,1,28,ויברך אתם אלהים ויאמר להם אלהים פרו ורבו ומלאו אתהארץ וכבשה ורדו בדגת הים ובעוף השמים ובכלחיה הרמשת עלהארץ,"God blessed them and God said to them, “Be fertile and increase, fill the earth and master it; and rule the fish of the sea, the birds of the sky, and all the living things that creep on earth.”",Ninguno
Genesis,1,29,ויאמר אלהים הנה נתתי לכם אתכלעשב&thinsp;<b></b> זרע זרע אשר עלפני כלהארץ ואתכלהעץ אשרבו פריעץ זרע זרע לכם יהיה לאכלה,"God said, “See, I give you every seed-bearing plant that is upon all the earth, and every tree that has seed-bearing fruit; they shall be yours for food. ",Ninguno
Genesis,1,30,ולכלחית הארץ ולכלעוף השמים ולכל&thinsp;<b></b> רומש עלהארץ אשרבו נפש חיה אתכלירק עשב לאכלה ויהיכן,"And to all the animals on land, to all the birds of the sky, and to everything that creeps on earth, in which there is the breath of life, [I give] all the green plants for food.” And it was so. ",Ninguno
Genesis,1,31,"וירא אלהים אתכלאשר עשה והנהטוב מאד ויהיערב ויהיבקר יום הששי&nbsp;<span class=""mam-spi-pe"">{פ}</span><br>","And God saw all that had been made, and found it very good. And there was evening and there was morning, the sixth day.",Ninguno
Genesis,2,1,ויכלו השמים והארץ וכלצבאם,"The heaven and the earth were finished, and all their array. ",Ninguno
Genesis,2,2,ויכל אלהים ביום השביעי מלאכתו אשר עשה וישבת ביום השביעי מכלמלאכתו אשר עשה,"On the seventh day God finished the work that had been undertaken, ceasingaceasing Or “resting.” on the seventh day from doing any of the work. ",Ninguno
Genesis,2,3,"ויברך אלהים אתיום השביעי ויקדש אתו כי בו שבת מכלמלאכתו אשרברא אלהים לעשות&nbsp;<span class=""mam-spi-pe"">{פ}</span><br>",And God blessed the seventh day and declared it holy—having ceased on it from all the work of creation that God had done.,Ninguno
Genesis,2,4,אלה תולדות השמים והארץ ב<small>ה</small>בראם ביום עשות יהוה אלהים ארץ ושמים,Such is the story of heaven and earth when they were created.When the ETERNAL God made earth and heaven—,Ninguno
Genesis,2,5,וכל&thinsp;<b></b> שיח השדה טרם יהיה בארץ וכלעשב השדה טרם יצמח כי לא המטיר יהוה אלהים עלהארץ ואדם אין לעבד אתהאדמה,"when no shrub of the fieldbshrub of the field I.e., suitable for pasturage. was yet on earth and no grasses of the fieldcgrasses of the field I.e., cereal grasses, suitable as crops. had yet sprouted, because the ETERNAL God had not sent rain upon the earth and there were no human beings to till the soil, ",Ninguno
Genesis,2,6,ואד יעלה מןהארץ והשקה אתכלפני האדמה,but a flow would well up from the ground and water the whole surface of the earth—,Ninguno
Genesis,2,7,וייצר יהוה אלהים אתהאדם עפר מןהאדמה ויפח באפיו נשמת חיים ויהי האדם לנפש חיה,"the ETERNAL God formed a Humanda Human Heb. ha-ʼadam. Although this term is not gendered, to the ancient audience it went without saying that the progenitor of all human lineages was a male. from the soil’s humus,efrom the soil’s humus Heb. ʻaphar min ha-ʼadamah. blowing into his nostrils the breath of life: the Human became a living being.",Ninguno
Genesis,2,8,ויטע יהוה אלהים גןבעדן מקדם וישם שם אתהאדם אשר יצר,"The ETERNAL God planted a garden in Eden, in the east, and placed there the Human who had been fashioned. ",Ninguno
Genesis,2,9,ויצמח יהוה אלהים מןהאדמה כלעץ נחמד למראה וטוב למאכל ועץ החיים בתוך הגן ועץ הדעת טוב ורע,"And from the ground the ETERNAL God caused to grow every tree that was pleasing to the sight and good for food, with the tree of life in the middle of the garden, and the tree of knowledge of good and bad.",Ninguno
Genesis,2,10,ונהר יצא מעדן להשקות אתהגן ומשם יפרד והיה לארבעה ראשים,"A river issues from Eden to water the garden, and it then divides and becomes four branches. ",Ninguno
Genesis,2,11,שם האחד פישון הוא הסבב את כלארץ החוילה אשרשם הזהב,"The name of the first is Pishon, the one that winds through the whole land of Havilah, where the gold is. ",Ninguno
Genesis,2,12,וזהב הארץ ההוא טוב שם הבדלח ואבן השהם,"(The gold of that land is good; bdellium is there, and lapis lazuli.flapis lazuli In contrast to others “onyx”; meaning of Heb. shoham uncertain.) ",Ninguno
Genesis,2,13,ושםהנהר השני גיחון הוא הסובב את כלארץ כוש,"The name of the second river is Gihon, the one that winds through the whole land of Cush. ",Ninguno
Genesis,2,14,ושם הנהר השלישי חדקל הוא ההלך קדמת אשור והנהר הרביעי הוא פרת,"The name of the third river is Tigris, the one that flows east of Asshur. And the fourth river is the Euphrates.",Ninguno
Genesis,2,15,ויקח יהוה אלהים אתהאדם וינחהו בגןעדן לעבדה ולשמרה,"The ETERNAL God settled the Human in the garden of Eden, to till it and tend it. ",Ninguno
Genesis,2,16,ויצו יהוה אלהים עלהאדם לאמר מכל עץהגן אכל תאכל,"And the ETERNAL God commanded the Human, saying, “Of every tree of the garden you are free to eat; ",Ninguno
Genesis,2,17,ומעץ הדעת טוב ורע לא תאכל ממנו כי ביום אכלך ממנו מות תמות,"but as for the tree of knowledge of good and bad, you must not eat of it; for as soon as you eat of it, you shall die.”",Ninguno
Genesis,2,18,ויאמר יהוה אלהים לאטוב היות האדם לבדו אעשהלו עזר כנגדו,"The ETERNAL God said, “It is not good for the Human to be alone; I will make a fitting counterpart for him.” ",Ninguno
Genesis,2,19,ויצר יהוה אלהים מןהאדמה כלחית השדה ואת כלעוף השמים ויבא אלהאדם לראות מהיקראלו וכל אשר יקראלו האדם נפש חיה הוא שמו,"And the ETERNAL God formed out of the earth all the wild beasts and all the birds of the sky, and brought them to the Human to see what he would call them; and whatever the Human called each living creature, that would be its name. ",Ninguno
Genesis,2,20,ויקרא האדם שמות לכלהבהמה ולעוף השמים ולכל חית השדה ולאדם לאמצא עזר כנגדו,And the Human gave names to all the cattle and to the birds of the sky and to all the wild beasts; but no fitting counterpart for a human being was found.,Ninguno
Genesis,2,21,ויפל יהוה אלהים&thinsp;<small></small>&thinsp;תרדמה עלהאדם ויישן ויקח אחת מצלעתיו ויסגר בשר תחתנה,"So the ETERNAL God cast a deep sleep upon the Human; and, while he slept, [God] took one of his sidesgsides So Septuagint and Ibn Ezra; trad. “ribs.” and closed up the flesh at that site. ",Ninguno
Genesis,2,22,ויבן יהוה אלהים&thinsp;<small></small>&thinsp;אתהצלע אשרלקח מןהאדם לאשה ויבאה אלהאדם,"And the ETERNAL God fashioned the side that had been taken from the Human into a woman, bringing her to the Human.",Ninguno
Genesis,2,23,ויאמר האדם זאת הפעם עצם מעצמי ובשר מבשרי לזאת יקרא אשה כי מאיש לקחהזאת,"Then the Human said,“This one at lastIs bone of my bonesAnd flesh of my flesh.This one shall be called the Woman,hthe Woman Heb. ʼishshah; i.e., the unique female participant in the situation. For from the Manithe Man Heb. ʼish; i.e., the sole (and male) participant in the original situation. was she taken.”",Ninguno
Genesis,2,24,עלכן יעזבאיש אתאביו ואתאמו ודבק באשתו והיו לבשר אחד,"Hence a manja man Heb. ʼish. leaves his father and mother and clings to his wife,khis wife Heb. ʼishto, from ʼishshah. so that they become one flesh.",Ninguno
Genesis,2,25,ויהיו שניהם ערומים האדם ואשתו ולא יתבששו,"The two of them were naked,lnaked Heb. ʻarummim, play on ʻarum “shrewd” in 3.1. the Human and his wife, yet they felt no shame.",Ninguno
Genesis,3,1,והנחש היה ערום מכל חית השדה אשר עשה יהוה אלהים ויאמר אלהאשה אף כיאמר אלהים לא תאכלו מכל עץ הגן,"Now the serpent was the shrewdest of all the wild beasts that the ETERNAL God had made. It said to the woman, “Did God really say: You shall not eat of any tree of the garden?” ",Ninguno
Genesis,3,2,ותאמר האשה אלהנחש מפרי עץהגן נאכל,"The woman replied to the serpent, “We may eat of the fruit of the other trees of the garden. ",Ninguno
Genesis,3,3,ומפרי העץ אשר בתוךהגן אמר אלהים לא תאכלו ממנו ולא תגעו בו פןתמתון,"It is only about fruit of the tree in the middle of the garden that God said: ‘You shall not eat of it or touch it, lest you die.’” ",Ninguno
Genesis,3,4,ויאמר הנחש אלהאשה לאמות תמתון,"And the serpent said to the woman, “You are not going to die, ",Ninguno
Genesis,3,5,כי ידע אלהים כי ביום אכלכם ממנו ונפקחו עיניכם והייתם כאלהים ידעי טוב ורע,"but God knows that as soon as you eat of it your eyes will be opened and you will be like divine beings who knowadivine beings who know In contrast to others “God, who knows.” good and bad.” ",Percepción (Yada)
Genesis,3,6,ותרא האשה כי טוב העץ למאכל וכי תאוההוא לעינים ונחמד העץ להשכיל ותקח מפריו ותאכל ותתן גםלאישה עמה ויאכל,"When the woman saw that the tree was good for eating and a delight to the eyes, and that the tree was desirable as a source of wisdom, she took of its fruit and ate. She also gave some to her husband, and he ate. ",Ninguno
Genesis,3,7,ותפקחנה עיני שניהם וידעו כי עירמם הם ויתפרו עלה תאנה ויעשו להם חגרת,Then the eyes of both of them were opened and they perceived that they were naked; and they sewed together fig leaves and made themselves loincloths.,Percepción (Yada)
Genesis,3,8,וישמעו אתקול יהוה אלהים מתהלך בגן לרוח היום ויתחבא האדם ואשתו מפני יהוה אלהים בתוך עץ הגן,They heard the sound of the ETERNAL God moving about in the garden at the breezy time of day; and the Human and his wife hid from the ETERNAL God among the trees of the garden.,Ninguno
Genesis,3,9,ויקרא יהוה אלהים אלהאדם ויאמר לו איכה,"The ETERNAL God called out to the Human and said to him, “Where are you?” ",Ninguno
Genesis,3,10,ויאמר אתקלך שמעתי בגן ואירא כיעירם אנכי ואחבא,"He replied, “I heard the sound of You in the garden, and I was afraid because I was naked, so I hid.”",Ninguno
Genesis,3,11,ויאמר מי הגיד לך כי עירם אתה המןהעץ אשר צויתיך לבלתי אכלממנו אכלת,“Who told you that you were naked? Did you eat of the tree from which I had forbidden you to eat?”,Ninguno
Genesis,3,12,ויאמר האדם האשה אשר נתתה עמדי הוא נתנהלי מןהעץ ואכל,"The Human said, “The woman You put at my side—she gave me of the tree, and I ate.”",Ninguno
Genesis,3,13,ויאמר יהוה אלהים לאשה מהזאת עשית ותאמר האשה הנחש השיאני ואכל,"And the ETERNAL God said to the woman, “What is this you have done!” The woman replied, “The serpent duped me, and I ate.”",Ninguno
Genesis,3,14,ויאמר יהוה אלהים&thinsp;<small></small>&thinsp;אלהנחש כי עשית זאת ארור אתה מכלהבהמה ומכל חית השדה עלגחנך תלך ועפר תאכל כלימי חייך,"Then the ETERNAL God said to the serpent,“Because you did this,More cursed shall you beThan all cattleAnd all the wild beasts:On your belly shall you crawlAnd dirt shall you eatAll the days of your life.",Ninguno
Genesis,3,15,"ואיבה&thinsp;<b></b> אשית בינך ובין האשה ובין זרעך ובין זרעה הוא ישופך ראש ואתה תשופנו עקב&nbsp;<span class=""mam-spi-samekh"">{ס}</span>&nbsp;&nbsp;&nbsp;&nbsp;&nbsp;&nbsp;&nbsp;&nbsp;","I will put enmityBetween you and the woman,And between your offspring and hers;They shall strike at your head,And you shall strike at their heel.”",Separación (Beyn)
Genesis,3,16,"אלהאשה אמר הרבה ארבה עצבונך והרנך בעצב תלדי בנים ואלאישך תשוקתך והוא ימשלבך&nbsp;<span class=""mam-spi-samekh"">{ס}</span>&nbsp;&nbsp;&nbsp;&nbsp;&nbsp;&nbsp;&nbsp;&nbsp;","And to the woman [God] said,“I will greatly expandYour toil—and your pregnancies;In hardship shall you bear children.Yet your urge shall be for your husband,And his will shall prevail over yours.”",Ninguno
Genesis,3,17,ולאדם אמר כישמעת לקול אשתך ותאכל מןהעץ אשר צויתיך לאמר לא תאכל ממנו ארורה האדמה בעבורך בעצבון תאכלנה כל ימי חייך,"To Adam [God] said, “Because you did as your wife said and ate of the tree about which I commanded you, ‘You shall not eat of it,’Cursed be the ground because of you;By toil shall you eat of itAll the days of your life:",Ninguno
Genesis,3,18,וקוץ ודרדר תצמיח לך ואכלת אתעשב השדה,Thorns and thistles shall it sprout for you.But your food shall be the grasses of the field;,Ninguno
Genesis,3,19,בזעת אפיך תאכל לחם עד שובך אלהאדמה כי ממנה לקחת כיעפר אתה ואלעפר תשוב,"By the sweat of your browShall you get bread to eat,Until you return to the ground—For from it you were taken.For dustbdust Heb. ʻaphar, as in 2.7; cf. the second note there. you are,And to dust you shall return.”",Ninguno
Genesis,3,20,ויקרא האדם שם אשתו חוה כי הוא היתה אם כלחי,"The Human named his wife Eve,cEve Heb. ḥawwah. because she was the mother of all the living.dliving Heb. ḥai. ",Ninguno
Genesis,3,21,"ויעש יהוה אלהים לאדם ולאשתו כתנות עור וילבשם&nbsp;<span class=""mam-spi-pe"">{פ}</span><br>","And the ETERNAL God made garments of skins for Adam and his wife, and clothed them.",Ninguno
Genesis,3,22,ויאמר&thinsp;<b></b> יהוה אלהים הן האדם היה כאחד ממנו לדעת טוב ורע ועתה&thinsp;<b></b> פןישלח ידו ולקח גם מעץ החיים ואכל וחי לעלם,"And the ETERNAL God said, “Now that humankind has become like any of us, knowing good and bad, what if one should stretch out a hand and take also from the tree of life and eat, and live forever!” ",Ninguno
Genesis,3,23,וישלחהו יהוה אלהים מגןעדן לעבד אתהאדמה אשר לקח משם,"So the ETERNAL God banished them from the garden of Eden, to till the humusehumus Heb. ʼadamah, lit. “soil,” as in 2.7; cf. the second note there. from which they were taken: ",Ninguno
Genesis,3,24,"ויגרש אתהאדם וישכן מקדם לגןעדן אתהכרבים ואת להט החרב המתהפכת לשמר אתדרך עץ החיים&nbsp;<span class=""mam-spi-samekh"">{ס}</span>&nbsp;&nbsp;&nbsp;&nbsp;&nbsp;&nbsp;&nbsp;&nbsp;","humankind was driven out; and east of the garden of Eden were stationed the cherubim and the fiery ever-turning sword, to guard the way to the tree of life.",Ninguno
Genesis,4,1,והאדם ידע אתחוה אשתו ותהר ותלד אתקין ותאמר קניתי איש אתיהוה,"Now the Human knewaknew Heb. yadaʻ, often in a sexual sense. his wife Eve, and she conceived and bore Cain, saying, “I have gainedbgained Echoing the Heb. wordplay: qanithi, connected with “Cain”; lit. “created, acquired.” someone new with GOD’s help.”cwith GOD’s help Or “as did GOD”; precise force of Heb. ʼet uncertain. ",Percepción (Yada)
Genesis,4,2,ותסף ללדת אתאחיו אתהבל ויהיהבל רעה צאן וקין היה עבד אדמה,"She then bore his brother Abel. Abel became a keeper of sheep, and Cain became a tiller of the soil. ",Ninguno
Genesis,4,3,ויהי מקץ ימים ויבא קין מפרי האדמה מנחה ליהוה,"In the course of time, Cain brought an offering to GOD from the fruit of the soil; ",Ninguno
Genesis,4,4,והבל הביא גםהוא מבכרות צאנו ומחלבהן וישע יהוה אלהבל ואלמנחתו,"and Abel, for his part, brought the choicest of the firstlings of his flock. GOD paid heed to Abel and his offering, ",Ninguno
Genesis,4,5,ואלקין ואלמנחתו לא שעה ויחר לקין מאד ויפלו פניו,but paid no heed to Cain and his offering. Cain was much distressed and his face fell.,Ninguno
Genesis,4,6,ויאמר יהוה אלקין למה חרה לך ולמה נפלו פניך,"And GOD said to Cain,“Why are you distressed,And why is your face fallen?",Ninguno
Genesis,4,7,הלוא אםתיטיב שאת ואם לא תיטיב לפתח חטאת רבץ ואליך תשוקתו ואתה תמשלבו,"dMeaning of verse uncertain. Surely, if you do right,There is uplift.But if you do not do rightSin couches at the door;Its urge is toward you,Yet you can be its master.”",Ninguno
Genesis,4,8,ויאמר קין אלהבל אחיו ויהי בהיותם בשדה ויקם קין אלהבל אחיו ויהרגהו,"Cain said to his brother Abel …e… Ancient versions, including the Targum, read “Come, let us go out into the field.” and when they were in the field, Cain set upon his brother Abel and killed him. ",Ninguno
Genesis,4,9,ויאמר יהוה אלקין אי הבל אחיך ויאמר לא ידעתי השמר אחי אנכי,"GOD said to Cain, “Where is your brother Abel?” And he said, “I do not know. Am I my brother’s keeper?”",Percepción (Yada)
Genesis,4,10,ויאמר מה עשית קול דמי אחיך צעקים אלי מןהאדמה,"“What have you done? Hark, your brother’s blood cries out to Me from the ground! ",Ninguno
Genesis,4,11,ועתה ארור אתה מןהאדמה אשר פצתה אתפיה לקחת אתדמי אחיך מידך,"Therefore, you shall be more cursed than the ground,fmore cursed than the ground See 3.17. which opened its mouth to receive your brother’s blood from your hand. ",Ninguno
Genesis,4,12,כי תעבד אתהאדמה לאתסף תתכחה לך נע ונד תהיה בארץ,"If you till the soil, it shall no longer yield its strength to you. You shall become a ceaseless wanderer on earth.”",Ninguno
Genesis,4,13,"ויאמר קין אליהוה גדול עוני מנשא<sup class=""footnote-marker"">*</sup><i class=""footnote"">(בספרי ספרד ואשכנז מנשוא)</i>","Cain said to GOD, “My punishment is too great to bear! ",Ninguno
Genesis,4,14,הן גרשת אתי היום מעל פני האדמה ומפניך אסתר והייתי נע ונד בארץ והיה כלמצאי יהרגני,"Since You have banished me this day from the soil, and I must avoid Your presence and become a restless wanderer on earth—anyone who meets me may kill me!” ",Ninguno
Genesis,4,15,ויאמר לו יהוה לכן כלהרג קין שבעתים יקם וישם יהוה לקין אות לבלתי הכותאתו כלמצאו,"GOD said to him, “I promise, if anyone kills Cain, sevenfold vengeance shall be exacted.” And GOD put a mark on Cain, lest anyone who met him should kill him. ",Ninguno
Genesis,4,16,ויצא קין מלפני יהוה וישב בארץנוד קדמתעדן,"Cain left GOD’s presence and settled in the land of Nod, east of Eden.",Ninguno
Genesis,4,17,וידע קין אתאשתו ותהר ותלד אתחנוך ויהי בנה עיר ויקרא שם העיר כשם בנו חנוך,"Cain knew his wife, and she conceived and bore Enoch. And he then founded a city, and named the city after his son Enoch. ",Percepción (Yada)
Genesis,4,18,ויולד לחנוך אתעירד ועירד ילד אתמחויאל ומחייאל ילד אתמתושאל ומתושאל ילד אתלמך,"To Enoch was born Irad, and Irad begot Mehujael, and MehujaelgMehujael Heb. Meḥiyaʼel. begot Methusael, and Methusael begot Lamech. ",Ninguno
Genesis,4,19,ויקחלו למך שתי נשים שם האחת עדה ושם השנית צלה,"Lamech took to himself two wives: the name of the one was Adah, and the name of the other was Zillah. ",Ninguno
Genesis,4,20,ותלד עדה אתיבל הוא היה אבי ישב אהל ומקנה,Adah bore Jabal; he was the ancestor of those who dwell in tents and amidst herds.,Ninguno
Genesis,4,21,ושם אחיו יובל הוא היה אבי כלתפש כנור ועוגב,And the name of his brother was Jubal; he was the ancestor of all who play the lyre and the pipe.,Ninguno
Genesis,4,22,וצלה גםהוא ילדה אתתובל קין לטש כלחרש נחשת וברזל ואחות תובלקין נעמה,"As for Zillah, she bore Tubal-cain, who forged all implements of copper and iron. And the sister of Tubal-cain was Naamah.",Ninguno
Genesis,4,23,ויאמר למך לנשיו עדה וצלה שמען קולי נשי למך האזנה אמרתי כי איש הרגתי לפצעי וילד לחברתי,"And Lamech said to his wives,“Adah and Zillah, hear my voice;O wives of Lamech, give ear to my speech.I have slain a rival for wounding me,And a ladhlad Or “punk.” for bruising me.",Ninguno
Genesis,4,24,כי שבעתים יקםקין ולמך שבעים ושבעה,"If Cain is avenged sevenfold,Then Lamech seventy-sevenfold.”",Ninguno
Genesis,4,25,וידע אדם עוד אתאשתו ותלד בן ותקרא אתשמו שת כי שתלי אלהים זרע אחר תחת הבל כי הרגו קין,"Adam knew his wife again, and she bore a son and named him Seth, meaning, “God has provided me withiprovided me with Or “established for me”; Heb. shath, connected with “Seth.” another offspring in place of Abel,” for Cain had killed him. ",Percepción (Yada)
Genesis,4,26,"ולשת גםהוא ילדבן ויקרא אתשמו אנוש אז הוחל לקרא בשם יהוה&nbsp;<span class=""mam-spi-samekh"">{ס}</span>&nbsp;&nbsp;&nbsp;&nbsp;&nbsp;&nbsp;&nbsp;&nbsp;","And to Seth, in turn, a son was born, and he named him Enosh. It was then that GOD began to be invoked by name.",Ninguno
Genesis,5,1,"זה ספר<sup class=""footnote-marker"">*</sup><i class=""footnote"">(בספרי תימן <big>ס</big>פר בסמ״ך גדולה)</i> תולדת אדם ביום ברא אלהים אדם בדמות אלהים עשה אתו","This is the record of Adam’s line.—When God created humankind, it was made in the likeness of God; ",Ninguno
Genesis,5,2,זכר ונקבה בראם ויברך אתם ויקרא אתשמם אדם ביום הבראם,"they were created male and female. And when they were created, [God] blessed them and called them Humankind.— ",Ninguno
Genesis,5,3,ויחי אדם שלשים ומאת שנה ויולד בדמותו כצלמו ויקרא אתשמו שת,"When Adam had lived 130 years, he begot a son in his likeness after his image, and he named him Seth. ",Ninguno
Genesis,5,4,ויהיו ימיאדם אחרי הולידו אתשת שמנה מאת שנה ויולד בנים ובנות,"After the birth of Seth, Adam lived 800 years and begot sons and daughters. ",Ninguno
Genesis,5,5,"ויהיו כלימי אדם אשרחי תשע מאות שנה ושלשים שנה וימת&nbsp;<span class=""mam-spi-samekh"">{ס}</span>&nbsp;&nbsp;&nbsp;&nbsp;&nbsp;&nbsp;&nbsp;&nbsp;",All the days that Adam lived came to 930 years; then he died.,Ninguno
Genesis,5,6,ויחישת חמש שנים ומאת שנה ויולד אתאנוש,"When Seth had lived 105 years, he begot Enosh. ",Ninguno
Genesis,5,7,ויחישת אחרי הולידו אתאנוש שבע שנים ושמנה מאות שנה ויולד בנים ובנות,"After the birth of Enosh, Seth lived 807 years and begot sons and daughters. ",Ninguno
Genesis,5,8,"ויהיו כלימישת שתים עשרה שנה ותשע מאות שנה וימת&nbsp;<span class=""mam-spi-samekh"">{ס}</span>&nbsp;&nbsp;&nbsp;&nbsp;&nbsp;&nbsp;&nbsp;&nbsp;",All the days of Seth came to 912 years; then he died.,Ninguno
Genesis,5,9,ויחי אנוש תשעים שנה ויולד אתקינן,"When Enosh had lived 90 years, he begot Kenan. ",Ninguno
Genesis,5,10,ויחי אנוש אחרי הולידו אתקינן חמש עשרה שנה ושמנה מאות שנה ויולד בנים ובנות,"After the birth of Kenan, Enosh lived 815 years and begot sons and daughters. ",Ninguno
Genesis,5,11,"ויהיו כלימי אנוש חמש שנים ותשע מאות שנה וימת&nbsp;<span class=""mam-spi-samekh"">{ס}</span>&nbsp;&nbsp;&nbsp;&nbsp;&nbsp;&nbsp;&nbsp;&nbsp;",All the days of Enosh came to 905 years; then he died.,Ninguno
Genesis,5,12,ויחי קינן שבעים שנה ויולד אתמהללאל,"When Kenan had lived 70 years, he begot Mahalalel. ",Ninguno
Genesis,5,13,ויחי קינן אחרי הולידו אתמהללאל ארבעים שנה ושמנה מאות שנה ויולד בנים ובנות,"After the birth of Mahalalel, Kenan lived 840 years and begot sons and daughters. ",Ninguno
Genesis,5,14,"ויהיו כלימי קינן עשר שנים ותשע מאות שנה וימת&nbsp;<span class=""mam-spi-samekh"">{ס}</span>&nbsp;&nbsp;&nbsp;&nbsp;&nbsp;&nbsp;&nbsp;&nbsp;",All the days of Kenan came to 910 years; then he died.,Ninguno
Genesis,5,15,ויחי מהללאל חמש שנים וששים שנה ויולד אתירד,"When Mahalalel had lived 65 years, he begot Jared. ",Ninguno
Genesis,5,16,ויחי מהללאל אחרי הולידו אתירד שלשים שנה ושמנה מאות שנה ויולד בנים ובנות,"After the birth of Jared, Mahalalel lived 830 years and begot sons and daughters. ",Ninguno
Genesis,5,17,"ויהיו כלימי מהללאל חמש ותשעים שנה ושמנה מאות שנה וימת&nbsp;<span class=""mam-spi-samekh"">{ס}</span>&nbsp;&nbsp;&nbsp;&nbsp;&nbsp;&nbsp;&nbsp;&nbsp;",All the days of Mahalalel came to 895 years; then he died.,Ninguno
Genesis,5,18,ויחיירד שתים וששים שנה ומאת שנה ויולד אתחנוך,"When Jared had lived 162 years, he begot Enoch. ",Ninguno
Genesis,5,19,ויחיירד אחרי הולידו אתחנוך שמנה מאות שנה ויולד בנים ובנות,"After the birth of Enoch, Jared lived 800 years and begot sons and daughters. ",Ninguno
Genesis,5,20,"ויהיו כלימיירד שתים וששים שנה ותשע מאות שנה וימת&nbsp;<span class=""mam-spi-samekh"">{ס}</span>&nbsp;&nbsp;&nbsp;&nbsp;&nbsp;&nbsp;&nbsp;&nbsp;",All the days of Jared came to 962 years; then he died.,Ninguno
Genesis,5,21,ויחי חנוך חמש וששים שנה ויולד אתמתושלח,"When Enoch had lived 65 years, he begot Methuselah. ",Ninguno
Genesis,5,22,ויתהלך חנוך אתהאלהים אחרי הולידו אתמתושלח שלש מאות שנה ויולד בנים ובנות,"After the birth of Methuselah, Enoch walked with God 300 years; and he begot sons and daughters. ",Ninguno
Genesis,5,23,ויהי כלימי חנוך חמש וששים שנה ושלש מאות שנה,All the days of Enoch came to 365 years.,Ninguno
Genesis,5,24,"ויתהלך חנוך אתהאלהים ואיננו כילקח אתו אלהים&nbsp;<span class=""mam-spi-samekh"">{ס}</span>&nbsp;&nbsp;&nbsp;&nbsp;&nbsp;&nbsp;&nbsp;&nbsp;","Enoch walked with God; then he was no more, for God took him.",Ninguno
Genesis,5,25,ויחי מתושלח שבע ושמנים שנה ומאת שנה ויולד אתלמך,"When Methuselah had lived 187 years, he begot Lamech. ",Ninguno
Genesis,5,26,ויחי מתושלח אחרי הולידו אתלמך שתים ושמונים שנה ושבע מאות שנה ויולד בנים ובנות,"After the birth of Lamech, Methuselah lived 782 years and begot sons and daughters. ",Ninguno
Genesis,5,27,"ויהיו כלימי מתושלח תשע וששים שנה ותשע מאות שנה וימת&nbsp;<span class=""mam-spi-samekh"">{ס}</span>&nbsp;&nbsp;&nbsp;&nbsp;&nbsp;&nbsp;&nbsp;&nbsp;",All the days of Methuselah came to 969 years; then he died.,Ninguno
Genesis,5,28,ויחילמך שתים ושמנים שנה ומאת שנה ויולד בן,"When Lamech had lived 182 years, he begot a son. ",Ninguno
Genesis,5,29,ויקרא אתשמו נח לאמר זה ינחמנו ממעשנו ומעצבון ידינו מןהאדמה אשר אררה יהוה,"And he named him Noah, saying, “This one will provide us reliefarelief Connecting Noah (Heb. noaḥ) with Heb. niḥam “to comfort”; cf. 9.20ff. from our work and from the toil of our hands, out of the very soil that GOD placed under a curse.” ",Ninguno
Genesis,5,30,ויחילמך אחרי הולידו אתנח חמש ותשעים שנה וחמש מאת שנה ויולד בנים ובנות,"After the birth of Noah, Lamech lived 595 years and begot sons and daughters. ",Ninguno
Genesis,5,31,"ויהי כלימילמך שבע ושבעים שנה ושבע מאות שנה וימת&nbsp;<span class=""mam-spi-samekh"">{ס}</span>&nbsp;&nbsp;&nbsp;&nbsp;&nbsp;&nbsp;&nbsp;&nbsp;",All the days of Lamech came to 777 years; then he died.,Ninguno
Genesis,5,32,ויהינח בןחמש מאות שנה ויולד נח אתשם אתחם ואתיפת,"When Noah had lived 500 years, Noah begot Shem, Ham, and Japheth.",Ninguno
Genesis,6,1,ויהי כיהחל האדם לרב עלפני האדמה ובנות ילדו להם,"When humankind began to increase on earth and daughters were born to them, ",Ninguno
Genesis,6,2,ויראו בניהאלהים אתבנות האדם כי טבת הנה ויקחו להם נשים מכל אשר בחרו,"the divine beingsadivine beings I.e., the males among them. In contrast to others “sons of God.” saw how pleasing the human women were and took wives from among those who delighted them.— ",Ninguno
Genesis,6,3,ויאמר יהוה לאידון רוחי באדם לעלם בשגם הוא בשר והיו ימיו מאה ועשרים שנה,"GOD said, “My breath shall not abidebabide Meaning of Heb. uncertain. in humankind forever, since it too is flesh; let the days allowed them be one hundred and twenty years.”— ",Ninguno
Genesis,6,4,"הנפלים היו בארץ בימים ההם וגם אחריכן אשר יבאו בני האלהים אלבנות האדם וילדו להם המה הגברים אשר מעולם אנשי השם&nbsp;<span class=""mam-spi-pe"">{פ}</span><br>","It was then, and later too, that the Nephilim appeared on earth—when divine beings cohabited with the human women, who bore them offspring. Such were the heroes of old, the men of renown.",Ninguno
Genesis,6,5,וירא יהוה כי רבה רעת האדם בארץ וכליצר מחשבת לבו רק רע כלהיום,"
GOD
 saw how great was human wickedness on earth—how every plan devised by the human mind was nothing but evil all the time. ",Ninguno
Genesis,6,6,וינחם יהוה כיעשה אתהאדם בארץ ויתעצב אללבו,"And GOD regretted having made humankind on earth. With a sorrowful heart, ",Ninguno
Genesis,6,7,ויאמר יהוה אמחה אתהאדם אשרבראתי מעל פני האדמה מאדם עדבהמה עדרמש ועדעוף השמים כי נחמתי כי עשיתם,"GOD said, “I will blot out from the earth humankind whom I created—humans together with animals, creeping things, and birds of the sky; for I regret that I made them.” ",Ninguno
Genesis,6,8,"ונח מצא חן בעיני יהוה&nbsp;<span class=""mam-spi-pe"">{פ}</span><br>",But Noah found favor with GOD.,Ninguno
Genesis,6,9,אלה תולדת נח נח איש צדיק תמים היה בדרתיו אתהאלהים התהלךנח,This is the line of Noah.—Noah was a righteous man; he was blameless in his age; Noah walked with God.—,Ninguno
Genesis,6,10,ויולד נח שלשה בנים אתשם אתחם ואתיפת,"Noah begot three sons: Shem, Ham, and Japheth.",Ninguno
Genesis,6,11,ותשחת הארץ לפני האלהים ותמלא הארץ חמס,The earth became corrupt before God; the earth was filled with lawlessness.,Ninguno
Genesis,6,12,"וירא אלהים אתהארץ והנה נשחתה כיהשחית כלבשר אתדרכו עלהארץ&nbsp;<span class=""mam-spi-samekh"">{ס}</span>&nbsp;&nbsp;&nbsp;&nbsp;&nbsp;&nbsp;&nbsp;&nbsp;","When God saw how corrupt the earth was, for all flesh had corrupted its ways on earth, ",Ninguno
Genesis,6,13,ויאמר אלהים לנח קץ כלבשר בא לפני כימלאה הארץ חמס מפניהם והנני משחיתם אתהארץ,"God said to Noah, “I have decided to put an end to all flesh, for the earth is filled with lawlessness because of them: I am about to destroy them with the earth. ",Ninguno
Genesis,6,14,עשה לך תבת עציגפר קנים תעשה אתהתבה וכפרת אתה מבית ומחוץ בכפר,"Make yourself an ark of gopher wood; make it an ark with compartments, and cover it inside and out with pitch. ",Ninguno
Genesis,6,15,וזה אשר תעשה אתה שלש מאות אמה ארך התבה חמשים אמה רחבה ושלשים אמה קומתה,"This is how you shall make it: the length of the ark shall be three hundred cubits, its width fifty cubits, and its height thirty cubits. ",Ninguno
Genesis,6,16,צהר&thinsp;<b></b> תעשה לתבה ואלאמה תכלנה מלמעלה ופתח התבה בצדה תשים תחתים שנים ושלשים תעשה,"Make an opening for daylight in the ark, and terminate it within a cubit of the top.cterminate it within a cubit of the top Meaning of Heb. uncertain. Put the entrance to the ark in its side; make it with bottom, second, and third decks.",Ninguno
Genesis,6,17,ואני הנני מביא אתהמבול מים עלהארץ לשחת כלבשר אשרבו רוח חיים מתחת השמים כל אשרבארץ יגוע,"“For My part, I am about to bring the Flood—waters upon the earth—to destroy all flesh under the sky in which there is breath of life; everything on earth shall perish. ",Ninguno
Genesis,6,18,והקמתי אתבריתי אתך ובאת אלהתבה אתה ובניך ואשתך ונשיבניך אתך,"But I will establish My covenant with you, and you shall enter the ark, with your sons, your wife, and your sons’ wives. ",Ninguno
Genesis,6,19,ומכלהחי מכלבשר שנים מכל תביא אלהתבה להחית אתך זכר ונקבה יהיו,"And of all that lives, of all flesh, you shall take two of each into the ark to keep alive with you; they shall be male and female. ",Ninguno
Genesis,6,20,מהעוף למינהו ומןהבהמה למינה מכל רמש האדמה למינהו שנים מכל יבאו אליך להחיות,"From birds of every kind, cattle of every kind, every kind of creeping thing on earth, two of each shall come to you to stay alive. ",Ninguno
Genesis,6,21,ואתה קחלך מכלמאכל אשר יאכל ואספת אליך והיה לך ולהם לאכלה,"For your part, take of everything that is eaten and store it away, to serve as food for you and for them.” ",Ninguno
Genesis,6,22,ויעש נח ככל אשר צוה אתו אלהים כן עשה,"Noah did so; just as God commanded him, so he did.",Ninguno
Genesis,7,1,ויאמר יהוה לנח באאתה וכלביתך אלהתבה כיאתך ראיתי צדיק לפני בדור הזה,"Then GOD said to Noah, “Go into the ark, with all your household, for you alone have I found righteous before Me in this generation. ",Ninguno
Genesis,7,2,מכל&thinsp;<b></b> הבהמה הטהורה תקחלך שבעה שבעה איש ואשתו ומןהבהמה אשר לא טהרה הוא שנים איש ואשתו,"Of every pure animal you shall take seven pairs, male and female mates, and of every animal that is not pure, two, male and female mates; ",Ninguno
Genesis,7,3,גם מעוף השמים שבעה שבעה זכר ונקבה לחיות זרע עלפני כלהארץ,"of the birds of the sky also, seven pairs, male and female, to keep seed alive upon all the earth. ",Ninguno
Genesis,7,4,כי לימים עוד שבעה אנכי ממטיר עלהארץ ארבעים יום וארבעים לילה ומחיתי אתכלהיקום אשר עשיתי מעל פני האדמה,"For in seven days’ time I will make it rain upon the earth, forty days and forty nights, and I will blot out from the earth all existence that I created.” ",Ninguno
Genesis,7,5,ויעש נח ככל אשרצוהו יהוה,And Noah did just as GOD commanded him.,Ninguno
Genesis,7,6,ונח בןשש מאות שנה והמבול היה מים עלהארץ,"Noah was six hundred years old when the Flood came, waters upon the earth. ",Ninguno
Genesis,7,7,ויבא נח ובניו ואשתו ונשיבניו אתו אלהתבה מפני מי המבול,"Noah, with his sons, his wife, and his sons’ wives, went into the ark because of the waters of the Flood. ",Ninguno
Genesis,7,8,מןהבהמה הטהורה ומןהבהמה אשר איננה טהרה ומןהעוף וכל אשררמש עלהאדמה,"Of the pure animals, of the animals that are not pure, of the birds, and of everything that creeps on the ground, ",Ninguno
Genesis,7,9,שנים שנים באו אלנח אלהתבה זכר ונקבה כאשר צוה אלהים אתנח,"two of each, male and female, came to Noah into the ark, as God had commanded Noah. ",Ninguno
Genesis,7,10,ויהי לשבעת הימים ומי המבול היו עלהארץ,And on the seventh day the waters of the Flood came upon the earth.,Ninguno
Genesis,7,11,"בשנת ששמאות שנה לחיינח בחדש השני בשבעהעשר יום לחדש ביום הזה נבקעו כלמעינת<sup class=""footnote-marker"">*</sup><i class=""footnote"">(בספרי ספרד ואשכנז מעינות)</i> תהום רבה וארבת השמים נפתחו","In the six hundredth year of Noah’s life, in the second month, on the seventeenth day of the month, on that dayAll the fountains of the great deep burst apart,And the floodgates of the sky broke open.",Ninguno
Genesis,7,12,ויהי הגשם עלהארץ ארבעים יום וארבעים לילה,(The rain fell on the earth forty days and forty nights.),Ninguno
Genesis,7,13,בעצם היום הזה בא נח ושםוחם ויפת בנינח ואשת נח ושלשת נשיבניו אתם אלהתבה,"That same day Noah and Noah’s sons, Shem, Ham, and Japheth, went into the ark, with Noah’s wife and the three wives of his sons— ",Ninguno
Genesis,7,14,המה וכלהחיה למינה וכלהבהמה למינה וכלהרמש הרמש עלהארץ למינהו וכלהעוף למינהו כל צפור כלכנף,"they and all beasts of every kind, all cattle of every kind, all creatures of every kind that creep on the earth, and all birds of every kind, every bird, every winged thing. ",Ninguno
Genesis,7,15,ויבאו אלנח אלהתבה שנים שנים מכלהבשר אשרבו רוח חיים,"They came to Noah into the ark, two each of all flesh in which there was breath of life. ",Ninguno
Genesis,7,16,והבאים זכר ונקבה מכלבשר באו כאשר צוה אתו אלהים ויסגר יהוה בעדו,"Thus they that entered comprised male and female of all flesh, as God had commanded him. And GOD shut him in.",Ninguno
Genesis,7,17,ויהי המבול ארבעים יום עלהארץ וירבו המים וישאו אתהתבה ותרם מעל הארץ,"The Flood continued forty days on the earth, and the waters increased and raised the ark so that it rose above the earth. ",Ninguno
Genesis,7,18,ויגברו המים וירבו מאד עלהארץ ותלך התבה עלפני המים,"The waters swelled and increased greatly upon the earth, and the ark drifted upon the waters. ",Ninguno
Genesis,7,19,והמים גברו מאד מאד עלהארץ ויכסו כלההרים הגבהים אשרתחת כלהשמים,"When the waters had swelled much more upon the earth, all the highest mountains everywhere under the sky were covered. ",Ninguno
Genesis,7,20,חמש עשרה אמה מלמעלה גברו המים ויכסו ההרים,"Fifteen cubits higher did the waters swell, as the mountains were covered. ",Ninguno
Genesis,7,21,ויגוע כלבשר&thinsp;<b></b> הרמש עלהארץ בעוף ובבהמה ובחיה ובכלהשרץ השרץ עלהארץ וכל האדם,"And all flesh that stirred on earth perished—birds, cattle, beasts, and all the things that swarmed upon the earth, and all humankind. ",Ninguno
Genesis,7,22,כל אשר נשמתרוח חיים באפיו מכל אשר בחרבה מתו,"All in whose nostrils was the merest breath of life, all that was on dry land, died. ",Ninguno
Genesis,7,23,וימח אתכלהיקום&thinsp;<b></b> אשר&thinsp;<b></b> עלפני האדמה מאדם עדבהמה עדרמש ועדעוף השמים וימחו מןהארץ וישאר אךנח ואשר אתו בתבה,"All existence on earth was blotted out—humans, cattle, creeping things, and birds of the sky; they were blotted out from the earth. Only Noah was left, and those with him in the ark.",Ninguno
Genesis,7,24,ויגברו המים עלהארץ חמשים ומאת יום,"And when the waters had swelled on the earth one hundred and fifty days,",Ninguno
Genesis,8,1,ויזכר אלהים אתנח ואת כלהחיה ואתכלהבהמה אשר אתו בתבה ויעבר אלהים רוח עלהארץ וישכו המים,"God remembered Noah and all the beasts and all the cattle that were with him in the ark, and God caused a wind to blow across the earth, and the waters subsided. ",Ninguno
Genesis,8,2,ויסכרו מעינת תהום וארבת השמים ויכלא הגשם מןהשמים,"The fountains of the deep and the floodgates of the sky were stopped up, and the rain from the sky was held back; ",Ninguno
Genesis,8,3,וישבו המים מעל הארץ הלוך ושוב ויחסרו המים מקצה חמשים ומאת יום,"the waters then receded steadily from the earth. At the end of one hundred and fifty days the waters diminished, ",Ninguno
Genesis,8,4,ותנח התבה בחדש השביעי בשבעהעשר יום לחדש על הרי אררט,"so that in the seventh month, on the seventeenth day of the month, the ark came to rest on the mountains of Ararat. ",Ninguno
Genesis,8,5,והמים היו הלוך וחסור עד החדש העשירי בעשירי באחד לחדש נראו ראשי ההרים,"The waters went on diminishing until the tenth month; in the tenth month, on the first of the month, the tops of the mountains became visible.",Ninguno
Genesis,8,6,ויהי מקץ ארבעים יום ויפתח נח אתחלון התבה אשר עשה,"At the end of forty days, Noah opened the window of the ark that he had made ",Ninguno
Genesis,8,7,וישלח אתהערב ויצא יצוא ושוב עדיבשת המים מעל הארץ,and sent out the raven; it went to and fro until the waters had dried up from the earth.,Ninguno
Genesis,8,8,וישלח אתהיונה מאתו לראות הקלו המים מעל פני האדמה,Then he sent out the dove to see whether the waters had decreased from the surface of the ground.,Ninguno
Genesis,8,9,ולאמצאה היונה מנוח לכףרגלה ותשב אליו אלהתבה כימים עלפני כלהארץ וישלח ידו ויקחה ויבא אתה אליו אלהתבה,"But the dove could not find a resting place for its foot, and returned to him to the ark, for there was water over all the earth. So putting out his hand, he took it into the ark with him. ",Ninguno
Genesis,8,10,ויחל עוד שבעת ימים אחרים ויסף שלח אתהיונה מןהתבה,"He waited another seven days, and again sent out the dove from the ark. ",Ninguno
Genesis,8,11,ותבא אליו היונה לעת ערב והנה עלהזית טרף בפיה וידע נח כיקלו המים מעל הארץ,"The dove came back to him toward evening, and there in its bill was a plucked-off olive leaf! Then Noah knew that the waters had decreased on the earth. ",Percepción (Yada)
Genesis,8,12,וייחל עוד שבעת ימים אחרים וישלח אתהיונה ולאיספה שובאליו עוד,He waited still another seven days and sent the dove forth; and it did not return to him anymore.,Ninguno
Genesis,8,13,ויהי באחת וששמאות שנה בראשון באחד לחדש חרבו המים מעל הארץ ויסר נח אתמכסה התבה וירא והנה חרבו פני האדמה,"In the six hundred and first year, in the first month, on the first of the month, the waters began to dry from the earth; and when Noah removed the covering of the ark, he saw that the surface of the ground was drying. ",Ninguno
Genesis,8,14,"ובחדש השני בשבעה ועשרים יום לחדש יבשה הארץ&nbsp;<span class=""mam-spi-samekh"">{ס}</span>&nbsp;&nbsp;&nbsp;&nbsp;&nbsp;&nbsp;&nbsp;&nbsp;","And in the second month, on the twenty-seventh day of the month, the earth was dry.",Ninguno
Genesis,8,15,וידבר אלהים אלנח לאמר,"God spoke to Noah, saying, ",Ninguno
Genesis,8,16,צא מןהתבה אתה ואשתך ובניך ונשיבניך אתך,"“Come out of the ark, together with your wife, your sons, and your sons’ wives. ",Ninguno
Genesis,8,17,"כלהחיה אשראתך מכלבשר בעוף ובבהמה ובכלהרמש הרמש עלהארץ <span class=""mam-kq""><span class=""mam-kq-k"">(הוצא)</span> <span class=""mam-kq-q"">[היצא]</span></span> אתך ושרצו בארץ ופרו ורבו עלהארץ","Bring out with you every living thing of all flesh that is with you: birds, animals, and everything that creeps on earth; and let them swarm on the earth and be fertile and increase on earth.” ",Ninguno
Genesis,8,18,ויצאנח ובניו ואשתו ונשיבניו אתו,"So Noah came out, together with his sons, his wife, and his sons’ wives. ",Ninguno
Genesis,8,19,כלהחיה כלהרמש וכלהעוף כל רומש עלהארץ למשפחתיהם יצאו מןהתבה,"Every animal, every creeping thing, and every bird, everything that stirs on earth came out of the ark by families.",Ninguno
Genesis,8,20,ויבן נח מזבח ליהוה ויקח מכל&thinsp;<b></b> הבהמה הטהרה ומכל העוף הטהור ויעל עלת במזבח,"Then Noah built an altar to GOD and, taking of every pure animal and of every pure bird, he offered burnt offerings on the altar. ",Ninguno
Genesis,8,21,וירח יהוה אתריח הניחח ויאמר יהוה אללבו לאאסף לקלל עוד אתהאדמה בעבור האדם כי יצר לב האדם רע מנעריו ולאאסף עוד להכות אתכלחי כאשר עשיתי,"GOD smelled the pleasing odor, and GOD resolved: “Never again will I doom the earth because of humankind, since the devisings of the human mind are evil from youth; nor will I ever again destroy every living being, as I have done.",Ninguno
Genesis,8,22,עד כלימי הארץ זרע וקציר וקר וחם וקיץ וחרף ויום ולילה לא ישבתו,"So long as the earth endures,Seedtime and harvest,Cold and heat,Summer and winter,Day and nightShall not cease.”",Ninguno
Genesis,9,1,ויברך אלהים אתנח ואתבניו ויאמר להם פרו ורבו ומלאו אתהארץ,"God blessed Noah and his sons, and said to them, “Be fertile and increase, and fill the earth. ",Ninguno
Genesis,9,2,ומוראכם וחתכם יהיה על כלחית הארץ ועל כלעוף השמים בכל אשר תרמש האדמה ובכלדגי הים בידכם נתנו,The fear and the dread of you shall be upon all the animals of the earth and upon all the birds of the sky—everything with which the earth is astir—and upon all the fish of the sea; they are given into your hand.,Ninguno
Genesis,9,3,כלרמש אשר הואחי לכם יהיה לאכלה כירק עשב נתתי לכם אתכל,"Every creature that lives shall be yours to eat; as with the green grasses, I give you all these. ",Ninguno
Genesis,9,4,אךבשר בנפשו דמו לא תאכלו,"You must not, however, eat flesh with its life-blood in it. ",Ninguno
Genesis,9,5,ואך אתדמכם לנפשתיכם אדרש מיד כלחיה אדרשנו ומיד האדם מיד איש אחיו אדרש אתנפש האדם,"But for your own life-blood I will require a reckoning: I will require it of every animal; of humankind, too, will I require a reckoning for human life, of everyone for each other!",Ninguno
Genesis,9,6,שפך דם האדם באדם דמו ישפך כי בצלם אלהים עשה אתהאדם,"Whoever sheds human blood,By human [hands] shall their blood be shed;For in the image of GodWas humankind made.",Ninguno
Genesis,9,7,"ואתם פרו ורבו שרצו בארץ ורבובה&nbsp;<span class=""mam-spi-samekh"">{ס}</span>&nbsp;&nbsp;&nbsp;&nbsp;&nbsp;&nbsp;&nbsp;&nbsp;","Be fertile, then, and increase; abound on the earth and increase on it.”",Ninguno
Genesis,9,8,ויאמר אלהים אלנח ואלבניו אתו לאמר,"And God said to Noah and to his sons with him, ",Ninguno
Genesis,9,9,ואני הנני מקים אתבריתי אתכם ואתזרעכם אחריכם,"“I now establish My covenant with you and your offspring to come, ",Ninguno
Genesis,9,10,ואת כלנפש החיה אשר אתכם בעוף בבהמה ובכלחית הארץ אתכם מכל יצאי התבה לכל חית הארץ,"and with every living thing that is with you—birds, cattle, and every wild beast as well—all that have come out of the ark, every living thing on earth. ",Ninguno
Genesis,9,11,והקמתי אתבריתי אתכם ולאיכרת כלבשר עוד ממי המבול ולאיהיה עוד מבול לשחת הארץ,"I will maintain My covenant with you: never again shall all flesh be cut off by the waters of a flood, and never again shall there be a flood to destroy the earth.”",Ninguno
Genesis,9,12,ויאמר אלהים זאת אותהברית אשראני נתן ביני וביניכם ובין כלנפש חיה אשר אתכם לדרת עולם,"God further said, “This is the sign that I set for the covenant between Me and you, and every living creature with you, for all ages to come. ",Separación (Beyn)
Genesis,9,13,אתקשתי נתתי בענן והיתה לאות ברית ביני ובין הארץ,"I have set My bow in the clouds, and it shall serve as a sign of the covenant between Me and the earth. ",Separación (Beyn)
Genesis,9,14,והיה בענני ענן עלהארץ ונראתה הקשת בענן,"When I bring clouds over the earth, and the bow appears in the clouds, ",Ninguno
Genesis,9,15,וזכרתי אתבריתי אשר ביני וביניכם ובין כלנפש חיה בכלבשר ולאיהיה עוד המים למבול לשחת כלבשר,"I will remember My covenant between Me and you and every living creature among all flesh, so that the waters shall never again become a flood to destroy all flesh. ",Separación (Beyn)
Genesis,9,16,והיתה הקשת בענן וראיתיה לזכר ברית עולם בין אלהים ובין כלנפש חיה בכלבשר אשר עלהארץ,"When the bow is in the clouds, I will see it and remember the everlasting covenant between God and all living creatures, all flesh that is on earth. ",Separación (Beyn)
Genesis,9,17,"ויאמר אלהים אלנח זאת אותהברית אשר הקמתי ביני ובין כלבשר אשר עלהארץ&nbsp;<span class=""mam-spi-pe"">{פ}</span><br>","That,” God said to Noah, “shall be the sign of the covenant that I have established between Me and all flesh that is on earth.”",Separación (Beyn)
Genesis,9,18,ויהיו בנינח היצאים מןהתבה שם וחם ויפת וחם הוא אבי כנען,"The sons of Noah who came out of the ark were Shem, Ham, and Japheth—Ham being the father of Canaan. ",Ninguno
Genesis,9,19,שלשה אלה בנינח ומאלה נפצה כלהארץ,"These three were the sons of Noah, and from these the whole world branched out.",Ninguno
Genesis,9,20,ויחל נח איש האדמה ויטע כרם,"Noah, the tiller of the soil,athe tiller of the soil Or “a man of the soil.” was the first to plant a vineyard. ",Ninguno
Genesis,9,21,וישת מןהיין וישכר ויתגל בתוך אהלה,"He drank of the wine and became drunk, and he uncovered himself within his tent. ",Ninguno
Genesis,9,22,וירא חם אבי כנען את ערות אביו ויגד לשניאחיו בחוץ,"Ham, the father of Canaan, saw his father’s nakedness and told his two brothers outside. ",Ninguno
Genesis,9,23,ויקח שם ויפת אתהשמלה וישימו עלשכם שניהם וילכו אחרנית ויכסו את ערות אביהם ופניהם אחרנית וערות אביהם לא ראו,"But Shem and Japheth took a cloth, placed it against both their backs and, walking backward, they covered their father’s nakedness; their faces were turned the other way, so that they did not see their father’s nakedness. ",Ninguno
Genesis,9,24,וייקץ נח מיינו וידע את אשרעשה לו בנו הקטן,"When Noah woke up from his wine and learned what his youngest son had done to him, ",Percepción (Yada)
Genesis,9,25,ויאמר ארור כנען עבד עבדים יהיה לאחיו,"he said,“Cursed be Canaan;The lowest of slavesShall he be to his brothers.”",Ninguno
Genesis,9,26,ויאמר ברוך יהוה אלהי שם ויהי כנען עבד למו,"And he said,“Blessed be the ETERNAL,The God of Shem;Let Canaan be a slave to them.",Ninguno
Genesis,9,27,יפת אלהים ליפת וישכן באהלישם ויהי כנען עבד למו,"May God enlargebenlarge Heb. yapht, play on Heb. yepheth “Japheth.” Japheth,And let him dwell in the tents of Shem;And let Canaan be a slave to them.”",Ninguno
Genesis,9,28,ויחינח אחר המבול שלש מאות שנה וחמשים שנה,Noah lived after the Flood 350 years.,Ninguno
Genesis,9,29,"ויהיו<sup class=""footnote-marker"">*</sup><i class=""footnote"">(בספרי ספרד ואשכנז ויהי)</i> כלימינח תשע מאות שנה וחמשים שנה וימת&nbsp;<span class=""mam-spi-pe"">{פ}</span><br>",And all the days of Noah came to 950 years; then he died.,Ninguno
Genesis,10,1,ואלה תולדת בנינח שם חם ויפת ויולדו להם בנים אחר המבול,"These are the lines of Shem, Ham, and Japheth, the sons of Noah: sons were born to them after the Flood.",Ninguno
Genesis,10,2,בני יפת גמר ומגוג ומדי ויון ותבל ומשך ותירס,"The descendants of Japheth: Gomer, Magog, Madai, Javan, Tubal, Meshech, and Tiras. ",Ninguno
Genesis,10,3,ובני גמר אשכנז וריפת ותגרמה,"The descendants of Gomer: Ashkenaz, Riphath, and Togarmah. ",Ninguno
Genesis,10,4,ובני יון אלישה ותרשיש כתים ודדנים,"The descendants of Javan: Elishah and Tarshish, the Kittim and the Dodanim.aDodanim Septuagint and 1 Chron. 1.7 “Rodanim.” ",Ninguno
Genesis,10,5,מאלה נפרדו איי הגוים בארצתם איש ללשנו למשפחתם בגויהם,From these the maritime nations branched out. [These are the descendants of Japheth]b[These are the descendants of Japheth] Cf. vv. 20 and 31. by their lands—each with its language—their clans and their nations.,Ninguno
Genesis,10,6,ובני חם כוש ומצרים ופוט וכנען,"The descendants of Ham: Cush, Mizraim, Put, and Canaan. ",Ninguno
Genesis,10,7,ובני כוש סבא וחוילה וסבתה ורעמה וסבתכא ובני רעמה שבא ודדן,"The descendants of Cush: Seba, Havilah, Sabtah, Raamah, and Sabteca. The descendants of Raamah: Sheba and Dedan.",Ninguno
Genesis,10,8,וכוש ילד אתנמרד הוא החל להיות גבר בארץ,"Cush also begot Nimrod, who was the first of the earth’s heroes. ",Ninguno
Genesis,10,9,הואהיה גברציד לפני יהוה עלכן יאמר כנמרד גבור ציד לפני יהוה,"He was a mighty hunter by the grace of GOD; hence the saying, “Like Nimrod a mighty hunter by the grace of GOD.” ",Ninguno
Genesis,10,10,ותהי ראשית ממלכתו בבל וארך ואכד וכלנה בארץ שנער,"The mainstays of his kingdom were Babylon, Erech, Accad, and Calnehcand Calneh Heb. we-khalneh, better vocalized we-khullanah “all of them being.” in the land of Shinar. ",Ninguno
Genesis,10,11,מןהארץ ההוא יצא אשור ויבן אתנינוה ואתרחבת עיר ואתכלח,"From that land Asshur went forth and built Nineveh, Rehoboth-ir, Calah, ",Ninguno
Genesis,10,12,ואתרסן בין נינוה ובין כלח הוא העיר הגדלה,"and Resen between Nineveh and Calah, that is the great city.",Separación (Beyn)
Genesis,10,13,ומצרים ילד אתלודים ואתענמים ואתלהבים ואתנפתחים,"And Mizraim begot the Ludim, the Anamim, the Lehabim, the Naphtuhim, ",Ninguno
Genesis,10,14,"ואתפתרסים ואתכסלחים אשר יצאו משם פלשתים ואתכפתרים&nbsp;<span class=""mam-spi-samekh"">{ס}</span>&nbsp;&nbsp;&nbsp;&nbsp;&nbsp;&nbsp;&nbsp;&nbsp;","the Pathrusim, the Casluhim (from whom the Philistines came), and the Caphtorim.dCasluhim…Philistines…Caphtorim Cf. Jer. 47.4, Amos 9.7. ",Ninguno
Genesis,10,15,וכנען ילד אתצידן בכרו ואתחת,"Canaan begot Sidon, his first-born, and Heth; ",Ninguno
Genesis,10,16,ואתהיבוסי ואתהאמרי ואת הגרגשי,"and the Jebusites, the Amorites, the Girgashites, ",Ninguno
Genesis,10,17,ואתהחוי ואתהערקי ואתהסיני,"the Hivites, the Arkites, the Sinites, ",Ninguno
Genesis,10,18,ואתהארודי ואתהצמרי ואתהחמתי ואחר נפצו משפחות הכנעני,"the Arvadites, the Zemarites, and the Hamathites. Afterward the clans of the Canaanites spread out. ",Ninguno
Genesis,10,19,ויהי גבול הכנעני מצידן באכה גררה עדעזה באכה סדמה ועמרה ואדמה וצבים עדלשע,"(The [original] Canaanite territory extended from Sidon as far as Gerar, near Gaza, and as far as Sodom, Gomorrah, Admah, and Zeboiim, near Lasha.) ",Ninguno
Genesis,10,20,"אלה בניחם למשפחתם ללשנתם בארצתם בגויהם&nbsp;<span class=""mam-spi-samekh"">{ס}</span>&nbsp;&nbsp;&nbsp;&nbsp;&nbsp;&nbsp;&nbsp;&nbsp;","These are the descendants of Ham, according to their clans and languages, by their lands and nations.",Ninguno
Genesis,10,21,ולשם ילד גםהוא אבי כלבניעבר אחי יפת הגדול,"Sons were also born to Shem, ancestor of all the descendants of Eber and older brother of Japheth. ",Ninguno
Genesis,10,22,בני שם עילם ואשור וארפכשד ולוד וארם,"The descendants of Shem: Elam, Asshur, Arpachshad, Lud, and Aram. ",Ninguno
Genesis,10,23,ובני ארם עוץ וחול וגתר ומש,"The descendants of Aram: Uz, Hul, Gether, and Mash. ",Ninguno
Genesis,10,24,וארפכשד ילד אתשלח ושלח ילד אתעבר,"Arpachshad begot Shelah, and Shelah begot Eber. ",Ninguno
Genesis,10,25,ולעבר ילד שני בנים שם האחד פלג כי בימיו נפלגה הארץ ושם אחיו יקטן,"Two sons were born to Eber: the name of the first was Peleg, for in his days the earth was divided;edivided Heb. niphlegah, play on “Peleg.” and the name of his brother was Joktan. ",Ninguno
Genesis,10,26,ויקטן ילד אתאלמודד ואתשלף ואתחצרמות ואתירח,"Joktan begot Almodad, Sheleph, Hazarmaveth, Jerah, ",Ninguno
Genesis,10,27,ואתהדורם ואתאוזל ואתדקלה,"Hadoram, Uzal, Diklah, ",Ninguno
Genesis,10,28,ואתעובל ואתאבימאל ואתשבא,"Obal, Abimael, Sheba, ",Ninguno
Genesis,10,29,ואתאופר ואתחוילה ואתיובב כלאלה בני יקטן,"Ophir, Havilah, and Jobab; all these were the descendants of Joktan. ",Ninguno
Genesis,10,30,ויהי מושבם ממשא באכה ספרה הר הקדם,"Their settlements extended from Mesha as far as Sephar, the hill country to the east. ",Ninguno
Genesis,10,31,אלה בנישם למשפחתם ללשנתם בארצתם לגויהם,"These are the descendants of Shem according to their clans and languages, by their lands, according to their nations.",Ninguno
Genesis,10,32,"אלה משפחת בנינח לתולדתם בגויהם ומאלה נפרדו הגוים בארץ אחר המבול&nbsp;<span class=""mam-spi-pe"">{פ}</span><br>","These are the groupings of Noah’s descendants, according to their origins, by their nations; and from these the nations branched out over the earth after the Flood.",Ninguno
Genesis,11,1,ויהי כלהארץ שפה אחת ודברים אחדים,Everyone on earth had the same language and the same words.,Ninguno
Genesis,11,2,ויהי בנסעם מקדם וימצאו בקעה בארץ שנער וישבו שם,"And as they migrated from the east, they came upon a valley in the land of Shinar and settled there. ",Ninguno
Genesis,11,3,ויאמרו איש אלרעהו הבה נלבנה לבנים ונשרפה לשרפה ותהי להם הלבנה לאבן והחמר היה להם לחמר,"They said to one another, “Come, let us make bricks and burn them hard.”—Brick served them as stone, and bitumen served them as mortar.— ",Ninguno
Genesis,11,4,ויאמרו הבה&thinsp;<b></b> נבנהלנו עיר ומגדל וראשו בשמים ונעשהלנו שם פןנפוץ עלפני כלהארץ,"And they said, “Come, let us build us a city, and a tower with its top in the sky, to make a name for ourselves; else we shall be scattered all over the world.” ",Ninguno
Genesis,11,5,וירד יהוה לראת אתהעיר ואתהמגדל אשר בנו בני האדם,"GOD came down to look at the city and tower that the mortals had built, ",Ninguno
Genesis,11,6,ויאמר יהוה הן עם אחד ושפה אחת לכלם וזה החלם לעשות ועתה לאיבצר מהם כל אשר יזמו לעשות,"and GOD said, “If, as one people with one language for all, this is how they have begun to act, then nothing that they may propose to do will be out of their reach. ",Ninguno
Genesis,11,7,הבה נרדה ונבלה שם שפתם אשר לא ישמעו איש שפת רעהו,"Let us, then, go down and confound their speech there, so that they shall not understand one another’s speech.” ",Ninguno
Genesis,11,8,ויפץ יהוה אתם משם עלפני כלהארץ ויחדלו לבנת העיר,Thus GOD scattered them from there over the face of the whole earth; and they stopped building the city.,Ninguno
Genesis,11,9,"עלכן קרא שמה בבל כישם בלל יהוה שפת כלהארץ ומשם הפיצם יהוה עלפני כלהארץ&nbsp;<span class=""mam-spi-pe"">{פ}</span><br>","That is why it was called Babel,aBabel I.e., “Babylon.” because there GOD confoundedbconfounded Heb. balal “confound,” play on “Babel.” the speech of the whole earth; and from there GOD scattered them over the face of the whole earth.",Ninguno
Genesis,11,10,אלה תולדת שם שם בןמאת שנה ויולד אתארפכשד שנתים אחר המבול,"This is the line of Shem. Shem was 100 years old when he begot Arpachshad, two years after the Flood. ",Ninguno
Genesis,11,11,"ויחישם אחרי הולידו אתארפכשד חמש מאות שנה ויולד בנים ובנות&nbsp;<span class=""mam-spi-samekh"">{ס}</span>&nbsp;&nbsp;&nbsp;&nbsp;&nbsp;&nbsp;&nbsp;&nbsp;","After the birth ofcAfter the birth of Lit. “After he begot,” and so through v. 25. Arpachshad, Shem lived 500 years and begot sons and daughters.",Ninguno
Genesis,11,12,וארפכשד חי חמש ושלשים שנה ויולד אתשלח,"When Arpachshad had lived 35 years, he begot Shelah. ",Ninguno
Genesis,11,13,"ויחי ארפכשד אחרי הולידו אתשלח שלש שנים וארבע מאות שנה ויולד בנים ובנות&nbsp;<span class=""mam-spi-samekh"">{ס}</span>&nbsp;&nbsp;&nbsp;&nbsp;&nbsp;&nbsp;&nbsp;&nbsp;","After the birth of Shelah, Arpachshad lived 403 years and begot sons and daughters.",Ninguno
Genesis,11,14,ושלח חי שלשים שנה ויולד אתעבר,"When Shelah had lived 30 years, he begot Eber. ",Ninguno
Genesis,11,15,"ויחישלח אחרי הולידו אתעבר שלש שנים וארבע מאות שנה ויולד בנים ובנות&nbsp;<span class=""mam-spi-samekh"">{ס}</span>&nbsp;&nbsp;&nbsp;&nbsp;&nbsp;&nbsp;&nbsp;&nbsp;","After the birth of Eber, Shelah lived 403 years and begot sons and daughters.",Ninguno
Genesis,11,16,ויחיעבר ארבע ושלשים שנה ויולד אתפלג,"When Eber had lived 34 years, he begot Peleg. ",Ninguno
Genesis,11,17,"ויחיעבר אחרי הולידו אתפלג שלשים שנה וארבע מאות שנה ויולד בנים ובנות&nbsp;<span class=""mam-spi-samekh"">{ס}</span>&nbsp;&nbsp;&nbsp;&nbsp;&nbsp;&nbsp;&nbsp;&nbsp;","After the birth of Peleg, Eber lived 430 years and begot sons and daughters.",Ninguno
Genesis,11,18,ויחיפלג שלשים שנה ויולד אתרעו,"When Peleg had lived 30 years, he begot Reu. ",Ninguno
Genesis,11,19,"ויחיפלג אחרי הולידו אתרעו תשע שנים ומאתים שנה ויולד בנים ובנות&nbsp;<span class=""mam-spi-samekh"">{ס}</span>&nbsp;&nbsp;&nbsp;&nbsp;&nbsp;&nbsp;&nbsp;&nbsp;","After the birth of Reu, Peleg lived 209 years and begot sons and daughters.",Ninguno
Genesis,11,20,ויחי רעו שתים ושלשים שנה ויולד אתשרוג,"When Reu had lived 32 years, he begot Serug. ",Ninguno
Genesis,11,21,"ויחי רעו אחרי הולידו אתשרוג שבע שנים ומאתים שנה ויולד בנים ובנות&nbsp;<span class=""mam-spi-samekh"">{ס}</span>&nbsp;&nbsp;&nbsp;&nbsp;&nbsp;&nbsp;&nbsp;&nbsp;","After the birth of Serug, Reu lived 207 years and begot sons and daughters.",Ninguno
Genesis,11,22,ויחי שרוג שלשים שנה ויולד אתנחור,"When Serug had lived 30 years, he begot Nahor. ",Ninguno
Genesis,11,23,"ויחי שרוג אחרי הולידו אתנחור מאתים שנה ויולד בנים ובנות&nbsp;<span class=""mam-spi-samekh"">{ס}</span>&nbsp;&nbsp;&nbsp;&nbsp;&nbsp;&nbsp;&nbsp;&nbsp;","After the birth of Nahor, Serug lived 200 years and begot sons and daughters.",Ninguno
Genesis,11,24,ויחי נחור תשע ועשרים שנה ויולד אתתרח,"When Nahor had lived 29 years, he begot Terah. ",Ninguno
Genesis,11,25,"ויחי נחור אחרי הולידו אתתרח תשעעשרה שנה ומאת שנה ויולד בנים ובנות&nbsp;<span class=""mam-spi-samekh"">{ס}</span>&nbsp;&nbsp;&nbsp;&nbsp;&nbsp;&nbsp;&nbsp;&nbsp;","After the birth of Terah, Nahor lived 119 years and begot sons and daughters.",Ninguno
Genesis,11,26,ויחיתרח שבעים שנה ויולד אתאברם אתנחור ואתהרן,"When Terah had lived 70 years, he begot Abram, Nahor, and Haran. ",Ninguno
Genesis,11,27,ואלה תולדת תרח תרח הוליד אתאברם אתנחור ואתהרן והרן הוליד אתלוט,"Now this is the line of Terah: Terah begot Abram, Nahor, and Haran; and Haran begot Lot. ",Ninguno
Genesis,11,28,וימת הרן עלפני תרח אביו בארץ מולדתו באור כשדים,"Haran died in the lifetime of his father Terah, in his native land, Ur of the Chaldeans. ",Ninguno
Genesis,11,29,ויקח אברם ונחור להם נשים שם אשתאברם שרי ושם אשתנחור מלכה בתהרן אבימלכה ואבי יסכה,"Abram and Nahor took wives for themselves, the name of Abram’s wife being Sarai and that of Nahor’s wife Milcah, the daughter of Haran, the father of Milcah and Iscah. ",Ninguno
Genesis,11,30,ותהי שרי עקרה אין לה ולד,"Now Sarai was infertile, she had no child.",Ninguno
Genesis,11,31,ויקח תרח אתאברם בנו ואתלוט בןהרן בןבנו ואת שרי כלתו אשת אברם בנו ויצאו אתם מאור כשדים ללכת ארצה כנען ויבאו עדחרן וישבו שם,"Terah took his son Abram, his grandson Lot the son of Haran, and his daughter-in-law Sarai, the wife of his son Abram, and they set out together from Ur of the Chaldeans for the land of Canaan; but when they had come as far as Haran, they settled there. ",Ninguno
Genesis,11,32,"ויהיו ימיתרח חמש שנים ומאתים שנה וימת תרח בחרן&nbsp;<span class=""mam-spi-pe"">{פ}</span><br>",The days of Terah came to 205 years; and Terah died in Haran.,Ninguno
Genesis,12,1,ויאמר יהוה אלאברם לךלך מארצך וממולדתך ומבית אביך אלהארץ אשר אראך,"
GOD
 said to Abram, “Go forth from your native land and from your father’s house to the land that I will show you.",Ninguno
Genesis,12,2,ואעשך לגוי גדול ואברכך ואגדלה שמך והיה ברכה,"I will make of you a great nation,And I will bless you;I will make your name great,And you shall be a blessing.aa blessing I.e., a standard by which blessing is invoked; cf. v. 3 end. ",Ninguno
Genesis,12,3,ואברכה מברכיך ומקללך אאר ונברכו בך כל משפחת האדמה,I will bless those who bless youAnd curse the one who curses you;And all the families of the earthShall bless themselves by you.”,Ninguno
Genesis,12,4,וילך אברם כאשר דבר אליו יהוה וילך אתו לוט ואברם בןחמש שנים ושבעים שנה בצאתו מחרן,"Abram went forth as GOD had commanded him, and Lot went with him. Abram was seventy-five years old when he left Haran. ",Ninguno
Genesis,12,5,ויקח אברם אתשרי אשתו ואתלוט בןאחיו ואתכלרכושם אשר רכשו ואתהנפש אשרעשו בחרן ויצאו ללכת ארצה כנען ויבאו ארצה כנען,"Abram took his wife Sarai and his brother’s son Lot, and all the wealth that they had amassed, and the persons that they had acquired in Haran; and they set out for the land of Canaan. When they arrived in the land of Canaan, ",Ninguno
Genesis,12,6,ויעבר אברם בארץ עד מקום שכם עד אלון מורה והכנעני אז בארץ,"Abram passed through the land as far as the site of Shechem, at the terebinth of Moreh. The Canaanites were then in the land.",Ninguno
Genesis,12,7,וירא יהוה אלאברם ויאמר לזרעך אתן אתהארץ הזאת ויבן שם מזבח ליהוה הנראה אליו,"GOD
 appeared tobappeared to Or “made contact with,” i.e., initiated communication (not necessarily with a visual aspect). So also later in this verse. Abram and said, “I will assign this land to your offspring.” And he built an altar there to GOD who had appeared to him. ",Ninguno
Genesis,12,8,ויעתק משם ההרה מקדם לביתאל ויט אהלה ביתאל מים והעי מקדם ויבןשם מזבח ליהוה ויקרא בשם יהוה,"From there he moved on to the hill country east of Bethel and pitched his tent, with Bethel on the west and Ai on the east; and he built there an altar to GOD and invoked GOD by name. ",Ninguno
Genesis,12,9,"ויסע אברם הלוך ונסוע הנגבה&nbsp;<span class=""mam-spi-pe"">{פ}</span><br>",Then Abram journeyed by stages toward the Negeb.,Ninguno
Genesis,12,10,ויהי רעב בארץ וירד אברם מצרימה לגור שם כיכבד הרעב בארץ,"There was a famine in the land, and Abram went down to Egypt to sojourn there, for the famine was severe in the land. ",Ninguno
Genesis,12,11,ויהי כאשר הקריב לבוא מצרימה ויאמר אלשרי אשתו הנהנא ידעתי כי אשה יפתמראה את,"As he was about to enter Egypt, he said to his wife Sarai, “IcI Or “You”; cf. the second-person feminine form -ti in Judg. 5.7; Jer. 2.20; Mic. 4.13, etc. know what a beautiful woman you are. ",Percepción (Yada)
Genesis,12,12,והיה כייראו אתך המצרים ואמרו אשתו זאת והרגו אתי ואתך יחיו,"If the Egyptians see you, and think, ‘She is his wife,’ they will kill me and let you live. ",Ninguno
Genesis,12,13,אמרינא אחתי את למען ייטבלי בעבורך וחיתה נפשי בגללך,"Please say that you are my sister, that it may go well with me because of you, and that I may remain alive thanks to you.”",Ninguno
Genesis,12,14,ויהי כבוא אברם מצרימה ויראו המצרים אתהאשה כייפה הוא מאד,"When Abram entered Egypt, the Egyptians saw how very beautiful the woman was. ",Ninguno
Genesis,12,15,ויראו אתה שרי פרעה ויהללו אתה אלפרעה ותקח האשה בית פרעה,"Pharaoh’s courtiers saw her and praised her to Pharaoh, and the woman was taken into Pharaoh’s palace. ",Ninguno
Genesis,12,16,ולאברם היטיב בעבורה ויהילו צאןובקר וחמרים ועבדים ושפחת ואתנת וגמלים,"And because of her, it went well with Abram; he acquired sheep, oxen, donkeys, male and female slaves, jennies, and camels.",Ninguno
Genesis,12,17,וינגע יהוה&thinsp;<small></small>&thinsp;אתפרעה נגעים גדלים ואתביתו עלדבר שרי אשת אברם,"But GOD afflicted Pharaoh and his household with mighty plagues on account of Sarai, the wife of Abram. ",Ninguno
Genesis,12,18,ויקרא פרעה לאברם ויאמר מהזאת עשית לי למה לאהגדת לי כי אשתך הוא,"Pharaoh sent for Abram and said, “What is this you have done to me! Why did you not tell me that she was your wife? ",Ninguno
Genesis,12,19,למה אמרת אחתי הוא ואקח אתה לי לאשה ועתה הנה אשתך קח ולך,"Why did you say, ‘She is my sister,’ so that I took her as my wife? Now, here is your wife; take her and begone!” ",Ninguno
Genesis,12,20,ויצו עליו פרעה אנשים וישלחו אתו ואתאשתו ואתכלאשרלו,"And Pharaoh put some men in charge of him, and they sent him off with his wife and all that he possessed.",Ninguno
Genesis,13,1,ויעל אברם ממצרים הוא ואשתו וכלאשרלו ולוט עמו הנגבה,"From Egypt, Abram went up into the Negeb, with his wife and all that he possessed, together with Lot. ",Ninguno
Genesis,13,2,ואברם כבד מאד במקנה בכסף ובזהב,"Now Abram was very rich in cattle, silver, and gold. ",Ninguno
Genesis,13,3,"וילך למסעיו מנגב ועדביתאל עדהמקום אשרהיה שם <span class=""mam-kq-trivial"">אהלה</span> בתחלה בין ביתאל ובין העי","And he proceeded by stages from the Negeb as far as Bethel, to the place where his tent had been formerly, between Bethel and Ai, ",Separación (Beyn)
Genesis,13,4,אלמקום המזבח אשרעשה שם בראשנה ויקרא שם אברם בשם יהוה,the site of the altar that he had built there at first; and there Abram invoked GOD by name.,Ninguno
Genesis,13,5,וגםללוט ההלך אתאברם היה צאןובקר ואהלים,"Lot, who went with Abram, also had flocks and herds and tents, ",Ninguno
Genesis,13,6,ולאנשא אתם הארץ לשבת יחדו כיהיה רכושם רב ולא יכלו לשבת יחדו,so that the land could not support them staying together; for their possessions were so great that they could not remain together.,Ninguno
Genesis,13,7,ויהיריב בין רעי מקנהאברם ובין רעי מקנהלוט והכנעני והפרזי אז ישב בארץ,And there was quarreling between the herders of Abram’s cattle and those of Lot’s cattle.—The Canaanites and Perizzites were then dwelling in the land.—,Separación (Beyn)
Genesis,13,8,ויאמר אברם אללוט אלנא תהי מריבה ביני ובינך ובין רעי ובין רעיך כיאנשים אחים אנחנו,"Abram said to Lot, “Let there be no strife between you and me, between my herders and yours, for we are, after all, kin. ",Separación (Beyn)
Genesis,13,9,הלא כלהארץ לפניך הפרד נא מעלי אםהשמאל ואימנה ואםהימין ואשמאילה,"Is not the whole land before you? Let us separate:aLet us separate Lit. “Please separate from me.” if you go north, I will go south; and if you go south, I will go north.” ","Control/Derecha (Yamin), Caos/Izquierda (Smol)"
Genesis,13,10,וישאלוט אתעיניו וירא אתכלככר הירדן כי כלה משקה לפני&thinsp;<b></b> שחת יהוה אתסדם ואתעמרה כגןיהוה כארץ מצרים באכה צער,"Lot looked about him and saw how well watered was the whole plain of the Jordan, all of it—this was before GOD had destroyed Sodom and Gomorrah—all the way to Zoar, like the garden of GOD, like the land of Egypt. ",Ninguno
Genesis,13,11,ויבחרלו לוט את כלככר הירדן ויסע לוט מקדם ויפרדו איש מעל אחיו,"So Lot chose for himself the whole plain of the Jordan, and Lot journeyed eastward. Thus they parted from each other; ",Ninguno
Genesis,13,12,אברם ישב בארץכנען ולוט ישב בערי הככר ויאהל עדסדם,"Abram remained in the land of Canaan, while Lot settled in the cities of the Plain, pitching his tents near Sodom. ",Ninguno
Genesis,13,13,ואנשי סדם רעים וחטאים ליהוה מאד,Now the inhabitants of Sodom were very wicked sinners against GOD.,Ninguno
Genesis,13,14,ויהוה אמר אלאברם אחרי הפרדלוט מעמו שא נא עיניך וראה מןהמקום אשראתה שם צפנה ונגבה וקדמה וימה,"And GOD said to Abram, after Lot had parted from him, “Raise your eyes and look out from where you are, to the north and south, to the east and west, ",Ninguno
Genesis,13,15,כי אתכלהארץ אשראתה ראה לך אתננה ולזרעך עדעולם,for I give all the land that you see to you and your offspring forever.,Ninguno
Genesis,13,16,ושמתי אתזרעך כעפר הארץ אשר&thinsp;<b></b> אםיוכל איש למנות אתעפר הארץ גםזרעך ימנה,"I will make your offspring as the dust of the earth, so that if one can count the dust of the earth, then your offspring too can be counted. ",Ninguno
Genesis,13,17,קום התהלך בארץ לארכה ולרחבה כי לך אתננה,"Up, walk about the land, through its length and its breadth, for I give it to you.” ",Ninguno
Genesis,13,18,"ויאהל אברם ויבא וישב באלני ממרא אשר בחברון ויבןשם מזבח ליהוה&nbsp;<span class=""mam-spi-pe"">{פ}</span><br>","And Abram moved his tent, and came to dwell at the terebinths of Mamre, which are in Hebron; and he built an altar there to GOD.",Ninguno
Genesis,14,1,ויהי בימי אמרפל מלךשנער אריוך מלך אלסר כדרלעמר מלך עילם ותדעל מלך גוים,"Now, when King Amraphel of Shinar, King Arioch of Ellasar, King Chedorlaomer of Elam, and King Tidal of Goiim ",Ninguno
Genesis,14,2,"עשו מלחמה אתברע מלך סדם ואתברשע מלך עמרה שנאב&thinsp;<b></b> מלך אדמה ושמאבר מלך <span class=""mam-kq""><span class=""mam-kq-k"">(צביים)</span> <span class=""mam-kq-q"">[צבוים]</span></span> ומלך בלע היאצער","made war on King Bera of Sodom, King Birsha of Gomorrah, King Shinab of Admah, King Shemeber of Zeboiim, and the king of Bela, which is Zoar, ",Ninguno
Genesis,14,3,כלאלה חברו אלעמק השדים הוא ים המלח,"all the latter joined forces at the Valley of Siddim, now the Dead Sea.aDead Sea Heb. “Salt Sea.” ",Ninguno
Genesis,14,4,שתים עשרה שנה עבדו אתכדרלעמר ושלשעשרה שנה מרדו,"Twelve years they served Chedorlaomer, and in the thirteenth year they rebelled. ",Ninguno
Genesis,14,5,ובארבע עשרה שנה בא כדרלעמר והמלכים אשר אתו ויכו אתרפאים בעשתרת קרנים ואתהזוזים בהם ואת האימים בשוה קריתים,"In the fourteenth year Chedorlaomer and the kings who were with him came and defeated the Rephaim at Ashteroth-karnaim, the Zuzim at Ham, the Emim at Shaveh-kiriathaim, ",Ninguno
Genesis,14,6,ואתהחרי בהררם שעיר עד איל פארן אשר עלהמדבר,"and the Horites in their hill country of Seir as far as El-paran, which is by the wilderness. ",Ninguno
Genesis,14,7,וישבו ויבאו אלעין משפט הוא קדש ויכו אתכלשדה העמלקי וגם אתהאמרי הישב בחצצן תמר,"On their way back they came to En-mishpat, which is Kadesh, and subdued all the territory of the Amalekites, and also the Amorites who dwelt in Hazazon-tamar. ",Ninguno
Genesis,14,8,"ויצא מלךסדם ומלך עמרה ומלך אדמה ומלך <span class=""mam-kq""><span class=""mam-kq-k"">(צביים)</span> <span class=""mam-kq-q"">[צבוים]</span></span> ומלך בלע הואצער ויערכו אתם מלחמה בעמק השדים","Then the king of Sodom, the king of Gomorrah, the king of Admah, the king of Zeboiim, and the king of Bela, which is Zoar, went forth and engaged them in battle in the Valley of Siddim: ",Ninguno
Genesis,14,9,את כדרלעמר מלך עילם ותדעל מלך גוים ואמרפל מלך שנער ואריוך מלך אלסר ארבעה מלכים אתהחמשה,"King Chedorlaomer of Elam, King Tidal of Goiim, King Amraphel of Shinar, and King Arioch of Ellasar—four kings against those five.",Ninguno
Genesis,14,10,ועמק השדים בארת בארת חמר וינסו מלךסדם ועמרה ויפלושמה והנשארים הרה נסו,"Now the Valley of Siddim was dotted with bitumen pits; and the kings of Sodom and Gomorrah, in their flight, threw themselves into them, while the rest escaped to the hill country. ",Ninguno
Genesis,14,11,ויקחו אתכלרכש סדם ועמרה ואתכלאכלם וילכו,"[The invaders] seized all the wealth of Sodom and Gomorrah and all their provisions, and went their way. ",Ninguno
Genesis,14,12,ויקחו אתלוט ואתרכשו בןאחי אברם וילכו והוא ישב בסדם,"They also took Lot, the son of Abram’s brother, and his possessions, and departed; for he had settled in Sodom.",Ninguno
Genesis,14,13,ויבא הפליט ויגד לאברם העברי והוא שכן באלני ממרא האמרי אחי אשכל ואחי ענר והם בעלי בריתאברם,"A fugitive brought the news to Abram the Hebrew, who was dwelling at the terebinths of Mamre the Amorite, kinsman of Eshkol and Aner, these being Abram’s allies. ",Ninguno
Genesis,14,14,וישמע אברם כי נשבה אחיו וירק אתחניכיו ילידי ביתו שמנה עשר ושלש מאות וירדף עדדן,"When Abram heard that his kinsmanbhis kinsman I.e., Lot and his household. had been taken captive, he mustered his retainers,cretainers Meaning of Heb. ḥanikh uncertain. born into his household, numbering three hundred and eighteen, and went in pursuit as far as Dan. ",Ninguno
Genesis,14,15,ויחלק עליהם&thinsp;<small></small>&thinsp;לילה הוא ועבדיו ויכם וירדפם עדחובה אשר משמאל לדמשק,"At night, he and his servants deployed against them and defeated them; and he pursued them as far as Hobah, which is north of Damascus. ",Caos/Izquierda (Smol)
Genesis,14,16,וישב את כלהרכש וגם אתלוט אחיו ורכשו השיב וגם אתהנשים ואתהעם,"He brought back all the possessions; he also brought back his kinsman Lot and his possessions, and the women and the rest of the people.",Ninguno
Genesis,14,17,ויצא מלךסדם לקראתו אחרי שובו מהכות אתכדרלעמר ואתהמלכים אשר אתו אלעמק שוה הוא עמק המלך,"When he returned from defeating Chedorlaomer and the kings with him, the king of Sodom came out to meet him in the Valley of Shaveh, which is the Valley of the King. ",Ninguno
Genesis,14,18,ומלכיצדק מלך שלם הוציא לחם ויין והוא כהן לאל עליון,And King Melchizedek of Salem brought out bread and wine; he was a priest of God Most High.dGod Most High Heb. ʼEl ʻElyon. ,Ninguno
Genesis,14,19,ויברכהו ויאמר ברוך אברם לאל עליון קנה שמים וארץ,"He blessed him, saying,“Blessed be Abram of God Most High,Creator of heaven and earth.",Ninguno
Genesis,14,20,וברוך אל עליון אשרמגן צריך בידך ויתןלו מעשר מכל,"And blessed be God Most High,Who has delivered your foes into your hand.”And [Abram] gave him a tenth of everything.",Ninguno
Genesis,14,21,ויאמר מלךסדם אלאברם תןלי הנפש והרכש קחלך,"Then the king of Sodom said to Abram, “Give me the persons, and take the possessions for yourself.” ",Ninguno
Genesis,14,22,ויאמר אברם אלמלך סדם הרמתי ידי אליהוה אל עליון קנה שמים וארץ,"But Abram said to the king of Sodom, “I sweareswear Lit. “lift up my hand.” to the ETERNAL, God Most High, Creator of heaven and earth: ",Ninguno
Genesis,14,23,אםמחוט ועד שרוךנעל ואםאקח מכלאשרלך ולא תאמר אני העשרתי אתאברם,"I will not take so much as a thread or a sandal strap of what is yours; you shall not say, ‘It is I who made Abram rich.’ ",Ninguno
Genesis,14,24,"בלעדי רק אשר אכלו הנערים וחלק האנשים אשר הלכו אתי ענר אשכל וממרא הם יקחו חלקם&nbsp;<span class=""mam-spi-samekh"">{ס}</span>&nbsp;&nbsp;&nbsp;&nbsp;&nbsp;&nbsp;&nbsp;&nbsp;","For me, nothing but what my servants have used up; as for the share of those who went with me—Aner, Eshkol, and Mamre—let them take their share.”",Ninguno
Genesis,15,1,אחר&thinsp;<b></b> הדברים האלה היה דבריהוה אלאברם במחזה לאמר אלתירא אברם אנכי מגן לך שכרך הרבה מאד,"Some time later, the word of GOD came to Abram in a vision:“Fear not, Abram,I am a shield to you;Your reward shall be very great.”",Ninguno
Genesis,15,2,ויאמר אברם אדני יהוה מהתתןלי ואנכי הולך ערירי ובןמשק ביתי הוא דמשק אליעזר,"But Abram said, “O my Sovereign GOD, what can You give me, seeing that I shall die childless, and the one in charge of my household is Dammesek Eliezer!”aand the one in charge of my household is Dammesek Eliezer Meaning of Heb. uncertain. ",Ninguno
Genesis,15,3,ויאמר אברם הן לי לא נתתה זרע והנה בןביתי יורש אתי,"Abram said further, “Since You have granted me no offspring, my steward will be my heir.” ",Ninguno
Genesis,15,4,והנה דבריהוה אליו לאמר לא יירשך זה כיאם אשר יצא ממעיך הוא יירשך,"The word of GOD came to him in reply, “That one shall not be your heir; none but your very own issue shall be your heir.” ",Ninguno
Genesis,15,5,ויוצא אתו החוצה ויאמר הבטנא השמימה וספר הכוכבים אםתוכל לספר אתם ויאמר לו כה יהיה זרעך,"[Then in the vision, God] took him outside and said, “Look toward heaven and count the stars, if you are able to count them”—continuing, “So shall your offspring be.” ",Ninguno
Genesis,15,6,והאמן ביהוה ויחשבה לו צדקה,"And he put his trust in GOD, who reckoned it to his merit.",Ninguno
Genesis,15,7,ויאמר אליו אני יהוה אשר הוצאתיך מאור כשדים לתת לך אתהארץ הזאת לרשתה,"Then [God] said to him, “I am GOD who brought you out from Ur of the Chaldeans to assign this land to you as a possession.” ",Ninguno
Genesis,15,8,ויאמר אדני יהוה במה אדע כי אירשנה,"And he said, “O my Sovereign GOD, how shall I know that I am to possess it?” ",Ninguno
Genesis,15,9,ויאמר אליו קחה לי עגלה משלשת ועז משלשת ואיל משלש ותר וגוזל,"Came the reply, “Bring Me a three-year-old heifer, a three-year-old she-goat, a three-year-old ram, a turtledove, and a young bird.” ",Ninguno
Genesis,15,10,ויקחלו אתכלאלה ויבתר אתם בתוך ויתן אישבתרו לקראת רעהו ואתהצפר לא בתר,"He brought all these and cut them in two, placing each half opposite the other; but he did not cut up the bird. ",Ninguno
Genesis,15,11,וירד העיט עלהפגרים וישב אתם אברם,"Birds of prey came down upon the carcasses, and Abram drove them away. ",Ninguno
Genesis,15,12,ויהי השמש לבוא ותרדמה נפלה עלאברם והנה אימה חשכה גדלה נפלת עליו,"As the sun was about to set, a deep sleep fell upon Abram, and a great dark dread descended upon him. ",Ninguno
Genesis,15,13,ויאמר לאברם ידע תדע כיגר&thinsp;<b></b> יהיה זרעך בארץ לא להם ועבדום וענו אתם ארבע מאות שנה,"And [God] said to Abram, “Know well that your offspring shall be strangers in a land not theirs, and they shall be enslaved and oppressed four hundred years; ",Percepción (Yada)
Genesis,15,14,וגם אתהגוי אשר יעבדו דן אנכי ואחריכן יצאו ברכש גדול,"but I will execute judgment on the nation they shall serve, and in the end they shall go free with great wealth. ",Ninguno
Genesis,15,15,ואתה תבוא אלאבתיך בשלום תקבר בשיבה טובה,"As for you,You shall go to your ancestors in peace;You shall be buried at a ripe old age.",Ninguno
Genesis,15,16,ודור רביעי ישובו הנה כי לאשלם עון האמרי עדהנה,"And they shall return here in the fourth generation, for the iniquity of the Amorites is not yet complete.”",Ninguno
Genesis,15,17,ויהי השמש באה ועלטה היה והנה תנור עשן ולפיד אש אשר עבר בין הגזרים האלה,"When the sun set and it was very dark, there appeared a smoking oven, and a flaming torch that passed between those pieces. ",Separación (Beyn)
Genesis,15,18,ביום ההוא כרת יהוה אתאברם ברית לאמר לזרעך נתתי אתהארץ הזאת מנהר מצרים עדהנהר הגדל נהרפרת,"On that day GOD made a covenant with Abram: “To your offspring I assign this land, from the river of Egypt to the great river, the river Euphrates— ",Ninguno
Genesis,15,19,אתהקיני ואתהקנזי ואת הקדמני,"the Kenites, the Kenizzites, the Kadmonites, ",Ninguno
Genesis,15,20,ואתהחתי ואתהפרזי ואתהרפאים,"the Hittites, the Perizzites, the Rephaim, ",Ninguno
Genesis,15,21,"ואתהאמרי ואתהכנעני ואתהגרגשי ואתהיבוסי&nbsp;<span class=""mam-spi-samekh"">{ס}</span>&nbsp;&nbsp;&nbsp;&nbsp;&nbsp;&nbsp;&nbsp;&nbsp;","the Amorites, the Canaanites, the Girgashites, and the Jebusites.”",Ninguno
Genesis,16,1,ושרי אשת אברם לא ילדה לו ולה שפחה מצרית ושמה הגר,"Sarai, Abram’s wife, had borne him no children. She had an Egyptian maidservant whose name was Hagar. ",Ninguno
Genesis,16,2,ותאמר שרי אלאברם הנהנא עצרני יהוה מלדת באנא אלשפחתי אולי אבנה ממנה וישמע אברם לקול שרי,"And Sarai said to Abram, “Look, GOD has kept me from bearing. Consort with my maid; perhaps I shall have a childahave a child Lit. “be built up,” play on ben “child” and banah “build up.” through her.” And Abram heeded Sarai’s request. ",Ninguno
Genesis,16,3,ותקח שרי אשתאברם אתהגר המצרית שפחתה מקץ עשר שנים לשבת אברם בארץ כנען ותתן אתה לאברם אישה לו לאשה,"So Sarai, Abram’s wife, took her maid, Hagar the Egyptian—after Abram had dwelt in the land of Canaan ten years—and gave her to her husband Abram as concubine. ",Ninguno
Genesis,16,4,ויבא אלהגר ותהר ותרא כי הרתה ותקל גברתה בעיניה,"He cohabited with Hagar and she conceived; and when she saw that she had conceived, her mistress was lowered in her esteem. ",Ninguno
Genesis,16,5,ותאמר שרי אלאברם חמסי עליך אנכי נתתי שפחתי בחיקך ותרא כי הרתה ואקל בעיניה ישפט יהוה ביני וביניך,"And Sarai said to Abram, “The wrong done me is your fault! I myself put my maid in your bosom; now that she sees that she is pregnant, I am lowered in her esteem. GOD decide between you and me!” ",Ninguno
Genesis,16,6,ויאמר אברם אלשרי הנה שפחתך בידך עשילה הטוב בעיניך ותענה שרי ותברח מפניה,"Abram said to Sarai, “Your maid is in your hands. Deal with her as you think right.” Then Sarai treated her harshly, and she ran away from her.",Ninguno
Genesis,16,7,וימצאה מלאך יהוה עלעין המים במדבר עלהעין בדרך שור,"An angelbAn angel Heb. “A messenger.” And so also in vv. 9–11. of GOD found her by a spring of water in the wilderness, the spring on the road to Shur, ",Ninguno
Genesis,16,8,ויאמר הגר שפחת שרי אימזה באת ואנה תלכי ותאמר מפני שרי גברתי אנכי ברחת,"and said, “Hagar, slave of Sarai, where have you come from, and where are you going?” And she said, “I am running away from my mistress Sarai.”",Ninguno
Genesis,16,9,ויאמר לה מלאך יהוה שובי אלגברתך והתעני תחת ידיה,"And the angel of GOD said to her, “Go back to your mistress, and submit to her harsh treatment.” ",Ninguno
Genesis,16,10,ויאמר לה מלאך יהוה הרבה ארבה אתזרעך ולא יספר מרב,"And the angel of GOD said to her,“I will greatly increase your offspring,And they shall be too many to count.”",Ninguno
Genesis,16,11,ויאמר לה מלאך יהוה הנך הרה וילדת בן וקראת שמו ישמעאל כישמע יהוה אלעניך,"The angel of GOD said to her further,“Behold, you are pregnantAnd shall bear a son;You shall call him Ishmael,cIshmael I.e., “God heeds.” For GOD has paid heed to your suffering.",Ninguno
Genesis,16,12,והוא יהיה פרא אדם ידו בכל ויד כל בו ועלפני כלאחיו ישכן,"He shall be a wild ass of a person;dperson Or perhaps “sire” (cf. Josh. 14.15, Gen. 2.22b–4.1, and Phoenician usage). His hand against everyone,And everyone’s hand against him;He shall dwell alongside all his kin.”",Ninguno
Genesis,16,13,ותקרא שםיהוה הדבר אליה אתה אל ראי כי אמרה הגם הלם ראיתי אחרי ראי,"And she called GOD who spoke to her,eGOD who spoke to her Via the messenger. “You Are El-roi,”fEl-roi Apparently “God of Seeing.” by which she meant, “Have I not gone on seeing after my being seen!”gHave I not gone on seeing after my being seen Meaning of Heb. uncertain. ",Ninguno
Genesis,16,14,עלכן קרא לבאר באר לחי ראי הנה ביןקדש ובין ברד,Therefore the well was called Beer-lahai-roi;hBeer-lahai-roi Apparently “the Well of the Living One who sees me.” it is between Kadesh and Bered.— ,Separación (Beyn)
Genesis,16,15,ותלד הגר לאברם בן ויקרא אברם שםבנו אשרילדה הגר ישמעאל,"Hagar bore a son to Abram, and Abram gave the son that Hagar bore him the name Ishmael. ",Ninguno
Genesis,16,16,"ואברם בןשמנים שנה ושש שנים בלדתהגר אתישמעאל לאברם&nbsp;<span class=""mam-spi-samekh"">{ס}</span>&nbsp;&nbsp;&nbsp;&nbsp;&nbsp;&nbsp;&nbsp;&nbsp;",Abram was eighty-six years old when Hagar bore Ishmael to Abram.,Ninguno
Genesis,17,1,ויהי אברם בןתשעים שנה ותשע שנים וירא יהוה אלאברם ויאמר אליו אניאל שדי התהלך לפני והיה תמים,"When Abram was ninety-nine years old, GOD appeared toaappeared to Or “made contact with,” via an agent; see at 12.7 and below, v. 22. Abram and said to him, “I am El Shaddai.bEl Shaddai Traditionally rendered “God Almighty.” Walk in My ways and be blameless. ",Ninguno
Genesis,17,2,ואתנה בריתי ביני ובינך וארבה אותך במאד מאד,"I will establish My covenant between Me and you, and I will make you exceedingly numerous.”",Ninguno
Genesis,17,3,ויפל אברם עלפניו וידבר אתו אלהים לאמר,"Abram threw himself on his face; and God spoke to him further, ",Ninguno
Genesis,17,4,אני הנה בריתי אתך והיית לאב המון גוים,"“As for Me, this is My covenant with you: You shall be the father of a multitude of nations. ",Ninguno
Genesis,17,5,ולאיקרא עוד אתשמך אברם והיה שמך אברהם כי אבהמון גוים נתתיך,"And you shall no longer be called Abram, but your name shall be Abraham,cAbraham Understood as “father of a multitude.” for I make you the father of a multitude of nations. ",Ninguno
Genesis,17,6,והפרתי אתך במאד מאד ונתתיך לגוים ומלכים ממך יצאו,"I will make you exceedingly fertile, and make nations of you; and kings shall come forth from you. ",Ninguno
Genesis,17,7,והקמתי אתבריתי ביני ובינך ובין זרעך אחריך לדרתם לברית עולם להיות לך לאלהים ולזרעך אחריך,"I will maintain My covenant between Me and you, and your offspring to come, as an everlasting covenant throughout the ages, to be God to you and to your offspring to come. ",Separación (Beyn)
Genesis,17,8,ונתתי לך ולזרעך אחריך את&thinsp;<b></b> ארץ מגריך את כלארץ כנען לאחזת עולם והייתי להם לאלהים,"I assign the land you sojourn in to you and your offspring to come, all the land of Canaan, as an everlasting holding. I will be their God.”",Ninguno
Genesis,17,9,ויאמר אלהים אלאברהם ואתה אתבריתי תשמר אתה וזרעך אחריך לדרתם,"God further said to Abraham, “As for you, you and your offspring to come throughout the ages shall keep My covenant. ",Ninguno
Genesis,17,10,זאת בריתי אשר תשמרו ביני וביניכם ובין זרעך אחריך המול לכם כלזכר,Such shall be the covenant between Me and you and your offspring to follow that you shall keep: every male among you shall be circumcised.,Separación (Beyn)
Genesis,17,11,ונמלתם את בשר ערלתכם והיה לאות ברית ביני וביניכם,"You shall circumcise the flesh of your foreskin, and that shall be the sign of the covenant between Me and you. ",Ninguno
Genesis,17,12,ובןשמנת ימים ימול לכם כלזכר לדרתיכם יליד בית ומקנתכסף מכל בןנכר אשר לא מזרעך הוא,"And throughout the generations, every male among you shall be circumcised at the age of eight days. As for the homeborn slave and the one bought from an outsider who is not of your offspring, ",Ninguno
Genesis,17,13,המול&thinsp;<small></small>&thinsp;ימול יליד ביתך ומקנת כספך והיתה בריתי בבשרכם לברית עולם,"they must be circumcised, homeborn and purchased alike. Thus shall My covenant be marked in your flesh as an everlasting pact. ",Ninguno
Genesis,17,14,"וערל&thinsp;<b></b> זכר אשר לאימול אתבשר ערלתו ונכרתה הנפש ההוא מעמיה אתבריתי הפר&nbsp;<span class=""mam-spi-samekh"">{ס}</span>&nbsp;&nbsp;&nbsp;&nbsp;&nbsp;&nbsp;&nbsp;&nbsp;","And if any male who is uncircumcised fails to circumcise the flesh of his foreskin, that person shall be cut off from kin; he has broken My covenant.”",Ninguno
Genesis,17,15,ויאמר אלהים אלאברהם שרי אשתך לאתקרא אתשמה שרי כי שרה שמה,"And God said to Abraham, “As for your wife Sarai, you shall not call her Sarai, but her name shall be Sarah.dSarah I.e., “princess.” ",Ninguno
Genesis,17,16,וברכתי אתה וגם נתתי ממנה לך בן וברכתיה והיתה לגוים מלכי עמים ממנה יהיו,"I will bless her; indeed, I will give you a son by her. I will bless her so that she shall give rise to nations; rulers of peoples shall issue from her.” ",Ninguno
Genesis,17,17,ויפל אברהם עלפניו ויצחק ויאמר בלבו הלבן מאהשנה יולד ואםשרה הבתתשעים שנה תלד,"Abraham threw himself on his face and laughed, as he said to himself, “Can a child be born to a man a hundred years old, or can Sarah bear a child at ninety?” ",Ninguno
Genesis,17,18,ויאמר אברהם אלהאלהים לו ישמעאל יחיה לפניך,"And Abraham said to God, “O that Ishmael might live by Your favor!” ",Ninguno
Genesis,17,19,ויאמר אלהים אבל שרה אשתך ילדת לך בן וקראת אתשמו יצחק והקמתי אתבריתי אתו לברית עולם לזרעו אחריו,"God said, “Nevertheless, Sarah your wife shall bear you a son, and you shall name him Isaac;eIsaac Heb. Yiṣḥaq, from ṣaḥaq, “laugh.” and I will maintain My covenant with him as an everlasting covenant for his offspring to come. ",Ninguno
Genesis,17,20,ולישמעאל שמעתיך הנה&thinsp;<b></b> ברכתי אתו והפריתי אתו והרביתי אתו במאד מאד שניםעשר נשיאם יוליד ונתתיו לגוי גדול,"As for Ishmael, I have heeded you.fI have heeded you Heb. shemaʻtikha, play on “Ishmael.” I hereby bless him. I will make him fertile and exceedingly numerous. He shall be the father of twelve chieftains, and I will make of him a great nation. ",Ninguno
Genesis,17,21,ואתבריתי אקים אתיצחק אשר תלד לך שרה למועד הזה בשנה האחרת,"But My covenant I will maintain with Isaac, whom Sarah shall bear to you at this season next year.” ",Ninguno
Genesis,17,22,ויכל לדבר אתו ויעל אלהים מעל אברהם,"Done speaking with him, GodgGod This label may refer to an agent, as having spoken on God’s behalf (cf. first note at v. 1); so Ibn Ezra. was gone from Abraham.",Ninguno
Genesis,17,23,ויקח אברהם אתישמעאל בנו ואת כלילידי ביתו ואת כלמקנת כספו כלזכר באנשי בית אברהם וימל אתבשר ערלתם בעצם היום הזה כאשר דבר אתו אלהים,"Then Abraham took his son Ishmael, and all his homeborn slaves and all those he had bought, every male in Abraham’s household, and he circumcised the flesh of their foreskins on that very day, as God had spoken to him. ",Ninguno
Genesis,17,24,ואברהם בןתשעים ותשע שנה בהמלו בשר ערלתו,"Abraham was ninety-nine years old when he circumcised the flesh of his foreskin, ",Ninguno
Genesis,17,25,וישמעאל בנו בןשלש עשרה שנה בהמלו את בשר ערלתו,and his son Ishmael was thirteen years old when he was circumcised in the flesh of his foreskin.,Ninguno
Genesis,17,26,בעצם היום הזה נמול אברהם וישמעאל בנו,Thus Abraham and his son Ishmael were circumcised on that very day;,Ninguno
Genesis,17,27,"וכלאנשי ביתו יליד בית ומקנתכסף מאת בןנכר נמלו אתו&nbsp;<span class=""mam-spi-pe"">{פ}</span><br>","and all his household,hall his household I.e., its males, being the applicable members. his homeborn slaves and those that had been bought from outsiders, were circumcised with him.",Ninguno
Genesis,18,1,וירא אליו יהוה באלני ממרא והוא ישב פתחהאהל כחם היום,"GOD
 appeared toaappeared to Or “made contact with”; see notes at 12.7; 17.1. him by the terebinths of Mamre; he was sitting at the entrance of the tent as the day grew hot. ",Ninguno
Genesis,18,2,וישא עיניו וירא והנה שלשה אנשים נצבים עליו וירא וירץ לקראתם מפתח האהל וישתחו ארצה,"Looking up, he saw three figuresbfigures Or “agents”; in contrast to others “men.” Cf. Rashbam, Ramban. standing near him. As soon as he saw them,cAs soon as he saw them Or “Perceiving the situation.” he ran from the entrance of the tent to greet them and, bowing to the ground, ",Ninguno
Genesis,18,3,ויאמר אדני אםנא מצאתי חן בעיניך אלנא תעבר מעל עבדך,"he said, “My lords!dMy lords Or “My lord,” referring to the delegation’s apparent leader, or “My Sovereign,” referring to God. If it please you, do not go on past your servant. ",Ninguno
Genesis,18,4,יקחנא מעטמים ורחצו רגליכם והשענו תחת העץ,Let a little water be brought; bathe your feet and recline under the tree.,Ninguno
Genesis,18,5,ואקחה פתלחם וסעדו לבכם אחר תעברו כיעלכן עברתם עלעבדכם ויאמרו כן תעשה כאשר דברת,"And let me fetch a morsel of bread that you may refresh yourselves; then go on—seeing that you have come your servant’s way.” They replied, “Do as you have said.”",Ninguno
Genesis,18,6,וימהר אברהם האהלה אלשרה ויאמר מהרי שלש סאים קמח סלת לושי ועשי עגות,"Abraham hastened into the tent to Sarah, and said, “Quick, three seahs of choice flour! Knead and make cakes!” ",Ninguno
Genesis,18,7,ואלהבקר רץ אברהם ויקח בןבקר רך וטוב ויתן אלהנער וימהר לעשות אתו,"Then Abraham ran to the herd, took a calf, tender and choice, and gave it to a servant-boy, who hastened to prepare it. ",Ninguno
Genesis,18,8,ויקח חמאה וחלב ובןהבקר אשר עשה ויתן לפניהם והואעמד עליהם תחת העץ ויאכלו,He took curds and milk and the calf that had been prepared and set these before them; and he waited on them under the tree as they ate.,Ninguno
Genesis,18,9,ויאמרו אליו איה שרה אשתך ויאמר הנה באהל,"They said to him, “Where is your wife Sarah?” And he replied, “There, in the tent.” ",Ninguno
Genesis,18,10,ויאמר שוב אשוב אליך כעת חיה והנהבן לשרה אשתך ושרה שמעת פתח האהל והוא אחריו,"Then one said, “I will return to you next year,enext year Heb. ka-ʻet ḥayyah; cf. 17.21; 2 Kings 4.16–17. and your wife Sarah shall have a son!” Sarah was listening at the entrance of the tent, which was behind him. ",Ninguno
Genesis,18,11,ואברהם ושרה זקנים באים בימים חדל להיות לשרה ארח כנשים,"Now Abraham and Sarah were old, advanced in years; Sarah had stopped having her periods. ",Ninguno
Genesis,18,12,ותצחק שרה בקרבה לאמר אחרי בלתי היתהלי עדנה ואדני זקן,"And Sarah laughed to herself, saying, “Now that I’ve lost the ability,fI’ve lost the ability Precise force of Heb. beloti uncertain. am I to have enjoyment—with my husband so old?” ",Ninguno
Genesis,18,13,ויאמר יהוה אלאברהם למה זה צחקה שרה לאמר האף אמנם אלד ואני זקנתי,"Then GODgGOD This label may refer to one of the visitors, as speaking on GOD’s behalf. said to Abraham, “Why did Sarah laugh, saying, ‘Shall I in truth bear a child, old as I am?’ ",Ninguno
Genesis,18,14,היפלא מיהוה דבר למועד אשוב אליך כעת חיה ולשרה בן,"Is anything too wondrous for GOD? I will return to you at the same season next year, and Sarah shall have a son.” ",Ninguno
Genesis,18,15,ותכחש שרה&thinsp;<small></small>&thinsp;לאמר לא צחקתי כי&thinsp;<small></small>&thinsp;יראה ויאמר&thinsp;<small></small>&thinsp;לא כי צחקת,"Sarah lied, saying, “I did not laugh,” for she was frightened. Came the reply, “You did laugh.”",Ninguno
Genesis,18,16,ויקמו משם האנשים וישקפו עלפני סדם ואברהם הלך עמם לשלחם,"The agents set out from there and looked down toward Sodom, Abraham walking with them to see them off. ",Ninguno
Genesis,18,17,ויהוה אמר המכסה אני מאברהם אשר אני עשה,"Now GOD had said, “Shall I hide from Abraham what I am about to do, ",Ninguno
Genesis,18,18,ואברהם היו יהיה לגוי גדול ועצום ונברכובו כל גויי הארץ,since Abraham is to become a great and populous nation and all the nations of the earth are to bless themselves by him?,Ninguno
Genesis,18,19,כי ידעתיו למען אשר יצוה אתבניו ואתביתו אחריו ושמרו דרך יהוה לעשות צדקה ומשפט למען הביא יהוה עלאברהם את אשרדבר עליו,"For I have singled him out, that he may instruct his children and his posterity to keep the way of GOD by doing what is just and right, in order that GOD may bring about for Abraham what has been promised him.” ",Percepción (Yada)
Genesis,18,20,ויאמר יהוה זעקת סדם ועמרה כירבה וחטאתם כי כבדה מאד,"Then GOD said, “The outrage of Sodom and Gomorrah is so great, and their sin so grave! ",Ninguno
Genesis,18,21,ארדהנא ואראה הכצעקתה הבאה אלי עשו&thinsp;<small></small>&thinsp;כלה ואםלא אדעה,"I will go down to see whether they have acted altogether according to the outcry that has reached Me; if not, I will take note.”",Ninguno
Genesis,18,22,ויפנו משם האנשים וילכו סדמה ואברהם עודנו עמד לפני יהוה,"The agents went on from there to Sodom, while Abraham remained standing before GOD.hGOD This label may refer to the remaining visitor, to indicate that this agent will be speaking in God’s name; cf. Rashbam, Luzzatto, and note at v. 13. ",Ninguno
Genesis,18,23,ויגש אברהם ויאמר האף תספה צדיק עםרשע,"Abraham came forward and said, “Will You sweep away the innocent along with the guilty? ",Ninguno
Genesis,18,24,אולי יש חמשים צדיקם בתוך העיר האף תספה ולאתשא למקום למען חמשים הצדיקם אשר בקרבה,What if there should be fifty innocent within the city; will You then wipe out the place and not forgive it for the sake of the innocent fifty who are in it?,Ninguno
Genesis,18,25,חללה לך מעשת&thinsp;<b></b> כדבר הזה להמית צדיק עםרשע והיה כצדיק כרשע חללה לך השפט כלהארץ לא יעשה משפט,"Far be it from You to do such a thing, to bring death upon the innocent as well as the guilty, so that innocent and guilty fare alike. Far be it from You! Shall not the Judge of all the earth deal justly?” ",Ninguno
Genesis,18,26,ויאמר יהוה אםאמצא בסדם חמשים צדיקם בתוך העיר ונשאתי לכלהמקום בעבורם,"And GOD answered, “If I find within the city of Sodom fifty innocent ones, I will forgive the whole place for their sake.” ",Ninguno
Genesis,18,27,ויען אברהם ויאמר הנהנא הואלתי לדבר אלאדני ואנכי עפר ואפר,"Abraham spoke up, saying, “Here I venture to speak to my Sovereign, I who am but dust and ashes: ",Ninguno
Genesis,18,28,אולי יחסרון חמשים הצדיקם חמשה התשחית בחמשה אתכלהעיר ויאמר לא אשחית אםאמצא שם ארבעים וחמשה,"What if the fifty innocent should lack five? Will You destroy the whole city for want of the five?” “I will not destroy if I find forty-five there,” came the reply. ",Ninguno
Genesis,18,29,ויסף עוד לדבר אליו ויאמר אולי ימצאון שם ארבעים ויאמר לא אעשה בעבור הארבעים,"But he spoke up again, and said, “What if forty should be found there?” “I will not do it, for the sake of the forty,” came the reply. ",Ninguno
Genesis,18,30,ויאמר אלנא יחר לאדני ואדברה אולי ימצאון שם שלשים ויאמר לא אעשה אםאמצא שם שלשים,"And he said, “Let not my Sovereign be angry if I go on: What if thirty should be found there?” “I will not do it if I find thirty there,” came the reply. ",Ninguno
Genesis,18,31,ויאמר הנהנא הואלתי לדבר אלאדני אולי ימצאון שם עשרים ויאמר לא אשחית בעבור העשרים,"And he said, “I venture again to speak to my Sovereign: What if twenty should be found there?” “I will not destroy, for the sake of the twenty,” came the reply. ",Ninguno
Genesis,18,32,ויאמר אלנא יחר לאדני ואדברה אךהפעם אולי ימצאון שם עשרה ויאמר לא אשחית בעבור העשרה,"And he said, “Let not my Sovereign be angry if I speak but this last time: What if ten should be found there?” “I will not destroy, for the sake of the ten,” came the reply.",Ninguno
Genesis,18,33,וילך יהוה כאשר כלה לדבר אלאברהם ואברהם שב למקמו,"Having finished speaking to Abraham, GODiGOD I.e., the agent who had been speaking in GOD’s name. departed; and Abraham returned to his place.",Ninguno
Genesis,19,1,ויבאו שני המלאכים סדמה בערב ולוט ישב בשערסדם ויראלוט ויקם לקראתם וישתחו אפים ארצה,"The two angelsaangels Heb. “messengers”; so also in v. 15. arrived in Sodom in the evening, as Lot was sitting in the gate of Sodom. When Lot saw them, he rose to greet them and, bowing low with his face to the ground, ",Ninguno
Genesis,19,2,ויאמר הנה נאאדני סורו נא אלבית עבדכם ולינו ורחצו רגליכם והשכמתם והלכתם לדרככם ויאמרו לא כי ברחוב נלין,"he said, “Please, my lords, turn aside to your servant’s house to spend the night, and bathe your feet; then you may be on your way early.” But they said, “No, we will spend the night in the square.” ",Ninguno
Genesis,19,3,ויפצרבם מאד ויסרו אליו ויבאו אלביתו ויעש להם משתה ומצות אפה ויאכלו,"But he urged them strongly, so they turned his way and entered his house. He prepared a feast for them and baked unleavened bread, and they ate.",Ninguno
Genesis,19,4,טרם ישכבו ואנשי העיר אנשי סדם נסבו עלהבית מנער ועדזקן כלהעם מקצה,"They had not yet lain down, when the townsmen, the men of Sodom—young and old,byoung and old Or “novice and elder alike.” the whole entire body—gathered about the house. ",Ninguno
Genesis,19,5,ויקראו אללוט ויאמרו לו איה האנשים אשרבאו אליך הלילה הוציאם אלינו ונדעה אתם,"And they shouted to Lot and said to him, “Where are the ones who came to you tonight? Bring them out to us, that we may be intimate with them.”cbe intimate with them In order to humiliate them; lit. “know them.” ",Ninguno
Genesis,19,6,ויצא אלהם לוט הפתחה והדלת סגר אחריו,"So Lot went out to them to the entrance, shut the door behind him, ",Ninguno
Genesis,19,7,ויאמר אלנא אחי תרעו,"and said, “I beg you, my friends, do not commit such a wrong. ",Ninguno
Genesis,19,8,הנהנא לי שתי בנות אשר לאידעו איש אוציאהנא אתהן אליכם ועשו להן כטוב בעיניכם רק לאנשים האל אלתעשו דבר כיעלכן באו בצל קרתי,"Look, I have two daughtersddaughters Presumed to be of great value to their father; cf. v. 12; 31.50; 34.7; Judg. 15.16; 1 Sam. 8.13; 2 Sam. 12.3. who have not known a man. Let me bring them out to you, and you may do to them as you please; but do not do anything to the others, since they have come under the shelter of my roof.” ",Percepción (Yada)
Genesis,19,9,ויאמרו&thinsp;<b></b> גשהלאה ויאמרו האחד באלגור וישפט שפוט עתה נרע לך מהם ויפצרו באיש בלוט מאד ויגשו לשבר הדלת,"But they said, “Stand back! The fellow,” they said, “came here as an alien, and already he acts the ruler! Now we will deal worse with you than with them.” And they pressed hard against the man—against Lot—and moved forward to break the door. ",Ninguno
Genesis,19,10,וישלחו האנשים אתידם ויביאו אתלוט אליהם הביתה ואתהדלת סגרו,"But the others reached out and pulled Lot into the house with them, and shut the door. ",Ninguno
Genesis,19,11,ואתהאנשים אשרפתח הבית הכו בסנורים מקטן ועדגדול וילאו למצא הפתח,"And those who were at the entrance of the house, low and high alike,elow and high alike Or “young and old.” they struck with blinding light, so that they were helpless to find the entrance.",Ninguno
Genesis,19,12,ויאמרו האנשים אללוט עד מילך פה חתן ובניך ובנתיך וכל אשרלך בעיר הוצא מןהמקום,"Then the agents said to Lot, “Whom else have you here? In-laws, your sons and daughters [themselves]—anyone else that you have in the city—bring them out of the place. ",Ninguno
Genesis,19,13,כימשחתים אנחנו אתהמקום הזה כיגדלה צעקתם אתפני יהוה וישלחנו יהוה לשחתה,For we are about to destroy this place; because the outcry against them before GOD has become so great that GOD has sent us to destroy it.”,Ninguno
Genesis,19,14,ויצא לוט וידבר&thinsp;<b></b> אלחתניו&thinsp;<b></b> לקחי בנתיו ויאמר קומו צאו מןהמקום הזה כימשחית יהוה אתהעיר ויהי כמצחק בעיני חתניו,"So Lot went out and spoke to his in-laws who had married his daughters, and said, “Up, get out of this place, for GOD is about to destroy the city.” But he seemed to his sons-in-law as one who jests.",Ninguno
Genesis,19,15,וכמו השחר עלה ויאיצו המלאכים בלוט לאמר קום קח אתאשתך ואתשתי בנתיך הנמצאת פןתספה בעון העיר,"As dawn broke, the angels urged Lot on, saying, “Up, take your wife and your two remaining daughters, lest you be swept away because of the iniquity of the city.” ",Ninguno
Genesis,19,16,ויתמהמה&thinsp;<b></b> ויחזיקו האנשים בידו ובידאשתו וביד שתי בנתיו בחמלת יהוה עליו ויצאהו וינחהו מחוץ לעיר,"Still he delayed. So the agents seized his hand, and the hands of his wife and his two daughters—in GOD’s mercy on him—and brought him out and left him outside the city. ",Ninguno
Genesis,19,17,ויהי כהוציאם אתם החוצה ויאמר המלט עלנפשך אלתביט אחריך ואלתעמד בכלהככר ההרה המלט פןתספה,"When they had brought them outside, one said, “Flee for your life! Do not look behind you, nor stop anywhere in the Plain; flee to the hills, lest you be swept away.” ",Ninguno
Genesis,19,18,ויאמר לוט אלהם אלנא אדני,"But Lot said to them, “Oh no, my lord! ",Ninguno
Genesis,19,19,הנהנא מצא עבדך חן בעיניך ותגדל חסדך אשר עשית עמדי להחיות אתנפשי ואנכי לא אוכל להמלט ההרה פןתדבקני הרעה ומתי,"You have been so gracious to your servant, and have already shown me so much kindness in order to save my life; but I cannot flee to the hills, lest the disaster overtake me and I die. ",Ninguno
Genesis,19,20,הנהנא העיר הזאת קרבה לנוס שמה והוא מצער אמלטה נא שמה הלא מצער הוא ותחי נפשי,"Look, that town there is near enough to flee to; it is such a little place! Let me flee there—it is such a little place—and let my life be saved.” ",Ninguno
Genesis,19,21,ויאמר אליו הנה נשאתי פניך גם לדבר הזה לבלתי הפכי אתהעיר אשר דברת,"He replied, “Very well, I will grant you this favor too, and I will not annihilate the town of which you have spoken. ",Ninguno
Genesis,19,22,מהר המלט שמה כי לא אוכל לעשות דבר עדבאך שמה עלכן קרא שםהעיר צוער,"Hurry, flee there, for I cannot do anything until you arrive there.” Hence the town came to be called Zoar.fZoar Heb. ṣoʻar, connected with miṣʻar “a little place,” v. 20. ",Ninguno
Genesis,19,23,השמש יצא עלהארץ ולוט בא צערה,"As the sun rose upon the earth and Lot entered Zoar, ",Ninguno
Genesis,19,24,ויהוה המטיר עלסדם ועלעמרה גפרית ואש מאת יהוה מןהשמים,GOD rained upon Sodom and Gomorrah sulfurous fire from GOD out of heaven—,Ninguno
Genesis,19,25,ויהפך אתהערים האל ואת כלהככר ואת כלישבי הערים וצמח האדמה,"annihilating those cities and the entire Plain, and all the inhabitants of the cities and the vegetation of the ground. ",Ninguno
Genesis,19,26,ותבט אשתו מאחריו ותהי נציב מלח,"Lot’sgLot’s Lit. “His.” wife looked back,hback Lit. “behind him.” and she thereupon turned into a pillar of salt.",Ninguno
Genesis,19,27,וישכם אברהם בבקר אלהמקום אשרעמד שם אתפני יהוה,"Next morning, Abraham hurried to the place where he had stood before GOD,istood before GOD See note at 18.22. ",Ninguno
Genesis,19,28,וישקף עלפני סדם ועמרה ועלכלפני ארץ הככר וירא והנה עלה קיטר הארץ כקיטר הכבשן,"and, looking down toward Sodom and Gomorrah and all the land of the Plain, he saw the smoke of the land rising like the smoke of a kiln.",Ninguno
Genesis,19,29,ויהי בשחת אלהים אתערי הככר ויזכר אלהים אתאברהם וישלח אתלוט מתוך ההפכה בהפך אתהערים אשרישב בהן לוט,"Thus it was that, when God destroyed the cities of the Plain and annihilated the cities where Lot dwelt, God was mindful of Abraham and removed Lot from the midst of the upheaval.",Ninguno
Genesis,19,30,ויעל לוט מצוער וישב בהר ושתי בנתיו עמו כי ירא לשבת בצוער וישב במערה הוא ושתי בנתיו,"Lot went up from Zoar and settled in the hill country with his two daughters, for he was afraid to dwell in Zoar; and he and his two daughters lived in a cave. ",Ninguno
Genesis,19,31,ותאמר הבכירה אלהצעירה אבינו זקן ואיש אין בארץ לבוא עלינו כדרך כלהארץ,"And the older one said to the younger, “Our father is old, and there is nobody else on earth to consort with us in the way of all the world. ",Ninguno
Genesis,19,32,לכה נשקה אתאבינו יין ונשכבה עמו ונחיה מאבינו זרע,"Come, let us make our father drink wine, and let us lie with him, that we may maintain life through our father.” ",Ninguno
Genesis,19,33,ותשקין אתאביהן יין בלילה הוא ותבא הבכירה ותשכב אתאביה ולאידע בשכבה ובקומה,"That night they made their father drink wine, and the older one went in and lay with her father; he did not know when she lay down or when she rose. ",Percepción (Yada)
Genesis,19,34,ויהי ממחרת ותאמר הבכירה אלהצעירה הןשכבתי אמש אתאבי נשקנו יין גםהלילה ובאי שכבי עמו ונחיה מאבינו זרע,"The next day the older one said to the younger, “See, I lay with Father last night; let us make him drink wine tonight also, and you go and lie with him, that we may maintain life through our father.” ",Ninguno
Genesis,19,35,ותשקין גם בלילה ההוא אתאביהן יין ותקם הצעירה ותשכב עמו ולאידע בשכבה ובקמה,"That night also they made their father drink wine, and the younger one went and lay with him; he did not know when she lay down or when she rose.",Percepción (Yada)
Genesis,19,36,ותהרין שתי בנותלוט מאביהן,Thus the two daughters of Lot became pregnant by their father.,Ninguno
Genesis,19,37,ותלד הבכירה בן ותקרא שמו מואב הוא אבימואב עדהיום,The older one bore a son and named him Moab;jMoab As though me-ʼab “from (my) father.” he is the father of the Moabites of today. ,Ninguno
Genesis,19,38,"והצעירה גםהוא ילדה בן ותקרא שמו בןעמי הוא אבי בניעמון עדהיום&nbsp;<span class=""mam-spi-samekh"">{ס}</span>&nbsp;&nbsp;&nbsp;&nbsp;&nbsp;&nbsp;&nbsp;&nbsp;","And the younger also bore a son, and she called him Ben-ammi;kBen-ammi As though “son of my (paternal) kindred.” he is the father of the Ammonites of today.",Ninguno
Genesis,20,1,ויסע משם אברהם ארצה הנגב וישב ביןקדש ובין שור ויגר בגרר,"Abraham journeyed from there to the region of the Negeb and settled between Kadesh and Shur. While he was sojourning in Gerar, ",Separación (Beyn)
Genesis,20,2,ויאמר אברהם אלשרה אשתו אחתי הוא וישלח אבימלך מלך גרר ויקח אתשרה,"Abraham said of Sarah his wife, “She is my sister.” So King Abimelech of Gerar had Sarah brought to him. ",Ninguno
Genesis,20,3,ויבא אלהים אלאבימלך בחלום הלילה ויאמר לו הנך מת עלהאשה אשרלקחת והוא בעלת בעל,"But God came to Abimelech in a dream by night and said to him, “You are to die because of the woman that you have taken, for she is a married woman.” ",Ninguno
Genesis,20,4,ואבימלך לא קרב אליה ויאמר אדני הגוי גםצדיק תהרג,"Now Abimelech had not approached her. He said, “O my Sovereign, will You slay people even though innocent? ",Ninguno
Genesis,20,5,הלא הוא אמרלי אחתי הוא והיאגםהוא אמרה אחי הוא בתםלבבי ובנקין כפי עשיתי זאת,"He himself said to me, ‘She is my sister’! And she also said, ‘He is my brother.’ When I did this, my heart was blameless and my hands were clean.” ",Ninguno
Genesis,20,6,ויאמר אליו האלהים בחלם גם אנכי ידעתי כי בתםלבבך עשית זאת ואחשך גםאנכי אותך מחטולי עלכן לאנתתיך לנגע אליה,"And God said to him in the dream, “I knew that you did this with a blameless heart, and so I kept you from sinning against Me. That was why I did not let you touch her. ",Percepción (Yada)
Genesis,20,7,ועתה השב אשתהאיש כינביא הוא ויתפלל בעדך וחיה ואםאינך משיב דע כימות תמות אתה וכלאשרלך,"Therefore, restore the man’s wife—since he is a prophet, he will intercede for you—to save your life. If you fail to restore her, know that you shall die, you and all that are yours.”",Ninguno
Genesis,20,8,וישכם אבימלך בבקר ויקרא לכלעבדיו וידבר אתכלהדברים האלה באזניהם וייראו האנשים מאד,"Early next morning, Abimelech called his servants and told them all that had happened; and they were greatly frightened. ",Ninguno
Genesis,20,9,ויקרא אבימלך לאברהם ויאמר לו מהעשית לנו ומהחטאתי לך כיהבאת עלי ועלממלכתי חטאה גדלה מעשים אשר לאיעשו עשית עמדי,"Then Abimelech summoned Abraham and said to him, “What have you done to us? What wrong have I done that you should bring so great a guilt upon me and my kingdom? You have done to me things that ought not to be done. ",Ninguno
Genesis,20,10,ויאמר אבימלך אלאברהם מה ראית כי עשית אתהדבר הזה,"What, then,” Abimelech demanded of Abraham, “was your purpose in doing this thing?” ",Ninguno
Genesis,20,11,ויאמר אברהם כי אמרתי רק איןיראת אלהים במקום הזה והרגוני עלדבר אשתי,"“I thought,” said Abraham, “surely there is no fear of God in this place, and they will kill me because of my wife. ",Ninguno
Genesis,20,12,וגםאמנה אחתי בתאבי הוא אך לא בתאמי ותהילי לאשה,"And besides, she is in truth my sister, my father’s daughter though not my mother’s; and she became my wife. ",Ninguno
Genesis,20,13,ויהי כאשר התעו אתי אלהים מבית אבי ואמר לה זה חסדך אשר תעשי עמדי אל כלהמקום אשר נבוא שמה אמרילי אחי הוא,"So when God made me wander from my father’s house, I said to her, ‘Let this be the kindness that you shall do me: whatever place we come to, say there of me: He is my brother.’”",Ninguno
Genesis,20,14,ויקח אבימלך צאן ובקר ועבדים ושפחת ויתן לאברהם וישב לו את שרה אשתו,"Abimelech took sheep and oxen, and male and female slaves, and gave them to Abraham; and he restored his wife Sarah to him. ",Ninguno
Genesis,20,15,ויאמר אבימלך הנה ארצי לפניך בטוב בעיניך שב,"And Abimelech said, “Here, my land is before you; settle wherever you please.” ",Ninguno
Genesis,20,16,ולשרה אמר הנה נתתי אלף כסף לאחיך הנה הואלך כסות עינים לכל אשר אתך ואת כל ונכחת,"And to Sarah he said, “I herewith give your brother a thousand pieces of silver; this will serve you as vindicationavindication Lit. “a covering of the eyes”; meaning of latter half of verse uncertain. before all who are with you, and you are cleared before everyone.” ",Ninguno
Genesis,20,17,ויתפלל אברהם אלהאלהים וירפא אלהים אתאבימלך ואתאשתו ואמהתיו וילדו,"Abraham then prayed to God, and God healed Abimelech and his wife and his handmaids, so that they bore children; ",Ninguno
Genesis,20,18,"כיעצר עצר יהוה בעד כלרחם לבית אבימלך עלדבר שרה אשת אברהם&nbsp;<span class=""mam-spi-samekh"">{ס}</span>&nbsp;&nbsp;&nbsp;&nbsp;&nbsp;&nbsp;&nbsp;&nbsp;","for GOD had closed fast every womb of the household of Abimelech because of Sarah, the wife of Abraham.",Ninguno
Genesis,21,1,ויהוה פקד אתשרה כאשר אמר ויעש יהוה לשרה כאשר דבר,"
GOD
 took note of Sarah just as promised, and GOD did for Sarah what had been announced. ",Ninguno
Genesis,21,2,ותהר ותלד שרה לאברהם בן לזקניו למועד אשרדבר אתו אלהים,"Sarah conceived and bore a son to Abraham in his old age, at the set time of which God had spoken. ",Ninguno
Genesis,21,3,ויקרא אברהם אתשםבנו הנולדלו אשרילדהלו שרה יצחק,"Abraham gave his newborn son, whom Sarah had borne him, the name of Isaac. ",Ninguno
Genesis,21,4,וימל אברהם אתיצחק בנו בןשמנת ימים כאשר צוה אתו אלהים,"And when his son Isaac was eight days old, Abraham circumcised him, as God had commanded him. ",Ninguno
Genesis,21,5,ואברהם בןמאת שנה בהולד לו את יצחק בנו,Now Abraham was a hundred years old when his son Isaac was born to him.,Ninguno
Genesis,21,6,ותאמר שרה צחק עשה לי אלהים כלהשמע יצחקלי,"Sarah said, “God has brought me laughter; everyone who hears will laugh withawith Lit. “for.” me.” ",Ninguno
Genesis,21,7,ותאמר מי מלל לאברהם היניקה בנים שרה כיילדתי בן לזקניו,"And she added,“Who would have said to AbrahamThat Sarah would suckle children!Yet I have borne a son in his old age.”",Ninguno
Genesis,21,8,ויגדל הילד ויגמל ויעש אברהם משתה גדול ביום הגמל אתיצחק,"The child grew up and was weaned, and Abraham held a great feast on the day that Isaac was weaned.",Ninguno
Genesis,21,9,ותרא שרה אתבןהגר המצרית אשרילדה לאברהם מצחק,Sarah saw the son whom Hagar the Egyptian had borne to Abraham playing.,Ninguno
Genesis,21,10,ותאמר לאברהם גרש האמה הזאת ואתבנה כי לא יירש בןהאמה הזאת עםבני עםיצחק,"She said to Abraham, “Cast out that slave-woman and her son, for the son of that slave shall not share in the inheritance with my son Isaac.” ",Ninguno
Genesis,21,11,וירע הדבר מאד בעיני אברהם על אודת בנו,"The matter distressed Abraham greatly, for it concerned a son of his. ",Ninguno
Genesis,21,12,ויאמר אלהים אלאברהם אלירע בעיניך עלהנער ועלאמתך כל אשר תאמר אליך שרה שמע בקלה כי ביצחק יקרא לך זרע,"But God said to Abraham, “Do not be distressed over the boy or your slave; whatever Sarah tells you, do as she says, for it is through Isaac that offspring shall be continuedbcontinued Lit. “called.” for you. ",Ninguno
Genesis,21,13,וגם אתבןהאמה לגוי אשימנו כי זרעך הוא,"As for the son of the slave-woman, I will make a nation of him, too, for he is your seed.”",Ninguno
Genesis,21,14,וישכם אברהם&thinsp;<small></small>&thinsp;בבקר ויקחלחם וחמת מים ויתן אלהגר שם עלשכמה ואתהילד וישלחה ותלך ותתע במדבר באר שבע,"Early next morning Abraham took some bread and a skin of water, and gave them to Hagar. He placed them over her shoulder, together with the child, and sent her away. And she wandered about in the wilderness of Beer-sheba. ",Ninguno
Genesis,21,15,ויכלו המים מןהחמת ותשלך אתהילד תחת אחד השיחם,"When the water was gone from the skin, she left the child under one of the bushes, ",Ninguno
Genesis,21,16,ותלך ותשב לה מנגד הרחק כמטחוי קשת כי אמרה אלאראה במות הילד ותשב מנגד ותשא אתקלה ותבך,"and went and sat down at a distance, a bowshot away; for she thought, “Let me not look on as the child dies.” And sitting thus afar, she burst into tears.",Ninguno
Genesis,21,17,וישמע אלהים אתקול הנער ויקרא מלאך אלהים&thinsp;<small></small>&thinsp;אלהגר מןהשמים ויאמר לה מהלך הגר אלתיראי כישמע אלהים אלקול הנער באשר הואשם,"God heard the cry of the boy, and an angelcan angel Heb. “a messenger.” of God called to Hagar from heaven and said to her, “What troubles you, Hagar? Fear not, for God has heeded the cry of the boy where he is. ",Ninguno
Genesis,21,18,קומי שאי אתהנער והחזיקי אתידך בו כילגוי גדול אשימנו,"Come, lift up the boy and hold him by the hand, for I will make a great nation of him.” ",Ninguno
Genesis,21,19,ויפקח אלהים אתעיניה ותרא באר מים ותלך ותמלא אתהחמת מים ותשק אתהנער,"Then God opened her eyes and she saw a well of water. She went and filled the skin with water, and let the boy drink. ",Ninguno
Genesis,21,20,ויהי אלהים אתהנער ויגדל וישב במדבר ויהי רבה קשת,God was with the boy and he grew up; he dwelt in the wilderness and became skilled with a bow.,Ninguno
Genesis,21,21,"וישב במדבר פארן ותקחלו אמו אשה מארץ מצרים&nbsp;<span class=""mam-spi-pe"">{פ}</span><br>",He lived in the wilderness of Paran; and his mother got a wife for him from the land of Egypt.,Ninguno
Genesis,21,22,ויהי בעת ההוא ויאמר אבימלך ופיכל שרצבאו אלאברהם לאמר אלהים עמך בכל אשראתה עשה,"At that time Abimelech and Phicol, chief of his troops, said to Abraham, “God is with you in everything that you do. ",Ninguno
Genesis,21,23,ועתה השבעה לי באלהים הנה אםתשקר לי ולניני ולנכדי כחסד אשרעשיתי עמך תעשה עמדי ועםהארץ אשרגרתה בה,"Therefore swear to me here by God that you will not deal falsely with me or with my kith and kin, but will deal with me and with the land in which you have sojourned as loyally as I have dealt with you.” ",Ninguno
Genesis,21,24,ויאמר אברהם אנכי אשבע,"And Abraham said, “I swear it.”",Ninguno
Genesis,21,25,והוכח אברהם אתאבימלך עלאדות באר המים אשר גזלו עבדי אבימלך,Then Abraham reproached Abimelech for the well of water that the servants of Abimelech had seized.,Ninguno
Genesis,21,26,ויאמר אבימלך לא ידעתי מי עשה אתהדבר הזה וגםאתה לאהגדת לי וגם אנכי לא שמעתי בלתי היום,"But Abimelech said, “I do not know who did this; you did not tell me, nor have I heard of it until today.” ",Percepción (Yada)
Genesis,21,27,ויקח אברהם צאן ובקר ויתן לאבימלך ויכרתו שניהם ברית,"Abraham took sheep and oxen and gave them to Abimelech, and the two of them made a pact. ",Ninguno
Genesis,21,28,ויצב אברהם אתשבע כבשת הצאן לבדהן,"Abraham then set seven ewes of the flock by themselves, ",Ninguno
Genesis,21,29,ויאמר אבימלך אלאברהם מה הנה שבע כבשת האלה אשר הצבת לבדנה,"and Abimelech said to Abraham, “What mean these seven ewes that you have set apart?” ",Ninguno
Genesis,21,30,ויאמר כי אתשבע כבשת תקח מידי בעבור תהיהלי לעדה כי חפרתי אתהבאר הזאת,"He replied, “You are to accept these seven ewes from me as proof that I dug this well.” ",Ninguno
Genesis,21,31,עלכן קרא למקום ההוא באר שבע כי שם נשבעו שניהם,"Hence that place was called Beer-sheba,dBeer-sheba I.e., “well of seven” or “well of oath.” for there the two of them swore an oath. ",Ninguno
Genesis,21,32,ויכרתו ברית בבאר שבע ויקם אבימלך ופיכל שרצבאו וישבו אלארץ פלשתים,"When they had concluded the pact at Beer-sheba, Abimelech and Phicol, chief of his troops, departed and returned to the land of the Philistines. ",Ninguno
Genesis,21,33,ויטע אשל בבאר שבע ויקראשם בשם יהוה אל עולם,"[Abraham] planted a tamarisk at Beer-sheba, and invoked there the name of the ETERNAL, the Everlasting God. ",Ninguno
Genesis,21,34,"ויגר אברהם בארץ פלשתים ימים רבים&nbsp;<span class=""mam-spi-pe"">{פ}</span><br>",And Abraham resided in the land of the Philistines a long time.,Ninguno
Genesis,22,1,ויהי אחר הדברים האלה והאלהים נסה אתאברהם ויאמר אליו אברהם ויאמר הנני,"Some time afterward, God put Abraham to the test—saying to him, “Abraham.” He answered, “Here I am.”",Ninguno
Genesis,22,2,ויאמר קחנא אתבנך אתיחידך אשראהבת אתיצחק ולךלך אלארץ המריה והעלהו שם לעלה על אחד ההרים אשר אמר אליך,"“Take your son, your favored one, Isaac, whom you love, and go to the land of Moriah, and offer him there as a burnt offering on one of the heights that I will point out to you.”",Ninguno
Genesis,22,3,וישכם אברהם בבקר ויחבש אתחמרו ויקח אתשני נעריו אתו ואת יצחק בנו ויבקע עצי עלה ויקם וילך אלהמקום אשראמרלו האלהים,"So early next morning, Abraham saddled his donkey and took with him two of his servants and his son Isaac. He split the wood for the burnt offering, and he set out for the place of which God had told him. ",Ninguno
Genesis,22,4,ביום השלישי וישא אברהם אתעיניו וירא אתהמקום מרחק,On the third day Abraham looked up and saw the place from afar.,Ninguno
Genesis,22,5,ויאמר אברהם אלנעריו שבולכם פה עםהחמור ואני והנער נלכה עדכה ונשתחוה ונשובה אליכם,"Then Abraham said to his servants, “You stay here with the donkey. The boy and I will go up there; we will worship and we will return to you.”",Ninguno
Genesis,22,6,ויקח אברהם אתעצי העלה וישם עליצחק בנו ויקח בידו אתהאש ואתהמאכלת וילכו שניהם יחדו,Abraham took the wood for the burnt offering and put it on his son Isaac. He himself took the firestoneafirestone Lit. “fire.” and the knife; and the two walked off together. ,Ninguno
Genesis,22,7,ויאמר יצחק אלאברהם אביו ויאמר אבי ויאמר הנני בני ויאמר הנה האש והעצים ואיה השה לעלה,"Then Isaac said to his father Abraham, “Father!” And he answered, “Yes, my son.” And he said, “Here are the firestone and the wood; but where is the sheep for the burnt offering?” ",Ninguno
Genesis,22,8,ויאמר אברהם אלהים יראהלו השה לעלה בני וילכו שניהם יחדו,"And Abraham said, “It is God who will see to the sheep for this burnt offering, my son.” And the two of them walked on together.",Ninguno
Genesis,22,9,ויבאו אלהמקום אשר אמרלו האלהים ויבן שם אברהם אתהמזבח ויערך אתהעצים ויעקד אתיצחק בנו וישם אתו עלהמזבח ממעל לעצים,"They arrived at the place of which God had told him. Abraham built an altar there; he laid out the wood; he bound his son Isaac; he laid him on the altar, on top of the wood. ",Ninguno
Genesis,22,10,וישלח אברהם אתידו ויקח אתהמאכלת לשחט אתבנו,And Abraham picked up the knife to slay his son.,Ninguno
Genesis,22,11,ויקרא אליו מלאך יהוה מןהשמים ויאמר אברהם&thinsp;<small></small>&thinsp;אברהם ויאמר הנני,"Then an angelban angel Heb. “a messenger.” of GOD called to him from heaven: “Abraham! Abraham!” And he answered, “Here I am.”",Ninguno
Genesis,22,12,ויאמר אלתשלח ידך אלהנער ואלתעש לו מאומה כי&thinsp;<b></b> עתה ידעתי כיירא אלהים אתה ולא חשכת אתבנך אתיחידך ממני,"“Do not raise your hand against the boy, or do anything to him. For now I know that you fear God, since you have not withheld your son, your favored one, from Me.”",Percepción (Yada)
Genesis,22,13,וישא אברהם אתעיניו וירא והנהאיל אחר נאחז בסבך בקרניו וילך אברהם ויקח אתהאיל ויעלהו לעלה תחת בנו,"When Abraham looked up, his eye fell upon aca Reading ʼeḥad with many Heb. mss. and ancient versions; text ʼaḥar “after.” ram, caught in the thicket by its horns. So Abraham went and took the ram and offered it up as a burnt offering in place of his son. ",Ninguno
Genesis,22,14,ויקרא אברהם שםהמקום ההוא יהוה&thinsp;<small></small>&thinsp;יראה אשר יאמר היום בהר יהוה יראה,"And Abraham named that site Adonai-yireh,dAdonai-yireh I.e., “GOD will see” or “GOD takes care”; cf. v. 8. whence the present saying, “On GOD’s mount there is vision.”eOn GOD’s mount there is vision Heb. be-har y-h-w-h yeraʼeh. Or “…there is contact”; cf. note at 12.7. ",Ninguno
Genesis,22,15,ויקרא מלאך יהוה אלאברהם שנית מןהשמים,"The angelfangel See note at v. 11. of GOD called to Abraham a second time from heaven, ",Ninguno
Genesis,22,16,ויאמר בי נשבעתי נאםיהוה כי יען אשר עשית אתהדבר הזה ולא חשכת אתבנך אתיחידך,"and said, “By Myself I swear, GOD declares: Because you have done this and have not withheld your son, your favored one, ",Ninguno
Genesis,22,17,כיברך אברכך והרבה ארבה אתזרעך ככוכבי השמים וכחול אשר עלשפת הים וירש זרעך את שער איביו,I will bestow My blessing upon you and make your descendants as numerous as the stars of heaven and the sands on the seashore; and your descendants shall seize the gates of their foes.,Ninguno
Genesis,22,18,והתברכו בזרעך כל גויי הארץ עקב אשר שמעת בקלי,"All the nations of the earth shall bless themselves by your descendants, because you have obeyed My command.” ",Ninguno
Genesis,22,19,"וישב אברהם אלנעריו ויקמו וילכו יחדו אלבאר שבע וישב אברהם בבאר שבע&nbsp;<span class=""mam-spi-pe"">{פ}</span><br>","Abraham then returned to his servants, and they departed together for Beer-sheba; and Abraham stayed in Beer-sheba.",Ninguno
Genesis,22,20,ויהי אחרי הדברים האלה ויגד לאברהם לאמר הנה ילדה מלכה גםהוא בנים לנחור אחיך,"Some time later, Abraham was told, “Milcah too has borne sons to your brother Nahor: ",Ninguno
Genesis,22,21,אתעוץ בכרו ואתבוז אחיו ואתקמואל אבי ארם,"Uz the first-born, and Buz his brother, and Kemuel the father of Aram; ",Ninguno
Genesis,22,22,ואתכשד ואתחזו ואתפלדש ואתידלף ואת בתואל,"and Chesed, Hazo, Pildash, Jidlaph, and Bethuel”— ",Ninguno
Genesis,22,23,ובתואל ילד אתרבקה שמנה אלה ילדה מלכה לנחור אחי אברהם,"Bethuel being the father of Rebekah. These eight Milcah bore to Nahor, Abraham’s brother. ",Ninguno
Genesis,22,24,"ופילגשו ושמה ראומה ותלד גםהוא אתטבח ואתגחם ואתתחש ואתמעכה&nbsp;<span class=""mam-spi-pe"">{פ}</span><br>","And his concubine, whose name was Reumah, also bore [sons]—Tebah, Gaham, and Tahash—and [a daughter,] Maacah.",Ninguno
Genesis,23,1,ויהיו חיי שרה מאה שנה ועשרים שנה ושבע שנים שני חיי שרה,Sarah’s lifetime—the span of Sarah’s life—came to one hundred and twenty-seven years.,Ninguno
Genesis,23,2,ותמת שרה בקרית ארבע הוא חברון בארץ כנען ויבא אברהם לספד לשרה ולב<small>כ</small>תה,Sarah died in Kiriath-arba—now Hebron—in the land of Canaan; and Abraham proceeded to mourn for Sarah and to bewail her.,Ninguno
Genesis,23,3,ויקם אברהם מעל פני מתו וידבר אלבניחת לאמר,"Then Abraham rose from beside his dead, and spoke to the Hittites, saying, ",Ninguno
Genesis,23,4,גרותושב אנכי עמכם תנו לי אחזתקבר עמכם ואקברה מתי מלפני,"“I am a resident alien among you; sell me a burial site among you, that I may remove my dead for burial.” ",Ninguno
Genesis,23,5,ויענו בניחת אתאברהם לאמר לו,"And the Hittites replied to Abraham, saying to him, ",Ninguno
Genesis,23,6,שמענו&thinsp;<b></b> אדני נשיא אלהים אתה בתוכנו במבחר קברינו קבר אתמתך איש ממנו אתקברו לאיכלה ממך מקבר מתך,"“Hear us, my lord: you are the elect of God among us. Bury your dead in the choicest of our burial places; none of us will withhold his burial place from you for burying your dead.” ",Ninguno
Genesis,23,7,ויקם אברהם וישתחו לעםהארץ לבניחת,"Thereupon Abraham bowed low to the people of the land,athe people of the land I.e., a local assembly, meeting on the people’s behalf. the Hittites, ",Ninguno
Genesis,23,8,וידבר אתם לאמר אםיש אתנפשכם לקבר אתמתי מלפני שמעוני ופגעולי בעפרון בןצחר,"and he said to them, “If it is your wish that I remove my dead for burial, you must agree to intercede for me with Ephron son of Zohar. ",Ninguno
Genesis,23,9,ויתןלי אתמערת המכפלה אשרלו אשר בקצה שדהו בכסף מלא יתננה לי בתוככם לאחזתקבר,"Let him sell me the cave of Machpelah that he owns, which is at the edge of his land. Let him sell it to me, at the full price, for a burial site in your midst.”",Ninguno
Genesis,23,10,ועפרון ישב בתוך בניחת ויען עפרון החתי אתאברהם באזני בניחת לכל באי שערעירו לאמר,"Ephron was present among the Hittites; so Ephron the Hittite answered Abraham in the hearing of the Hittites, all who entered the gate of his town,ball who entered the gate of his town I.e., the assembly in his town’s gate. saying, ",Ninguno
Genesis,23,11,לאאדני שמעני השדה נתתי לך והמערה אשרבו לך נתתיה לעיני בניעמי נתתיה לך קבר מתך,"“No, my lord, hear me: I give you the field and I give you the cave that is in it; I give it to you in the presence of my people. Bury your dead.” ",Ninguno
Genesis,23,12,וישתחו אברהם לפני עם הארץ,"Then Abraham bowed low before the people of the land, ",Ninguno
Genesis,23,13,וידבר אלעפרון באזני עםהארץ לאמר אך אםאתה לו שמעני נתתי כסף השדה קח ממני ואקברה אתמתי שמה,"and spoke to Ephron in the hearing of the people of the land, saying, “If only you would hear me out! Let me pay the price of the land; accept it from me, that I may bury my dead there.” ",Ninguno
Genesis,23,14,ויען עפרון אתאברהם לאמר לו,"And Ephron replied to Abraham, saying to him, ",Ninguno
Genesis,23,15,אדני שמעני ארץ ארבע מאת שקלכסף ביני ובינך מההוא ואתמתך קבר,"“My lord, do hear me! A piece of land worth four hundred shekels of silver—what is that between you and me? Go and bury your dead.” ",Ninguno
Genesis,23,16,וישמע אברהם אלעפרון וישקל אברהם לעפרן אתהכסף אשר דבר באזני בניחת ארבע מאות שקל כסף עבר לסחר,Abraham accepted Ephron’s terms. Abraham paid out to Ephron the money that he had named in the hearing of the Hittites—four hundred shekels of silver at the going merchants’ rate.,Ninguno
Genesis,23,17,ויקם&thinsp;<b></b> שדה עפרון אשר במכפלה אשר לפני ממרא השדה והמערה אשרבו וכלהעץ אשר בשדה אשר בכלגבלו סביב,"So Ephron’s land in Machpelah, near Mamre—the field with its cave and all the trees anywhere within the confines of that field—passed ",Ninguno
Genesis,23,18,לאברהם למקנה לעיני בניחת בכל באי שערעירו,"to Abraham as his possession, in the presence of the Hittites, of the assembly in his town’s gate. ",Ninguno
Genesis,23,19,ואחריכן קבר אברהם אתשרה אשתו אלמערת שדה המכפלה עלפני ממרא הוא חברון בארץ כנען,"And then Abraham buried his wife Sarah in the cave of the field of Machpelah, facing Mamre—now Hebron—in the land of Canaan. ",Ninguno
Genesis,23,20,"ויקם השדה והמערה אשרבו לאברהם לאחזתקבר מאת בניחת&nbsp;<span class=""mam-spi-samekh"">{ס}</span>&nbsp;&nbsp;&nbsp;&nbsp;&nbsp;&nbsp;&nbsp;&nbsp;","Thus the field with its cave passed from the Hittites to Abraham, as a burial site.",Ninguno
Genesis,24,1,ואברהם זקן בא בימים ויהוה ברך אתאברהם בכל,"Abraham was now old, advanced in years, and GOD had blessed Abraham in all things. ",Ninguno
Genesis,24,2,ויאמר אברהם אלעבדו זקן ביתו המשל בכלאשרלו שיםנא ידך תחת ירכי,"And Abraham said to the senior servant of his household, who had charge of all that he owned, “Put your hand under my thigh ",Ninguno
Genesis,24,3,ואשביעך ביהוה אלהי השמים ואלהי הארץ אשר לאתקח אשה לבני מבנות הכנעני אשר אנכי יושב בקרבו,"and I will make you swear by the ETERNAL, the God of heaven and the God of the earth, that you will not take a wife for my son from the daughters of the Canaanites among whom I dwell, ",Ninguno
Genesis,24,4,כי אלארצי ואלמולדתי תלך ולקחת אשה לבני ליצחק,but will go to the land of my birth and get a wife for my son Isaac.”,Ninguno
Genesis,24,5,ויאמר אליו העבד אולי לאתאבה האשה ללכת אחרי אלהארץ הזאת ההשב אשיב אתבנך אלהארץ אשריצאת משם,"And the servant said to him, “What if the woman does not consent to follow me to this land, shall I then take your son back to the land from which you came?” ",Ninguno
Genesis,24,6,ויאמר אליו אברהם השמר לך פןתשיב אתבני שמה,"Abraham answered him, “On no account must you take my son back there! ",Ninguno
Genesis,24,7,יהוה&thinsp;<b></b> אלהי השמים אשר לקחני מבית אבי ומארץ מולדתי ואשר דברלי ואשר נשבעלי לאמר לזרעך אתן אתהארץ הזאת הוא ישלח מלאכו לפניך ולקחת אשה לבני משם,"The ETERNAL, the God of heaven—who took me from my father’s house and from my native land, who promised me on oath, saying, ‘I will assign this land to your offspring’—will send an angel before you, and you will get a wife for my son from there. ",Ninguno
Genesis,24,8,ואםלא תאבה האשה ללכת אחריך ונקית משבעתי זאת רק אתבני לא תשב שמה,"And if the woman does not consent to follow you, you shall then be clear of this oath to me; but do not take my son back there.” ",Ninguno
Genesis,24,9,וישם העבד אתידו תחת ירך אברהם אדניו וישבע לו עלהדבר הזה,So the servant put his hand under the thigh of his master Abraham and swore to him as bidden.aas bidden Lit. “about this matter.” ,Ninguno
Genesis,24,10,ויקח העבד עשרה גמלים מגמלי אדניו וילך וכלטוב אדניו בידו ויקם וילך אלארם נהרים אלעיר נחור,"Then the servant took ten of his master’s camels and set out, taking with him all the bounty of his master; and he made his way to Aram-naharaim, to the city of Nahor. ",Ninguno
Genesis,24,11,ויברך הגמלים מחוץ לעיר אלבאר המים לעת ערב לעת צאת השאבת,"He made the camels kneel down by the well outside the city, at evening time, the time when women come out to draw water. ",Ninguno
Genesis,24,12,ויאמר&thinsp;<b></b> יהוה אלהי אדני אברהם הקרהנא לפני היום ועשהחסד עם אדני אברהם,"And he said, “O ETERNAL One, God of my master Abraham, grant me good fortune this day, and deal graciously with my master Abraham: ",Ninguno
Genesis,24,13,הנה אנכי נצב עלעין המים ובנות אנשי העיר יצאת לשאב מים,Here I stand by the spring as the daughters of the townspeople come out to draw water;,Ninguno
Genesis,24,14,והיה הנער אשר אמר אליה הטינא כדך ואשתה ואמרה שתה וגםגמליך אשקה אתה הכחת לעבדך ליצחק ובה אדע כיעשית חסד עםאדני,"let the maiden to whom I say, ‘Please, lower your jar that I may drink,’ and who replies, ‘Drink, and I will also water your camels’—let her be the one whom You have decreed for Your servant Isaac. Thereby shall I know that You have dealt graciously with my master.”",Ninguno
Genesis,24,15,ויהיהוא טרם כלה לדבר והנה רבקה יצאת אשר ילדה לבתואל בןמלכה אשת נחור אחי אברהם וכדה עלשכמה,"He had scarcely finished speaking, when Rebekah, who was born to Bethuel, the son of Milcah the wife of Abraham’s brother Nahor, came out with her jar on her shoulder. ",Ninguno
Genesis,24,16,והנער טבת מראה מאד בתולה ואיש לא ידעה ותרד העינה ותמלא כדה ותעל,"The maiden was very beautiful, a virgin whom no man had known.bvirgin Or “young woman.” She went down to the spring, filled her jar, and came up. ",Percepción (Yada)
Genesis,24,17,וירץ העבד לקראתה ויאמר הגמיאיני נא מעטמים מכדך,"The servant ran toward her and said, “Please, let me sip a little water from your jar.” ",Ninguno
Genesis,24,18,ותאמר שתה אדני ותמהר ותרד כדה עלידה ותשקהו,"“Drink, my lord,” she said, and she quickly lowered her jar upon her hand and let him drink. ",Ninguno
Genesis,24,19,ותכל להשקתו ותאמר גם לגמליך אשאב עד אםכלו לשתת,"When she had let him drink his fill, she said, “I will also draw for your camels, until they finish drinking.” ",Ninguno
Genesis,24,20,ותמהר ותער כדה אלהשקת ותרץ עוד אלהבאר לשאב ותשאב לכלגמליו,"Quickly emptying her jar into the trough, she ran back to the well to draw, and she drew for all his camels.",Ninguno
Genesis,24,21,והאיש משתאה לה מחריש לדעת ההצליח יהוה דרכו אםלא,"The man, meanwhile, stood gazing at her, silently wondering whether GOD had made his errand successful or not. ",Ninguno
Genesis,24,22,ויהי כאשר כלו הגמלים לשתות ויקח האיש נזם זהב בקע משקלו ושני צמידים עלידיה עשרה זהב משקלם,"When the camels had finished drinking, the man took a gold nose-ring weighing a half-shekel,chalf-shekel Heb. beqaʻ. and two gold bands for her arms, ten shekels in weight. ",Ninguno
Genesis,24,23,ויאמר בתמי את הגידי נא לי היש ביתאביך מקום לנו ללין,"“Pray tell me,” he said, “whose daughter are you? Is there room in your father’s house for us to spend the night?” ",Ninguno
Genesis,24,24,ותאמר אליו בתבתואל אנכי בןמלכה אשר ילדה לנחור,"She replied, “I am the daughter of Bethuel the son of Milcah, whom she bore to Nahor.” ",Ninguno
Genesis,24,25,ותאמר אליו גםתבן גםמספוא רב עמנו גםמקום ללון,"And she went on, “There is plenty of strawdstraw Heb. teben, shredded straw, which normally was mixed with feed; cf. v. 32. and feed at home, and also room to spend the night.” ",Ninguno
Genesis,24,26,ויקד האיש וישתחו ליהוה,The man bowed low in homage to GOD,Ninguno
Genesis,24,27,ויאמר ברוך יהוה אלהי אדני אברהם אשר לאעזב חסדו ואמתו מעם אדני אנכי בדרך נחני יהוה בית אחי אדני,"and said, “Blessed be the ETERNAL, the God of my master Abraham,emy master Abraham I.e., Abraham and his household. who has not withheld steadfast faithfulness from my master. For I have been guided on my errand by GOD, to the house of my master’s kin.”",Ninguno
Genesis,24,28,ותרץ הנער ותגד לבית אמה כדברים האלה,The maiden ran and told all this to her mother’s household.,Ninguno
Genesis,24,29,ולרבקה אח ושמו לבן וירץ לבן אלהאיש החוצה אלהעין,Now Rebekah had a brother whose name was Laban. Laban ran out to the man at the spring—,Ninguno
Genesis,24,30,ויהי&thinsp;<b></b> כראת אתהנזם ואתהצמדים עלידי אחתו וכשמעו אתדברי רבקה אחתו לאמר כהדבר אלי האיש ויבא אלהאיש והנה עמד עלהגמלים עלהעין,"when he saw the nose-ring and the bands on his sister’s arms, and when he heard his sister Rebekah say, “Thus the man spoke to me.” He went up to the man, who was still standing beside the camels at the spring. ",Ninguno
Genesis,24,31,ויאמר בוא ברוך יהוה למה תעמד בחוץ ואנכי פניתי הבית ומקום לגמלים,"“Come in, O blessed of GOD,” he said, “why do you remain outside, when I have made ready the house and a place for the camels?” ",Ninguno
Genesis,24,32,ויבא האיש הביתה ויפתח הגמלים ויתן תבן ומספוא לגמלים ומים לרחץ רגליו ורגלי האנשים אשר אתו,"So the man entered the house, and the camels were unloaded. The camels were given straw and feed, and water was brought to bathe his feet and those of his entourage. ",Ninguno
Genesis,24,33,"<span class=""mam-kq""><span class=""mam-kq-k"">(ויישם)</span> <span class=""mam-kq-q"">[ויושם]</span></span> לפניו לאכל ויאמר לא אכל עד אםדברתי דברי ויאמר דבר","But when food was set before him, he said, “I will not eat until I have told my tale.” He said, “Speak, then.”",Ninguno
Genesis,24,34,ויאמר עבד אברהם אנכי,"“I am Abraham’s servant,” he began. ",Ninguno
Genesis,24,35,ויהוה ברך אתאדני מאד ויגדל ויתןלו צאן ובקר וכסף וזהב ועבדם ושפחת וגמלים וחמרים,"“GOD has greatly blessed my master, who has become rich—giving him sheep and cattle, silver and gold, male and female slaves, camels and donkeys. ",Ninguno
Genesis,24,36,ותלד שרה אשת אדני בן לאדני אחרי זקנתה ויתןלו אתכלאשרלו,"And Sarah, my master’s wife, bore my master a son in her old age, and he has assigned to him everything he owns. ",Ninguno
Genesis,24,37,וישבעני אדני לאמר לאתקח אשה לבני מבנות הכנעני אשר אנכי ישב בארצו,"Now my master made me swear, saying, ‘You shall not get a wife for my son from the daughters of the Canaanites in whose land I dwell; ",Ninguno
Genesis,24,38,אםלא אלביתאבי תלך ואלמשפחתי ולקחת אשה לבני,"but you shall go to my father’s house, to my kindred, and get a wife for my son.’ ",Ninguno
Genesis,24,39,ואמר אלאדני אלי לאתלך האשה אחרי,"And I said to my master, ‘What if the woman does not follow me?’ ",Ninguno
Genesis,24,40,ויאמר אלי יהוה אשרהתהלכתי לפניו ישלח מלאכו אתך והצליח דרכך ולקחת אשה לבני ממשפחתי ומבית אבי,"He replied to me, ‘GOD, whose ways I have followed, will send an angel with you and make your errand successful; and you will get a wife for my son from my kindred, from my father’s house. ",Ninguno
Genesis,24,41,אז תנקה מאלתי כי תבוא אלמשפחתי ואםלא יתנו לך והיית נקי מאלתי,"Thus only shall you be freed from my adjuration: if, when you come to my kindred, they refuse you—only then shall you be freed from my adjuration.’",Ninguno
Genesis,24,42,ואבא היום אלהעין ואמר יהוה אלהי אדני אברהם אםישךנא מצליח דרכי אשר אנכי הלך עליה,"“I came today to the spring, and I said: ‘O ETERNAL One, God of my master Abraham, if You would indeed grant success to the errand on which I am engaged! ",Ninguno
Genesis,24,43,הנה אנכי נצב עלעין המים והיה העלמה היצאת לשאב ואמרתי אליה השקינינא מעטמים מכדך,"As I stand by the spring of water, let the young woman who comes out to draw and to whom I say, “Please, let me drink a little water from your jar,” ",Ninguno
Genesis,24,44,ואמרה אלי גםאתה שתה וגם לגמליך אשאב הוא האשה אשרהכיח יהוה לבןאדני,"and who answers, “You may drink, and I will also draw for your camels”—let her be the wife whom GOD has decreed for my master’s son.’ ",Ninguno
Genesis,24,45,אני טרם אכלה לדבר אללבי והנה רבקה יצאת וכדה עלשכמה ותרד העינה ותשאב ואמר אליה השקיני נא,"I had scarcely finished praying in my heart, when Rebekah came out with her jar on her shoulder, and went down to the spring and drew. And I said to her, ‘Please give me a drink.’ ",Ninguno
Genesis,24,46,ותמהר ותורד כדה מעליה ותאמר שתה וגםגמליך אשקה ואשת וגם הגמלים השקתה,"She quickly lowered her jar and said, ‘Drink, and I will also water your camels.’ So I drank, and she also watered the camels. ",Ninguno
Genesis,24,47,ואשאל אתה ואמר בתמי את ותאמר בתבתואל בןנחור אשר ילדהלו מלכה ואשם הנזם עלאפה והצמידים עלידיה,"I inquired of her, ‘Whose daughter are you?’ And she said, ‘The daughter of Bethuel, son of Nahor, whom Milcah bore to him.’ And I put the ring on her nose and the bands on her arms. ",Ninguno
Genesis,24,48,ואקד ואשתחוה ליהוה ואברך אתיהוה אלהי אדני אברהם אשר הנחני בדרך אמת לקחת אתבתאחי אדני לבנו,"Then I bowed low in homage to GOD—and I blessed the ETERNAL, the God of my master Abraham, who led me on the right way to get the daughter of my master’s brother for his son. ",Ninguno
Genesis,24,49,ועתה אםישכם עשים חסד ואמת אתאדני הגידו לי ואםלא הגידו לי ואפנה עלימין או עלשמאל,"And now, if you mean to treat my master with true kindness, tell me; and if not, tell me also, that I may turn right or left.”","Control/Derecha (Yamin), Caos/Izquierda (Smol)"
Genesis,24,50,ויען לבן ובתואל ויאמרו מיהוה יצא הדבר לא נוכל דבר אליך רע אוטוב,"Then Laban and Bethuel answered, “The matter was decreed by GOD; we cannot speak to you bad or good. ",Ninguno
Genesis,24,51,הנהרבקה לפניך קח ולך ותהי אשה לבןאדניך כאשר דבר יהוה,"Here is Rebekah before you; take her and go, and let her be a wife to your master’s son, as GOD has spoken.” ",Ninguno
Genesis,24,52,ויהי כאשר שמע עבד אברהם אתדבריהם וישתחו ארצה ליהוה,"When Abraham’s servant heard their words, he bowed low to the ground before GOD. ",Ninguno
Genesis,24,53,ויוצא העבד כליכסף וכלי זהב ובגדים ויתן לרבקה ומגדנת נתן לאחיה ולאמה,"The servant brought out objects of silver and gold, and garments, and gave them to Rebekah; and he gave presents to her brother and her mother. ",Ninguno
Genesis,24,54,ויאכלו וישתו הוא והאנשים אשרעמו וילינו ויקומו בבקר ויאמר שלחני לאדני,"Then he and those [who came] with him ate and drank, and they spent the night. When they arose next morning, he said, “Give me leave to go to my master.” ",Ninguno
Genesis,24,55,ויאמר אחיה ואמה תשב הנער אתנו ימים או עשור אחר תלך,"But her brother and her mother said, “Let the maiden remain with us some ten days;fsome ten days Lit. “days or ten.” then you may go.” ",Ninguno
Genesis,24,56,ויאמר אלהם אלתאחרו אתי ויהוה הצליח דרכי שלחוני ואלכה לאדני,"He said to them, “Do not delay me, now that GOD has made my errand successful. Give me leave that I may go to my master.” ",Ninguno
Genesis,24,57,ויאמרו נקרא לנער ונשאלה אתפיה,"And they said, “Let us call the girl and ask for her reply.” ",Ninguno
Genesis,24,58,ויקראו לרבקה ויאמרו אליה התלכי עםהאיש הזה ותאמר אלך,"They called Rebekah and said to her, “Will you go with this man?” And she said, “I will.” ",Ninguno
Genesis,24,59,וישלחו אתרבקה אחתם ואתמנקתה ואתעבד אברהם ואתאנשיו,So they sent off their sister Rebekah and her nurse along with Abraham’s servant and his entourage.,Ninguno
Genesis,24,60,ויברכו אתרבקה ויאמרו לה אחתנו את היי לאלפי רבבה ויירש זרעך את שער שנאיו,"And they blessed Rebekah and said to her,“O sister!May you growInto thousands of myriads;May your descendants seizeThe gates of their foes.”",Ninguno
Genesis,24,61,ותקם רבקה ונערתיה ותרכבנה עלהגמלים ותלכנה אחרי האיש ויקח העבד אתרבקה וילך,"Then Rebekah and her maids arose, mounted the camels, and followed the man. So the servant took Rebekah and went his way.",Ninguno
Genesis,24,62,ויצחק בא מבוא באר לחי ראי והוא יושב בארץ הנגב,"Isaac had just come back from the vicinity of Beer-lahai-roi, for he was settled in the region of the Negeb. ",Ninguno
Genesis,24,63,ויצא יצחק לשוח בשדה לפנות ערב וישא עיניו וירא והנה גמלים באים,"And Isaac went out walkinggwalking Meaning of Heb. lasuaḥ uncertain; in contrast to others “to meditate.” in the field toward evening and, looking up, he saw camels approaching. ",Ninguno
Genesis,24,64,ותשא רבקה אתעיניה ותרא אתיצחק ותפל מעל הגמל,"Raising her eyes, Rebekah saw Isaac. She alighted from the camel ",Ninguno
Genesis,24,65,ותאמר אלהעבד מיהאיש הלזה ההלך בשדה לקראתנו ויאמר העבד הוא אדני ותקח הצעיף ותתכס,"and said to the servant, “Who is that man walking in the field toward us?” And the servant said, “That is my master.” So she took her veil and covered herself. ",Ninguno
Genesis,24,66,ויספר העבד ליצחק את כלהדברים אשר עשה,The servant told Isaac all the things that he had done.,Ninguno
Genesis,24,67,"ויבאה יצחק האהלה שרה אמו ויקח אתרבקה ותהילו לאשה ויאהבה וינחם יצחק אחרי אמו&nbsp;<span class=""mam-spi-pe"">{פ}</span><br>","Isaac then brought her into the tent of his mother Sarah, and he took Rebekah as his wife. Isaac loved her, and thus found comfort after his mother’s death.",Ninguno
Genesis,25,1,ויסף אברהם ויקח אשה ושמה קטורה,"Abraham took another wife, whose name was Keturah. ",Ninguno
Genesis,25,2,ותלד לו אתזמרן ואתיקשן ואתמדן ואתמדין ואתישבק ואתשוח,"She bore him Zimran, Jokshan, Medan, Midian, Ishbak, and Shuah. ",Ninguno
Genesis,25,3,ויקשן ילד אתשבא ואתדדן ובני דדן היו אשורם ולטושם ולאמים,"Jokshan begot Sheba and Dedan. The descendants of Dedan were the Asshurim, the Letushim, and the Leummim. ",Ninguno
Genesis,25,4,ובני מדין עיפה ועפר וחנך ואבידע ואלדעה כלאלה בני קטורה,"The descendants of Midian were Ephah, Epher, Enoch,aEnoch Or “Hanoch.” Abida, and Eldaah. All these were descendants of Keturah. ",Percepción (Yada)
Genesis,25,5,ויתן אברהם אתכלאשרלו ליצחק,Abraham willed all that he owned to Isaac;,Ninguno
Genesis,25,6,ולבני הפילגשים אשר לאברהם נתן אברהם מתנת וישלחם מעל יצחק בנו בעודנו חי קדמה אלארץ קדם,"but to Abraham’s sons by concubines Abraham gave gifts while he was still living, and he sent them away from his son Isaac eastward, to the land of the East.",Ninguno
Genesis,25,7,ואלה ימי שניחיי אברהם אשרחי מאת שנה ושבעים שנה וחמש שנים,This was the total span of Abraham’s life: one hundred and seventy-five years.,Ninguno
Genesis,25,8,ויגוע וימת אברהם בשיבה טובה זקן ושבע ויאסף אלעמיו,"And Abraham breathed his last, dying at a good ripe age, old and contented; and he was gathered to his kin. ",Ninguno
Genesis,25,9,ויקברו אתו יצחק וישמעאל בניו אלמערת המכפלה אלשדה עפרן בןצחר החתי אשר עלפני ממרא,"His sons Isaac and Ishmael buried him in the cave of Machpelah, in the field of Ephron son of Zohar the Hittite, facing Mamre, ",Ninguno
Genesis,25,10,השדה אשרקנה אברהם מאת בניחת שמה קבר אברהם ושרה אשתו,"the field that Abraham had bought from the Hittites; there Abraham was buried, and Sarah his wife. ",Ninguno
Genesis,25,11,"ויהי אחרי מות אברהם ויברך אלהים אתיצחק בנו וישב יצחק עםבאר לחי ראי&nbsp;<span class=""mam-spi-pe"">{פ}</span><br>","After the death of Abraham, God blessed his son Isaac. And Isaac settled near Beer-lahai-roi.",Ninguno
Genesis,25,12,ואלה תלדת ישמעאל בןאברהם אשר ילדה הגר המצרית שפחת שרה לאברהם,"This is the line of Ishmael, Abraham’s son, whom Hagar the Egyptian, Sarah’s slave, bore to Abraham. ",Ninguno
Genesis,25,13,ואלה שמות בני ישמעאל בשמתם לתולדתם בכר ישמעאל נבית וקדר ואדבאל ומבשם,"These are the names of the sons of Ishmael, by their names, in the order of their birth: Nebaioth, the first-born of Ishmael, Kedar, Adbeel, Mibsam, ",Ninguno
Genesis,25,14,ומשמע ודומה ומשא,"Mishma, Dumah, Massa, ",Ninguno
Genesis,25,15,חדד ותימא יטור נפיש וקדמה,"Hadad, Tema, Jetur, Naphish, and Kedmah. ",Ninguno
Genesis,25,16,אלה הם בני ישמעאל ואלה שמתם בחצריהם ובטירתם שניםעשר נשיאם לאמתם,These are the sons of Ishmael and these are their names by their villages and by their encampments: twelve chieftains of as many tribes.—,Ninguno
Genesis,25,17,ואלה שני חיי ישמעאל מאת שנה ושלשים שנה ושבע שנים ויגוע וימת ויאסף אלעמיו,"These were the years of the life of Ishmael: one hundred and thirty-seven years; then he breathed his last and died, and was gathered to his kin.— ",Ninguno
Genesis,25,18,"וישכנו מחוילה עדשור אשר עלפני מצרים באכה אשורה עלפני כלאחיו נפל&nbsp;<span class=""mam-spi-pe"">{פ}</span><br>","They dwelt from Havilah, by Shur, which is close to Egypt, all the way to Asshur; they camped alongside all their kin.",Ninguno
Genesis,25,19,ואלה תולדת יצחק בןאברהם אברהם הוליד אתיצחק,"This is the story of Isaac, son of Abraham. Abraham begot Isaac. ",Ninguno
Genesis,25,20,ויהי יצחק בןארבעים שנה בקחתו אתרבקה בתבתואל הארמי מפדן ארם אחות לבן הארמי לו לאשה,"Isaac was forty years old when he took to wife Rebekah, daughter of Bethuel the Aramean of Paddan-aram, sister of Laban the Aramean. ",Ninguno
Genesis,25,21,ויעתר יצחק ליהוה לנכח אשתו כי עקרה הוא ויעתר לו יהוה ותהר רבקה אשתו,"Isaac pleaded with GOD on behalf of his wife, because she was infertile; and GOD responded to his plea, and his wife Rebekah conceived. ",Ninguno
Genesis,25,22,ויתרצצו הבנים בקרבה ותאמר אםכן למה זה אנכי ותלך לדרש אתיהוה,"But the children struggled in her womb, and she said, “If so, why do I exist?”bwhy do I exist? Meaning of Heb. uncertain. She went to inquire of GOD, ",Ninguno
Genesis,25,23,"ויאמר יהוה לה שני <span class=""mam-kq""><span class=""mam-kq-k"">(גיים)</span> <span class=""mam-kq-q"">[גוים]</span></span> בבטנך ושני לאמים ממעיך יפרדו ולאם מלאם יאמץ ורב יעבד צעיר","and GOD answered her,“Two nations are in your womb,Two separate peoples shall issue from your body;One people shall be mightier than the other,And the older shall serve the younger.”",Ninguno
Genesis,25,24,וימלאו ימיה ללדת והנה תומם בבטנה,"When her time to give birth was at hand, there were twins in her womb. ",Ninguno
Genesis,25,25,ויצא הראשון אדמוני כלו כאדרת שער ויקראו שמו עשו,"The first one emerged red, like a hairy mantle all over; so they named him Esau.cEsau Synonym of “Seir,” play on Heb. seʻar “hair.” ",Ninguno
Genesis,25,26,ואחריכן יצא אחיו וידו אחזת בעקב עשו ויקרא שמו יעקב ויצחק בןששים שנה בלדת אתם,"Then his brother emerged, holding on to the heel of Esau; so they named him Jacob.dJacob Play on Heb. ʻaqeb “heel.” Isaac was sixty years old when they were born.",Ninguno
Genesis,25,27,ויגדלו הנערים ויהי עשו איש ידע ציד איש שדה ויעקב איש תם ישב אהלים,"When the boys grew up, Esau became a skillful hunter, a man of the outdoors; but Jacob became a mild man who stayed in camp.estayed in camp Or “raised livestock”; lit. “a sitter in tents.” ",Percepción (Yada)
Genesis,25,28,ויאהב יצחק אתעשו כיציד בפיו ורבקה אהבת אתיעקב,Isaac favored Esau because he had a taste for game;fhe had a taste for game Lit. “game was in his mouth.” but Rebekah favored Jacob. ,Ninguno
Genesis,25,29,ויזד יעקב נזיד ויבא עשו מןהשדה והוא עיף,"Once when Jacob was cooking a stew, Esau came in from the open, famished. ",Ninguno
Genesis,25,30,ויאמר עשו אליעקב הלעיטני נא מןהאדם האדם הזה כי עיף אנכי עלכן קראשמו אדום,"And Esau said to Jacob, “Give me some of that red stuff to gulp down, for I am famished”—which is why he was named Edom.gEdom Play on Heb. ʼadom “red.” ",Ninguno
Genesis,25,31,ויאמר יעקב מכרה כיום אתבכרתך לי,"Jacob said, “First sell me your birthright.” ",Ninguno
Genesis,25,32,ויאמר עשו הנה אנכי הולך למות ולמהזה לי בכרה,"And Esau said, “I am at the point of death, so of what use is my birthright to me?” ",Ninguno
Genesis,25,33,ויאמר יעקב השבעה לי כיום וישבע לו וימכר אתבכרתו ליעקב,"But Jacob said, “Swear to me first.” So he swore to him, and sold his birthright to Jacob. ",Ninguno
Genesis,25,34,"ויעקב נתן לעשו לחם ונזיד עדשים ויאכל וישת ויקם וילך ויבז עשו אתהבכרה&nbsp;<span class=""mam-spi-pe"">{פ}</span><br>","Jacob then gave Esau bread and lentil stew; he ate and drank, and he rose and went away. Thus did Esau spurn the birthright.",Ninguno
Genesis,26,1,ויהי רעב בארץ מלבד הרעב הראשון אשר היה בימי אברהם וילך יצחק אלאבימלך מלךפלשתים גררה,"There was a famine in the land—aside from the previous famine that had occurred in the days of Abraham—and Isaac went to Abimelech, king of the Philistines, in Gerar. ",Ninguno
Genesis,26,2,וירא אליו יהוה ויאמר אלתרד מצרימה שכן בארץ אשר אמר אליך,"GOD had appeared toaappeared to See note at 12.7. him and said, “Do not go down to Egypt; stay in the land that I point out to you. ",Ninguno
Genesis,26,3,גור בארץ הזאת ואהיה עמך ואברכך כילך ולזרעך אתן אתכלהארצת האל והקמתי אתהשבעה אשר נשבעתי לאברהם אביך,"Reside in this land, and I will be with you and bless you; I will assign all these lands to you and to your heirs, fulfilling the oath that I swore to your father Abraham. ",Ninguno
Genesis,26,4,והרביתי אתזרעך ככוכבי השמים ונתתי לזרעך את כלהארצת האל והתברכו בזרעך כל גויי הארץ,"I will make your heirs as numerous as the stars of heaven, and assign to your heirs all these lands, so that all the nations of the earth shall bless themselves by your heirs— ",Ninguno
Genesis,26,5,עקב אשרשמע אברהם בקלי וישמר משמרתי מצותי חקותי ותורתי,"inasmuch as Abraham obeyed Me and kept My charge: My commandments, My laws, and My teachings.”",Ninguno
Genesis,26,6,וישב יצחק בגרר,So Isaac stayed in Gerar.,Ninguno
Genesis,26,7,וישאלו אנשי המקום לאשתו ויאמר אחתי הוא כי ירא לאמר אשתי פןיהרגני אנשי המקום עלרבקה כיטובת מראה הוא,"When the locals asked him about his wife, he said, “She is my sister,” for he was afraid to say “my wife,” thinking, “The locals might kill me on account of Rebekah, for she is beautiful.” ",Ninguno
Genesis,26,8,ויהי כי ארכולו שם הימים וישקף אבימלך מלך פלשתים בעד החלון וירא והנה יצחק מצחק את רבקה אשתו,"When some time had passed, Abimelech king of the Philistines, looking out of the window, saw Isaac fondling his wife Rebekah. ",Ninguno
Genesis,26,9,ויקרא אבימלך ליצחק ויאמר אך הנה אשתך הוא ואיך אמרת אחתי הוא ויאמר אליו יצחק כי אמרתי פןאמות עליה,"Abimelech sent for Isaac and said, “So she is your wife! Why then did you say: ‘She is my sister’?” Isaac said to him, “Because I thought I might lose my life on account of her.” ",Ninguno
Genesis,26,10,ויאמר אבימלך מהזאת עשית לנו כמעט שכב אחד העם אתאשתך והבאת עלינו אשם,"Abimelech said, “What have you done to us! One of the men might have lain with your wife, and you would have brought guilt upon us.” ",Ninguno
Genesis,26,11,ויצו אבימלך אתכלהעם לאמר הנגע באיש הזה ובאשתו מות יומת,"Abimelech then charged all the people, saying, “Anyone who molests this man or his wife shall be put to death.”",Ninguno
Genesis,26,12,ויזרע יצחק בארץ ההוא וימצא בשנה ההוא מאה שערים ויברכהו יהוה,"Isaac sowed in that land and reaped a hundredfold the same year. GOD blessed him, ",Ninguno
Genesis,26,13,ויגדל האיש וילך הלוך וגדל עד כיגדל מאד,and the man grew richer and richer until he was very wealthy:,Ninguno
Genesis,26,14,ויהילו מקנהצאן ומקנה בקר ועבדה רבה ויקנאו אתו פלשתים,"he acquired flocks and herds, and a large household, so that the Philistines envied him. ",Ninguno
Genesis,26,15,וכלהבארת אשר חפרו עבדי אביו בימי אברהם אביו סתמום פלשתים וימלאום עפר,"And the Philistines stopped up all the wells that his father’s servants had dug in the days of his father Abraham, filling them with earth. ",Ninguno
Genesis,26,16,ויאמר אבימלך אליצחק לך מעמנו כיעצמת ממנו מאד,"And Abimelech said to Isaac, “Go away from us, for you have become far too big for us.”",Ninguno
Genesis,26,17,וילך משם יצחק ויחן בנחלגרר וישב שם,"So Isaac departed from there and encamped in the wadi of Gerar, where he settled. ",Ninguno
Genesis,26,18,וישב יצחק ויחפר&thinsp;<b></b> אתבארת המים אשר חפרו בימי אברהם אביו ויסתמום פלשתים אחרי מות אברהם ויקרא להן שמות כשמת אשרקרא להן אביו,Isaac dug anew the wells that had been dug in the days of his father Abraham and that the Philistines had stopped up after Abraham’s death; and he gave them the same names that his father had given them.,Ninguno
Genesis,26,19,ויחפרו עבדייצחק בנחל וימצאושם באר מים חיים,"But when Isaac’s servants, digging in the wadi, found there a well of spring water, ",Ninguno
Genesis,26,20,ויריבו רעי גרר עםרעי יצחק לאמר לנו המים ויקרא שםהבאר עשק כי התעשקו עמו,"the herdsmen of Gerar quarreled with Isaac’s herdsmen, saying, “The water is ours.” He named that well Esek,bEsek I.e., “contention.” because they contended with him. ",Ninguno
Genesis,26,21,ויחפרו באר אחרת ויריבו גםעליה ויקרא שמה שטנה,"And when they dug another well, they disputed over that one also; so he named it Sitnah.cSitnah I.e., “harassment.” ",Ninguno
Genesis,26,22,ויעתק משם ויחפר באר אחרת ולא רבו עליה ויקרא שמה רחבות ויאמר כיעתה הרחיב יהוה לנו ופרינו בארץ,"He moved from there and dug yet another well, and they did not quarrel over it; so he called it Rehoboth, saying, “Now at last GOD has granted us ample spacedample space Heb. hirḥib, connected with “Rehoboth.” to increase in the land.”",Ninguno
Genesis,26,23,ויעל משם באר שבע,From there he went up to Beer-sheba.,Ninguno
Genesis,26,24,וירא אליו יהוה בלילה ההוא ויאמר אנכי אלהי אברהם אביך אלתירא כיאתך אנכי וברכתיך והרביתי אתזרעך בעבור אברהם עבדי,"That night GOD appeared toeappeared to See note at 12.7. him and said, “I am the God of your father Abraham.fyour father Abraham I.e., Abraham and his household. Fear not, for I am with you, and I will bless you and increase your offspring for the sake of My servant Abraham.” ",Ninguno
Genesis,26,25,ויבן שם מזבח ויקרא בשם יהוה ויטשם אהלו ויכרושם עבדייצחק באר,So he built an altar there and invoked GOD by name. Isaac pitched his tent there and his servants started digging a well.,Ninguno
Genesis,26,26,ואבימלך הלך אליו מגרר ואחזת מרעהו ופיכל שרצבאו,"And Abimelech came to him from Gerar, with Ahuzzath his councilor and Phicol chief of his troops. ",Ninguno
Genesis,26,27,ויאמר אלהם יצחק מדוע באתם אלי ואתם שנאתם אתי ותשלחוני מאתכם,"Isaac said to them, “Why have you come to me, seeing that you have been hostile to me and have driven me away from you?” ",Ninguno
Genesis,26,28,ויאמרו ראו ראינו כיהיה יהוה&thinsp;<small></small>&thinsp;עמך ונאמר תהי נא אלה בינותינו בינינו ובינך ונכרתה ברית עמך,"And they said, “We now see plainly that GOD has been with you, and we thought: Let there be a sworn treaty between our two parties, between you and us. Let us make a pact with you ",Ninguno
Genesis,26,29,אםתעשה עמנו רעה כאשר לא נגענוך וכאשר עשינו עמך רקטוב ונשלחך בשלום אתה עתה ברוך יהוה,"that you will not do us harm, just as we have not molested you but have always dealt kindly with you and sent you away in peace. From now on, be you blessed of GOD!” ",Ninguno
Genesis,26,30,ויעש להם משתה ויאכלו וישתו,"Then he made for them a feast, and they ate and drank.",Ninguno
Genesis,26,31,וישכימו בבקר וישבעו איש לאחיו וישלחם יצחק וילכו מאתו בשלום,"Early in the morning, they exchanged oaths. Isaac then bade them farewell, and they departed from him in peace. ",Ninguno
Genesis,26,32,ויהי&thinsp;<b></b> ביום ההוא ויבאו עבדי יצחק ויגדו לו עלאדות הבאר אשר חפרו ויאמרו לו מצאנו מים,"That same day Isaac’s servants came and told him about the well they had dug, and said to him, “We have found water!” ",Ninguno
Genesis,26,33,"ויקרא אתה שבעה עלכן שםהעיר באר שבע עד היום הזה&nbsp;<span class=""mam-spi-samekh"">{ס}</span>&nbsp;&nbsp;&nbsp;&nbsp;&nbsp;&nbsp;&nbsp;&nbsp;",He named it Shibah;gShibah As though “oath.” therefore the name of the city is Beer-sheba to this day.,Ninguno
Genesis,26,34,ויהי עשו בןארבעים שנה ויקח אשה אתיהודית בתבארי החתי ואתבשמת בתאילן החתי,"When Esau was forty years old, he took to wife Judith daughter of Beeri the Hittite, and Basemath daughter of Elon the Hittite; ",Ninguno
Genesis,26,35,"ותהיין מרת רוח ליצחק ולרבקה&nbsp;<span class=""mam-spi-samekh"">{ס}</span>&nbsp;&nbsp;&nbsp;&nbsp;&nbsp;&nbsp;&nbsp;&nbsp;",and they were a source of bitterness to Isaac and Rebekah.,Ninguno
Genesis,27,1,ויהי כיזקן יצחק ותכהין עיניו מראת ויקרא אתעשו&thinsp;<b></b> בנו הגדל ויאמר אליו בני ויאמר אליו הנני,"When Isaac was old and his eyes were too dim to see, he called his older son Esau and said to him, “My son.” He answered, “Here I am.” ",Ninguno
Genesis,27,2,ויאמר הנהנא זקנתי לא ידעתי יום מותי,"And he said, “I am old now, and I do not know how soon I may die. ",Percepción (Yada)
Genesis,27,3,"ועתה שאנא כליך תליך וקשתך וצא השדה וצודה לי <span class=""mam-kq""><span class=""mam-kq-k"">(צידה)</span> <span class=""mam-kq-q"">[ציד]</span></span>","Take your gear, your quiver and bow, and go out into the open and hunt me some game. ",Ninguno
Genesis,27,4,ועשהלי מטעמים כאשר אהבתי והביאה לי ואכלה בעבור תברכך נפשי בטרם אמות,"Then prepare a dish for me such as I like, and bring it to me to eat, so that I may give you my innermost blessing before I die.”",Ninguno
Genesis,27,5,ורבקה שמעת בדבר יצחק אלעשו בנו וילך עשו השדה לצוד ציד להביא,"Rebekah had been listening as Isaac spoke to his son Esau. When Esau had gone out into the open to hunt game to bring home, ",Ninguno
Genesis,27,6,ורבקה אמרה אליעקב בנה לאמר הנה שמעתי אתאביך מדבר אלעשו אחיך לאמר,"Rebekah said to her son Jacob, “I overheard your father speaking to your brother Esau, saying, ",Ninguno
Genesis,27,7,הביאה לי ציד ועשהלי מטעמים ואכלה ואברככה לפני יהוה לפני מותי,"‘Bring me some game and prepare a dish for me to eat, that I may bless you, with GOD’s approval, before I die.’ ",Ninguno
Genesis,27,8,ועתה בני שמע בקלי לאשר אני מצוה אתך,"Now, my son, listen carefully as I instruct you. ",Ninguno
Genesis,27,9,לךנא אלהצאן וקחלי משם שני גדיי עזים טבים ואעשה אתם מטעמים לאביך כאשר אהב,"Go to the flock and fetch me two choice kids, and I will make of them a dish for your father, such as he likes. ",Ninguno
Genesis,27,10,והבאת לאביך ואכל בעבר אשר יברכך לפני מותו,"Then take it to your father to eat, in order that he may bless you before he dies.” ",Ninguno
Genesis,27,11,ויאמר יעקב אלרבקה אמו הן עשו אחי איש שער ואנכי איש חלק,"Jacob answered his mother Rebekah, “But my brother Esau is a hairy man and I’m a smooth-skinned one. ",Ninguno
Genesis,27,12,אולי ימשני אבי והייתי בעיניו כמתעתע והבאתי עלי קללה ולא ברכה,"If my father touches me, I shall appear to him as a trickster and bring upon myself a curse, not a blessing.” ",Ninguno
Genesis,27,13,ותאמר לו אמו עלי קללתך בני אך שמע בקלי ולך קחלי,"But his mother said to him, “Your curse, my son, be upon me! Just do as I say and go fetch them for me.”",Ninguno
Genesis,27,14,וילך ויקח ויבא לאמו ותעש אמו מטעמים כאשר אהב אביו,"He got them and brought them to his mother, and his mother prepared a dish such as his father liked. ",Ninguno
Genesis,27,15,ותקח רבקה אתבגדי עשו בנה הגדל החמדת אשר אתה בבית ותלבש אתיעקב בנה הקטן,"Rebekah then took the best clothes of her older son Esau, which were thereathere Or “in her charge.” in the house, and had her younger son Jacob put them on; ",Ninguno
Genesis,27,16,ואת ערת גדיי העזים הלבישה עלידיו ועל חלקת צואריו,and she covered his hands and the hairless part of his neck with the skins of the kids.,Ninguno
Genesis,27,17,ותתן אתהמטעמים ואתהלחם אשר עשתה ביד יעקב בנה,Then she put in the hands of her son Jacob the dish and the bread that she had prepared.,Ninguno
Genesis,27,18,ויבא אלאביו ויאמר אבי ויאמר הנני מי אתה בני,"He went to his father and said, “Father.” And he said, “Yes, which of my sons are you?” ",Ninguno
Genesis,27,19,ויאמר יעקב אלאביו אנכי עשו בכרך עשיתי כאשר דברת אלי קוםנא שבה ואכלה מצידי בעבור תברכני נפשך,"Jacob said to his father, “I am Esau, your first-born; I have done as you told me. Pray sit up and eat of my game, that you may give me your innermost blessing.” ",Ninguno
Genesis,27,20,ויאמר יצחק אלבנו מהזה מהרת למצא בני ויאמר כי הקרה יהוה אלהיך לפני,"Isaac said to his son, “How did you succeed so quickly, my son?” And he said, “Because the ETERNAL your God granted me good fortune.” ",Ninguno
Genesis,27,21,ויאמר יצחק אליעקב גשהנא ואמשך בני האתה זה בני עשו אםלא,"Isaac said to Jacob, “Come closer that I may feel you, my son—whether you are really my son Esau or not.” ",Ninguno
Genesis,27,22,ויגש יעקב אליצחק אביו וימשהו ויאמר הקל קול יעקב והידים ידי עשו,"So Jacob drew close to his father Isaac, who felt him and wondered, “The voice is the voice of Jacob, yet the hands are the hands of Esau.” ",Ninguno
Genesis,27,23,ולא הכירו כיהיו ידיו כידי עשו אחיו שערת ויברכהו,"He did not recognize him, because his hands were hairy like those of his brother Esau; and so he blessed him.",Ninguno
Genesis,27,24,ויאמר אתה זה בני עשו ויאמר אני,"He asked, “Are you really my son Esau?” And when he said, “I am,” ",Ninguno
Genesis,27,25,ויאמר הגשה לי ואכלה מציד בני למען תברכך נפשי ויגשלו ויאכל ויבא לו יין וישת,"he said, “Serve me and let me eat of my son’s game that I may give you my innermost blessing.” So he served him and he ate, and he brought him wine and he drank. ",Ninguno
Genesis,27,26,ויאמר אליו יצחק אביו גשהנא ושקהלי בני,"Then his father Isaac said to him, “Come close and kiss me, my son”; ",Ninguno
Genesis,27,27,ויגש וישקלו וירח אתריח בגדיו ויברכהו ויאמר ראה ריח בני כריח שדה אשר ברכו יהוה,"and he went up and kissed him. And he smelled his clothes and he blessed him, saying, “Ah, the smell of my son is like the smell of the fields that GOD has blessed.",Ninguno
Genesis,27,28,ויתןלך האלהים מטל השמים ומשמני הארץ ורב דגן ותירש,"“May God give youOf the dew of heaven and the fat of the earth,Abundance of new grain and wine.",Ninguno
Genesis,27,29,"יעבדוך עמים <span class=""mam-kq""><span class=""mam-kq-k"">(וישתחו)</span> <span class=""mam-kq-q"">[וישתחוו]</span></span> לך לאמים הוה גביר לאחיך וישתחוו לך בני אמך ארריך ארור ומברכיך ברוך","Let peoples serve you,And nations bow to you;Be master over your brothers,And let your mother’s sons bow to you.Cursed be they who curse you,Blessed they who bless you.”",Ninguno
Genesis,27,30,ויהי כאשר כלה יצחק לברך אתיעקב ויהי אך יצא יצא יעקב מאת פני יצחק אביו ועשו אחיו בא מצידו,No sooner had Jacob left the presence of his father Isaac—after Isaac had finished blessing Jacob—than his brother Esau came back from his hunt.,Ninguno
Genesis,27,31,ויעש גםהוא מטעמים ויבא לאביו ויאמר לאביו יקם אבי ויאכל מציד בנו בעבר תברכני נפשך,"He too prepared a dish and brought it to his father. And he said to his father, “Let my father sit up and eat of his son’s game, so that you may give me your innermost blessing.” ",Ninguno
Genesis,27,32,ויאמר לו יצחק אביו מיאתה ויאמר אני בנך בכרך עשו,"His father Isaac said to him, “Who are you?” And he said, “I am your son, Esau, your first-born!” ",Ninguno
Genesis,27,33,ויחרד יצחק חרדה גדלה עדמאד ויאמר מיאפוא הוא הצדציד ויבא לי ואכל מכל בטרם תבוא ואברכהו גםברוך יהיה,"Isaac was seized with very violent trembling. “Who was it then,” he demanded, “that hunted game and brought it to me? Moreover, I ate of it before you came, and I blessed him; now he must remain blessed!” ",Ninguno
Genesis,27,34,כשמע עשו אתדברי אביו ויצעק צעקה גדלה ומרה עדמאד ויאמר לאביו ברכני גםאני אבי,"When Esau heard his father’s words, he burst into wild and bitter sobbing, and said to his father, “Bless me too, Father!” ",Ninguno
Genesis,27,35,ויאמר בא אחיך במרמה ויקח ברכתך,"But he answered, “Your brother came with guile and took away your blessing.” ",Ninguno
Genesis,27,36,ויאמר הכי קרא שמו יעקב ויעקבני זה פעמים אתבכרתי לקח והנה עתה לקח ברכתי ויאמר הלאאצלת לי ברכה,"[Esau] said, “Was he, then, named Jacob that he might supplantbsupplant Heb. ʻaqab, connected with “Jacob.” me these two times? First he took away my birthright and now he has taken away my blessing!” And he added, “Have you not reserved a blessing for me?” ",Ninguno
Genesis,27,37,ויען יצחק ויאמר לעשו הן גביר שמתיו לך ואתכלאחיו נתתי לו לעבדים ודגן ותירש סמכתיו ולכה אפוא מה אעשה בני,"Isaac answered, saying to Esau, “But I have made him master over you: I have given him all his brothers for servants, and sustained him with grain and wine. What, then, can I still do for you, my son?” ",Ninguno
Genesis,27,38,ויאמר עשו אלאביו הברכה אחת הואלך אבי ברכני גםאני אבי וישא עשו קלו ויבך,"And Esau said to his father, “Have you but one blessing, Father? Bless me too, Father!” And Esau wept aloud. ",Ninguno
Genesis,27,39,ויען יצחק אביו ויאמר אליו הנה משמני הארץ יהיה מושבך ומטל השמים מעל,"And his father Isaac answered, saying to him,“See, your abode shall enjoy the fat of the earthAndcenjoy the fat of the earth / And In contrast to others “be away from the fat of the earth and from.” the dew of heaven above.",Ninguno
Genesis,27,40,ועלחרבך תחיה ואתאחיך תעבד והיה כאשר תריד ופרקת עלו מעל צוארך,"Yet by your sword you shall live,And you shall serve your brother;But when you grow restive,You shall break his yoke from your neck.”",Ninguno
Genesis,27,41,וישטם עשו אתיעקב עלהברכה אשר ברכו אביו ויאמר עשו בלבו יקרבו ימי אבל אבי ואהרגה אתיעקב אחי,"Now Esau harbored a grudge against Jacob because of the blessing that his father had given him, and Esau said to himself, “Let but the mourning period of my father come, and I will kill my brother Jacob.” ",Ninguno
Genesis,27,42,ויגד לרבקה אתדברי עשו בנה הגדל ותשלח ותקרא ליעקב בנה הקטן ותאמר אליו הנה עשו אחיך מתנחם לך להרגך,"When the words of her older son Esau were reported to Rebekah, she sent for her younger son Jacob and said to him, “Your brother Esau is consoling himself by planning to kill you. ",Ninguno
Genesis,27,43,ועתה בני שמע בקלי וקום ברחלך אללבן אחי חרנה,"Now, my son, listen to me. Flee at once to Haran, to my brother Laban. ",Ninguno
Genesis,27,44,וישבת עמו ימים אחדים עד אשרתשוב חמת אחיך,"Stay with him awhile, until your brother’s fury subsides— ",Ninguno
Genesis,27,45,עדשוב אףאחיך ממך ושכח את אשרעשית לו ושלחתי ולקחתיך משם למה אשכל גםשניכם יום אחד,until your brother’s anger against you subsides—and he forgets what you have done to him. Then I will fetch you from there. Let me not lose you both in one day!”,Ninguno
Genesis,27,46,ותאמר רבקה אליצחק <small>ק</small>צתי בחיי מפני בנות חת אםלקח יעקב אשה מבנותחת כאלה מבנות הארץ למה לי חיים,"Rebekah said to Isaac, “I am disgusted with my life because of the Hittite women. If Jacob marries a Hittite woman like these, from among the native women, what good will life be to me?”",Ninguno
Genesis,28,1,ויקרא יצחק אליעקב ויברך אתו ויצוהו ויאמר לו לאתקח אשה מבנות כנען,"So Isaac sent for Jacob and blessed him. He instructed him, saying, “You shall not take a wife from among the Canaanite women. ",Ninguno
Genesis,28,2,קום לך פדנה ארם ביתה בתואל אבי אמך וקחלך משם אשה מבנות לבן אחי אמך,"Up, go to Paddan-aram, to the house of Bethuel, your mother’s father, and take a wife there from among the daughters of Laban, your mother’s brother. ",Ninguno
Genesis,28,3,ואל שדי יברך אתך ויפרך וירבך והיית לקהל עמים,"May El ShaddaiaEl Shaddai See note at 17.1. bless you, make you fertile and numerous, so that you become an assembly of peoples. ",Ninguno
Genesis,28,4,ויתןלך אתברכת אברהם לך ולזרעך אתך לרשתך אתארץ מגריך אשרנתן אלהים לאברהם,"May you and your offspring be granted the blessing of Abraham, that you may possess the land where you are sojourning, which God assigned to Abraham.”",Ninguno
Genesis,28,5,וישלח יצחק אתיעקב וילך פדנה ארם אללבן בןבתואל הארמי אחי רבקה אם יעקב ועשו,"Then Isaac sent Jacob off, and he went to Paddan-aram, to Laban the son of Bethuel the Aramean, the brother of Rebekah, mother of Jacob and Esau.",Ninguno
Genesis,28,6,וירא עשו כיברך יצחק אתיעקב ושלח אתו פדנה ארם לקחתלו משם אשה בברכו אתו ויצו עליו לאמר לאתקח אשה מבנות כנען,"When Esau saw that Isaac had blessed Jacob and sent him off to Paddan-aram to take a wife from there, charging him, as he blessed him, “You shall not take a wife from among the Canaanite women,” ",Ninguno
Genesis,28,7,וישמע יעקב אלאביו ואלאמו וילך פדנה ארם,"and that Jacob had obeyed his father and mother and gone to Paddan-aram, ",Ninguno
Genesis,28,8,וירא עשו כי רעות בנות כנען בעיני יצחק אביו,Esau realized that the Canaanite women displeased his father Isaac.,Ninguno
Genesis,28,9,"וילך עשו אלישמעאל ויקח אתמחלת&thinsp;<b></b> בתישמעאל בןאברהם אחות נביות עלנשיו לו לאשה&nbsp;<span class=""mam-spi-samekh"">{ס}</span>&nbsp;&nbsp;&nbsp;&nbsp;&nbsp;&nbsp;&nbsp;&nbsp;","So Esau went to Ishmael and took to wife, in addition to the wives he had, Mahalath the daughter of Ishmael son of Abraham, sister of Nebaioth.",Ninguno
Genesis,28,10,ויצא יעקב מבאר שבע וילך חרנה,"Jacob left Beer-sheba, and set out for Haran. ",Ninguno
Genesis,28,11,ויפגע במקום וילן שם כיבא השמש ויקח מאבני המקום וישם מראשתיו וישכב במקום ההוא,"He came upon a certain place and stopped there for the night, for the sun had set. Taking one of the stones of that place, he put it under his head and lay down in that place. ",Ninguno
Genesis,28,12,ויחלם והנה סלם מצב ארצה וראשו מגיע השמימה והנה מלאכי אלהים עלים וירדים בו,"He had a dream; a stairwaybstairway Or “ramp”; in contrast to others “ladder.” Heb. sullam. was set on the ground and its top reached to the sky, and angelscangels Heb. “messengers.” of God were going up and down on it. ",Ninguno
Genesis,28,13,והנה יהוה נצב עליו ויאמר אני יהוה אלהי אברהם אביך ואלהי יצחק הארץ אשר אתה שכב עליה לך אתננה ולזרעך,"And standing beside him was GOD,dyour father Abraham and…Isaac This label may refer to an agent (in this case, one of the angels), as being about to speak on GOD’s behalf; cf. Gen. 17.1 and Ibn Ezra at v. 22 there. who said, “I am the ETERNAL, the God of your father Abraham and the God of Isaac:eyour father Abraham and…Isaac Including their households. the ground on which you are lying I will assign to you and to your offspring. ",Ninguno
Genesis,28,14,והיה זרעך כעפר הארץ ופרצת ימה וקדמה וצפנה ונגבה ונברכו בך כלמשפחת האדמה ובזרעך,"Your descendants shall be as the dust of the earth; you shall spread out to the west and to the east, to the north and to the south. All the families of the earth shall bless themselves by you and your descendants. ",Ninguno
Genesis,28,15,והנה אנכי עמך ושמרתיך בכל אשרתלך והשבתיך אלהאדמה הזאת כי לא אעזבך עד אשר אםעשיתי את אשרדברתי לך,"Remember, I am with you: I will protect you wherever you go and will bring you back to this land. I will not leave you until I have done what I have promised you.”",Ninguno
Genesis,28,16,וייקץ יעקב משנתו ויאמר אכן יש יהוה במקום הזה ואנכי לא ידעתי,"Jacob awoke from his sleep and said, “Surely GOD is present in this place, and I did not know it!” ",Percepción (Yada)
Genesis,28,17,ויירא ויאמר מהנורא המקום הזה אין זה כי אםבית אלהים וזה שער השמים,"Shaken, he said, “How awesome is this place! This is none other than the abode of God, and that is the gateway to heaven.” ",Ninguno
Genesis,28,18,וישכם יעקב בבקר ויקח אתהאבן אשרשם מראשתיו וישם אתה מצבה ויצק שמן עלראשה,"Early in the morning, Jacob took the stone that he had put under his head and set it up as a pillar and poured oil on the top of it. ",Ninguno
Genesis,28,19,ויקרא אתשםהמקום ההוא ביתאל ואולם לוז שםהעיר לראשנה,"He named that site Bethel;fBethel I.e., “house of God.” but previously the name of the city had been Luz.",Ninguno
Genesis,28,20,וידר יעקב נדר לאמר אםיהיה אלהים עמדי ושמרני בדרך הזה אשר אנכי הולך ונתןלי לחם לאכל ובגד ללבש,"Jacob then made a vow, saying, “If God remains with me, protecting me on this journey that I am making, and giving me bread to eat and clothing to wear, ",Ninguno
Genesis,28,21,ושבתי בשלום אלבית אבי והיה יהוה לי לאלהים,and I return safe to my father’s house—the ETERNAL shall be my God.,Ninguno
Genesis,28,22,והאבן הזאת אשרשמתי מצבה יהיה בית אלהים וכל אשר תתןלי עשר אעשרנו לך,"And this stone, which I have set up as a pillar, shall be God’s abode; and of all that You give me, I will set aside a tithe for You.”",Ninguno
Genesis,29,1,וישא יעקב רגליו וילך ארצה בניקדם,Jacob resumed his journeyaresumed his journey Lit. “lifted up his feet.” and came to the land of the Easterners. ,Ninguno
Genesis,29,2,וירא והנה באר בשדה והנהשם שלשה עדריצאן רבצים עליה כי מןהבאר ההוא ישקו העדרים והאבן גדלה עלפי הבאר,"There before his eyes was a well in the open. Three flocks of sheep were lying there beside it, for the flocks were watered from that well. The stone on the mouth of the well was large. ",Ninguno
Genesis,29,3,ונאספושמה כלהעדרים וגללו אתהאבן מעל פי הבאר והשקו אתהצאן והשיבו אתהאבן עלפי הבאר למקמה,"When all the flocks were gathered there, the stone would be rolled from the mouth of the well and the sheep watered; then the stone would be put back in its place on the mouth of the well.",Ninguno
Genesis,29,4,ויאמר להם יעקב אחי מאין אתם ויאמרו מחרן אנחנו,"Jacob said to the shepherds,bthe shepherds Heb. “them.” “My friends, where are you from?” And they said, “We are from Haran.” ",Ninguno
Genesis,29,5,ויאמר להם הידעתם אתלבן בןנחור ויאמרו ידענו,"He said to them, “Do you know Laban the son of Nahor?” And they said, “Yes, we do.” ",Percepción (Yada)
Genesis,29,6,ויאמר להם השלום לו ויאמרו שלום והנה רחל בתו באה עםהצאן,"He continued, “Is he well?” They answered, “Yes, he is; and there is his daughter Rachel, coming with the flock.” ",Ninguno
Genesis,29,7,ויאמר הן עוד היום גדול לאעת האסף המקנה השקו הצאן ולכו רעו,"He said, “It is still broad daylight, too early to round up the animals; water the flock and take them to pasture.” ",Ninguno
Genesis,29,8,ויאמרו לא נוכל עד אשר יאספו כלהעדרים וגללו אתהאבן מעל פי הבאר והשקינו הצאן,"But they said, “We cannot, until all the flocks are rounded up; then the stone is rolled off the mouth of the well and we water the sheep.”",Ninguno
Genesis,29,9,עודנו מדבר עמם ורחל&thinsp;<b></b> באה עםהצאן אשר לאביה כי רעה הוא,"While he was still speaking with them, Rachel came with her father’s flock—for she was its shepherd. ",Ninguno
Genesis,29,10,ויהי כאשר ראה יעקב אתרחל בתלבן אחי אמו ואתצאן לבן אחי אמו ויגש יעקב ויגל אתהאבן מעל פי הבאר וישק אתצאן לבן אחי אמו,"And when Jacob saw Rachel, the daughter of his unclecuncle Lit. “mother’s brother.” Laban, and the flock of his uncle Laban, Jacob went up and rolled the stone off the mouth of the well, and watered the flock of his uncle Laban. ",Ninguno
Genesis,29,11,וישק יעקב לרחל וישא אתקלו ויבך,"Then Jacob kissed Rachel, and broke into tears. ",Ninguno
Genesis,29,12,ויגד יעקב לרחל כי אחי אביה הוא וכי בןרבקה הוא ותרץ ותגד לאביה,"Jacob told Rachel that he was her father’s kinsman, that he was Rebekah’s son; and she ran and told her father. ",Ninguno
Genesis,29,13,ויהי כשמע לבן אתשמע&thinsp;<b></b> יעקב בןאחתו וירץ לקראתו ויחבקלו וינשקלו ויביאהו אלביתו ויספר ללבן את כלהדברים האלה,"On hearing the news of his sister’s son Jacob, Laban ran to greet him; he embraced him and kissed him, and took him into his house. He told Laban all that had happened, ",Ninguno
Genesis,29,14,ויאמר לו לבן אך עצמי ובשרי אתה וישב עמו חדש ימים,"and Laban said to him, “You are truly my bone and flesh.”When he had stayed with him a month’s time, ",Ninguno
Genesis,29,15,ויאמר לבן ליעקב הכיאחי אתה ועבדתני חנם הגידה לי מהמשכרתך,"Laban said to Jacob, “Just because you are a kinsman, should you serve me for nothing? Tell me, what shall your wages be?” ",Ninguno
Genesis,29,16,וללבן שתי בנות שם הגדלה לאה ושם הקטנה רחל,"Now Laban had two daughters; the name of the older one was Leah, and the name of the younger was Rachel. ",Ninguno
Genesis,29,17,ועיני לאה רכות ורחל היתה יפתתאר ויפת מראה,Leah had weak eyes; Rachel was shapely and beautiful.,Ninguno
Genesis,29,18,ויאהב יעקב אתרחל ויאמר אעבדך שבע שנים ברחל בתך הקטנה,"Jacob loved Rachel; so he answered, “I will serve you seven years for your younger daughter Rachel.” ",Ninguno
Genesis,29,19,ויאמר לבן טוב תתי אתה לך מתתי אתה לאיש אחר שבה עמדי,"Laban said, “Better that I give her to you than that I should give her to an outsider. Stay with me.” ",Ninguno
Genesis,29,20,ויעבד יעקב ברחל שבע שנים ויהיו בעיניו כימים אחדים באהבתו אתה,So Jacob served seven years for Rachel and they seemed to him but a few days because of his love for her.,Ninguno
Genesis,29,21,ויאמר יעקב אללבן הבה אתאשתי כי מלאו ימי ואבואה אליה,"Then Jacob said to Laban, “Give me my wife, for my time is fulfilled, that I may cohabit with her.” ",Ninguno
Genesis,29,22,ויאסף לבן אתכלאנשי המקום ויעש משתה,And Laban gathered all the people of the placedpeople of the place Or “local dignitaries.” and made a feast. ,Ninguno
Genesis,29,23,ויהי בערב ויקח אתלאה בתו ויבא אתה אליו ויבא אליה,"When evening came, he took his daughter Leah and brought her to him; and he cohabited with her.— ",Ninguno
Genesis,29,24,ויתן לבן לה אתזלפה שפחתו ללאה בתו שפחה,Laban had given his maidservant Zilpah to his daughter Leah as her maid.—,Ninguno
Genesis,29,25,ויהי בבקר והנההוא לאה ויאמר אללבן מהזאת עשית לי הלא ברחל עבדתי עמך ולמה רמיתני,"When morning came, there was Leah! So he said to Laban, “What is this you have done to me? I was in your service for Rachel! Why did you deceive me?” ",Ninguno
Genesis,29,26,ויאמר לבן לאיעשה כן במקומנו לתת הצעירה לפני הבכירה,"Laban said, “It is not the practice in our place to marry off the younger before the older. ",Ninguno
Genesis,29,27,מלא שבע זאת ונתנה לך גםאתזאת בעבדה אשר תעבד עמדי עוד שבעשנים אחרות,"Wait until the bridal week of this one is over and we will give you that one too, provided you serve me another seven years.” ",Ninguno
Genesis,29,28,ויעש יעקב כן וימלא שבע זאת ויתןלו אתרחל בתו לו לאשה,"Jacob did so; he waited out the bridal week of the one, and then he gave him his daughter Rachel as wife.— ",Ninguno
Genesis,29,29,ויתן לבן לרחל בתו אתבלהה שפחתו לה לשפחה,Laban had given his maidservant Bilhah to his daughter Rachel as her maid.—,Ninguno
Genesis,29,30,ויבא גם אלרחל ויאהב גםאתרחל מלאה ויעבד עמו עוד שבעשנים אחרות,"And Jacob cohabited with Rachel also; indeed, he loved Rachel more than Leah. And he served him another seven years.",Ninguno
Genesis,29,31,וירא יהוה כישנואה לאה ויפתח אתרחמה ורחל עקרה,"Seeing that Leah was unloved, GOD opened her womb; but Rachel was infertile. ",Ninguno
Genesis,29,32,ותהר לאה ותלד בן ותקרא שמו ראובן כי אמרה כיראה יהוה בעניי כי עתה יאהבני אישי,"Leah conceived and bore a son, and named him Reuben;eReuben Understood as “See a son.” for she declared, “It means: ‘GOD has seenfhas seen Heb. raʼah, connected with the first part of “Reuben.” my affliction’; it also means: ‘Now my husband will love me.’”gwill love me Heb. yeʼehabani, connected with the end of “Reuben.” ",Ninguno
Genesis,29,33,ותהר עוד ותלד בן ותאמר כישמע יהוה כישנואה אנכי ויתןלי גםאתזה ותקרא שמו שמעון,"She conceived again and bore a son, and declared, “This is because GOD heardhheard Heb. shamaʻ, connected with “Simeon.” that I was unloved and has given me this one also”; so she named him Simeon. ",Ninguno
Genesis,29,34,ותהר עוד ותלד בן ותאמר עתה הפעם ילוה אישי אלי כיילדתי לו שלשה בנים עלכן קראשמו לוי,"Again she conceived and bore a son and declared, “This time my husband will become attachediwill become attached Heb. yillaweh, connected with “Levi.” to me, for I have borne him three sons.” Therefore he was named Levi. ",Ninguno
Genesis,29,35,ותהר עוד ותלד בן ותאמר הפעם אודה אתיהוה עלכן קראה שמו יהודה ותעמד מלדת,"She conceived again and bore a son, and declared, “This time I will praisejI will praise Heb. ʼodeh, connected with “Judah.” GOD.” Therefore she named him Judah. Then she stopped bearing.",Ninguno
Genesis,30,1,ותרא רחל כי לא ילדה ליעקב ותקנא רחל באחתה ותאמר אליעקב הבהלי בנים ואםאין מתה אנכי,"When Rachel saw that she had borne Jacob no children, she became envious of her sister; and Rachel said to Jacob, “Give me children, or I shall die.” ",Ninguno
Genesis,30,2,ויחראף יעקב ברחל ויאמר התחת אלהים אנכי אשרמנע ממך פריבטן,"Jacob was incensed at Rachel, and said, “Can I take the place of God, who has denied you fruit of the womb?” ",Ninguno
Genesis,30,3,ותאמר הנה אמתי בלהה בא אליה ותלד עלברכי ואבנה גםאנכי ממנה,"She said, “Here is my maid Bilhah. Consort with her, that she may bear on my knees and that through her I too may have children.” ",Ninguno
Genesis,30,4,ותתןלו אתבלהה שפחתה לאשה ויבא אליה יעקב,"So she gave him her maid Bilhah as concubine, and Jacob cohabited with her. ",Ninguno
Genesis,30,5,ותהר בלהה ותלד ליעקב בן,Bilhah conceived and bore Jacob a son.,Ninguno
Genesis,30,6,ותאמר רחל דנני אלהים וגם שמע בקלי ויתןלי בן עלכן קראה שמו דן,"And Rachel said, “God has vindicated me;ahas vindicated me Heb. dananni, connected with “Dan.” indeed, [God] has heeded my plea and given me a son.” Therefore she named him Dan. ",Ninguno
Genesis,30,7,ותהר עוד ותלד בלהה שפחת רחל בן שני ליעקב,Rachel’s maid Bilhah conceived again and bore Jacob a second son.,Ninguno
Genesis,30,8,ותאמר רחל נפתולי אלהים&thinsp;<small></small>&thinsp;נפתלתי עםאחתי גםיכלתי ותקרא שמו נפתלי,"And Rachel said, “A fateful contest I wagedbA fateful contest I waged Heb. naphtule…naphtalti, connected with “Naphtali.” Lit. “A contest of God….” with my sister; yes, and I have prevailed.” So she named him Naphtali.",Ninguno
Genesis,30,9,ותרא לאה כי עמדה מלדת ותקח אתזלפה שפחתה ותתן אתה ליעקב לאשה,"When Leah saw that she had stopped bearing children, she took her maid Zilpah and gave her to Jacob as concubine. ",Ninguno
Genesis,30,10,ותלד זלפה שפחת לאה ליעקב בן,"And when Leah’s maid Zilpah bore Jacob a son, ",Ninguno
Genesis,30,11,"ותאמר לאה <span class=""mam-kq""><span class=""mam-kq-k"">(בגד)</span> <span class=""mam-kq-q"">[בא גד]</span></span> ותקרא אתשמו גד","Leah said, “What luck!”cWhat luck! So the kethib, which reads begad; the qere reads baʼ gad “luck has come”; connected with “Gad.” So she named him Gad. ",Ninguno
Genesis,30,12,ותלד זלפה שפחת לאה בן שני ליעקב,"When Leah’s maid Zilpah bore Jacob a second son, ",Ninguno
Genesis,30,13,ותאמר לאה באשרי כי אשרוני בנות ותקרא אתשמו אשר,"Leah declared, “What fortune!”dWhat fortune! Heb. be-ʼoshri, connected with “Asher.” meaning, “Women will deem me fortunate.” So she named him Asher.",Ninguno
Genesis,30,14,וילך ראובן בימי קצירחטים וימצא דודאים בשדה ויבא אתם אללאה אמו ותאמר רחל אללאה תנינא לי מדודאי בנך,"Once, at the time of the wheat harvest, Reuben came upon some mandrakes in the field and brought them to his mother Leah. Rachel said to Leah, “Please give me some of your son’s mandrakes.” ",Ninguno
Genesis,30,15,ותאמר לה המעט קחתך אתאישי ולקחת גם אתדודאי בני ותאמר רחל לכן ישכב עמך הלילה תחת דודאי בנך,"But she said to her, “Was it not enough for you to take away my husband, that you would also take my son’s mandrakes?” Rachel replied, “I promise, he shall lie with you tonight, in return for your son’s mandrakes.” ",Ninguno
Genesis,30,16,ויבא יעקב מןהשדה בערב ותצא לאה לקראתו ותאמר אלי תבוא כי שכר שכרתיך בדודאי בני וישכב עמה בלילה הוא,"When Jacob came home from the field in the evening, Leah went out to meet him and said, “You are to sleep with me, for I have hired you with my son’s mandrakes.” And he lay with her that night. ",Ninguno
Genesis,30,17,וישמע אלהים אללאה ותהר ותלד ליעקב בן חמישי,"God heeded Leah, and she conceived and bore him a fifth son. ",Ninguno
Genesis,30,18,ותאמר לאה נתן אלהים שכרי אשרנתתי שפחתי לאישי ותקרא שמו יששכר,"And Leah said, “God has given me my rewardemy reward Heb. sekhari, connected with “Issachar.” for having given my maid to my husband.” So she named him Issachar. ",Ninguno
Genesis,30,19,ותהר עוד לאה ותלד בןששי ליעקב,"When Leah conceived again and bore Jacob a sixth son, ",Ninguno
Genesis,30,20,ותאמר לאה זבדני אלהים&thinsp;<small></small>&thinsp;אתי זבד טוב הפעם יזבלני אישי כיילדתי לו ששה בנים ותקרא אתשמו זבלון,"Leah said, “God has given me a choice gift;fhas given me a choice gift Heb. zebadani…zebed. this time my husband will exalt me,gwill exalt me Heb. yizbeleni; in contrast to others “will dwell with me.” for I have borne him six sons.” So she named him Zebulun. ",Ninguno
Genesis,30,21,ואחר ילדה בת ותקרא אתשמה דינה,"Last, she bore him a daughter, and named her Dinah.",Ninguno
Genesis,30,22,ויזכר אלהים אתרחל וישמע אליה אלהים ויפתח אתרחמה,Now God remembered Rachel; God heeded her and opened her womb.,Ninguno
Genesis,30,23,ותהר ותלד בן ותאמר אסף אלהים אתחרפתי,"She conceived and bore a son, and said, “God has taken awayhhas taken away Heb. ʼasaph, connected with “Joseph.” my disgrace.” ",Ninguno
Genesis,30,24,ותקרא אתשמו יוסף לאמר יסף יהוה לי בן אחר,"So she named him Joseph, that is to say, “May GOD addiadd Heb. yoseph, connected with “Joseph.” another son for me.”",Ninguno
Genesis,30,25,ויהי כאשר ילדה רחל אתיוסף ויאמר יעקב אללבן שלחני ואלכה אלמקומי ולארצי,"After Rachel had borne Joseph, Jacob said to Laban, “Give me leave to go back to my own homeland. ",Ninguno
Genesis,30,26,תנה אתנשי ואתילדי אשר עבדתי אתך בהן ואלכה כי אתה ידעת אתעבדתי אשר עבדתיך,"Give me my wives and my children, for whom I have served you, that I may go; for well you know what services I have rendered you.” ",Percepción (Yada)
Genesis,30,27,ויאמר אליו לבן אםנא מצאתי חן בעיניך נחשתי ויברכני יהוה בגללך,"But Laban said to him, “If you will indulge me,jIf you will indulge me Lit. “If I have found favor in your eyes.” I have learned by divination that GOD has blessed me on your account.” ",Ninguno
Genesis,30,28,ויאמר נקבה שכרך עלי ואתנה,"And he continued, “Name the wages due from me, and I will pay you.” ",Ninguno
Genesis,30,29,ויאמר אליו אתה ידעת את אשר עבדתיך ואת אשרהיה מקנך אתי,"But he said, “You know well how I have served you and how your livestock has fared with me. ",Percepción (Yada)
Genesis,30,30,כי מעט אשרהיה לך לפני ויפרץ לרב ויברך יהוה אתך לרגלי ועתה מתי אעשה גםאנכי לביתי,"For the little you had before I came has grown to much, since GOD has blessed you wherever I turned. And now, when shall I make provision for my own household?” ",Ninguno
Genesis,30,31,ויאמר מה אתןלך ויאמר יעקב לאתתןלי מאומה אםתעשהלי הדבר הזה אשובה ארעה צאנך אשמר,"He said, “What shall I pay you?” And Jacob said, “Pay me nothing! If you will do this thing for me, I will again pasture and keep your flocks: ",Ninguno
Genesis,30,32,אעבר בכלצאנך היום הסר משם כלשה&thinsp;<b></b> נקד וטלוא וכלשהחום בכשבים וטלוא ונקד בעזים והיה שכרי,"let me pass through your whole flock today, removing from there every speckled and spotted animal—every dark-colored sheep and every spotted and speckled goat. Such shall be my wages. ",Ninguno
Genesis,30,33,וענתהבי צדקתי ביום מחר כיתבוא עלשכרי לפניך כל אשראיננו נקד וטלוא בעזים וחום בכשבים גנוב הוא אתי,"In the future when you go over my wages, let my honesty toward you testify for me: if there are among my goats any that are not speckled or spotted or any sheep that are not dark-colored, they got there by theft.” ",Ninguno
Genesis,30,34,ויאמר לבן הן לו יהי כדברך,"And Laban said, “Very well, let it be as you say.”",Ninguno
Genesis,30,35,ויסר ביום ההוא אתהתישים העקדים והטלאים ואת כלהעזים הנקדות והטלאת כל אשרלבן בו וכלחום בכשבים ויתן בידבניו,"But that same day he removed the streaked and spotted he-goats and all the speckled and spotted she-goats—every one that had white on it—and all the dark-colored sheep, and left them in the charge of his sons. ",Ninguno
Genesis,30,36,וישם דרך שלשת ימים בינו ובין יעקב ויעקב רעה אתצאן לבן הנותרת,"And he put a distance of three days’ journey between himself and Jacob, while Jacob was pasturing the rest of Laban’s flock.",Separación (Beyn)
Genesis,30,37,ויקחלו יעקב מקל לבנה לח ולוז וערמון ויפצל בהן פצלות לבנות מחשף הלבן אשר עלהמקלות,"Jacob then got fresh shoots of poplar, and of almond and plane, and peeled white stripes in them, laying bare the white of the shoots. ",Ninguno
Genesis,30,38,ויצג אתהמקלות אשר פצל ברהטים בשקתות המים אשר תבאן הצאן לשתות לנכח הצאן ויחמנה בבאן לשתות,"The rods that he had peeled he set up in front of the goatskgoats Lit. “flocks.” in the troughs, the water receptacles, that the goats came to drink from. Their mating occurred when they came to drink, ",Ninguno
Genesis,30,39,ויחמו הצאן אלהמקלות ותלדן הצאן עקדים נקדים וטלאים,"and since the goats mated by the rods, the goats brought forth streaked, speckled, and spotted young. ",Ninguno
Genesis,30,40,והכשבים הפריד יעקב ויתן פני הצאן אלעקד וכלחום בצאן לבן וישתלו עדרים לבדו ולא שתם עלצאן לבן,"But Jacob dealt separately with the sheep; he made these animals face the streaked or wholly dark-colored animals in Laban’s flock. And so he produced special flocks for himself, which he did not put with Laban’s flocks. ",Ninguno
Genesis,30,41,והיה בכליחם הצאן המקשרות ושם יעקב אתהמקלות לעיני הצאן ברהטים ליחמנה במקלות,"Moreover, when the sturdierlsturdier Or “early-breeding.” animals were mating, Jacob would place the rods in the troughs, in full view of the animals, so that they mated by the rods; ",Ninguno
Genesis,30,42,ובהעטיף הצאן לא ישים והיה העטפים ללבן והקשרים ליעקב,but with the feeblermfeebler Or “late-breeding.” animals he would not place them there. Thus the feeblenfeeble Cf. previous note. ones went to Laban and the sturdy to Jacob. ,Ninguno
Genesis,30,43,ויפרץ האיש מאד מאד ויהילו צאן רבות ושפחות ועבדים וגמלים וחמרים,"So the man grew exceedingly prosperous, and came to own large flocks, maidservants and menservants, camels and donkeys.",Ninguno
Genesis,31,1,וישמע אתדברי בנילבן לאמר לקח יעקב את כלאשר לאבינו ומאשר לאבינו עשה את כלהכבד הזה,"Now he heard the things that Laban’s sons were saying: “Jacob has taken all that was our father’s, and from that which was our father’s he has built up all this wealth.” ",Ninguno
Genesis,31,2,וירא יעקב אתפני לבן והנה איננו עמו כתמול שלשום,Jacob also saw that Laban’s manner toward him was not as it had been in the past.,Ninguno
Genesis,31,3,ויאמר יהוה אליעקב שוב אלארץ אבותיך ולמולדתך ואהיה עמך,"Then GODaGOD This label can refer to an angel, as speaking on GOD’s behalf; cf. v. 11, Kimhi. said to Jacob, “Return to your ancestors’ land—where you were born—and I will be with you.” ",Ninguno
Genesis,31,4,וישלח יעקב ויקרא לרחל וללאה השדה אלצאנו,"Jacob had Rachel and Leah called to the field, where his flock was, ",Ninguno
Genesis,31,5,ויאמר להן ראה אנכי אתפני אביכן כיאיננו אלי כתמל שלשם ואלהי אבי היה עמדי,"and said to them, “I see that your father’s manner toward me is not as it has been in the past. But the God of my fatherbmy father Including his household. has been with me. ",Ninguno
Genesis,31,6,ואתנה ידעתן כי בכלכחי עבדתי אתאביכן,"As you know, I have served your father with all my might; ",Percepción (Yada)
Genesis,31,7,ואביכן התל בי והחלף אתמשכרתי עשרת מנים ולאנתנו אלהים להרע עמדי,"but your father has cheated me, changing my wages time and again.ctime and again Lit. “ten times.” God, however, would not let him do me harm. ",Ninguno
Genesis,31,8,אםכה יאמר נקדים יהיה שכרך וילדו כלהצאן נקדים ואםכה יאמר עקדים יהיה שכרך וילדו כלהצאן עקדים,"If he said thus, ‘The speckled shall be your wages,’ then all the flocks would drop speckled young; and if he said thus, ‘The streaked shall be your wages,’ then all the flocks would drop streaked young. ",Ninguno
Genesis,31,9,ויצל אלהים אתמקנה אביכם ויתןלי,God has taken away your father’s livestock and given it to me.,Ninguno
Genesis,31,10,ויהי בעת יחם הצאן ואשא עיני וארא בחלום והנה העתדים העלים עלהצאן עקדים נקדים וברדים,"“Once, at the mating time of the flocks, I had a dream in which I sawdI had a dream in which I saw Lit. “I raised my eyes and saw in a dream, behold.” that the he-goats mating with the flock were streaked, speckled, and mottled. ",Ninguno
Genesis,31,11,ויאמר אלי מלאך האלהים בחלום יעקב ואמר הנני,"And in the dream an angelean angel Heb. “a messenger”; and so, too, in the next verse. of God said to me, ‘Jacob!’ ‘Here,’ I answered. ",Ninguno
Genesis,31,12,ויאמר שאנא עיניך וראה כלהעתדים העלים עלהצאן עקדים נקדים וברדים כי ראיתי את כלאשר לבן עשה לך,"And the angel said, ‘Note well that all the he-goats that are mating with the flock are streaked, speckled, and mottled; for I have noted all that Laban has been doing to you. ",Ninguno
Genesis,31,13,אנכי האל ביתאל אשר משחת שם מצבה אשר נדרת לי שם נדר עתה קום צא מןהארץ הזאת ושוב אלארץ מולדתך,"I am the God of Bethel, where you anointed a pillar and where you made a vow to Me. Now, arise and leave this land and return to your native land.’”",Ninguno
Genesis,31,14,ותען רחל ולאה ותאמרנה לו העוד לנו חלק ונחלה בבית אבינו,"Then Rachel and Leah answered him, saying, “Have we still a share in the inheritance of our father’s house? ",Ninguno
Genesis,31,15,הלוא נכריות נחשבנו לו כי מכרנו ויאכל גםאכול אתכספנו,"Surely, he regards us as outsiders, now that he has sold us and has used up our purchase price. ",Ninguno
Genesis,31,16,כי כלהעשר אשר הציל אלהים מאבינו לנו הוא ולבנינו ועתה כל אשר אמר אלהים אליך עשה,"Truly, all the wealth that God has taken away from our father belongs to us and to our children. Now then, do just as God has told you.”",Ninguno
Genesis,31,17,ויקם יעקב וישא אתבניו ואתנשיו עלהגמלים,Thereupon Jacob put his children and wives on camels;,Ninguno
Genesis,31,18,וינהג אתכלמקנהו ואתכלרכשו אשר רכש מקנה קנינו אשר רכש בפדן ארם לבוא אליצחק אביו ארצה כנען,"and he drove off all his livestock and all the wealth that he had amassed, the livestock in his possession that he had acquired in Paddan-aram, to go to his father Isaac in the land of Canaan.",Ninguno
Genesis,31,19,ולבן הלך לגזז אתצאנו ותגנב רחל אתהתרפים אשר לאביה,"Meanwhile Laban had gone to shear his sheep, and Rachel stole her father’s oracle idols.foracle idols Figurines, apparently with a human form, used as a medium in divination. ",Ninguno
Genesis,31,20,ויגנב יעקב אתלב לבן הארמי עלבלי הגיד לו כי ברח הוא,"Jacob kept Laban the Aramean in the dark,gkept Laban the Aramean in the dark Lit. “stole the mind of Laban the Aramean”; similarly in v. 26. not telling him that he was fleeing, ",Ninguno
Genesis,31,21,ויברח הוא וכלאשרלו ויקם ויעבר אתהנהר וישם אתפניו הר הגלעד,and fled with all that he had. Soon he was across the Euphrates and heading toward the hill country of Gilead.,Ninguno
Genesis,31,22,ויגד ללבן ביום השלישי כי ברח יעקב,"On the third day, Laban was told that Jacob had fled. ",Ninguno
Genesis,31,23,ויקח אתאחיו עמו וירדף אחריו דרך שבעת ימים וידבק אתו בהר הגלעד,"So he took his kinsmen with him and pursued him a distance of seven days, catching up with him in the hill country of Gilead. ",Ninguno
Genesis,31,24,ויבא אלהים אללבן הארמי בחלם הלילה ויאמר לו השמר לך פןתדבר עםיעקב מטוב עדרע,"But God appeared to Laban the Aramean in a dream by night and said to him, “Beware of attempting anything with Jacob, good or bad.”",Ninguno
Genesis,31,25,וישג לבן אתיעקב ויעקב תקע אתאהלו בהר ולבן תקע אתאחיו בהר הגלעד,"Laban overtook Jacob. Jacob had pitched his tent on the Height, and Laban with his kinsmen encamped in the hill country of Gilead. ",Ninguno
Genesis,31,26,ויאמר לבן ליעקב מה עשית ותגנב אתלבבי ותנהג אתבנתי כשביות חרב,"And Laban said to Jacob, “What did you mean by keeping me in the dark and carrying off my daughters like captives of the sword? ",Ninguno
Genesis,31,27,למה נחבאת לברח ותגנב אתי ולאהגדת לי ואשלחך בשמחה ובשרים בתף ובכנור,"Why did you flee in secrecy and mislead me and not tell me? I would have sent you off with festive music, with hand-drum and lyre. ",Ninguno
Genesis,31,28,ולא נטשתני לנשק לבני ולבנתי עתה הסכלת עשו,You did not even let me kiss my familyhfamily Lit. “sons and daughters.” good-by! It was a foolish thing for you to do. ,Ninguno
Genesis,31,29,ישלאל ידי לעשות עמכם רע ואלהי אביכם אמש&thinsp;<b></b> אמר אלי לאמר השמר לך מדבר עםיעקב מטוב עדרע,"I have it in my power to do you harm; but the God of your fatheriyour father Cf. note at v. 5. said to me last night, ‘Beware of attempting anything with Jacob, good or bad.’ ",Ninguno
Genesis,31,30,ועתה הלך הלכת כינכסף נכספתה לבית אביך למה גנבת אתאלהי,"Very well, you had to leave because you were longing for your father’s house; but why did you steal my gods?”",Ninguno
Genesis,31,31,ויען יעקב ויאמר ללבן כי יראתי כי אמרתי פןתגזל אתבנותיך מעמי,"Jacob answered Laban, saying, “I was afraid because I thought you would take your daughters from me by force. ",Ninguno
Genesis,31,32,עם אשר תמצא אתאלהיך לא יחיה נגד אחינו הכרלך מה עמדי וקחלך ולאידע יעקב כי רחל גנבתם,"But anyone with whom you find your gods shall not remain alive! In the presence of our kin, point out what I have of yours and take it.” Jacob, of course, did not know that Rachel had stolen them.",Percepción (Yada)
Genesis,31,33,ויבא לבן באהל יעקב&thinsp;<b></b> ובאהל לאה ובאהל שתי האמהת ולא מצא ויצא מאהל לאה ויבא באהל רחל,"So Laban went into Jacob’s tent and Leah’s tent and the tents of the two maidservants; but he did not find them. Leaving Leah’s tent, he entered Rachel’s tent. ",Ninguno
Genesis,31,34,ורחל לקחה אתהתרפים ותשמם בכר הגמל ותשב עליהם וימשש לבן אתכלהאהל ולא מצא,"Rachel, meanwhile, had taken the idols and placed them in the camel cushion and sat on them; and Laban rummaged through the tent without finding them. ",Ninguno
Genesis,31,35,ותאמר אלאביה אליחר בעיני אדני כי לוא אוכל לקום מפניך כידרך נשים לי ויחפש ולא מצא אתהתרפים,"For she said to her father, “Let not my lord take it amiss that I cannot rise before you, for I am in a womanly way.” Thus he searched, but could not find the oracle idols.",Ninguno
Genesis,31,36,ויחר ליעקב וירב בלבן ויען יעקב ויאמר ללבן מהפשעי מה חטאתי כי דלקת אחרי,"Now Jacob became incensed and took up his grievance with Laban. Jacob spoke up and said to Laban, “What is my crime, what is my guilt that you should pursue me? ",Ninguno
Genesis,31,37,כימששת אתכלכלי מהמצאת מכל כליביתך שים כה נגד אחי ואחיך ויוכיחו בין שנינו,"You rummaged through all my things; what have you found of all your household objects? Set it here, before my kin and yours, and let them decide between us two.",Separación (Beyn)
Genesis,31,38,זה עשרים שנה אנכי עמך רחליך ועזיך לא שכלו ואילי צאנך לא אכלתי,"“These twenty years I have spent in your service, your ewes and she-goats never miscarried, nor did I feast on rams from your flock. ",Ninguno
Genesis,31,39,טרפה לאהבאתי אליך אנכי אחטנה מידי תבקשנה גנבתי יום וגנבתי לילה,"That which was torn by beasts I never brought to you; I myself made good the loss; you exacted it of me, whether snatched by day or snatched by night. ",Ninguno
Genesis,31,40,הייתי ביום אכלני חרב וקרח בלילה ותדד שנתי מעיני,"Often,jOften Lit. “I was.” scorching heat ravaged me by day and frost by night; and sleep fled from my eyes. ",Ninguno
Genesis,31,41,זהלי עשרים שנה בביתך עבדתיך ארבעעשרה שנה בשתי בנתיך ושש שנים בצאנך ותחלף אתמשכרתי עשרת מנים,"Of the twenty years that I spent in your household, I served you fourteen years for your two daughters, and six years for your flocks; and you changed my wages time and again.ktime and again Lit. “ten times.” ",Ninguno
Genesis,31,42,לולי אלהי אבי אלהי אברהם ופחד יצחק היה לי כי עתה ריקם שלחתני אתעניי ואתיגיע כפי ראה אלהים ויוכח אמש,"Had not the God of my fatherlmy father See note at v. 5.—the God of Abraham and the FearmFear Meaning of Heb. paḥad uncertain. of Isaac—been with me, you would have sent me away empty-handed. But it was my plight and the toil of my hands that God took notice of—and gave judgment on last night.”",Ninguno
Genesis,31,43,ויען לבן ויאמר אליעקב הבנות בנתי והבנים בני והצאן צאני וכל אשראתה ראה ליהוא ולבנתי מהאעשה לאלה היום או לבניהן אשר ילדו,"Then Laban spoke up and said to Jacob, “The daughters are my daughters, the children are my children, and the flocks are my flocks; all that you see is mine. Yet what can I do now about my daughters or the children they have borne? ",Ninguno
Genesis,31,44,ועתה לכה נכרתה ברית אני ואתה והיה לעד ביני ובינך,"Come, then, let us make a pact, you and I, that there may be a witness between you and me.” ",Ninguno
Genesis,31,45,ויקח יעקב אבן וירימה מצבה,Thereupon Jacob took a stone and set it up as a pillar.,Ninguno
Genesis,31,46,ויאמר יעקב לאחיו לקטו אבנים ויקחו אבנים ויעשוגל ויאכלו שם עלהגל,"And Jacob said to his kinsmen, “Gather stones.” So they took stones and made a mound; and they partook of a meal there by the mound. ",Ninguno
Genesis,31,47,ויקראלו לבן יגר שהדותא ויעקב קרא לו גלעד,"Laban named it Yegar-sahadutha,nYegar-sahadutha Aramaic for “the mound (or: stone-heap) of witness.” but Jacob named it Gal-ed.oGal-ed Heb. for “the mound (or: stone-heap) of witness,” reflecting the name Gilead, v. 23. ",Ninguno
Genesis,31,48,ויאמר לבן הגל הזה עד ביני ובינך היום עלכן קראשמו גלעד,"And Laban declared, “This mound is a witness between you and me this day.” That is why it was named Gal-ed; ",Ninguno
Genesis,31,49,והמצפה אשר אמר יצף יהוה ביני ובינך כי נסתר איש מרעהו,"and [it was called] Mizpah, because he said, “May GOD watchpwatch Heb. yiṣeph, associated with miṣpah (Mizpah). between you and me, when we are out of sight of each other. ",Ninguno
Genesis,31,50,אםתענה אתבנתי ואםתקח נשים עלבנתי אין איש עמנו ראה אלהים עד ביני ובינך,"If you ill-treat my daughters or take other wives besides my daughters—though no one elseqno one else Among the witnesses to this agreement, who should intervene if it is violated; cf. Kimhi. be about, remember, it is God who will be witness between you and me.”",Ninguno
Genesis,31,51,ויאמר לבן ליעקב הנה&thinsp;<b></b> הגל הזה והנה המצבה אשר יריתי ביני ובינך,"And Laban said to Jacob, “Here is this mound and here the pillar that I have set up between you and me: ",Ninguno
Genesis,31,52,עד הגל הזה ועדה המצבה אםאני לאאעבר אליך אתהגל הזה ואםאתה לאתעבר אלי אתהגל הזה ואתהמצבה הזאת לרעה,"this mound shall be witness and this pillar shall be witness that I am not to cross to you past this mound, and that you are not to cross to me past this mound and this pillar, with hostile intent. ",Ninguno
Genesis,31,53,אלהי אברהם ואלהי נחור ישפטו בינינו אלהי אביהם וישבע יעקב בפחד אביו יצחק,May the God of Abraham and the god of Nahor”—their ancestral deities—“judge between us.” And Jacob swore by the FearrFear Meaning of Heb. paḥad uncertain. of his father Isaac. ,Ninguno
Genesis,31,54,ויזבח יעקב זבח בהר ויקרא לאחיו לאכללחם ויאכלו לחם וילינו בהר,"Jacob then offered up a sacrifice on the Height, and invited his kinsmen to partake of the meal. After the meal, they spent the night on the Height.",Ninguno
Genesis,32,1,וישכם לבן בבקר וינשק לבניו ולבנותיו ויברך אתהם וילך וישב לבן למקמו,"aThis verse is labeled as 31.55 in some editions, and chapter 32 starts with the next verse. Early in the morning, Laban kissed his familybfamily See note at 31.28. and bade them good-by; then Laban left on his journey homeward. ",Ninguno
Genesis,32,2,ויעקב הלך לדרכו ויפגעובו מלאכי אלהים,"Jacob went on his way, and angelscangels Heb. “messengers.” of God encountered him. ",Ninguno
Genesis,32,3,"ויאמר יעקב כאשר ראם מחנה אלהים זה ויקרא שםהמקום ההוא מחנים&nbsp;<span class=""mam-spi-pe"">{פ}</span><br>","When he saw them, Jacob said, “This is God’s camp.” So he named that place Mahanaim.dMahanaim Connected with Heb. maḥaneh “camp.” ",Ninguno
Genesis,32,4,וישלח יעקב מלאכים לפניו אלעשו אחיו ארצה שעיר שדה אדום,"Jacob sent messengers ahead to his brother Esau in the land of Seir, the country of Edom, ",Ninguno
Genesis,32,5,ויצו אתם לאמר כה תאמרון לאדני לעשו כה אמר עבדך יעקב עםלבן גרתי ואחר עדעתה,"and instructed them as follows, “Thus shall you say, ‘To my lord Esau, thus says your servant Jacob:eThus shall you say, ‘To my lord Esau, thus says your servant Jacob…’ Or “Thus you shall say to my lord Esau, ‘Thus says your servant Jacob…’” I stayed with Laban and remained until now; ",Ninguno
Genesis,32,6,ויהילי שור וחמור צאן ועבד ושפחה ואשלחה להגיד לאדני למצאחן בעיניך,"I have acquired cattle, donkeys, sheep, and male and female slaves; and I send this message to my lord in the hope of gaining your favor.’” ",Ninguno
Genesis,32,7,וישבו המלאכים אליעקב לאמר באנו אלאחיך אלעשו וגם הלך לקראתך וארבעמאות איש עמו,"The messengers returned to Jacob, saying, “We came to your brother Esau; he himself is coming to meet you, and there are four hundred men with him.” ",Ninguno
Genesis,32,8,ויירא יעקב מאד ויצר לו ויחץ אתהעם אשראתו ואתהצאן ואתהבקר והגמלים לשני מחנות,"Jacob was greatly frightened; in his anxiety, he divided the people with him, and the flocks and herds and camels, into two camps, ",Ninguno
Genesis,32,9,ויאמר אםיבוא עשו אלהמחנה האחת והכהו והיה המחנה הנשאר לפליטה,"thinking, “If Esau comes to the one camp and attacks it, the other camp may yet escape.”",Ninguno
Genesis,32,10,ויאמר יעקב אלהי אבי אברהם ואלהי אבי יצחק יהוה האמר אלי שוב לארצך ולמולדתך ואיטיבה עמך,"Then Jacob said, “O God of my father Abraham and God of my father Isaac,fmy father Abraham and…my father Isaac Including their households. O ETERNAL One, who said to me, ‘Return to your native land and I will deal bountifully with you’! ",Ninguno
Genesis,32,11,קטנתי מכל החסדים ומכלהאמת אשר עשית אתעבדך כי במקלי עברתי אתהירדן הזה ועתה הייתי לשני מחנות,"I am unworthy of all the kindness that You have so steadfastly shown Your servant: with my staff alone I crossed this Jordan, and now I have become two camps. ",Ninguno
Genesis,32,12,הצילני נא מיד אחי מיד עשו כיירא אנכי אתו פןיבוא והכני אם עלבנים,"Deliver me, I pray, from the hand of my brother, from the hand of Esau; else, I fear, he may come and strike me down, mothers and children alike. ",Ninguno
Genesis,32,13,ואתה אמרת היטב איטיב עמך ושמתי אתזרעך כחול הים אשר לאיספר מרב,"Yet You have said, ‘I will deal bountifully with you and make your offspring as the sands of the sea, which are too numerous to count.’”",Ninguno
Genesis,32,14,וילן שם בלילה ההוא ויקח מןהבא בידו מנחה לעשו אחיו,"After spending the night there, he selected from what was at hand these presents for his brother Esau: ",Ninguno
Genesis,32,15,עזים מאתים ותישים עשרים רחלים מאתים ואילים עשרים,200 she-goats and 20 he-goats; 200 ewes and 20 rams;,Ninguno
Genesis,32,16,גמלים מיניקות ובניהם שלשים פרות ארבעים ופרים עשרה אתנת עשרים ועירם עשרה,30 milch camels with their colts; 40 cows and 10 bulls; 20 jennies and 10 jackasses.,Ninguno
Genesis,32,17,ויתן בידעבדיו עדר עדר לבדו ויאמר אלעבדיו עברו לפני ורוח תשימו בין עדר ובין עדר,"These he put in the charge of his servants, drove by drove, and he told his servants, “Go on ahead, and keep a distance between droves.” ","Percepción (Yada), Separación (Beyn)"
Genesis,32,18,ויצו אתהראשון לאמר כי יפגשך עשו אחי ושאלך לאמר למיאתה ואנה תלך ולמי אלה לפניך,"He instructed the one in front as follows, “When my brother Esau meets you and asks you, ‘Who’s your master? Where are you going? And whose [animals] are these ahead of you?’ ",Ninguno
Genesis,32,19,ואמרת לעבדך ליעקב מנחה הוא שלוחה לאדני לעשו והנה גםהוא אחרינו,"you shall answer, ‘Your servant Jacob’s; they are a gift sent to my lord Esau; and [Jacob] himself is right behind us.’” ",Ninguno
Genesis,32,20,ויצו גם אתהשני גם אתהשלישי גם אתכלההלכים אחרי העדרים לאמר כדבר הזה תדברון אלעשו במצאכם אתו,"He gave similar instructions to the second one, and the third, and all the others who followed the droves, namely, “Thus and so shall you say to Esau when you reach him. ",Ninguno
Genesis,32,21,ואמרתם גם הנה עבדך יעקב אחרינו כיאמר אכפרה פניו במנחה ההלכת לפני ואחריכן אראה פניו אולי ישא פני,"And you shall add, ‘And your servant Jacob himself is right behind us.’” For he reasoned, “If I propitiate him with presents in advance, and then face him, perhaps he will show me favor.” ",Ninguno
Genesis,32,22,ותעבר המנחה עלפניו והוא לן בלילהההוא במחנה,"And so the gift went on ahead, while he remained in camp that night.",Ninguno
Genesis,32,23,ויקם&thinsp;<b></b> בלילה הוא ויקח אתשתי נשיו ואתשתי שפחתיו ואתאחד עשר ילדיו ויעבר את מעבר יבק,"That same night he arose, and taking his two wives, his two maidservants, and his eleven sons,gsons Heb. “children.” he crossed the ford of the Jabbok. ",Ninguno
Genesis,32,24,ויקחם ויעברם אתהנחל ויעבר אתאשרלו,"After taking them across the stream, he sent across all his possessions. ",Ninguno
Genesis,32,25,ויותר יעקב לבדו ויאבק איש עמו עד עלות השחר,"Jacob was left alone. And a figurehfigure Or “challenger.” In contrast to others “man.” wrestled withiwrestled with Or “embraced”; cf. Rashi, Luzzatto. Meaning of Heb. uncertain. him until the break of dawn. ",Ninguno
Genesis,32,26,וירא כי לא יכל לו ויגע בכףירכו ותקע כףירך יעקב בהאבקו עמו,"When he saw that he had not prevailed against him, he wrenched Jacob’s hip at its socket, so that the socket of his hip was strained as he wrestled withjwrestled with See the second note at v. 25. him. ",Ninguno
Genesis,32,27,ויאמר שלחני כי עלה השחר ויאמר לא אשלחך כי אםברכתני,"Then he said, “Let me go, for dawn is breaking.” But he answered, “I will not let you go, unless you bless me.” ",Ninguno
Genesis,32,28,ויאמר אליו מהשמך ויאמר יעקב,"Said the other, “What is your name?” He replied, “Jacob.” ",Ninguno
Genesis,32,29,ויאמר לא יעקב יאמר עוד שמך כי אםישראל כישרית עםאלהים ועםאנשים ותוכל,"Said he, “Your name shall no longer be Jacob, but Israel, for you have strivenkstriven Heb. saritha, connected with first part of “Israel.” with beings divine and human,lbeings divine and human Or “God (ʼElohim, connected with second part of ‘Israel’) and human beings.” and have prevailed.” ",Ninguno
Genesis,32,30,וישאל יעקב ויאמר הגידהנא שמך ויאמר למה זה תשאל לשמי ויברך אתו שם,"Jacob asked, “Pray tell me your name.” But he said, “You must not ask my name!” And he took leave of him there. ",Ninguno
Genesis,32,31,ויקרא יעקב שם המקום פניאל כיראיתי אלהים פנים אלפנים ותנצל נפשי,"So Jacob named the place Peniel,mPeniel Understood as “face of God.” meaning, “I have seen a divine being face to face, yet my life has been preserved.” ",Ninguno
Genesis,32,32,ויזרחלו השמש כאשר עבר אתפנואל והוא צלע עלירכו,"The sun rose upon him as he passed Penuel, limping on his hip. ",Ninguno
Genesis,32,33,עלכן לאיאכלו בניישראל אתגיד הנשה אשר עלכף הירך עד היום הזה כי נגע בכףירך יעקב בגיד הנשה,"That is why the children of Israel to this day do not eat the thigh muscle that is on the socket of the hip, since Jacob’s hip socket was wrenched at the thigh muscle.",Ninguno
Genesis,33,1,וישא יעקב עיניו וירא והנה עשו בא ועמו ארבע מאות איש ויחץ אתהילדים עללאה ועלרחל ועל שתי השפחות,"Looking up, Jacob saw Esau coming, accompanied by four hundred men. He divided the childrenachildren Cf. 32.23 and note there. among Leah, Rachel, and the two maids, ",Ninguno
Genesis,33,2,וישם אתהשפחות ואתילדיהן ראשנה ואתלאה וילדיה אחרנים ואתרחל ואתיוסף אחרנים,"putting the maids and their children first, Leah and her children next, and Rachel and Joseph last. ",Ninguno
Genesis,33,3,והוא עבר לפניהם וישתחו ארצה שבע פעמים עדגשתו עדאחיו,He himself went on ahead and bowed low to the ground seven times until he was near his brother.,Ninguno
Genesis,33,4,וירץ עשו לקראתו ויחבקהו ויפל עלצוארו וישקהו ויבכו,"Esau ran to greet him. He embraced him and, falling on his neck, he kissed him; and they wept. ",Ninguno
Genesis,33,5,וישא אתעיניו וירא אתהנשים ואתהילדים ויאמר מיאלה לך ויאמר הילדים אשרחנן אלהים אתעבדך,"Looking about, he saw the women and the children. “Who,” he asked, “are these with you?” He answered, “The children with whom God has favored your servant.” ",Ninguno
Genesis,33,6,ותגשן השפחות הנה וילדיהן ותשתחוין,"Then the maids, with their children, came forward and bowed low; ",Ninguno
Genesis,33,7,ותגש גםלאה וילדיה וישתחוו ואחר נגש יוסף ורחל וישתחוו,"next Leah, with her children, came forward and bowed low; and last, Joseph and Rachel came forward and bowed low. ",Ninguno
Genesis,33,8,ויאמר מי לך כלהמחנה הזה אשר פגשתי ויאמר למצאחן בעיני אדני,"And he asked, “What do you mean by all this company that I have met?” He answered, “To gain my lord’s favor.” ",Ninguno
Genesis,33,9,ויאמר עשו ישלי רב אחי יהי לך אשרלך,"Esau said, “I have enough, my brother; let what you have remain yours.” ",Ninguno
Genesis,33,10,ויאמר יעקב אלנא אםנא מצאתי חן בעיניך ולקחת מנחתי מידי כי עלכן ראיתי פניך כראת פני אלהים ותרצני,"But Jacob said, “No, I pray you; if you would do me this favor, accept from me this gift; for to see your face is like seeing the face of God, and you have received me favorably. ",Ninguno
Genesis,33,11,קחנא אתברכתי אשר הבאת לך כיחנני אלהים וכי ישליכל ויפצרבו ויקח,"Please accept my present that has been brought to you, for God has favored me and I have plenty.” And when he urged him, he accepted.",Ninguno
Genesis,33,12,ויאמר נסעה ונלכה ואלכה לנגדך,"And [Esau] said, “Let us start on our journey, and I will proceed at your pace.” ",Ninguno
Genesis,33,13,ויאמר אליו אדני ידע כיהילדים רכים והצאן והבקר עלות עלי ודפקום יום אחד ומתו כלהצאן,"But he said to him, “My lord knows that the children are frail and that the flocks and herds, which are nursing, are a care to me; if they are driven hard a single day, all the flocks will die. ",Percepción (Yada)
Genesis,33,14,יעברנא אדני לפני עבדו ואני אתנהלה לאטי לרגל המלאכה אשרלפני ולרגל הילדים עד אשראבא אלאדני שעירה,"Let my lord go on ahead of his servant, while I travel slowly, at the pace of the cattle before me and at the pace of the children, until I come to my lord in Seir.”",Ninguno
Genesis,33,15,ויאמר עשו אציגהנא עמך מןהעם אשר אתי ויאמר למה זה אמצאחן בעיני אדני,"Then Esau said, “Let me assign to you some of the people who are with me.” But he said, “Oh no, my lord is too kind to me!” ",Ninguno
Genesis,33,16,וישב ביום ההוא עשו לדרכו שעירה,So Esau started back that day on his way to Seir.,Ninguno
Genesis,33,17,"ויעקב נסע סכתה ויבן לו בית ולמקנהו עשה סכת עלכן קרא שםהמקום סכות&nbsp;<span class=""mam-spi-samekh"">{ס}</span>&nbsp;&nbsp;&nbsp;&nbsp;&nbsp;&nbsp;&nbsp;&nbsp;","But Jacob journeyed on to Succoth, and built a house for himself and made stalls for his cattle; that is why the place was called Succoth.bSuccoth Meaning “stalls,” “huts,” “booths.” ",Ninguno
Genesis,33,18,ויבא יעקב שלם עיר שכם אשר בארץ כנען בבאו מפדן ארם ויחן אתפני העיר,Jacob arrived safe in the city of Shechem that is in the land of Canaan—having come thus from Paddan-aram—and he encamped before the city.,Ninguno
Genesis,33,19,ויקן אתחלקת השדה אשר נטהשם אהלו מיד בניחמור אבי שכם במאה קשיטה,"The parcel of land where he pitched his tent he purchased from the kin of Hamor, Shechem’s father, for a hundred kesitahs.ckesitahs Heb. qesiṭah, a unit of unknown value. ",Ninguno
Genesis,33,20,"ויצבשם מזבח ויקראלו אל אלהי ישראל&nbsp;<span class=""mam-spi-samekh"">{ס}</span>&nbsp;&nbsp;&nbsp;&nbsp;&nbsp;&nbsp;&nbsp;&nbsp;","He set up an altar there, and called it El-elohe-yisrael.dEl-elohe-yisrael “El, God of Israel.” ",Ninguno
Genesis,34,1,ותצא דינה בתלאה אשר ילדה ליעקב לראות בבנות הארץ,"Now Dinah, the daughter whom Leah had borne to Jacob, went out to visit the daughters of the land. ",Ninguno
Genesis,34,2,וירא אתה שכם בןחמור החוי נשיא הארץ ויקח אתה וישכב אתה ויענה,"Shechem son of Hamor the Hivite, chief of the country, saw her, and took her and lay with her and disgracedadisgraced Lit. “violated.” her. ",Ninguno
Genesis,34,3,ותדבק נפשו בדינה בתיעקב ויאהב אתהנער וידבר עללב הנער,"Being strongly drawn to Dinah daughter of Jacob, and in love with the maiden, he spoke to the maiden tenderly. ",Ninguno
Genesis,34,4,ויאמר שכם אלחמור אביו לאמר קחלי אתהילדה הזאת לאשה,"So Shechem said to his father Hamor, “Get me this girl as a wife.”",Ninguno
Genesis,34,5,ויעקב שמע כי טמא אתדינה בתו ובניו היו אתמקנהו בשדה והחרש יעקב עדבאם,"Jacob heard that he had defiled his daughter Dinah; but since his sons were in the field with his cattle, Jacob kept silent until they came home. ",Ninguno
Genesis,34,6,ויצא חמור אבישכם אליעקב לדבר אתו,Then Shechem’s father Hamor came out to Jacob to speak to him.,Ninguno
Genesis,34,7,ובני יעקב באו מןהשדה כשמעם ויתעצבו האנשים ויחר להם מאד כינבלה עשה בישראל לשכב אתבתיעקב וכן לא יעשה,"Meanwhile Jacob’s sons, having heard the news, came in from the field. They were distressed and very angry, because he had committed an outrage in Israel by lying with Jacob’s daughter—a thing not to be done.",Ninguno
Genesis,34,8,וידבר חמור אתם לאמר שכם בני חשקה נפשו בבתכם תנו נא אתה לו לאשה,"And Hamor spoke with them, saying, “My son Shechem longs for your daughter. Please give her to him in marriage. ",Ninguno
Genesis,34,9,והתחתנו אתנו בנתיכם תתנולנו ואתבנתינו תקחו לכם,"Intermarry with us: give your daughters to us, and take our daughters for yourselves: ",Ninguno
Genesis,34,10,ואתנו תשבו והארץ תהיה לפניכם שבו וסחרוה והאחזו בה,"You will dwell among us, and the land will be open before you; settle, move about, and acquire holdings in it.” ",Ninguno
Genesis,34,11,ויאמר שכם אלאביה ואלאחיה אמצאחן בעיניכם ואשר תאמרו אלי אתן,"Then Shechem said to her father and brothers, “Do me this favor, and I will pay whatever you tell me. ",Ninguno
Genesis,34,12,הרבו עלי מאד מהר ומתן ואתנה כאשר תאמרו אלי ותנולי אתהנער לאשה,"Ask of me a bride-price ever so high, as well as gifts, and I will pay what you tell me; only give me the maiden for a wife.”",Ninguno
Genesis,34,13,ויענו בנייעקב אתשכם ואתחמור אביו במרמה וידברו אשר טמא את דינה אחתם,Jacob’s sons answered Shechem and his father Hamor—speaking with guile because he had defiled their sister Dinah—,Ninguno
Genesis,34,14,ויאמרו אליהם לא נוכל לעשות הדבר הזה לתת אתאחתנו לאיש אשרלו ערלה כיחרפה הוא לנו,"and said to them, “We cannot do this thing, to give our sister to a man who is uncircumcised, for that is a disgrace among us. ",Ninguno
Genesis,34,15,אךבזאת נאות לכם אם תהיו כמנו להמל לכם כלזכר,Only on this condition will we agree with you; that you will become like us in that every male among you is circumcised.,Ninguno
Genesis,34,16,ונתנו אתבנתינו לכם ואתבנתיכם נקחלנו וישבנו אתכם והיינו לעם אחד,Then we will give our daughters to you and take your daughters to ourselves; and we will dwell among you and become as one kindred.,Ninguno
Genesis,34,17,ואםלא תשמעו אלינו להמול ולקחנו אתבתנו והלכנו,"But if you will not listen to us and become circumcised, we will take our daughter and go.”",Ninguno
Genesis,34,18,וייטבו דבריהם בעיני חמור ובעיני שכם בןחמור,Their words pleased Hamor and Hamor’s son Shechem.,Ninguno
Genesis,34,19,ולאאחר הנער לעשות הדבר כי חפץ בבתיעקב והוא נכבד מכל בית אביו,"And the youth lost no time in doing the thing, for he wanted Jacob’s daughter. Now he was the most respected in his father’s house. ",Ninguno
Genesis,34,20,ויבא חמור ושכם בנו אלשער עירם וידברו אלאנשי עירם לאמר,"So Hamor and his son Shechem went to the public placebpublic place Lit. “gate.” of their town and spoke to their fellow townsmen, saying, ",Ninguno
Genesis,34,21,האנשים האלה שלמים הם אתנו וישבו בארץ ויסחרו אתה והארץ הנה רחבתידים לפניהם אתבנתם נקחלנו לנשים ואתבנתינו נתן להם,"“These people are our friends; let them settle in the land and move about in it, for the land is large enough for them; we will take their daughters to ourselves as wives and give our daughters to them. ",Ninguno
Genesis,34,22,אךבזאת יאתו לנו האנשים לשבת אתנו להיות לעם אחד בהמול לנו כלזכר כאשר הם נמלים,But only on this condition will they agree with us to dwell among us and be as one kindred: that all our males become circumcised as they are circumcised.,Ninguno
Genesis,34,23,מקנהם וקנינם וכלבהמתם הלוא לנו הם אך נאותה להם וישבו אתנו,"Their cattle and substance and all their other animals will be ours, if we only agree to their terms, so that they will settle among us.” ",Ninguno
Genesis,34,24,וישמעו אלחמור ואלשכם בנו כליצאי שער עירו וימלו כלזכר כליצאי שער עירו,"All his fellow townsmencAll his fellow townsmen Lit. “all who go out of the gate of his town.” heeded Hamor and his son Shechem, and all males, all his fellow townsmen, were circumcised.",Ninguno
Genesis,34,25,ויהי ביום השלישי בהיותם כאבים ויקחו שניבנייעקב שמעון ולוי אחי דינה איש חרבו ויבאו עלהעיר בטח ויהרגו כלזכר,"On the third day, when they were in pain, Simeon and Levi, two of Jacob’s sons, brothers of Dinah, took each his sword, came upon the city unmolested, and slew all the males. ",Ninguno
Genesis,34,26,ואתחמור ואתשכם בנו הרגו לפיחרב ויקחו אתדינה מבית שכם ויצאו,"They put Hamor and his son Shechem to the sword, took Dinah out of Shechem’s house, and went away. ",Ninguno
Genesis,34,27,בני יעקב באו עלהחללים ויבזו העיר אשר טמאו אחותם,"The other sons of Jacob came upon the slain and plundered the town, because their sister had been defiled. ",Ninguno
Genesis,34,28,אתצאנם ואתבקרם ואתחמריהם ואת אשרבעיר ואתאשר בשדה לקחו,"They seized their flocks and herds and donkeys, all that was inside the town and outside; ",Ninguno
Genesis,34,29,ואתכלחילם ואתכלטפם ואתנשיהם שבו ויבזו ואת כלאשר בבית,"all their wealth, all their children, and their wives, all that was in the houses, they took as captives and booty.",Ninguno
Genesis,34,30,ויאמר יעקב אלשמעון ואללוי עכרתם אתי להבאישני בישב הארץ בכנעני ובפרזי ואני מתי מספר ונאספו עלי והכוני ונשמדתי אני וביתי,"Jacob said to Simeon and Levi, “You have brought trouble on me, making me odious among the inhabitants of the land, the Canaanites and the Perizzites; my men are few in number, so that if they unite against me and attack me, I and my house will be destroyed.” ",Ninguno
Genesis,34,31,"ויאמרו הכזונה יעשה אתאחותנו&nbsp;<span class=""mam-spi-pe"">{פ}</span><br>","But they answered, “Should our sister be treated like a whore?”",Ninguno
Genesis,35,1,ויאמר אלהים אליעקב קום עלה ביתאל ושבשם ועשהשם מזבח לאל הנראה אליך בברחך מפני עשו אחיך,"God said to Jacob, “Arise, go up to Bethel and remain there; and build an altar there to the God who appeared toaappeared to See note at 12.7. you when you were fleeing from your brother Esau.” ",Ninguno
Genesis,35,2,ויאמר יעקב אלביתו ואל כלאשר עמו הסרו אתאלהי הנכר אשר בתככם והטהרו והחליפו שמלתיכם,"So Jacob said to his household and to all who were with him, “Rid yourselves of the alien gods in your midst, purify yourselves, and change your clothes. ",Ninguno
Genesis,35,3,ונקומה ונעלה ביתאל ואעשהשם מזבח לאל הענה אתי ביום צרתי ויהי עמדי בדרך אשר הלכתי,"Come, let us go up to Bethel, and I will build an altar there to the God who answered me when I was in distress and who has been with me wherever I have gone.” ",Ninguno
Genesis,35,4,ויתנו אליעקב את כלאלהי הנכר אשר בידם ואתהנזמים אשר באזניהם ויטמן אתם יעקב תחת האלה אשר עםשכם,"They gave to Jacob all the alien gods that they had, and the rings that were in their ears, and Jacob buried them under the terebinth that was near Shechem. ",Ninguno
Genesis,35,5,ויסעו ויהי&thinsp;<b></b> חתת אלהים עלהערים אשר סביבותיהם ולא רדפו אחרי בני יעקב,"As they set out, a terror from God fell on the cities round about, so that they did not pursue the sons of Jacob.",Ninguno
Genesis,35,6,ויבא יעקב לוזה אשר בארץ כנען הוא ביתאל הוא וכלהעם אשרעמו,"Thus Jacob came to Luz—that is, Bethel—in the land of Canaan, he and all the people who were with him. ",Ninguno
Genesis,35,7,ויבן שם מזבח ויקרא למקום אל ביתאל כי שם נגלו אליו האלהים בברחו מפני אחיו,"There he built an altar and named the site El-bethel,bEl-bethel “The God of Bethel.” for it was there that God had been revealed to him when he was fleeing from his brother.",Ninguno
Genesis,35,8,"ותמת דברה מינקת רבקה ותקבר מתחת לביתאל תחת האלון ויקרא שמו אלון בכות&nbsp;<span class=""mam-spi-pe"">{פ}</span><br>","Deborah, Rebekah’s nurse, died, and was buried under the oak below Bethel; so it was named Allon-bacuth.cAllon-bacuth Understood as “the oak of the weeping.” ",Ninguno
Genesis,35,9,וירא אלהים אליעקב עוד בבאו מפדן ארם ויברך אתו,"God appeared again todappeared…to Or “made contact with,” perhaps via an agent; cf. vv. 9–15 with 17.1–22; 18.1–33 and notes there. Jacob on his arrival from Paddan-aram. God blessed him, ",Ninguno
Genesis,35,10,ויאמרלו אלהים שמך יעקב לאיקרא שמך עוד יעקב כי אםישראל יהיה שמך ויקרא אתשמו ישראל,"saying to him,“You whose name is Jacob,You shall be called Jacob no more,But Israel shall be your name.”Thus he was named Israel.",Ninguno
Genesis,35,11,ויאמר לו אלהים אני אל שדי פרה ורבה גוי וקהל גוים יהיה ממך ומלכים מחלציך יצאו,"And GodeGod This label may refer to an agent—as speaking on God’s behalf; cf. v. 13. said to him,“I am El Shaddai.fEl Shaddai Cf. 17.1. Be fertile and increase;A nation, yea an assembly of nations,Shall descend from you.Kings shall issue from your loins.",Ninguno
Genesis,35,12,ואתהארץ אשר נתתי לאברהם וליצחק לך אתננה ולזרעך אחריך אתן אתהארץ,The land that I assigned to Abraham and IsaacI assign to you;And to your offspring to comeWill I assign the land.”,Ninguno
Genesis,35,13,ויעל מעליו אלהים במקום אשרדבר אתו,GodgGod See note at v. 11. parted from him at the spot where he had been addressed; ,Ninguno
Genesis,35,14,ויצב יעקב מצבה במקום אשרדבר אתו מצבת אבן ויסך עליה נסך ויצק עליה שמן,"and Jacob set up a pillar at the site where he had been addressed, a pillar of stone, and he offered a libation on it and poured oil upon it. ",Ninguno
Genesis,35,15,ויקרא יעקב אתשם המקום אשר דבר אתו שם אלהים ביתאל,"Jacob gave the site, where GodhGod See note at v. 13; cf. first note at 16.13. had spoken to him, the name of Bethel.",Ninguno
Genesis,35,16,ויסעו מבית אל ויהיעוד כברתהארץ לבוא אפרתה ותלד רחל ותקש בלדתה,"They set out from Bethel; but when they were still some distance short of Ephrath, Rachel was in childbirth, and she had hard labor. ",Ninguno
Genesis,35,17,ויהי בהקשתה בלדתה ותאמר לה המילדת אלתיראי כיגםזה לך בן,"When her labor was at its hardest, the midwife said to her, “Have no fear, for it is another boy for you.” ",Ninguno
Genesis,35,18,ויהי בצאת נפשה כי מתה ותקרא שמו בןאוני ואביו קראלו בנימין,"But as she breathed her last—for she was dying—she named him Ben-oni;iBen-oni Understood as “son of my suffering (or, strength).” but his father called him Benjamin.jBenjamin I.e., “son of the right hand,” or “son of the south.” ",Control/Derecha (Yamin)
Genesis,35,19,ותמת רחל ותקבר בדרך אפרתה הוא בית לחם,Thus Rachel died. She was buried on the road to Ephrath—now Bethlehem.,Ninguno
Genesis,35,20,ויצב יעקב מצבה עלקברתה הוא מצבת קברתרחל עדהיום,Over her grave Jacob set up a pillar; it is the pillar at Rachel’s grave to this day.,Ninguno
Genesis,35,21,ויסע ישראל ויט אהלה מהלאה למגדלעדר,"Israel journeyed on, and pitched his tent beyond Migdal-eder.",Ninguno
Genesis,35,22,"ויהי בשכן ישראל בארץ ההוא וילך ראובן וישכב אתבלהה פילגש אביו וישמע ישרא͏ל&nbsp;<span class=""mam-spi-pe"">{פ}</span><br>ויהיו בנייעקב שנים עשר","While Israel stayed in that land, Reuben went and lay with Bilhah, his father’s concubine; and Israel found out.Now the sons of Jacob were twelve in number. ",Ninguno
Genesis,35,23,בני לאה בכור יעקב ראובן ושמעון ולוי ויהודה ויששכר וזבלון,"The sons of Leah: Reuben—Jacob’s first-born—Simeon, Levi, Judah, Issachar, and Zebulun. ",Ninguno
Genesis,35,24,בני רחל יוסף ובנימן,The sons of Rachel: Joseph and Benjamin.,Ninguno
Genesis,35,25,ובני בלהה שפחת רחל דן ונפתלי,"The sons of Bilhah, Rachel’s maid: Dan and Naphtali. ",Ninguno
Genesis,35,26,ובני זלפה שפחת לאה גד ואשר אלה בני יעקב אשר ילדלו בפדן ארם,"And the sons of Zilpah, Leah’s maid: Gad and Asher. These are the sons of Jacob who were born to him in Paddan-aram.",Ninguno
Genesis,35,27,ויבא יעקב אליצחק אביו ממרא קרית הארבע הוא חברון אשרגרשם אברהם ויצחק,"And Jacob came to his father Isaac at Mamre, at Kiriath-arba—now Hebron—where Abraham and Isaac had sojourned. ",Ninguno
Genesis,35,28,ויהיו ימי יצחק מאת שנה ושמנים שנה,Isaac was a hundred and eighty years old,Ninguno
Genesis,35,29,"ויגוע יצחק וימת ויאסף אלעמיו זקן ושבע ימים ויקברו אתו עשו ויעקב בניו&nbsp;<span class=""mam-spi-pe"">{פ}</span><br>",when hekhe Heb. “Isaac.” breathed his last and died. He was gathered to his kin in ripe old age; and he was buried by his sons Esau and Jacob.,Ninguno
Genesis,36,1,ואלה תלדות עשו הוא אדום,"This is the line of Esau—that is, Edom.",Ninguno
Genesis,36,2,עשו לקח אתנשיו מבנות כנען אתעדה בתאילון החתי ואתאהליבמה בתענה בתצבעון החוי,"Esau took his wives from among the Canaanite women—Adah daughter of Elon the Hittite, and Oholibamah daughter of Anah daughter of Zibeon the HiviteaHivite Cf. v. 20, “Horite.”— ",Ninguno
Genesis,36,3,ואתבשמת בתישמעאל אחות נביות,and also Basemath daughter of Ishmael and sister of Nebaioth.,Ninguno
Genesis,36,4,ותלד עדה לעשו אתאליפז ובשמת ילדה אתרעואל,Adah bore to Esau Eliphaz; Basemath bore Reuel;,Ninguno
Genesis,36,5,"ואהליבמה ילדה את<span class=""mam-kq""><span class=""mam-kq-q"">[יעוש]</span> <span class=""mam-kq-k"">(יעיש)</span></span> ואתיעלם ואתקרח אלה בני עשו אשר ילדולו בארץ כנען","and Oholibamah bore Jeush, Jalam, and Korah. Those were the sons of Esau, who were born to him in the land of Canaan.",Ninguno
Genesis,36,6,ויקח עשו אתנשיו ואתבניו ואתבנתיו ואתכלנפשות ביתו ואתמקנהו ואתכלבהמתו ואת כלקנינו אשר רכש בארץ כנען וילך אלארץ מפני יעקב אחיו,"Esau took his wives, his sons and daughters, and all the members of his household, his cattle and all his livestock, and all the property that he had acquired in the land of Canaan, and went to another land because of his brother Jacob. ",Ninguno
Genesis,36,7,כיהיה רכושם רב משבת יחדו ולא יכלה ארץ מגוריהם לשאת אתם מפני מקניהם,"For their possessions were too many for them to dwell together, and the land where they sojourned could not support them because of their livestock. ",Ninguno
Genesis,36,8,וישב עשו בהר שעיר עשו הוא אדום,So Esau settled in the hill country of Seir—Esau being Edom.,Ninguno
Genesis,36,9,ואלה תלדות עשו אבי אדום בהר שעיר,"This, then, is the line of Esau, the ancestor of the Edomites, in the hill country of Seir.",Ninguno
Genesis,36,10,אלה שמות בניעשו אליפז בןעדה אשת עשו רעואל בןבשמת אשת עשו,"These are the names of Esau’s sons: Eliphaz, the son of Esau’s wife Adah; Reuel, the son of Esau’s wife Basemath. ",Ninguno
Genesis,36,11,ויהיו בני אליפז תימן אומר צפו וגעתם וקנז,"The sons of Eliphaz were Teman, Omar, Zepho, Gatam, and Kenaz. ",Ninguno
Genesis,36,12,ותמנע&thinsp;<b></b> היתה פילגש לאליפז בןעשו ותלד לאליפז אתעמלק אלה בני עדה אשת עשו,Timna was a concubine of Esau’s son Eliphaz; she bore Amalek to Eliphaz. Those were the descendants of Esau’s wife Adah.,Ninguno
Genesis,36,13,ואלה בני רעואל נחת וזרח שמה ומזה אלה היו בני בשמת אשת עשו,"And these were the sons of Reuel: Nahath, Zerah, Shammah, and Mizzah. Those were the descendants of Esau’s wife Basemath. ",Ninguno
Genesis,36,14,"ואלה היו בני אהליבמה בתענה בתצבעון אשת עשו ותלד לעשו את<span class=""mam-kq""><span class=""mam-kq-q"">[יעוש]</span> <span class=""mam-kq-k"">(יעיש)</span></span> ואתיעלם ואתקרח","And these were the sons of Esau’s wife Oholibamah, daughter of Anah daughter of Zibeon: she bore to Esau Jeush, Jalam, and Korah.",Ninguno
Genesis,36,15,אלה אלופי בניעשו בני אליפז בכור עשו אלוף תימן אלוף אומר אלוף צפו אלוף קנז,"These are the clans of the sons of Esau. The descendants of Esau’s first-born Eliphaz: the clans Teman, Omar, Zepho, Kenaz, ",Ninguno
Genesis,36,16,אלוףקרח אלוף געתם אלוף עמלק אלה אלופי אליפז בארץ אדום אלה בני עדה,"Korah, Gatam, and Amalek; these are the clans of Eliphaz in the land of Edom. Those are the descendants of Adah. ",Ninguno
Genesis,36,17,ואלה בני רעואל בןעשו אלוף נחת אלוף זרח אלוף שמה אלוף מזה אלה אלופי רעואל בארץ אדום אלה בני בשמת אשת עשו,"And these are the descendants of Esau’s son Reuel: the clans Nahath, Zerah, Shammah, and Mizzah; these are the clans of Reuel in the land of Edom. Those are the descendants of Esau’s wife Basemath. ",Ninguno
Genesis,36,18,ואלה בני אהליבמה אשת עשו אלוף יעוש אלוף יעלם אלוף קרח אלה אלופי אהליבמה בתענה אשת עשו,"And these are the descendants of Esau’s wife Oholibamah: the clans Jeush, Jalam, and Korah; these are the clans of Esau’s wife Oholibamah, the daughter of Anah. ",Ninguno
Genesis,36,19,"אלה בניעשו ואלה אלופיהם הוא אדום&nbsp;<span class=""mam-spi-samekh"">{ס}</span>&nbsp;&nbsp;&nbsp;&nbsp;&nbsp;&nbsp;&nbsp;&nbsp;","Those were the sons of Esau—that is, Edom—and those are their clans.",Ninguno
Genesis,36,20,אלה בנישעיר החרי ישבי הארץ לוטן ושובל וצבעון וענה,"These were the sons of Seir the Horite, who were settled in the land: Lotan, Shobal, Zibeon, Anah, ",Ninguno
Genesis,36,21,ודשון ואצר ודישן אלה אלופי החרי בני שעיר בארץ אדום,"Dishon, Ezer, and Dishan. Those are the clans of the Horites, the descendants of Seir, in the land of Edom.",Ninguno
Genesis,36,22,ויהיו בנילוטן חרי והימם ואחות לוטן תמנע,The sons of Lotan were Hori and Hemam; and Lotan’s sister was Timna.,Ninguno
Genesis,36,23,ואלה בני שובל עלון ומנחת ועיבל שפו ואונם,"The sons of Shobal were these: Alvan, Manahath, Ebal, Shepho, and Onam. ",Ninguno
Genesis,36,24,ואלה בניצבעון ואיה וענה הוא ענה אשר מצא אתהימם במדבר ברעתו אתהחמרים לצבעון אביו,The sons of Zibeon were these: AiahbAiah Heb. “and Aiah.” and Anah—that was the Anah who discovered the hot springschot springs Meaning of Heb. yemim uncertain. in the wilderness while pasturing the donkeys of his father Zibeon. ,Ninguno
Genesis,36,25,ואלה בניענה דשן ואהליבמה בתענה,The children of Anah were these: Dishon and Anah’s daughter Oholibamah.,Ninguno
Genesis,36,26,ואלה בני דישן חמדן ואשבן ויתרן וכרן,"The sons of DishondDishon Heb. Dishan; cf. vv. 21, 25, 28, and 30. were these: Hemdan, Eshban, Ithran, and Cheran. ",Ninguno
Genesis,36,27,אלה בניאצר בלהן וזעון ועקן,"The sons of Ezer were these: Bilhan, Zaavan, and Akan. ",Ninguno
Genesis,36,28,אלה בנידישן עוץ וארן,And the sons of Dishan were these: Uz and Aran.,Ninguno
Genesis,36,29,אלה אלופי החרי אלוף לוטן אלוף שובל אלוף צבעון אלוף ענה,"These are the clans of the Horites: the clans Lotan, Shobal, Zibeon, Anah, ",Ninguno
Genesis,36,30,"אלוף דשן אלוף אצר אלוף דישן אלה אלופי החרי לאלפיהם בארץ שעיר&nbsp;<span class=""mam-spi-pe"">{פ}</span><br>","Dishon, Ezer, and Dishan. Those are the clans of the Horites, clan by clan, in the land of Seir.",Ninguno
Genesis,36,31,ואלה המלכים אשר מלכו בארץ אדום לפני מלךמלך לבני ישראל,These are the kings who reigned in the land of Edom before any king reigned over the Israelites.,Ninguno
Genesis,36,32,וימלך באדום בלע בןבעור ושם עירו דנהבה,"Bela son of Beor reigned in Edom, and the name of his city was Dinhabah. ",Ninguno
Genesis,36,33,וימת בלע וימלך תחתיו יובב בןזרח מבצרה,"When Bela died, Jobab son of Zerah, from Bozrah, succeeded him as king. ",Ninguno
Genesis,36,34,וימת יובב וימלך תחתיו חשם מארץ התימני,"When Jobab died, Husham of the land of the Temanites succeeded him as king. ",Ninguno
Genesis,36,35,וימת חשם וימלך תחתיו הדד בןבדד המכה אתמדין בשדה מואב ושם עירו עוית,"When Husham died, Hadad son of Bedad, who defeated the Midianites in the country of Moab, succeeded him as king; the name of his city was Avith. ",Ninguno
Genesis,36,36,וימת הדד וימלך תחתיו שמלה ממשרקה,"When Hadad died, Samlah of Masrekah succeeded him as king. ",Ninguno
Genesis,36,37,וימת שמלה וימלך תחתיו שאול מרחבות הנהר,"When Samlah died, SauleSaul Or “Shaul.” of Rehoboth-on-the-river succeeded him as king. ",Ninguno
Genesis,36,38,וימת שאול וימלך תחתיו בעל חנן בןעכבור,"When Saul died, Baal-hanan son of Achbor succeeded him as king. ",Ninguno
Genesis,36,39,וימת בעל חנן בןעכבור וימלך תחתיו הדר ושם עירו פעו ושם אשתו מהיטבאל בתמטרד בת מי זהב,"And when Baal-hanan son of Achbor died, Hadar succeeded him as king; the name of his city was Pau, and his wife’s name was Mehetabel daughter of Matred daughter of Me-zahab.",Ninguno
Genesis,36,40,ואלה שמות אלופי עשו למשפחתם למקמתם בשמתם אלוף תמנע אלוף עלוה אלוף יתת,"These are the names of the clans of Esau, each with its families and locality, name by name: the clans Timna, Alvah, Jetheth, ",Ninguno
Genesis,36,41,אלוף אהליבמה אלוף אלה אלוף פינן,"Oholibamah, Elah, Pinon, ",Ninguno
Genesis,36,42,אלוף קנז אלוף תימן אלוף מבצר,"Kenaz, Teman, Mibzar, ",Ninguno
Genesis,36,43,"אלוף מגדיאל אלוף עירם אלה&thinsp;<b></b> אלופי אדום למשבתם בארץ אחזתם הוא עשו אבי אדום&nbsp;<span class=""mam-spi-pe"">{פ}</span><br>","Magdiel, and Iram. Those are the clans of Edom—that is, of Esau, father of the Edomites—by their settlements in the land that they hold.",Ninguno
Genesis,37,1,וישב יעקב בארץ מגורי אביו בארץ כנען,"Now Jacob was settled in the land where his father had sojourned, the land of Canaan. ",Ninguno
Genesis,37,2,אלה&thinsp;<b></b> תלדות יעקב יוסף בןשבעעשרה שנה היה רעה אתאחיו בצאן והוא נער אתבני בלהה ואתבני זלפה נשי אביו ויבא יוסף אתדבתם רעה אלאביהם,"This, then, is the line of Jacob:At seventeen years of age, Joseph tended the flocks with his brothers, as a helper to the sons of his father’s wives Bilhah and Zilpah. And Joseph brought bad reports of them to their father. ",Ninguno
Genesis,37,3,וישראל אהב אתיוסף מכלבניו כיבןזקנים הוא לו ועשה לו כתנת פסים,Now Israel loved Joseph best of all his sons—he was the child of his old age; and he had made him an ornamented tunic.aornamented tunic Or “a coat of many colors”; meaning of Heb. uncertain. ,Ninguno
Genesis,37,4,ויראו אחיו כיאתו אהב אביהם מכלאחיו וישנאו אתו ולא יכלו דברו לשלם,"And when his brothers saw that their father loved him more than any of his brothers, they hated him so that they could not speak a friendly word to him.",Ninguno
Genesis,37,5,ויחלם יוסף חלום ויגד לאחיו ויוספו עוד שנא אתו,Once Joseph had a dream that he told to his brothers; and they hated him even more.,Ninguno
Genesis,37,6,ויאמר אליהם שמעונא החלום הזה אשר חלמתי,"He said to them, “Hear this dream that I have dreamed: ",Ninguno
Genesis,37,7,והנה אנחנו מאלמים אלמים בתוך השדה והנה קמה אלמתי וגםנצבה והנה תסבינה אלמתיכם ותשתחוין לאלמתי,"There we were binding sheaves in the field, when suddenly my sheaf stood up and remained upright; then your sheaves gathered around and bowed low to my sheaf.” ",Ninguno
Genesis,37,8,ויאמרו לו אחיו המלך תמלך עלינו אםמשול תמשל בנו ויוספו עוד שנא אתו עלחלמתיו ועלדבריו,"His brothers answered, “Do you mean to reign over us? Do you mean to rule over us?” And they hated him even more for his talk about his dreams.",Ninguno
Genesis,37,9,ויחלם עוד חלום אחר ויספר אתו לאחיו ויאמר הנה חלמתי חלום עוד והנה השמש והירח ואחד עשר כוכבים משתחוים לי,"He dreamed another dream and told it to his brothers, saying, “Look, I have had another dream: And this time, the sun, the moon, and eleven stars were bowing down to me.” ",Ninguno
Genesis,37,10,ויספר אלאביו ואלאחיו ויגערבו אביו ויאמר לו מה החלום הזה אשר חלמת הבוא נבוא אני ואמך ואחיך להשתחות לך ארצה,"And when he told it to his father and brothers, his father berated him. “What,” he said to him, “is this dream you have dreamed? Are we to come, I and your mother and your brothers, and bow low to you to the ground?” ",Ninguno
Genesis,37,11,ויקנאובו אחיו ואביו שמר אתהדבר,"So his brothers were wrought up at him, and his father kept the matter in mind.",Ninguno
Genesis,37,12,וילכו אחיו לרעות אתצאן אביהם בשכם,"One time, when his brothers had gone to pasture their father’s flock at Shechem, ",Ninguno
Genesis,37,13,ויאמר ישראל אליוסף הלוא אחיך רעים בשכם לכה ואשלחך אליהם ויאמר לו הנני,"Israel said to Joseph, “Your brothers are pasturing at Shechem. Come, I will send you to them.” He answered, “I am ready.” ",Ninguno
Genesis,37,14,ויאמר לו לךנא ראה אתשלום אחיך ואתשלום הצאן והשבני דבר וישלחהו מעמק חברון ויבא שכמה,"And he said to him, “Go and see how your brothers are and how the flocks are faring, and bring me back word.” So he sent him from the valley of Hebron.When he reached Shechem, ",Ninguno
Genesis,37,15,וימצאהו איש והנה תעה בשדה וישאלהו האיש לאמר מהתבקש,"a man came upon him wandering in the fields. The man asked him, “What are you looking for?” ",Ninguno
Genesis,37,16,ויאמר אתאחי אנכי מבקש הגידהנא לי איפה הם רעים,"He answered, “I am looking for my brothers. Could you tell me where they are pasturing?” ",Ninguno
Genesis,37,17,ויאמר האיש נסעו מזה כי שמעתי אמרים נלכה דתינה וילך יוסף אחר אחיו וימצאם בדתן,"The man said, “They have gone from here, for I heard them say: Let us go to Dothan.” So Joseph followed his brothers and found them at Dothan.",Ninguno
Genesis,37,18,ויראו אתו מרחק ובטרם יקרב אליהם ויתנכלו אתו להמיתו,"They saw him from afar, and before he came close to them they conspired to kill him. ",Ninguno
Genesis,37,19,ויאמרו איש אלאחיו הנה בעל החלמות הלזה בא,"They said to one another, “Here comes that dreamer! ",Ninguno
Genesis,37,20,ועתה&thinsp;<b></b> לכו ונהרגהו ונשלכהו באחד הברות ואמרנו חיה רעה אכלתהו ונראה מהיהיו חלמתיו,"Come now, let us kill him and throw him into one of the pits; and we can say, ‘A savage beast devoured him.’ We shall see what comes of his dreams!” ",Ninguno
Genesis,37,21,וישמע ראובן ויצלהו מידם ויאמר לא נכנו נפש,"But when Reuben heard it, he tried to save him from them. He said, “Let us not take his life.” ",Ninguno
Genesis,37,22,ויאמר אלהם&thinsp;<small></small>&thinsp;ראובן אלתשפכודם השליכו אתו אלהבור הזה אשר במדבר ויד אלתשלחובו למען הציל אתו מידם להשיבו אלאביו,"And Reuben went on, “Shed no blood! Cast him into that pit out in the wilderness, but do not touch him yourselves”—intending to save him from them and restore him to his father. ",Ninguno
Genesis,37,23,ויהי כאשרבא יוסף אלאחיו ויפשיטו אתיוסף אתכתנתו אתכתנת הפסים אשר עליו,"When Joseph came up to his brothers, they stripped Joseph of his tunic, the ornamented tunic that he was wearing, ",Ninguno
Genesis,37,24,ויקחהו וישלכו אתו הברה והבור רק אין בו מים,and took him and cast him into the pit. The pit was empty; there was no water in it.,Ninguno
Genesis,37,25,וישבו לאכללחם וישאו עיניהם ויראו והנה ארחת ישמעאלים באה מגלעד וגמליהם נשאים נכאת וצרי ולט הולכים להוריד מצרימה,"Then theybthey Aside from those who tended the flock, including Reuben; cf. Bekhor Shor. sat down to a meal. Looking up, they saw a caravan of Ishmaelites coming from Gilead, their camels bearing gum, balm, and ladanum to be taken to Egypt. ",Ninguno
Genesis,37,26,ויאמר יהודה אלאחיו מהבצע כי נהרג אתאחינו וכסינו אתדמו,"Then Judah said to his brothers, “What do we gain by killing our brother and covering up his blood? ",Ninguno
Genesis,37,27,לכו ונמכרנו לישמעאלים וידנו אלתהיבו כיאחינו בשרנו הוא וישמעו אחיו,"Come, let us sell him to the Ishmaelites, but let us not do away with him ourselves. After all, he is our brother, our own flesh.” His brothers agreed. ",Ninguno
Genesis,37,28,ויעברו אנשים מדינים סחרים וימשכו ויעלו אתיוסף מןהבור וימכרו אתיוסף לישמעאלים בעשרים כסף ויביאו אתיוסף מצרימה,"When those Midianite traders passed by, the brotherscthe brothers Heb. “they.” Cf. 45.4–5; Bekhor Shor. pulled Joseph up out of the pit. They sold Joseph for twenty pieces of silver to the Ishmaelites, who brought Joseph to Egypt.",Ninguno
Genesis,37,29,וישב ראובן אלהבור והנה איןיוסף בבור ויקרע אתבגדיו,"When Reuben returned to the pit and saw that Joseph was not in the pit, he rent his clothes. ",Ninguno
Genesis,37,30,וישב אלאחיו ויאמר הילד איננו ואני אנה אניבא,"Returning to his brothers, he said, “The boy is gone! Now, what am I to do?” ",Ninguno
Genesis,37,31,ויקחו אתכתנת יוסף וישחטו שעיר עזים ויטבלו אתהכתנת בדם,"Then they took Joseph’s tunic, slaughtered a kid, and dipped the tunic in the blood. ",Ninguno
Genesis,37,32,וישלחו אתכתנת הפסים ויביאו אלאביהם ויאמרו זאת מצאנו הכרנא הכתנת בנך הוא אםלא,"They had the ornamented tunic taken to their father, and they said, “We found this. Please examine it; is it your son’s tunic or not?” ",Ninguno
Genesis,37,33,ויכירה ויאמר כתנת בני חיה רעה אכלתהו טרף טרף יוסף,"He recognized it, and said, “My son’s tunic! A savage beast devoured him! Joseph was torn by a beast!” ",Ninguno
Genesis,37,34,ויקרע יעקב שמלתיו וישם שק במתניו ויתאבל עלבנו ימים רבים,"Jacob rent his clothes, put sackcloth on his loins, and observed mourning for his son many days. ",Ninguno
Genesis,37,35,ויקמו כלבניו וכלבנתיו לנחמו וימאן להתנחם ויאמר כיארד אלבני אבל שאלה ויבך אתו אביו,"All his sons and daughters sought to comfort him; but he refused to be comforted, saying, “No, I will go down mourning to my son in Sheol.” Thus his father bewailed him.",Ninguno
Genesis,37,36,"והמדנים מכרו אתו אלמצרים לפוטיפר סריס פרעה שר הטבחים&nbsp;<span class=""mam-spi-pe"">{פ}</span><br>","The Midianites,dMidianites Heb. “Medanites.” meanwhile, sold him in Egypt to Potiphar, a courtier of Pharaoh and his prefect.eprefect Precise force of Heb. sar haṭṭabaḥim uncertain. ",Ninguno
Genesis,38,1,ויהי בעת ההוא וירד יהודה מאת אחיו ויט עדאיש עדלמי ושמו חירה,About that time Judah left his brothers and camped near a certain Adullamite whose name was Hirah.,Ninguno
Genesis,38,2,ויראשם יהודה בתאיש כנעני ושמו שוע ויקחה ויבא אליה,"There Judah saw the daughter of a certain Canaanite whose name was Shua, and he took her to wife and cohabited with her. ",Ninguno
Genesis,38,3,ותהר ותלד בן ויקרא אתשמו ער,"She conceived and bore a son, and he named him Er. ",Ninguno
Genesis,38,4,ותהר עוד ותלד בן ותקרא אתשמו אונן,"She conceived again and bore a son, and named him Onan. ",Ninguno
Genesis,38,5,ותסף עוד ותלד בן ותקרא אתשמו שלה והיה בכזיב בלדתה אתו,"Once again she bore a son, and named him Shelah; he was at Chezib when she bore him.",Ninguno
Genesis,38,6,ויקח יהודה אשה לער בכורו ושמה תמר,Judah got a wife for Er his first-born; her name was Tamar.,Ninguno
Genesis,38,7,ויהי ער בכור יהודה רע בעיני יהוה וימתהו יהוה,"But Er, Judah’s first-born, was displeasing to GOD, and GOD took his life. ",Ninguno
Genesis,38,8,ויאמר יהודה לאונן בא אלאשת אחיך ויבם אתה והקם זרע לאחיך,"Then Judah said to Onan, “Join with your brother’s wife and do your dutyaduty Cf. Deut. 25.5. by her as a brother-in-law, and provide offspring for your brother.” ",Ninguno
Genesis,38,9,וידע אונן כי לא לו יהיה הזרע והיה אםבא אלאשת אחיו ושחת ארצה לבלתי נתןזרע לאחיו,"But Onan, knowing that the offspring would not count as his, let [the semen] go to wasteblet [the semen] go to waste Heb. shiḥet ʼarṣah; lit. “spoil [it] groundward.” whenever he joined with his brother’s wife, so as not to provide offspring for his brother. ",Percepción (Yada)
Genesis,38,10,וירע בעיני יהוה אשר עשה וימת גםאתו,"What he did was displeasing to GOD, who took his life also. ",Ninguno
Genesis,38,11,ויאמר יהודה לתמר כלתו שבי אלמנה ביתאביך עדיגדל שלה בני כי אמר פןימות גםהוא כאחיו ותלך תמר ותשב בית אביה,"Then Judah said to his daughter-in-law Tamar, “Stay as a widow in your father’s house until my son Shelah grows up”—for he thought, “He too might die like his brothers.” So Tamar went to live in her father’s house.",Ninguno
Genesis,38,12,וירבו הימים ותמת בתשוע אשתיהודה וינחם יהודה ויעל עלגזזי צאנו הוא וחירה רעהו העדלמי תמנתה,"A long time afterward, Shua’s daughter, the wife of Judah, died. When his period of mourning was over,chis period of mourning was over Lit. “he was comforted.” Judah went up to Timnah to his sheepshearers, together with his friend Hirah the Adullamite. ",Ninguno
Genesis,38,13,ויגד לתמר לאמר הנה חמיך עלה תמנתה לגז צאנו,"And Tamar was told, “Your father-in-law is coming up to Timnah for the sheepshearing.” ",Ninguno
Genesis,38,14,ותסר בגדי אלמנותה מעליה ותכס בצעיף ותתעלף ותשב בפתח עינים אשר עלדרך תמנתה כי ראתה כיגדל שלה והוא לאנתנה לו לאשה,"So she took off her widow’s garb, covered her face with a veil, and, wrapping herself up, sat down at the entrance to Enaim,dEnaim Cf. Enam, Josh. 15.34. In contrast to others “in an open place” or “at the crossroad.” which is on the road to Timnah; for she saw that Shelah was grown up, yet she had not been given to him as wife. ",Ninguno
Genesis,38,15,ויראה יהודה ויחשבה לזונה כי כסתה פניה,"When Judah saw her, he took her for a prostitute; for she had covered her face. ",Ninguno
Genesis,38,16,ויט אליה אלהדרך ויאמר הבהנא אבוא אליך כי לא ידע כי כלתו הוא ותאמר מהתתןלי כי תבוא אלי,"So he turned aside to her by the road and said, “Here, let me sleep with you”—for he did not know that she was his daughter-in-law. “What,” she asked, “will you pay for sleeping with me?” ",Percepción (Yada)
Genesis,38,17,ויאמר אנכי אשלח גדיעזים מןהצאן ותאמר אםתתן ערבון עד שלחך,"He replied, “I will send a kid from my flock.” But she said, “You must leave a pledge until you have sent it.” ",Ninguno
Genesis,38,18,ויאמר מה הערבון אשר אתןלך ותאמר חתמך ופתילך ומטך אשר בידך ויתןלה ויבא אליה ותהר לו,"And he said, “What pledge shall I give you?” She replied, “Your seal and cord, and the staff that you carry.” So he gave them to her and slept with her, and she conceived by him. ",Ninguno
Genesis,38,19,ותקם ותלך ותסר צעיפה מעליה ותלבש בגדי אלמנותה,Then she went on her way. She took off her veil and again put on her widow’s garb.,Ninguno
Genesis,38,20,וישלח יהודה אתגדי העזים ביד רעהו העדלמי לקחת הערבון מיד האשה ולא מצאה,"Judah sent the kid by his friend the Adullamite, to redeem the pledge from the woman; but he could not find her. ",Ninguno
Genesis,38,21,וישאל אתאנשי מקמה לאמר איה הקדשה הוא בעינים עלהדרך ויאמרו לאהיתה בזה קדשה,"He inquired of the locals, “Where is the ‘attendant,’e‘attendant’ Meaning of Heb. qedeshah uncertain. In contrast to others “cult prostitute.” Trad. “harlot.” the one at Enaim, by the road?” But they said, “There has been no ‘attendant’ here.” ",Ninguno
Genesis,38,22,וישב אליהודה ויאמר לא מצאתיה וגם אנשי המקום אמרו לאהיתה בזה קדשה,"So he returned to Judah and said, “I could not find her; moreover, the locals said: There has been no ‘attendant’ here.” ",Ninguno
Genesis,38,23,ויאמר יהודה תקחלה פן נהיה לבוז הנה שלחתי הגדי הזה ואתה לא מצאתה,"Judah said, “Let her keep them, lest we become a laughingstock. I did send her this kid, but you did not find her.”",Ninguno
Genesis,38,24,ויהי&thinsp;<b></b> כמשלש חדשים ויגד ליהודה לאמר זנתה תמר כלתך וגם הנה הרה לזנונים ויאמר יהודה הוציאוה ותשרף,"About three months later, Judah was told, “Your daughter-in-law Tamar has played the whore; in fact, she is pregnant from whoredom.” “Bring her out,”fout For a hearing in court. said Judah. “She should be burned!” ",Ninguno
Genesis,38,25,הוא מוצאת והיא שלחה אלחמיה לאמר לאיש אשראלה לו אנכי הרה ותאמר הכרנא למי החתמת והפתילים והמטה האלה,"As she was being brought out, she sent this message to her father-in-law: “It’s by the man to whom these belong that I’m pregnant.” And she added, “Examine these: whose seal and cord and staff are these?” ",Ninguno
Genesis,38,26,ויכר יהודה ויאמר צדקה ממני כיעלכן לאנתתיה לשלה בני ולאיסף עוד לדעתה,"Judah recognized them, and said, “She is more in the right than I, inasmuch as I did not give her to my son Shelah.” And he was not intimate with her again.",Ninguno
Genesis,38,27,ויהי בעת לדתה והנה תאומים בבטנה,"When the time came for her to give birth, there were twins in her womb! ",Ninguno
Genesis,38,28,ויהי בלדתה ויתןיד ותקח המילדת ותקשר עלידו שני לאמר זה יצא ראשנה,"While she was in labor, one of them put out a hand, and the midwife tied a crimson thread on that hand, to signify: This one came out first. ",Ninguno
Genesis,38,29,ויהי&thinsp;<b></b> כמשיב ידו והנה יצא אחיו ותאמר מהפרצת עליך פרץ ויקרא שמו פרץ,"But just then it drew back its hand, and out came its brother; and she said, “What a breachgbreach Heb. pereṣ, connected with “Perez.” you have made for yourself!” So he was named Perez. ",Ninguno
Genesis,38,30,"ואחר יצא אחיו אשר עלידו השני ויקרא שמו זרח&nbsp;<span class=""mam-spi-samekh"">{ס}</span>&nbsp;&nbsp;&nbsp;&nbsp;&nbsp;&nbsp;&nbsp;&nbsp;","Afterward his brother came out, on whose hand was the crimson thread; he was named Zerah.hZerah I.e., “brightness,” perhaps alluding to the crimson thread. ",Ninguno
Genesis,39,1,ויוסף הורד מצרימה ויקנהו פוטיפר סריס פרעה שר הטבחים איש מצרי מיד הישמעאלים אשר הורדהו שמה,"When Joseph was taken down to Egypt, Potiphar, a courtier of Pharaoh and his prefect—an Egyptian—bought him from the Ishmaelites who had brought him there. ",Ninguno
Genesis,39,2,ויהי יהוה אתיוסף ויהי איש מצליח ויהי בבית אדניו המצרי,"GOD was with Joseph, and he was a successful man; and he stayed in the house of his Egyptian master. ",Ninguno
Genesis,39,3,וירא אדניו כי יהוה אתו וכל אשרהוא עשה יהוה מצליח בידו,"And when his master saw that GOD was with him and that GOD lent success to everything he undertook, ",Ninguno
Genesis,39,4,וימצא יוסף חן בעיניו וישרת אתו ויפקדהו עלביתו וכלישלו נתן בידו,"he took a liking to Joseph. He made him his personal attendant and put him in charge of his household, placing in his hands all that he owned. ",Ninguno
Genesis,39,5,ויהי מאז הפקיד אתו בביתו ועל כלאשר ישלו ויברך יהוה אתבית המצרי בגלל יוסף ויהי ברכת יהוה בכלאשר ישלו בבית ובשדה,"And from the time that the Egyptian put him in charge of his household and of all that he owned, GOD blessed his house for Joseph’s sake, so that the blessing of GOD was upon everything that he owned, in the house and outside. ",Ninguno
Genesis,39,6,ויעזב כלאשרלו בידיוסף ולאידע אתו מאומה כי אםהלחם אשרהוא אוכל ויהי יוסף יפהתאר ויפה מראה,"He left all that he had in Joseph’s hands and, with him there, he paid attention to nothing save the food that he ate. Now Joseph was well built and handsome.",Percepción (Yada)
Genesis,39,7,ויהי אחר הדברים האלה ותשא אשתאדניו אתעיניה אליוסף ותאמר שכבה עמי,"After a time, his master’s wife cast her eyes upon Joseph and said, “Lie with me.” ",Ninguno
Genesis,39,8,וימאן&thinsp;<b></b> ויאמר אלאשת אדניו הן אדני לאידע אתי מהבבית וכל אשרישלו נתן בידי,"But he refused. He said to his master’s wife, “Look, with me here, my master gives no thought to anything in this house, and all that he owns he has placed in my hands. ",Percepción (Yada)
Genesis,39,9,איננו גדול בבית הזה ממני ולאחשך ממני מאומה כי אםאותך באשר אתאשתו ואיך אעשה הרעה הגדלה הזאת וחטאתי לאלהים,"He wields no more authority in this house than I, and he has withheld nothing from me except yourself, since you are his wife. How then could I do this most wicked thing, and sin before God?” ",Ninguno
Genesis,39,10,ויהי כדברה אליוסף יום&thinsp;<small></small>&thinsp;יום ולאשמע אליה לשכב אצלה להיות עמה,"And much as she coaxed Joseph day after day, he did not yield to her request to lie beside her, to be with her.",Ninguno
Genesis,39,11,ויהי כהיום הזה ויבא הביתה לעשות מלאכתו ואין איש מאנשי הבית שם בבית,"One such day, he came into the house to do his work. None of the household being there inside, ",Ninguno
Genesis,39,12,ותתפשהו בבגדו לאמר שכבה עמי ויעזב בגדו בידה וינס ויצא החוצה,"she caught hold of him by his garment and said, “Lie with me!” But he left his garment in her hand and got away and fled outside. ",Ninguno
Genesis,39,13,ויהי כראותה כיעזב בגדו בידה וינס החוצה,"When she saw that he had left it in her hand and had fled outside, ",Ninguno
Genesis,39,14,ותקרא לאנשי ביתה ותאמר להם לאמר ראו הביא לנו איש עברי לצחק בנו בא אלי לשכב עמי ואקרא בקול גדול,"she called out to her servants and said to them, “Look, he had to bring us a Hebrew to dally with us! This one came to lie with me; but I screamed loud. ",Ninguno
Genesis,39,15,ויהי כשמעו כיהרימתי קולי ואקרא ויעזב בגדו אצלי וינס ויצא החוצה,"And when he heard me screaming at the top of my voice, he left his garment with me and got away and fled outside.” ",Ninguno
Genesis,39,16,ותנח בגדו אצלה עדבוא אדניו אלביתו,"She kept his garment beside her, until his master came home. ",Ninguno
Genesis,39,17,ותדבר אליו כדברים האלה לאמר באאלי העבד העברי אשרהבאת לנו לצחק בי,"Then she told him the same story, saying, “The Hebrew slave whom you brought into our house came to me to dally with me; ",Ninguno
Genesis,39,18,ויהי כהרימי קולי ואקרא ויעזב בגדו אצלי וינס החוצה,"but when I screamed at the top of my voice, he left his garment with me and fled outside.”",Ninguno
Genesis,39,19,ויהי כשמע אדניו אתדברי אשתו אשר דברה אליו לאמר כדברים האלה עשה לי עבדך ויחר אפו,"When his master heard the story that his wife told him, namely, “Thus and so your slave did to me,” he was furious. ",Ninguno
Genesis,39,20,"ויקח אדני יוסף אתו ויתנהו אלבית הסהר מקום אשר<span class=""mam-kq""><span class=""mam-kq-q"">[אסירי]</span> <span class=""mam-kq-k"">(אסורי)</span></span> המלך אסורים ויהישם בבית הסהר","So Joseph’s master had him put in prison, where the king’s prisoners were confined. But even while he was there in prison, ",Ninguno
Genesis,39,21,ויהי יהוה אתיוסף ויט אליו חסד ויתן חנו בעיני שר ביתהסהר,GOD was with Joseph—extending kindness to him and disposing the chief jailer favorably toward him.,Ninguno
Genesis,39,22,ויתן שר ביתהסהר בידיוסף את כלהאסירם אשר בבית הסהר ואת כלאשר עשים שם הוא היה עשה,"The chief jailer put in Joseph’s charge all the prisoners who were in that prison, and he was the one to carry out everything that was done there. ",Ninguno
Genesis,39,23,"אין&thinsp;<b></b> שר ביתהסהר ראה אתכלמאומה בידו באשר יהוה אתו ואשרהוא עשה יהוה מצליח&nbsp;<span class=""mam-spi-pe"">{פ}</span><br>","The chief jailer did not supervise anything that was in Joseph’saJoseph’s Lit. “his.” charge, because GOD was with him, and whatever he did GOD made successful.",Ninguno
Genesis,40,1,ויהי אחר הדברים האלה חטאו משקה מלךמצרים והאפה לאדניהם למלך מצרים,"Some time later, the cupbearer and the baker of the king of Egypt gave offense to their lord the king of Egypt. ",Ninguno
Genesis,40,2,ויקצף פרעה על שני סריסיו על שר המשקים ועל שר האופים,"Pharaoh was angry with his two courtiers, the chief cupbearer and the chief baker, ",Ninguno
Genesis,40,3,ויתן אתם במשמר בית שר הטבחים אלבית הסהר מקום אשר יוסף אסור שם,"and put them in custody, in the house of the prefect, in the same prison house where Joseph was confined. ",Ninguno
Genesis,40,4,ויפקד שר הטבחים אתיוסף אתם וישרת אתם ויהיו ימים במשמר,"The prefect assigned Joseph to them, and he attended them.When they had been in custody for some time, ",Ninguno
Genesis,40,5,ויחלמו חלום שניהם איש חלמו בלילה אחד איש כפתרון חלמו המשקה והאפה אשר למלך מצרים אשר אסורים בבית הסהר,"both of them—the cupbearer and the baker of the king of Egypt, who were confined in the prison—dreamed in the same night, each his own dream and each dream with its own meaning. ",Ninguno
Genesis,40,6,ויבא אליהם יוסף בבקר וירא אתם והנם זעפים,"When Joseph came to them in the morning, he saw that they were distraught. ",Ninguno
Genesis,40,7,וישאל אתסריסי פרעה אשר אתו במשמר בית אדניו לאמר מדוע פניכם רעים היום,"He asked Pharaoh’s courtiers, who were with him in custody in his master’s house, saying, “Why do you appear downcast today?” ",Ninguno
Genesis,40,8,ויאמרו אליו חלום חלמנו ופתר אין אתו ויאמר אלהם יוסף הלוא לאלהים פתרנים ספרונא לי,"And they said to him, “We had dreams, and there is no one to interpret them.” So Joseph said to them, “Surely God can interpret! Tell me [your dreams].”",Ninguno
Genesis,40,9,ויספר שרהמשקים אתחלמו ליוסף ויאמר לו בחלומי והנהגפן לפני,"Then the chief cupbearer told his dream to Joseph. He said to him, “In my dream, there was a vine in front of me. ",Ninguno
Genesis,40,10,ובגפן שלשה שריגם והוא כפרחת עלתה נצה הבשילו אשכלתיה ענבים,"On the vine were three branches. It had barely budded, when out came its blossoms and its clusters ripened into grapes. ",Ninguno
Genesis,40,11,וכוס פרעה בידי ואקח אתהענבים ואשחט אתם אלכוס פרעה ואתן אתהכוס עלכף פרעה,"Pharaoh’s cup was in my hand, and I took the grapes, pressed them into Pharaoh’s cup, and placed the cup in Pharaoh’s hand.” ",Ninguno
Genesis,40,12,ויאמר לו יוסף זה פתרנו שלשת השרגים שלשת ימים הם,"Joseph said to him, “This is its interpretation: The three branches are three days. ",Ninguno
Genesis,40,13,בעוד&thinsp;<b></b> שלשת ימים ישא פרעה אתראשך והשיבך עלכנך ונתת כוספרעה בידו כמשפט הראשון אשר היית משקהו,"In three days Pharaoh will pardon youapardon you Lit. “lift up your head.” Cf. below at vv. 19, 20. and restore you to your post; you will place Pharaoh’s cup in his hand, as was your custom formerly when you were his cupbearer. ",Ninguno
Genesis,40,14,כי אםזכרתני אתך כאשר ייטב לך ועשיתנא עמדי חסד והזכרתני אלפרעה והוצאתני מןהבית הזה,"But think of me when all is well with you again, and do me the kindness of mentioning me to Pharaoh, so as to free me from this place. ",Ninguno
Genesis,40,15,כיגנב גנבתי מארץ העברים וגםפה לאעשיתי מאומה כישמו אתי בבור,"For in truth, I was kidnapped from the land of the Hebrews; nor have I done anything here that they should have put me in the dungeon.”",Ninguno
Genesis,40,16,וירא שרהאפים כי טוב פתר ויאמר אליוסף אףאני בחלומי והנה שלשה סלי חרי עלראשי,"When the chief baker saw how favorably he had interpreted, he said to Joseph, “In my dream, similarly, there were three openwork basketsbopenwork baskets In contrast to others “baskets with white bread” or “white baskets”; meaning of Heb. ḥori uncertain. on my head. ",Ninguno
Genesis,40,17,ובסל העליון מכל מאכל פרעה מעשה אפה והעוף אכל אתם מןהסל מעל ראשי,In the uppermost basket were all kinds of food for Pharaoh that a baker prepares; and the birds were eating it out of the basket above my head.”,Ninguno
Genesis,40,18,ויען יוסף ויאמר זה פתרנו שלשת הסלים שלשת ימים הם,"Joseph answered, “This is its interpretation: The three baskets are three days. ",Ninguno
Genesis,40,19,בעוד&thinsp;<b></b> שלשת ימים ישא פרעה אתראשך מעליך ותלה אותך עלעץ ואכל העוף אתבשרך מעליך,"In three days Pharaoh will lift off your headclift off your head Lit. “lift up your head.” Cf. at vv. 13, 20. and impale you upon a pole; and the birds will pick off your flesh.”",Ninguno
Genesis,40,20,ויהי&thinsp;<b></b> ביום השלישי יום הלדת אתפרעה ויעש משתה לכלעבדיו וישא אתראש&thinsp;<b></b> שר המשקים ואתראש שר האפים בתוך עבדיו,"On the third day—his birthday—Pharaoh made a banquet for all his officials, and he singled outdsingled out Lit. “lifted the head of.” Cf. at vv. 13, 19. his chief cupbearer and his chief baker from among his officials. ",Ninguno
Genesis,40,21,וישב אתשר המשקים עלמשקהו ויתן הכוס עלכף פרעה,"He restored the chief cupbearer to his cupbearing, and he placed the cup in Pharaoh’s hand; ",Ninguno
Genesis,40,22,ואת שר האפים תלה כאשר פתר להם יוסף,but the chief baker he impaled—just as Joseph had interpreted to them.,Ninguno
Genesis,40,23,"ולאזכר שרהמשקים אתיוסף וישכחהו&nbsp;<span class=""mam-spi-pe"">{פ}</span><br>",Yet the chief cupbearer did not think of Joseph; he forgot him.,Ninguno
Genesis,41,1,ויהי מקץ שנתים ימים ופרעה חלם והנה עמד עלהיאר,"After two years’ time, Pharaoh dreamed that he was standing by the Nile, ",Ninguno
Genesis,41,2,והנה מןהיאר עלת שבע פרות יפות מראה ובריאת בשר ותרעינה באחו,"when out of the Nile there came up seven cows, handsome and sturdy, and they grazed in the reed grass. ",Ninguno
Genesis,41,3,והנה שבע פרות אחרות עלות אחריהן מןהיאר רעות מראה ודקות בשר ותעמדנה אצל הפרות עלשפת היאר,"But presently, seven other cows came up from the Nile close behind them, ugly and gaunt, and stood beside the cows on the bank of the Nile; ",Ninguno
Genesis,41,4,ותאכלנה הפרות רעות המראה ודקת הבשר את שבע הפרות יפת המראה והבריאת וייקץ פרעה,and the ugly gaunt cows ate up the seven handsome sturdy cows. And Pharaoh awoke.,Ninguno
Genesis,41,5,ויישן ויחלם שנית והנה&thinsp;<b></b> שבע שבלים עלות בקנה אחד בריאות וטבות,"He fell asleep and dreamed a second time: Seven ears of grain, solid and healthy, grew on a single stalk. ",Ninguno
Genesis,41,6,והנה שבע שבלים דקות ושדופת קדים צמחות אחריהן,"But close behind them sprouted seven ears, thin and scorched by the east wind. ",Ninguno
Genesis,41,7,ותבלענה השבלים הדקות את שבע השבלים הבריאות והמלאות וייקץ פרעה והנה חלום,And the thin ears swallowed up the seven solid and full ears. Then Pharaoh awoke: it was a dream!,Ninguno
Genesis,41,8,ויהי בבקר ותפעם רוחו וישלח ויקרא אתכלחרטמי מצרים ואתכלחכמיה ויספר פרעה להם אתחלמו ואיןפותר אותם לפרעה,"Next morning, his spirit was agitated, and he sent for all the priestly magicians of Egypt, and all its sages; and Pharaoh told them his dreams, but none could interpret them for Pharaoh.",Ninguno
Genesis,41,9,וידבר שר המשקים אתפרעה לאמר אתחטאי אני מזכיר היום,"The chief cupbearer then spoke up and said to Pharaoh, “I must make mention today of my offenses. ",Ninguno
Genesis,41,10,פרעה קצף עלעבדיו ויתן אתי במשמר בית שר הטבחים אתי ואת שר האפים,"Once Pharaoh was angry with his servants, and placed me in custody in the house of the prefect, together with the chief baker. ",Ninguno
Genesis,41,11,ונחלמה חלום בלילה אחד אני והוא איש כפתרון חלמו חלמנו,"We had dreams the same night, he and I, each of us a dream with a meaning of its own. ",Ninguno
Genesis,41,12,ושם אתנו נער עברי עבד לשר הטבחים ונספרלו ויפתרלנו אתחלמתינו איש כחלמו פתר,"A Hebrew youth was there with us, a servant of the prefect; and when we told him our dreams, he interpreted them for us, telling each of the meaning of his dream. ",Ninguno
Genesis,41,13,ויהי כאשר פתרלנו כן היה אתי השיב עלכני ואתו תלה,"And as he interpreted for us, so it came to pass: I was restored to my post, and the other was impaled.”",Ninguno
Genesis,41,14,וישלח פרעה ויקרא אתיוסף ויריצהו מןהבור ויגלח ויחלף שמלתיו ויבא אלפרעה,"Thereupon Pharaoh sent for Joseph, and he was rushed from the dungeon. He had his hair cut and changed his clothes, and he appeared before Pharaoh. ",Ninguno
Genesis,41,15,ויאמר פרעה אליוסף חלום חלמתי ופתר אין אתו ואני שמעתי עליך לאמר תשמע חלום לפתר אתו,"And Pharaoh said to Joseph, “I have had a dream, but no one can interpret it. Now I have heard it said of you that for you to hear a dream is to tell its meaning.” ",Ninguno
Genesis,41,16,ויען יוסף אתפרעה לאמר בלעדי אלהים יענה אתשלום פרעה,"Joseph answered Pharaoh, saying, “Not I! God will see to Pharaoh’s welfare.”",Ninguno
Genesis,41,17,וידבר פרעה אליוסף בחלמי הנני עמד עלשפת היאר,"Then Pharaoh said to Joseph, “In my dream, I was standing on the bank of the Nile, ",Ninguno
Genesis,41,18,והנה מןהיאר עלת שבע פרות בריאות בשר ויפת תאר ותרעינה באחו,when out of the Nile came up seven sturdy and well-formed cows and grazed in the reed grass.,Ninguno
Genesis,41,19,והנה שבעפרות אחרות עלות אחריהן דלות ורעות תאר מאד ורקות בשר לאראיתי כהנה בכלארץ מצרים לרע,"Presently there followed them seven other cows, scrawny, ill-formed, and emaciated—never had I seen their likes for ugliness in all the land of Egypt! ",Ninguno
Genesis,41,20,ותאכלנה הפרות הרקות והרעות את שבע הפרות הראשנות הבריאת,"And the seven lean and ugly cows ate up the first seven cows, the sturdy ones; ",Ninguno
Genesis,41,21,ותבאנה אלקרבנה ולא נודע כיבאו אלקרבנה ומראיהן רע כאשר בתחלה ואיקץ,"but when they had consumed them, one could not tell that they had consumed them, for they looked just as bad as before. And I awoke. ",Ninguno
Genesis,41,22,וארא בחלמי והנה&thinsp;<b></b> שבע שבלים עלת בקנה אחד מלאת וטבות,"In my other dream, I saw seven ears of grain, full and healthy, growing on a single stalk; ",Ninguno
Genesis,41,23,והנה שבע שבלים צנמות דקות שדפות קדים צמחות אחריהם,"but right behind them sprouted seven ears, shriveled, thin, and scorched by the east wind. ",Ninguno
Genesis,41,24,ותבלען השבלים הדקת את שבע השבלים הטבות ואמר אלהחרטמים ואין מגיד לי,"And the thin ears swallowed the seven healthy ears. I have told my magicians, but none has an explanation for me.”",Ninguno
Genesis,41,25,ויאמר יוסף אלפרעה חלום פרעה אחד הוא את אשר האלהים עשה הגיד לפרעה,"And Joseph said to Pharaoh, “Pharaoh’s dreams are one and the same: Pharaoh has been told what God is about to do. ",Ninguno
Genesis,41,26,שבע פרת הטבת שבע שנים הנה ושבע השבלים הטבת שבע שנים הנה חלום אחד הוא,"The seven healthy cows are seven years, and the seven healthy ears are seven years; it is the same dream. ",Ninguno
Genesis,41,27,ושבע הפרות הרקות והרעת העלת אחריהן שבע שנים הנה ושבע השבלים הרקות שדפות הקדים יהיו שבע שני רעב,"The seven lean and ugly cows that followed are seven years, as are also the seven empty ears scorched by the east wind; they are seven years of famine. ",Ninguno
Genesis,41,28,הוא הדבר אשר דברתי אלפרעה אשר האלהים עשה הראה אתפרעה,It is just as I have told Pharaoh: Pharaoh has been shown what God is about to do.,Ninguno
Genesis,41,29,הנה שבע שנים באות שבע גדול בכלארץ מצרים,Immediately ahead are seven years of great abundance in all the land of Egypt.,Ninguno
Genesis,41,30,וקמו שבע שני רעב אחריהן ונשכח כלהשבע בארץ מצרים וכלה הרעב אתהארץ,"After them will come seven years of famine, and all the abundance in the land of Egypt will be forgotten. As the land is ravaged by famine, ",Ninguno
Genesis,41,31,ולאיודע השבע בארץ מפני הרעב ההוא אחריכן כיכבד הוא מאד,"no trace of the abundance will be left in the land because of the famine thereafter, for it will be very severe. ",Ninguno
Genesis,41,32,ועל השנות החלום אלפרעה פעמים כינכון הדבר מעם האלהים וממהר האלהים לעשתו,"As for Pharaoh having had the same dream twice, it means that the matter has been determined by God, and that God will soon carry it out.",Ninguno
Genesis,41,33,ועתה ירא פרעה איש נבון וחכם וישיתהו עלארץ מצרים,"“Accordingly, let Pharaoh find someone who is discerning and wise, whom you can set over the land of Egypt. ",Ninguno
Genesis,41,34,יעשה פרעה ויפקד פקדים עלהארץ וחמש אתארץ מצרים בשבע שני השבע,"And let Pharaoh take steps to appoint overseers over the land, and organizeaorganize In contrast to others “take a fifth part of”; meaning of Heb. uncertain. the land of Egypt in the seven years of plenty. ",Ninguno
Genesis,41,35,ויקבצו אתכלאכל השנים הטבות הבאת האלה ויצברובר תחת ידפרעה אכל בערים ושמרו,"Let all the food of these good years that are coming be gathered, and let the grain be collected under Pharaoh’s authority as food to be stored in the cities. ",Ninguno
Genesis,41,36,והיה האכל לפקדון לארץ לשבע שני הרעב אשר תהיין בארץ מצרים ולאתכרת הארץ ברעב,"Let that food be a reserve for the land for the seven years of famine that will come upon the land of Egypt, so that the land may not perish in the famine.”",Ninguno
Genesis,41,37,וייטב הדבר בעיני פרעה ובעיני כלעבדיו,The plan pleased Pharaoh and all his courtiers.,Ninguno
Genesis,41,38,ויאמר פרעה אלעבדיו הנמצא כזה איש אשר רוח אלהים בו,"And Pharaoh said to his courtiers, “Could we find another like him—a man with the divine spirit?” ",Ninguno
Genesis,41,39,ויאמר פרעה אליוסף אחרי הודיע אלהים אותך אתכלזאת איןנבון וחכם כמוך,"So Pharaoh said to Joseph, “Since God has made all this known to you, there is none so discerning and wise as you. ",Ninguno
Genesis,41,40,אתה תהיה עלביתי ועלפיך ישק כלעמי רק הכסא אגדל ממך,"You shall be in charge of my court, and by your command shall all my people be directed;bbe directed In contrast to others “order themselves” or “pay homage”; meaning of Heb. yishshaq uncertain. only with respect to the throne shall I be superior to you.” ",Ninguno
Genesis,41,41,ויאמר פרעה אליוסף ראה נתתי אתך על כלארץ מצרים,"Pharaoh further said to Joseph, “See, I put you in charge of all the land of Egypt.” ",Ninguno
Genesis,41,42,ויסר פרעה אתטבעתו מעל ידו ויתן אתה עליד יוסף וילבש אתו בגדישש וישם רבד הזהב עלצוארו,"And removing his signet ring from his hand, Pharaoh put it on Joseph’s hand; and he had him dressed in robes of fine linen, and put a gold chain about his neck. ",Ninguno
Genesis,41,43,וירכב אתו במרכבת המשנה אשרלו ויקראו לפניו אברך ונתון אתו על כלארץ מצרים,"He had him ride in the chariot of his second-in-command, and they cried before him, “Abrek!”cAbrek In contrast to others “Bow the knee,” as though from Heb. barakh “to kneel”; perhaps from an Egyptian word of unknown meaning. Thus he placed him over all the land of Egypt.",Ninguno
Genesis,41,44,ויאמר פרעה אליוסף אני פרעה ובלעדיך לאירים איש אתידו ואתרגלו בכלארץ מצרים,"Pharaoh said to Joseph, “I am Pharaoh; yet without you, no one shall lift up hand or foot in all the land of Egypt.” ",Ninguno
Genesis,41,45,"ויקרא פרעה שםיוסף צפנת פענח ויתןלו אתאסנת בתפוטי פרע<sup class=""footnote-marker"">*</sup><i class=""footnote"">(בספרי תימן פוטיפרע בתיבה אחת)</i> כהן אן לאשה ויצא יוסף עלארץ מצרים","Pharaoh then gave Joseph the name Zaphenath-paneah;dZaphenath-paneah Egyptian for “God speaks; he lives,” or “creator of life.” and he gave him for a wife Asenath daughter of Poti-phera, priest of On. Thus Joseph emerged in charge of the land of Egypt.— ",Ninguno
Genesis,41,46,ויוסף בןשלשים שנה בעמדו לפני פרעה מלךמצרים ויצא יוסף מלפני פרעה ויעבר בכלארץ מצרים,"Joseph was thirty years old when he entered the service of Pharaoh king of Egypt.—Leaving Pharaoh’s presence, Joseph traveled through all the land of Egypt.",Ninguno
Genesis,41,47,ותעש הארץ בשבע שני השבע לקמצים,"During the seven years of plenty, the land produced in abundance. ",Ninguno
Genesis,41,48,ויקבץ אתכלאכל&thinsp;<b></b> שבע שנים אשר היו בארץ מצרים ויתןאכל בערים אכל שדההעיר אשר סביבתיה נתן בתוכה,"And he gathered all the grain of the seven years that the land of Egypt was enjoying,ethe seven years that the land of Egypt was enjoying Lit. “the seven years that were in the land of Egypt.” and stored the grain in the cities; he put in each city the grain of the fields around it. ",Ninguno
Genesis,41,49,ויצבר יוסף בר כחול הים הרבה מאד עד כיחדל לספר כיאין מספר,"So Joseph collected produce in very large quantity, like the sands of the sea, until he ceased to measure it, for it could not be measured.",Ninguno
Genesis,41,50,"וליוסף ילד שני בנים בטרם תבוא שנת הרעב אשר ילדהלו אסנת בתפוטי פרע<sup class=""footnote-marker"">*</sup><i class=""footnote"">(בספרי תימן פוטיפרע בתיבה אחת)</i> כהן און","Before the years of famine came, Joseph became the father of two sons, whom Asenath daughter of Poti-phera, priest of On, bore to him. ",Ninguno
Genesis,41,51,ויקרא יוסף אתשם הבכור מנשה כינשני אלהים אתכלעמלי ואת כלבית אבי,"Joseph named the first-born Manasseh, meaning, “God has made me forgetfhas made me forget Heb. nashshani, connected with “Manasseh” (Menashsheh). completely my hardship and my parental home.” ",Ninguno
Genesis,41,52,ואת שם השני קרא אפרים כיהפרני אלהים בארץ עניי,"And the second he named Ephraim, meaning, “God has made me fertileghas made me fertile Heb. hiphrani, connected with “Ephraim.” in the land of my affliction.”",Ninguno
Genesis,41,53,ותכלינה שבע שני השבע אשר היה בארץ מצרים,"The seven years of abundance that the land of Egypt enjoyed came to an end, ",Ninguno
Genesis,41,54,ותחלינה שבע שני הרעב לבוא כאשר אמר יוסף ויהי רעב בכלהארצות ובכלארץ מצרים היה לחם,"and the seven years of famine set in, just as Joseph had foretold. There was famine in all lands, but throughout the land of Egypt there was bread. ",Ninguno
Genesis,41,55,ותרעב כלארץ מצרים ויצעק העם אלפרעה ללחם ויאמר פרעה לכלמצרים לכו אליוסף אשריאמר לכם תעשו,"And when all the land of Egypt felt the hunger, the people cried out to Pharaoh for bread; and Pharaoh said to all the Egyptians, “Go to Joseph; whatever he tells you, you shall do.”— ",Ninguno
Genesis,41,56,והרעב היה על כלפני הארץ ויפתח יוסף אתכלאשר בהם וישבר למצרים ויחזק הרעב בארץ מצרים,"Accordingly, when the famine became severe in the land of Egypt, Joseph laid open all that was within, and rationed out grain to the Egyptians. The famine, however, spread over the whole world. ",Ninguno
Genesis,41,57,וכלהארץ באו מצרימה לשבר אליוסף כיחזק הרעב בכלהארץ,"So all the world came to Joseph in Egypt to procure rations, for the famine had become severe throughout the world.",Ninguno
Genesis,42,1,וירא יעקב כי יששבר במצרים ויאמר יעקב לבניו למה תתראו,"When Jacob saw that there were food rations to be had in Egypt, heahe Heb. “Jacob.” said to his sons, “Why do you keep looking at one another? ",Ninguno
Genesis,42,2,ויאמר הנה שמעתי כי יששבר במצרים רדושמה ושברולנו משם ונחיה ולא נמות,"Now I hear,” he went on, “that there are rations to be had in Egypt. Go down and procure rations for us there, that we may live and not die.” ",Ninguno
Genesis,42,3,וירדו אחייוסף עשרה לשבר בר ממצרים,So ten of Joseph’s brothers went down to get grain rations in Egypt;,Ninguno
Genesis,42,4,ואתבנימין אחי יוסף לאשלח יעקב אתאחיו כי אמר פןיקראנו אסון,"for Jacob did not send Joseph’s brother Benjamin with his brothers, since he feared that he might meet with disaster. ",Control/Derecha (Yamin)
Genesis,42,5,ויבאו בני ישראל לשבר בתוך הבאים כיהיה הרעב בארץ כנען,"Thus the sons of Israel were among those who came to procure rations, for the famine extended to the land of Canaan.",Ninguno
Genesis,42,6,ויוסף הוא השליט עלהארץ הוא המשביר לכלעם הארץ ויבאו אחי יוסף וישתחוולו אפים ארצה,"Now Joseph was the vizier of the land; it was he who dispensed rations to all the people of the land. And Joseph’s brothers came and bowed low to him, with their faces to the ground. ",Ninguno
Genesis,42,7,וירא יוסף אתאחיו ויכרם ויתנכר אליהם וידבר אתם קשות ויאמר אלהם מאין באתם ויאמרו מארץ כנען לשבראכל,"When Joseph saw his brothers, he recognized them; but he acted like a stranger toward them and spoke harshly to them. He asked them, “Where do you come from?” And they said, “From the land of Canaan, to procure food.” ",Ninguno
Genesis,42,8,ויכר יוסף אתאחיו והם לא הכרהו,"For though Joseph recognized his brothers, they did not recognize him. ",Ninguno
Genesis,42,9,ויזכר יוסף את החלמות אשר חלם להם ויאמר אלהם מרגלים אתם לראות אתערות הארץ באתם,"Recalling the dreams that he had dreamed about them, Joseph said to them, “You are spies, you have come to see the land in its nakedness.” ",Ninguno
Genesis,42,10,ויאמרו אליו לא אדני ועבדיך באו לשבראכל,"But they said to him, “No, my lord! Truly, your servants have come to procure food. ",Ninguno
Genesis,42,11,כלנו בני אישאחד נחנו כנים אנחנו לאהיו עבדיך מרגלים,We are all of us sons of the same man; we are being honest; your servants have never been spies!”,Ninguno
Genesis,42,12,ויאמר אלהם לא כיערות הארץ באתם לראות,"And he said to them, “No, you have come to see the land in its nakedness!” ",Ninguno
Genesis,42,13,ויאמרו שנים עשר עבדיך אחים&thinsp;<small></small>&thinsp;אנחנו בני אישאחד בארץ כנען והנה הקטן אתאבינו היום והאחד איננו,"And they replied, “We your servants were twelve brothers, sons of a certain man in the land of Canaan; the youngest, however, is now with our father, and one is no more.” ",Ninguno
Genesis,42,14,ויאמר אלהם יוסף הוא אשר דברתי אלכם לאמר מרגלים אתם,"But Joseph said to them, “It is just as I have told you: You are spies! ",Ninguno
Genesis,42,15,בזאת תבחנו חי פרעה אםתצאו מזה כי אםבבוא אחיכם הקטן הנה,"By this you shall be put to the test: unless your youngest brother comes here, by Pharaoh, you shall not depart from this place! ",Ninguno
Genesis,42,16,שלחו מכם אחד ויקח אתאחיכם ואתם האסרו ויבחנו דבריכם האמת אתכם ואםלא חי פרעה כי מרגלים אתם,"Let one of you go and bring your brother, while the rest of you remain confined, that your words may be put to the test whether there is truth in you. Else, by Pharaoh, you are nothing but spies!” ",Ninguno
Genesis,42,17,ויאסף אתם אלמשמר שלשת ימים,And he confined them in the guardhouse for three days.,Ninguno
Genesis,42,18,ויאמר אלהם יוסף ביום השלישי זאת עשו וחיו אתהאלהים אני ירא,"On the third day Joseph said to them, “Do this and you shall live, for I fear God. ",Ninguno
Genesis,42,19,אםכנים אתם אחיכם אחד יאסר בבית משמרכם ואתם לכו הביאו שבר רעבון בתיכם,"If you are being honest, let one of you brothers be held in your place of detention, while the rest of you go and take home rations for your starving households; ",Ninguno
Genesis,42,20,ואתאחיכם הקטן תביאו אלי ויאמנו דבריכם ולא תמותו ויעשוכן,"but you must bring me your youngest brother, that your words may be verified and that you may not die.” And they did accordingly. ",Ninguno
Genesis,42,21,ויאמרו איש אלאחיו אבל אשמים&thinsp;<small></small>&thinsp;אנחנו עלאחינו אשר ראינו צרת נפשו בהתחננו אלינו ולא שמענו עלכן באה אלינו הצרה הזאת,"They said to one another, “Alas, we are being punished on account of our brother, because we looked on at his anguish, yet paid no heed as he pleaded with us. That is why this distress has come upon us.” ",Ninguno
Genesis,42,22,ויען ראובן אתם לאמר הלוא אמרתי אליכם&thinsp;<small></small>&thinsp;לאמר אלתחטאו בילד ולא שמעתם וגםדמו הנה נדרש,"Then Reuben spoke up and said to them, “Did I not tell you, ‘Do no wrong to the boy’? But you paid no heed. Now comes the reckoning for his blood.” ",Ninguno
Genesis,42,23,והם לא ידעו כי שמע יוסף כי המליץ בינתם,"They did not know that Joseph understood, for there was an interpreter between him and them. ",Percepción (Yada)
Genesis,42,24,ויסב מעליהם ויבך וישב אלהם וידבר אלהם ויקח מאתם אתשמעון ויאסר אתו לעיניהם,He turned away from them and wept. But he came back to them and spoke to them; and he took Simeon from among them and had him bound before their eyes.,Ninguno
Genesis,42,25,ויצו יוסף וימלאו אתכליהם בר ולהשיב כספיהם איש אלשקו ולתת להם צדה לדרך ויעש להם כן,"Then Joseph gave orders to fill their bags with grain, return each one’s money to his sack, and give them provisions for the journey; and this was done for them. ",Ninguno
Genesis,42,26,וישאו אתשברם עלחמריהם וילכו משם,So they loaded their donkeys with the rations and departed from there.,Ninguno
Genesis,42,27,ויפתח האחד אתשקו לתת מספוא לחמרו במלון וירא אתכספו והנההוא בפי אמתחתו,"As one of them was opening his sack to give feed to his donkey at the night encampment, he saw his money right there at the mouth of his bag. ",Ninguno
Genesis,42,28,ויאמר אלאחיו הושב כספי וגם הנה באמתחתי ויצא לבם ויחרדו איש אלאחיו לאמר מהזאת עשה אלהים לנו,"And he said to his brothers, “My money has been returned! It is here in my bag!” Their hearts sank; and, trembling, they turned to one another, saying, “What is this that God has done to us?”",Ninguno
Genesis,42,29,ויבאו אליעקב אביהם ארצה כנען ויגידו לו את כלהקרת אתם לאמר,"When they came to their father Jacob in the land of Canaan, they told him all that had befallen them, saying, ",Ninguno
Genesis,42,30,דבר האיש אדני הארץ אתנו קשות ויתן אתנו כמרגלים אתהארץ,“The man who is lord of the land spoke harshly to us and accused us of spying on the land.,Ninguno
Genesis,42,31,ונאמר אליו כנים אנחנו לא היינו מרגלים,"We said to him, ‘We are being honest; we have never been spies! ",Ninguno
Genesis,42,32,שניםעשר אנחנו אחים בני אבינו האחד איננו והקטן היום אתאבינו בארץ כנען,"There were twelve of us brothers, sons by the same father; but one is no more, and the youngest is now with our father in the land of Canaan.’ ",Ninguno
Genesis,42,33,ויאמר אלינו האיש אדני הארץ בזאת אדע כי כנים אתם אחיכם האחד הניחו אתי ואתרעבון בתיכם קחו ולכו,"But the man—who is lord of the land—said to us, ‘By this I shall know that you are being honest: leave one of your brothers with me, and take something for your starving households and be off. ",Ninguno
Genesis,42,34,והביאו אתאחיכם הקטן אלי ואדעה כי לא מרגלים אתם כי כנים אתם אתאחיכם אתן לכם ואתהארץ תסחרו,"And bring your youngest brother to me, that I may know that you are not spies, that you are being honest. I will then restore your brother to you, and you shall be free to move about in the land.’”",Ninguno
Genesis,42,35,ויהי הם מריקים שקיהם והנהאיש צרורכספו בשקו ויראו אתצררות כספיהם המה ואביהם וייראו,"As they were emptying their sacks, there, in each one’s sack, was his money-bag! When they and their father saw their money-bags, they were dismayed. ",Ninguno
Genesis,42,36,ויאמר אלהם יעקב אביהם אתי שכלתם יוסף איננו ושמעון איננו ואתבנימן תקחו עלי היו כלנה,"Their father Jacob said to them, “It is always me that you bereave: Joseph is no more and Simeon is no more, and now you would take away Benjamin. These things always happen to me!” ",Ninguno
Genesis,42,37,ויאמר ראובן אלאביו לאמר אתשני בני תמית אםלא אביאנו אליך תנה אתו עלידי ואני אשיבנו אליך,"Then Reuben said to his father, “You may kill my two sons if I do not bring him back to you. Put him in my care, and I will return him to you.” ",Ninguno
Genesis,42,38,ויאמר לאירד בני עמכם כיאחיו מת והוא לבדו נשאר וקראהו אסון בדרך אשר תלכובה והורדתם אתשיבתי ביגון שאולה,"But he said, “My son must not go down with you, for his brother is dead and he alone is left. If he meets with disaster on the journey you are taking, you will send my white head down to Sheol in grief.”",Ninguno
Genesis,43,1,והרעב כבד בארץ,But the famine in the land was severe.,Ninguno
Genesis,43,2,ויהי כאשר כלו לאכל אתהשבר אשר הביאו ממצרים ויאמר אליהם אביהם שבו שברולנו מעטאכל,"And when they had eaten up the rations that they had brought from Egypt, their father said to them, “Go again and procure some food for us.” ",Ninguno
Genesis,43,3,ויאמר אליו יהודה לאמר העד העד בנו האיש לאמר לאתראו פני בלתי אחיכם אתכם,"But Judah said to him, “The man warned us, ‘Do not let me see your facesaDo not let me see your faces Lit. “Do not see my face.” unless your brother is with you.’ ",Ninguno
Genesis,43,4,אםישך משלח אתאחינו אתנו נרדה ונשברה לך אכל,"If you will let our brother go with us, we will go down and procure food for you; ",Ninguno
Genesis,43,5,ואםאינך משלח לא נרד כיהאיש אמר אלינו לאתראו פני בלתי אחיכם אתכם,"but if you will not let him go, we will not go down, for that man said to us, ‘Do not let me see your facesbDo not let me see your faces See note at v. 3. unless your brother is with you.’” ",Ninguno
Genesis,43,6,ויאמר ישראל למה הרעתם לי להגיד לאיש העוד לכם אח,"And Israel said, “Why did you serve me so ill as to tell the man that you had another brother?” ",Ninguno
Genesis,43,7,ויאמרו שאול שאלהאיש לנו ולמולדתנו לאמר העוד אביכם חי היש לכם אח ונגדלו עלפי הדברים האלה הידוע נדע כי יאמר הורידו אתאחיכם,"They replied, “But the man kept asking about us and our family, saying, ‘Is your father still living? Have you another brother?’ And we answered him accordingly. How were we to know that he would say, ‘Bring your brother here’?”",Ninguno
Genesis,43,8,ויאמר יהודה אלישראל אביו שלחה הנער אתי ונקומה ונלכה ונחיה ולא נמות גםאנחנו גםאתה גםטפנו,"Then Judah said to his father Israel, “Send the boy in my care, and let us be on our way, that we may live and not die—you and we and our children. ",Ninguno
Genesis,43,9,אנכי אערבנו מידי תבקשנו אםלא הביאתיו אליך והצגתיו לפניך וחטאתי לך כלהימים,"I myself will be surety for him; you may hold me responsible: if I do not bring him back to you and set him before you, I shall stand guilty before you forever. ",Ninguno
Genesis,43,10,כי לולא התמהמהנו כיעתה שבנו זה פעמים,For we could have been there and back twice if we had not dawdled.”,Ninguno
Genesis,43,11,ויאמר אלהם ישראל אביהם אםכן&thinsp;<small></small>&thinsp;אפוא זאת עשו קחו מזמרת הארץ בכליכם והורידו לאיש מנחה מעט צרי ומעט דבש נכאת ולט בטנים ושקדים,"Then their father Israel said to them, “If it must be so, do this: take some of the choice products of the land in your baggage, and carry them down as a gift for the man—some balm and some honey, gum, ladanum, pistachio nuts, and almonds. ",Ninguno
Genesis,43,12,וכסף משנה קחו בידכם ואתהכסף המושב בפי אמתחתיכם תשיבו בידכם אולי משגה הוא,"And take with you double the money, carrying back with you the money that was replaced in the mouths of your bags; perhaps it was a mistake. ",Ninguno
Genesis,43,13,ואתאחיכם קחו וקומו שובו אלהאיש,Take your brother too; and go back at once to the man.,Ninguno
Genesis,43,14,ואל שדי יתן לכם רחמים לפני האיש ושלח לכם אתאחיכם אחר ואתבנימין ואני כאשר שכלתי שכלתי,"And may El Shaddai dispose the man to mercy toward you, that he may release to you your other brother, as well as Benjamin. As for me, if I am to be bereaved, I shall be bereaved.”",Control/Derecha (Yamin)
Genesis,43,15,ויקחו האנשים אתהמנחה הזאת ומשנהכסף לקחו בידם ואתבנימן ויקמו וירדו מצרים ויעמדו לפני יוסף,"So the men took that gift, and they took with them double the money, as well as Benjamin. They made their way down to Egypt, where they presented themselves to Joseph. ",Ninguno
Genesis,43,16,וירא יוסף אתם אתבנימין ויאמר לאשר עלביתו הבא אתהאנשים הביתה וטבח טבח והכן כי אתי יאכלו האנשים בצהרים,"When Joseph saw Benjamin with them, he said to his house steward, “Take those men into the house; slaughter and prepare an animal, for at noon they will dine—with me.” ",Control/Derecha (Yamin)
Genesis,43,17,ויעש האיש כאשר אמר יוסף ויבא האיש אתהאנשים ביתה יוסף,The man did as Joseph said: he brought the men into Joseph’s house.,Ninguno
Genesis,43,18,וייראו האנשים כי הובאו בית יוסף ויאמרו עלדבר הכסף השב באמתחתינו בתחלה אנחנו מובאים להתגלל עלינו ולהתנפל עלינו ולקחת אתנו לעבדים ואתחמרינו,"But the men were frightened at being brought into Joseph’s house. “It must be,” they thought, “because of the money replaced in our bags the first time that we have been brought inside, as a pretext to attack us and seize us as slaves, with our pack animals.” ",Ninguno
Genesis,43,19,ויגשו אלהאיש אשר עלבית יוסף וידברו אליו פתח הבית,So they went up to Joseph’s house steward and spoke to him at the entrance of the house.,Ninguno
Genesis,43,20,ויאמרו בי אדני ירד ירדנו בתחלה לשבראכל,"“If you please, my lord,” they said, “we came down once before to procure food. ",Ninguno
Genesis,43,21,ויהי כיבאנו אלהמלון ונפתחה אתאמתחתינו והנה כסףאיש בפי אמתחתו כספנו במשקלו ונשב אתו בידנו,"But when we arrived at the night encampment and opened our bags, there was each one’s money in the mouth of his bag, our money in full.cin full Lit. “by its weight.” So we have brought it back with us. ",Ninguno
Genesis,43,22,וכסף אחר הורדנו בידנו לשבראכל לא ידענו מישם כספנו באמתחתינו,And we have brought down with us other money to procure food. We do not know who put the money in our bags.”,Percepción (Yada)
Genesis,43,23,ויאמר שלום לכם אלתיראו אלהיכם ואלהי אביכם נתן לכם מטמון באמתחתיכם כספכם בא אלי ויוצא אלהם אתשמעון,"He replied, “All is well with you; do not be afraid. Your God, the God of your father, must have put treasure in your bags for you. I got your payment.” And he brought out Simeon to them.",Ninguno
Genesis,43,24,ויבא האיש אתהאנשים ביתה יוסף ויתןמים וירחצו רגליהם ויתן מספוא לחמריהם,"Then the steward brought the men into Joseph’s house; he gave them water to bathe their feet, and he provided feed for their donkeys. ",Ninguno
Genesis,43,25,ויכינו אתהמנחה עדבוא יוסף בצהרים כי שמעו כישם יאכלו לחם,"They laid out their gifts to await Joseph’s arrival at noon, for they had heard that they were to dine there.",Ninguno
Genesis,43,26,ויבא יוסף הביתה ויביאו לו אתהמנחה אשרבידם הביתה וישתחוולו ארצה,"When Joseph came home, they presented to him the gifts that they had brought with them into the house, bowing low before him to the ground. ",Ninguno
Genesis,43,27,וישאל להם לשלום ויאמר השלום אביכם הזקן אשר אמרתם העודנו חי,"He greeted them, and he said, “How is your aged father of whom you spoke? Is he still in good health?” ",Ninguno
Genesis,43,28,"ויאמרו שלום לעבדך לאבינו עודנו חי ויקדו <span class=""mam-kq""><span class=""mam-kq-k"">(וישתחו)</span> <span class=""mam-kq-q"">[וישתחוו]</span></span>","They replied, “It is well with your servant our father; he is still in good health.” And they bowed and made obeisance.",Ninguno
Genesis,43,29,וישא עיניו וירא אתבנימין אחיו בןאמו ויאמר הזה אחיכם הקטן אשר אמרתם אלי ויאמר אלהים יחנך בני,"Looking about, he saw his brother Benjamin, his mother’s son, and asked, “Is this your youngest brother of whom you spoke to me?” And he went on, “May God be gracious to you, my boy.” ",Control/Derecha (Yamin)
Genesis,43,30,וימהר יוסף כינכמרו רחמיו אלאחיו ויבקש לבכות ויבא החדרה ויבך שמה,"With that, Joseph hurried out, for he was overcome with feeling toward his brother and was on the verge of tears; he went into a room and wept there. ",Ninguno
Genesis,43,31,וירחץ פניו ויצא ויתאפק ויאמר שימו לחם,"Then he washed his face, reappeared, and—now in control of himself—gave the order, “Serve the meal.” ",Ninguno
Genesis,43,32,וישימו לו לבדו ולהם לבדם ולמצרים האכלים אתו לבדם כי לא יוכלון המצרים לאכל אתהעברים לחם כיתועבה הוא למצרים,"They served him by himself, and them by themselves, and the Egyptians who ate with him by themselves; for the Egyptians could not dine with the Hebrews, since that would be abhorrent to the Egyptians. ",Ninguno
Genesis,43,33,וישבו לפניו הבכר כבכרתו והצעיר כצערתו ויתמהו האנשים איש אלרעהו,"As they were seated by his direction, from the oldest in the order of his seniority to the youngest in the order of his youth, the men looked at one another in astonishment. ",Ninguno
Genesis,43,34,וישא משאת מאת פניו אלהם ותרב משאת בנימן ממשאת כלם חמש ידות וישתו וישכרו עמו,Portions were served them from his table; but Benjamin’s portion was severaldseveral Lit. “five.” times that of anyone else. And they drank their fill with him.,Ninguno
Genesis,44,1,ויצו אתאשר עלביתו לאמר מלא אתאמתחת האנשים אכל כאשר יוכלון שאת ושים כסףאיש בפי אמתחתו,"Then he instructed his house steward as follows, “Fill the men’s bags with food, as much as they can carry, and put each one’s money in the mouth of his bag. ",Ninguno
Genesis,44,2,ואתגביעי גביע הכסף תשים בפי אמתחת הקטן ואת כסף שברו ויעש כדבר יוסף אשר דבר,"Put my silver goblet in the mouth of the bag of the youngest one, together with his money for the rations.” And he did as Joseph told him.",Ninguno
Genesis,44,3,הבקר אור והאנשים שלחו המה וחמריהם,"With the first light of morning, the men were sent off with their pack animals. ",Ninguno
Genesis,44,4,הם יצאו אתהעיר לא הרחיקו ויוסף אמר לאשר עלביתו קום רדף אחרי האנשים והשגתם ואמרת אלהם למה שלמתם רעה תחת טובה,"They had just left the city and had not gone far, when Joseph said to his house steward, “Up, go after those men! And when you overtake them, say to them, ‘Why did you repay good with evil? ",Ninguno
Genesis,44,5,הלוא זה אשר ישתה אדני בו והוא נחש ינחש בו הרעתם אשר עשיתם,It is the very one from which my master drinks and that he uses for divination. It was a wicked thing for you to do!’”,Ninguno
Genesis,44,6,וישגם וידבר אלהם אתהדברים האלה,He overtook them and spoke those words to them.,Ninguno
Genesis,44,7,ויאמרו אליו למה ידבר אדני כדברים האלה חלילה לעבדיך מעשות כדבר הזה,"And they said to him, “Why does my lord say such things? Far be it from your servants to do anything of the kind! ",Ninguno
Genesis,44,8,הן כסף אשר מצאנו בפי אמתחתינו השיבנו אליך מארץ כנען ואיך נגנב מבית אדניך כסף או זהב,Here we brought back to you from the land of Canaan the money that we found in the mouths of our bags. How then could we have stolen any silver or gold from your master’s house!,Ninguno
Genesis,44,9,אשר ימצא אתו מעבדיך ומת וגםאנחנו נהיה לאדני לעבדים,"Whichever of your servants it is found with shall die; the rest of us, moreover, shall become slaves to my lord.” ",Ninguno
Genesis,44,10,ויאמר גםעתה כדבריכם כןהוא אשר ימצא אתו יהיהלי עבד ואתם תהיו נקים,"He replied, “Although what you are proposing is right, only the one with whom it is found shall be my slave; but the rest of you shall go free.”",Ninguno
Genesis,44,11,וימהרו ויורדו איש אתאמתחתו ארצה ויפתחו איש אמתחתו,"So each one hastened to lower his bag to the ground, and each one opened his bag. ",Ninguno
Genesis,44,12,ויחפש בגדול החל ובקטן כלה וימצא הגביע באמתחת בנימן,"He searched, beginning with the oldest and ending with the youngest; and the goblet turned up in Benjamin’s bag. ",Ninguno
Genesis,44,13,ויקרעו שמלתם ויעמס איש עלחמרו וישבו העירה,"At this they rent their clothes. Each reloaded his pack animal, and they returned to the city.",Ninguno
Genesis,44,14,ויבא יהודה ואחיו ביתה יוסף והוא עודנו שם ויפלו לפניו ארצה,"When Judah and his brothers reentered the house of Joseph, who was still there, they threw themselves on the ground before him. ",Ninguno
Genesis,44,15,ויאמר להם יוסף מההמעשה הזה אשר עשיתם הלוא ידעתם כינחש ינחש איש אשר כמני,"Joseph said to them, “What is this deed that you have done? Do you not know that a man like me practices divination?” ",Percepción (Yada)
Genesis,44,16,ויאמר יהודה מהנאמר לאדני מהנדבר ומהנצטדק האלהים מצא אתעון עבדיך הננו עבדים לאדני גםאנחנו גם אשרנמצא הגביע בידו,"Judah replied, “What can we say to my lord? How can we plead, how can we prove our innocence? God has uncovered the crime of your servants. Here we are, then, slaves of my lord, the rest of us as much as the one in whose possession the goblet was found.” ",Ninguno
Genesis,44,17,"ויאמר חלילה לי מעשות זאת האיש אשר נמצא הגביע בידו הוא יהיהלי עבד ואתם עלו לשלום אלאביכם&nbsp;<span class=""mam-spi-samekh"">{ס}</span>&nbsp;&nbsp;&nbsp;&nbsp;&nbsp;&nbsp;&nbsp;&nbsp;","But he replied, “Far be it from me to act thus! Only the man in whose possession the goblet was found shall be my slave; the rest of you go back in peace to your father.”",Ninguno
Genesis,44,18,ויגש אליו יהודה ויאמר בי אדני ידברנא עבדך דבר באזני אדני ואליחר אפך בעבדך כי כמוך כפרעה,"Then Judah went up to him and said, “Please, my lord, let your servant appeal to my lord, and do not be impatient with your servant, you who are the equal of Pharaoh. ",Ninguno
Genesis,44,19,אדני שאל אתעבדיו לאמר הישלכם אב אואח,"My lord asked his servants, ‘Have you a father or another brother?’ ",Ninguno
Genesis,44,20,ונאמר אלאדני ישלנו אב זקן וילד זקנים קטן ואחיו מת ויותר הוא לבדו לאמו ואביו אהבו,"We told my lord, ‘We have an old father, and there is a child of his old age, the youngest; his full brother is dead, so that he alone is left of his mother, and his father dotes on him.’ ",Ninguno
Genesis,44,21,ותאמר אלעבדיך הורדהו אלי ואשימה עיני עליו,"Then you said to your servants, ‘Bring him down to me, that I may set eyes on him.’ ",Ninguno
Genesis,44,22,ונאמר אלאדני לאיוכל הנער לעזב אתאביו ועזב אתאביו ומת,"We said to my lord, ‘The boy cannot leave his father; if he were to leave him, his father would die.’ ",Ninguno
Genesis,44,23,ותאמר אלעבדיך אםלא ירד אחיכם הקטן אתכם לא תספון לראות פני,"But you said to your servants, ‘Unless your youngest brother comes down with you, do not let me see your faces.’ ",Ninguno
Genesis,44,24,ויהי כי עלינו אלעבדך אבי ונגדלו את דברי אדני,"When we came back to your servant my father, we reported my lord’s words to him.",Ninguno
Genesis,44,25,ויאמר אבינו שבו שברולנו מעטאכל,"“Later our father said, ‘Go back and procure some food for us.’ ",Ninguno
Genesis,44,26,ונאמר לא נוכל לרדת אםיש אחינו הקטן אתנו וירדנו כילא נוכל לראות פני האיש ואחינו הקטן איננו אתנו,"We answered, ‘We cannot go down; only if our youngest brother is with us can we go down, for we may not show our faces to the manashow our faces to the man Lit. “see the man’s face.” unless our youngest brother is with us.’ ",Ninguno
Genesis,44,27,ויאמר עבדך אבי אלינו אתם ידעתם כי שנים ילדהלי אשתי,"Your servant my father said to us, ‘As you know, my wife bore me two sons. ",Percepción (Yada)
Genesis,44,28,ויצא האחד מאתי ואמר אך טרף טרף ולא ראיתיו עדהנה,"But one is gone from me, and I said: Alas, he was torn by a beast! And I have not seen him since. ",Ninguno
Genesis,44,29,ולקחתם גםאתזה מעם פני וקרהו אסון והורדתם אתשיבתי ברעה שאלה,"If you take this one from me, too, and he meets with disaster, you will send my white head down to Sheol in sorrow.’",Ninguno
Genesis,44,30,ועתה כבאי אלעבדך אבי והנער איננו אתנו ונפשו קשורה בנפשו,"“Now, if I come to your servant my father and the boy is not with us—since his own life is so bound up with his— ",Ninguno
Genesis,44,31,והיה כראותו כיאין הנער ומת והורידו עבדיך אתשיבת עבדך אבינו ביגון שאלה,"when he sees that the boy is not with us, he will die, and your servants will send the white head of your servant our father down to Sheol in grief. ",Ninguno
Genesis,44,32,כי עבדך ערב אתהנער מעם אבי לאמר אםלא אביאנו אליך וחטאתי לאבי כלהימים,"Now your servant has pledged himself for the boy to my father, saying, ‘If I do not bring him back to you, I shall stand guilty before my father forever.’ ",Ninguno
Genesis,44,33,ועתה ישבנא עבדך תחת הנער עבד לאדני והנער יעל עםאחיו,"Therefore, please let your servant remain as a slave to my lord instead of the boy, and let the boy go back with his brothers. ",Ninguno
Genesis,44,34,כיאיך אעלה אלאבי והנער איננו אתי פן אראה ברע אשר ימצא אתאבי,For how can I go back to my father unless the boy is with me? Let me not be witness to the woe that would overtake my father!”,Ninguno
Genesis,45,1,ולאיכל יוסף להתאפק לכל הנצבים עליו ויקרא הוציאו כלאיש מעלי ולאעמד איש אתו בהתודע יוסף אלאחיו,"Joseph could no longer control himself before all his attendants, and he cried out, “Have everyone withdraw from me!” So there was no one else about when Joseph made himself known to his brothers. ",Ninguno
Genesis,45,2,ויתן אתקלו בבכי וישמעו מצרים וישמע בית פרעה,"His sobs were so loud that the Egyptians could hear, and so the news reached Pharaoh’s palace.",Ninguno
Genesis,45,3,ויאמר יוסף אלאחיו אני יוסף העוד אבי חי ולאיכלו אחיו לענות אתו כי נבהלו מפניו,"Joseph said to his brothers, “I am Joseph. Is my father still well?” But his brothers could not answer him, so dumfounded were they on account of him.",Ninguno
Genesis,45,4,ויאמר יוסף אלאחיו גשונא אלי ויגשו ויאמר אני יוסף אחיכם אשרמכרתם אתי מצרימה,"Then Joseph said to his brothers, “Come forward to me.” And when they came forward, he said, “I am your brother Joseph, he whom you sold into Egypt. ",Ninguno
Genesis,45,5,ועתה&thinsp;<b></b> אלתעצבו ואליחר בעיניכם כימכרתם אתי הנה כי למחיה שלחני אלהים לפניכם,"Now, do not be distressed or reproach yourselves because you sold me hither; it was to save life that God sent me ahead of you. ",Ninguno
Genesis,45,6,כיזה שנתים הרעב בקרב הארץ ועוד חמש שנים אשר איןחריש וקציר,"It is now two years that there has been famine in the land, and there are still five years to come in which there shall be no yield from tilling. ",Ninguno
Genesis,45,7,וישלחני אלהים לפניכם לשום לכם שארית בארץ ולהחיות לכם לפליטה גדלה,"God has sent me ahead of you to ensure your survival on earth, and to save your lives in an extraordinary deliverance. ",Ninguno
Genesis,45,8,ועתה לאאתם שלחתם אתי הנה כי האלהים וישימני לאב לפרעה ולאדון לכלביתו ומשל בכלארץ מצרים,"So, it was not you who sent me here, but God—who has made me a father to Pharaoh,afather to Pharaoh I.e., Pharaoh’s chancellor; cf. Isa. 22.20–21. lord of all his household, and ruler over the whole land of Egypt.",Ninguno
Genesis,45,9,מהרו ועלו אלאבי ואמרתם אליו כה אמר בנך יוסף שמני אלהים לאדון לכלמצרים רדה אלי אלתעמד,"“Now, hurry back to my father and say to him: Thus says your son Joseph, ‘God has made me lord of all Egypt; come down to me without delay. ",Ninguno
Genesis,45,10,וישבת בארץגשן והיית קרוב אלי אתה ובניך ובני בניך וצאנך ובקרך וכלאשרלך,"You will dwell in the region of Goshen, where you will be near me—you and your children and your grandchildren, your flocks and herds, and all that is yours. ",Ninguno
Genesis,45,11,וכלכלתי אתך שם כיעוד חמש שנים רעב פןתורש אתה וביתך וכלאשרלך,There I will provide for you—for there are yet five years of famine to come—that you and your household and all that is yours may not suffer want.’,Ninguno
Genesis,45,12,והנה עיניכם ראות ועיני אחי בנימין כיפי המדבר אליכם,"You can see for yourselves, and my brother Benjamin for himself, that it is indeed I who am speaking to you. ",Control/Derecha (Yamin)
Genesis,45,13,והגדתם לאבי אתכלכבודי במצרים ואת כלאשר ראיתם ומהרתם והורדתם אתאבי הנה,And you must tell my father everything about my high station in Egypt and all that you have seen; and bring my father here with all speed.”,Ninguno
Genesis,45,14,ויפל עלצוארי בנימןאחיו ויבך ובנימן בכה עלצואריו,"With that he embracedbembraced Lit. “fell on.” his brother Benjamin around the neck and wept, and Benjamin wept on his neck. ",Ninguno
Genesis,45,15,וינשק לכלאחיו ויבך עלהם ואחרי כן דברו אחיו אתו,He kissed all his brothers and wept upon them; only then were his brothers able to talk to him.,Ninguno
Genesis,45,16,והקל נשמע בית פרעה לאמר באו אחי יוסף וייטב בעיני פרעה ובעיני עבדיו,The news reached Pharaoh’s palace: “Joseph’s brothers have come.” Pharaoh and his courtiers were pleased.,Ninguno
Genesis,45,17,ויאמר פרעה אליוסף אמר אלאחיך זאת עשו טענו אתבעירכם ולכובאו ארצה כנען,"And Pharaoh said to Joseph, “Say to your brothers, ‘Do as follows: load up your animals and go at once to the land of Canaan. ",Ninguno
Genesis,45,18,וקחו אתאביכם ואתבתיכם ובאו אלי ואתנה לכם אתטוב ארץ מצרים ואכלו אתחלב הארץ,Take your father and your households and come to me; I will give you the best of the land of Egypt and you shall live off the fat of the land.’,Ninguno
Genesis,45,19,ואתה צויתה זאת עשו קחולכם מארץ מצרים עגלות לטפכם ולנשיכם ונשאתם אתאביכם ובאתם,"And you are bidden [to add], ‘Do as follows: take from the land of Egypt wagons for your children and your wives, and bring your father here. ",Ninguno
Genesis,45,20,ועינכם אלתחס עלכליכם כיטוב כלארץ מצרים לכם הוא,"And never mind your belongings, for the best of all the land of Egypt shall be yours.’”",Ninguno
Genesis,45,21,ויעשוכן בני ישראל ויתן להם יוסף עגלות עלפי פרעה ויתן להם צדה לדרך,"The sons of Israel did so; Joseph gave them wagons as Pharaoh had commanded, and he supplied them with provisions for the journey. ",Ninguno
Genesis,45,22,לכלם נתן לאיש חלפות שמלת ולבנימן נתן שלש מאות כסף וחמש חלפת שמלת,"To each of them, moreover, he gave a change of clothing; but to Benjamin he gave three hundred pieces of silver and severalcseveral Lit. “five”; cf. 43.34. changes of clothing. ",Ninguno
Genesis,45,23,ולאביו שלח כזאת עשרה חמרים נשאים מטוב מצרים ועשר אתנת נשאת בר ולחם ומזון לאביו לדרך,"And to his father he sent the following: ten jackasses laden with the best things of Egypt, and ten jennies laden with grain, bread, and provisions for his father on the journey. ",Ninguno
Genesis,45,24,וישלח אתאחיו וילכו ויאמר אלהם אלתרגזו בדרך,"As he sent his brothers off on their way, he told them, “Do not be quarrelsome on the way.”",Ninguno
Genesis,45,25,ויעלו ממצרים ויבאו ארץ כנען אליעקב אביהם,They went up from Egypt and came to their father Jacob in the land of Canaan.,Ninguno
Genesis,45,26,ויגדו לו לאמר עוד יוסף חי וכיהוא משל בכלארץ מצרים ויפג לבו כי לאהאמין להם,"And they told him, “Joseph is still alive; yes, he is ruler over the whole land of Egypt.” His heart went numb, for he did not believe them. ",Ninguno
Genesis,45,27,וידברו אליו את כלדברי יוסף אשר דבר אלהם וירא אתהעגלות אשרשלח יוסף לשאת אתו ותחי רוח יעקב אביהם,"But when they recounted all that Joseph had said to them, and when he saw the wagons that Joseph had sent to transport him, the spirit of their father Jacob revived. ",Ninguno
Genesis,45,28,ויאמר ישראל רב עודיוסף בני חי אלכה ואראנו בטרם אמות,“Enough!” said Israel. “My son Joseph is still alive! I must go and see him before I die.”,Ninguno
Genesis,46,1,ויסע ישראל וכלאשרלו ויבא בארה שבע ויזבח זבחים לאלהי אביו יצחק,"So Israel set out with all that was his, and he came to Beer-sheba, where he offered sacrifices to the God of his father Isaac.ahis father Isaac I.e., Isaac and his household. ",Ninguno
Genesis,46,2,ויאמר אלהים&thinsp;<small></small>&thinsp;לישראל במראת הלילה ויאמר יעקב&thinsp;<small></small>&thinsp;יעקב ויאמר הנני,"God called to Israel in a vision by night: “Jacob! Jacob!” He answered, “Here.”",Ninguno
Genesis,46,3,ויאמר אנכי האל אלהי אביך אלתירא מרדה מצרימה כילגוי גדול אשימך שם,"“I am God, the God of your father.byour father Cf. note at v. 1. Fear not to go down to Egypt, for I will make you there into a great nation. ",Ninguno
Genesis,46,4,אנכי ארד עמך מצרימה ואנכי אעלך גםעלה ויוסף ישית ידו עלעיניך,"I Myself will go down with you to Egypt, and I Myself will also bring you back; and Joseph’s hand shall close your eyes.”",Ninguno
Genesis,46,5,ויקם יעקב מבאר שבע וישאו בניישראל אתיעקב אביהם ואתטפם ואתנשיהם בעגלות אשרשלח פרעה לשאת אתו,So Jacob set out from Beer-sheba. The sons of Israel put their father Jacob and their children and their wives in the wagons that Pharaoh had sent to transport him;,Ninguno
Genesis,46,6,ויקחו אתמקניהם ואתרכושם אשר רכשו בארץ כנען ויבאו מצרימה יעקב וכלזרעו אתו,and they took along their livestock and the wealth that they had amassed in the land of Canaan. Thus Jacob and all his offspring with him came to Egypt:,Ninguno
Genesis,46,7,"בניו ובני בניו אתו בנתיו ובנות בניו וכלזרעו הביא אתו מצרימה&nbsp;<span class=""mam-spi-samekh"">{ס}</span>&nbsp;&nbsp;&nbsp;&nbsp;&nbsp;&nbsp;&nbsp;&nbsp;","he brought with him to Egypt his sons and grandsons, his daughters and granddaughters—all his offspring.",Ninguno
Genesis,46,8,ואלה שמות בניישראל הבאים מצרימה יעקב ובניו בכר יעקב ראובן,"These are the names of the Israelites, Jacob and his descendants, who came to Egypt.Jacob’s first-born Reuben; ",Ninguno
Genesis,46,9,ובני ראובן חנוך ופלוא וחצרן וכרמי,"Reuben’s sons: Enoch,cEnoch Or “Hanoch.” Pallu, Hezron, and Carmi. ",Ninguno
Genesis,46,10,ובני שמעון ימואל וימין ואהד ויכין וצחר ושאול בןהכנענית,"Simeon’s sons: Jemuel, Jamin, Ohad, Jachin, Zohar, and SauldSaul Or “Shaul.” the son of a Canaanite woman. ",Control/Derecha (Yamin)
Genesis,46,11,ובני לוי גרשון קהת ומררי,"Levi’s sons: Gershon, Kohath, and Merari. ",Ninguno
Genesis,46,12,ובני יהודה ער ואונן ושלה ופרץ וזרח וימת ער ואונן בארץ כנען ויהיו בניפרץ חצרן וחמול,"Judah’s sons: Er, Onan, Shelah, Perez, and Zerah—but Er and Onan had died in the land of Canaan; and Perez’s sons were Hezron and Hamul. ",Ninguno
Genesis,46,13,ובני יששכר תולע ופוה ויוב ושמרן,"Issachar’s sons: Tola, Puvah, Iob, and Shimron. ",Ninguno
Genesis,46,14,ובני זבלון סרד ואלון ויחלאל,"Zebulun’s sons: Sered, Elon, and Jahleel. ",Ninguno
Genesis,46,15,אלה&thinsp;<b></b> בני לאה אשר ילדה ליעקב בפדן ארם ואת דינה בתו כלנפש בניו ובנותיו שלשים ושלש,"Those were the sons whom Leah bore to Jacob in Paddan-aram, in addition to his daughter Dinah. Persons in all, male and female: 33.e33 Including Jacob. ",Ninguno
Genesis,46,16,ובני גד צפיון וחגי שוני ואצבן ערי וארודי ואראלי,"Gad’s sons: Ziphion, Haggi, Shuni, Ezbon, Eri, Arodi, and Areli. ",Ninguno
Genesis,46,17,ובני אשר ימנה וישוה וישוי ובריעה ושרח אחתם ובני בריעה חבר ומלכיאל,"Asher’s sons: Imnah, Ishvah, Ishvi, and Beriah, and their sister Serah. Beriah’s sons: Heber and Malchiel. ",Ninguno
Genesis,46,18,אלה בני זלפה אשרנתן לבן ללאה בתו ותלד אתאלה ליעקב שש עשרה נפש,"These were the descendants of Zilpah, whom Laban had given to his daughter Leah. These she bore to Jacob—16 persons.",Ninguno
Genesis,46,19,בני רחל אשת יעקב יוסף ובנימן,The sons of Jacob’s wife Rachel were Joseph and Benjamin.,Ninguno
Genesis,46,20,"ויולד ליוסף בארץ מצרים אשר ילדהלו אסנת בתפוטי פרע<sup class=""footnote-marker"">*</sup><i class=""footnote"">(בספרי תימן פוטיפרע בתיבה אחת)</i> כהן אן אתמנשה ואתאפרים","To Joseph were born in the land of Egypt Manasseh and Ephraim, whom Asenath daughter of Poti-phera priest of On bore to him. ",Ninguno
Genesis,46,21,ובני בנימן בלע ובכר ואשבל גרא ונעמן אחי וראש מפים וחפים וארד,"Benjamin’s sons: Bela, Becher, Ashbel, Gera, Naaman, Ehi, Rosh, Muppim, Huppim, and Ard. ",Ninguno
Genesis,46,22,אלה בני רחל אשר ילד ליעקב כלנפש ארבעה עשר,These were the descendants of Rachel who were born to Jacob—14 persons in all.,Ninguno
Genesis,46,23,ובנידן חשים,Dan’s son:fson Heb. “sons.” Hushim. ,Ninguno
Genesis,46,24,ובני נפתלי יחצאל וגוני ויצר ושלם,"Naphtali’s sons: Jahzeel, Guni, Jezer, and Shillem. ",Ninguno
Genesis,46,25,אלה בני בלהה אשרנתן לבן לרחל בתו ותלד אתאלה ליעקב כלנפש שבעה,"These were the descendants of Bilhah, whom Laban had given to his daughter Rachel. These she bore to Jacob—7 persons in all.",Ninguno
Genesis,46,26,כלהנפש הבאה ליעקב מצרימה יצאי ירכו מלבד נשי בנייעקב כלנפש ששים ושש,"All the persons belonging to Jacob who came to Egyptgwho came to Egypt Not including Joseph and Joseph’s two sons.—his own issue, aside from the wives of Jacob’s sons—all these persons numbered 66. ",Ninguno
Genesis,46,27,"ובני יוסף אשרילדלו במצרים נפש שנים כלהנפש לביתיעקב הבאה מצרימה שבעים&nbsp;<span class=""mam-spi-samekh"">{ס}</span>&nbsp;&nbsp;&nbsp;&nbsp;&nbsp;&nbsp;&nbsp;&nbsp;",And Joseph’s sons who were born to him in Egypt were two in number. Thus the total of Jacob’s household who came to Egypt was seventy persons.hseventy persons Including Jacob and Joseph. ,Ninguno
Genesis,46,28,ואתיהודה שלח לפניו אליוסף להורת לפניו גשנה ויבאו ארצה גשן,"He had sent Judah ahead of him to Joseph, to point the way before him to Goshen. So when they came to the region of Goshen, ",Ninguno
Genesis,46,29,ויאסר יוסף מרכבתו ויעל לקראתישראל אביו גשנה וירא אליו ויפל עלצואריו ויבך עלצואריו עוד,"Joseph orderediordered Lit. “hitched.” his chariot and went to Goshen to meet his father Israel; he presented himself to him and, embracing him around the neck, he wept on his neck a good while. ",Ninguno
Genesis,46,30,ויאמר ישראל אליוסף אמותה הפעם אחרי ראותי אתפניך כי עודך חי,"Then Israel said to Joseph, “Now I can die, having seen for myself that you are still alive.”",Ninguno
Genesis,46,31,ויאמר יוסף אלאחיו ואלבית אביו אעלה ואגידה לפרעה ואמרה אליו אחי וביתאבי אשר בארץכנען באו אלי,"Then Joseph said to his brothers and to his father’s household, “I will go up and tell the news to Pharaoh, and say to him, ‘My brothers and my father’s household, who were in the land of Canaan, have come to me. ",Ninguno
Genesis,46,32,והאנשים רעי צאן כיאנשי מקנה היו וצאנם ובקרם וכלאשר להם הביאו,"They happen to be shepherds; they have always been breeders of livestock, and they have brought with them their flocks and herds and all that is theirs.’ ",Ninguno
Genesis,46,33,והיה כייקרא לכם פרעה ואמר מהמעשיכם,"So when Pharaoh summons you and asks, ‘What is your occupation?’ ",Ninguno
Genesis,46,34,ואמרתם אנשי מקנה היו עבדיך מנעורינו ועדעתה גםאנחנו גםאבתינו בעבור תשבו בארץ גשן כיתועבת מצרים כלרעה צאן,"you shall answer, ‘Your servants have been breeders of livestock from the start until now, both we and our fathers’—so that you may stay in the region of Goshen. For all shepherds are abhorrent to Egyptians.”",Ninguno
Genesis,47,1,ויבא יוסף ויגד לפרעה ויאמר אבי ואחי וצאנם ובקרם וכלאשר להם באו מארץ כנען והנם בארץ גשן,"Then Joseph came and reported to Pharaoh, saying, “My father and my brothers, with their flocks and herds and all that is theirs, have come from the land of Canaan and are now in the region of Goshen.” ",Ninguno
Genesis,47,2,ומקצה אחיו לקח חמשה אנשים ויצגם לפני פרעה,"And carefully selecting a fewaa few Lit. “five.” of his brothers, he presented them to Pharaoh. ",Ninguno
Genesis,47,3,ויאמר פרעה אלאחיו מהמעשיכם ויאמרו אלפרעה רעה צאן עבדיך גםאנחנו גםאבותינו,"Pharaoh said to his brothers, “What is your occupation?” They answered Pharaoh, “We your servants are shepherds, as were also our fathers. ",Ninguno
Genesis,47,4,ויאמרו אלפרעה לגור בארץ באנו כיאין מרעה לצאן אשר לעבדיך כיכבד הרעב בארץ כנען ועתה ישבונא עבדיך בארץ גשן,"We have come,” they told Pharaoh, “to sojourn in this land, for there is no pasture for your servants’ flocks, the famine being severe in the land of Canaan. Pray, then, let your servants stay in the region of Goshen.” ",Ninguno
Genesis,47,5,ויאמר פרעה אליוסף לאמר אביך ואחיך באו אליך,"Then Pharaoh said to Joseph, “As regards your father and your brothers who have come to you, ",Ninguno
Genesis,47,6,ארץ מצרים לפניך הוא במיטב הארץ הושב אתאביך ואתאחיך ישבו בארץ גשן ואםידעת וישבם אנשיחיל ושמתם שרי מקנה עלאשרלי,"the land of Egypt is open before you: settle your father and your brothers in the best part of the land; let them stay in the region of Goshen. And if you know some men of ability among them, put them in charge of my livestock.”",Percepción (Yada)
Genesis,47,7,ויבא יוסף אתיעקב אביו ויעמדהו לפני פרעה ויברך יעקב אתפרעה,Joseph then brought his father Jacob and presented him to Pharaoh; and Jacob greeted Pharaoh.,Ninguno
Genesis,47,8,ויאמר פרעה אליעקב כמה ימי שני חייך,"Pharaoh asked Jacob, “How many are the years of your life?” ",Ninguno
Genesis,47,9,ויאמר יעקב אלפרעה ימי שני מגורי שלשים ומאת שנה מעט ורעים היו ימי שני חיי ולא השיגו אתימי שני חיי אבתי בימי מגוריהם,"And Jacob answered Pharaoh, “The years of my sojourn [on earth] are one hundred and thirty. Few and hard have been the years of my life, nor do they come up to the life spans of my ancestorsbancestors Or “fathers,” namely Terah, Abraham, and Isaac. during their sojourns.” ",Ninguno
Genesis,47,10,ויברך יעקב אתפרעה ויצא מלפני פרעה,"Then Jacob bade Pharaoh farewell, and left Pharaoh’s presence.",Ninguno
Genesis,47,11,ויושב יוסף אתאביו ואתאחיו ויתן להם אחזה בארץ מצרים במיטב הארץ בארץ רעמסס כאשר צוה פרעה,"So Joseph settled his father and his brothers, giving them holdings in the choicest part of the land of Egypt, in the region of Rameses, as Pharaoh had commanded. ",Ninguno
Genesis,47,12,ויכלכל יוסף אתאביו ואתאחיו ואת כלבית אביו לחם לפי הטף,"Joseph sustained his father, and his brothers, and all his father’s household with bread, down to the little ones.",Ninguno
Genesis,47,13,ולחם אין בכלהארץ כיכבד הרעב מאד ותלה ארץ מצרים וארץ כנען מפני הרעב,"Now there was no bread in all the world, for the famine was very severe; both the land of Egypt and the land of Canaan languished because of the famine. ",Ninguno
Genesis,47,14,וילקט יוסף אתכלהכסף הנמצא בארץמצרים ובארץ כנען בשבר אשרהם שברים ויבא יוסף אתהכסף ביתה פרעה,"Joseph gathered in all the money that was to be found in the land of Egypt and in the land of Canaan, as payment for the rations that were being procured, and Joseph brought the money into Pharaoh’s palace. ",Ninguno
Genesis,47,15,ויתם הכסף מארץ מצרים ומארץ כנען ויבאו כלמצרים אליוסף לאמר הבהלנו לחם ולמה נמות נגדך כי אפס כסף,"And when the money gave out in the land of Egypt and in the land of Canaan, all the Egyptians came to Joseph and said, “Give us bread, lest we die before your very eyes; for the money is gone!” ",Ninguno
Genesis,47,16,ויאמר יוסף הבו מקניכם ואתנה לכם במקניכם אםאפס כסף,"And Joseph said, “Bring your livestock, and I will sell to you against your livestock, if the money is gone.” ",Ninguno
Genesis,47,17,ויביאו אתמקניהם אליוסף ויתן להם יוסף לחם בסוסים ובמקנה הצאן ובמקנה הבקר ובחמרים וינהלם בלחם בכלמקנהם בשנה ההוא,"So they brought their livestock to Joseph, and Joseph gave them bread in exchange for the horses, for the stocks of sheep and cattle, and the donkeys; thus he provided them with bread that year in exchange for all their livestock. ",Ninguno
Genesis,47,18,ותתם השנה ההוא ויבאו אליו בשנה השנית ויאמרו לו לאנכחד מאדני כי אםתם הכסף ומקנה הבהמה אלאדני לא נשאר לפני אדני בלתי אםגויתנו ואדמתנו,"And when that year was ended, they came to him the next year and said to him, “We cannot hide from my lord that, with all the money and animal stocks consigned to my lord, nothing is left at my lord’s disposal save our persons and our farmland. ",Ninguno
Genesis,47,19,למה נמות לעיניך גםאנחנו גם אדמתנו קנהאתנו ואתאדמתנו בלחם ונהיה אנחנו ואדמתנו עבדים לפרעה ותןזרע ונחיה ולא נמות והאדמה לא תשם,"Let us not perish before your eyes, both we and our land. Take us and our land in exchange for bread, and we with our land will be serfs to Pharaoh; provide the seed, that we may live and not die, and that the land may not become a waste.”",Ninguno
Genesis,47,20,ויקן יוסף אתכלאדמת מצרים לפרעה כימכרו מצרים איש שדהו כיחזק עלהם הרעב ותהי הארץ לפרעה,"So Joseph gained possession of all the farmland of Egypt for Pharaoh, all the Egyptians having sold their fields because the famine was too much for them; thus the land passed over to Pharaoh. ",Ninguno
Genesis,47,21,ואתהעם העביר אתו לערים מקצה גבולמצרים ועדקצהו,"And he removed the population town by town,ctown by town Meaning of Heb. leʻarim uncertain. from one end of Egypt’s border to the other. ",Ninguno
Genesis,47,22,רק אדמת הכהנים לא קנה כי חק לכהנים מאת פרעה ואכלו אתחקם אשר נתן להם פרעה עלכן לא מכרו אתאדמתם,"Only the land of the priests he did not take over, for the priests had an allotment from Pharaoh, and they lived off the allotment that Pharaoh had made to them; therefore they did not sell their land.",Ninguno
Genesis,47,23,ויאמר יוסף אלהעם הן קניתי אתכם היום ואתאדמתכם לפרעה האלכם זרע וזרעתם אתהאדמה,"Then Joseph said to the people, “Whereas I have this day acquired you and your land for Pharaoh, here is seed for you to sow the land. ",Ninguno
Genesis,47,24,והיה בתבואת ונתתם חמישית לפרעה וארבע הידת יהיה לכם לזרע השדה ולאכלכם ולאשר בבתיכם ולאכל לטפכם,"And when harvest comes, you shall give one-fifth to Pharaoh, and four-fifths shall be yours as seed for the fields and as food for you and those in your households, and as nourishment for your children.” ",Ninguno
Genesis,47,25,ויאמרו החיתנו נמצאחן בעיני אדני והיינו עבדים לפרעה,"And they said, “You have saved our lives! We are grateful to my lord, and we shall be serfs to Pharaoh.” ",Ninguno
Genesis,47,26,וישם אתה יוסף לחק עדהיום הזה עלאדמת מצרים לפרעה לחמש רק אדמת הכהנים לבדם לא היתה לפרעה,"And Joseph made it into a land law in Egypt, which is still valid, that a fifth should be Pharaoh’s; only the land of the priests did not become Pharaoh’s.",Ninguno
Genesis,47,27,וישב ישראל בארץ מצרים בארץ גשן ויאחזו בה ויפרו וירבו מאד,"Thus Israel settled in the country of Egypt, in the region of Goshen; they acquired holdings in it, and were fertile and increased greatly.",Ninguno
Genesis,47,28,ויחי יעקב בארץ מצרים שבע עשרה שנה ויהי ימייעקב שני חייו שבע שנים וארבעים ומאת שנה,"Jacob lived seventeen years in the land of Egypt, so that the span of Jacob’s life came to one hundred and forty-seven years. ",Ninguno
Genesis,47,29,ויקרבו ימיישראל למות ויקרא&thinsp;<b></b> לבנו ליוסף ויאמר לו אםנא מצאתי חן בעיניך שיםנא ידך תחת ירכי ועשית עמדי חסד ואמת אלנא תקברני במצרים,"And when the time approached for Israel to die, he summoned his son Joseph and said to him, “Do me this favor, place your hand under my thigh as a pledge of your steadfast loyalty: please do not bury me in Egypt. ",Ninguno
Genesis,47,30,ושכבתי עםאבתי ונשאתני ממצרים וקברתני בקברתם ויאמר אנכי אעשה כדברך,"When I rest with my ancestors, take me up from Egypt and bury me in their burial-place.” He replied, “I will do as you have spoken.” ",Ninguno
Genesis,47,31,"ויאמר השבעה לי וישבע לו וישתחו ישראל עלראש המטה&nbsp;<span class=""mam-spi-pe"">{פ}</span><br>","And he said, “Swear to me.” And he swore to him. Then Israel bowed at the head of the bed.",Ninguno
Genesis,48,1,ויהי אחרי הדברים האלה ויאמר ליוסף הנה אביך חלה ויקח אתשני בניו עמו אתמנשה ואתאפרים,"Some time afterward, Joseph was told, “Your father is ill.” So he took with him his two sons, Manasseh and Ephraim. ",Ninguno
Genesis,48,2,ויגד ליעקב ויאמר הנה בנך יוסף בא אליך ויתחזק ישראל וישב עלהמטה,"When Jacob was told, “Your son Joseph has come to see you,” Israel summoned his strength and sat up in bed.",Ninguno
Genesis,48,3,ויאמר יעקב אליוסף אל שדי נראהאלי בלוז בארץ כנען ויברך אתי,"And Jacob said to Joseph, “El Shaddai, who appeared toaappeared to Or “communicated with.” me at Luz in the land of Canaan, blessed me— ",Ninguno
Genesis,48,4,ויאמר אלי הנני מפרך והרביתך ונתתיך לקהל עמים ונתתי אתהארץ הזאת לזרעך אחריך אחזת עולם,"and said to me, ‘I will make you fertile and numerous, making of you a community of peoples; and I will assign this land to your offspring to come for an everlasting possession.’ ",Ninguno
Genesis,48,5,ועתה שניבניך הנולדים לך בארץ מצרים עדבאי אליך מצרימה ליהם אפרים ומנשה כראובן ושמעון יהיולי,"Now, your two sons, who were born to you in the land of Egypt before I came to you in Egypt, shall be mine; Ephraim and Manasseh shall be mine no less than Reuben and Simeon. ",Ninguno
Genesis,48,6,ומולדתך אשרהולדת אחריהם לך יהיו על שם אחיהם יקראו בנחלתם,But progeny born to you after them shall be yours; they shall be recorded insteadbinstead Lit. “under the name.” of their brothers in their inheritance. ,Ninguno
Genesis,48,7,ואני&thinsp;<b></b> בבאי מפדן מתה עלי רחל בארץ כנען בדרך בעוד כברתארץ לבא אפרתה ואקברה שם בדרך אפרת הוא בית לחם,"I [do this because], when I was returning from Paddan, Rachel died, to my sorrow, while I was journeying in the land of Canaan, when still some distance short of Ephrath; and I buried her there on the road to Ephrath”—now Bethlehem.",Ninguno
Genesis,48,8,וירא ישראל אתבני יוסף ויאמר מיאלה,"Noticing Joseph’s sons, Israel asked, “Who are these?” ",Ninguno
Genesis,48,9,ויאמר יוסף אלאביו בני הם אשרנתןלי אלהים בזה ויאמר קחםנא אלי ואברכם,"And Joseph said to his father, “They are my sons, whom God has given me here.” “Bring them up to me,” he said, “that I may bless them.” ",Ninguno
Genesis,48,10,ועיני ישראל כבדו מזקן לא יוכל לראות ויגש אתם אליו וישק להם ויחבק להם,"Now Israel’s eyes were dim with age; he could not see. So [Joseph] brought them close to him, and he kissed them and embraced them. ",Ninguno
Genesis,48,11,ויאמר ישראל אליוסף ראה פניך לא פללתי והנה הראה אתי אלהים גם אתזרעך,"And Israel said to Joseph, “I never expected to see you again, and here God has let me see your children as well.”",Ninguno
Genesis,48,12,ויוצא יוסף אתם מעם ברכיו וישתחו לאפיו ארצה,"Joseph then removed them from his knees, and bowed low with his face to the ground. ",Ninguno
Genesis,48,13,ויקח יוסף אתשניהם אתאפרים בימינו משמאל ישראל ואתמנשה בשמאלו מימין ישראל ויגש אליו,"Joseph took the two of them, Ephraim with his right hand—to Israel’s left—and Manasseh with his left hand—to Israel’s right—and brought them close to him. ","Control/Derecha (Yamin), Caos/Izquierda (Smol)"
Genesis,48,14,וישלח ישראל אתימינו וישת עלראש אפרים והוא הצעיר ואתשמאלו עלראש מנשה שכל אתידיו כי מנשה הבכור,"But Israel stretched out his right hand and laid it on Ephraim’s head, though he was the younger, and his left hand on Manasseh’s head—thus crossing his hands—although Manasseh was the first-born. ",Caos/Izquierda (Smol)
Genesis,48,15,ויברך אתיוסף ויאמר האלהים אשר התהלכו אבתי לפניו אברהם ויצחק האלהים הרעה אתי מעודי עדהיום הזה,"And he blessed Joseph, saying,“The God in whose ways my fathers Abraham and Isaac walked,The God who has been my shepherd from my birth to this day—",Ninguno
Genesis,48,16,המלאך הגאל אתי מכלרע יברך אתהנערים ויקרא בהם שמי ושם אבתי אברהם ויצחק וידגו לרב בקרב הארץ,"The AngelcAngel Heb. “Messenger.” who has redeemed me from all harm—Bless the lads.In them may my name be recalled,And the names of my fathers Abraham and Isaac,And may they be teeming multitudes upon the earth.”",Ninguno
Genesis,48,17,וירא יוסף כיישית אביו ידימינו עלראש אפרים וירע בעיניו ויתמך ידאביו להסיר אתה מעל ראשאפרים עלראש מנשה,"When Joseph saw that his father was placing his right hand on Ephraim’s head, he thought it wrong; so he took hold of his father’s hand to move it from Ephraim’s head to Manasseh’s. ",Ninguno
Genesis,48,18,ויאמר יוסף אלאביו לאכן אבי כיזה הבכר שים ימינך עלראשו,"“Not so, Father,” Joseph said to his father, “for the other is the first-born; place your right hand on his head.” ",Ninguno
Genesis,48,19,וימאן אביו ויאמר ידעתי בני ידעתי גםהוא יהיהלעם וגםהוא יגדל ואולם אחיו הקטן יגדל ממנו וזרעו יהיה מלאהגוים,"But his father objected, saying, “I know, my son, I know. He too shall become a people, and he too shall be great. Yet his younger brother shall be greater than he, and his offspring shall be plentiful enough for nations.” ",Percepción (Yada)
Genesis,48,20,ויברכם ביום ההוא לאמור בך יברך ישראל לאמר ישמך אלהים כאפרים וכמנשה וישם אתאפרים לפני מנשה,"So he blessed them that day, saying, “By you shall Israel invoke blessings, saying: God make you like Ephraim and Manasseh.” Thus he put Ephraim before Manasseh.",Ninguno
Genesis,48,21,ויאמר ישראל אליוסף הנה אנכי מת והיה אלהים עמכם והשיב אתכם אלארץ אבתיכם,"Then Israel said to Joseph, “I am about to die; but God will be with you and bring you back to your ancestors’ land. ",Ninguno
Genesis,48,22,"ואני נתתי לך שכם אחד עלאחיך אשר לקחתי מיד האמרי בחרבי ובקשתי&nbsp;<span class=""mam-spi-pe"">{פ}</span><br>","And now, I assign to you one portiondportion Meaning of Heb. shekhem uncertain; in contrast to others “mountain slope.” more than to your brothers, which I wrested from the Amorites with my sword and bow.”",Ninguno
Genesis,49,1,ויקרא יעקב אלבניו ויאמר האספו ואגידה לכם את אשריקרא אתכם באחרית הימים,"And Jacob called his sons and said, “Come together that I may tell you what is to befall you in days to come.",Ninguno
Genesis,49,2,הקבצו ושמעו בני יעקב ושמעו אלישראל אביכם,"Assemble and hearken, O sons of Jacob;Hearken to Israel your father:",Ninguno
Genesis,49,3,ראובן בכרי אתה כחי וראשית אוני יתר שאת ויתר עז,"Reuben, you are my first-born,My might and first fruit of my vigor,Exceeding in rankAnd exceeding in honor.",Ninguno
Genesis,49,4,"פחז כמים אלתותר כי עלית משכבי אביך אז חללת יצועי עלה&nbsp;<span class=""mam-spi-pe"">{פ}</span><br>","Unstable as water, you shall excel no longer;For when you mounted your father’s bed,You brought disgrace—my couch he mounted!",Ninguno
Genesis,49,5,שמעון ולוי אחים כלי חמס מכרתיהם,Simeon and Levi are a pair;Their weapons are tools of lawlessness.,Ninguno
Genesis,49,6,בסדם אלתבא נפשי בקהלם אלתחד כבדי כי באפם הרגו איש וברצנם עקרושור,"Let not my person be included in their council,Let not my being be counted in their assembly.For when angry they slay a man,aa man Or “a rival,” or “men.” And when pleased they maim an ox.bmaim an ox Or “overthrow a dignitary” (cf. chapter 34); or “maim oxen.” ",Ninguno
Genesis,49,7,"ארור אפם כי עז ועברתם כי קשתה אחלקם ביעקב ואפיצם בישראל&nbsp;<span class=""mam-spi-pe"">{פ}</span><br>","Cursed be their anger so fierce,And their wrath so relentless.I will divide them in Jacob,Scatter them in Israel.",Ninguno
Genesis,49,8,יהודה אתה יודוך אחיך ידך בערף איביך ישתחוו לך בני אביך,"You, O Judah, your brothers shall praise;Your hand shall be on the nape of your foes;Your father’s sons shall bow low to you.",Ninguno
Genesis,49,9,גור אריה יהודה מטרף בני עלית כרע רבץ כאריה וכלביא מי יקימנו,"Judah is a lion’s whelp;On prey, my son, have you grown.He crouches, lies down like a lion,Like a lionessclioness Or “lion”; nuance of Heb. laviʼ uncertain.—who dare rouse him?",Ninguno
Genesis,49,10,"לאיסור שבט מיהודה ומחקק מבין רגליו עד כייבא <span class=""mam-kq-trivial"">שילה</span> ולו יקהת עמים","The scepter shall not depart from Judah,Nor the ruler’s staff from between his feet;So that tribute shall come to himdSo that tribute shall come to him Construing shiloh as shai loh “tribute to him,” following the Midrash; cf. Isa. 18.7. Meaning of Heb. uncertain; lit. “Until he comes to Shiloh.” And the homage of peoples be his.",Separación (Beyn)
Genesis,49,11,"אסרי לגפן <span class=""mam-kq-trivial"">עירה</span> ולשרקה בני אתנו כבס ביין לבשו ובדםענבים <span class=""mam-kq-trivial"">סותה</span>","He tethers his donkey to a vine,His jenny’s foal to a choice vine;He washes his garment in wine,His robe in blood of grapes.",Ninguno
Genesis,49,12,"חכלילי עינים מיין ולבןשנים מחלב&nbsp;<span class=""mam-spi-pe"">{פ}</span><br>","His eyes are darker than wine;His teeth are whiter than milk.eHis eyes are darker than wine; / His teeth are whiter than milk Or “His eyes are dark from wine, / And his teeth are white from milk.” ",Ninguno
Genesis,49,13,"זבולן לחוף ימים ישכן והוא לחוף אנית וירכתו עלצידן&nbsp;<span class=""mam-spi-pe"">{פ}</span><br>","Zebulun shall dwell by the seashore;He shall be a haven for ships,And his flank shall rest on Sidon.",Ninguno
Genesis,49,14,יששכר חמר גרם רבץ בין המשפתים,"Issachar is a strong-boned donkey,Crouching among the sheepfolds.",Separación (Beyn)
Genesis,49,15,"וירא מנחה כי טוב ואתהארץ כי נעמה ויט שכמו לסבל ויהי למסעבד&nbsp;<span class=""mam-spi-samekh"">{ס}</span>&nbsp;&nbsp;&nbsp;&nbsp;&nbsp;&nbsp;&nbsp;&nbsp;","When he saw how good was security,And how pleasant was the country,He bent his shoulder to the burden,And became a toiling serf.",Ninguno
Genesis,49,16,דן ידין עמו כאחד שבטי ישראל,"Dan shall govern his people,As one of the tribes of Israel.",Ninguno
Genesis,49,17,יהידן נחש עלידרך שפיפן עליארח הנשך עקביסוס ויפל רכבו אחור,"Dan shall be a serpent by the road,A viper by the path,That bites the horse’s heelsSo that his rider is thrown backward.",Ninguno
Genesis,49,18,"לישועתך קויתי יהוה&nbsp;<span class=""mam-spi-samekh"">{ס}</span>&nbsp;&nbsp;&nbsp;&nbsp;&nbsp;&nbsp;&nbsp;&nbsp;","I wait for Your deliverance, O ETERNAL One!",Ninguno
Genesis,49,19,"גד גדוד יגודנו והוא יגד עקב&nbsp;<span class=""mam-spi-samekh"">{ס}</span>&nbsp;&nbsp;&nbsp;&nbsp;&nbsp;&nbsp;&nbsp;&nbsp;","Gad shall be raided by raiders,But he shall raid at their heels.",Ninguno
Genesis,49,20,"מאשר שמנה לחמו והוא יתן מעדנימלך&nbsp;<span class=""mam-spi-samekh"">{ס}</span>&nbsp;&nbsp;&nbsp;&nbsp;&nbsp;&nbsp;&nbsp;&nbsp;","Asher’s bread shall be rich,And he shall yield royal dainties.",Ninguno
Genesis,49,21,"נפתלי אילה שלחה הנתן אמרישפר&nbsp;<span class=""mam-spi-samekh"">{ס}</span>&nbsp;&nbsp;&nbsp;&nbsp;&nbsp;&nbsp;&nbsp;&nbsp;","Naphtali is a hind let loose,Which yields lovely fawns.",Ninguno
Genesis,49,22,בן פרת יוסף בן פרת עליעין בנות צעדה עלישור,"Joseph is a wild ass,A wild ass by a spring—Wild colts on a hillside.fJoseph is a wild ass, / A wild ass by a spring / —Wild colts on a hillside In contrast to others “Joseph is a fruitful bough, / A fruitful bough by a spring, / Its branches run over a wall.” ",Ninguno
Genesis,49,23,וימררהו ורבו וישטמהו בעלי חצים,Archers bitterly assailed him;They shot at him and harried him.,Ninguno
Genesis,49,24,ותשב באיתן קשתו ויפזו זרעי ידיו מידי אביר יעקב משם רעה אבן ישראל,"Yet his bow stayed taut,And his armsghis arms Heb. “the arms of his hands.” were made firmBy the hands of the Mighty One of Jacob—There, the Shepherd, the Rock of Israel—",Ninguno
Genesis,49,25,מאל אביך ויעזרך ואת שדי ויברכך ברכת שמים מעל ברכת תהום רבצת תחת ברכת שדים ורחם,"The God of your father,hyour father I.e., Jacob and his household. who helps you,And Shaddai who blesses youWith blessings of heaven above,Blessings of the deep that couches below,Blessings of the breast and womb.",Ninguno
Genesis,49,26,"ברכת אביך גברו עלברכת הורי עדתאות גבעת עולם תהיין לראש יוסף ולקדקד נזיר אחיו&nbsp;<span class=""mam-spi-pe"">{פ}</span><br>","The blessings of your fatherSurpass the blessings of my ancestors,To the utmost bounds of the eternal hills.iThe blessings of your father … hills Meaning of Heb. uncertain. May they rest on the head of Joseph,On the brow of the elect of his brothers.",Ninguno
Genesis,49,27,בנימין זאב יטרף בבקר יאכל עד ולערב יחלק שלל,"Benjamin is a ravenous wolf;In the morning he consumes the foe,jfoe Meaning of Heb. ʻad uncertain; in contrast to others “booty.” And in the evening he divides the spoil.”",Control/Derecha (Yamin)
Genesis,49,28,כלאלה שבטי ישראל שנים עשר וזאת אשרדבר להם אביהם ויברך אותם איש אשר כברכתו ברך אתם,"All these were the tribes of Israel, twelve in number, and this is what their father said to them as he bade them farewell, addressing to each a parting word appropriate to him.",Ninguno
Genesis,49,29,ויצו אותם ויאמר אלהם אני נאסף אלעמי קברו אתי אלאבתי אלהמערה אשר בשדה עפרון החתי,"Then he instructed them, saying to them, “I am about to be gathered to my kin. Bury me with my ancestors in the cave that is in the field of Ephron the Hittite, ",Ninguno
Genesis,49,30,במערה אשר בשדה המכפלה אשר עלפניממרא בארץ כנען אשר קנה אברהם אתהשדה מאת עפרן החתי לאחזתקבר,"the cave that is in the field of Machpelah, facing Mamre, in the land of Canaan, the field that Abraham bought from Ephron the Hittite for a burial site— ",Ninguno
Genesis,49,31,שמה קברו אתאברהם ואת שרה אשתו שמה קברו אתיצחק ואת רבקה אשתו ושמה קברתי אתלאה,there Abraham and his wife Sarah were buried; there Isaac and his wife Rebekah were buried; and there I buried Leah—,Ninguno
Genesis,49,32,מקנה השדה והמערה אשרבו מאת בניחת,"the field and the cave in it, bought from the Hittites.” ",Ninguno
Genesis,49,33,ויכל יעקב לצות אתבניו ויאסף רגליו אלהמטה ויגוע ויאסף אלעמיו,"When Jacob finished his instructions to his sons, he drew his feet into the bed and, breathing his last, he was gathered to his kin.",Ninguno
Genesis,50,1,ויפל יוסף עלפני אביו ויבך עליו וישקלו,Joseph flung himself upon his father’s face and wept over him and kissed him.,Ninguno
Genesis,50,2,ויצו יוסף אתעבדיו אתהרפאים לחנט אתאביו ויחנטו הרפאים אתישראל,"Then Joseph ordered the physicians in his service to embalm his father, and the physicians embalmed Israel. ",Ninguno
Genesis,50,3,וימלאולו ארבעים יום כי כן ימלאו ימי החנטים ויבכו אתו מצרים שבעים יום,"It required forty days, for such is the full period of embalming. The Egyptians bewailed him seventy days; ",Ninguno
Genesis,50,4,ויעברו ימי בכיתו וידבר יוסף אלבית פרעה לאמר אםנא מצאתי חן בעיניכם דברונא באזני פרעה לאמר,"and when the wailing period was over, Joseph spoke to Pharaoh’s court, saying, “Do me this favor, and lay this appeal before Pharaoh: ",Ninguno
Genesis,50,5,אבי השביעני לאמר הנה אנכי מת בקברי אשר כריתי לי בארץ כנען שמה תקברני ועתה אעלהנא ואקברה אתאבי ואשובה,"‘My father made me swear, saying, “I am about to die. Be sure to bury me in the grave that I made ready for myself in the land of Canaan.” Now, therefore, let me go up and bury my father; then I shall return.’” ",Ninguno
Genesis,50,6,ויאמר פרעה עלה וקבר אתאביך כאשר השביעך,"And Pharaoh said, “Go up and bury your father, as he made you promise on oath.”",Ninguno
Genesis,50,7,ויעל יוסף לקבר אתאביו ויעלו אתו כלעבדי פרעה זקני ביתו וכל זקני ארץמצרים,"So Joseph went up to bury his father; and with him went up all the officials of Pharaoh, the senior members of his court, and all of Egypt’s dignitaries, ",Ninguno
Genesis,50,8,וכל בית יוסף ואחיו ובית אביו רק טפם וצאנם ובקרם עזבו בארץ גשן,"together with all of Joseph’s household, his brothers, and his father’s household; only their children, their flocks, and their herds were left in the region of Goshen. ",Ninguno
Genesis,50,9,ויעל עמו גםרכב גםפרשים ויהי המחנה כבד מאד,Chariots and charioteers as well went up with him; it was a very large troop.,Ninguno
Genesis,50,10,ויבאו עדגרן האטד אשר בעבר הירדן ויספדושם מספד גדול וכבד מאד ויעש לאביו אבל שבעת ימים,"When they came to GorenaGoren Or “the threshing floor of.” ha-Atad, which is beyond the Jordan, they held there a very great and solemn lamentation; and he observed a mourning period of seven days for his father. ",Ninguno
Genesis,50,11,וירא יושב הארץ הכנעני אתהאבל בגרן האטד ויאמרו אבלכבד זה למצרים עלכן קרא שמה אבל מצרים אשר בעבר הירדן,"And when the Canaanite inhabitants of the land saw the mourning at Goren ha-Atad, they said, “This is a solemn mourning on the part of the Egyptians.” That is why it was named Abel-mizraim,bAbel-mizraim Interpreted as “the mourning of the Egyptians.” which is beyond the Jordan. ",Ninguno
Genesis,50,12,ויעשו בניו לו כן כאשר צום,Thus his sons did for him as he had instructed them.,Ninguno
Genesis,50,13,וישאו אתו בניו ארצה כנען ויקברו אתו במערת שדה המכפלה אשר קנה אברהם אתהשדה לאחזתקבר מאת עפרן החתי עלפני ממרא,"His sons carried him to the land of Canaan, and buried him in the cave of the field of Machpelah, the field near Mamre, which Abraham had bought for a burial site from Ephron the Hittite. ",Ninguno
Genesis,50,14,וישב יוסף מצרימה הוא ואחיו וכלהעלים אתו לקבר אתאביו אחרי קברו אתאביו,"After burying his father, Joseph returned to Egypt, he and his brothers and all who had gone up with him to bury his father.",Ninguno
Genesis,50,15,ויראו אחייוסף כימת אביהם ויאמרו לו ישטמנו יוסף והשב ישיב לנו את כלהרעה אשר גמלנו אתו,"When Joseph’s brothers saw that their father was dead, they said, “What if Joseph still bears a grudge against us and pays us back for all the wrong that we did him!” ",Ninguno
Genesis,50,16,ויצוו אליוסף לאמר אביך צוה לפני מותו לאמר,"So they sent this message to Joseph, “Before his death your father left this instruction: ",Ninguno
Genesis,50,17,כהתאמרו ליוסף אנא שא נא פשע אחיך וחטאתם כירעה גמלוך ועתה שא נא לפשע עבדי אלהי אביך ויבך יוסף בדברם אליו,"So shall you say to Joseph, ‘Forgive, I urge you, the offense and guilt of your brothers who treated you so harshly.’ Therefore, please forgive the offense of the servants of the God of your father.”cyour father I.e., Jacob and his household. And Joseph was in tears as they spoke to him.",Ninguno
Genesis,50,18,וילכו גםאחיו ויפלו לפניו ויאמרו הננו לך לעבדים,"His brothers went to him themselves, flung themselves before him, and said, “We are prepared to be your slaves.” ",Ninguno
Genesis,50,19,ויאמר אלהם יוסף אלתיראו כי התחת אלהים אני,"But Joseph said to them, “Have no fear! Am I a substitute for God? ",Ninguno
Genesis,50,20,ואתם חשבתם עלי רעה אלהים חשבה לטבה למען עשה כיום הזה להחית עםרב,"Besides, although you intended me harm, God intended it for good, so as to bring about the present result—the survival of many people. ",Ninguno
Genesis,50,21,ועתה אלתיראו אנכי אכלכל אתכם ואתטפכם וינחם אותם וידבר עללבם,"And so, fear not. I will sustain you and your dependents.” Thus he reassured them, speaking kindly to them.",Ninguno
Genesis,50,22,וישב יוסף במצרים הוא ובית אביו ויחי יוסף מאה ועשר שנים,So Joseph and his father’s household remained in Egypt. Joseph lived one hundred and ten years.,Ninguno
Genesis,50,23,וירא יוסף לאפרים בני שלשים גם בני מכיר בןמנשה ילדו עלברכי יוסף,Joseph lived to see children of the third generation of Ephraim; the children of Machir son of Manasseh were likewise born upon Joseph’s knees.,Ninguno
Genesis,50,24,ויאמר יוסף אלאחיו אנכי מת ואלהים פקד יפקד אתכם והעלה אתכם מןהארץ הזאת אלהארץ אשר נשבע לאברהם ליצחק וליעקב,"At length, Joseph said to his brothers, “I am about to die. God will surely take notice of you and bring you up from this land to the land promised on oath to Abraham, to Isaac, and to Jacob.” ",Ninguno
Genesis,50,25,וישבע יוסף אתבני ישראל לאמר פקד יפקד אלהים אתכם והעלתם אתעצמתי מזה,"So Joseph made the sons of Israel swear, saying, “When God has taken notice of you, you shall carry up my bones from here.”",Ninguno
Genesis,50,26,וימת יוסף בןמאה ועשר שנים ויחנטו אתו ויישם בארון במצרים,Joseph died at the age of one hundred and ten years; and he was embalmed and placed in a coffin in Egypt.,Ninguno
