Libro,Capitulo,Versiculo,Hebreo_Limpio,Traduccion,Conceptos_Matriz
Isaiah,1,1,חזון ישעיהו בןאמוץ אשר חזה עליהודה וירושל͏ם בימי עזיהו יותם אחז יחזקיהו מלכי יהודה,"The prophecies of Isaiah son of Amoz, who prophesied concerning Judah and Jerusalem in the reigns of Uzziah, Jotham, Ahaz, and Hezekiah, kings of Judah.",Ninguno
Isaiah,1,2,שמעו שמים והאזיני ארץ כי יהוה דבר בנים גדלתי ורוממתי והם פשעו בי,"Hear, O heavens, and give ear, O earth,For  GOD has spoken:“I reared children and brought them up—And they have rebelled against Me!",Ninguno
Isaiah,1,3,ידע שור קנהו וחמור אבוס בעליו ישראל לא ידע עמי לא התבונן,"An ox knows its owner,A donkey its master’s crib:Israel does not know,My people takes no thought.”",Percepción (Yada)
Isaiah,1,4,הוי&thinsp;<b></b> גוי חטא עם כבד עון זרע מרעים בנים משחיתים עזבו אתיהוה נאצו אתקדוש ישראל נזרו אחור,"Ah, sinful nation!People laden with iniquity!Brood of evildoers!Depraved children!They have forsaken  GOD,Spurned the Holy One of Israel,Turned their backs.",Ninguno
Isaiah,1,5,על מה תכו עוד תוסיפו סרה כלראש לחלי וכללבב דוי,"Why do you seek further beatings,That you continue to offend?Every head is ailing,And every heart is sick.",Ninguno
Isaiah,1,6,מכףרגל ועדראש איןבו מתם פצע וחבורה ומכה טריה לאזרו ולא חבשו ולא רככה בשמן,"From head to footNo spot is sound:All bruises, and welts,And festering sores—Not pressed out, not bound up,Not softened with oil.",Ninguno
Isaiah,1,7,ארצכם שממה עריכם שרפות אש אדמתכם לנגדכם זרים אכלים אתה ושממה כמהפכת זרים,"Your land is a waste,Your cities burnt down;Before your eyes, the yield of your soilIs consumed by strangers—A wasteland as overthrown by strangers!aas overthrown by strangers Emendation yields “like Sodom overthrown.” ",Ninguno
Isaiah,1,8,ונותרה בתציון כסכה בכרם כמלונה במקשה כעיר נצורה,"FairbFair Lit. “Daughter.” Zion is leftLike a booth in a vineyard,Like a hut in a cucumber field,Like a city beleaguered.",Ninguno
Isaiah,1,9,"לולי יהוה צבאות הותיר לנו שריד כמעט כסדם היינו לעמרה דמינו&nbsp;<span class=""mam-spi-pe"">{פ}</span><br>","Had not  GOD of HostsLeft us some survivors,We should be like Sodom,Another Gomorrah.",Ninguno
Isaiah,1,10,שמעו דבריהוה קציני סדם האזינו תורת אלהינו עם עמרה,"Hear the word of  GOD,You chieftains of Sodom;Give ear to our God’s instruction,You folk of Gomorrah!",Ninguno
Isaiah,1,11,למהלי רבזבחיכם יאמר יהוה שבעתי עלות אילים וחלב מריאים ודם פרים וכבשים ועתודים לא חפצתי,"“What need have I of all your sacrifices?”Says  GOD.“I am sated with burnt offerings of rams,And suet of fatlings,And blood of bulls;And I have no delightIn lambs and he-goats.",Ninguno
Isaiah,1,12,כי תבאו לראות פני מיבקש זאת מידכם רמס חצרי,That you come to appear before Me—Who asked that of you?Trample My courts ,Ninguno
Isaiah,1,13,לא תוסיפו הביא מנחתשוא קטרת תועבה היא לי חדש ושבת קרא מקרא לאאוכל און ועצרה,"no more;Bringing oblations is futile,cof you? / Trample My courts no more; / Bringing oblations is futile In contrast to others “To trample My courts? / 13Bring no more vain oblations.” Incense is offensive to Me.New moon and sabbath,Proclaiming of solemnities,Assemblies with iniquitydAssemblies with iniquity Septuagint “Fast and assembly”; cf. Joel 1.14. I cannot abide.",Ninguno
Isaiah,1,14,חדשיכם ומועדיכם שנאה נפשי היו עלי לטרח נלאיתי נשא,"Your new moons and fixed seasonsFill Me with loathing;They are become a burden to Me,I cannot endure them.",Ninguno
Isaiah,1,15,ובפרשכם כפיכם אעלים עיני מכם גם כיתרבו תפלה אינני שמע ידיכם דמים מלאו,"And when you lift up your hands,I will turn My eyes away from you;Though you pray at length,I will not listen.Your hands are stained with crime—",Ninguno
Isaiah,1,16,רחצו הזכו הסירו רע מעלליכם מנגד עיני חדלו הרע,Wash yourselves clean;Put your evil doingsAway from My sight.Cease to do evil;,Ninguno
Isaiah,1,17,"למדו היטב דרשו משפט אשרו חמוץ שפטו יתום ריבו אלמנה&nbsp;<span class=""mam-spi-samekh"">{ס}</span>&nbsp;&nbsp;&nbsp;&nbsp;&nbsp;&nbsp;&nbsp;&nbsp;",Learn to do good.Devote yourselves to justice;Aid the wronged.eAid the wronged Meaning of Heb. uncertain. Uphold the rights of the orphan;Defend the cause of the widow.,Ninguno
Isaiah,1,18,לכונא ונוכחה יאמר יהוה אםיהיו חטאיכם כשנים כשלג ילבינו אםיאדימו כתולע כצמר יהיו,"“Come, let us reach an understanding,flet us reach an understanding Meaning of Heb. uncertain. —says  GOD.Be your sins like crimson,They can turn snow-white;Be they red as dyed wool,They can become like fleece.”",Ninguno
Isaiah,1,19,אםתאבו ושמעתם טוב הארץ תאכלו,"If, then, you agree and give heed,You will eat the good things of the earth;",Ninguno
Isaiah,1,20,"ואםתמאנו ומריתם חרב תאכלו כי פי יהוה דבר&nbsp;<span class=""mam-spi-pe"">{פ}</span><br>","But if you refuse and disobey,You will be devoured [by] the sword.gYou will be devoured [by] the sword Or “you will be fed the sword.”—For it was  GOD who spoke.",Ninguno
Isaiah,1,21,איכה היתה לזונה קריה נאמנה מלאתי משפט צדק ילין בה ועתה מרצחים,"Alas, she has become a whore,The faithful cityThat was filled with justice,Where righteousness dwelt—But now murderers.",Ninguno
Isaiah,1,22,כספך היה לסיגים סבאך מהול במים,"YourhYour I.e., Jerusalem’s. silver has turned to dross;Your wine is cut with water.iYour wine is cut with water Meaning of Heb. uncertain. ",Ninguno
Isaiah,1,23,"שריך סוררים וחברי גנבים כלו אהב שחד ורדף שלמנים יתום לא ישפטו וריב אלמנה לאיבוא אליהם&nbsp;<span class=""mam-spi-samekh"">{ס}</span>&nbsp;&nbsp;&nbsp;&nbsp;&nbsp;&nbsp;&nbsp;&nbsp;","Your rulers are roguesAnd cronies of thieves,Every one avid for presentsAnd greedy for gifts;They do not judge the case of the orphan,And the widow’s cause never reaches them.",Ninguno
Isaiah,1,24,לכן נאם האדון יהוה צבאות אביר ישראל הוי אנחם מצרי ואנקמה מאויבי,"Assuredly, this is the declarationOf the Sovereign,  GOD of Hosts,The Mighty One of Israel:“Ah, I will get satisfaction from My foes;I will wreak vengeance on My enemies!",Ninguno
Isaiah,1,25,ואשיבה ידי עליך ואצרף כבר סיגיך ואסירה כלבדיליך,"I will turn My hand against you,And smelt out your dross as with lye,jas with lye Emendation yields “in a crucible”; cf. 48.10. And remove all your slag:",Ninguno
Isaiah,1,26,ואשיבה שפטיך כבראשנה ויעציך כבתחלה אחריכן יקרא לך עיר הצדק קריה נאמנה,"I will restore your magistrates as of old,And your counselors as of yore.After that you shall be calledCity of Righteousness, Faithful City.”",Ninguno
Isaiah,1,27,ציון במשפט תפדה ושביה בצדקה,"kIn contrast to others “Zion shall be saved by justice, / Her repentant ones by righteousness.” Zion shall be saved in the judgment;Her repentant ones, in the retribution.lretribution For this meaning cf. 5.16; 10.22. ",Ninguno
Isaiah,1,28,ושבר פשעים וחטאים יחדו ועזבי יהוה יכלו,"But rebels and sinners shall all be crushed,And those who forsake  GOD shall perish.",Ninguno
Isaiah,1,29,כי יבשו מאילים אשר חמדתם ותחפרו מהגנות אשר בחרתם,"Truly, youmyou Heb. “they.” shall be shamedBecause of the terebinths you desired,And you shall be confoundedBecause of the gardens you coveted.",Ninguno
Isaiah,1,30,כי תהיו כאלה נבלת עלה וכגנה אשרמים אין לה,"For you shall be like a terebinthWilted of leaf,And like a gardenThat has no water,",Ninguno
Isaiah,1,31,"והיה החסן לנערת ופעלו לניצוץ ובערו שניהם יחדו ואין מכבה&nbsp;<span class=""mam-spi-pe"">{פ}</span><br>","Stored wealthnStored wealth Connecting ḥason with ḥasan “to store” (23.18), and ḥosen “treasure” (33.6). shall become as tow,And he who amassed it a spark;And the two shall burn together,With none to quench.",Ninguno
Isaiah,2,1,הדבר אשר חזה ישעיהו בןאמוץ עליהודה וירושל͏ם,The word that Isaiah son of Amoz prophesied concerning Judah and Jerusalem.,Ninguno
Isaiah,2,2,והיה&thinsp;<b></b> באחרית הימים נכון יהיה הר ביתיהוה בראש ההרים ונשא מגבעות ונהרו אליו כלהגוים,"In the days to come,The Mount of  GOD’s HouseShall stand firm above the mountainsAnd tower above the hills;And all the nationsShall gaze on it with joy.",Ninguno
Isaiah,2,3,והלכו עמים רבים ואמרו לכו&thinsp;<b></b> ונעלה אלהריהוה אלבית אלהי יעקב וירנו מדרכיו ונלכה בארחתיו כי מציון תצא תורה ודבריהוה מירושל͏ם,"And the many peoples shall go and say:“Come,Let us go up to the Mount of  GOD,To the House of the God of Jacob;That we may be instructed in God’s ways,And that we may walk in God’s paths.”For instruction shall come forthainstruction shall come forth I.e., oracles will be obtainable. from Zion,The word of  GOD from Jerusalem.",Ninguno
Isaiah,2,4,"ושפט בין הגוים והוכיח לעמים רבים וכתתו חרבותם לאתים וחניתותיהם למזמרות לאישא גוי אלגוי חרב ולאילמדו עוד מלחמה&nbsp;<span class=""mam-spi-pe"">{פ}</span><br>","Thus [God] will judge among the nationsAnd arbitrate for the many peoples,And they shall beat their swords into plowsharesbplowshares More exactly, the iron points with which wooden plows were tipped. And their spears into pruning hooks:Nation shall not take upSword against nation;They shall never again knowcknow Cf. Judg. 3.2. war.",Separación (Beyn)
Isaiah,2,5,בית יעקב לכו ונלכה באור יהוה,"O House of Jacob!Come, let us walkBy the light of  GOD.",Ninguno
Isaiah,2,6,כי נטשתה עמך בית יעקב כי מלאו מקדם ועננים כפלשתים ובילדי נכרים ישפיקו,"For you have forsaken [the ways of] your people,O House of Jacob!For they are full [of practices] from the East,And of soothsaying like the Philistines;They abound in customsdcustoms Cf. Targum; lit. “children.” of the aliens.eFor they are full [of practices] from the East, / And of soothsaying like the Philistines; / They abound in customs of the aliens Emendation yields “For they are full of divination / and have abundance of soothsaying, / Like Philistines / And like alien folk.” ",Ninguno
Isaiah,2,7,ותמלא ארצו כסף וזהב ואין קצה לאצרתיו ותמלא ארצו סוסים ואין קצה למרכבתיו,"Their land is full of silver and gold,There is no limit to their treasures;Their land is full of horses,There is no limit to their chariots.",Ninguno
Isaiah,2,8,ותמלא ארצו אלילים למעשה ידיו ישתחוו לאשר עשו אצבעתיו,"And their land is full of idols;They bow down to the work of their hands,To what their own fingers have wrought.",Ninguno
Isaiah,2,9,וישח אדם וישפלאיש ואלתשא להם,"But human shall be humbled,And mortal brought low—Oh, do not forgive them!fOh, do not forgive them Meaning of Heb. uncertain. Emendation yields “And their idols with them”; cf. vv. 17–21. ",Ninguno
Isaiah,2,10,בוא בצור והטמן בעפר מפני פחד יהוה ומהדר גאנו,"Go deep into the rock,Bury yourselves in the ground,Before the terror of  GOD And God’s dread majesty!",Ninguno
Isaiah,2,11,"עיני גבהות אדם שפל ושח רום אנשים ונשגב יהוה לבדו ביום ההוא&nbsp;<span class=""mam-spi-pe"">{פ}</span><br>","The haughty look of humans shall be brought low,And the pride of mortals shall be humbled.None but  GOD shall beExalted in that day.",Ninguno
Isaiah,2,12,כי יום ליהוה צבאות על כלגאה ורם ועל כלנשא ושפל,"For  GOD of Hosts has ready a dayAgainst all that is proud and arrogant,Against all that is lofty—so that it is brought low:",Ninguno
Isaiah,2,13,ועל כלארזי הלבנון הרמים והנשאים ועל כלאלוני הבשן,"Against all the cedars of Lebanon,Tall and stately,And all the oaks of Bashan;",Ninguno
Isaiah,2,14,ועל כלההרים הרמים ועל כלהגבעות הנשאות,Against all the high mountainsAnd all the lofty hills;,Ninguno
Isaiah,2,15,ועל כלמגדל גבה ועל כלחומה בצורה,Against every soaring towerAnd every mighty wall;,Ninguno
Isaiah,2,16,ועל כלאניות תרשיש ועל כלשכיות החמדה,Against all the ships of Tarshishgships of Tarshish Probably a type of large ship. And all the gallant barks.,Ninguno
Isaiah,2,17,ושח גבהות האדם ושפל רום אנשים ונשגב יהוה לבדו ביום ההוא,Then human haughtiness shall be humbledAnd the pride of mortals brought low.None but  GOD shall beExalted in that day.,Ninguno
Isaiah,2,18,והאלילים כליל יחלף,"As for idols, they shall vanish completely.",Ninguno
Isaiah,2,19,ובאו במערות צרים ובמחלות עפר מפני פחד יהוה ומהדר גאונו בקומו לערץ הארץ,"And people shall enter caverns in the rockAnd hollows in the ground—Before the terror of  GOD And God’s dread majesty,When [the Holy One] comes forth to overawe the earth.",Ninguno
Isaiah,2,20,ביום ההוא ישליך האדם את אלילי כספו ואת אלילי זהבו אשר עשולו להשתחות לחפר פרות ולעטלפים,"On that day, humans shall fling away,To the flying foxeshflying foxes Exact meaning of Heb. uncertain. and the bats,The idols of silverAnd the idols of goldWhich they made for worshiping.",Ninguno
Isaiah,2,21,לבוא בנקרות הצרים ובסעפי הסלעים מפני פחד יהוה ומהדר גאונו בקומו לערץ הארץ,"And they shall enter the clefts in the rocksAnd the crevices in the cliffs,Before GOD’s terror And dread majesty,When [the Holy One] comes forth to overawe the earth.",Ninguno
Isaiah,2,22,"חדלו לכם מןהאדם אשר נשמה באפו כיבמה נחשב הוא&nbsp;<span class=""mam-spi-pe"">{פ}</span><br>","Oh, cease to glorify human beings,Who have only a breath in their nostrils!For by what do they merit esteem?",Ninguno
Isaiah,3,1,כי הנה האדון יהוה צבאות מסיר מירושל͏ם ומיהודה משען ומשענה כל משעןלחם וכל משעןמים,"For lo!The Sovereign  GOD of HostsWill remove from Jerusalem and from JudahProp and stay,Every prop of foodAnd every prop of water:awater Emendation yields “clothing”; cf. v. 7; 4.1. ",Ninguno
Isaiah,3,2,גבור ואיש מלחמה שופט ונביא וקסם וזקן,"Soldier and warrior,Magistrate and prophet,Augur and elder;",Ninguno
Isaiah,3,3,שרחמשים ונשוא פנים ויועץ וחכם חרשים ונבון לחש,"Captain of fifty,Magnate and counselor,Skilled artisan and expert enchanter;benchanter Emendation yields “craftsman.” ",Ninguno
Isaiah,3,4,ונתתי נערים שריהם ותעלולים ימשלובם,"And IcI I.e., GOD. will make boys their rulers,And babes shall govern them.",Ninguno
Isaiah,3,5,ונגש העם איש באיש ואיש ברעהו ירהבו הנער בזקן והנקלה בנכבד,So the people shall oppress one another—Each man oppressing his fellow:The youth shall bully the elder;And the despised [shall bully] the honored.,Ninguno
Isaiah,3,6,כייתפש איש באחיו בית אביו שמלה לכה קצין תהיהלנו והמכשלה הזאת תחת ידך,"For should a man seize his brother,dbrother Or “kinsman.” In whose father’s house there is clothing:eIn whose father’s house there is clothing Emendation yields “His father’s son, saying…” “Come, be a chief over us,And let this ruinfruin Meaning of Heb. uncertain. Emendation yields “wound.” be under your care,”",Ninguno
Isaiah,3,7,ישא ביום ההוא&thinsp;<small></small>&thinsp;לאמר לאאהיה חבש ובביתי אין לחם ואין שמלה לא תשימני קצין עם,"The other will thereupon protest,“I will not be a dresser of wounds,With no food or clothing in my own house.You shall not make me chief of a people!”",Ninguno
Isaiah,3,8,כי כשלה ירושל͏ם ויהודה נפל כילשונם ומעלליהם אליהוה למרות עני כבודו,"Ah, Jerusalem has stumbled,And Judah has fallen,Because by word and deedThey insult  GOD,Defying God’s majestic glance.",Ninguno
Isaiah,3,9,הכרת פניהם ענתה בם וחטאתם כסדם הגידו לא כחדו אוי לנפשם כיגמלו להם רעה,"Their partiality in judgmentgjudgment So Targum; cf. Deut. 1.17; 16.19. accuses them;They avow their sins like Sodom,They do not conceal them.Woe to them! For illHave they served themselves.",Ninguno
Isaiah,3,10,אמרו צדיק כיטוב כיפרי מעלליהם יאכלו,"(HailhHail Emendation yields “Happy is.” the righteous, for they shall fare well;They shall eat the fruit of their works.",Ninguno
Isaiah,3,11,אוי לרשע רע כיגמול ידיו יעשה לו,"Woe to the wicked, for they shall fare ill;As their hands have dealt, so shall it be done to them.)",Ninguno
Isaiah,3,12,"עמי נגשיו מעולל ונשים משלו בו עמי מאשריך מתעים ודרך ארחתיך בלעו&nbsp;<span class=""mam-spi-pe"">{פ}</span><br>","My people’s rulers are babes,It is governed by women.ibabes…women Emendation yields the parallel terms “babes…boys”; cf. v. 4 (and v. 5). Alternatively, emendation yields “oppressors…usurers”; cf. Septuagint. O my people!Your leaders are misleaders;They have confused the course of your paths.",Ninguno
Isaiah,3,13,נצב לריב יהוה ועמד לדין עמים," GOD  stands up to plead a cause,And rises to champion peoples.jpeoples Septuagint “His people”; cf. vv. 14, 15. ",Ninguno
Isaiah,3,14,יהוה במשפט יבוא עםזקני עמו ושריו ואתם בערתם הכרם גזלת העני בבתיכם, GOD  will bring this chargeAgainst the elders and officers of this people:“It is you who have ravaged the vineyard;That which was robbed from the poor is in your houses.,Ninguno
Isaiah,3,15,"<span class=""mam-kq""><span class=""mam-kq-k"">(מלכם)</span> <span class=""mam-kq-q"">[מהלכם]</span></span> תדכאו עמי ופני עניים תטחנו נאםאדני יהוה צבאות&nbsp;<span class=""mam-spi-samekh"">{ס}</span>&nbsp;&nbsp;&nbsp;&nbsp;&nbsp;&nbsp;&nbsp;&nbsp;",How dare you crush My peopleAnd grind the faces of the poor?”—says my Sovereign  GOD of Hosts.,Ninguno
Isaiah,3,16,"ויאמר יהוה יען כי גבהו בנות ציון ותלכנה <span class=""mam-kq""><span class=""mam-kq-k"">(נטוות)</span> <span class=""mam-kq-q"">[נטויות]</span></span> גרון ומשקרות עינים הלוך וטפף תלכנה וברגליהם תעכסנה"," GOD  said:“Because the daughters of ZionAre so vainAnd walk with heads thrown back,kheads thrown back Lit. “throats bent back.” With roving eyes,And with mincing gait,Making a tinkling with their feet”—",Ninguno
Isaiah,3,17,"ושפח אדני קדקד בנות ציון ויהוה פתהן יערה&nbsp;<span class=""mam-spi-samekh"">{ס}</span>&nbsp;&nbsp;&nbsp;&nbsp;&nbsp;&nbsp;&nbsp;&nbsp;","My Sovereign will barelbare So Saadia. Apparently, to bare a woman’s head in public was an intolerable humiliation; cf. Mishnah Baba Kamma 8.6. the patesOf the daughters of Zion, 
GOD
  will uncover their heads.",Ninguno
Isaiah,3,18,ביום ההוא יסיר אדני את תפארת העכסים והשביסים והשהרנים,"In that day, my Sovereign will strip off the finerymfinery Many of the articles named in vv. 18–24 cannot be identified with certainty. of the anklets, the fillets, and the crescents; ",Ninguno
Isaiah,3,19,הנטפות והשירות והרעלות,"of the eardrops, the bracelets, and the veils; ",Ninguno
Isaiah,3,20,הפארים והצעדות והקשרים ובתי הנפש והלחשים,"the turbans, the armlets, and the sashes; of the talismans and the amulets; ",Ninguno
Isaiah,3,21,הטבעות ונזמי האף,the signet rings and the nose rings;,Ninguno
Isaiah,3,22,המחלצות והמעטפות והמטפחות והחריטים,"of the festive robes, the mantles, and the shawls; the purses, ",Ninguno
Isaiah,3,23,והגלינים והסדינים והצניפות והרדידים,"the lace gowns, and the linen vests; and the kerchiefs and the capes.",Ninguno
Isaiah,3,24,והיה תחת בשם מק יהיה ותחת חגורה נקפה ותחת מעשה מקשה קרחה ותחת פתיגיל מחגרת שק כיתחת יפי,"And then—Instead of perfume, there shall be rot;And instead of an apron, a rope;Instead of a diadem of beaten-work,A shorn head;Instead of a rich robe,A girding of sackcloth;A burn instead of beauty.nA burn instead of beauty The complete Isaiah scroll from Qumran, hereafter 1QIsᵃ, reads “For shame shall take the place of beauty”; cf. note at v. 17. ",Ninguno
Isaiah,3,25,מתיך בחרב יפלו וגבורתך במלחמה,"HeroHer I.e., Zion’s; cf. vv. 16, 17; Heb. “your.” men shall fall by the sword,Her force, in battle;",Ninguno
Isaiah,3,26,ואנו ואבלו פתחיה ונקתה לארץ תשב,"And her gates shall lament and mourn,And she shall be emptied,pshe shall be emptied Meaning of Heb. uncertain. Emendation yields “her wall”; cf. Lam. 2.8. Shall sit on the ground.",Ninguno
Isaiah,4,1,"והחזיקו שבע נשים באיש אחד ביום ההוא לאמר לחמנו נאכל ושמלתנו נלבש רק יקרא שמך עלינו אסף חרפתנו&nbsp;<span class=""mam-spi-samekh"">{ס}</span>&nbsp;&nbsp;&nbsp;&nbsp;&nbsp;&nbsp;&nbsp;&nbsp;","In that day, seven women shall take hold of one man, saying,“We will eat our own foodAnd wear our own clothes;Only let us be called by your name—Take away our disgrace!”",Ninguno
Isaiah,4,2,ביום ההוא יהיה צמח יהוה לצבי ולכבוד ופרי הארץ לגאון ולתפארת לפליטת ישראל,"aFor the interpretation of this verse, cf. 28.5. For “radiance,” cf. Septuagint and the Syriac ṣemḥa, and for “splendor,” cf. the meaning of peri in 10.12. In that day, GOD’s radiance Will lend beauty and glory,And the splendor of the landbthe land Emendation yields “my Sovereign”; cf. the parallelism (in reverse order) in 3.17. [Will give] dignity and majesty,To the survivors of Israel.",Ninguno
Isaiah,4,3,והיה&thinsp;<b></b> הנשאר בציון והנותר בירושל͏ם קדוש יאמר לו כלהכתוב לחיים בירושל͏ם,And those who remain in ZionAnd are left in Jerusalem—All who are inscribed for life in Jerusalem—Shall be called holy.,Ninguno
Isaiah,4,4,אם&thinsp;<b></b> רחץ אדני את צאת בנותציון ואתדמי ירושל͏ם ידיח מקרבה ברוח משפט וברוח בער,"When the Sovereign has washed awayThe filth of the daughters of Zion,cthe daughters of Zion Emendation yields “Daughter Zion,” i.e., Zion personified; cf. 1.8 and note. And from Jerusalem’s midstHas rinsed out her infamy—In a spirit of judgmentAnd in a spirit of purging—",Ninguno
Isaiah,4,5,וברא יהוה על כלמכון הרציון ועלמקראה ענן&thinsp;<small></small>&thinsp;יומם ועשן ונגה אש להבה לילה כי עלכלכבוד חפה,"  GOD  will createdcreate Emendation yields “spread”; cf. Ps. 105.39. over the whole shrine and meeting place of Mount Zion cloud by day and smoke with a glow of flaming fire by night. Indeed, over all the gloryeall the glory Emendation yields “God’s whole shrine.” shall hang a canopy, ",Ninguno
Isaiah,4,6,"וסכה תהיה לצליומם מחרב ולמחסה ולמסתור מזרם וממטר&nbsp;<span class=""mam-spi-pe"">{פ}</span><br>",which shall serve as a pavilion for shade from heat by day and as a shelter for protection against drenching rain.,Ninguno
Isaiah,5,1,אשירה נא לידידי שירת דודי לכרמו כרם היה לידידי בקרן בןשמן,Let me sing for my belovedA song of my lover about his vineyard.My beloved had a vineyardOn a fruitful hill.aOn a fruitful hill Meaning of Heb. uncertain. ,Ninguno
Isaiah,5,2,ויעזקהו ויסקלהו ויטעהו שרק ויבן מגדל בתוכו וגםיקב חצב בו ויקו לעשות ענבים ויעש באשים,"He broke the ground, cleared it of stones,And planted it with choice vines.He built a watchtower inside it,He even hewed a wine press in it;For he hoped it would yield grapes.Instead, it yielded wild grapes.",Ninguno
Isaiah,5,3,ועתה יושב ירושל͏ם ואיש יהודה שפטונא ביני ובין כרמי,"“Now, then,Dwellers of JerusalemAnd citizenry of Judah,You be the judgesBetween Me and My vineyard:",Separación (Beyn)
Isaiah,5,4,מהלעשות עוד לכרמי ולא עשיתי בו מדוע קויתי לעשות ענבים ויעש באשים,"What more could have been done for My vineyardThat I failed to do in it?Why, when I hoped it would yield grapes,Did it yield wild grapes?",Ninguno
Isaiah,5,5,ועתה אודיעהנא אתכם את אשראני עשה לכרמי הסר משוכתו והיה לבער פרץ גדרו והיה למרמס,"“Now I am going to tell youWhat I will do to My vineyard:I will remove its hedge,That it may be ravaged;I will break down its wall,That it may be trampled.",Ninguno
Isaiah,5,6,ואשיתהו בתה לא יזמר ולא יעדר ועלה שמיר ושית ועל העבים אצוה מהמטיר עליו מטר,"And I will make it a desolation;bmake it a desolation Meaning of Heb. uncertain. It shall not be pruned or hoed,And it shall be overgrown with briers and thistles.And I will command the cloudsTo drop no rain on it.”",Ninguno
Isaiah,5,7,"כי כרם יהוה צבאות בית ישראל ואיש יהודה נטע שעשועיו ויקו למשפט והנה משפח לצדקה והנה צעקה&nbsp;<span class=""mam-spi-pe"">{פ}</span><br>","For the vineyard of  GOD of HostsIs the House of Israel,And the seedlings he lovingly tendedIs the citizenry of Judah.cThis sentence contains two word-plays: “And [God] hoped for mishpaṭ, And there is mispaḥ [exact meaning uncertain]; / For ṣedaqah, But there is ṣeʻaqah [lit. ‘outcry’].” And [God] hoped for justice,But behold, injustice;For equity,But behold, iniquity!",Ninguno
Isaiah,5,8,הוי מגיעי בית בבית שדה בשדה יקריבו עד אפס מקום והושבתם לבדכם בקרב הארץ,"Ah,Those who add house to houseAnd join field to field,Till there is room for none but youTo dwell in the land!",Ninguno
Isaiah,5,9,באזני יהוה צבאות אםלא בתים רבים לשמה יהיו גדלים וטובים מאין יושב,"In my hearing [said]  GOD of Hosts:Surely, great housesShall lie forlorn,Spacious and splendid onesWithout occupants.",Ninguno
Isaiah,5,10,"כי עשרת צמדיכרם יעשו בת אחת וזרע חמר יעשה איפה&nbsp;<span class=""mam-spi-samekh"">{ס}</span>&nbsp;&nbsp;&nbsp;&nbsp;&nbsp;&nbsp;&nbsp;&nbsp;","For ten acres of vineyardShall yield just one  bath,djust one bath Of wine. The bath was the liquid equivalent of the ephah; and the ḥomer was ten baths or ephahs (Ezek. 45.11). And a field sown with a  ḥomer of seedShall yield a mere  ephah.",Ninguno
Isaiah,5,11,הוי משכימי בבקר שכר ירדפו מאחרי בנשף יין ידליקם,"Ah,Those who chase liquorFrom early in the morning,And till late in the eveningAre inflamed by wine!",Ninguno
Isaiah,5,12,והיה כנור ונבל תף וחליל ויין משתיהם ואת פעל יהוה לא יביטו ומעשה ידיו לא ראו,"Who, at their banquets,HaveeWho, at their banquets, / Have Emendation yields “whose interests are” (mishʻehem, from shaʻah “to turn to,” 17.7, 8; 31.1). lyre and lute,Timbrel, flute, and wine;But who never give a thoughtTo the divine plan,And take no noteOf  GOD’s design.",Ninguno
Isaiah,5,13,לכן גלה עמי מבלידעת וכבודו מתי רעב והמונו צחה צמא,"Assuredly,My people will suffer exileFor not giving heed,Its multitude victims of hungerAnd its masses parched with thirst.",Percepción (Yada)
Isaiah,5,14,לכן הרחיבה שאול נפשה ופערה פיה לבליחק וירד הדרה והמונה ושאונה ועלז בה,"Assuredly,Sheol has opened wide its gulletAnd parted its jaws in a measureless gape;And down into it shall go,That splendor and tumult,That din and revelry.",Ninguno
Isaiah,5,15,וישח אדם וישפלאיש ועיני גבהים תשפלנה,"Yea, human is bowed,And mortal brought low;Brought low is the pride of the haughty.",Ninguno
Isaiah,5,16,ויגבה יהוה צבאות במשפט והאל הקדוש נקדש בצדקה,"And  GOD of Hosts is exalted by judgment,The Holy God proved holy by retribution.",Ninguno
Isaiah,5,17,"ורעו כבשים כדברם וחרבות מחים גרים יאכלו&nbsp;<span class=""mam-spi-samekh"">{ס}</span>&nbsp;&nbsp;&nbsp;&nbsp;&nbsp;&nbsp;&nbsp;&nbsp;","fMeaning of verse uncertain. Emendation yields “The lambs shall graze / In the pasture of the fat [rams], / And the kids shall feed / On the ranges of the stout [bucks].” The lambs and the kids are the poor, and the rams and bucks are the rich oppressors (cf. Ezek. 34.17–22). Then lambs shall grazeAs in their meadows,And strangers shall feedOn the ruins of the stout.",Ninguno
Isaiah,5,18,הוי משכי העון בחבלי השוא וכעבות העגלה חטאה,"Ah,Those who haul sin with cords of falsehoodAnd iniquity as with cart ropes!",Ninguno
Isaiah,5,19,"האמרים ימהר&thinsp;<small></small>&thinsp;יחישה מעשהו למען נראה ותקרב ותבואה עצת קדוש ישראל ונדעה&nbsp;<span class=""mam-spi-pe"">{פ}</span><br>","Who say,gWho say By way of retort to v. 12. “Let [God] speed, let God’s purpose be hastened,If we are to give thought;Let the plans of the Holy One of IsraelBe quickly fulfilled,If we are to give heed.”",Ninguno
Isaiah,5,20,"הוי האמרים לרע טוב ולטוב רע שמים חשך לאור ואור לחשך שמים מר למתוק ומתוק למר&nbsp;<span class=""mam-spi-samekh"">{ס}</span>&nbsp;&nbsp;&nbsp;&nbsp;&nbsp;&nbsp;&nbsp;&nbsp;","Ah,Those who call evil goodAnd good evil;Who present darkness as lightAnd light as darkness;Who present bitter as sweetAnd sweet as bitter!",Ninguno
Isaiah,5,21,"הוי חכמים בעיניהם ונגד פניהם נבנים&nbsp;<span class=""mam-spi-samekh"">{ס}</span>&nbsp;&nbsp;&nbsp;&nbsp;&nbsp;&nbsp;&nbsp;&nbsp;","Ah,Those who are so wise—In their own opinion;So clever—In their own judgment!",Ninguno
Isaiah,5,22,הוי גבורים לשתות יין ואנשיחיל למסך שכר,"Ah,Those who are so doughty—As drinkers of wine,And so valiant—As mixers of drink!",Ninguno
Isaiah,5,23,"מצדיקי רשע עקב שחד וצדקת צדיקים יסירו ממנו&nbsp;<span class=""mam-spi-pe"">{פ}</span><br>","Who vindicate the one who is in the wrongIn return for a bribe,And withhold vindicationFrom those who are in the right.",Ninguno
Isaiah,5,24,לכן כאכל קש לשון אש וחשש להבה ירפה שרשם כמק יהיה ופרחם כאבק יעלה כי מאסו את תורת יהוה צבאות ואת אמרת קדושישראל נאצו,"Assuredly,As straw is consumed by a tongue of fireAnd hay shrivels as it burns,hshrivels as it burns Emendation yields “is burned by flame”; cf. 33.11–12; 47.14. Their stock shall become like rot,And their buds shall blow away like dust.For they have rejected the instruction of  GOD of Hosts,Spurned the word of the Holy One of Israel.",Ninguno
Isaiah,5,25,עלכן חרה אףיהוה בעמו ויט ידו עליו ויכהו וירגזו ההרים ותהי נבלתם כסוחה בקרב חוצות בכלזאת לאשב אפו ועוד ידו נטויה,"That is why GOD’s anger was rousedAgainst this covenanted people,Why God’s arm was stretched out against itAnd struck it,So that the mountains quaked,iquaked An allusion to the destructive earthquake in the reign of King Uzziah: Amos 1.1; Zech. 14.5; cf. Isa. 9.18a. And its corpses layLike refuse in the streets.Yet God’s anger has not turned back,And the divine arm is outstretched still.",Ninguno
Isaiah,5,26,ונשאנס לגוים מרחוק ושרק לו מקצה הארץ והנה מהרה קל יבוא,"[God] will raise an ensign to a nationja nation Heb. “nations.” afar,Whistle to one at the end of the earth.There it comes with lightning speed!",Ninguno
Isaiah,5,27,איןעיף ואיןכושל בו לא ינום ולא יישן ולא נפתח אזור חלציו ולא נתק שרוך נעליו,"In its ranks, none is weary or stumbles,They never sleep or slumber;The belts on their waists do not come loose,Nor do the thongs of their sandals break.",Ninguno
Isaiah,5,28,אשר חציו שנונים וכלקשתתיו דרכות פרסות סוסיו כצר נחשבו וגלגליו כסופה,"Their arrows are sharpened,And all their bows are drawn.Their horses’ hoofs are like flint,Their chariot wheels like the whirlwind.",Ninguno
Isaiah,5,29,"שאגה לו כלביא <span class=""mam-kq""><span class=""mam-kq-k"">(ושאג)</span> <span class=""mam-kq-q"">[ישאג]</span></span> ככפירים וינהם ויאחז טרף ויפליט ואין מציל","Their roaring is like a lion’s,They roar like the great beasts;When they growl and seize a prey,They carry it off and none can recover it.",Ninguno
Isaiah,5,30,"וינהם עליו ביום ההוא כנהמתים ונבט לארץ והנהחשך צר ואור חשך בעריפיה&nbsp;<span class=""mam-spi-pe"">{פ}</span><br>","But in that day, a roaring shall resound over My peoplekMy people Lit. “it.” like that of the sea;la roaring shall resound … of the sea I.e., GOD will intervene and come to Israel’s aid. Cf. 29.6–7; 30.27. This verse may constitute a transition between chaps. 8 and 9. and then they shall look below and, behold,Distressing darkness, with light;Darkness, in its lowering clouds.min its lowering clouds Meaning of Heb. uncertain. ",Ninguno
Isaiah,6,1,בשנתמות המלך עזיהו ואראה אתאדני ישב עלכסא רם ונשא ושוליו מלאים אתההיכל,"In the year that King Uzziah died, I beheld my Sovereign seated on a high and lofty throne; and the skirts of God’s robe filled the temple. ",Ninguno
Isaiah,6,2,שרפים עמדים&thinsp;<small></small>&thinsp;ממעל לו שש כנפים שש כנפים לאחד בשתים&thinsp;<b></b> יכסה פניו ובשתים יכסה רגליו ובשתים יעופף,"Seraphs stood in attendance, each with six wings—two covering the face, two covering the body, and two to fly with.",Ninguno
Isaiah,6,3,וקרא זה אלזה ואמר קדוש&thinsp;<small></small>&thinsp;קדוש קדוש יהוה צבאות מלא כלהארץ כבודו,"And one would call to the other,“Holy, holy, holy! 
GOD
  of Hosts—Whose presence fills all the earth!”",Ninguno
Isaiah,6,4,וינעו אמות הספים מקול הקורא והבית ימלא עשן,"The doorpostsadoorposts Meaning of Heb. uncertain. would shake at the sound of the one who called, and the House kept filling with smoke. ",Ninguno
Isaiah,6,5,ואמר אוילי כינדמיתי כי איש טמאשפתים אנכי ובתוך עםטמא שפתים אנכי יושב כי אתהמלך יהוה צבאות ראו עיני,"I cried,“Woe is me; I am lost!For I am a man of impure lipsbof impure lips I.e., speaking impiety; cf. 9.16, and contrast “pure of speech [lit. ‘lip’]” in Zeph. 3.9. And I live among a peopleOf impure lips;Yet my own eyes have beheldThe Sovereign  GOD of Hosts.”",Ninguno
Isaiah,6,6,ויעף אלי אחד מןהשרפים ובידו רצפה במלקחים לקח מעל המזבח,"Then one of the seraphs—who had taken a live coal from the altar with a pair of tongs—flew over to me, ",Ninguno
Isaiah,6,7,ויגע עלפי ויאמר הנה נגע זה עלשפתיך וסר עונך וחטאתך תכפר,"touched it to my lips, and declared,“Now that this has touched your lips,Your guilt shall departAnd your sin be purged away.”",Ninguno
Isaiah,6,8,ואשמע אתקול אדני אמר אתמי אשלח ומי ילךלנו ואמר הנני שלחני,"Then I heard the voice of my Sovereign saying, “Whom shall I send? Who will go for us?” And I said, “Here am I; send me.” ",Ninguno
Isaiah,6,9,ויאמר לך ואמרת לעם הזה שמעו שמוע ואלתבינו וראו ראו ואלתדעו,"And [God] said, “Go, say to that people:‘Hear, indeed, but do not understand;See, indeed, but do not grasp.’",Ninguno
Isaiah,6,10,השמן לבהעם הזה ואזניו הכבד ועיניו השע פןיראה בעיניו ובאזניו ישמע ולבבו יבין ושב ורפא לו,"Dull that people’s mind,Stop its ears,And seal its eyes—Lest, seeing with its eyesAnd hearing with its ears,It also grasp with its mind,And repent and savecsave Lit. “heal.” itself.”",Separación (Beyn)
Isaiah,6,11,ואמר עדמתי אדני ויאמר עד אשר אםשאו ערים מאין יושב ובתים מאין אדם והאדמה תשאה שממה,"I asked, “How long, my Sovereign?” And [God] replied:“Till towns lie waste without inhabitantsAnd houses without people,And the ground lies waste and desolate—",Ninguno
Isaiah,6,12,ורחק יהוה אתהאדם ורבה העזובה בקרב הארץ,For  GOD will banish the population—And deserted sites are manyIn the midst of the land.,Ninguno
Isaiah,6,13,"ועוד בה עשריה ושבה והיתה לבער כאלה וכאלון אשר בשלכת מצבת בם זרע קדש מצבתה&nbsp;<span class=""mam-spi-pe"">{פ}</span><br>","“But while a tenth part yet remains in it, it shall repent. It shall be ravaged like the terebinth and the oak, of which stumps are left even when they are felled: its stump shall be a holy seed.”",Ninguno
Isaiah,7,1,ויהי בימי אחז בןיותם בןעזיהו מלך יהודה עלה רצין מלךארם ופקח בןרמליהו מלךישראל ירושל͏ם למלחמה עליה ולא יכל להלחם עליה,"In the reign of Ahaz son of Jotham son of Uzziah, king of Judah, King Rezin of Aram and King Pekah son of Remaliah of Israel marched upon Jerusalem to attack it; but they were not able to attack it.",Ninguno
Isaiah,7,2,"ויגד לבית דוד לאמר נחה ארם עלאפרים וינע לבבו ולבב עמו כנוע עצייער מפנירוח&nbsp;<span class=""mam-spi-samekh"">{ס}</span>&nbsp;&nbsp;&nbsp;&nbsp;&nbsp;&nbsp;&nbsp;&nbsp;","Now, when it was reported to the House of David that Aram had allied itself with Ephraim, their hearts and the hearts of their people trembled as trees of the forest sway before a wind. ",Ninguno
Isaiah,7,3,ויאמר יהוה אלישעיהו צאנא לקראת אחז אתה ושאר ישוב בנך אלקצה תעלת הברכה העליונה אלמסלת שדה כובס,"But GOD said to Isaiah, “Go out with your son Shear-jashubaShear-jashub Meaning “[only] a remnant will turn back,” i.e., repent; cf. 6.13; 10.21. to meet Ahaz at the end of the conduit of the Upper Pool, by the road of the Fuller’s Field. ",Ninguno
Isaiah,7,4,ואמרת אליו השמר והשקט אלתירא ולבבך אלירך משני זנבות האודים העשנים האלה בחריאף רצין וארם ובןרמליהו,"And say to him: Be firm and be calm. Do not be afraid and do not lose heart on account of those two smoking stubs of firebrands, on account of the raging of Rezin and his Arameans and the son of Remaliah.bthe son of Remaliah To refer to a person only as “the son of—” is slighting; cf. note at 1 Sam. 10.11. ",Ninguno
Isaiah,7,5,יען כייעץ עליך ארם רעה אפרים ובןרמליהו לאמר,"Because the Arameans—with Ephraim and the son of Remaliah—have plotted against you, saying, ",Ninguno
Isaiah,7,6,"נעלה ביהודה ונקיצנה ונבקענה אלינו ונמליך מלך בתוכה את בןטבאל&nbsp;<span class=""mam-spi-pe"">{פ}</span><br>","‘We will march against Judah and invade and conquer it, and we will set up as king in it the son of Tabeel,’cthe son of Tabeel Cf. note at v. 4. ",Ninguno
Isaiah,7,7,כה אמר אדני יהוה לא תקום ולא תהיה,"thus said my Sovereign GOD:It shall not succeed,It shall not come to pass.",Ninguno
Isaiah,7,8,כי ראש ארם דמשק וראש דמשק רצין ובעוד ששים וחמש שנה יחת אפרים מעם,"For the chief city of Aram is Damascus,And the chief of Damascus is Rezin;",Ninguno
Isaiah,7,9,"וראש אפרים שמרון וראש שמרון בןרמליהו אם לא תאמינו כי לא תאמנו&nbsp;<span class=""mam-spi-pe"">{פ}</span><br>","The chief city of Ephraim is Samaria,And the chief of Samaria is the son of Remaliah.dThe thought is continued by 8.8b–10; cf. 2 Chron. 13.8–12. And in another sixty-five years,Ephraim shall be shattered as a people.eAnd in another sixty-five years, / Ephraim shall be shattered as a people Moved down from v. 8 for clarity. If you will not believe, for you cannot be trusted…”ffor you cannot be trusted In contrast to others “surely, you shall not be established.” ",Ninguno
Isaiah,7,10,ויוסף יהוה דבר אלאחז לאמר,"  GOD spoke furthergGod spoke further I.e., Isaiah continued to speak in God’s name; cf. Rashi, Ibn Ezra, Kimhi. to Ahaz: ",Ninguno
Isaiah,7,11,שאללך אות מעם יהוה אלהיך העמק שאלה או הגבה למעלה,"“Ask for a sign from the ETERNAL your God, anywhere down to Sheol or up to the sky.” ",Ninguno
Isaiah,7,12,ויאמר אחז לאאשאל ולאאנסה אתיהוה,"But Ahaz replied, “I will not ask, and I will not test GOD.” ",Ninguno
Isaiah,7,13,ויאמר שמעונא בית דוד המעט מכם הלאות אנשים כי תלאו גם אתאלהי,"“Listen, House of David,” [Isaiah] retorted, “is it not enough for you to treat the agentshthe agents I.e., the prophets; cf. Targum, Rashi, Kimhi. as helpless that you also treat my God as helpless?ias helpless By insisting on soliciting the aid of Assyria (see 2 Kings 16.7ff.; cf. below, v. 20). “Treat as helpless” follows the translation of Saadia; cf. Gen. 19.11. ",Ninguno
Isaiah,7,14,לכן יתן אדני הוא לכם אות הנה העלמה הרה וילדת בן וקראת שמו עמנו אל,"Assuredly, my Sovereign will give you a sign nonetheless! Look, the young woman is with child and about to give birth to a son. Let her name him Immanuel.jImmanuel Meaning “with us is God.” ",Ninguno
Isaiah,7,15,חמאה ודבש יאכל לדעתו מאוס ברע ובחור בטוב,"(By the time he learns to reject the bad and choose the good, people will be feeding on curds and honey.) ",Ninguno
Isaiah,7,16,כי בטרם ידע הנער מאס ברע ובחר בטוב תעזב האדמה אשר אתה קץ מפני שני מלכיה,"For before the lad knows to reject the bad and choose the good, the ground whose two kings you dread shall be abandoned. ",Percepción (Yada)
Isaiah,7,17,"יביא יהוה עליך ועלעמך ועלבית אביך ימים אשר לאבאו למיום סוראפרים מעל יהודה את מלך אשור&nbsp;<span class=""mam-spi-pe"">{פ}</span><br>", GOD will cause to come upon you and your people and your ancestral house such days as have not come since Ephraim turned away from Judah—that selfsame king of Assyria!kAssyria Cf. note at v. 13. ,Ninguno
Isaiah,7,18,והיה&thinsp;<b></b> ביום ההוא ישרק יהוה לזבוב אשר בקצה יארי מצרים ולדבורה אשר בארץ אשור,"“In that day, GOD will whistle to the flies at the ends of the water channels of Egypt and to the bees in the land of Assyria; ",Ninguno
Isaiah,7,19,ובאו ונחו כלם בנחלי הבתות ובנקיקי הסלעים ובכל הנעצוצים ובכל הנהללים,"and they shall all come and alight in the rugged wadis, and in the clefts of the rocks, and in all the thornbrakes, and in all the watering places.",Ninguno
Isaiah,7,20,"ביום ההוא יגלח אדני בתער השכירה בעברי נהר במלך אשור אתהראש ושער הרגלים וגם אתהזקן תספה&nbsp;<span class=""mam-spi-pe"">{פ}</span><br>","“In that day, my Sovereign will cut away with the razor that is hired beyond the Euphrates—with the king of Assyrialking of Assyria Who was hired by Ahaz; cf. notes at vv. 13 and 17.—the hair of the head and the hair of the legs,mthe hair of the legs I.e., the pubic hair. and it shall clip off the beard as well. ",Ninguno
Isaiah,7,21,והיה ביום ההוא יחיהאיש עגלת בקר ושתיצאן,"And in that day, each household shall save alive a heifer of the herd and two animals of the flock. ",Ninguno
Isaiah,7,22,"והיה מרב עשות חלב יאכל חמאה כיחמאה ודבש יאכל כלהנותר בקרב הארץ&nbsp;<span class=""mam-spi-samekh"">{ס}</span>&nbsp;&nbsp;&nbsp;&nbsp;&nbsp;&nbsp;&nbsp;&nbsp;",(And they shall obtain so much milk that they shall eat curds.) Thus everyone who is left in the land shall feed on curds and honey.,Ninguno
Isaiah,7,23,והיה ביום ההוא יהיה כלמקום אשר יהיהשם אלף גפן באלף כסף לשמיר ולשית יהיה,"“For in that day, every spot where there could stand a thousand vines worth a thousand shekels of silvernevery spot where … silver I.e., all the best farmland, corresponding to the hairiest parts of the body; v. 20. shall become a wilderness of thornbush and thistle. ",Ninguno
Isaiah,7,24,בחצים ובקשת יבוא שמה כישמיר ושית תהיה כלהארץ,"One will have to go there with bow and arrows,owith bow and arrows Because of dangerous beasts. for the country shall be all thornbushes and thistles. ",Ninguno
Isaiah,7,25,"וכל ההרים אשר במעדר יעדרון לאתבוא שמה יראת שמיר ושית והיה למשלח שור ולמרמס שה&nbsp;<span class=""mam-spi-pe"">{פ}</span><br>","But the perils of thornbush and thistle shall not spread to any of the hills that could only be tilled with a hoe;phills that could only be tilled with a hoe Marginal farmland, too rocky for the plow, corresponding to areas of the body with scant hair. and here cattle shall be let loose, and sheep and goatsqsheep and goats See note at Exod. 12.3. shall tramp about.”",Ninguno
Isaiah,8,1,ויאמר יהוה אלי קחלך גליון גדול וכתב עליו בחרט אנוש למהר שלל חש בז," 
GOD
 said to me, “Get yourself a large sheet and write on it in common scriptain common script Meaning of Heb. uncertain. ‘For Maher-shalal-hash-baz’;bMaher-shalal-hash-baz I.e., “Pillage hastens, looting speeds,” indicating that two cities are to be pillaged at an early date; see v. 4. ",Ninguno
Isaiah,8,2,ואעידה לי עדים נאמנים את אוריה הכהן ואתזכריהו בן יברכיהו,"and call reliable witnesses, the priest Uriah and Zechariah son of Jeberechiah, to witness for Me.” ",Ninguno
Isaiah,8,3,"ואקרב אלהנביאה ותהר ותלד בן&nbsp;<span class=""mam-spi-samekh"">{ס}</span>&nbsp;&nbsp;&nbsp;&nbsp;&nbsp;&nbsp;&nbsp;&nbsp;ויאמר יהוה אלי קרא שמו מהר שלל חש בז","I was intimate with the prophetess,cthe prophetess I.e., Isaiah’s wife. and she conceived and bore a son; and GOD said to me, “Name him Maher-shalal-hash-baz.dMaher-shalal-hash-baz See note at v. 1. ",Ninguno
Isaiah,8,4,"כי בטרם ידע הנער קרא אבי ואמי ישא&thinsp;<b></b> אתחיל דמשק ואת שלל שמרון לפני מלך אשור&nbsp;<span class=""mam-spi-samekh"">{ס}</span>&nbsp;&nbsp;&nbsp;&nbsp;&nbsp;&nbsp;&nbsp;&nbsp;","For before the boy learns to call ‘Father’ and ‘Mother,’ the wealth of Damascus and the spoils of Samaria, and the delights of Rezin and of the son of Remaliah,eand the delights of Rezin and of the son of Remaliah Moved up from v. 6 for clarity. shall be carried off before the king of Assyria.”",Percepción (Yada)
Isaiah,8,5,ויסף יהוה דבר אלי עוד לאמר,"Again GOD spoke to me, thus:",Ninguno
Isaiah,8,6,יען כי מאס העם הזה את מי השלח ההלכים לאט ומשוש אתרצין ובןרמליהו,"“Because that people has spurnedThe gently flowing waters of Siloam”fflowing waters of Siloam The conduit—and later the tunnel—of Siloam conveyed into Jerusalem the waters of Gihon, which symbolize “GOD of Hosts who dwells on Mount Zion” (v. 18). For the nature of the rejection see note at 7.13.—",Ninguno
Isaiah,8,7,ולכן הנה אדני מעלה עליהם אתמי הנהר העצומים והרבים אתמלך אשור ואתכלכבודו ועלה עלכלאפיקיו והלך עלכלגדותיו,"Assuredly,The Sovereign will bring up against themThe mighty, massive waters of the Euphrates,The king of Assyria and all his multitude.It shall rise above all its channels,And flow over all its beds,",Ninguno
Isaiah,8,8,"וחלף ביהודה שטף ועבר עדצואר יגיע והיה מטות כנפיו מלא רחבארצך עמנו אל&nbsp;<span class=""mam-spi-samekh"">{ס}</span>&nbsp;&nbsp;&nbsp;&nbsp;&nbsp;&nbsp;&nbsp;&nbsp;","And swirl through Judah like a flash floodReaching up to the neck.gup to the neck I.e., Judah shall be imperiled, but, in contrast to Aram and Ephraim (v. 4), not destroyed. hSee note at 7.9. But with us is God,Whose wings are spreadAs wide as your land is broad!",Ninguno
Isaiah,8,9,רעו עמים וחתו והאזינו כל מרחקיארץ התאזרו וחתו התאזרו וחתו,"Band together, O peoples—you shall be broken!Listen to this, you remotest parts of the earth:Gird yourselves—you shall be broken;Gird yourselves—you shall be broken!",Ninguno
Isaiah,8,10,"עצו עצה ותפר דברו דבר ולא יקום כי עמנו אל&nbsp;<span class=""mam-spi-samekh"">{ס}</span>&nbsp;&nbsp;&nbsp;&nbsp;&nbsp;&nbsp;&nbsp;&nbsp;",Hatch a plot—it shall be foiled;Agree on action—it shall not succeed.For with us is God!,Ninguno
Isaiah,8,11,כי כה אמר יהוה אלי כחזקת היד ויסרני מלכת בדרך העםהזה לאמר,"For this is what GOD said to me, upon taking me by the handitaking me by the hand I.e., singling me out; cf. 41.9, 13; 42.6; 45.1; Jer. 31.32 (v. 31 in some editions). and charging me not to walk in the path of that people:",Ninguno
Isaiah,8,12,לאתאמרון קשר לכל אשריאמר העם הזה קשר ואתמוראו לאתיראו ולא תעריצו,"jThe Heb. forms here and in vv. 13 and 19 are plural to include the disciples (v. 16) and the children (v. 18). “You must not call conspiracykconspiracy Meaning of Heb. uncertain. Emendation yields “holy”; cf. v. 13. All that that people calls conspiracy,lconspiracy See preceding note. Nor revere what it reveres,Nor hold it in awe.",Ninguno
Isaiah,8,13,אתיהוה צבאות אתו תקדישו והוא מוראכם והוא מערצכם,"None but  GOD of HostsShall you account holy;Give reverence to [God] alone,Hold [God] alone in awe.",Ninguno
Isaiah,8,14,והיה למקדש ולאבן נגף ולצור מכשול לשני בתי ישראל לפח ולמוקש ליושב ירושל͏ם,"[God] shall become a sanctuary,A stonembecome a sanctuary, / A stone Emendation yields “be for God’s holy domain [cf. Ps. 114.2] / A stone…” people strike against:A rock people stumble overFor the two Houses of Israel,And a trap and a snare for thoseWho dwell in Jerusalem.",Ninguno
Isaiah,8,15,"וכשלו בם רבים ונפלו ונשברו ונוקשו ונלכדו&nbsp;<span class=""mam-spi-pe"">{פ}</span><br>","The masses shall trip over theseAnd shall fall and be injured,Shall be snared and be caught.",Ninguno
Isaiah,8,16,צור תעודה חתום תורה בלמדי,"Bind up the message,Seal the instruction with My disciples.”",Ninguno
Isaiah,8,17,וחכיתי ליהוה המסתיר פניו מבית יעקב וקויתילו,"So I will wait for GOD, whose face is hidden from the House of Jacob, and in whom I will trust. ",Ninguno
Isaiah,8,18,"הנה אנכי והילדים אשר נתןלי יהוה לאתות ולמופתים בישראל מעם יהוה צבאות השכן בהר ציון&nbsp;<span class=""mam-spi-samekh"">{ס}</span>&nbsp;&nbsp;&nbsp;&nbsp;&nbsp;&nbsp;&nbsp;&nbsp;","Here stand I and the children GOD has given me as signs and portents in Israel from GOD of Hosts, who dwells on Mount Zion.",Ninguno
Isaiah,8,19,וכייאמרו אליכם דרשו אלהאבות ואלהידענים המצפצפים והמהגים הלואעם אלאלהיו ידרש בעד החיים אלהמתים,"Now, should people say to you, “Inquire of the ghosts and familiar spirits that chirp and moan; for a people may inquire of its divine beingsndivine beings I.e., the shades of the dead; cf. 1 Sam. 28.13.—of the dead on behalf of the living— ",Percepción (Yada)
Isaiah,8,20,לתורה ולתעודה אםלא יאמרו כדבר הזה אשר איןלו שחר,"for instruction and message,” surely, for those who speak thus there shall be no dawn. ",Ninguno
Isaiah,8,21,ועבר בה נקשה ורעב והיה כיירעב והתקצף וקלל במלכו ובאלהיו ופנה למעלה,"oThis sentence would read well after v. 22. And they shall go about in it wretched and hungry; and when they are hungry, they shall rage and revolt against their king and their divine beings. They may turn their face upward ",Ninguno
Isaiah,8,22,ואלארץ יביט והנה צרה וחשכה מעוף צוקה ואפלה מנדח,"or they may look below, but beholdDistress and darkness, with no daybreak;pwith no daybreak Meaning of Heb. uncertain. Straitness and gloom, with no dawn.qwith no dawn Meaning of Heb. uncertain. ",Ninguno
Isaiah,8,23,כי לא מועף לאשר מוצק לה כעת הראשון הקל ארצה זבלון וארצה נפתלי והאחרון הכביד דרך הים עבר הירדן גליל הגוים,"For if there were to berif there were to be So 1QIsᵃ; the others have “there is not.” any break of day for that [land] that is in straits, only the former [king] would have brought abasement to the land of Zebulun and the land of Naphtali—while the later one would have brought honor to the Way of the Sea, the other side of the Jordan, and Galilee of the Nations.sMeaning of verse uncertain. The rendering here assumes that “the former [king]” refers to Pekah and “the later” to Hoshea (cf. 2 Kings 15.29–30). For the construction lu…ka-ʻeth, see Judg. 13.23. ",Ninguno
Isaiah,9,1,העם ההלכים בחשך ראו אור גדול ישבי בארץ צלמות אור נגה עליהם,aSee the first note at 5.30. The people that walked in darknessHave seen a brilliant light;On those who dwelt in a land of gloomLight has dawned.,Ninguno
Isaiah,9,2,"הרבית הגוי <span class=""mam-kq""><span class=""mam-kq-k"">(לא)</span> <span class=""mam-kq-q"">[לו]</span></span> הגדלת השמחה שמחו לפניך כשמחת בקציר כאשר יגילו בחלקם שלל","You have magnified that nation,Have given it great joy;They have rejoiced before YouAs they rejoice at reaping time,As they exultWhen dividing spoil.",Ninguno
Isaiah,9,3,כי&thinsp;<b></b> אתעל סבלו ואת מטה שכמו שבט הנגש בו החתת כיום מדין,For the yoke that they boreAnd the stick on their back—The rod of their taskmaster—You have broken as on the day of Midian.bthe day of Midian See Judg. 7–8. ,Ninguno
Isaiah,9,4,כי כלסאון סאן ברעש ושמלה מגוללה בדמים והיתה לשרפה מאכלת אש,"Truly, all the boots put on to stamp withcto stamp with Meaning of Heb. uncertain; emendation yields “in wickedness”; cf. Targum. And all the garments donned in infamyHave been fed to the flames,Devoured by fire.",Ninguno
Isaiah,9,5,כיילד ילדלנו בן נתןלנו ותהי המשרה עלשכמו ויקרא שמו פלא יועץ אל גבור אביעד שרשלום,"For a child has been born to us,A son has been given us.And authority has settled on his shoulders.He has been named“The Mighty God is planning grace;dgrace As in 25.1. The Eternal Father,eFather See note at Deut. 32.6. a peaceable ruler”—",Ninguno
Isaiah,9,6,"<span class=""mam-kq""><span class=""mam-kq-k"">(לם רבה)</span> <span class=""mam-kq-q"">[למרבה]</span></span> המשרה ולשלום איןקץ עלכסא דוד ועלממלכתו להכין אתה ולסעדה במשפט ובצדקה מעתה ועדעולם קנאת יהוה צבאות תעשהזאת&nbsp;<span class=""mam-spi-pe"">{פ}</span><br>","In token of abundant authorityAnd of peace without limitUpon David’s throne and kingdom,That it may be firmly establishedIn justice and in equityNow and evermore.The zeal of  GOD of HostsShall bring this to pass.",Ninguno
Isaiah,9,7,דבר שלח אדני ביעקב ונפל בישראל,The SovereignLet loose a wordfLet loose a word Septuagint reads “Let loose pestilence”; cf. Amos 4.10. In vv. 7–20 Isaiah alludes to and builds upon Amos 4.10–12. against JacobAnd it fell upon Israel.,Ninguno
Isaiah,9,8,וידעו העם כלו אפרים ויושב שמרון בגאוה ובגדל לבב לאמר,But all the people notedgnoted 1QIsᵃ reads “shouted.”—Ephraim and the inhabitants of Samaria—In arrogance and haughtiness:,Percepción (Yada)
Isaiah,9,9,לבנים נפלו וגזית נבנה שקמים גדעו וארזים נחליף,“Bricks have fallen—We’ll rebuild with dressed stone;Sycamores have been felled—We’ll grow cedars instead!”,Ninguno
Isaiah,9,10,וישגב יהוה אתצרי רצין עליו ואתאיביו יסכסך,So  GOD let the enemies of Rezinhthe enemies of Rezin Emendation yields “its enemies.” Triumph over itAnd stirred up its foes—,Ninguno
Isaiah,9,11,ארם מקדם ופלשתים מאחור ויאכלו אתישראל בכלפה בכלזאת לאשב אפו ועוד ידו נטויה,"Aram from the eastAnd Philistia from the west—Who devoured IsraelWith greedy mouths.Yet God’s anger has not turned back,And the divine arm is outstretched still.",Ninguno
Isaiah,9,12,"והעם לאשב עדהמכהו ואתיהוה צבאות לא דרשו&nbsp;<span class=""mam-spi-samekh"">{ס}</span>&nbsp;&nbsp;&nbsp;&nbsp;&nbsp;&nbsp;&nbsp;&nbsp;","For this people has not turned backTo the One who struck it;They have not sought 
GOD
  of Hosts.",Ninguno
Isaiah,9,13,ויכרת יהוה מישראל ראש וזנב כפה ואגמון יום אחד,"So  GOD will cut off from IsraelHead and tail,Palm branch and reed,In a single day.",Ninguno
Isaiah,9,14,זקן ונשואפנים הוא הראש ונביא מורהשקר הוא הזנב,"Elders and magnatesiand magnates Emendation yields “who practice partiality.”—Such are the heads;Prophets who give false instruction,Such are the tailsjtails Emendation yields “palm branches”; the elders and the prophets are the leaders, the people are the led; cf. 3.1–2, 12. ",Ninguno
Isaiah,9,15,ויהיו מאשרי העםהזה מתעים ומאשריו מבלעים,"That people’s leaders have been misleaders,So those who are led have been confused.",Ninguno
Isaiah,9,16,עלכן עלבחוריו לאישמח&thinsp;<b></b> אדני ואתיתמיו ואתאלמנותיו לא ירחם כי כלו חנף ומרע וכלפה דבר נבלה בכלזאת לאשב אפו ועוד ידו נטויה,"That is why the SovereignWill not sparekspare Cf. Arabic samuḥa. 1QIsᵃ reads yḥmw. their youths,Nor show compassionTo their orphans and widows;For all are ungodly and wicked,And every mouth speaks impiety.",Ninguno
Isaiah,9,17,כיבערה כאש רשעה שמיר ושית תאכל ותצת בסבכי היער ויתאבכו גאות עשן,"Already wickedness has blazed forth like a fireDevouring thorn and thistle.It has kindled the thickets of the wood,Which have turned into billowing smoke.lWhich have turned into billowing smoke Meaning of Heb. uncertain. Yet God’s anger has not turned back,And the divine arm is outstretched still.mYet God’s anger has not turned back, / And the divine arm is outstretched still Moved down from v. 16 for clarity. ",Ninguno
Isaiah,9,18,בעברת יהוה צבאות נעתם ארץ ויהי העם כמאכלת אש איש אלאחיו לא יחמלו,"By the fury of  GOD of Hosts,The earth was shaken.nearth was shaken Cf. note at 5.25. Next, the people became like devouring fire:They did not spare each other.",Ninguno
Isaiah,9,19,ויגזר עלימין ורעב ויאכל עלשמאול ולא שבעו איש בשרזרעו יאכלו,"They snatched on the right, but remained hungry,And consumed on the left without being sated.Each devoured the flesh of its own kindredoown kindred Meaning of Heb. uncertain. Emendation yields “fellow”; cf. Targum.—",Control/Derecha (Yamin)
Isaiah,9,20,"מנשה אתאפרים ואפרים אתמנשה יחדו המה עליהודה בכלזאת לאשב אפו ועוד ידו נטויה&nbsp;<span class=""mam-spi-samekh"">{ס}</span>&nbsp;&nbsp;&nbsp;&nbsp;&nbsp;&nbsp;&nbsp;&nbsp;","Manasseh Ephraim’s, and Ephraim Manasseh’s,pManasseh … Manasseh’s Alludes to the civil wars of 2 Kings 15.10, 14–16, 25. And both of them against Judah!qagainst Judah Cf. 7.1–9. Yet God’s anger has not turned back,And the divine arm is outstretched still.",Ninguno
Isaiah,10,1,הוי החקקים חקקיאון ומכתבים עמל כתבו,"Ha!Those who write out evil writsAnd compose iniquitous documents,",Ninguno
Isaiah,10,2,להטות מדין דלים ולגזל משפט עניי עמי להיות אלמנות שללם ואתיתומים יבזו,"To subvert the cause of the poor,To rob of their rights the needy of My people;That widows may be their spoil,And fatherless children their booty!",Ninguno
Isaiah,10,3,ומהתעשו ליום פקדה ולשואה ממרחק תבוא עלמי תנוסו לעזרה ואנה תעזבו כבודכם,"What will you do on the day of punishment,When the calamity comes from afar?To whom will you flee for help,And how will you save your carcassesacarcasses Meaning of Heb. uncertain; for “carcasses,” compare the rendering of kabod in v. 16; 22.18. ",Ninguno
Isaiah,10,4,"בלתי כרע תחת אסיר ותחת הרוגים יפלו בכלזאת לאשב אפו ועוד ידו נטויה&nbsp;<span class=""mam-spi-pe"">{פ}</span><br>","From collapsing under [fellow] prisoners,From falling beneath the slain?Yet God’s anger has not turned back,And the divine arm is outstretched still.",Ninguno
Isaiah,10,5,הוי אשור שבט אפי ומטההוא בידם זעמי,"Ha!Assyria, rod of My anger,In whose hand, as a staff, is My fury!bIn whose hand, as a staff, is My fury Emendation yields “Who is a staff in the hand of my fury.” ",Ninguno
Isaiah,10,6,"בגוי חנף אשלחנו ועלעם עברתי אצונו לשלל שלל ולבז בז <span class=""mam-kq""><span class=""mam-kq-k"">(ולשימו)</span> <span class=""mam-kq-q"">[ולשומו]</span></span> מרמס כחמר חוצות","I send him against an ungodly nation,I charge him against a people that provokes Me,To take its spoil and to seize its bootyAnd to make it a thing trampledLike the mire of the streets.",Ninguno
Isaiah,10,7,והוא לאכן ידמה ולבבו לאכן יחשב כי להשמיד בלבבו ולהכרית גוים לא מעט,"But he has evil plans,His mind harbors evil designs;For he means to destroy,To wipe out nations, not a few.",Ninguno
Isaiah,10,8,כי יאמר הלא שרי יחדו מלכים,"For he thinks,“After all, I have kings as my captains!cI have kings as my captains! Emendation yields “all the kingdoms fared alike!” ",Ninguno
Isaiah,10,9,הלא ככרכמיש כלנו אםלא כארפד חמת אםלא כדמשק שמרון,Was Calno any different from Carchemish?Or Hamath from Arpad?Or Samaria from Damascus?,Ninguno
Isaiah,10,10,כאשר מצאה ידי לממלכת האליל ופסיליהם מירושל͏ם ומשמרון,"Since I was able to seizeThe insignificant kingdoms,Whose images exceededJerusalem’s and Samaria’s,dSince I was able to seize / The insignificant kingdoms, / Whose images exceeded / Jerusalem’s and Samaria’s Emendation yields “Since I was able to seize / those kingdoms and their images, / Why is Jerusalem better than Samaria?” ",Ninguno
Isaiah,10,11,"הלא כאשר עשיתי לשמרון ולאליליה כן אעשה לירושל͏ם ולעצביה&nbsp;<span class=""mam-spi-pe"">{פ}</span><br>",Shall I not do to Jerusalem and her imagesWhat I did to Samaria and her idols?”,Ninguno
Isaiah,10,12,והיה כייבצע אדני אתכלמעשהו בהר ציון ובירושל͏ם אפקד עלפריגדל לבב מלךאשור ועלתפארת רום עיניו,"But when all of my Sovereign’s purpose has been carried out on Mount Zion and in Jerusalem, the majestic pride and overbearing arrogance of the king of Assyria will be punished.ewill be punished Heb. “I will punish.” ",Ninguno
Isaiah,10,13,"כי אמר בכח ידי עשיתי ובחכמתי כי נבנותי ואסיר&thinsp;<b></b> גבולת עמים <span class=""mam-kq""><span class=""mam-kq-k"">(ועתידתיהם)</span> <span class=""mam-kq-q"">[ועתודתיהם]</span></span> שושתי ואוריד כאביר יושבים","For he thought,“By the might of my hand have I wrought it,By my skill, for I am clever:I have erased the borders of peoples;I have plundered their treasures,And exiled their vast populations.fAnd exiled … populations According to vv. 6–7, Assyria was to plunder, but not to exile. ",Ninguno
Isaiah,10,14,ותמצא כקן&thinsp;<small></small>&thinsp;ידי לחיל העמים וכאסף ביצים עזבות כלהארץ אני אספתי ולא היה נדד כנף ופצה פה ומצפצף,"I was able to seize, like a nest,The wealth of peoples;As one gathers abandoned eggs,So  I gathered all the earth:Nothing so much as flapped a wingOr opened a mouth to peep.”",Ninguno
Isaiah,10,15,"היתפאר הגרזן על החצב בו אםיתגדל המשור עלמניפו כהניף שבט ואתמרימיו כהרים מטה לאעץ&nbsp;<span class=""mam-spi-pe"">{פ}</span><br>","Does an ax boast over one who hews with it,Or a saw magnify itself above one who wields it?As though the rod raised one who lifts it,As though the staff lifted the person!gthe person Lit. “not-wood.” ",Ninguno
Isaiah,10,16,לכן ישלח האדון יהוה צבאות במשמניו רזון ותחת כבדו יקד יקד כיקוד אש,"hVerses 16–19 would read well after 9.16 Assuredly,The Sovereign  GOD of Hosts will sendA wasting away in itsiits Presumably Israel’s. fatness;And under its bodyjbody Cf. note at v. 3. shall burnA burning like that of fire,Destroying frame and flesh.It shall be like an invalid who pines away.kDestroying frame and flesh. / It shall be like an invalid who pines away Moved up from v. 18 for clarity. ",Ninguno
Isaiah,10,17,והיה אורישראל לאש וקדושו ללהבה ובערה ואכלה שיתו ושמירו ביום אחד,"The Light of Israel will be fireAnd its Holy One flame.It will burn and consume its thornsAnd its thistles in a single day,",Ninguno
Isaiah,10,18,וכבוד יערו וכרמלו מנפש ועדבשר יכלה והיה כמסס נסס,And the mass of its scrub and its farmland.,Ninguno
Isaiah,10,19,"ושאר עץ יערו מספר יהיו ונער יכתבם&nbsp;<span class=""mam-spi-samekh"">{ס}</span>&nbsp;&nbsp;&nbsp;&nbsp;&nbsp;&nbsp;&nbsp;&nbsp;",What trees remain of its scrubShall be so few that a child may record them.,Ninguno
Isaiah,10,20,והיה&thinsp;<b></b> ביום ההוא לאיוסיף עוד שאר ישראל ופליטת ביתיעקב להשען עלמכהו ונשען עליהוה קדוש ישראל באמת,"And in that day,The remnant of IsraelAnd the escaped of the House of JacobShall lean no more upon him that beats it,lupon him that beats it I.e., upon Assyria (see v. 24). Ahaz’s reliance on Assyria was interpreted by Isaiah as lack of faith in GOD; see 7.13 with note. But shall lean sincerelyOn  GOD, the Holy One of Israel.",Ninguno
Isaiah,10,21,שאר ישוב שאר יעקב אלאל גבור,"Only a remnant shall return,Only a remnant of Jacob,To Mighty God.",Ninguno
Isaiah,10,22,כי אםיהיה עמך ישראל כחול הים שאר ישוב בו כליון חרוץ שוטף צדקה,"Even if your people, O Israel,Should be as the sands of the sea,Only a remnant of it shall return.Destruction is decreed;Retribution comes like a flood!",Ninguno
Isaiah,10,23,"כי כלה ונחרצה אדני יהוה צבאות עשה בקרב כלהארץ&nbsp;<span class=""mam-spi-pe"">{פ}</span><br>",For my Sovereign  GOD of Hosts is carrying outA decree of destruction upon all the land.,Ninguno
Isaiah,10,24,לכן כהאמר אדני יהוה צבאות אלתירא עמי ישב ציון מאשור בשבט יככה ומטהו ישאעליך בדרך מצרים,"Assuredly, thus said my Sovereign GOD of Hosts: “O My people that dwells in Zion, have no fear of Assyria, who beats you with a rod and wields his staff over you as did the Egyptians. ",Ninguno
Isaiah,10,25,כיעוד מעט מזער וכלה זעם ואפי עלתבליתם,"For very soon My wrath will have spent itself, and My anger that was bent on wasting them.”mMy anger that was bent on wasting them Presumably Assyria; meaning of Heb. uncertain. Emendation yields “My anger against the world shall cease.” ",Ninguno
Isaiah,10,26,ועורר עליו יהוה צבאות שוט כמכת מדין בצור עורב ומטהו עלהים ונשאו בדרך מצרים," GOD of Hosts will brandish a scourge over AssyrianAssyria Heb. “him.” as when Midian was beaten at the Rock of Oreb,owhen Midian was beaten at the Rock of Oreb See Judg. 7.25. and will wield a staff [over him] as was done to the Egyptians by the sea.",Ninguno
Isaiah,10,27,והיה&thinsp;<b></b> ביום ההוא יסור סבלו מעל שכמך ועלו מעל צוארך וחבל על מפנישמן,"And in that day,His burden shall drop from your back,And his yoke from your neck;The yoke shall be destroyed because of fatness.",Ninguno
Isaiah,10,28,בא עלעית עבר במגרון למכמש יפקיד כליו,"He advanced upon Aiath,pAiath Elsewhere called Ai. He proceeded to Migron,At Michmas he deposited his baggage.",Ninguno
Isaiah,10,29,עברו מעברה גבע מלון לנו חרדה הרמה גבעת שאול נסה,"They made the crossing;“Geba is to be our night quarters!”qAnd his yoke … night quarters Emendation yields “And his yoke shall leave your neck. / He came up from Jeshimon / 28By the ascent of Aiath, / He proceeded to Migron; / At Michmas he commanded his forces: / 29‘Make the crossing; / Geba is to be our night quarters!’” Jeshimon is the southeast corner of the Jordan Valley, Num. 21.20; 23.28. Ramah was alarmed;Gibeah of Saul took to flight.",Ninguno
Isaiah,10,30,צהלי קולך בתגלים הקשיבי לישה עניה ענתות,"“Give a shrill cry, O Bath-gallim!Hearken, Laishah!Take up the cry, Anathoth!”",Ninguno
Isaiah,10,31,נדדה מדמנה ישבי הגבים העיזו,Madmenah ran away;The dwellers of Gebim sought refuge.,Ninguno
Isaiah,10,32,"עוד היום בנב לעמד ינפף ידו הר <span class=""mam-kq""><span class=""mam-kq-k"">(בית)</span> <span class=""mam-kq-q"">[בת]</span></span>ציון גבעת ירושל͏ם&nbsp;<span class=""mam-spi-pe"">{פ}</span><br>","This same day at NobHe shall stand and wave his hand.rI.e., the Assyrian king, arriving at Nob (close to Jerusalem), shall beckon his army onward; cf. 13.2. O mount of Fair Zion!O hill of Jerusalem!",Ninguno
Isaiah,10,33,הנה האדון יהוה צבאות מסעף פארה במערצה ורמי הקומה גדועים והגבהים ישפלו,"Lo! The Sovereign  GOD of HostsWill hew off the tree-crowns with an ax:The tall ones shall be felled,The lofty ones cut down:",Ninguno
Isaiah,10,34,"ונקף סבכי היער בברזל והלבנון באדיר יפול&nbsp;<span class=""mam-spi-samekh"">{ס}</span>&nbsp;&nbsp;&nbsp;&nbsp;&nbsp;&nbsp;&nbsp;&nbsp;","The thickets of the forest shall be hacked away with iron,And the Lebanon trees shall fall in their majesty.sin their majesty Or “by the bronze,” connecting Heb. ʼaddir with Akkadian urudu, “bronze.” ",Ninguno
Isaiah,11,1,ויצא חטר מגזע ישי ונצר משרשיו יפרה,"But a shoot shall grow out of the stump of Jesse,A twig shall sprout from his stock.",Ninguno
Isaiah,11,2,ונחה עליו רוח יהוה רוח חכמה ובינה רוח עצה וגבורה רוח דעת ויראת יהוה,"The spirit of  GOD shall alight upon him:A spirit of wisdom and insight,A spirit of counsel and valor,A spirit of devotion and reverence for  GOD.",Ninguno
Isaiah,11,3,והריחו ביראת יהוה ולאלמראה עיניו ישפוט ולאלמשמע אזניו יוכיח,"He shall sense the truthaHe shall sense the truth Lit. “His sensing [shall be]”; meaning of Heb. uncertain. by his reverence for GOD:He shall not judge by what his eyes behold,Nor decide by what his ears perceive.",Ninguno
Isaiah,11,4,ושפט בצדק דלים והוכיח במישור לענויארץ והכהארץ בשבט פיו וברוח שפתיו ימית רשע,Thus he shall judge the poor with equityAnd decide with justice for the lowly of the land.He shall strike down a landba land Emendation yields “the ruthless.” with the rod of his mouthAnd slay the wicked with the breath of his lips.,Ninguno
Isaiah,11,5,והיה צדק אזור מתניו והאמונה אזור חלציו,"Justice shall be the girdle of his loins,And faithfulness the girdle of his waist.",Ninguno
Isaiah,11,6,וגר זאב עםכבש ונמר עםגדי ירבץ ועגל וכפיר ומריא יחדו ונער קטן נהג בם,"The wolf shall dwell with the lamb,The leopard lie down with the kid;The calf, the beast of prey, and the fatlingcThe calf, the beast of prey, and the fatling 1QIsᵃ reads: “The calf and the beast of prey shall feed”; so too the Septuagint. together,With a little child to herd them.",Ninguno
Isaiah,11,7,ופרה ודב תרעינה יחדו ירבצו ילדיהן ואריה כבקר יאכלתבן,"The cow and the bear shall graze,Their young shall lie down together;And the lion, like the ox, shall eat straw.",Ninguno
Isaiah,11,8,ושעשע יונק עלחר פתן ועל מאורת צפעוני גמול ידו הדה,"A babe shall playOver a viper’s hole,And an infant passdpass Meaning of Heb. uncertain. its handOver an adder’s den.",Ninguno
Isaiah,11,9,"לאירעו ולאישחיתו בכלהר קדשי כימלאה הארץ דעה אתיהוה כמים לים מכסים&nbsp;<span class=""mam-spi-samekh"">{ס}</span>&nbsp;&nbsp;&nbsp;&nbsp;&nbsp;&nbsp;&nbsp;&nbsp;","In all of My sacred mounteMy sacred mount I.e., the Holy Land; cf. Exod. 15.17; Ps. 78.54. Nothing evil or vile shall be done;For the land shall be filled with devotion to  GOD As water covers the sea.",Ninguno
Isaiah,11,10,"והיה ביום ההוא שרש ישי אשר עמד לנס עמים אליו גוים ידרשו והיתה מנחתו כבוד&nbsp;<span class=""mam-spi-pe"">{פ}</span><br>","In that day,The stock of Jesse that has remained standingShall become a standard to peoples—Nations shall seek his counselAnd his abode shall be honored.",Ninguno
Isaiah,11,11,והיה&thinsp;<b></b> ביום ההוא יוסיף אדני&thinsp;<small></small>&thinsp;שנית ידו לקנות אתשאר עמו אשר ישאר מאשור וממצרים ומפתרוס ומכוש ומעילם ומשנער ומחמת ומאיי הים,"In that day, my Sovereign will apply the divine hand again to redeeming the other partfthe other part I.e., the part outside the Holy Land; lit. “the rest that will remain.” of this people from Assyria—as also from Egypt, Pathros, Cush, Elam, Shinar, Hamath, and the coastlands.",Ninguno
Isaiah,11,12,ונשא נס לגוים ואסף נדחי ישראל ונפצות יהודה יקבץ מארבע כנפות הארץ,"[God] will hold up a signal to the nationsAnd assemble the banished of Israel,And gather the dispersed of JudahFrom the four corners of the earth.",Ninguno
Isaiah,11,13,וסרה קנאת אפרים וצררי יהודה יכרתו אפרים לאיקנא אתיהודה ויהודה לאיצר אתאפרים,"Then Ephraim’s envy shall ceaseAnd Judah’s harassment shall end;Ephraim shall not envy Judah,And Judah shall not harass Ephraim.",Ninguno
Isaiah,11,14,ועפו בכתף פלשתים ימה יחדו יבזו אתבניקדם אדום ומואב משלוח ידם ובני עמון משמעתם,"They shall pounce on the back of Philistia to the west,And together plunder the peoples of the east;Edom and Moab shall be subject to themAnd the children of Ammon shall obey them.",Ninguno
Isaiah,11,15,והחרים יהוה את לשון יםמצרים והניף ידו עלהנהר בעים רוחו והכהו לשבעה נחלים והדריך בנעלים,"GOD will dry up the tongue of the Egyptian sea—and will raise a hand over the Euphrates with a mighty windga mighty wind Lit. “the might of His wind.” Meaning of Heb. uncertain. and break it into seven wadis, so that it can be trodden dry-shod. ",Ninguno
Isaiah,11,16,והיתה מסלה לשאר עמו אשר ישאר מאשור כאשר היתה לישראל ביום עלתו מארץ מצרים,"Thus there shall be a highway for the other parththe other part See note at v. 11. of Israel out of Assyria, such as there was for this people when it left the land of Egypt.",Ninguno
Isaiah,12,1,ואמרת ביום ההוא אודך יהוה כי אנפת בי ישב אפך ותנחמני,"In that day, you shall say:“I give thanks to You, O  GOD!Although You were wroth with me,Your wrath has turned back and You comfort me.",Ninguno
Isaiah,12,2,הנה אל ישועתי אבטח ולא אפחד כיעזי וזמרת יה יהוה ויהילי לישועה,"Behold the God who gives me triumph!I am confident, unafraid;For YahaYah A shortened form of this deity’s personal name, which is written as y-h-w-h.—GOD—is my strength and might,bmight In contrast to others “song.” And has been my deliverance.”",Ninguno
Isaiah,12,3,ושאבתםמים בששון ממעיני הישועה,"Joyfully shall you draw waterFrom the fountains of triumph,",Ninguno
Isaiah,12,4,ואמרתם ביום ההוא הודו ליהוה קראו בשמו הודיעו בעמים עלילתיו הזכירו כי נשגב שמו,"And you shall say on that day:“Praise  GOD, proclaim the divine name.Make God’s deeds known among the peoples;Declare that the divine name is exalted.",Ninguno
Isaiah,12,5,"זמרו יהוה כי גאות עשה <span class=""mam-kq""><span class=""mam-kq-k"">(מידעת)</span> <span class=""mam-kq-q"">[מודעת]</span></span> זאת בכלהארץ","Hymn  GOD,Who has done gloriously;Let this be made knownIn all the world!",Percepción (Yada)
Isaiah,12,6,"צהלי ורני יושבת ציון כיגדול בקרבך קדוש ישראל&nbsp;<span class=""mam-spi-samekh"">{ס}</span>&nbsp;&nbsp;&nbsp;&nbsp;&nbsp;&nbsp;&nbsp;&nbsp;","Oh, shout for joy,You who dwell in Zion!For great in your midstIs the Holy One of Israel.”",Ninguno
Isaiah,13,1,משא בבל אשר חזה ישעיהו בןאמוץ,"The “Babylon” Pronouncement, a prophecy of Isaiah son of Amoz.",Ninguno
Isaiah,13,2,על הרנשפה שאונס הרימו קול להם הניפו יד ויבאו פתחי נדיבים,"“Raise a standard upon a bare hill,Cry aloud to them;Wave a hand, and let them enterThe gates of the nobles!",Ninguno
Isaiah,13,3,אני צויתי למקדשי גם קראתי גבורי לאפי עליזי גאותי,"I have summoned My purified guestsTo execute My wrath;Behold, I have called My stalwarts,My proudly exultant ones.”aThe impending slaughter is spoken of as a sacrificial meal, for which the guests were notified to purify themselves ritually; cf. Zeph. 1.7. ",Ninguno
Isaiah,13,4,קול המון בהרים דמות עםרב קול שאון ממלכות גוים נאספים יהוה צבאות מפקד צבא מלחמה,"Hark! a tumult on the mountains—As ofbAs of Meaning of Heb. uncertain. a mighty force;Hark! an uproar of kingdoms,Nations assembling! 
GOD
  of Hosts is musteringA host for war.",Ninguno
Isaiah,13,5,"באים מארץ מרחק מקצה השמים יהוה וכלי זעמו לחבל כלהארץ&nbsp;<span class=""mam-spi-samekh"">{ס}</span>&nbsp;&nbsp;&nbsp;&nbsp;&nbsp;&nbsp;&nbsp;&nbsp;","They come from a distant land,From the end of the sky— 
GOD
  with the weapons of divine wrath—To ravage all the earth!",Ninguno
Isaiah,13,6,הילילו כי קרוב יום יהוה כשד משדי יבוא,Howl!For the day of  GOD is near;It shall come like havoc from Shaddai.cShaddai Traditionally rendered “the Almighty.” ,Ninguno
Isaiah,13,7,עלכן כלידים תרפינה וכללבב אנוש ימס,"Therefore all hands shall grow limp,And every human heart shall sink;",Ninguno
Isaiah,13,8,ונבהלו&thinsp;<b></b> צירים וחבלים יאחזון כיולדה יחילון איש אלרעהו יתמהו פני להבים פניהם,"And, overcome by terror,They shall be seized by pangs and throes,Writhe like a woman in travail.They shall gaze at each other in horror,Their faces livid with fright.dlivid with fright Taking the root lhb as a variant of bhl; in contrast to others “shall be faces of flame.” ",Ninguno
Isaiah,13,9,הנה יוםיהוה בא אכזרי ועברה וחרון אף לשום הארץ לשמה וחטאיה ישמיד ממנה,"Lo! The day of  GOD is comingWith pitiless fury and wrath,To make the earth a desolation,To wipe out the sinners upon it.",Ninguno
Isaiah,13,10,כיכוכבי השמים וכסיליהם לא יהלו אורם חשך השמש בצאתו וירח לאיגיה אורו,"The stars and constellations of heavenShall not give off their light;The sun shall be dark when it rises,And the moon shall diffuse no glow.",Ninguno
Isaiah,13,11,ופקדתי עלתבל רעה ועלרשעים עונם והשבתי גאון זדים וגאות עריצים אשפיל,"“And I will requite to the world its evil,And to the wicked their iniquity;I will put an end to the pride of the arrogantAnd humble the haughtiness of tyrants.",Ninguno
Isaiah,13,12,אוקיר אנוש מפז ואדם מכתם אופיר,"I will make people scarcer than fine gold,And mortals [more scarce] than gold of Ophir.”",Ninguno
Isaiah,13,13,עלכן שמים ארגיז ותרעש הארץ ממקומה בעברת יהוה צבאות וביום חרון אפו,"Therefore shall heaven be shaken,eshall heaven be shaken Lit. “I will shake heaven.” And earth leap out of its place,At the fury of  GOD of HostsOn the day of God’s burning wrath.",Ninguno
Isaiah,13,14,והיה כצבי מדח וכצאן ואין מקבץ איש אלעמו יפנו ואיש אלארצו ינוסו,"Then like gazelles that are chased,And like sheep that no one gathers,Each man shall turn back to his people,They shall flee every one to his land.",Ninguno
Isaiah,13,15,כלהנמצא ידקר וכלהנספה יפול בחרב,"All who remain shall be pierced through,All who are caughtfare caught Meaning of Heb. uncertain; emendation yields “flee.” Shall fall by the sword.",Ninguno
Isaiah,13,16,"ועלליהם ירטשו לעיניהם ישסו בתיהם ונשיהם <span class=""mam-kq""><span class=""mam-kq-k"">(תשגלנה)</span> <span class=""mam-kq-q"">[תשכבנה]</span></span>","And their babes shall be dashed to pieces in their sight,Their homes shall be plundered,And their wives shall be raped.",Ninguno
Isaiah,13,17,הנני מעיר עליהם אתמדי אשרכסף לא יחשבו וזהב לא יחפצובו,"“Behold,I stir up the Medes against them,Who do not value silverOr delight in gold.",Ninguno
Isaiah,13,18,וקשתות נערים תרטשנה ופריבטן לא ירחמו עלבנים לאתחוס עינם,"Their bows shall shatter the young;They shall show no pity to infants,They shall not spare the children.”",Ninguno
Isaiah,13,19,והיתה בבל צבי ממלכות תפארת גאון כשדים כמהפכת אלהים אתסדם ואתעמרה,"And Babylon, glory of kingdoms,Proud splendor of the Chaldeans,Shall become like Sodom and GomorrahOverturned by God.",Ninguno
Isaiah,13,20,לאתשב לנצח ולא תשכן עדדור ודור ולאיהל שם ערבי ורעים לאירבצו שם,"Nevermore shall it be settledNor dwelt in through all the ages.No Arab shall pitch his tent there,No shepherds make flocks lie down there.",Ninguno
Isaiah,13,21,ורבצושם ציים ומלאו בתיהם אחים ושכנו שם בנות יענה ושעירים ירקדושם,"But beastsgbeasts Meaning of Heb. uncertain. shall lie down there,And the houses be filled with owls;howls Meaning of Heb. uncertain. There shall ostriches make their home,And there shall satyrs dance.",Ninguno
Isaiah,13,22,וענה איים באלמנותיו ותנים בהיכלי ענג וקרוב לבוא עתה וימיה לא ימשכו,And jackalsijackals Meaning of Heb. uncertain. shall abide in its castlesAnd dragonsjdragons Meaning of Heb. uncertain. in the palaces of pleasure.Her hour is close at hand;Her days will not be long.,Ninguno
Isaiah,14,1,כי ירחם יהוה אתיעקב ובחר עוד בישראל והניחם עלאדמתם ונלוה הגר עליהם ונספחו עלבית יעקב,"But GOD will pardon Jacob, and will again choose Israel, and will settle them on their own soil. And strangers shall join them and shall cleave to the House of Jacob. ",Ninguno
Isaiah,14,2,"ולקחום עמים והביאום אלמקומם והתנחלום ביתישראל על אדמת יהוה לעבדים ולשפחות והיו שבים לשביהם ורדו בנגשיהם&nbsp;<span class=""mam-spi-samekh"">{ס}</span>&nbsp;&nbsp;&nbsp;&nbsp;&nbsp;&nbsp;&nbsp;&nbsp;","For peoples shall take themathem I.e., the House of Jacob. and bring them to their homeland; and the House of Israel shall possess thembthem I.e., the peoples. as slaves and handmaids on GOD’s soil. They shall be captors of their captors and masters to their taskmasters.",Ninguno
Isaiah,14,3,והיה ביום הניח יהוה לך מעצבך ומרגזך ומןהעבדה הקשה אשר עבדבך,"And when GOD has given you rest from your sorrow and trouble, and from the hard service that you were made to serve, ",Ninguno
Isaiah,14,4,ונשאת המשל הזה עלמלך בבל ואמרת איך שבת נגש שבתה מדהבה,"you shall recite this song of scorn over the king of Babylon:How is the taskmaster vanished,How is oppressioncoppression Reading marhebah with 1QIsᵃ (cf. Septuagint). The traditional reading madhebah is of unknown meaning. ended!",Ninguno
Isaiah,14,5,שבר יהוה מטה רשעים שבט משלים,"  GOD   has broken the staff of the wicked,The rod of tyrants,",Ninguno
Isaiah,14,6,מכה עמים בעברה מכת בלתי סרה רדה באף גוים מרדף בלי חשך,"That smote peoples in wrathWith stroke unceasing,That belabored nations in furyIn relentless pursuit.",Ninguno
Isaiah,14,7,נחה שקטה כלהארץ פצחו רנה,"All the earth is calm, untroubled;Loudly it cheers.",Ninguno
Isaiah,14,8,גםברושים שמחו לך ארזי לבנון מאז שכבת לאיעלה הכרת עלינו,"Even pines rejoice at your fate,And cedars of Lebanon:“Now that you have lain down,None shall come up to fell us.”",Ninguno
Isaiah,14,9,שאול מתחת רגזה לך לקראת בואך עורר לך רפאים כלעתודי ארץ הקים מכסאותם כל מלכי גוים,"Sheol below was astirTo greet your coming—Rousing for you the shadesOf all earth’s chieftains,Raising from their thronesAll the kings of nations.",Ninguno
Isaiah,14,10,כלם יענו ויאמרו אליך גםאתה חלית כמונו אלינו נמשלת,"All speak up and say to you,“So you have been stricken as we were,You have become like us!",Ninguno
Isaiah,14,11,הורד שאול גאונך המית נבליך תחתיך יצע רמה ומכסיך תולעה,"Your pomp is brought down to Sheol,And the strains of your lutes!Worms are to be your bed,Maggots your blanket!”",Ninguno
Isaiah,14,12,איך נפלת משמים הילל בןשחר נגדעת לארץ חולש עלגוים,"How are you fallen from heaven,O Shining One, son of Dawn!dShining One, son of Dawn A character in some lost myth. How are you felled to earth,O vanquisher of nations!",Ninguno
Isaiah,14,13,ואתה אמרת בלבבך השמים אעלה ממעל לכוכביאל ארים כסאי ואשב בהרמועד בירכתי צפון,"Once you thought in your heart,“I will climb to the sky;Higher than the stars of GodI will set my throne.I will sit in the mount of assembly,eassembly I.e., the assembly of the gods in council. On the summit of Zaphon:fthe summit of Zaphon The abode of the gods; cf. Ps. 48.3. ",Ninguno
Isaiah,14,14,אעלה עלבמתי עב אדמה לעליון,I will mount the back of a cloud—I will match the Most High.”,Ninguno
Isaiah,14,15,אך אלשאול תורד אלירכתיבור,"Instead, you are brought down to Sheol,To the bottom of the Pit.gthe bottom of the Pit A region of the netherworld reserved for those who have not received decent burial; cf. Ezek. 32.21ff. ",Ninguno
Isaiah,14,16,ראיך אליך ישגיחו אליך יתבוננו הזה האיש מרגיז הארץ מרעיש ממלכות,"They who behold you stare;They peer at you closely:“Is this the manWho shook the earth,Who made realms tremble,",Ninguno
Isaiah,14,17,שם תבל כמדבר ועריו הרס אסיריו לאפתח ביתה,"Who made the world like a wasteAnd wrecked its towns,Who never released his prisoners to their homes?”",Ninguno
Isaiah,14,18,כלמלכי גוים כלם שכבו בכבוד איש בביתו,"All the kings of nationsWere laid, every one, in honorhWho never released … in honor Emendation yields “Who chained to his palace gate / All the kings of nations? / Yet they were all laid in honor…” The practice of chaining captive chieftains to gates is attested in Mesopotamia. Each in his tomb;",Ninguno
Isaiah,14,19,ואתה השלכת מקברך כנצר נתעב לבש הרגים מטעני חרב יורדי אלאבניבור כפגר מובס,"While you were left lying unburied,Like loathsome carrion,icarrion So several ancient versions; cf. postbiblical neṣel, “putrefying flesh or blood.” Like a trampled corpse[In] the clothing of slain gashed by the swordWho sink to the very stones of the Pit.",Ninguno
Isaiah,14,20,לאתחד אתם בקבורה כיארצך שחת עמך הרגת לאיקרא לעולם זרע מרעים,"You shall not have a burial like them;Because you destroyed your country,Murdered your people.jyour country, / Murdered your people Emendation yields “…countries, / Murdered peoples.” Let the breed of evildoersNevermore be named!",Ninguno
Isaiah,14,21,הכינו לבניו מטבח בעון אבותם בליקמו וירשו ארץ ומלאו פניתבל ערים,Prepare a slaughtering block for his sonskhis sons As potential heirs to the throne; cf. Kimhi. Because of the guilt of their father.lfather Heb. “fathers.” Let them not arise to possess the earth!Then the world’s face shall be covered with towns.,Ninguno
Isaiah,14,22,וקמתי עליהם נאם יהוה צבאות והכרתי לבבל שם ושאר ונין ונכד נאםיהוה,"I will rise up against them—declares GOD of Hosts—and will wipe out from Babylon name and remnant, kith and kin—declares GOD— ",Ninguno
Isaiah,14,23,"ושמתיה למורש קפד ואגמימים וטאטאתיה במטאטא השמד נאם יהוה צבאות&nbsp;<span class=""mam-spi-samekh"">{ס}</span>&nbsp;&nbsp;&nbsp;&nbsp;&nbsp;&nbsp;&nbsp;&nbsp;","and I will make it a home of bitterns,mbitterns Meaning of Heb. uncertain. pools of water. I will sweep it with a broom of extermination—declares GOD of Hosts.",Ninguno
Isaiah,14,24,נשבע יהוה צבאות לאמר אםלא כאשר דמיתי כן היתה וכאשר יעצתי היא תקום,"  GOD   of Hosts has sworn this oath:“As I have designed, so shall it happen;What I have planned, that shall come to pass:",Ninguno
Isaiah,14,25,לשבר אשור בארצי ועלהרי אבוסנו וסר מעליהם עלו וסבלו מעל שכמו יסור,"To break Assyria in My land,To crush him on My mountain.”nMy mountain Heb. “My mountains”; for the designation of the entire land of Israel as GOD’s mountain, cf. 11.9. And his yoke shall drop off them,And his burden shall drop from theirotheir Heb. “his.” backs.pAnd his yoke … backs These lines would read well after v. 26. ",Ninguno
Isaiah,14,26,זאת העצה היעוצה עלכלהארץ וזאת היד הנטויה עלכלהגוים,That is the plan that is plannedFor all the earth;That is why an arm is poisedOver all the nations.,Ninguno
Isaiah,14,27,"כייהוה צבאות יעץ ומי יפר וידו הנטויה ומי ישיבנה&nbsp;<span class=""mam-spi-pe"">{פ}</span><br>","For  GOD of Hosts has planned,Who then can foil it?It is the divine arm that is poised,And who can stay it?",Ninguno
Isaiah,14,28,בשנתמות המלך אחז היה המשא הזה,This pronouncement was made in the year that King Ahaz died:,Ninguno
Isaiah,14,29,אלתשמחי פלשת כלך כי נשבר שבט מכך כימשרש נחש יצא צפע ופריו שרף מעופף,"Rejoice not, all Philistia,Because the staff of him that beat you is broken.For from the stock of a snake there sprouts an asp,A flying  seraph qseraph In contrast to others “fiery serpent”; cf. Num. 21.6, 8. branches out from it.",Ninguno
Isaiah,14,30,ורעו בכורי דלים ואביונים לבטח ירבצו והמתי ברעב שרשך ושאריתך יהרג,"The first-born of the poor shall grazerThe first-born of the poor shall graze Emendation yields “The poor shall graze in his pasture.” And the destitute lie down secure.sThe first-born … lie down secure These lines would read well after v. 32. I will kill your stock by famine,tI will kill your stock by famine Emendation yields “It shall kill your offspring with its venom (zarʻekh beroʼsho).” And it shall slay the very last of you.",Ninguno
Isaiah,14,31,הילילי שער זעקיעיר נמוג פלשת כלך כי מצפון עשן בא ואין בודד במועדיו,"Howl, O gate; cry out, O city;Quake, all Philistia!For a stout one is coming from the northAnd there is no straggler in his ranks.uFor a stout one … in his ranks Meaning of Heb. uncertain; the rendering “stout one” is suggested by the Syriac ʻashshīn. ",Ninguno
Isaiah,14,32,"ומהיענה מלאכיגוי כי יהוה יסד ציון ובה יחסו עניי עמו&nbsp;<span class=""mam-spi-pe"">{פ}</span><br>","And what will he answer the messengers of any nation?That Zion has been established by  GOD:In it, the needy of this people shall find shelter.",Ninguno
Isaiah,15,1,משא מואב כי בליל שדד ער מואב נדמה כי בליל שדד קירמואב נדמה,"The “Moab” Pronouncement.Ah, in the night Ar was sacked,Moab was ruined;Ah, in the night Kir was sacked,Moab was ruined.",Ninguno
Isaiah,15,2,עלה הבית ודיבן הבמות לבכי עלנבו ועל מידבא מואב ייליל בכלראשיו קרחה כלזקן גרועה,"He went up to the temple to weep,DibonaDibon Regarded as the principal city of Moab. [went] to the outdoor shrines.Over Nebo and MedebaMoab is wailing;On every head is baldness,Every beard is shorn.",Ninguno
Isaiah,15,3,בחוצתיו חגרו שק על גגותיה וברחבתיה כלה ייליל ירד בבכי,"In its streets, they are girt with sackcloth;On its roofs, in its squares,Everyone is wailing,Streaming with tears.",Ninguno
Isaiah,15,4,ותזעק חשבון ואלעלה עדיהץ נשמע קולם עלכן חלצי מואב יריעו נפשו ירעה לו,"Heshbon and Elealeh cry out,Their voice carries to Jahaz.Therefore,The shock troops of Moab shout,bThe shock troops of Moab shout Change of vocalization yields “The loins of Moab are trembling.” His body is convulsed.",Ninguno
Isaiah,15,5,לבי למואב יזעק בריחה עדצער עגלת שלשיה כי&thinsp;<b></b> מעלה הלוחית בבכי יעלהבו כי דרך חורנים זעקתשבר יעערו,"My heart cries out for Moab—His fugitives flee down to Zoar,To Eglath-shelishiyah.For the ascent of LuhithThey ascend with weeping;On the road to HoronaimThey raise a cry of anguish.",Ninguno
Isaiah,15,6,כימי נמרים משמות יהיו כייבש חציר כלה דשא ירק לא היה,"Ah, the Waters of NimrimAre become a desolation;The grass is sear,The herbage is gone,Vegetation is vanished.",Ninguno
Isaiah,15,7,עלכן יתרה עשה ופקדתם על נחל הערבים ישאום,"Therefore,The gains they have made, and their stores,They carry to the Wadi of Willows.",Ninguno
Isaiah,15,8,כיהקיפה הזעקה אתגבול מואב עדאגלים יללתה ובאר אילים יללתה,"Ah, the cry has compassedThe country of Moab:All the way to Eglaim her wailing,Even at Beer-elim her wailing!",Ninguno
Isaiah,15,9,כי מי דימון מלאו דם כיאשית עלדימון נוספות לפליטת מואב אריה ולשארית אדמה,"Ah, the waters of Dimon are full of bloodcblood Emendation yields “tears.” For I pour added [water] on Dimon;I drenchddrench Cf. 16.9. it—for Moab’s refugees—With soilesoil Emendation yields “tears”; cf. Ugaritic ʼdmʻt. for its remnant.",Ninguno
Isaiah,16,1,שלחוכר משלארץ מסלע מדברה אלהר בתציון,"aMeaning of this verse and the next uncertain. Dispatch as messengerThe ruler of the land,From Sela in the wildernessTo the mount of Fair Zion:",Ninguno
Isaiah,16,2,והיה כעוףנודד קן משלח תהיינה בנות מואב מעברת לארנון,"“Like fugitive birds,Like nestlings driven away,Moab’s villagers lingerBy the fords of the Arnon.",Ninguno
Isaiah,16,3,"<span class=""mam-kq""><span class=""mam-kq-k"">(הביאו)</span> <span class=""mam-kq-q"">[הביאי]</span></span> עצה עשו פלילה שיתי כליל צלך בתוך צהרים סתרי נדחים נדד אלתגלי","Give advice,Offer counsel.bOffer counsel Meaning of Heb. uncertain. At high noon makeYour shadow like night:Conceal the outcasts,Betray not the fugitives.",Ninguno
Isaiah,16,4,"יגורו בך נדחי מואב הויסתר למו מפני שודד כיאפס המץ כלה שד תמו רמס מןהארץ&nbsp;<span class=""mam-spi-samekh"">{ס}</span>&nbsp;&nbsp;&nbsp;&nbsp;&nbsp;&nbsp;&nbsp;&nbsp;","Let Moab’s outcastscMoab’s outcasts Heb. “my outcasts, Moab.” Find asylum in you;Be a shelter for themAgainst the despoiler.”For violence has vanished,Rapine is ended,And marauders have perished from this land.",Ninguno
Isaiah,16,5,והוכן בחסד כסא וישב עליו באמת באהל דוד שפט ודרש משפט ומהר צדק,"And a throne shall be established in goodnessIn the tent of David,And on it shall sit in faithfulnessA ruler devoted to justiceAnd zealous for equity.dHere 14.32 would read well. ",Ninguno
Isaiah,16,6,שמענו גאוןמואב גא מאד גאותו וגאונו ועברתו לאכן בדיו,"“We have heard of Moab’s pride—Most haughty is he—Of his pride and haughtiness and arrogance,And of the iniquity in him.”ein him Heb. baddaw is a suffixed form of the preposition bede: Nah. 2.13; Hab. 2.13; Job 39.25; with suffixes, Job 11.3; 41.4. ",Ninguno
Isaiah,16,7,לכן ייליל מואב למואב כלה ייליל לאשישי קירחרשת תהגו אךנכאים,"Ah, let Moab howl;Let all in Moab howl!For the raisin-cakesfraisin-cakes Cf. Jer. 48.36 “men.” of Kir-haresethYou shall moan most pitifully.",Ninguno
Isaiah,16,8,כי שדמות חשבון אמלל גפן שבמה בעלי גוים הלמו שרוקיה עדיעזר נגעו תעו מדבר שלחותיה נטשו עברו ים,"The vineyards of Heshbon are withered,And the vines of Sibmah;Their tendrils spreadTo Baale-goiim,gTheir tendrils spread / To Baale-goiim Meaning of Heb. uncertain. And reached to Jazer,And strayed to the desert;Their shoots spread outAnd crossed the sea.",Ninguno
Isaiah,16,9,עלכן אבכה בבכי יעזר גפן שבמה אריוך דמעתי חשבון ואלעלה כי עלקיצך ועלקצירך הידד נפל,"Therefore,As I weep for Jazer,So I weep for Sibmah’s vines;O Heshbon and Elealeh,I drench you with my tears.Ended are the shoutsOver your fig and grain harvests.hEnded are the shouts / Over your fig and grain harvests Cf. Jer. 48.32 “A ravager has come down / Upon your fig and grape harvests.” ",Ninguno
Isaiah,16,10,ונאסף שמחה וגיל מןהכרמל ובכרמים לאירנן לא ירעע יין ביקבים לאידרך הדרך הידד השבתי,Rejoicing and gladnessAre gone from the farmland;In the vineyards no shoutingOr cheering is heard.No more does the treaderTread wine in the presses—The shouts have been silenced.ihave been silenced Lit. “I have silenced.” ,Ninguno
Isaiah,16,11,עלכן מעי למואב ככנור יהמו וקרבי לקיר חרש,"Therefore,Like a lyre my heart moans for Moab,And my very soul for Kir-heres.",Ninguno
Isaiah,16,12,"והיה כינראה כינלאה מואב עלהבמה ובא אלמקדשו להתפלל ולא יוכל&nbsp;<span class=""mam-spi-samekh"">{ס}</span>&nbsp;&nbsp;&nbsp;&nbsp;&nbsp;&nbsp;&nbsp;&nbsp;","And when it has become apparent that Moab has gained nothing in the outdoor shrine, he shall come to pray in his temple—but to no avail.",Ninguno
Isaiah,16,13,זה הדבר אשר דבר יהוה אלמואב מאז,That is the word that GOD spoke concerning Moab long ago.,Ninguno
Isaiah,16,14,"ועתה דבר יהוה לאמר בשלש שנים כשני שכיר ונקלה כבוד מואב בכל ההמון הרב ושאר מעט מזער לוא כביר&nbsp;<span class=""mam-spi-pe"">{פ}</span><br>","And now GOD has spoken: In three years, fixed like the years of a hired laborer, Moab’s population, with all its huge multitude, shall shrink. Only a remnant shall be left, of no consequence.",Ninguno
Isaiah,17,1,משא דמשק הנה דמשק מוסר מעיר והיתה מעי מפלה,"The “Damascus” Pronouncement.Behold,Damascus shall cease to be a city;It shall become a heap of ruins.",Ninguno
Isaiah,17,2,עזבות ערי ערער לעדרים תהיינה ורבצו ואין מחריד,"The towns of Aroer shall be deserted;aThe towns of Aroer shall be deserted Emendation yields (cf. Septuagint) “Its towns shall be deserted forevermore.” They shall be a place for flocksTo lie down, with none disturbing.",Ninguno
Isaiah,17,3,"ונשבת מבצר מאפרים וממלכה מדמשק ושאר ארם ככבוד בניישראל יהיו נאם יהוה צבאות&nbsp;<span class=""mam-spi-pe"">{פ}</span><br>","Fortresses shall cease from Ephraim,bEphraim Emendation yields “Aram.” And sovereignty from Damascus;The remnant of Aram shall becomeLike the mass of Israelites—declares  GOD of Hosts.",Ninguno
Isaiah,17,4,והיה ביום ההוא ידל כבוד יעקב ומשמן בשרו ירזה,"In that day,The mass of Jacob shall dwindle,And the fatness of his body become lean:",Ninguno
Isaiah,17,5,והיה כאסף קציר קמה וזרעו שבלים יקצור והיה כמלקט שבלים בעמק רפאים,After being like the standing grainHarvested by the reaper—Who reaps ears by the armful—He shall be like the ears that are gleanedIn the Valley of Rephaim.,Ninguno
Isaiah,17,6,ונשארבו עוללת כנקף זית שנים שלשה גרגרים בראש אמיר ארבעה חמשה בסעפיה פריה נאםיהוה אלהי ישראל,"Only gleanings shall be left of him,As when one beats an olive tree:Two berries or three on the topmost branch,Four or five on the boughs of the crowncon the boughs of the crown Lit. “on her boughs, the many-branched one.” —declares  the ETERNAL, the God of Israel.",Ninguno
Isaiah,17,7,ביום ההוא ישעה האדם עלעשהו ועיניו אלקדוש ישראל תראינה,"In that day, people shall turn to their Maker, their eyes look to the Holy One of Israel; ",Ninguno
Isaiah,17,8,"ולא ישעה אלהמזבחות מעשה ידיו ואשר עשו אצבעתיו לא יראה והאשרים והחמנים&nbsp;<span class=""mam-spi-samekh"">{ס}</span>&nbsp;&nbsp;&nbsp;&nbsp;&nbsp;&nbsp;&nbsp;&nbsp;","they shall not turn to the altars that their own hands made, or look to the sacred postsdsacred posts Used in worship of the goddess Asherah. and incense stands that their own fingers wrought.",Ninguno
Isaiah,17,9,ביום ההוא יהיו&thinsp;<b></b> ערי מעוזו כעזובת החרש והאמיר אשר עזבו מפני בני ישראל והיתה שממה,"In that day, their fortress cities shall be like the deserted sites that the Horesh and the Amirethe Horesh and the Amir Septuagint reads “the Amorites and the Hivites.” abandoned because of the Israelites; and there shall be desolation.",Ninguno
Isaiah,17,10,כי שכחת אלהי ישעך וצור מעזך לא זכרת עלכן תטעי נטעי נעמנים וזמרת זר תזרענו,"Truly, you have forgotten the God who saves youAnd have not remembered the Rock who shelters you;That is why, though you plant a delightfulfdelightful Emendation yields “true.” So Vulgate (cf. Septuagint); cf. Jer. 2.21. sapling,What you sow proves a disappointing slip.",Ninguno
Isaiah,17,11,"ביום נטעך תשגשגי ובבקר זרעך תפריחי נד קציר ביום נחלה וכאב אנוש&nbsp;<span class=""mam-spi-samekh"">{ס}</span>&nbsp;&nbsp;&nbsp;&nbsp;&nbsp;&nbsp;&nbsp;&nbsp;","On the day that you plant, you see it grow;On the morning you sow, you see it bud—But the branches wither awayOn a day of sickness and mortal agony.",Ninguno
Isaiah,17,12,הוי המון עמים רבים כהמות ימים יהמיון ושאון לאמים כשאון מים כבירים ישאון,"Ah, the roar of many peoplesThat roar as roars the sea,The rage of nations that rageAs rage the mighty waters—",Ninguno
Isaiah,17,13,לאמים כשאון מים רבים ישאון וגער בו ונס ממרחק ורדף כמץ הרים לפנירוח וכגלגל לפני סופה,"Nations raging like massive waters!But [God] shouts at them, and they flee far away,Driven like chaff before winds in the hills,And like tumbleweed before a gale.",Ninguno
Isaiah,17,14,"לעת ערב והנה בלהה בטרם בקר איננו זה חלק שוסינו וגורל לבזזינו&nbsp;<span class=""mam-spi-pe"">{פ}</span><br>","At eventide, lo, terror!By morning, it is no more.Such is the lot of our despoilers,The portion of them that plunder us.",Ninguno
Isaiah,18,1,הוי ארץ צלצל כנפים אשר מעבר לנהריכוש,"Ah,land in the deep shadow of wings,aland in the deep shadow of wings Or “Most sheltered land”; cf., e.g., 30.2, 3; Ps. 36.8; 57.2; 61.5. Beyond the rivers of Cush!",Ninguno
Isaiah,18,2,השלח בים צירים ובכליגמא עלפנימים לכו&thinsp;<b></b> מלאכים קלים אלגוי ממשך ומורט אלעם נורא מןהוא והלאה גוי קוקו ומבוסה אשרבזאו נהרים ארצו,"Go, swift messengers,To a nation far and remote,To a people thrust forth and awaybfar and remote, / To a people thrust forth and away Meaning of Heb. uncertain.—A nation of gibber and chattercchatter Meaning of Heb. uncertain; cf. 28.10. Biblical writers often characterize distant nations by their unintelligible speech; cf. 33.19; Deut. 28.49; Jer. 5.15.—Whose land is cut off by streams;Which sends out envoys by sea,In papyrus vessels upon the water!dWhich sends out envoys by sea, / In papyrus vessels upon the water Moved down from beginning of verse for clarity. The Heb. verb for “sends” agrees in gender with “nation,” not with “land.” ",Ninguno
Isaiah,18,3,"כלישבי תבל ושכני ארץ כנשאנס הרים תראו וכתקע שופר תשמעו&nbsp;<span class=""mam-spi-samekh"">{ס}</span>&nbsp;&nbsp;&nbsp;&nbsp;&nbsp;&nbsp;&nbsp;&nbsp;","[Say this:]“All you who live in the worldAnd inhabit the earth,When a flag is raised in the hills, take note!When a ram’s horn is blown, give heed!”",Ninguno
Isaiah,18,4,"כי כה אמר יהוה אלי <span class=""mam-kq""><span class=""mam-kq-k"">(אשקוטה)</span> <span class=""mam-kq-q"">[אשקטה]</span></span> ואביטה במכוני כחם צח עליאור כעב טל בחם קציר","For thus  GOD said to me:“I rest calm and confidenteconfident Cf. hibbiṭ “to rely” (Job 6.19). The related noun mabbaṭ occurs with similar meaning in Isa. 20.5, 6. in My habitation—Like a scorching heat upon sprouts,Like a rain-cloud in the heat of reaping time.”fLike a rain-cloud in the heat of reaping time I.e., like a threat of disaster; cf. Eccl. 11.4. ",Ninguno
Isaiah,18,5,כילפני קציר כתםפרח ובסר גמל יהיה נצה וכרת הזלזלים במזמרות ואתהנטישות הסיר התז,"For before the harvest,gharvest Emendation yields “vintage.” yet after the budding,When the blossom has hardened into berries,[God] will trim away the twigs with pruning hooks,And lop off the trailing branches.htrailing branches A figure of speech for the defeated enemy. ",Ninguno
Isaiah,18,6,"יעזבו יחדו לעיט הרים ולבהמת הארץ וקץ עליו העיט וכלבהמת הארץ עליו תחרף&nbsp;<span class=""mam-spi-samekh"">{ס}</span>&nbsp;&nbsp;&nbsp;&nbsp;&nbsp;&nbsp;&nbsp;&nbsp;",They shall all be leftTo the kites of the hillsAnd to the beasts of the earth;The kites shall summer on themAnd all the beasts of the earth shall winter on them.,Ninguno
Isaiah,18,7,"בעת ההיא יובלשי ליהוה צבאות עם ממשך ומורט ומעם נורא מןהוא והלאה גוי&thinsp;<b></b> קוקו ומבוסה אשר בזאו נהרים ארצו אלמקום שםיהוה צבאות הרציון&nbsp;<span class=""mam-spi-pe"">{פ}</span><br>","In that time,Tribute shall be brought to  GOD of Hosts[From] a people far and remote,From a people thrust forth and away—A nation of gibber and chatter,Whose land is cut off by streams—At the place where the name of  GOD of Hosts abides,At Mount Zion.",Ninguno
Isaiah,19,1,משא מצרים הנה יהוה רכב עלעב קל ובא מצרים ונעו אלילי מצרים מפניו ולבב מצרים ימס בקרבו,"The “Egypt” Pronouncement.Mounted on a swift cloud,GOD will come to Egypt;Egypt’s idols shall tremble in response,And the heart of the Egyptians shall sink within them.",Ninguno
Isaiah,19,2,וסכסכתי מצרים במצרים ונלחמו אישבאחיו ואיש ברעהו עיר בעיר ממלכה בממלכה,"“I will incite Egyptian against Egyptian:They shall war with each other,Neighbor with neighbor,City with cityAnd kingdom with kingdom.akingdom…kingdom I.e., the various districts of Egypt, which in Isaiah’s time were governed by hereditary princes. ",Ninguno
Isaiah,19,3,ונבקה רוחמצרים בקרבו ועצתו אבלע ודרשו אלהאלילים ואלהאטים ואלהאבות ואלהידענים,"Egypt shall be drained of spirit,And I will confound its plans;So they will consult the idols and the shadesAnd the ghosts and the familiar spirits.",Percepción (Yada)
Isaiah,19,4,וסכרתי אתמצרים ביד אדנים קשה ומלך עז ימשלבם נאם האדון יהוה צבאות,"And I will place the EgyptiansAt the mercy of a harsh master,And a ruthless king shall rule them”—declares the Sovereign,  GOD of Hosts.",Ninguno
Isaiah,19,5,ונשתומים מהים ונהר יחרב ויבש,"Water shall fail from the seas,Rivers dry up and be parched,",Ninguno
Isaiah,19,6,והאזניחו נהרות דללו וחרבו יארי מצור קנה וסוף קמלו,"Channels turn foul as they ebb,And Egypt’s canals run dry.Reed and rush shall decay,",Ninguno
Isaiah,19,7,ערות עליאור עלפי יאור וכל מזרע יאור ייבש נדף ואיננו,"And the Nile papyrus by the Nile-sidebAnd the Nile papyrus by the Nile-side Meaning of Heb. uncertain. And everything sown by the NileShall wither, blow away, and vanish.",Ninguno
Isaiah,19,8,ואנו הדיגים ואבלו כלמשליכי ביאור חכה ופרשי מכמרת עלפנימים אמללו,"The fishermen shall lament;All who cast lines in the Nile shall mourn,And those who spread nets on the water shall languish.",Ninguno
Isaiah,19,9,ובשו עבדי פשתים שריקות וארגים חורי,"The flax workers, too, shall be dismayed,Both carders and weavers chagrined.cchagrined Meaning of Heb. uncertain. ",Ninguno
Isaiah,19,10,והיו שתתיה מדכאים כלעשי שכר אגמינפש,"dMeaning of verse uncertain; emendation yields “Her drinkers shall be dejected, / And all her brewers despondent.” Her foundations shall be crushed,And all who make dams shall be despondent.",Ninguno
Isaiah,19,11,אךאולים שרי צען חכמי יעצי פרעה עצה נבערה איך תאמרו אלפרעה בןחכמים אני בןמלכיקדם,"Utter fools are the nobles of Tanis;The sagest of Pharaoh’s advisers[Have made] absurd predictions.How can you say to Pharaoh,“I am a scion of sages,A scion of Kedemite kings”?ekings Or “advisers.” The wisdom of the Kedemites was proverbial; cf. 1 Kings 5.10. ",Ninguno
Isaiah,19,12,אים אפוא חכמיך ויגידו נא לך וידעו מהיעץ יהוה צבאות עלמצרים,"Where, indeed, are your sages?Let them tell you, let them discoverWhat  GOD of Hosts has planned against Egypt.",Percepción (Yada)
Isaiah,19,13,נואלו שרי צען נשאו שרי נף התעו אתמצרים פנת שבטיה,"The nobles of Tanis have been fools,The nobles of Memphis deluded;Egypt has been led astrayBy the chiefs of her tribes.",Ninguno
Isaiah,19,14,יהוה מסך בקרבה רוח עועים והתעו אתמצרים בכלמעשהו כהתעות שכור בקיאו,"  GOD   has mixed within herA spirit of distortion,Which shall lead Egypt astray in all her undertakingsAs a vomiting drunkard goes astray;",Ninguno
Isaiah,19,15,ולאיהיה למצרים מעשה אשר יעשה ראש וזנב כפה ואגמון,"Nothing shall be achieved in EgyptBy either head or tail,Palm branch or reed.fPalm branch or reed I.e., a man of either high or low station; cf. 9.13, 14. ",Ninguno
Isaiah,19,16,ביום ההוא יהיה מצרים כנשים וחרד&thinsp;<b></b> ופחד מפני תנופת ידיהוה צבאות אשרהוא מניף עליו,"In that day, the Egyptiansgthe Egyptians I.e., the army of Egypt. shall be like women, trembling and terrified because GOD of Hosts will raise a divine hand against them. ",Ninguno
Isaiah,19,17,"והיתה אדמת יהודה למצרים לחגא כל אשר יזכיר אתה אליו יפחד מפני עצת יהוה צבאות אשרהוא יועץ עליו&nbsp;<span class=""mam-spi-samekh"">{ס}</span>&nbsp;&nbsp;&nbsp;&nbsp;&nbsp;&nbsp;&nbsp;&nbsp;","And the land of Judah shall also be the dread of the Egyptians; they shall quake whenever anybody mentions it to them, because of what GOD of Hosts is planning against them. ",Ninguno
Isaiah,19,18,"ביום ההוא יהיו חמש ערים בארץ מצרים מדברות שפת כנען ונשבעות ליהוה צבאות עיר ההרס יאמר לאחת&nbsp;<span class=""mam-spi-samekh"">{ס}</span>&nbsp;&nbsp;&nbsp;&nbsp;&nbsp;&nbsp;&nbsp;&nbsp;","In that day, there shall be severalhseveral Lit. “five.” towns in the land of Egypt speaking the language of Canaan and swearing loyalty to GOD of Hosts; oneione Or “each one.” shall be called Town of Heres.jHeres Meaning uncertain. Many Heb. mss. read ḥeres, “sun,” which may refer to Heliopolis, i.e., Sun City, in Egypt. Targum’s “Beth Shemesh” (cf. Jer. 43.13) has the same meaning. ",Ninguno
Isaiah,19,19,ביום ההוא יהיה מזבח ליהוה בתוך ארץ מצרים ומצבה אצלגבולה ליהוה,"In that day, there shall be an altar to GOD inside the land of Egypt and a pillar to GOD at its border.kborder As a symbol of GOD’s sovereignty over Egypt. ",Ninguno
Isaiah,19,20,והיה לאות ולעד ליהוה צבאות בארץ מצרים כייצעקו אליהוה מפני לחצים וישלח להם מושיע ורב והצילם,"They shall serve as a symbol and reminder of GOD of Hosts in the land of Egypt, so that when [the Egyptians] cry out to GOD against oppressors, a savior and champion will be sent to deliver them. ",Ninguno
Isaiah,19,21,ונודע יהוה למצרים וידעו מצרים אתיהוה ביום ההוא ועבדו זבח ומנחה ונדרונדר ליהוה ושלמו,"For the Egyptians will be made to know GOD, and the Egyptians shall acknowledge GOD in that day, and they shall serve with sacrifice and oblation and shall make vows to GOD and fulfill them. ",Percepción (Yada)
Isaiah,19,22,"ונגף יהוה אתמצרים נגף ורפוא ושבו עדיהוה ונעתר להם ורפאם&nbsp;<span class=""mam-spi-samekh"">{ס}</span>&nbsp;&nbsp;&nbsp;&nbsp;&nbsp;&nbsp;&nbsp;&nbsp;","GOD will first afflict and then heal the Egyptians: when they turn back, GOD will respond to their entreaties and heal them.",Ninguno
Isaiah,19,23,"ביום ההוא תהיה מסלה ממצרים אשורה ובאאשור במצרים ומצרים באשור ועבדו מצרים אתאשור&nbsp;<span class=""mam-spi-samekh"">{ס}</span>&nbsp;&nbsp;&nbsp;&nbsp;&nbsp;&nbsp;&nbsp;&nbsp;","In that day, there shall be a highway from Egypt to Assyria. The Assyrians shall join with the Egyptians and Egyptians with the Assyrians, and then the Egyptians together with the Assyrians shall serve [GOD].",Ninguno
Isaiah,19,24,ביום ההוא יהיה ישראל שלישיה למצרים ולאשור ברכה בקרב הארץ,"In that day, Israel shall be a third partner with Egypt and Assyria as a blessinglas a blessing I.e., a standard by which blessing is invoked; cf. Gen. 12.2 with note. on earth; ",Ninguno
Isaiah,19,25,"אשר ברכו יהוה צבאות לאמר ברוך עמי מצרים ומעשה ידי אשור ונחלתי ישראל&nbsp;<span class=""mam-spi-samekh"">{ס}</span>&nbsp;&nbsp;&nbsp;&nbsp;&nbsp;&nbsp;&nbsp;&nbsp;","for GOD of Hosts will bless them, saying, “Blessed be My people Egypt, My handiwork Assyria, and My very own Israel.”",Ninguno
Isaiah,20,1,בשנת בא תרתן אשדודה בשלח אתו סרגון מלך אשור וילחם באשדוד וילכדה,It was the year that the TartanaTartan An Assyrian title meaning “General”; cf. 2 Kings 18.17 and note. came to Ashdod—being sent by King Sargon of Assyria—and attacked Ashdod and took it. ,Ninguno
Isaiah,20,2,"בעת ההיא דבר יהוה ביד ישעיהו בןאמוץ לאמר לך ופתחת השק מעל מתניך ונעלך תחלץ מעל רגלך ויעש כן הלך ערום ויחף&nbsp;<span class=""mam-spi-samekh"">{ס}</span>&nbsp;&nbsp;&nbsp;&nbsp;&nbsp;&nbsp;&nbsp;&nbsp;","Previously,bPreviously Lit. “At that time.” GOD had spoken to Isaiah son of Amoz, saying, “Go, untie the sackcloth from your loins and take your sandals off your feet,” which he had done, going naked and barefoot. ",Ninguno
Isaiah,20,3,ויאמר יהוה כאשר הלך עבדי ישעיהו ערום ויחף שלש שנים אות ומופת עלמצרים ועלכוש,"And now GOD said, “It is a sign and a portent for Egypt and Cush. Just as My servant Isaiah has gone naked and barefoot for three years, ",Ninguno
Isaiah,20,4,כן ינהג מלךאשור אתשבי מצרים ואתגלות כוש נערים וזקנים ערום ויחף וחשופי שת ערות מצרים,"so shall the king of Assyria drive off the captives of Egypt and the exiles of Cush, young and old, naked and barefoot and with bared buttocks—to the shame of Egypt! ",Ninguno
Isaiah,20,5,וחתו ובשו מכוש מבטם ומןמצרים תפארתם,And they shall be dismayed and chagrined because of Cush their hope and Egypt their boast.,Ninguno
Isaiah,20,6,"ואמר ישב האי הזה ביום ההוא הנהכה מבטנו אשרנסנו שם לעזרה להנצל מפני מלך אשור ואיך נמלט אנחנו&nbsp;<span class=""mam-spi-pe"">{פ}</span><br>","In that day, the dwellers of this coastland shall say, ‘If this could happen to those we looked to, to whom we fled for help and rescue from the king of Assyria, how can we ourselves escape?’”",Ninguno
Isaiah,21,1,משא מדברים כסופות בנגב לחלף ממדבר בא מארץ נוראה,"The “Desert of the Sea” Pronouncement.aThe “Desert of the Sea” Pronouncement Emendation yields “The ‘From the Desert’ Pronouncement,” agreeing with the phrase farther on in the verse. Like the galesThat race through the Negeb,It comes from the desert,The terrible land.",Ninguno
Isaiah,21,2,חזות קשה הגדלי הבוגד&thinsp;<small></small>&thinsp;בוגד והשודד&thinsp;<small></small>&thinsp;שודד עלי עילם צורי מדי כלאנחתה השבתי,"A harsh prophecyHas been announced to me:“The betrayer is betraying,The ravager ravaging.bbetraying, / The ravager ravaging Emendation yields “betrayed … ravaged”; cf. 33.1. Advance, Elam!Lay siege, Media!I have put an endTo all her sighing.”cI have put an end / To all her sighing Emendation yields “Put an end to all her merrymaking!” ",Ninguno
Isaiah,21,3,עלכן מלאו מתני חלחלה צירים אחזוני כצירי יולדה נעויתי משמע נבהלתי מראות,"Therefore my loinsAre seized with trembling;I am gripped by pangsLike a woman in travail,Too anguished to hear,Too frightened to see.",Ninguno
Isaiah,21,4,תעה לבבי פלצות בעתתני את נשף חשקי שם לי לחרדה,"My mind is confused,I shudder in panic.My night of pleasureHe has turned to terror:",Ninguno
Isaiah,21,5,"ערך השלחן צפה הצפית אכול שתה קומו השרים משחו מגן&nbsp;<span class=""mam-spi-samekh"">{ס}</span>&nbsp;&nbsp;&nbsp;&nbsp;&nbsp;&nbsp;&nbsp;&nbsp;","“Set the table!”To “Let the watchman watch!”“Eat and drink!”To “Up, officers! GreasedGrease Emendation yields “Grasp.” the shields!”",Ninguno
Isaiah,21,6,כי כה אמר אלי אדני לך העמד המצפה אשר יראה יגיד,"For thus my Sovereign said to me:“Go, set up a sentry;Let him announce what he sees.",Ninguno
Isaiah,21,7,וראה רכב צמד פרשים רכב חמור רכב גמל והקשיב קשב רבקשב,"He will see mounted men,Horsemen in pairs—Riders on donkeys,Riders on camels—And he will listen closely,Most attentively.”",Ninguno
Isaiah,21,8,ויקרא אריה עלמצפה&thinsp;<b></b> אדני אנכי עמד תמיד יומם ועלמשמרתי אנכי נצב כלהלילות,"And [like] a lion hee[like] a lion he 1QIsᵃ reads “The watcher.” called out:“On my Sovereign’s lookoutfOn my Sovereign’s lookout Or “On a lookout, my Sovereign,…” I standEver by day,And at my post I watchEvery night.",Ninguno
Isaiah,21,9,והנהזה בא רכב איש צמד פרשים ויען ויאמר נפלה נפלה בבל וכלפסילי אלהיה שבר לארץ,"And there they come, mounted men—Horsemen in pairs!”Then he spoke up and said,“Fallen, fallen is Babylon,And all the images of her godsHave crashed to the ground!”",Ninguno
Isaiah,21,10,"מדשתי ובןגרני אשר שמעתי מאת יהוה צבאות אלהי ישראל הגדתי לכם&nbsp;<span class=""mam-spi-pe"">{פ}</span><br>","My threshing, the product of my threshing floor:gMy threshing, the product of my threshing floor Connection of Heb. uncertain. What I have heard from  GOD of Hosts,The God of Israel—That I have told to you.",Ninguno
Isaiah,21,11,משא דומה אלי קרא משעיר שמר מהמלילה שמר מהמליל,"The “Dumah”hDumah Name of a people; cf. Gen. 25.14. Pronouncement.A call comes to me from Seir:“Watchman, what of the night?Watchman, what of the night?”",Ninguno
Isaiah,21,12,"אמר שמר אתה בקר וגםלילה אםתבעיון בעיו שבו אתיו&nbsp;<span class=""mam-spi-pe"">{פ}</span><br>","The watchman replied,“Morning came, and so did night.If you would inquire, inquire.Come back again.”",Ninguno
Isaiah,21,13,משא בערב ביער בערב תלינו ארחות דדנים,"The “In the Steppe” Pronouncement.In the scrub, in the steppe, you will lodge,O caravans of the Dedanites!",Ninguno
Isaiah,21,14,לקראת צמא התיו מים ישבי ארץ תימא בלחמו קדמו נדד,"Meet the thirsty with water,You who dwell in the land of Tema;Greet the fugitive with bread.",Ninguno
Isaiah,21,15,"כימפני חרבות נדדו מפני&thinsp;<b></b> חרב נטושה ומפני קשת דרוכה ומפני כבד מלחמה&nbsp;<span class=""mam-spi-samekh"">{ס}</span>&nbsp;&nbsp;&nbsp;&nbsp;&nbsp;&nbsp;&nbsp;&nbsp;","For they have fled before swords:Before the whetted sword,Before the bow that was drawn,Before the stress of war.",Ninguno
Isaiah,21,16,כיכה אמר אדני אלי בעוד שנה כשני שכיר וכלה כלכבוד קדר,"For thus my Sovereign has said to me: “In another year, fixed like the years of a hired laborer, all the multitude of Kedar shall vanish; ",Ninguno
Isaiah,21,17,"ושאר מספרקשת גבורי בניקדר ימעטו כי יהוה אלהיישראל דבר&nbsp;<span class=""mam-spi-samekh"">{ס}</span>&nbsp;&nbsp;&nbsp;&nbsp;&nbsp;&nbsp;&nbsp;&nbsp;","the remaining bows of Kedar’s warriors shall be few in number; for the ETERNAL, the God of Israel, has spoken.”",Ninguno
Isaiah,22,1,משא גיא חזיון מהלך אפוא כיעלית כלך לגגות,"The “Valley of Vision”aValley of Vision Meaning of Heb. uncertain. Pronouncement.bVerses 1–3 describe a scene of mourning to take place in Jerusalem in the near future. In the ancient Near East, public weeping took place on the low flat roofs as well as in the streets and squares; cf. above, 15.3; Jer. 48.38. What can have happened to youThat you have gone, all of you, up on the roofs,",Ninguno
Isaiah,22,2,תשאות&thinsp;<b></b> מלאה עיר הומיה קריה עליזה חלליך לא חלליחרב ולא מתי מלחמה,"O you who were full of tumult,You clamorous town,You city so exultant?Your slain are not the slain of the swordNor the dead of battle.cYour slain are … battle I.e., executed, instead of dying in battle. ",Ninguno
Isaiah,22,3,כלקציניך נדדויחד מקשת אסרו כלנמצאיך אסרו יחדו מרחוק ברחו,"Your officers have all departed,They fled far away;Your survivors were all taken captive,Taken captive without their bows.dTaken captive without their bows Meaning of Heb. uncertain. ",Ninguno
Isaiah,22,4,עלכן אמרתי שעו מני אמרר בבכי אלתאיצו לנחמני עלשד בתעמי,"That is why I say, “Let me be,I will weep bitterly.Press not to comfort meFor the ruin of my poor people.”emy poor people Lit. “the young woman, my people.” ",Ninguno
Isaiah,22,5,כי יום מהומה ומבוסה ומבוכה לאדני יהוה צבאות בגי חזיון מקרקר קר ושוע אלההר,"For my Sovereign  GOD of Hosts had a dayOf tumult and din and confusion—Kir raged in the Valley of Vision,And Shoa on the hill;fKir … Shoa on the hill Meaning of Heb. uncertain. On Kir see 2 Kings 16.9; Amos 1.5; 9.7; on Shoa see Ezek. 23.23. ",Ninguno
Isaiah,22,6,ועילם נשא אשפה ברכב אדם פרשים וקיר ערה מגן,"While Elam bore the quiverIn troops of mounted men,And Kir bared the shield—",Ninguno
Isaiah,22,7,ויהי מבחרעמקיך מלאו רכב והפרשים שת שתו השערה,And your choicest lowlandsWere filled with chariots and riders:They stormed at Judah’sgJudah’s Moved up from v. 8a for clarity. gatewayhgateway Judah’s gateway is the upper course of the Valley of Elah. ,Ninguno
Isaiah,22,8,ויגל את מסך יהודה ותבט ביום ההוא אלנשק בית היער,"And pressed beyond its screen.iscreen I.e., the fortress Azekah, at the mouth of the gateway, which was captured by the Assyrians. You gave thought on that dayTo the arms in the Forest House,jForest House See 1 Kings 7.2–5; 10.16–17. ",Ninguno
Isaiah,22,9,ואת בקיעי עירדוד ראיתם כירבו ותקבצו אתמי הברכה התחתונה,And you took note of the many breachesIn the City of David.And you collected the water of the Lower Pool;kAnd you collected the water of the Lower Pool This clause would read well after the prose part of v. 11a. ,Ninguno
Isaiah,22,10,ואתבתי ירושל͏ם ספרתם ותתצו הבתים לבצר החומה,and you counted the houses of Jerusalem and pulled houses down to fortify the wall;,Ninguno
Isaiah,22,11,ומקוה&thinsp;<b></b> עשיתם בין החמתים למי הברכה הישנה ולא הבטתם אלעשיה ויצרה מרחוק לא ראיתם,"and you constructed a basin between the two walls for the water of the old pool.But you gave no thought to the One who planned it,You took no note of the One who designed it long before.",Separación (Beyn)
Isaiah,22,12,ויקרא אדני יהוה צבאות ביום ההוא לבכי ולמספד ולקרחה ולחגר שק,"My Sovereign  GOD of Hosts summoned on that dayTo weeping and lamenting,To tonsuring and girding with sackcloth.",Ninguno
Isaiah,22,13,והנה&thinsp;<b></b> ששון ושמחה הרג&thinsp;<small></small>&thinsp;בקר ושחט צאן אכל בשר ושתות יין אכול ושתו כי מחר נמות,"Instead, there was rejoicing and merriment,Killing of cattle and slaughtering of sheep,Eating of meat and drinking of wine:“Eat and drink, for tomorrow we die!”",Ninguno
Isaiah,22,14,"ונגלה באזני יהוה צבאות אםיכפר העון הזה לכם עדתמתון אמר אדני יהוה צבאות&nbsp;<span class=""mam-spi-pe"">{פ}</span><br>","Then  GOD of Hosts was revealed to my ears:“This iniquity shall never be forgiven youUntil you die,” said my Sovereign  GOD of Hosts.",Ninguno
Isaiah,22,15,כה אמר אדני יהוה צבאות לךבא אלהסכן הזה עלשבנא אשר עלהבית,"Thus said my Sovereign GOD of Hosts: Go in to see that steward, that Shebna, in charge of the palace:",Ninguno
Isaiah,22,16,מהלך פה ומי לך פה כיחצבת לך פה קבר חצבי מרום קברו חקקי בסלע משכן לו,"What have you here, and whom have you here,That you have hewn out a tomb for yourself here?—O you who have hewn yourlyour Heb. “his.” tomb on high;O you who have hollowed out for yourselfmyourself Heb. “himself.” an abode in the cliff!",Ninguno
Isaiah,22,17,הנה יהוה מטלטלך טלטלה גבר ועטך עטה,"  GOD   is about to shake youSeverely, fellow,nSeverely, fellow Emendation yields “as a garment is shaken out.” and then wear you like a wrap.owear you like a wrap I.e., walk off with you; cf. Jer. 43.12. ",Ninguno
Isaiah,22,18,צנוף יצנפך צנפה כדור אלארץ רחבת ידים שמה תמות ושמה מרכבות כבודך קלון בית אדניך,"Indeed, [God] will wind you about as a headdress, a turban.pas a headdress, a turban Emendation yields “as a turban is wound about.” Off to a broad land!There shall you die, and there shall be the chariots bearing your body,qchariots bearing your body Emendation yields “abode [cf. v. 16] of your body [cf. 10.3, 16].” O shame of your master’s house!",Ninguno
Isaiah,22,19,והדפתיך ממצבך וממעמדך יהרסך,For I will hurl you from your stationAnd you shall be torn down from your stand.,Ninguno
Isaiah,22,20,והיה ביום ההוא וקראתי לעבדי לאליקים בןחלקיהו,"And in that day, I will summon My servant Eliakim son of Hilkiah, ",Ninguno
Isaiah,22,21,והלבשתיו כתנתך ואבנטך אחזקנו וממשלתך אתן בידו והיה לאב ליושב ירושל͏ם ולבית יהודה,"and I will invest him with your tunic, gird him with your sash, and deliver your authority into his hand; and he shall be a father to the inhabitants of Jerusalem and the house of Judah. ",Ninguno
Isaiah,22,22,ונתתי מפתח ביתדוד עלשכמו ופתח ואין סגר וסגר ואין פתח,"I will place the keys of David’s palace on his shoulders; and what he unlocks none may shut, and what he locks none may open. ",Ninguno
Isaiah,22,23,ותקעתיו יתד במקום נאמן והיה לכסא כבוד לבית אביו,"He shall be a seat of honor to his father’srfather’s Emendation yields “master’s”; cf. v. 18 end. household. I will fix him as a peg in a firm place, ",Ninguno
Isaiah,22,24,ותלו עליו כל&thinsp;<b></b> כבוד ביתאביו הצאצאים והצפעות כל כלי הקטן מכלי האגנות ועד כלכלי הנבלים,"on which all the substance of his father’ssfather’s See note at verse 23 end. household shall be hung: the sprouts and the leavestthe sprouts and the leaves Meaning of Heb. uncertain.—all the small vessels, from bowls to all sorts of jars.",Ninguno
Isaiah,22,25,"ביום ההוא נאם יהוה צבאות תמוש היתד התקועה במקום נאמן ונגדעה ונפלה ונכרת המשא אשרעליה כי יהוה דבר&nbsp;<span class=""mam-spi-pe"">{פ}</span><br>","uApparently continues v. 19. In that day—declares GOD of Hosts—the peg fixed in a firm place shall give way: it shall be cut down and shall fall, and the weight it supports shall be destroyed. For it is GOD who has spoken.",Ninguno
Isaiah,23,1,משא צר הילילו&thinsp;<b></b> אניות תרשיש כישדד מבית מבוא מארץ כתים נגלהלמו,"The “Tyre” Pronouncement.Howl, you ships of Tarshish!aships of Tarshish See note at 2.16. For havoc has been wrought, not a house is left;As they came from the land of Kittim,This was revealed to them.",Ninguno
Isaiah,23,2,דמו ישבי אי סחר צידון עבר ים מלאוך,"Moan, you coastland dwellers,You traders of Sidon,Once thronged by seafarers,",Ninguno
Isaiah,23,3,ובמים רבים זרע שחר קציר יאור תבואתה ותהי סחר גוים,"Over many watersYourbYour Heb. “Her.” revenue came:From the trade of nations,From the grain of Shihor,The harvest of the Nile.",Ninguno
Isaiah,23,4,בושי צידון כיאמר ים מעוז הים לאמר לאחלתי ולאילדתי ולא גדלתי בחורים רוממתי בתולות,"Be ashamed, O Sidon!For the sea—this stronghold of the sea—declares,“I am as one who hascI am as one who has Lit. “I have.” never labored,Never given birth,Never raised youthsOr reared maidens!”",Ninguno
Isaiah,23,5,כאשרשמע למצרים יחילו כשמע צר,"When the Egyptians heard it, they quailedAs when they heard about Tyre.",Ninguno
Isaiah,23,6,עברו תרשישה הילילו ישבי אי,"Pass on to Tarshish—Howl, you coastland dwellers!",Ninguno
Isaiah,23,7,הזאת לכם עליזה מימיקדם קדמתה יבלוה רגליה מרחוק לגור,"Was such your merry cityIn former times, of yore?Did her feet carry her offTo sojourn far away?",Ninguno
Isaiah,23,8,מי יעץ זאת עלצר המעטירה אשר סחריה שרים כנעניה נכבדיארץ,"Who was it that planned thisFor crown-wearing Tyre,Whose merchants were nobles,Whose traders the world honored?",Ninguno
Isaiah,23,9,יהוה צבאות יעצה לחלל גאון כלצבי להקל כלנכבדיארץ,"  GOD   of Hosts planned it—To defile all glorious beauty,To shame all the honored of the world.",Ninguno
Isaiah,23,10,עברי ארצך כיאר בתתרשיש אין מזח עוד,"Traverse your land like the Nile,Fair Tarshish;dTraverse your land like the Nile, / Fair Tarshish Meaning of Heb. uncertain. Emendation yields “Pass on to the land of Kittim, / You ships of Tarshish.” This is a harboreharbor Meaning of Heb. uncertain; taking mezaḥ as a by-form of maḥoz: cf. Ps. 107.30. no more.",Ninguno
Isaiah,23,11,ידו נטה עלהים הרגיז ממלכות יהוה צוה אלכנען לשמד מעזניה,"  GOD   poised an arm o’er the seaAnd made kingdoms quake—Decreeing destructionFor Phoenicia’sfPhoenicia’s Heb. “Canaan’s.” strongholds,",Ninguno
Isaiah,23,12,"ויאמר לאתוסיפי עוד לעלוז המעשקה בתולת בתצידון <span class=""mam-kq""><span class=""mam-kq-k"">(כתיים)</span> <span class=""mam-kq-q"">[כתים]</span></span> קומי עברי גםשם לאינוח לך","And said,“You shall be exultant no more,O plundered one, Fair Maiden Sidon.Up, cross over to Kittim—Even there you shall have no rest.”",Ninguno
Isaiah,23,13,"הן&thinsp;<b></b> ארץ כשדים זה העם לא היה אשור יסדה לציים הקימו <span class=""mam-kq""><span class=""mam-kq-k"">(בחיניו)</span> <span class=""mam-kq-q"">[בחוניו]</span></span> עוררו ארמנותיה שמה למפלה","gMeaning of verse uncertain. Emendation yields “The land of Kittim itself— / Which the Sidonian people founded, / Whose watchtowers they raised, / Whose citadels they erected— / Exists no more; / Assyria has turned it into a ruin.” Behold the land of Chaldea—This is the people that has ceased to be.Assyria, which founded it for ships,Which raised its watchtowers,Erected its ramparts,Has turned it into a ruin.",Ninguno
Isaiah,23,14,"הילילו אניות תרשיש כי שדד מעזכן&nbsp;<span class=""mam-spi-samekh"">{ס}</span>&nbsp;&nbsp;&nbsp;&nbsp;&nbsp;&nbsp;&nbsp;&nbsp;","Howl, O ships of Tarshish,For your stronghold is destroyed!",Ninguno
Isaiah,23,15,והיה ביום ההוא ונשכחת צר שבעים שנה כימי מלך אחד מקץ שבעים שנה יהיה לצר כשירת הזונה,"In that day, Tyre shall remain forgotten for seventy years, equaling the lifetime of one king. After a lapse of seventy years, it shall go with Tyre as with the prostitute in the ditty:",Ninguno
Isaiah,23,16,קחי כנור סבי עיר זונה נשכחה היטיבי נגן הרבישיר למען תזכרי,"Take a lyre, go about the town,Prostitute long forgotten;Sweetly play, make much music,To bring you back to mind.",Ninguno
Isaiah,23,17,והיה מקץ&thinsp;<b></b> שבעים שנה יפקד יהוה אתצר ושבה לאתננה וזנתה אתכלממלכות הארץ עלפני האדמה,"For after a lapse of seventy years, GOD will take note of Tyre, and she shall resume her “fee-taking” and “play the prostitute”h“fee-taking” and “play the prostitute” I.e., “trading … trade.” with all the kingdoms of the world, on the face of the earth. ",Ninguno
Isaiah,23,18,"והיה סחרה ואתננה קדש ליהוה לא יאצר ולא יחסן כי לישבים לפני יהוה יהיה סחרה לאכל לשבעה ולמכסה עתיק&nbsp;<span class=""mam-spi-pe"">{פ}</span><br>","But her profits and “hire” shall be consecrated to GOD. They shall not be treasured or stored; rather shall her profits go to those who abide before GOD, that they may eat their fill and clothe themselves elegantly.",Ninguno
Isaiah,24,1,הנה יהוה בוקק הארץ ובולקה ועוה פניה והפיץ ישביה,"Behold,  GOD   will strip the earth bare,And lay it waste,And twist its surface,And scatter its inhabitants.",Ninguno
Isaiah,24,2,והיה כעם ככהן כעבד כאדניו כשפחה כגברתה כקונה כמוכר כמלוה כלוה כנשה כאשר נשא בו,"Laity and priest shall fare alike,Slave and master,Handmaid and mistress,Buyer and seller,Lender and borrower,Creditor and debtor.",Ninguno
Isaiah,24,3,הבוק&thinsp;<small></small>&thinsp;תבוק הארץ והבוז&thinsp;<small></small>&thinsp;תבז כי יהוה דבר אתהדבר הזה,"The earth shall be bare, bare;It shall be plundered, plundered;For it is  GOD who spoke this word.",Ninguno
Isaiah,24,4,אבלה נבלה הארץ אמללה נבלה תבל אמללו מרום עםהארץ,"The earth is withered, sear;The world languishes, it is sear;The most exalted people of the earthaThe most exalted people of the earth Change of vocalization yields “both sky and earth.” languish.",Ninguno
Isaiah,24,5,והארץ חנפה תחת ישביה כיעברו תורת חלפו חק הפרו ברית עולם,"For the earth was defiledUnder its inhabitants;Because they transgressed teachings,Violated laws,Broke the ancient covenant.bthe ancient covenant I.e., the moral law, which is binding on all people (cf. Gen. 9.4–6). ",Ninguno
Isaiah,24,6,עלכן אלה אכלה ארץ ויאשמו ישבי בה עלכן חרו ישבי ארץ ונשאר אנוש מזער,"That is why a curse consumes the earth,And its inhabitants pay the penalty;That is why earth’s dwellers have dwindled,And but few people are left.",Ninguno
Isaiah,24,7,אבל תירוש אמללהגפן נאנחו כלשמחילב,"The new wine fails,The vine languishes;And all the merry-hearted sigh.",Ninguno
Isaiah,24,8,שבת משוש תפים חדל שאון עליזים שבת משוש כנור,"Stilled is the merriment of hand-drums,Ended the clamor of revelers,Stilled the merriment of lyres.",Ninguno
Isaiah,24,9,בשיר לא ישתויין ימר שכר לשתיו,They drink their wine without song;Liquor tastes bitter to the drinker.,Ninguno
Isaiah,24,10,נשברה קריתתהו סגר כלבית מבוא,"Towns are broken,cbroken Emendation yields “left.” empty;Every house is shut, none enter;",Ninguno
Isaiah,24,11,צוחה עלהיין בחוצות ערבה כלשמחה גלה משוש הארץ,"Even over wine, a cry goes up in the streets:The sun has set on all joy,The gladness of the earth is banished.",Ninguno
Isaiah,24,12,נשאר בעיר שמה ושאיה יכתשער,Desolation is left in the townAnd the gate is battered to ruins.,Ninguno
Isaiah,24,13,כי כה יהיה בקרב הארץ בתוך העמים כנקף זית כעוללת אםכלה בציר,"For thus shall it be among the peoplesIn the midst of the earth:As when the olive tree is beaten out,Like gleanings when the vintage is over.",Ninguno
Isaiah,24,14,המה ישאו קולם ירנו בגאון יהוה צהלו מים,"These shall lift up their voices,Exult in  GOD’s majesty.They shall shout from the sea:",Ninguno
Isaiah,24,15,"עלכן בארים כבדו יהוה באיי הים שם יהוה אלהי ישראל&nbsp;<span class=""mam-spi-samekh"">{ס}</span>&nbsp;&nbsp;&nbsp;&nbsp;&nbsp;&nbsp;&nbsp;&nbsp;","Therefore, honor  GOD with lightsIn the coastlands of the sea—The name of  the ETERNAL, the God of Israel.",Ninguno
Isaiah,24,16,מכנף הארץ זמרת שמענו צבי לצדיק ואמר רזילי רזילי אוי לי בגדים בגדו ובגד בוגדים בגדו,"From the end of the earthWe hear singing:Glory to the righteous!And I said:dAnd I said Change of vocalization yields “They shall say.” I waste away! I waste away! Woe is me!The faithless have acted faithlessly;The faithless have broken faith!eI waste … faith Meaning of Heb. uncertain. Emendation yields “Villain [Arabic razīl], foolish villain! / The faithless who acted faithlessly / Have been betrayed in turn.” ",Ninguno
Isaiah,24,17,פחד ופחת ופח עליך יושב הארץ,"Terror, and pit, and trapfTerror, and pit, and trap Heb. paḥad wa-paḥath, wa-paḥ. Upon you who dwell on earth!",Ninguno
Isaiah,24,18,והיה הנס מקול הפחד יפל אלהפחת והעולה מתוך הפחת ילכד בפח כיארבות ממרום נפתחו וירעשו מוסדי ארץ,"Whoever flees at the report of the terrorShall fall into the pit;And whoever climbs out of the pitShall be caught in the trap.For sluices are opened on high,And earth’s foundations tremble.",Ninguno
Isaiah,24,19,רעה התרעעה הארץ פור התפוררה ארץ מוט התמוטטה ארץ,"The earth is breaking, breaking;The earth is crumbling, crumbling.The earth is tottering, tottering;",Ninguno
Isaiah,24,20,"נוע תנוע ארץ כשכור והתנודדה כמלונה וכבד עליה פשעה ונפלה ולאתסיף קום&nbsp;<span class=""mam-spi-samekh"">{ס}</span>&nbsp;&nbsp;&nbsp;&nbsp;&nbsp;&nbsp;&nbsp;&nbsp;","The earth is swaying like a drunkard;It is rocking to and fro like a hut.Its iniquity shall weigh it down,And it shall fall, to rise no more.",Ninguno
Isaiah,24,21,והיה ביום ההוא יפקד יהוה עלצבא המרום במרום ועלמלכי האדמה עלהאדמה,"In that day,  GOD will punishThe host of heaven in heavenAnd the kings of the earth on earth.",Ninguno
Isaiah,24,22,ואספו אספה אסיר עלבור וסגרו עלמסגר ומרב ימים יפקדו,They shall be gathered in a dungeonAs captives are gathered;And shall be locked up in a prison.But after many days they shall be remembered.,Ninguno
Isaiah,24,23,"וחפרה הלבנה ובושה החמה כימלך יהוה צבאות בהר ציון ובירושל͏ם ונגד זקניו כבוד&nbsp;<span class=""mam-spi-pe"">{פ}</span><br>","Then the moon shall be ashamed,And the sun shall be abashed.For  GOD of Hosts will reignOn Mount Zion and in Jerusalem,And the Presence will be revealed to God’s elders.",Ninguno
Isaiah,25,1,יהוה אלהי אתה ארוממך אודה שמך כי עשית פלא עצות מרחק אמונה אמן,"O  ETERNAL One, You are my God;I will extol You, I will praise Your name.For You planned graciousnessagraciousness See 9.5. of old,Counsels of steadfast faithfulness.",Ninguno
Isaiah,25,2,כי שמת מעיר לגל קריה בצורה למפלה ארמון זרים מעיר לעולם לא יבנה,"For You have turned a city into a stone heap,A walled town into a ruin,The citadel of strangersbstrangers Emendation yields “arrogant men.” into rubble,crubble Meaning of Heb. uncertain. Never to be rebuilt.",Ninguno
Isaiah,25,3,עלכן יכבדוך עםעז קרית גוים עריצים ייראוך,"Therefore a fierce people must honor You,A city of cruel nations must fear You.",Ninguno
Isaiah,25,4,כיהיית מעוז לדל מעוז לאביון בצרלו מחסה מזרם צל מחרב כי רוח עריצים כזרם קיר,"For You have been a refuge for the pauper,A shelter for the needy person in distress—Shelter from rainstorm, shade from heat.When the fury of tyrants was like a winterdwinter Meaning of Heb. uncertain. rainstorm,",Ninguno
Isaiah,25,5,"כחרב בציון שאון זרים תכניע חרב בצל עב זמיר עריצים יענה&nbsp;<span class=""mam-spi-pe"">{פ}</span><br>","The rage of strangersestrangers See note at v. 2. like heat in the desert,You subdued the heat with the shade of clouds,The singingfsinging Meaning of Heb. uncertain. Emendation yields “rainstorm”; cf. v. 4d. of the tyrants was vanquished.",Ninguno
Isaiah,25,6,ועשה יהוה צבאות לכלהעמים בהר הזה משתה שמנים משתה שמרים שמנים ממחים שמרים מזקקים,"  GOD   of Hosts will make on this mountgthis mount I.e., the Holy Land, as in 11.9; 14.25; 57.13. For all the peoplesA banquet of rich viands,A banquet of choice wines—Of rich viands seasoned with marrow,Of choice wineshof rich viands … / Of choice wines Meaning of Heb. uncertain. well refined.",Ninguno
Isaiah,25,7,ובלע בהר הזה פניהלוט&thinsp;<small></small>&thinsp;הלוט עלכלהעמים והמסכה הנסוכה עלכלהגוים,"And on this mountithis mount See note at v. 6. will be destroyed the shroudThat is drawn over the faces of all the peoples,And the covering that is spreadOver all the nations:",Ninguno
Isaiah,25,8,"בלע המות לנצח ומחה אדני יהוה דמעה מעל כלפנים וחרפת עמו יסיר מעל כלהארץ כי יהוה דבר&nbsp;<span class=""mam-spi-pe"">{פ}</span><br>",Deathjdeath Perhaps an allusion to the mass killings committed by the Assyrians; cf. 10.7; 14.20. will be destroyed forever.My Sovereign  GOD will wipe the tears awayFrom all facesAnd will put an end to the reproach of God’s peoplekGod’s people Emendation yields “peoples.” Over all the earth—For it is  GOD who has spoken.,Ninguno
Isaiah,25,9,ואמר ביום ההוא הנה אלהינו זה קוינו לו ויושיענו זה יהוה קוינו לו נגילה ונשמחה בישועתו,"In that day they shall say:This is our God;We trusted in the One who delivered us.This is  GOD, in whom we trusted;Let us rejoice and exult in God’s deliverance!",Ninguno
Isaiah,25,10,"כיתנוח ידיהוה בהר הזה ונדוש מואב תחתיו כהדוש מתבן <span class=""mam-kq""><span class=""mam-kq-k"">(במי)</span> <span class=""mam-kq-q"">[במו]</span></span> מדמנה","For  GOD’s hand shall descendUpon this mount,lthis mount See note at v. 6. And MoabmMoab Emendation yields “Assyria”; cf. 14.25. shall be trampled underfootAs straw is threshed to bits at Madmenah.nMadmenah A village near Jerusalem; see 10.31. Emendation yields “As straw gets shredded in the threshing.” ",Ninguno
Isaiah,25,11,ופרש ידיו בקרבו כאשר יפרש השחה לשחות והשפיל גאותו עם ארבות ידיו,"Then [God’s] hands will be spread out in their homeland,ohomeland Lit. “midst.” As a swimmer’s hands are spread out to swim,And their pride will be humbledAlong with the emblems of their power.pthe emblems of their power Meaning of Heb. uncertain. Emendation yields “their citadels”; cf. the next verse. ",Ninguno
Isaiah,25,12,"ומבצר משגב חומתיך השח השפיל הגיע לארץ עדעפר&nbsp;<span class=""mam-spi-samekh"">{ס}</span>&nbsp;&nbsp;&nbsp;&nbsp;&nbsp;&nbsp;&nbsp;&nbsp;","Yea, the secure fortification of theirqtheir Heb. “your.” wallsWill be laid low and humble—Will be razed to the ground, to the very dust.",Ninguno
Isaiah,26,1,ביום ההוא יושר השירהזה בארץ יהודה עיר עזלנו ישועה ישית חומות וחל,"In that day, this song shall be sungIn the land of Judah:Ours is a mighty city;[God] makes victory our inner and outer wall.",Ninguno
Isaiah,26,2,פתחו שערים ויבא גויצדיק שמר אמנים,"Open the gates, and letA righteous nation enter,[A nation] that keeps faith.",Ninguno
Isaiah,26,3,יצר סמוך תצר שלום&thinsp;<small></small>&thinsp;שלום כי בך בטוח,"The confident mind You guard in safety,In safety because it trusts in You.",Ninguno
Isaiah,26,4,בטחו ביהוה עדיעד כי ביה יהוה צור עולמים,"Trust in  GOD—for ever and ever,For in YahaYah See note at 12.2.—GOD—you have an everlasting Rock.",Ninguno
Isaiah,26,5,כי השח ישבי מרום קריה נשגבה ישפילנה ישפילה עדארץ יגיענה עדעפר,"For [God] has brought low those who dwelt high up,Has humbled the secure city,Humbled it to the ground,Leveled it with the dust—",Ninguno
Isaiah,26,6,תרמסנה רגל רגלי עני פעמי דלים,"To be trampled underfoot,By the feet of the needy,By the soles of the poor.",Ninguno
Isaiah,26,7,ארח לצדיק מישרים ישר מעגל צדיק תפלס,"The path is level for the righteous;O Just One, You make smooth the course of the righteous.",Ninguno
Isaiah,26,8,אף ארח משפטיך יהוה קוינוך לשמך ולזכרך תאותנפש,"For Your just ways, O  ETERNAL One, we look to You;We long for the name by which You are called.",Ninguno
Isaiah,26,9,נפשי אויתך בלילה אףרוחי בקרבי אשחרך כי כאשר משפטיך לארץ צדק למדו ישבי תבל,"At night I yearn for You with all my being,I seek You with all the spirit within me.bthe spirit within me Emendation yields “my spirit in the morning.” For when Your judgments are wrought on earth,The inhabitants of the world learn righteousness.",Ninguno
Isaiah,26,10,"יחן רשע בללמד צדק בארץ נכחות יעול ובליראה גאות יהוה&nbsp;<span class=""mam-spi-pe"">{פ}</span><br>","But the scoundrel, when spared, learns not righteousness;Doing wrong in a place of integrity—Ignoring  GOD’s majesty.",Ninguno
Isaiah,26,11,"יהוה רמה ידך בליחזיון יחזו ויבשו קנאתעם אףאש צריך תאכלם&nbsp;<span class=""mam-spi-samekh"">{ס}</span>&nbsp;&nbsp;&nbsp;&nbsp;&nbsp;&nbsp;&nbsp;&nbsp;",O  ETERNAL One!They see not Your hand exalted.Let them be shamed as they beholdYour zeal for Your peopleAnd fire consuming Your adversaries.,Ninguno
Isaiah,26,12,"יהוה תשפת שלום לנו כי גם כלמעשינו פעלת לנו&nbsp;<span class=""mam-spi-samekh"">{ס}</span>&nbsp;&nbsp;&nbsp;&nbsp;&nbsp;&nbsp;&nbsp;&nbsp;","cMeaning of verse uncertain. O ETERNAL One!May You appoint well-being for us,Since You have also requited all our misdeeds.",Ninguno
Isaiah,26,13,יהוה אלהינו בעלונו אדנים זולתך לבדבך נזכיר שמך,"O  ETERNAL One our God!Rulers other than You possessed us,But only Your name shall we utter.",Ninguno
Isaiah,26,14,מתים בליחיו רפאים בליקמו לכן פקדת ותשמידם ותאבד כלזכר למו,"They are dead, they can never live;Shades, they can never rise;Of a truth, You have dealt with them and wiped them out,Have put an end to all mention of them.",Ninguno
Isaiah,26,15,"יספת לגוי יהוה יספת לגוי נכבדת רחקת כלקצויארץ&nbsp;<span class=""mam-spi-pe"">{פ}</span><br>","dMeaning of verses uncertain. When You added to the nation, O ETERNAL One—When You added to the nation,Extending all the boundaries of the land,You were honored.",Ninguno
Isaiah,26,16,יהוה בצר פקדוך צקון לחש מוסרך למו,"O  ETERNAL One! In their distress, they sought You;Your chastisement reduced themTo anguishedeanguished Lit. “anguish”; taking ṣaqun as a noun formed like zadon and sason. whispered prayer.",Ninguno
Isaiah,26,17,כמו הרה תקריב ללדת תחיל תזעק בחבליה כן היינו מפניך יהוה,"Like a woman with childApproaching childbirth,Writhing and screaming in her pangs,So are we become because of You, O  ETERNAL One.",Ninguno
Isaiah,26,18,הרינו חלנו כמו ילדנו רוח ישועת בלנעשה ארץ ובליפלו ישבי תבל,"We were with child, we writhed—It is as though we had given birth to wind;We have won no victory on earth;The inhabitants of the world have not come to life!fcome to life Meaning of Heb. uncertain. ",Ninguno
Isaiah,26,19,"יחיו מתיך נבלתי יקומון הקיצו ורננו שכני עפר כי טל אורת טלך וארץ רפאים תפיל&nbsp;<span class=""mam-spi-pe"">{פ}</span><br>","Oh, let Your dead revive!Let corpsesgcorpses Grammar of Heb. unclear. arise!Awake and shout for joy,You who dwell in the dust!—For Your dew is like the dew on fresh growth;You make the land of the shades come to life.hcome to life Meaning of Heb. uncertain. ",Ninguno
Isaiah,26,20,"לך עמי בא בחדריך וסגר <span class=""mam-kq""><span class=""mam-kq-k"">(דלתיך)</span> <span class=""mam-kq-q"">[דלתך]</span></span> בעדך חבי כמעטרגע עד<span class=""mam-kq""><span class=""mam-kq-k"">(יעבור)</span><span class=""mam-kq-q"">[יעבר]</span></span>זעם","Go, my people, enter your chambers,And lock your doors behind you.Hide but a little moment,Until the indignation passes.",Ninguno
Isaiah,26,21,"כיהנה יהוה יצא ממקומו לפקד עון ישבהארץ עליו וגלתה הארץ אתדמיה ולאתכסה עוד עלהרוגיה&nbsp;<span class=""mam-spi-pe"">{פ}</span><br>",For lo!  GOD   shall come forth from seclusioniseclusion Lit. “His place.” To punish the dwellers of the earthFor their iniquity;And the earth shall disclose its bloodshedAnd shall no longer conceal its slain.,Ninguno
Isaiah,27,1,"ביום ההוא יפקד יהוה בחרבו הקשה והגדולה והחזקה על לויתן נחש ברח ועל לויתן נחש עקלתון והרג אתהתנין אשר בים&nbsp;<span class=""mam-spi-samekh"">{ס}</span>&nbsp;&nbsp;&nbsp;&nbsp;&nbsp;&nbsp;&nbsp;&nbsp;","In that day  GOD will punishWith a great, cruel, mighty swordLeviathan the ElusiveaElusive Meaning of Heb. uncertain. Serpent—Leviathan the TwistingbTwisting Meaning of Heb. uncertain. Serpent;The Dragon of the seacDragon of the sea The monster that GOD vanquished of old (cf. 51.9; Ps. 74.13–14) was the embodiment of chaos; here it stands for the forces of evil in the present world. will be slain.",Ninguno
Isaiah,27,2,ביום ההוא כרם חמר ענולה,"In that day,They shall sing of it:dit Apparently the earth; cf. 26.21. “Vineyard of Delight.”eDelight So some mss. (cf. Amos 5.11); other mss. and the editions have “Wine.” ",Ninguno
Isaiah,27,3,אני יהוה נצרה לרגעים אשקנה פן יפקד עליה לילה ויום אצרנה,"I  GOD keep watch over it,I water it every moment;That no harm may befall it,fThat no harm may befall it Meaning of Heb. uncertain; emendation yields “My eye is open upon it.” I watch it night and day.",Ninguno
Isaiah,27,4,חמה אין לי מייתנני שמיר שית במלחמה אפשעה בה אציתנה יחד,"There is no anger in Me:If it offers Me thorns and thistles,gIf it offers Me thorns and thistles I.e., if the people through their misconduct fail to tend the vineyard. I will march to battle against it,And set it all on fire.hIf it offers … on fire Meaning of Heb. uncertain. ",Ninguno
Isaiah,27,5,או יחזק במעוזי יעשה שלום לי שלום יעשהלי,"But if it holds fast to My refuge,It makes peace with Me;It makes peace with Me.iIt makes peace with Me; / It makes peace with Me Meaning of Heb. uncertain. ",Ninguno
Isaiah,27,6,"הבאים ישרש יעקב יציץ ופרח ישראל ומלאו פניתבל תנובה&nbsp;<span class=""mam-spi-pe"">{פ}</span><br>","[In days] to come Jacob shall strike root,Israel shall sprout and blossom,And the face of the worldShall be covered with fruit.",Ninguno
Isaiah,27,7,הכמכת מכהו הכהו אםכהרג הרגיו הרג,Was he beaten as his beater has been?Did he suffer such slaughter as his slayers?,Ninguno
Isaiah,27,8,בסאסאה בשלחה תריבנה הגה ברוחו הקשה ביום קדים,"Assailing themjAssailing them Lit. “Striving with her”; meaning of verse uncertain. with fury unchained,His pitiless blast bore them offOn a day of gale.",Ninguno
Isaiah,27,9,לכן בזאת יכפר עוןיעקב וזה כלפרי הסר חטאתו בשומו&thinsp;<b></b> כלאבני מזבח כאבניגר מנפצות לאיקמו אשרים וחמנים,"kThis verse would read well before v. 6; the thought of vv. 7–8, dealing with the punishment of Israel’s enemies, is continued in vv. 10–11. Assuredly, by this aloneShall Jacob’s sin be purged away;This is the only priceFor removing his guilt:That he make all the altar-stonesLike shattered blocks of chalk—With no sacred postlsacred post See note at 17.8. left standing,Nor any incense altar.",Ninguno
Isaiah,27,10,כי עיר בצורה בדד נוה משלח ונעזב כמדבר שם ירעה עגל ושם ירבץ וכלה סעפיה,"Thus fortified cities lie desolate,Homesteads deserted, forsaken like a wilderness;There calves graze, there they lie downAnd consume its boughs.",Ninguno
Isaiah,27,11,"ביבש קצירה תשברנה נשים באות מאירות אותה כי לא עםבינות הוא עלכן לאירחמנו עשהו ויצרו לא יחננו&nbsp;<span class=""mam-spi-pe"">{פ}</span><br>","When its crown is withered, they break;mAnd consume its boughs. / When its crown is withered, they break Meaning of Heb. uncertain. Emendation yields “Or like a terebinth whose boughs / Break when its crown is withered.” Women come and make fires with them.For they are a people without understanding;That is whyTheir Maker will show them no mercy,Their Creator will deny them grace.",Ninguno
Isaiah,27,12,"והיה ביום ההוא יחבט יהוה משבלת הנהר עדנחל מצרים ואתם תלקטו לאחד אחד בני ישראל&nbsp;<span class=""mam-spi-pe"">{פ}</span><br>","And in that day, GOD will beat out [the peoples like grain] from the channel of the Euphrates to the Wadi of Egypt; and you shall be picked up one by one, O children of Israel!",Ninguno
Isaiah,27,13,"והיה&thinsp;<b></b> ביום ההוא יתקע בשופר גדול ובאו האבדים בארץ אשור והנדחים בארץ מצרים והשתחוו ליהוה בהר הקדש בירושל͏ם&nbsp;<span class=""mam-spi-pe"">{פ}</span><br>","And in that day, a great ram’s horn shall be sounded; and the strayed who are in the land of Assyria and the expelled who are in the land of Egypt shall come and worship GOD on the holy mount, in Jerusalem.",Ninguno
Isaiah,28,1,הוי עטרת גאות שכרי אפרים וציץ נבל צבי תפארתו אשר עלראש גיאשמנים הלומי יין,"Ah, the proud crowns of the drunkards of Ephraim,Whose glorious beauty is but wilted flowersOn the heads of those bloatedabloated Ge is contracted from geʼe; cf. Ibn Ezra. with rich food,Who are overcome by wine!",Ninguno
Isaiah,28,2,הנה חזק ואמץ לאדני כזרם ברד שער קטב כזרם מים כבירים שטפים הניח לארץ ביד,"Lo, my Sovereign has something strong and mighty,Like a storm of hail,A shower of pestilence.Something like a storm of massive, torrential rainbrain Lit. “water.” Shall be hurled with force to the ground.",Ninguno
Isaiah,28,3,ברגלים תרמסנה עטרת גאות שכורי אפרים,"Trampled underfoot shall beThe proud crowns of the drunkards of Ephraim,",Ninguno
Isaiah,28,4,"והיתה ציצת נבל צבי תפארתו אשר עלראש גיא שמנים כבכורה בטרם קיץ אשר יראה הראה אותה בעודה בכפו יבלענה&nbsp;<span class=""mam-spi-samekh"">{ס}</span>&nbsp;&nbsp;&nbsp;&nbsp;&nbsp;&nbsp;&nbsp;&nbsp;",The wilted flowers—On the heads of those bloatedcbloated See note at v. 1. with rich food—That are his glorious beauty.They shall be like an early figBefore the fruit harvest;Whoever sees it devours itWhile it is still in his hand.din his hand Emendation yields “on the bough.” ,Ninguno
Isaiah,28,5,ביום ההוא יהיה יהוה צבאות לעטרת צבי ולצפירת תפארה לשאר עמו,"In that day, GOD of Hosts shall become a crown of beauty and a diadem of glory for the remnant of this people, ",Ninguno
Isaiah,28,6,"ולרוח משפט ליושב עלהמשפט ולגבורה משיבי מלחמה שערה&nbsp;<span class=""mam-spi-samekh"">{ס}</span>&nbsp;&nbsp;&nbsp;&nbsp;&nbsp;&nbsp;&nbsp;&nbsp;",and a spirit of judgment for the one who sits in judgment and of valor for those who repel attacks at the gate.,Ninguno
Isaiah,28,7,וגםאלה ביין שגו ובשכר תעו כהן ונביא שגו בשכר נבלעו מןהיין תעו מןהשכר שגו בראה פקו פליליה,"But these are also muddled by wineAnd dazed by liquor:Priest and prophetAre muddled by liquor;They are confused by wine,They are dazed by liquor;They are muddled in their visions,They stumble in judgment.",Ninguno
Isaiah,28,8,"כי כלשלחנות מלאו קיא צאה בלי מקום&nbsp;<span class=""mam-spi-pe"">{פ}</span><br>","Yea, all tables are coveredWith vomit and filth,So that no space is left.",Ninguno
Isaiah,28,9,אתמי יורה דעה ואתמי יבין שמועה גמולי מחלב עתיקי משדים,"eThis is the drunkards’ reaction to Isaiah’s reproof. “To whom would he give instruction?To whom expound a message?To those newly weaned from milk,Just taken away from the breast?",Separación (Beyn)
Isaiah,28,10,כי צו לצו צו לצו קו לקו קו לקו זעיר שם זעיר שם,"That same mutter upon mutter,Murmur upon murmur,Now here, now there!”",Ninguno
Isaiah,28,11,כי בלעגי שפה ובלשון אחרת ידבר אלהעם הזה,"Truly, as one who speaks to that people in a stammering jargon and an alien tongue ",Ninguno
Isaiah,28,12,אשר&thinsp;<b></b> אמר אליהם זאת המנוחה הניחו לעיף וזאת המרגעה ולא אבוא שמוע,"is he who declares to them, “This is the resting place, let the weary rest;flet the weary rest I.e., do not embark on any political adventure at this time. this is the place of repose.” They refuse to listen. ",Ninguno
Isaiah,28,13,"והיה להם דבריהוה צו לצו צו לצו קו לקו קו לקו זעיר שם זעיר שם למען ילכו וכשלו אחור ונשברו ונוקשו ונלכדו&nbsp;<span class=""mam-spi-pe"">{פ}</span><br>","To them the word of GOD is:“Mutter upon mutter,Murmur upon murmur,Now here, now there.”And so they will march,gmarch I.e., embark on the political adventure. But they shall fall backward,And be injured and snared and captured.",Ninguno
Isaiah,28,14,לכן שמעו דבריהוה אנשי לצון משלי העם הזה אשר בירושל͏ם,"Hear now the word of  GOD,You scoffers,Who govern that peoplehWho govern that people Or “composers of taunt-verses for that people.” In Jerusalem!",Ninguno
Isaiah,28,15,"כי אמרתם כרתנו ברית אתמות ועםשאול עשינו חזה <span class=""mam-kq""><span class=""mam-kq-k"">(שיט)</span> <span class=""mam-kq-q"">[שוט]</span></span> שוטף כי<span class=""mam-kq""><span class=""mam-kq-q"">[יעבר]</span> <span class=""mam-kq-k"">(עבר)</span></span> לא יבואנו כי שמנו כזב מחסנו ובשקר נסתרנו&nbsp;<span class=""mam-spi-pe"">{פ}</span><br>","For you have said,“We have made a covenant with Death,Concluded a pact with Sheol.When the sweeping flood passes through,It shall not reach us;For we have made falsehood our refuge,Taken shelter in treachery.”",Ninguno
Isaiah,28,16,לכן כה אמר אדני יהוה הנני יסד בציון אבן אבן בחן פנת יקרת מוסד מוסד המאמין לא יחיש,"Assuredly,Thus said the Sovereign  GOD:“Behold, I will found in Zion,Stone by stone,A tower of precious cornerstones,iA tower of precious cornerstones Meaning of Heb. uncertain. Exceedingly firm;One who trusts need not fear.",Ninguno
Isaiah,28,17,"ושמתי משפט לקו וצדקה למשקלת ויעה ברד מחסה כזב וסתר מים ישטפו&nbsp;<span class=""mam-spi-samekh"">{ס}</span>&nbsp;&nbsp;&nbsp;&nbsp;&nbsp;&nbsp;&nbsp;&nbsp;","But I will apply judgment as a measuring lineAnd retributionjretribution As in 1.27; 5.16; 10.22. as weights;kI will apply … as weights I.e., I will make judgment and retribution My plan of action; cf. 34.11; 2 Kings 21.13. Hail shall sweep away the refuge of falsehood,And flood-waters engulf your shelter.",Ninguno
Isaiah,28,18,וכפר בריתכם אתמות וחזותכם אתשאול לא תקום שוט שוטף כי יעבר והייתם לו למרמס,"Your covenant with Death shall be annulled,Your pact with Sheol shall not endure;When the sweeping flood passes through,You shall be its victims.",Ninguno
Isaiah,28,19,מדי עברו יקח אתכם כיבבקר בבקר יעבר ביום ובלילה והיה רקזועה הבין שמועה,"It shall catch youEvery time it passes through;It shall pass through every morning,Every day and every night.And it shall be sheer horrorTo grasp the message.”",Separación (Beyn)
Isaiah,28,20,כיקצר המצע מהשתרע והמסכה צרה כהתכנס,"The couch is too short for stretching out,And the cover too narrow for curling up!",Ninguno
Isaiah,28,21,כי כהרפרצים יקום יהוה כעמק בגבעון ירגז לעשות מעשהו זר מעשהו ולעבד עבדתו נכריה עבדתו,"For  GOD will ariseAs on the hill of Perazim;[God] will be rousedAs in the vale of Gibeon,To do godly work—Strange is this work!And to perform God’s task—Astounding is this task!lStrange is … God’s task Instead of giving victory, as at Baal-perazim and Gibeon (cf. 2 Sam. 5.19–25; 1 Chron. 14.9–16), God will inflict punishment. ",Ninguno
Isaiah,28,22,"ועתה אלתתלוצצו פןיחזקו מוסריכם כיכלה ונחרצה שמעתי מאת אדני יהוה צבאות עלכלהארץ&nbsp;<span class=""mam-spi-pe"">{פ}</span><br>","Therefore, refrain from mockery,Lest your bonds be tightened.For I have heard a decree of destructionFrom my Sovereign  GOD of HostsAgainst all the land.",Ninguno
Isaiah,28,23,האזינו ושמעו קולי הקשיבו ושמעו אמרתי,"Give diligent ear to my words,Attend carefully to what I say.",Ninguno
Isaiah,28,24,הכל היום יחרש החרש לזרע יפתח וישדד אדמתו,"Do those who plow to sowPlow all the time,Breaking up and furrowing their land?",Ninguno
Isaiah,28,25,הלוא אםשוה פניה והפיץ קצח וכמן יזרק ושם חטה שורה ושערה נסמן וכסמת גבלתו,"When they have smoothed its surface,Do they not rather broadcast black cuminAnd scatter cumin,Or set wheat in a row,mset wheat in a row In some Near Eastern countries, wheat is actually planted rather than scattered. Barley in a strip,And emmer in a patch?",Ninguno
Isaiah,28,26,ויסרו למשפט אלהיו יורנו,"For they are taught the right manner,Their God instructs them.",Ninguno
Isaiah,28,27,כי לא בחרוץ יודש קצח ואופן עגלה עלכמן יוסב כי במטה יחבט קצח וכמן בשבט,"So, too, black cumin is not threshed with a threshing board,Nor is the wheel of a threshing sledge rolled over cumin;But black cumin is beaten out with a stickAnd cumin with a rod.",Ninguno
Isaiah,28,28,לחם יודק כי לא לנצח אדוש ידושנו והמם גלגל עגלתו ופרשיו לא ידקנו,"It is cereal that is crushed.ncrushed Emendation yields “threshed.” For even ifoeven if Taking loʼ as equivalent to lu. it is threshed thoroughly,And overwhelmed by the wheel of a sledge and horses,poverwhelmed … horses Meaning of Heb. uncertain. It will not be crushed.",Ninguno
Isaiah,28,29,"גםזאת מעם יהוה צבאות יצאה הפלא עצה הגדיל תושיה&nbsp;<span class=""mam-spi-pe"">{פ}</span><br>","That, too, is ordered by  GOD of Hosts—Whose counsel is unfathomable,And whose wisdom is marvelous.",Ninguno
Isaiah,29,1,הוי אריאל אריאל קרית חנה דוד ספו שנה עלשנה חגים ינקפו,"“Ah, Ariel,aAriel A poetic name of Jerusalem; cf. 33.7. Ariel,City where David camped!Add year to year,Let festivals come in their cycles!",Ninguno
Isaiah,29,2,והציקותי לאריאל והיתה תאניה ואניה והיתה לי כאריאל,"And I will harass Ariel,And there shall be sorrow and sighing.She shall be to Me like Ariel.bShe shall be to Me like Ariel Meaning of Heb. uncertain. ",Ninguno
Isaiah,29,3,וחניתי כדור עליך וצרתי עליך מצב והקימתי עליך מצרת,"And I will camp against you round about;cround about Meaning of Heb. uncertain. Septuagint reads “like David”; cf. v. 1. I will lay siege to you with a mound,dwith a mound Meaning of Heb. uncertain. And I will set up siegeworks against you.",Ninguno
Isaiah,29,4,ושפלת מארץ תדברי ומעפר תשח אמרתך והיה כאוב מארץ קולך ומעפר אמרתך תצפצף,"And you shall speak from lower than the ground,Your speech shall be humbler than the sod;Your speech shall sound like a ghost’s from the ground,Your voice shall chirp from the sod.",Ninguno
Isaiah,29,5,והיה כאבק דק המון זריך וכמץ עבר המון עריצים והיה לפתע פתאם,"And like fine dust shall beThe multitude of your strangers;eyour strangers Manuscript 1QIsᵃ reads “those insolent toward you.” And like flying chaff,The multitude of tyrants.”And suddenly, in an instant,",Ninguno
Isaiah,29,6,מעם יהוה צבאות תפקד ברעם וברעש וקול גדול סופה וסערה ולהב אש אוכלה,"She shall be remembered of  GOD of HostsWith roaring, and shaking, and deafening noise,Storm, and tempest, and blaze of consuming fire.",Ninguno
Isaiah,29,7,והיה כחלום חזון לילה המון כלהגוים הצבאים עלאריאל וכלצביה ומצדתה והמציקים לה,"Then, like a dream, a vision of the night,Shall be the multitude of nationsThat war upon Ariel,And all her besiegers, and the siegeworks against her,And those who harass her.",Ninguno
Isaiah,29,8,"והיה כאשר יחלם הרעב והנה אוכל והקיץ וריקה נפשו וכאשר יחלם הצמא והנה שתה והקיץ והנה עיף ונפשו שוקקה כן יהיה המון כלהגוים הצבאים עלהר ציון&nbsp;<span class=""mam-spi-pe"">{פ}</span><br>","Like someone hungry who dreams of eating,But wakes up still hungry;And like someone thirsty who dreams of drinking,But wakes faintAnd utterly parched—So shall be all the multitude of nationsThat war upon Mount Zion.",Ninguno
Isaiah,29,9,התמהמהו ותמהו השתעשעו ושעו שכרו ולאיין נעו ולא שכר,"Act stupid and be stupefied!Act blind and be blinded!(They are drunk, but not from wine,They stagger, but not from liquor.)",Ninguno
Isaiah,29,10,כינסך עליכם יהוה רוח תרדמה ויעצם אתעיניכם אתהנביאים ואתראשיכם החזים כסה,"For  GOD has spread over youA spirit of deep sleep,And has shut your eyes, the prophets,And covered your heads, the seers;",Ninguno
Isaiah,29,11,"ותהי לכם חזות הכל כדברי הספר החתום אשריתנו אתו אליודע <span class=""mam-kq""><span class=""mam-kq-k"">(הספר)</span> <span class=""mam-kq-q"">[ספר]</span></span> לאמר קרא נאזה ואמר לא אוכל כי חתום הוא","So that all prophecy has been to youLike the words of a sealed document.If it is handed to one who can read with a request to read it, the response will be, “I can’t, because it is sealed”; ",Ninguno
Isaiah,29,12,"ונתן הספר על אשר לאידע ספר לאמר קרא נאזה ואמר לא ידעתי ספר&nbsp;<span class=""mam-spi-samekh"">{ס}</span>&nbsp;&nbsp;&nbsp;&nbsp;&nbsp;&nbsp;&nbsp;&nbsp;","and if the document is handed with the same request to one who cannot read, the response will be, “I can’t read.”",Percepción (Yada)
Isaiah,29,13,ויאמר אדני יען כי נגש העם הזה בפיו ובשפתיו כבדוני ולבו רחק ממני ותהי יראתם אתי מצות אנשים מלמדה,"My Sovereign said:Because that people has approached [Me] with its mouthAnd honored Me with its lips,But has kept its heart far from Me,And its worship of Me has beenA social obligation,fsocial obligation Lit. “commandment of men.” learned by rote—",Ninguno
Isaiah,29,14,"לכן הנני יוסף להפליא אתהעםהזה הפלא ופלא ואבדה חכמת חכמיו ובינת נבניו תסתתר&nbsp;<span class=""mam-spi-samekh"">{ס}</span>&nbsp;&nbsp;&nbsp;&nbsp;&nbsp;&nbsp;&nbsp;&nbsp;","Truly, I shall further baffle that peopleWith bafflement upon bafflement;And the wisdom of its wise shall fail,And the prudence of its prudent shall vanish.",Ninguno
Isaiah,29,15,הוי המעמיקים מיהוה לסתר עצה והיה במחשך מעשיהם ויאמרו מי ראנו ומי ידענו,"Ha! Those who would hide their plansDeep from  GOD!Who do their work in dark placesAnd say, “Who sees us, who takes note of us?”",Percepción (Yada)
Isaiah,29,16,הפככם אםכחמר היצר יחשב כייאמר מעשה לעשהו לא עשני ויצר אמר ליצרו לא הבין,"How perverse of you!Should the potter be accounted as the clay?gHow perverse of you! / Should the potter be accounted as the clay? Meaning of first line uncertain; emendation yields “Should the potter be accounted / Like the jugs or like the clay?” Should what is made say of its Maker,“This One did not make me,”And what is formed say of the One who formed it,“That One did not understand”?hThat One did not understand Emendation yields “That One did not fashion me.” ",Separación (Beyn)
Isaiah,29,17,הלואעוד מעט מזער ושב לבנון לכרמל והכרמל ליער יחשב,"Surely, in a little while,Lebanon will be transformed into farmland,And farmland accounted as mere brush.",Ninguno
Isaiah,29,18,ושמעו ביוםההוא החרשים דבריספר ומאפל ומחשך עיני עורים תראינה,"In that day, the deaf shall hear even written words,And the eyes of the blind shall seeEven in darkness and obscurity.",Ninguno
Isaiah,29,19,ויספו ענוים ביהוה שמחה ואביוני אדם בקדוש ישראל יגילו,"Then the humble shall have increasing joy through  GOD,And the neediest of people shall exultIn the Holy One of Israel.",Ninguno
Isaiah,29,20,כיאפס עריץ וכלה לץ ונכרתו כלשקדי און,"For the tyrant shall be no more,The scoffer shall cease to be;And those diligent for evil shall be wiped out,",Ninguno
Isaiah,29,21,"מחטיאי אדם בדבר ולמוכיח בשער יקשון ויטו בתהו צדיק&nbsp;<span class=""mam-spi-pe"">{פ}</span><br>","Who cause people to lose their lawsuits,Laying a snare for the arbiter at the gate,And wronging by falsehoodOne who was in the right.",Ninguno
Isaiah,29,22,לכן כהאמר יהוה אלבית יעקב אשר פדה אתאברהם לאעתה יבוש יעקב ולא עתה פניו יחורו,"Assuredly, thus said GOD to the House of Jacob, Who redeemed Abraham:iWho redeemed Abraham Emendation yields “Whose fathers were redeemed.” No more shall Jacob be shamed,No longer his face grow pale.",Ninguno
Isaiah,29,23,כי בראתו ילדיו מעשה ידי בקרבו יקדישו שמי והקדישו אתקדוש יעקב ואתאלהי ישראל יעריצו,"For when he—that is, his progeny—behold what My hands have wrought in his midst, they will hallow My name.They will hallow the Holy One of JacobAnd stand in awe of the God of Israel.",Ninguno
Isaiah,29,24,"וידעו תעירוח בינה ורוגנים ילמדולקח&nbsp;<span class=""mam-spi-samekh"">{ס}</span>&nbsp;&nbsp;&nbsp;&nbsp;&nbsp;&nbsp;&nbsp;&nbsp;",And the confused shall acquire insightAnd grumblers accept instruction.,Percepción (Yada)
Isaiah,30,1,הוי בנים סוררים נאםיהוה לעשות עצה ולא מני ולנסך מסכה ולא רוחי למען ספות חטאת עלחטאת,"Oh, disloyal children!—declares  GOD—Making plansAgainst My wishes,Weaving schemesAgainst My will,Thereby pilingGuilt on guilt—",Ninguno
Isaiah,30,2,ההלכים לרדת מצרים ופי לא שאלו לעוז במעוז פרעה ולחסות בצל מצרים,"Who set out to go down to EgyptWithout asking Me,To seek refuge with Pharaoh,To seek shelter under the protection of Egypt.",Ninguno
Isaiah,30,3,והיה לכם מעוז פרעה לבשת והחסות בצלמצרים לכלמה,"The refuge with Pharaoh shall result in your shame;The shelter under Egypt’s protection, in your chagrin.",Ninguno
Isaiah,30,4,כיהיו בצען שריו ומלאכיו חנס יגיעו,"Though his officers are present in Zoan,aZoan Or “Tanis.” And his messengersbmessengers Emendation yields “kings”; cf. 19.2 with note. reach as far as Hanes,",Ninguno
Isaiah,30,5,"כל הבאיש עלעם לאיועילו למו לא לעזר ולא להועיל כי לבשת וגםלחרפה&nbsp;<span class=""mam-spi-samekh"">{ס}</span>&nbsp;&nbsp;&nbsp;&nbsp;&nbsp;&nbsp;&nbsp;&nbsp;","They all shall come to shameBecause of a people that does not avail them,That is of no help or avail,But [brings] only chagrin and disgrace.",Ninguno
Isaiah,30,6,משא בהמות נגב בארץ צרה וצוקה לביא וליש מהם אפעה ושרף מעופף ישאו עלכתף עירים חילהם ועלדבשת גמלים אוצרתם עלעם לא יועילו,"The “Beasts of the Negeb” Pronouncement.ThroughcThe “Beasts of the Negeb” Pronouncement. / Through Meaning of Heb. uncertain; emendation yields “Through the wasteland of the Negeb / Through…” a land of distress and hardship,Of lion and roaringdroaring Meaning of Heb. uncertain. king-beast,Of viper and flying  seraph,eseraph See note at 14.29. They convey their wealth on the backs of donkeys,Their treasures on camels’ humps,To a people of no avail.",Ninguno
Isaiah,30,7,ומצרים הבל וריק יעזרו לכן קראתי לזאת רהב הם שבת,"For the help of EgyptShall be vain and empty.Truly, I call this,“They are a threat that has ceased.”fThey are a threat that has ceased Meaning of Heb. uncertain. Emendation yields “Disgrace and chagrin”; cf. v. 5. ",Ninguno
Isaiah,30,8,עתה בוא כתבה עללוח אתם ועלספר חקה ותהי ליום אחרון לעד עדעולם,"Now,Go, write it down on a tabletAnd inscribe it in a record,That it may be with them for future days,A witnessgwitness Understanding ʻad, with Targum, as a variant of ʻed. forever.",Ninguno
Isaiah,30,9,כי עם מרי הוא בנים כחשים בנים לאאבו שמוע תורת יהוה,"For it is a rebellious people,Faithless children,Children who refused to heedGOD’s instruction;",Ninguno
Isaiah,30,10,אשר אמרו לראים לא תראו ולחזים לא תחזולנו נכחות דברולנו חלקות חזו מהתלות,"Who said to the seers,“Do not see,”To the prophets, “Do not prophesy truth to us;Speak to us falsehoods,Prophesy delusions.",Ninguno
Isaiah,30,11,"סורו מנידרך הטו מניארח השביתו מפנינו אתקדוש ישראל&nbsp;<span class=""mam-spi-samekh"">{ס}</span>&nbsp;&nbsp;&nbsp;&nbsp;&nbsp;&nbsp;&nbsp;&nbsp;",Leave the way!Get off the path!Let us hear no moreAbout the Holy One of Israel!”,Ninguno
Isaiah,30,12,לכן כה אמר קדוש ישראל יען מאסכם בדבר הזה ותבטחו בעשק ונלוז ותשענו עליו,"Assuredly,Thus said the Holy One of Israel:Because you have rejected this word,And have put your trust and relianceIn that which is fraudulent and tortuous—",Ninguno
Isaiah,30,13,לכן יהיה לכם העון הזה כפרץ נפל נבעה בחומה נשגבה אשרפתאם לפתע יבוא שברה,"Of a surety,This iniquity shall work on youLike a spreading breach that occurs in a lofty wall,Whose crash comes sudden and swift.",Ninguno
Isaiah,30,14,"ושברה כשבר נבל יוצרים כתות לא יחמל ולאימצא במכתתו חרש לחתות אש מיקוד ולחשף מים מגבא&nbsp;<span class=""mam-spi-samekh"">{ס}</span>&nbsp;&nbsp;&nbsp;&nbsp;&nbsp;&nbsp;&nbsp;&nbsp;","It is smashed as one smashes an earthen jug,Ruthlessly shatteredSo that no shard is left in its breakageTo scoop coals from a brazier,Or ladle water from a puddle.",Ninguno
Isaiah,30,15,כי כהאמר אדני יהוה קדוש ישראל בשובה ונחת תושעון בהשקט ובבטחה תהיה גבורתכם ולא אביתם,"For thus said my Sovereign  GOD,The Holy One of Israel,“You shall triumph by stillness and quiet;Your victory shall come aboutThrough calm and confidence.”But you refused.",Ninguno
Isaiah,30,16,ותאמרו לאכי עלסוס ננוס עלכן תנוסון ועלקל נרכב עלכן יקלו רדפיכם,"“No,” you declared.“We shall flee on steeds”—Therefore you shall flee!“We shall ride on swift mounts”—Therefore your pursuers shall prove swift!",Ninguno
Isaiah,30,17,אלף אחד מפני גערת אחד מפני גערת חמשה תנסו עד אםנותרתם כתרן עלראש ההר וכנס עלהגבעה,"One thousand before the shout of one—You shall flee at the shout of five;Till what is left of youIs like a mast on a hilltop,Like a pole upon a mountain.",Ninguno
Isaiah,30,18,"ולכן יחכה יהוה לחננכם ולכן ירום לרחמכם כיאלהי משפט יהוה אשרי כלחוכי לו&nbsp;<span class=""mam-spi-pe"">{פ}</span><br>","Truly,  GOD is waiting to show you grace,Truly, to arise and pardon you.For  GOD is a God of justice;Happy are all who wait, in turn.hin turn Lit. “for Him.” ",Ninguno
Isaiah,30,19,כיעם בציון ישב בירושל͏ם בכו לאתבכה חנון יחנך לקול זעקך כשמעתו ענך,"Indeed, O people in Zion, dwellers of Jerusalem, you shall not have cause to weep. Divine favor will be granted at the sound of your cry; upon hearing it, [God] will respond. ",Ninguno
Isaiah,30,20,ונתן לכם אדני לחם צר ומים לחץ ולאיכנף עוד מוריך והיו עיניך ראות אתמוריך,"My Sovereign will provide for you meager bread and scant water. Then your Guide will no more be ignored,ibe ignored Meaning of Heb. uncertain. but your eyes will watch your Guide; ",Ninguno
Isaiah,30,21,ואזניך תשמענה דבר מאחריך לאמר זה הדרך לכו בו כי תאמינו וכי תשמאילו,"and, whenever you deviate to the right or to the left, your ears will heed the command from behind you: “This is the road; follow it!” ",Ninguno
Isaiah,30,22,וטמאתם אתצפוי פסילי כספך ואתאפדת מסכת זהבך תזרם כמו דוה צא תאמר לו,And you will treat as impure the silver overlay of your images and the golden plating of your idols. You will castjcast Change of vocalization yields “keep.” them away like a menstruous woman. “Out!” you will call to them.,Ninguno
Isaiah,30,23,ונתן מטר זרעך אשרתזרע אתהאדמה ולחם תבואת האדמה והיה דשן ושמן ירעה מקניך ביום ההוא כר נרחב,"So rain shall be provided for the seed with which you sow the ground, and the bread that the ground brings forth shall be rich and fat. Your livestock, in that day, shall graze in broad pastures; ",Ninguno
Isaiah,30,24,והאלפים והעירים עבדי האדמה בליל חמיץ יאכלו אשרזרה ברחת ובמזרה,"as for the cattle and the donkeys that till the soil, they shall partake of salted fodder that has been winnowed with shovel and fan.",Ninguno
Isaiah,30,25,והיה&thinsp;<b></b> עלכלהר גבה ועל כלגבעה נשאה פלגים יבלימים ביום הרג רב בנפל מגדלים,"And on every high mountain and on every lofty hill, there shall appear brooks and watercourses—on a day of heavy slaughter, when towers topple. ",Ninguno
Isaiah,30,26,"והיה אורהלבנה כאור החמה ואור החמה יהיה שבעתים כאור שבעת הימים ביום חבש יהוה אתשבר עמו ומחץ מכתו ירפא&nbsp;<span class=""mam-spi-pe"">{פ}</span><br>","And the light of the moon shall become like the light of the sun, and the light of the sun shall become sevenfold, like the light of the seven days, when GOD binds up the wounds of this people and heals the injuries it has suffered.",Ninguno
Isaiah,30,27,הנה שםיהוה בא ממרחק בער אפו וכבד משאה שפתיו מלאו זעם ולשונו כאש אכלת,"Behold  GOD’s eminent mightkeminent might Lit. “name.” Cf. Ps. 20.2; 54.3; Rashi, Luzzatto. Comes from afarIn blazing wrath,With a heavy burdenlWith a heavy burden Presumably with a heavy load of punishment. Meaning of Heb. uncertain.—With lips full of fury,With tongue like devouring fire,",Ninguno
Isaiah,30,28,ורוחו כנחל שוטף עדצואר יחצה להנפה גוים בנפת שוא ורסן מתעה על לחיי עמים,And breath like a raging torrentReaching halfway up the neck—To set a misguiding yokemyoke Interpreting naphath like Arabic nāf; meaning of line uncertain. upon nationsAnd a misleading bridle upon the jaws of peoples.,Ninguno
Isaiah,30,29,השיר יהיה לכם כליל התקדשחג ושמחת לבב כהולך בחליל לבוא בהריהוה אלצור ישראל,"For you, there shall be singingAs on a night when a festival is hallowed;There shall be rejoicing as when they marchWith flute, with hand-drums, and with lyresnwith hand-drums, and with lyres Moved up from v. 32 for clarity. To the Rock of Israel on the Mount of  GOD.",Ninguno
Isaiah,30,30,והשמיע יהוה אתהוד קולו ונחת זרועו יראה בזעף אף ולהב אש אוכלה נפץ וזרם ואבן ברד,"For  GOD will project a majestic voiceAnd display the sweep of an armIn raging wrath,In a devouring blaze of fire,In tempest, and rainstorm, and hailstones.",Ninguno
Isaiah,30,31,כימקול יהוה יחת אשור בשבט יכה,"Truly, Assyria, who beats with the rod,Shall be cowed by  GOD’s voice;",Ninguno
Isaiah,30,32,"והיה כל מעבר מטה מוסדה אשר יניח יהוה עליו בתפים ובכנרות ובמלחמות תנופה נלחם<span class=""mam-kq""><span class=""mam-kq-q"">[בם]</span> <span class=""mam-kq-k"">(בה)</span></span>","oMeaning of verse uncertain. And each time the appointed staff passes by,  GOD   will bring down [an arm] upon himAnd will do battle with him as he waves it.",Ninguno
Isaiah,30,33,"כיערוך מאתמול תפתה גם<span class=""mam-kq""><span class=""mam-kq-q"">[היא]</span> <span class=""mam-kq-k"">(הוא)</span></span> למלך הוכן העמיק הרחב מדרתה אש ועצים הרבה נשמת יהוה כנחל גפרית בערה בה&nbsp;<span class=""mam-spi-pe"">{פ}</span><br>","The TophethpTopheth A site near Jerusalem at which human beings were sacrificed by fire in periods of paganizing; see 2 Kings 23.10. has long been ready for him;He too is destined for MelechqMelech Cf. Molech, Lev. 18.21; 20.2–5.—His firepit has been made both wide and deep,With plenty of fire and firewood,And with  GOD’s breath Burning in it like a stream of sulfur.",Ninguno
Isaiah,31,1,הוי הירדים מצרים לעזרה עלסוסים ישענו ויבטחו עלרכב כי רב ועל פרשים כיעצמו מאד ולא שעו עלקדוש ישראל ואתיהוה לא דרשו,"Ha!Those who go down to Egypt for helpAnd rely upon horses!They have put their trust in abundance of chariots,In vast numbers of riders,And they have not turned to the Holy One of Israel,They have not sought  GOD.",Ninguno
Isaiah,31,2,וגםהוא חכם ויבא רע ואתדבריו לא הסיר וקם עלבית מרעים ועלעזרת פעלי און,"But [God] too is wise—Bringing on misfortuneAnd not canceling prior pronouncements.[God] shall rise against the house of evildoers,And the alliesaallies Lit. “help.” of the workers of iniquity.",Ninguno
Isaiah,31,3,"ומצרים אדם ולאאל וסוסיהם בשר ולארוח ויהוה יטה ידו וכשל עוזר ונפל עזר ויחדו כלם יכליון&nbsp;<span class=""mam-spi-samekh"">{ס}</span>&nbsp;&nbsp;&nbsp;&nbsp;&nbsp;&nbsp;&nbsp;&nbsp;","For the Egyptians are human, not God,And their horses are flesh, not spirit;And when  GOD stretches out an arm,The helper shall tripAnd the helped one shall fall,And both shall perish together.",Ninguno
Isaiah,31,4,כי כה אמריהוה&thinsp;<small></small>&thinsp;אלי כאשר יהגה האריה והכפיר עלטרפו אשר יקרא עליו מלא רעים מקולם לא יחת ומהמונם לא יענה כן ירד יהוה צבאות לצבא עלהרציון ועלגבעתה,"For thus  GOD has said to me:As a lion—a great beast—Growls over its preyAnd, when the shepherds gatherIn force against it,Is not dismayed by their criesNor cowed by their noise—So  GOD of Hosts will descend to make warAgainst the mount and the hill of Zion.",Ninguno
Isaiah,31,5,כצפרים עפות כן יגן יהוה צבאות עלירושל͏ם גנון והציל פסח והמליט,"Like the birds that fly, even so will GOD of Hosts shield Jerusalem, shielding and saving, protecting and rescuing.",Ninguno
Isaiah,31,6,שובו לאשר העמיקו סרה בני ישראל,"Return, O children of Israel,bReturn, O children of Israel Emendation yields “Then the children of Israel shall return.” to the One to whom they have been so shamefully false; ",Ninguno
Isaiah,31,7,כי ביום ההוא ימאסון איש אלילי כספו ואלילי זהבו אשר עשו לכם ידיכם חטא,"for in that day everyone will reject their idols of silver and idols of gold, which your hands have made for your guilt.",Ninguno
Isaiah,31,8,ונפל אשור בחרב לאאיש וחרב לאאדם תאכלנו ונס לו מפניחרב ובחוריו למס יהיו,"Then Assyria shall fall,Not by the sword of mortals;A sword not of humans shall devour him.He shall shrivelcshrivel From root nss; cf. 10.18; in contrast to others “flee.” before the sword,And his young men pine away.dpine away From root mss; cf. 10.18; in contrast to others “become tributary.” ",Ninguno
Isaiah,31,9,"וסלעו ממגור יעבור וחתו מנס שריו נאםיהוה אשראור לו בציון ותנור לו בירושל͏ם&nbsp;<span class=""mam-spi-pe"">{פ}</span><br>","His rock shall melt with terror,And his officers shall collapse from weaknessecollapse from weakness Cf. first note at v. 8; meaning of Heb. uncertain.—Declares  GOD, who has a fire in Zion,Who has an oven in Jerusalem.fJerusalem Cf. 30.33. ",Ninguno
Isaiah,32,1,הן לצדק ימלךמלך ולשרים למשפט ישרו,"Behold, a king shall reign in righteousness,And ministers shall govern with justice;",Ninguno
Isaiah,32,2,והיהאיש כמחבארוח וסתר זרם כפלגימים בציון כצל סלעכבד בארץ עיפה,"Every one of them shall beLike a refuge from gales,A shelter from rainstorms—Or like brooks of water in a desert,Like the shade of a massive rockIn a languishing land.",Ninguno
Isaiah,32,3,ולא תשעינה עיני ראים ואזני שמעים תקשבנה,"Then the eyes of those who have sight shall not be sealed,And the ears of those who have hearing shall listen;",Ninguno
Isaiah,32,4,ולבב נמהרים יבין לדעת ולשון עלגים תמהר לדבר צחות,"And the minds of the thoughtless shall attend and note,And the tongues of mumblers shall speak with fluent eloquence.",Separación (Beyn)
Isaiah,32,5,לאיקרא עוד לנבל נדיב ולכילי לא יאמר שוע,"No more shall a villain be called noble,Nor shall “honorable” be said of a knave.",Ninguno
Isaiah,32,6,כי נבל נבלה ידבר ולבו יעשהאון לעשות חנף ולדבר אליהוה תועה להריק נפש רעב ומשקה צמא יחסיר,For the villains speak villainyAnd plot treachery;To act impiouslyAnd to preach disloyalty against  GOD;To leave the hungry unsatisfiedAnd deprive the thirsty of drink.,Ninguno
Isaiah,32,7,"וכלי כליו רעים הוא זמות יעץ לחבל <span class=""mam-kq""><span class=""mam-kq-k"">(ענוים)</span> <span class=""mam-kq-q"">[עניים]</span></span> באמרישקר ובדבר אביון משפט","As for the knaves, their tools are knavish.They forge plotsTo destroy the poor with falsehoodsAnd the needy when they plead their cause.",Ninguno
Isaiah,32,8,"ונדיב נדיבות יעץ והוא עלנדיבות יקום&nbsp;<span class=""mam-spi-samekh"">{ס}</span>&nbsp;&nbsp;&nbsp;&nbsp;&nbsp;&nbsp;&nbsp;&nbsp;",But the noble have noble intentionsAnd are constant in noble acts.,Ninguno
Isaiah,32,9,נשים שאננות קמנה שמענה קולי בנות בטחות האזנה אמרתי,"You carefree women,Attend, hear my words!You confident ladies,Give ear to my speech!",Ninguno
Isaiah,32,10,ימים עלשנה תרגזנה בטחות כי כלה בציר אסף בלי יבוא,"In little more than a year,aIn little more than a year Meaning of Heb. uncertain. You shall be troubled, O confident ones,When the vintage is overAnd no ingathering takes place.",Ninguno
Isaiah,32,11,חרדו שאננות רגזה בטחות פשטה וערה וחגורה עלחלצים,"Tremble, you carefree ones!Quake, O confident ones!Strip yourselves naked,Put the cloth about your loins!",Ninguno
Isaiah,32,12,עלשדים ספדים עלשדיחמד עלגפן פריה,"Lament upon the breasts,bupon the breasts Emendation yields “for the fields.” For the pleasant fields,For the spreading grapevines,",Ninguno
Isaiah,32,13,על אדמת עמי קוץ שמיר תעלה כי עלכלבתי משוש קריה עליזה,"For my people’s soil—It shall be overgrown with briers and thistles—Aye, and for all the houses of delight,For the city of mirth.",Ninguno
Isaiah,32,14,כיארמון נטש המון עיר עזב עפל ובחן היה בעד מערות עדעולם משוש פראים מרעה עדרים,"For the castle shall be abandoned,The noisy city forsaken;Citadel and tower shall becomeBare placescBare places Meaning of Heb. uncertain; emendation yields “Brushland, desert.” forever,A stamping ground for wild asses,A pasture for flocksdflocks Emendation yields “onagers”; cf. Job 39.5.—",Ninguno
Isaiah,32,15,"עדיערה עלינו רוח ממרום והיה מדבר לכרמל <span class=""mam-kq""><span class=""mam-kq-k"">(וכרמל)</span> <span class=""mam-kq-q"">[והכרמל]</span></span> ליער יחשב","Till a spirit from on high is poured out on us,And wilderness is transformed into farmland,While farmland rates as mere brush.efarmland rates as mere brush I.e., the transformed wilderness will surpass in fertility what is now used as farmland. ",Ninguno
Isaiah,32,16,ושכן במדבר משפט וצדקה בכרמל תשב,Then justice shall abide in the wildernessAnd righteousness shall dwell on the farmland.,Ninguno
Isaiah,32,17,והיה מעשה הצדקה שלום ועבדת הצדקה השקט ובטח עדעולם,"For the work of righteousness shall be peace,And the effect of righteousness, calm and confidence forever.",Ninguno
Isaiah,32,18,וישב עמי בנוה שלום ובמשכנות מבטחים ובמנוחת שאננות,"Then my people shall dwell in peaceful homes,In secure dwellings,In untroubled places of rest.",Ninguno
Isaiah,32,19,וברד ברדת היער ובשפלה תשפל העיר,"fMeaning of verse uncertain. And the brush shall sink and vanish,Even as the city is laid low.",Ninguno
Isaiah,32,20,"אשריכם זרעי עלכלמים משלחי רגלהשור והחמור&nbsp;<span class=""mam-spi-samekh"">{ס}</span>&nbsp;&nbsp;&nbsp;&nbsp;&nbsp;&nbsp;&nbsp;&nbsp;","Happy shall you be who sow by all waters,Who send out cattle and donkeys to pasture.gsend out cattle and donkeys to pasture Lit. “let loose the feet of cattle and donkeys”; cf. 7.25 end. ",Ninguno
Isaiah,33,1,"הוי שודד ואתה לא שדוד ובוגד ולאבגדו בו כהתמך שודד תושד כנלתך לבגד יבגדובך&nbsp;<span class=""mam-spi-samekh"">{ס}</span>&nbsp;&nbsp;&nbsp;&nbsp;&nbsp;&nbsp;&nbsp;&nbsp;","Ha, you ravager who are not ravaged,You betrayer who have not been betrayed!When you have done ravaging, you shall be ravaged;When you have finished betraying, you shall be betrayed.",Ninguno
Isaiah,33,2,יהוה חננו לך קוינו היה זרעם לבקרים אףישועתנו בעת צרה,"O  ETERNAL One, be gracious to us!It is to You we have looked;Be their armaBe their arm Emendation yields “You have been our help.” every morning,Also our deliverance in time of stress.",Ninguno
Isaiah,33,3,מקול המון נדדו עמים מרוממתך נפצו גוים,"At [Your] roaring, peoples have fled,Before Your majesty nations have scattered;",Ninguno
Isaiah,33,4,ואסף שללכם אסף החסיל כמשק גבים שקק בו,"And spoilbspoil Heb. “your spoil.” was gathered as locusts are gathered,ItcIt Meaning of Heb. uncertain. Emendation yields “booty”; cf. v. 23. was amasseddamassed Taking sh-q-q as a cognate of q-sh-sh. as grasshoppers are amassed.eas grasshoppers are amassed Apparently for food; cf. Lev. 11.22. ",Ninguno
Isaiah,33,5,נשגב יהוה כי שכן מרום מלא ציון משפט וצדקה,"  GOD is exalted,Dwelling on high—[Of old] filling ZionWith justice and righteousness.",Ninguno
Isaiah,33,6,"והיה אמונת עתיך חסן ישועת חכמת ודעת יראת יהוה היא אוצרו&nbsp;<span class=""mam-spi-pe"">{פ}</span><br>","Faithfulness to Your chargefYour charge Meaning of Heb. uncertain. was [her] wealth,Wisdom and devotion [her] triumph,Reverence for  GOD—that was hergher Heb. “his.” treasure.",Ninguno
Isaiah,33,7,הן אראלם צעקו חצה מלאכי שלום מר יבכיון,"Hark! The ArieliteshArielites So a few manuscripts; cf. 29.1. cry aloud;Shalom’siShalom’s I.e., Jerusalem’s; cf. Salem (Heb. Shalem), Ps. 76.3. messengers weep bitterly.",Ninguno
Isaiah,33,8,נשמו מסלות שבת עבר ארח הפר ברית מאס ערים לא חשב אנוש,"Highways are desolate,Wayfarers have ceased.A covenant has been renounced,CitiesjCities 1QIsᵃ reads “A pact.” rejectedMortalskMortals Emendation yields “an obligation.” despised.",Ninguno
Isaiah,33,9,"אבל אמללה ארץ החפיר לבנון קמל היה השרון כערבה ונער בשן וכרמל&nbsp;<span class=""mam-spi-samekh"">{ס}</span>&nbsp;&nbsp;&nbsp;&nbsp;&nbsp;&nbsp;&nbsp;&nbsp;","The land is wilted and withered;Lebanon disgraced and moldering,Sharon is become like a desert,And Bashan and Carmel are stripped bare.",Ninguno
Isaiah,33,10,עתה אקום יאמר יהוה עתה ארומם עתה אנשא,"“Now I will arise,” says GOD,“Now I will exalt Myself, now raise Myself high.",Ninguno
Isaiah,33,11,תהרו חשש תלדו קש רוחכם אש תאכלכם,"You shall conceive hay,Give birth to straw;MylMy Heb. “your.” breath will devour you like fire.",Ninguno
Isaiah,33,12,"והיו עמים משרפות שיד קוצים כסוחים באש יצתו&nbsp;<span class=""mam-spi-pe"">{פ}</span><br>","Peoples shall be burnings of lime,mlime Emendation yields “brambles”; cf. 32.13. Thorns cut down that are set on fire.",Ninguno
Isaiah,33,13,שמעו רחוקים אשר עשיתי ודעו קרובים גברתי,"Hear, you who are far, what I have done;You who are near, note My might.”",Ninguno
Isaiah,33,14,פחדו בציון חטאים אחזה רעדה חנפים מי&thinsp;<b></b> יגור לנו אש אוכלה מייגור לנו מוקדי עולם,"Sinners in Zion are frightened,The godless are seized with trembling:“Who of us can dwell with the devouring fire:Who of us can dwell with the never-dying blaze?”",Ninguno
Isaiah,33,15,הלך צדקות ודבר מישרים מאס בבצע מעשקות נער כפיו מתמך בשחד אטם אזנו משמע דמים ועצם עיניו מראות ברע,"Whoever walks in righteousness,Speaks uprightly,Spurns profit from fraudulent dealings,Waves away a bribe instead of grasping it,Stops their ears against listening to infamy,Shuts their eyes against looking at evil—",Ninguno
Isaiah,33,16,הוא מרומים ישכן מצדות סלעים משגבו לחמו נתן מימיו נאמנים,"Such a one shall dwell in lofty security,With inaccessible cliffs for a stronghold,With food suppliedAnd drink assured.",Ninguno
Isaiah,33,17,מלך ביפיו תחזינה עיניך תראינה ארץ מרחקים,"When your eyes behold a king in his beauty,na king in his beauty Emendation yields “perfection of beauty”; cf. Ps. 50.2. When they contemplate the land round about,",Ninguno
Isaiah,33,18,לבך יהגה אימה איה ספר איה שקל איה ספר אתהמגדלים,"Your throatothroat As in 59.13 and elsewhere; lit. “heart.” shall murmur in awe,“Where is one who could count? Where is one who could weigh?Where is one who could count [all these] towers?”",Ninguno
Isaiah,33,19,אתעם נועז לא תראה עם עמקי שפה משמוע נלעג לשון אין בינה,"No more shall you see the barbarian folk,The people of speech too obscure to comprehend,So stammering of tongue that they are not understood.",Ninguno
Isaiah,33,20,חזה ציון קרית מועדנו עיניך תראינה ירושל͏ם נוה שאנן אהל בליצען בליסע יתדתיו לנצח וכלחבליו בלינתקו,"When you gaze upon Zion, our city of assembly,Your eyes shall behold JerusalemAs a secure homestead,A tent not to be transported,Whose pegs shall never be pulled up,And none of whose ropes shall break.",Ninguno
Isaiah,33,21,כי אםשם אדיר יהוה לנו מקוםנהרים יארים רחבי ידים בלתלך בו אנישיט וצי אדיר לא יעברנו,"For there  GOD in divine greatness shall be for usLike a region of rivers, of broad streams,Where no floating vessels can sailAnd no mighty craft can travel—TheirpTheir Heb. “your.” ropes are slack,They cannot steady the sockets of their masts,They cannot spread a sail.qTheir ropes … spread a sail Moved up from v. 23 for clarity. The passage means that GOD will render Jerusalem as inaccessible to enemies as if it were surrounded by an impassable sea. ",Ninguno
Isaiah,33,22,כי יהוה שפטנו יהוה מחקקנו יהוה מלכנו הוא יושיענו,"For  GOD shall be our ruler,  GOD   shall be our monarch,  GOD   shall be our sovereignAnd shall deliver us.",Ninguno
Isaiah,33,23,נטשו חבליך בליחזקו כןתרנם בלפרשו נס אז חלק עדשלל מרבה פסחים בזזו בז,"Then shall indeed much spoil be divided,rshall indeed much spoil be divided Meaning of Heb. uncertain; emendation yields “even a blind man shall divide much spoil.” Even the lame shall seize booty.",Ninguno
Isaiah,33,24,"ובליאמר שכן חליתי העם הישב בה נשא עון&nbsp;<span class=""mam-spi-samekh"">{ס}</span>&nbsp;&nbsp;&nbsp;&nbsp;&nbsp;&nbsp;&nbsp;&nbsp;","And no one who lives there shall say, “I am sick”;It shall be inhabited by folk whose sin has been forgiven.",Ninguno
Isaiah,34,1,קרבו גוים לשמע ולאמים הקשיבו תשמע הארץ ומלאה תבל וכלצאצאיה,"Approach, O nations, and listen,Give heed, O peoples!Let the earth and those in it hear;The world, and what it brings forth.",Ninguno
Isaiah,34,2,כי קצף ליהוה עלכלהגוים וחמה עלכלצבאם החרימם נתנם לטבח,"For  GOD is angry at all the nations,Furious at all their host;They have been doomed, consigned to slaughter.",Ninguno
Isaiah,34,3,וחלליהם ישלכו ופגריהם יעלה באשם ונמסו הרים מדמם,"Their slain shall be left lying,And the stench of their corpses shall mount;And the hills shall be drenched with their blood,",Ninguno
Isaiah,34,4,ונמקו כלצבא השמים ונגלו כספר השמים וכלצבאם יבול כנבל עלה מגפן וכנבלת מתאנה,"All the host of heaven shall molder.aAll the host of heaven shall molder 1QIsᵃ reads “And the valleys shall be cleft, / And all the host of heaven shall wither.” The heavens shall be rolled up like a scroll,And all their host shall witherLike a leaf withering on the vine,Or shriveled fruit on a fig tree.",Ninguno
Isaiah,34,5,כירותה בשמים חרבי הנה עלאדום תרד ועלעם חרמי למשפט,"For My sword shall be drunkbbe drunk 1QIsᵃ reads “be seen”; cf. Targum. in the sky;Lo, it shall come down upon Edom,Upon the people I have doomed,To wreak judgment.",Ninguno
Isaiah,34,6,חרב ליהוה מלאה דם הדשנה מחלב מדם כרים ועתודים מחלב כליות אילים כי זבח ליהוה בבצרה וטבח גדול בארץ אדום," 
GOD
  has a sword; it is sated with blood,It is gorged with fat—The blood of lambs and he-goats,The kidney fat of rams.For  GOD holds a sacrifice in Bozrah,A great slaughter in the land of Edom.",Ninguno
Isaiah,34,7,וירדו ראמים עמם ופרים עםאבירים ורותה ארצם מדם ועפרם מחלב ידשן,"Wild oxen shall fall with them,cwith them Emendation yields “with fatted calves.” Young bulls with mighty steers;And their land shall be drunk with blood,Their soil shall be saturated with fat.",Ninguno
Isaiah,34,8,כי יום נקם ליהוה שנת שלומים לריב ציון,"For it is  GOD’s day of retribution,The year of vindication for Zion’s cause.",Ninguno
Isaiah,34,9,ונהפכו נחליה לזפת ועפרה לגפרית והיתה ארצה לזפת בערה,"ItsdIts I.e., Edom’s. streams shall be turned to pitchAnd its soil to sulfur.Its land shall become burning pitch,",Ninguno
Isaiah,34,10,לילה ויומם לא תכבה לעולם יעלה עשנה מדור לדור תחרב לנצח נצחים אין עבר בה,Night and day it shall never go out;Its smoke shall rise for all time.Through the ages it shall lie in ruins;Through the aeons none shall traverse it.,Ninguno
Isaiah,34,11,וירשוה קאת וקפוד וינשוף וערב ישכנובה ונטה עליה קותהו ואבניבהו,"Jackdaws and owlseJackdaws and owls Meaning of Heb. uncertain. shall possess it;Great owls and ravens shall dwell there.[God] shall measure it with a line of chaosAnd with weights of emptiness.fmeasure it … emptiness I.e., plan chaos and emptiness for it; cf. 28.17; Lam. 2.8. ",Ninguno
Isaiah,34,12,חריה ואיןשם מלוכה יקראו וכלשריה יהיו אפס,"It shall be called “No kingdom is there,”gIt shall be called “No kingdom is there” Meaning of Heb. uncertain. Its nobles and all its lords shall be nothing.",Ninguno
Isaiah,34,13,ועלתה ארמנתיה סירים קמוש וחוח במבצריה והיתה נוה תנים חציר לבנות יענה,"Thorns shall grow up in its palaces,Nettles and briers in its strongholds.It shall be a home of jackals,An abode of ostriches.",Ninguno
Isaiah,34,14,ופגשו ציים אתאיים ושעיר עלרעהו יקרא אךשם הרגיעה לילית ומצאה לה מנוח,"hMost of the creatures in vv. 14–15 cannot be identified with certainty. Wildcats shall meet hyenas,Goat-demons shall greet each other;There too the lilithililith A kind of demon. shall reposeAnd find herselfjGoat-demons…lilith…herself Or “Owls…night-bird…itself.” a resting place.",Ninguno
Isaiah,34,15,שמה קננה קפוז ותמלט ובקעה ודגרה בצלה אךשם נקבצו דיות אשה רעותה,"There the arrow-snake shall nest and lay eggs,And shall brood and hatch in its shade.There too the buzzards shall gatherWith one another.",Ninguno
Isaiah,34,16,דרשו מעלספר יהוה וקראו אחת מהנה לא נעדרה אשה רעותה לא פקדו כיפי הוא צוה ורוחו הוא קבצן,"Search and read it in the scroll of  GOD:Not one of these shall be absent,Not one shall miss its fellow.For God’skGod’s Heb. “My.” mouth has spoken,It is God’s spirit that has assembled them—",Ninguno
Isaiah,34,17,"והואהפיל להן גורל וידו חלקתה להם בקו עדעולם יירשוה לדור ודור ישכנובה&nbsp;<span class=""mam-spi-samekh"">{ס}</span>&nbsp;&nbsp;&nbsp;&nbsp;&nbsp;&nbsp;&nbsp;&nbsp;","The One who apportioned it to them by lot,Whose hand divided it for them with the line.They shall possess it for all time,They shall dwell there through the ages.",Ninguno
Isaiah,35,1,יששום מדבר וציה ותגל ערבה ותפרח כחבצלת,"The arid desert shall be glad,The wilderness shall rejoiceAnd shall blossom like a rose.arose Lit. “crocus.” ",Ninguno
Isaiah,35,2,"פרח תפרח ותגל אף גילת ורנן כבוד הלבנון נתןלה הדר הכרמל והשרון המה יראו כבודיהוה הדר אלהינו&nbsp;<span class=""mam-spi-pe"">{פ}</span><br>","It shall blossom abundantly,It shall also exult and shout.It shall receive the glory of Lebanon,The splendor of Carmel and Sharon.They shall behold the glory of  GOD,The splendor of our God.",Ninguno
Isaiah,35,3,חזקו ידים רפות וברכים כשלות אמצו,Strengthen the hands that are slack;Make firm the tottering knees!,Ninguno
Isaiah,35,4,אמרו לנמהרילב חזקו אלתיראו הנה אלהיכם נקם יבוא גמול אלהים הוא יבוא וישעכם,"Say to the anxious of heart,“Be strong, fear not;Behold your God!Requital is coming,The recompense of God—Who is indeed coming to give you triumph.”",Ninguno
Isaiah,35,5,אז תפקחנה עיני עורים ואזני חרשים תפתחנה,"Then the eyes of the blind shall be opened,And the ears of the deaf shall be unstopped.",Ninguno
Isaiah,35,6,אז ידלג כאיל פסח ותרן לשון אלם כינבקעו במדבר מים ונחלים בערבה,"Then the lame shall leap like a deer,And the tongue of the dumb shall shout aloud;For waters shall burst forth in the desert,Streams in the wilderness.",Ninguno
Isaiah,35,7,והיה השרב לאגם וצמאון למבועי מים בנוה תנים רבצה חציר לקנה וגמא,"Torrid earth shall become a pool;Parched land, fountains of water;The home of jackals, a pasture;bpasture Meaning of Heb. uncertain; emendation yields “marsh.” The abode [of ostriches],c[of ostriches] Cf. 34.13. reeds and rushes.",Ninguno
Isaiah,35,8,והיהשם מסלול ודרך ודרך הקדש יקרא לה לאיעברנו טמא והואלמו הלך דרך ואוילים לא יתעו,"And a highway shall appear there,Which shall be called the Sacred Way.No one impure shall pass along it,But it shall be for them.dfor them Emendation yields “for [God’s] people.” No traveler, not even fools, shall go astray.eNo traveler, not even fools, shall go astray Meaning of Heb. uncertain. ",Ninguno
Isaiah,35,9,לאיהיה שם אריה ופריץ חיות בליעלנה לא תמצא שם והלכו גאולים,"No lion shall be there,No ferocious beast shall set foot on it—These shall not be found there.But the redeemed shall walk it;",Ninguno
Isaiah,35,10,"ופדויי יהוה ישבון ובאו ציון ברנה ושמחת עולם עלראשם ששון ושמחה ישיגו ונסו יגון ואנחה&nbsp;<span class=""mam-spi-samekh"">{ס}</span>&nbsp;&nbsp;&nbsp;&nbsp;&nbsp;&nbsp;&nbsp;&nbsp;","And  GOD’s ransomed shall return,And come with shouting to Zion,Crowned with joy everlasting.They shall attain joy and gladness,While sorrow and sighing flee.",Ninguno
Isaiah,36,1,ויהי בארבע עשרה שנה למלך חזקיהו עלה סנחריב מלךאשור על כלערי יהודה הבצרות ויתפשם,"aThis passage occurs also as 2 Kings 18.13–20.19, with a number of variants, some of which will be cited here in the footnotes. In the fourteenth year of King Hezekiah, King Sennacherib of Assyria marched against all the fortified towns of Judah and seized them. ",Ninguno
Isaiah,36,2,וישלח מלךאשור&thinsp;<b></b> אתרבשקה מלכיש ירושל͏מה אלהמלך חזקיהו בחיל כבד ויעמד בתעלת הברכה העליונה במסלת שדה כובס,"From Lachish, the king of Assyria sent the Rabshakeh,bRabshakeh An Assyrian title; cf. “Tartan,” 20.1. with a large force, to King Hezekiah in Jerusalem. [The Rabshakeh] took up a position near the conduit of the Upper Pool, by the road of the Fuller’s Field; ",Ninguno
Isaiah,36,3,ויצא אליו אליקים בןחלקיהו אשר עלהבית ושבנא הספר ויואח בןאסף המזכיר,"and Eliakim son of Hilkiah who was in charge of the palace, Shebna the scribe, and Joah son of Asaph the recorder went out to him.",Ninguno
Isaiah,36,4,ויאמר אליהם רבשקה אמרונא אלחזקיהו כהאמר המלך הגדול מלך אשור מה הבטחון הזה אשר בטחת,"The Rabshakeh said to them, “You tell Hezekiah: Thus said the Great King, the king of Assyria: What makes you so confident? ",Ninguno
Isaiah,36,5,אמרתי אךדברשפתים עצה וגבורה למלחמה עתה עלמי בטחת כי מרדת בי,"I supposecI suppose Cf. 2 Kings 18.20 “You must think.” mere talk makes counsel and valor for war! Look, on whom are you relying, that you have rebelled against me? ",Ninguno
Isaiah,36,6,הנה בטחת עלמשענת הקנה הרצוץ הזה עלמצרים אשר יסמך איש עליו ובא בכפו ונקבה כן פרעה מלךמצרים לכלהבטחים עליו,"You are relying on Egypt, that splintered reed of a staff, which enters and punctures the palm of anyone who leans on it. That’s what Pharaoh king of Egypt is like to all who rely on him. ",Ninguno
Isaiah,36,7,וכיתאמר אלי אליהוה אלהינו בטחנו הלואהוא אשר הסיר חזקיהו אתבמתיו ואתמזבחתיו ויאמר ליהודה ולירושל͏ם לפני המזבח הזה תשתחוו,"And if you tell me that you are relying on the ETERNAL your God, this is the very one whose shrines and altars Hezekiah did away with, telling Judah and Jerusalem, ‘You must worship only at this altar!’ ",Ninguno
Isaiah,36,8,ועתה התערב נא אתאדני המלך אשור ואתנה לך אלפים סוסים אםתוכל לתת לך רכבים עליהם,"Come now, make this wager with my master, the king of Assyria: I’ll give you two thousand horses, if you can produce riders to mount them. ",Ninguno
Isaiah,36,9,ואיך תשיב את פני פחת אחד עבדי אדני הקטנים ותבטח לך עלמצרים לרכב ולפרשים,"So how could you refuse anything, even to the deputy of one of my master’s lesser servants, relying on Egypt for chariots and riders? ",Ninguno
Isaiah,36,10,"ועתה המבלעדי יהוה עליתי עלהארץ הזאת להשחיתה יהוה אמר אלי עלה אלהארץ הזאת והשחיתה&nbsp;<span class=""mam-spi-samekh"">{ס}</span>&nbsp;&nbsp;&nbsp;&nbsp;&nbsp;&nbsp;&nbsp;&nbsp;",And do you think I have marched against this land to destroy it without GOD? It was GOD who told me: Go up against that land and destroy it.”,Ninguno
Isaiah,36,11,ויאמר אליקים ושבנא ויואח אלרבשקה דברנא אלעבדיך ארמית כי שמעים אנחנו ואלתדבר אלינו יהודית באזני העם אשר עלהחומה,"Eliakim, Shebna, and Joah replied to the Rabshakeh, “Please, speak to your servants in Aramaic, since we understand it; do not speak to us in Judean in the hearing of the people on the wall.” ",Ninguno
Isaiah,36,12,"ויאמר רבשקה האל אדניך ואליך שלחני אדני לדבר אתהדברים האלה הלא עלהאנשים הישבים עלהחומה לאכל את<span class=""mam-kq""><span class=""mam-kq-q"">[צואתם]</span> <span class=""mam-kq-k"">(חראיהם)</span></span> ולשתות את<span class=""mam-kq""><span class=""mam-kq-q"">[מימי רגליהם]</span> <span class=""mam-kq-k"">(שיניהם)</span></span> עמכם","But the Rabshakeh replied, “Was it to your master and to you that my master sent me to speak those words? It was precisely to the men who are sitting on the wall—who will have to eat their dung and drink their urine with you.” ",Ninguno
Isaiah,36,13,ויעמד רבשקה ויקרא בקולגדול יהודית ויאמר שמעו אתדברי המלך הגדול מלך אשור,And the Rabshakeh stood and called out in a loud voice in Judean:,Ninguno
Isaiah,36,14,כה אמר המלך אלישא לכם חזקיהו כי לאיוכל להציל אתכם,"“Hear the words of the Great King, the king of Assyria! Thus said the king: Don’t let Hezekiah deceive you, for he will not be able to save you. ",Ninguno
Isaiah,36,15,ואליבטח אתכם חזקיהו אליהוה לאמר הצל יצילנו יהוה לא תנתן העיר הזאת ביד מלך אשור,"Don’t let Hezekiah make you rely on GOD, saying, ‘GOD will surely save us; this city will not fall into the hands of Assyria!’ ",Ninguno
Isaiah,36,16,"אלתשמעו אלחזקיהו&nbsp;<span class=""mam-spi-pe"">{פ}</span><br>כי כה אמר המלך אשור עשואתי ברכה וצאו אלי ואכלו אישגפנו ואיש תאנתו ושתו איש מיבורו","Don’t listen to Hezekiah. For thus said the king of Assyria: Make your peace with me and come out to me,dto me I.e., to my representative the Rabshakeh. so that you may all eat from your vines and your fig trees and drink water from your cisterns, ",Ninguno
Isaiah,36,17,עדבאי ולקחתי אתכם אלארץ כארצכם ארץ דגן ותירוש ארץ לחם וכרמים,"until I come and take you away to a land like your own, a land of bread and wine, of grain [fields] and vineyards. ",Ninguno
Isaiah,36,18,פןיסית אתכם חזקיהו לאמר יהוה יצילנו ההצילו אלהי הגוים איש אתארצו מיד מלך אשור,"Beware of letting Hezekiah mislead you by saying, ‘GOD will save us.’ Did any of the gods of the other nations save their land from the king of Assyria? ",Ninguno
Isaiah,36,19,איה אלהי חמת וארפד איה אלהי ספרוים וכיהצילו אתשמרון מידי,"Where were the gods of Hamath and Arpad? Where were the gods of Sepharvaim? And did theyethey I.e., the gods of Samaria. save Samaria from me? ",Ninguno
Isaiah,36,20,מי בכלאלהי הארצות האלה אשרהצילו אתארצם מידי כייציל יהוה אתירושל͏ם מידי,"Which among all the gods of those countries saved their countries from me, that GOD should save Jerusalem from me?” ",Ninguno
Isaiah,36,21,ויחרישו ולאענו אתו דבר כימצות המלך היא לאמר לא תענהו,But they were silent and did not answer him with a single word; for the king’s order was: “Do not answer him.”,Ninguno
Isaiah,36,22,"ויבא אליקים בןחלקיהו אשרעלהבית ושבנא הספר ויואח בןאסף המזכיר אלחזקיהו קרועי בגדים ויגידו לו את דברי רבשקה&nbsp;<span class=""mam-spi-samekh"">{ס}</span>&nbsp;&nbsp;&nbsp;&nbsp;&nbsp;&nbsp;&nbsp;&nbsp;","And so Eliakim son of Hilkiah who was in charge of the palace, Shebna the scribe, and Joah son of Asaph the recorder came to Hezekiah with their clothes rent, and they reported to him what the Rabshakeh had said.",Ninguno
Isaiah,37,1,ויהי כשמע המלך חזקיהו ויקרע אתבגדיו ויתכס בשק ויבא בית יהוה,"When King Hezekiah heard this, he rent his clothes and covered himself with sackcloth and went into the House of GOD. ",Ninguno
Isaiah,37,2,וישלח אתאליקים אשרעלהבית ואת&thinsp;<b></b> שבנא הסופר ואת זקני הכהנים מתכסים בשקים אלישעיהו בןאמוץ הנביא,"He also sent Eliakim, who was in charge of the palace, Shebna, the scribe, and the senior priests, covered with sackcloth, to the prophet Isaiah son of Amoz. ",Ninguno
Isaiah,37,3,ויאמרו אליו כה אמר חזקיהו יוםצרה ותוכחה ונאצה היום הזה כי באו בנים עדמשבר וכח אין ללדה,"They said to him, “Thus said Hezekiah: This day is a day of distress, of chastisement, and of disgrace. The babes have reached the birthstool, but the strength to give birth is lacking.aThe babes have reached the birthstool, but the strength to give birth is lacking I.e., the situation is desperate, and we are at a loss. ",Ninguno
Isaiah,37,4,אולי ישמע יהוה אלהיך את&thinsp;<b></b> דברי רבשקה אשר שלחו מלךאשור&thinsp;<small></small>&thinsp;אדניו לחרף אלהים חי והוכיח בדברים אשר שמע יהוה אלהיך ונשאת תפלה בעד השארית הנמצאה,"Perhaps the ETERNAL your God will take note of the words of the Rabshakeh, whom his master the king of Assyria has sent to blaspheme the living God, and will mete out judgment for the words that the ETERNAL your God has heard—if you will offer up prayer for the surviving remnant.”",Ninguno
Isaiah,37,5,ויבאו עבדי המלך חזקיהו אלישעיהו,"When King Hezekiah’s ministers came to Isaiah, ",Ninguno
Isaiah,37,6,ויאמר אליהם ישעיהו כה תאמרון אלאדניכם כה&thinsp;<b></b> אמר יהוה אלתירא מפני הדברים אשר שמעת אשר גדפו נערי מלךאשור אותי,"Isaiah said to them, “Tell your master as follows: Thus said GOD: Do not be frightened by the words of blasphemy against Me that you have heard from the minions of the king of Assyria. ",Ninguno
Isaiah,37,7,הנני נותן בו רוח ושמע שמועה ושב אלארצו והפלתיו בחרב בארצו,"I will deludebdelude Lit. “put a spirit in.” him: He will hear a rumor and return to his land, and I will make him fall by the sword in his land.”",Ninguno
Isaiah,37,8,וישב רבשקה וימצא אתמלך אשור נלחם עללבנה כי שמע כי נסע מלכיש,"The Rabshakeh, meanwhile, heard that [the king] had left Lachish; he turned back and found the king of Assyria attacking Libnah. ",Ninguno
Isaiah,37,9,וישמע עלתרהקה מלךכוש לאמר יצא להלחם אתך וישמע וישלח מלאכים אלחזקיהו לאמר,"But [the king of Assyria] learned that King Tirhakah of Cush had come out to fight him; and when he heard it, he sent messengers to Hezekiah, saying, ",Ninguno
Isaiah,37,10,כה תאמרון אלחזקיהו מלךיהודה לאמר אלישאך אלהיך אשר אתה בוטח בו לאמר לא תנתן ירושל͏ם ביד מלך אשור,"“Tell this to King Hezekiah of Judah: Do not let your God, on whom you are relying, mislead you into thinking that Jerusalem will not be delivered into the hands of the king of Assyria. ",Ninguno
Isaiah,37,11,הנה&thinsp;<b></b> אתה שמעת אשר עשו מלכי אשור לכלהארצות להחרימם ואתה תנצל,"You yourself have heard what the kings of Assyria have done to all the lands, how they have annihilated them; and can you escape? ",Ninguno
Isaiah,37,12,ההצילו אותם אלהי הגוים אשר השחיתו אבותי אתגוזן ואתחרן ורצף ובניעדן אשר בתלשר,"Were the nations that my predecessorscpredecessors Lit. “fathers.” destroyed—Gozan, Haran, Rezeph, and the Bethedenites in Telassar—saved by their gods? ",Ninguno
Isaiah,37,13,איה מלךחמת ומלך ארפד ומלך לעיר ספרוים הנע ועוה,"Where is the king of Hamath? and the king of Arpad? and the kings of Lair, Sepharvaim, Hena, and Ivvah?”",Ninguno
Isaiah,37,14,"ויקח חזקיהו אתהספרים מיד המלאכים ויקראהו ויעל בית יהוה ויפרשהו חזקיהו לפני יהוה&nbsp;<span class=""mam-spi-samekh"">{ס}</span>&nbsp;&nbsp;&nbsp;&nbsp;&nbsp;&nbsp;&nbsp;&nbsp;",Hezekiah received the letter from the messengers and read it. Hezekiah then went up to the House of GOD and spread it out before GOD.,Ninguno
Isaiah,37,15,ויתפלל חזקיהו אליהוה לאמר,And Hezekiah prayed to GOD:,Ninguno
Isaiah,37,16,יהוה צבאות אלהי ישראל ישב הכרבים אתההוא האלהים לבדך לכל ממלכות הארץ אתה עשית אתהשמים ואתהארץ,“O GOD of Hosts—God of Israel—Enthroned on the Cherubim! You alone are God of all the kingdoms of the earth. You made the heavens and the earth.,Ninguno
Isaiah,37,17,הטה יהוה&thinsp;<small></small>&thinsp;אזנך ושמע פקח יהוה עינך וראה ושמע את כלדברי סנחריב אשר שלח לחרף אלהים חי,"O ETERNAL One, incline Your ear and hear, open Your eye and see. Hear all the words that Sennacherib has sent to blaspheme the living God! ",Ninguno
Isaiah,37,18,אמנם יהוה החריבו מלכי אשור אתכלהארצות ואתארצם,"True, O ETERNAL One, the kings of Assyria have annihilated all the nationsdnations So 2 Kings 19.17, and 13 mss. here; most mss. and editions read “lands.” and their lands ",Ninguno
Isaiah,37,19,ונתן אתאלהיהם באש כי לא אלהים המה כי אםמעשה ידיאדם עץ ואבן ויאבדום,"and have committed their gods to the flames and have destroyed them; for they are not gods, but the handiwork of mere mortals, wood and stone. ",Ninguno
Isaiah,37,20,ועתה יהוה אלהינו הושיענו מידו וידעו כלממלכות הארץ כיאתה יהוה לבדך,"But now, O ETERNAL One our God, deliver us from his hands, and let all the kingdoms of the earth know that You, O ETERNAL One, alone [are God].”e[are God] Supplied from 2 Kings 19.19. ",Percepción (Yada)
Isaiah,37,21,וישלח ישעיהו בןאמוץ אלחזקיהו לאמר כהאמר יהוה אלהי ישראל אשר התפללת אלי אלסנחריב מלך אשור,"Then Isaiah son of Amoz sent this message to Hezekiah: “Thus said GOD, the God of Israel, to whom you have prayed, concerning King Sennacherib of Assyria— ",Ninguno
Isaiah,37,22,זה הדבר אשרדבר יהוה עליו בזה לך לעגה לך בתולת בתציון אחריך ראש הניעה בת ירושל͏ם,"this is the word that GOD has spoken concerning him:Fair Maiden Zion despises you,She mocks at you;Fair Jerusalem shakesHer head at you.",Ninguno
Isaiah,37,23,אתמי חרפת וגדפת ועלמי הרימותה קול ותשא מרום עיניך אלקדוש ישראל,Whom have you blasphemed and reviled?Against whom made loud your voiceAnd haughtily raised your eyes?Against the Holy One of Israel!,Ninguno
Isaiah,37,24,ביד עבדיך חרפת&thinsp;<small></small>&thinsp;אדני ותאמר ברב רכבי אני עליתי מרום הרים ירכתי לבנון ואכרת קומת ארזיו מבחר ברשיו ואבוא מרום קצו יער כרמלו,"Through your servants you have blasphemed the Sovereign.Because you thought,‘Thanks to my vast chariotry,It is I who have climbed the highest mountains,To the remotest parts of the Lebanon,And have cut down its loftiest cedars,Its choicest cypresses,And have reached its highest peak,Its densest forest.fIts densest forest Lit. “Its farmland forest”; exact meaning of Heb. uncertain. ",Ninguno
Isaiah,37,25,אני קרתי ושתיתי מים ואחרב בכףפעמי כל יארי מצור,It is I who have drawngdrawn Or “dug”; meaning of Heb. uncertain. And drunk water.I have dried up with the soles of my feetAll the streams of Egypt.’,Ninguno
Isaiah,37,26,הלואשמעת למרחוק אותה עשיתי מימי קדם ויצרתיה עתה הבאתיה ותהי להשאות גלים נצים ערים בצרות,"Have you not heard? Of oldI planned that very thing,I designed it long ago,And now have fulfilled it.And it has come to pass,Laying fortified towns waste in desolate heaps.",Ninguno
Isaiah,37,27,וישביהן קצרייד חתו ובשו היו עשב שדה וירק דשא חציר גגות ושדמה לפני קמה,"Their inhabitants are helpless,Dismayed and shamed.They were but grass of the fieldAnd green herbage,Grass of the roofs that is blastedBefore the east wind.hthat is blasted / Before the east wind So ms. 1QIsᵃ; cf. 2 Kings 19.26. The usual reading in our passage means, literally, “and a field [?] before standing grain.” ",Ninguno
Isaiah,37,28,ושבתך וצאתך ובואך ידעתי ואת התרגזך אלי,"I know your stayingsAnd your goings and comings,And how you have raged against Me,",Percepción (Yada)
Isaiah,37,29,יען התרגזך אלי ושאננך עלה באזני ושמתי חחי באפך ומתגי בשפתיך והשיבתיך בדרך אשרבאת בה,"Because you have raged against Me,And your tumult has reached My ears,I will place My hook in your noseAnd My bit between your jaws;And I will make you go back by the roadBy which you came.",Ninguno
Isaiah,37,30,"וזהלך האות אכול השנה ספיח ובשנה השנית שחיס ובשנה השלישית זרעו וקצרו ונטעו כרמים <span class=""mam-kq""><span class=""mam-kq-k"">(ואכול)</span> <span class=""mam-kq-q"">[ואכלו]</span></span> פרים","“And this is the sign for you:iyou I.e., Hezekiah. This year you eat what grows of itself, and the next year what springs from that, and in the third year sow and reap and plant vineyards and eat their fruit. ",Ninguno
Isaiah,37,31,ויספה פליטת ביתיהודה הנשארה שרש למטה ועשה פרי למעלה,And the survivors of the House of Judah that have escaped shall renew its trunk below and produce boughs above.,Ninguno
Isaiah,37,32,"כי מירושל͏ם תצא שארית ופליטה מהר ציון קנאת יהוה צבאות תעשהזאת&nbsp;<span class=""mam-spi-samekh"">{ס}</span>&nbsp;&nbsp;&nbsp;&nbsp;&nbsp;&nbsp;&nbsp;&nbsp;","For a remnant shall come forth from Jerusalem,Survivors from Mount Zion.The zeal of  GOD of HostsShall bring this to pass.",Ninguno
Isaiah,37,33,לכן כהאמר יהוה אלמלך אשור לא יבוא אלהעיר הזאת ולאיורה שם חץ ולאיקדמנה מגן ולאישפך עליה סללה,"“Assuredly, thus said GOD concerning the king of Assyria:He shall not enter this city;He shall not shoot an arrow at it,Or advance upon it with a shield,Or pile up a siege mound against it.",Ninguno
Isaiah,37,34,בדרך אשרבא בה ישוב ואלהעיר הזאת לא יבוא נאםיהוה,"He shall go backBy the way he came,He shall not enter this city—declares  GOD;",Ninguno
Isaiah,37,35,"וגנותי עלהעיר הזאת להושיעה למעני ולמען דוד עבדי&nbsp;<span class=""mam-spi-samekh"">{ס}</span>&nbsp;&nbsp;&nbsp;&nbsp;&nbsp;&nbsp;&nbsp;&nbsp;",I will protect and save this city for My sakeAnd for the sake of My servant David.”,Ninguno
Isaiah,37,36,ויצא&thinsp;<b></b> מלאך יהוה ויכה במחנה אשור מאה ושמנים וחמשה אלף וישכימו בבקר והנה כלם פגרים מתים,"[That night]j[That night] Supplied from 2 Kings 19.35. an angel of GOD went out and struck down one hundred and eighty-five thousand in the Assyrian camp, and the following morning they were all dead corpses.",Ninguno
Isaiah,37,37,ויסע וילך וישב סנחריב מלךאשור וישב בנינוה,"So King Sennacherib of Assyria broke camp and retreated, and stayed in Nineveh. ",Ninguno
Isaiah,37,38,"ויהי הוא משתחוה בית&thinsp;<b></b> נסרך אלהיו ואדרמלך ושראצר בניו הכהו בחרב והמה נמלטו ארץ אררט וימלך אסרחדן בנו תחתיו&nbsp;<span class=""mam-spi-samekh"">{ס}</span>&nbsp;&nbsp;&nbsp;&nbsp;&nbsp;&nbsp;&nbsp;&nbsp;","While he was worshiping in the temple of his god Nisroch, he was struck down with the sword by his sons Adrammelech and Sarezer. They fled to the land of Ararat, and his son Esarhaddon succeeded him as king.",Ninguno
Isaiah,38,1,בימים ההם חלה חזקיהו למות ויבוא אליו ישעיהו בןאמוץ הנביא ויאמר אליו כהאמר יהוה צו לביתך כי מת אתה ולא תחיה,"In those days Hezekiah fell dangerously ill. The prophet Isaiah son of Amoz came and said to him, “Thus said GOD: Set your affairs in order, for you are going to die; you will not get well.” ",Ninguno
Isaiah,38,2,ויסב חזקיהו פניו אלהקיר ויתפלל אליהוה,Thereupon Hezekiah turned his face to the wall and prayed to GOD.,Ninguno
Isaiah,38,3,"ויאמר אנה יהוה זכרנא את אשר התהלכתי לפניך באמת ובלב שלם והטוב בעיניך עשיתי ויבך חזקיהו בכי גדול&nbsp;<span class=""mam-spi-samekh"">{ס}</span>&nbsp;&nbsp;&nbsp;&nbsp;&nbsp;&nbsp;&nbsp;&nbsp;","“Please, O ETERNAL One,” he said, “remember how I have walked before You sincerely and wholeheartedly, and have done what is pleasing to You.” And Hezekiah wept profusely.",Ninguno
Isaiah,38,4,ויהי דבריהוה אלישעיהו לאמר,Then the word of GOD came to Isaiah:,Ninguno
Isaiah,38,5,הלוך ואמרת אלחזקיהו כהאמר יהוה אלהי דוד אביך שמעתי אתתפלתך ראיתי אתדמעתך הנני יוסף עלימיך חמש עשרה שנה,"“Go and tell Hezekiah: Thus said GOD, the God of your forefather David: I have heard your prayer, I have seen your tears. I hereby add fifteen years to your life. ",Ninguno
Isaiah,38,6,ומכף מלךאשור אצילך ואת העיר הזאת וגנותי עלהעיר הזאת,I will also rescue you and this city from the hands of the king of Assyria. I will protect this city.,Ninguno
Isaiah,38,7,וזהלך האות מאת יהוה אשר יעשה יהוה אתהדבר הזה אשר דבר,And this is the sign for you from GOD that GOD will do the thing that was promised:,Ninguno
Isaiah,38,8,"הנני משיב אתצל המעלות אשר ירדה במעלות אחז בשמש אחרנית עשר מעלות ותשב השמש עשר מעלות במעלות אשר ירדה&nbsp;<span class=""mam-spi-samekh"">{ס}</span>&nbsp;&nbsp;&nbsp;&nbsp;&nbsp;&nbsp;&nbsp;&nbsp;","I am going to make the shadow on the steps, which has descended on the dialadial Heb. “steps.” A model of a dial with steps has been discovered in Egypt. of Ahaz because of the sun, recede ten steps.” And the sun[’s shadow] receded ten steps, the same steps as it had descended.",Ninguno
Isaiah,38,9,מכתב לחזקיהו מלךיהודה בחלתו ויחי מחליו,A poem by King Hezekiah of Judah when he recovered from the illness he had suffered:,Ninguno
Isaiah,38,10,אני אמרתי בדמי ימי אלכה בשערי שאול פקדתי יתר שנותי,bMeaning of verse uncertain in part. I had thought:I must depart in the middle of my days;I have been consigned to the gates of SheolFor the rest of my years.,Ninguno
Isaiah,38,11,אמרתי לאאראה יה יה בארץ החיים לאאביט אדם עוד עםיושבי חדל,"I thought, I shall never see Yah,csee Yah I.e., visit God’s temple. On “Yah,” see note at 12.2. Yah in the land of the living,Or ever behold humans againAmong those who inhabit the earth.dearth Or “underworld”; cf. Rashi. ",Ninguno
Isaiah,38,12,דורי נסע ונגלה מני כאהל רעי קפדתי כארג חיי מדלה יבצעני מיום עדלילה תשלימני,"My dwelling is pulled up and removed from meLike a tent of shepherds;My life is rolled up like a webAnd cut from the thrum.Only from daybreak to nightfallWas I kept whole,",Ninguno
Isaiah,38,13,שויתי עדבקר כארי כן ישבר כלעצמותי מיום עדלילה תשלימני,Then it was as though a lionWere breaking all my bones;I cried out until morning.(Only from daybreak to nightfallWas I kept whole.)eOnly from daybreak … all my bones … Was I kept whole Meaning of Heb. uncertain. ,Ninguno
Isaiah,38,14,כסוס עגור כן אצפצף אהגה כיונה דלו עיני למרום אדני עשקהלי ערבני,"I piped like a swift or a swallow,I moaned like a dove,As my eyes, all worn, looked to heaven:“My Sovereign, I am in straits;Be my surety!”",Ninguno
Isaiah,38,15,מהאדבר ואמרלי והוא עשה אדדה כלשנותי עלמר נפשי,"What can I say? It had been promised me,fIt had been promised Meaning of Heb. uncertain. By the One who has wrought it.All my sleep had fledBecause of the bitterness of my soul.",Ninguno
Isaiah,38,16,אדני עליהם יחיו ולכלבהן חיי רוחי ותחלימני והחיני,"My Sovereign, for all that and despite itMy life-breath is revived;gAll my sleep … revived Meaning of Heb. uncertain. You have restored me to health and revived me.",Ninguno
Isaiah,38,17,הנה לשלום מרלי מר ואתה חשקת נפשי משחת בלי כי השלכת אחרי גוך כלחטאי,"Truly, it was for my own goodThat I had such great bitterness:You saved my lifeFrom the pit of destruction,For You have cast behind Your backAll my offenses.",Ninguno
Isaiah,38,18,כי לא שאול תודך מות יהללך לאישברו יורדיבור אלאמתך,"For it is not Sheol that praises You,Not [the Land of] Death that extols You;Nor do they who descend into the PitHope for Your grace.",Ninguno
Isaiah,38,19,חי חי הוא יודך כמוני היום אב לבנים יודיע אלאמתך,"The living, only the livingCan give thanks to YouAs I do this day;FathershFathers Heb. singular. relate to childrenYour acts of grace:",Ninguno
Isaiah,38,20,יהוה להושיעני ונגנותי ננגן כלימי חיינו עלבית יהוה,"“[It has pleased]  GOD to deliver us,ideliver us Meaning of Heb. uncertain. That is why we offer up musicjmusic Neginothai is a poetic form of neginoth. All the days of our livesAt the House of  GOD.”",Ninguno
Isaiah,38,21,ויאמר ישעיהו ישאו דבלת תאנים וימרחו עלהשחין ויחי,"When Isaiah said, “Let them take a cake of figs and apply it to the rash, and he will recover,” ",Ninguno
Isaiah,38,22,"ויאמר חזקיהו מה אות כי אעלה בית יהוה&nbsp;<span class=""mam-spi-samekh"">{ס}</span>&nbsp;&nbsp;&nbsp;&nbsp;&nbsp;&nbsp;&nbsp;&nbsp;","Hezekiah asked, “What will be the sign that I shall go up to the House of GOD?”",Ninguno
Isaiah,39,1,בעת ההיא שלח מרדך בלאדן בןבלאדן מלךבבל ספרים ומנחה אלחזקיהו וישמע כי חלה ויחזק,"At that time, Merodach-baladan son of Baladan, the king of Babylon, sent [envoys with] a letter and a gift to Hezekiah, for he had heard about his illness and recovery. ",Ninguno
Isaiah,39,2,"וישמח עליהם חזקיהו ויראם אתבית <span class=""mam-kq-trivial"">נכתה</span> אתהכסף ואתהזהב ואתהבשמים ואת&thinsp;<b></b> השמן הטוב ואת כלבית כליו ואת כלאשר נמצא באצרתיו לאהיה דבר אשר לאהראם חזקיהו בביתו ובכלממשלתו&nbsp;<span class=""mam-spi-samekh"">{ס}</span>&nbsp;&nbsp;&nbsp;&nbsp;&nbsp;&nbsp;&nbsp;&nbsp;","Hezekiah was pleased by their coming, and he showed them his treasure house—the silver, the gold, the spices, and the fragrant oil—and all his armory, and everything that was to be found in his storehouses. There was nothing in his palace or in all his realm that Hezekiah did not show them. ",Ninguno
Isaiah,39,3,ויבא ישעיהו הנביא אלהמלך חזקיהו ויאמר אליו מה אמרו&thinsp;<b></b> האנשים האלה ומאין יבאו אליך ויאמר חזקיהו מארץ רחוקה באו אלי מבבל,"Then the prophet Isaiah came to King Hezekiah. “What,” he demanded of him, “did those men say to you? Where have they come to you from?” “They have come to me,” replied Hezekiah, “from a far country, from Babylon.” ",Ninguno
Isaiah,39,4,ויאמר מה ראו בביתך ויאמר חזקיהו את כלאשר בביתי ראו לאהיה דבר אשר לאהראיתים באוצרתי,"Next he asked, “What have they seen in your palace?” And Hezekiah replied, “They have seen everything there is in my palace. There was nothing in my storehouses that I did not show them.”",Ninguno
Isaiah,39,5,ויאמר ישעיהו אלחזקיהו שמע דבריהוה צבאות,"Then Isaiah said to Hezekiah, “Hear the word of GOD of Hosts: ",Ninguno
Isaiah,39,6,הנה ימים באים ונשא&thinsp;<b></b> כלאשר בביתך ואשר אצרו אבתיך עדהיום הזה בבל לאיותר דבר אמר יהוה,"A time is coming when everything in your palace, which your ancestors have stored up to this day, will be carried off to Babylon; nothing will be left behind, said GOD. ",Ninguno
Isaiah,39,7,ומבניך אשר יצאו ממך אשר תוליד יקחו והיו סריסים בהיכל מלך בבל,"And some of your sons, your own issue, whom you will have fathered, will be taken to serve as eunuchs in the palace of the king of Babylon.” ",Ninguno
Isaiah,39,8,"ויאמר חזקיהו אלישעיהו טוב דבריהוה אשר דברת ויאמר כי יהיה שלום ואמת בימי&nbsp;<span class=""mam-spi-pe"">{פ}</span><br>","Hezekiah declared to Isaiah, “The word of GOD that you have spoken is good.” For he thought, “It means that safety is assured forasafety is assured for Lit. “there shall be safety and faithfulness in.” my time.”",Ninguno
Isaiah,40,1,נחמו נחמו עמי יאמר אלהיכם,"Comfort, oh comfort My people,Says your God.",Ninguno
Isaiah,40,2,"דברו עללב ירושל͏ם וקראו אליה כי מלאה צבאה כי נרצה עונה כי לקחה מיד יהוה כפלים בכלחטאתיה&nbsp;<span class=""mam-spi-samekh"">{ס}</span>&nbsp;&nbsp;&nbsp;&nbsp;&nbsp;&nbsp;&nbsp;&nbsp;","Speak tenderly to Jerusalem,And declare to herThat her term of service is over,That her iniquity is expiated;For she has received at  GOD’s hand Double for all her sins.",Ninguno
Isaiah,40,3,קול קורא במדבר פנו דרך יהוה ישרו בערבה מסלה לאלהינו,A voice rings out:“Clear in the desertA road for  GOD!Level in the wildernessA highway for our God!,Ninguno
Isaiah,40,4,כלגיא ינשא וכלהר וגבעה ישפלו והיה העקב למישור והרכסים לבקעה,"Let every valley be raised,Every hill and mount made low.Let the rugged ground become levelAnd the ridges become a plain.",Ninguno
Isaiah,40,5,"ונגלה כבוד יהוה וראו כלבשר יחדו כי פי יהוה דבר&nbsp;<span class=""mam-spi-pe"">{פ}</span><br>","The Presence of  GOD shall appear,And all flesh, as one, shall behold—For  GOD aGOD Heb. “the mouth of GOD.” has spoken.”",Ninguno
Isaiah,40,6,קול אמר קרא ואמר מה אקרא כלהבשר חציר וכלחסדו כציץ השדה,"A voice rings out: “Proclaim!”Another asks,bAnother asks 1QIsᵃ and Septuagint read “And I asked.” “What shall I proclaim?”“All flesh is grass,All its goodness like flowers of the field:",Ninguno
Isaiah,40,7,יבש חציר נבלציץ כי רוח יהוה נשבה בו אכן חציר העם,"Grass withers, flowers fadeWhen  GOD’s breath blows on them.Indeed, people are but grass:",Ninguno
Isaiah,40,8,"יבש חציר נבל ציץ ודבראלהינו יקום לעולם&nbsp;<span class=""mam-spi-samekh"">{ס}</span>&nbsp;&nbsp;&nbsp;&nbsp;&nbsp;&nbsp;&nbsp;&nbsp;","Grass withers, flowers fade—But the word of our God is always fulfilled!”",Ninguno
Isaiah,40,9,על הרגבה עלילך מבשרת ציון הרימי בכח קולך מבשרת ירושל͏ם הרימי אלתיראי אמרי לערי יהודה הנה אלהיכם,"Ascend a lofty mountain,O herald of joy to Zion;Raise your voice with power,O herald of joy to Jerusalem—Raise it, have no fear;Announce to the cities of Judah:Behold your God!",Ninguno
Isaiah,40,10,הנה אדני יהוה בחזק יבוא וזרעו משלה לו הנה שכרו אתו ופעלתו לפניו,"Behold, my Sovereign  GOD comes in might—Whose arm wins triumph;See, [God] has brought along the reward,The recompensecthe reward, / The recompense To present to the cities of Judah; cf. Jer. 31.14, 16. is in view.",Ninguno
Isaiah,40,11,"כרעה עדרו ירעה בזרעו יקבץ טלאים ובחיקו ישא עלות ינהל&nbsp;<span class=""mam-spi-samekh"">{ס}</span>&nbsp;&nbsp;&nbsp;&nbsp;&nbsp;&nbsp;&nbsp;&nbsp;","Like a shepherd who pastures the flock,[God] gathers up the lambsAnd carries them in an embrace,While gently driving the mother sheep.",Ninguno
Isaiah,40,12,מימדד בשעלו מים ושמים בזרת תכן וכל בשלש עפר הארץ ושקל בפלס הרים וגבעות במאזנים,"Who measured the waters with a hand’s hollow,And gauged the skies with a span,And meted earth’s dust with a measure,dmeasure Heb. shalish “third,” probably a third of an ephah. And weighed the mountains with a scaleAnd the hills with a balance?",Ninguno
Isaiah,40,13,מיתכן אתרוח יהוה ואיש עצתו יודיענו,Who has plumbed the mind of  GOD?Can anyone disclose God’s plan?,Ninguno
Isaiah,40,14,אתמי נועץ ויבינהו וילמדהו בארח משפט וילמדהו דעת ודרך תבונות יודיענו,"Whom did [God] consult, and who bestowed understanding,Providing guidance in the way of right?Who guided [God] in knowledgeAnd made known the path of wisdom?",Ninguno
Isaiah,40,15,הן גוים כמר מדלי וכשחק מאזנים נחשבו הן איים כדק יטול,"The nations are but a drop in a bucket,Reckoned as dust on a balance;The very coastlands are lifted like motes.",Ninguno
Isaiah,40,16,"ולבנון אין די בער וחיתו אין די עולה&nbsp;<span class=""mam-spi-pe"">{פ}</span><br>","Lebanon is not fuel enough,Nor its beasts enough for sacrifice.",Ninguno
Isaiah,40,17,כלהגוים כאין נגדו מאפס ותהו נחשבולו,"All nations are as naught in God’s sight,Who accounts them as less than nothing.",Ninguno
Isaiah,40,18,ואלמי תדמיון אל ומהדמות תערכו לו,"To whom, then, can you liken God,With what form can you make comparison?",Ninguno
Isaiah,40,19,הפסל נסך חרש וצרף בזהב ירקענו ורתקות כסף צורף,"The idol? A woodworker shaped it,And a smith overlaid it with gold,Forging links of silver.eForging links of silver Meaning of Heb. uncertain. ",Ninguno
Isaiah,40,20,"המסכן תרומה עץ לאירקב יבחר חרש חכם יבקשלו להכין פסל לא ימוט&nbsp;<span class=""mam-spi-samekh"">{ס}</span>&nbsp;&nbsp;&nbsp;&nbsp;&nbsp;&nbsp;&nbsp;&nbsp;","As a gift, someone chooses the mulberryfmulberry Heb. mesukkan; according to a Jewish tradition, preserved by Jerome, a kind of wood; a similar word denotes a kind of wood in Akkadian.—A wood that does not rot—Then seeks a skillful woodworkerTo make a firm idol,That will not topple.",Ninguno
Isaiah,40,21,הלוא תדעו הלוא תשמעו הלוא הגד מראש לכם הלוא הבינותם מוסדות הארץ,Do you not know?Have you not heard?Have you not been toldFrom the very first?Have you not discernedHow the earth was founded?gHow the earth was founded Meaning of Heb. uncertain. ,Ninguno
Isaiah,40,22,הישב עלחוג הארץ וישביה כחגבים הנוטה כדק שמים וימתחם כאהל לשבת,"It is [God] who is enthroned above the vault of the earth,So that its inhabitants seem as grasshoppers;Who spread out the skies like gauze,Stretched them out like a tent to dwell in—",Ninguno
Isaiah,40,23,הנותן רוזנים לאין שפטי ארץ כתהו עשה,"Bringing potentates to naught,Making rulers of the earth as nothing.",Ninguno
Isaiah,40,24,"אף בלנטעו אף בלזרעו אף בלשרש בארץ גזעם וגםנשף בהם ויבשו וסערה כקש תשאם&nbsp;<span class=""mam-spi-samekh"">{ס}</span>&nbsp;&nbsp;&nbsp;&nbsp;&nbsp;&nbsp;&nbsp;&nbsp;","Hardly are they planted,Hardly are they sown,Hardly has their stemTaken root in earth,When [God] blows upon them and they dry up,And the storm bears them off like straw.",Ninguno
Isaiah,40,25,ואלמי תדמיוני ואשוה יאמר קדוש,"To whom, then, can you liken Me,To whom can I be compared?—says the Holy One.",Ninguno
Isaiah,40,26,"שאומרום עיניכם וראו מיברא אלה המוציא במספר צבאם לכלם בשם יקרא מרב אונים ואמיץ כח איש לא נעדר&nbsp;<span class=""mam-spi-samekh"">{ס}</span>&nbsp;&nbsp;&nbsp;&nbsp;&nbsp;&nbsp;&nbsp;&nbsp;","Lift high your eyes and see:Who created these?The One who sends out their host by count,Who calls them each by name:Given such great might and vast power,Not one fails to appear.",Ninguno
Isaiah,40,27,למה תאמר יעקב ותדבר ישראל נסתרה דרכי מיהוה ומאלהי משפטי יעבור,"Why do you say, O Jacob,Why declare, O Israel,“My way is hid from  GOD,My cause is ignored by my God”?",Ninguno
Isaiah,40,28,הלוא ידעת אםלא שמעת אלהי עולם&thinsp;<small></small>&thinsp;יהוה בורא קצות הארץ לא ייעף ולא ייגע אין חקר לתבונתו,"Do you not know?Have you not heard? The ETERNAL  is God from of old,Creator of the earth from end to end,Who never grows faint or weary,Whose wisdom cannot be fathomed—",Percepción (Yada)
Isaiah,40,29,נתן ליעף כח ולאין אונים עצמה ירבה,"Who gives strength to the weary,Fresh vigor to the spent.",Ninguno
Isaiah,40,30,ויעפו נערים ויגעו ובחורים כשול יכשלו,"Youths may grow faint and weary,And young men stumble and fall;",Ninguno
Isaiah,40,31,"וקוי יהוה יחליפו כח יעלו אבר כנשרים ירוצו ולא ייגעו ילכו ולא ייעפו&nbsp;<span class=""mam-spi-samekh"">{ס}</span>&nbsp;&nbsp;&nbsp;&nbsp;&nbsp;&nbsp;&nbsp;&nbsp;","But they who trust in  GOD shall renew their strengthAs eagles grow new plumes:hAs eagles grow new plumes Alluding to a popular belief that eagles regain their youth when they molt; cf. Ps. 103.5. They shall run and not grow weary,They shall march and not grow faint.",Ninguno
Isaiah,41,1,החרישו אלי איים ולאמים יחליפו כח יגשו אז ידברו יחדו למשפט נקרבה,"Stand silent before Me, coastlands,And let nations renew their strength.arenew their strength Connection of Heb. uncertain. Let them approach to state their case;Let us come forward together for argument.",Ninguno
Isaiah,41,2,מי העיר ממזרח צדק יקראהו לרגלו יתן לפניו גוים ומלכים ירד יתן כעפר חרבו כקש נדף קשתו,"Who has roused a victorbvictor Lit. “victory.” from the East,Summoned him to God’s service?Has delivered up nations to him,And trodden sovereigns down?Has rendered theirctheir Heb. “his.” swords like dust,Theirdtheir Heb. “his.” bows like wind-blown straw?",Ninguno
Isaiah,41,3,ירדפם יעבור שלום ארח ברגליו לא יבוא,"He pursues them, he goes on unscathed;No shackleeshackle ʼrḥ has this meaning in Old Aramaic. is placed on his feet.",Ninguno
Isaiah,41,4,מיפעל ועשה קרא הדרות מראש אני יהוה ראשון ואתאחרנים אניהוא,"Who has wrought and achieved this?The One who announced the generations from the start—I,  GOD, who was firstAnd will be with the last as well.",Ninguno
Isaiah,41,5,ראו איים ויראו קצות הארץ יחרדו קרבו ויאתיון,"The coastlands look on in fear,The ends of earth tremble.The craftsmenfThe craftsmen Heb. “They.” draw near and come;",Ninguno
Isaiah,41,6,איש אתרעהו יעזרו ולאחיו יאמר חזק,"Each one helps the other,Saying to his fellow, “Take courage!”",Ninguno
Isaiah,41,7,"ויחזק חרש אתצרף מחליק פטיש אתהולם פעם אמר לדבק טוב הוא ויחזקהו במסמרים לא ימוט&nbsp;<span class=""mam-spi-samekh"">{ס}</span>&nbsp;&nbsp;&nbsp;&nbsp;&nbsp;&nbsp;&nbsp;&nbsp;","The woodworker encourages the smith;He who flattens with the hammer[Encourages] him who pounds the anvil.He says of the riveting, “It is good!”And he fixes it with nails,That it may not topple.",Ninguno
Isaiah,41,8,ואתה ישראל עבדי יעקב אשר בחרתיך זרע אברהם אהבי,"But you, Israel, My servant,Jacob, whom I have chosen,Seed of Abraham My friend—",Ninguno
Isaiah,41,9,אשר החזקתיך מקצות הארץ ומאציליה קראתיך ואמר לך עבדיאתה בחרתיך ולא מאסתיך,"You whom I drew from the ends of the earthAnd called from its far corners,To whom I said: You are My servant;I chose you, I have not rejected you—",Ninguno
Isaiah,41,10,אלתירא כי עמךאני אלתשתע כיאני אלהיך אמצתיך אףעזרתיך אףתמכתיך בימין צדקי,"Fear not, for I am with you,Be not frightened, for I am your God;I strengthen you and I help you,I uphold you with My victorious right hand.",Control/Derecha (Yamin)
Isaiah,41,11,הן יבשו ויכלמו כל הנחרים בך יהיו כאין ויאבדו אנשי ריבך,Shamed and chagrined shall beAll who contend with you;They who strive with youShall become as naught and shall perish.,Ninguno
Isaiah,41,12,תבקשם ולא תמצאם אנשי מצתך יהיו כאין וכאפס אנשי מלחמתך,"You may seek, but shall not findThose who struggle with you;Less than nothing shall beThe men who battle against you.",Ninguno
Isaiah,41,13,"כי אני יהוה אלהיך מחזיק ימינך האמר לך אלתירא אני עזרתיך&nbsp;<span class=""mam-spi-samekh"">{ס}</span>&nbsp;&nbsp;&nbsp;&nbsp;&nbsp;&nbsp;&nbsp;&nbsp;","For I  the ETERNAL One am your God,Who grasped your right hand,Who say to you: Have no fear;I will be your help.",Ninguno
Isaiah,41,14,אלתיראי תולעת יעקב מתי ישראל אני עזרתיך נאםיהוה וגאלך קדוש ישראל,"Fear not, O worm Jacob,O men ofgmen of Emendation yields “maggot.” Israel: I  will help you—declares  GOD— I  your Redeemer, the Holy One of Israel.",Ninguno
Isaiah,41,15,הנה שמתיך למורג חרוץ חדש בעל פיפיות תדוש הרים ותדק וגבעות כמץ תשים,"I will make of you a threshing board,A new thresher, with many spikes;You shall thresh mountains to dust,And make hills like chaff.",Ninguno
Isaiah,41,16,"תזרם ורוח תשאם וסערה תפיץ אותם ואתה תגיל ביהוה בקדוש ישראל תתהלל&nbsp;<span class=""mam-spi-samekh"">{ס}</span>&nbsp;&nbsp;&nbsp;&nbsp;&nbsp;&nbsp;&nbsp;&nbsp;","You shall winnow themAnd the wind shall carry them off;The whirlwind shall scatter them.But you shall rejoice in  GOD,And glory in the Holy One of Israel.",Ninguno
Isaiah,41,17,העניים והאביונים מבקשים מים ואין לשונם בצמא נשתה אני יהוה אענם אלהי ישראל לא אעזבם,"The poor and the needySeek water,hSeek water On the homeward march through the desert. and there is none;Their tongue is parched with thirst.I  GOD will respond to them.I, the God of Israel, will not forsake them.",Ninguno
Isaiah,41,18,אפתח עלשפיים נהרות ובתוך בקעות מעינות אשים מדבר לאגםמים וארץ ציה למוצאי מים,"I will open up streams on the bare hillsAnd fountains amid the valleys;I will turn the desert into ponds,The arid land into springs of water.",Ninguno
Isaiah,41,19,אתן במדבר ארז שטה והדס ועץ שמן אשים בערבה ברוש תדהר ותאשור יחדו,"I will plant cedars in the wilderness,Acacias and myrtles and oleasters;I will set cypresses in the desert,Box trees and elms as well—",Ninguno
Isaiah,41,20,"למען יראו וידעו וישימו וישכילו יחדו כי ידיהוה עשתה זאת וקדוש ישראל בראה&nbsp;<span class=""mam-spi-pe"">{פ}</span><br>","That all may see and know,Consider and comprehendThat  GOD’s hand has done this,That the Holy One of Israel has wrought it.",Percepción (Yada)
Isaiah,41,21,קרבו ריבכם יאמר יהוה הגישו עצמותיכם יאמר מלך יעקב,"Submit your case, says  GOD;Offer your pleas, says the KingiKing I.e., the One who settles disputes between subjects. of Jacob.",Ninguno
Isaiah,41,22,יגישו ויגידו לנו את אשר תקרינה הראשנות&thinsp;<b></b> מה הנה הגידו ונשימה לבנו ונדעה אחריתן או הבאות השמיענו,"Let them approachjapproach Taking yaggishu intransitively; cf. hiqriv in Exod. 14.10. and tell us what will happen.Tell us what has occurred,koccurred I.e., former prophecies by your gods that have been fulfilled. And we will take note of it;Or announce to us what will occur,That we may know the outcome.",Ninguno
Isaiah,41,23,"הגידו האתיות לאחור ונדעה כי אלהים אתם אףתיטיבו ותרעו ונשתעה <span class=""mam-kq""><span class=""mam-kq-k"">(ונרא)</span> <span class=""mam-kq-q"">[ונראה]</span></span> יחדו","Foretell what is yet to happen,That we may know that you are gods!Do anything, good or bad,That we may be awed and see.lsee Change of vocalization yields “fear”; cf. v. 10. ",Ninguno
Isaiah,41,24,"הןאתם מאין ופעלכם מאפע תועבה יבחר בכם&nbsp;<span class=""mam-spi-pe"">{פ}</span><br>","Why, you are less than nothing,Your effect is less than nullity;One who chooses you is an abomination.",Ninguno
Isaiah,41,25,העירותי מצפון ויאת ממזרחשמש יקרא בשמי ויבא סגנים כמוחמר וכמו יוצר ירמסטיט,"I have roused him from the north, and he has come,From the sunrise, one who invokes My name;And he has trampled rulers like mud,Like a potter treading clay.",Ninguno
Isaiah,41,26,מיהגיד מראש ונדעה ומלפנים ונאמר צדיק אף איןמגיד אף אין משמיע אף איןשמע אמריכם,"Who foretold this from the start, that we may note it;From aforetime, that we might say, “You aremYou are Heb. “He is.” right”?Not one foretold, not one announced;No one has heard your utterance!",Ninguno
Isaiah,41,27,ראשון לציון הנה הנם ולירושל͏ם מבשר אתן,"The things once predicted to Zion—Behold, here they are!nThe things … here they are Meaning of Heb. uncertain. And again I send a herald to Jerusalem.",Ninguno
Isaiah,41,28,וארא ואין איש ומאלה ואין יועץ ואשאלם וישיבו דבר,But I look and there is no one;othere is no one Participating in the proposed legal contest; see v. 21. Not one of them can predictOr can respond when I question them.,Ninguno
Isaiah,41,29,"הן כלם און אפס מעשיהם רוח ותהו נסכיהם&nbsp;<span class=""mam-spi-pe"">{פ}</span><br>","See, they are all nothingness,Their works are nullity,Their statues are naught and nil.",Ninguno
Isaiah,42,1,הן עבדי אתמךבו בחירי רצתה נפשי נתתי רוחי עליו משפט לגוים יוציא,"This is My servant, whom I uphold,My chosen one, in whom I delight.I have put My spirit upon him,He shall teach the true way to the nations.",Ninguno
Isaiah,42,2,לא יצעק ולא ישא ולאישמיע בחוץ קולו,"He shall not cry out or shout aloud,Or make his voice heard in the streets.",Ninguno
Isaiah,42,3,קנה רצוץ לא ישבור ופשתה כהה לא יכבנה לאמת יוציא משפט,"He shall not break even a bruised reed,Or snuff out even a dim wick.aHe shall not break even a bruised reed, / Or snuff out even a dim wick Or “A bruised reed, he shall not be broken; / A dim wick, he shall not be snuffed out.” He shall bring forth the true way.",Ninguno
Isaiah,42,4,"לא יכהה ולא ירוץ עדישים בארץ משפט ולתורתו איים ייחלו&nbsp;<span class=""mam-spi-pe"">{פ}</span><br>",He shall not grow dim or be bruisedTill he has established the true way on earth;And the coastlands shall await his teaching.,Ninguno
Isaiah,42,5,כהאמר האל&thinsp;<small></small>&thinsp;יהוה בורא השמים ונוטיהם רקע הארץ וצאצאיה נתן נשמה לעם עליה ורוח להלכים בה,"Thus said  the ETERNAL God,Who created the heavens and stretched them out,Who spread out the earth and what it brings forth,Who gave breath to the people upon itAnd life to those who walk thereon:",Ninguno
Isaiah,42,6,אני יהוה קראתיך בצדק ואחזק בידך ואצרך ואתנך לברית עם לאור גוים,"I  GOD, in My grace, have summoned you,And I have grasped you by the hand.I created you, and appointed youA covenant people,bcovenant people Lit. “covenants of a people”; meaning of Heb. uncertain. a light of nationsca light of nations See 49.6 and note.—",Ninguno
Isaiah,42,7,לפקח עינים עורות להוציא ממסגר אסיר מבית כלא ישבי חשך,"Opening eyes deprived of light,dOpening eyes deprived of light An idiom meaning “freeing the imprisoned”; cf. 61.1. Rescuing prisoners from confinement,From the dungeon those who sit in darkness.",Ninguno
Isaiah,42,8,אני יהוה הוא שמי וכבודי לאחר לאאתן ותהלתי לפסילים,"I am  GOD, that is My name;I will not yield My glory to another,Nor My renown to idols.",Ninguno
Isaiah,42,9,"הראשנות הנהבאו וחדשות אני מגיד בטרם תצמחנה אשמיע אתכם&nbsp;<span class=""mam-spi-pe"">{פ}</span><br>","See, the things once predicted have come,And now I foretell new things,Announce to you ere they sprout up.",Ninguno
Isaiah,42,10,שירו ליהוה שיר חדש תהלתו מקצה הארץ יורדי הים ומלאו איים וישביהם,"Sing to  GOD a new song,Praise from the ends of the earth—You who sail the sea and you creatures in it,You coastlandseYou who sail the sea and you creatures in it, / You coastlands Emendation yields “Let the sea roar and its creatures, / The coastlands…” Cf. Ps. 98.7. and their inhabitants!",Ninguno
Isaiah,42,11,ישאו מדבר ועריו חצרים תשב קדר ירנו ישבי סלע מראש הרים יצוחו,"Let the desert and its towns cry aloud,The villages where Kedar dwells;Let Sela’s inhabitants shout,Call out from the peaks of the mountains.",Ninguno
Isaiah,42,12,ישימו ליהוה כבוד ותהלתו באיים יגידו,"Let them do honor to  GOD,And tell God’s glory in the coastlands.",Ninguno
Isaiah,42,13,"יהוה כגבור יצא כאיש מלחמות יעיר קנאה יריע אףיצריח עלאיביו יתגבר&nbsp;<span class=""mam-spi-samekh"">{ס}</span>&nbsp;&nbsp;&nbsp;&nbsp;&nbsp;&nbsp;&nbsp;&nbsp;","  GOD   goes forth like a warrior,Whipping up rage like a fighter—Yelling, roaring aloud,Then charging upon the enemy.",Ninguno
Isaiah,42,14,החשיתי מעולם אחריש אתאפק כיולדה אפעה אשם ואשאף יחד,"“I have kept silent far too long,ffar too long Lit. “from of old.” Kept still and restrained Myself;Now I will scream like a woman in labor,I will pant and I will gasp.",Ninguno
Isaiah,42,15,אחריב הרים וגבעות וכלעשבם אוביש ושמתי נהרות לאיים ואגמים אוביש,"Hills and heights will I scorch,Cause all their green to wither;I will turn rivers into isles,gisles Emendation yields “desert.” And dry the marshes up.",Ninguno
Isaiah,42,16,והולכתי עורים בדרך לא ידעו בנתיבות לאידעו אדריכם אשים מחשך לפניהם לאור ומעקשים למישור אלה הדברים עשיתם ולא עזבתים,"I will lead the blindBy a road they did not know,And I will make them walkBy paths they never knew.I will turn darkness before them to light,Rough places into level ground.These are the promises—I will keep them without fail.",Percepción (Yada)
Isaiah,42,17,"נסגו אחור יבשו בשת הבטחים בפסל האמרים למסכה אתם אלהינו&nbsp;<span class=""mam-spi-pe"">{פ}</span><br>","Driven back and utterly shamedShall be those who trust in an image,Those who say to idols,‘You are our gods!’”",Ninguno
Isaiah,42,18,החרשים שמעו והעורים הביטו לראות,"Listen, you who are deaf;You blind ones, look up and see!",Ninguno
Isaiah,42,19,מי עור כי אםעבדי וחרש כמלאכי אשלח מי עור כמשלם ועור כעבד יהוה,"Who is so blind as My servant,So deaf as the messenger I send?Who is so blind as the chosenhchosen Meaning of Heb. uncertain. one,So blind as  GOD’s servant?",Ninguno
Isaiah,42,20,"<span class=""mam-kq""><span class=""mam-kq-k"">(ראית)</span> <span class=""mam-kq-q"">[ראות]</span></span> רבות ולא תשמר פקוח אזנים ולא ישמע","Seeing many things, he givesihe gives Heb. “you give.” no heed;With ears open, he hears nothing.",Ninguno
Isaiah,42,21,יהוה חפץ למען צדקו יגדיל תורה ויאדיר,"jMeaning of verse uncertain; cf. 43.9–12.   GOD  desires his vindication,That he may magnify and glorify the Teaching.",Ninguno
Isaiah,42,22,והוא עםבזוז ושסוי הפח בחורים כלם ובבתי כלאים החבאו היו לבז ואין מציל משסה ואיןאמר השב,"Yet it is a people plundered and despoiled:All of them are trapped in holes,Imprisoned in dungeons.They are given over to plunder, with none to rescue them;To despoilment, with none to say “Give back!”",Ninguno
Isaiah,42,23,מי בכם יאזין זאת יקשב וישמע לאחור,"If only you would listen to this,Attend and give heed from now on!",Ninguno
Isaiah,42,24,"מינתן <span class=""mam-kq""><span class=""mam-kq-k"">(למשוסה)</span> <span class=""mam-kq-q"">[למשסה]</span></span> יעקב וישראל לבזזים הלוא יהוה זו חטאנו לו ולאאבו בדרכיו הלוך ולא שמעו בתורתו","Who was it gave Jacob over to despoilmentAnd Israel to plunderers?Surely,  GOD—against whom theykthey Heb. “we.” sinned,In whose ways they would not walk,And whose Teaching they would not obey—",Ninguno
Isaiah,42,25,וישפך עליו חמה אפו ועזוז מלחמה ותלהטהו מסביב ולא ידע ותבערבו ולאישים עללב,"Who poured out wrath,Anger, and the fury of war upon them.It blazed upon them all about, but they heeded not;It burned among them, but they gave it no thought.",Percepción (Yada)
Isaiah,43,1,ועתה כהאמר יהוה בראך יעקב ויצרך ישראל אלתירא כי גאלתיך קראתי בשמך ליאתה,"But now thus said  GOD—Who created you, O Jacob,Who formed you, O Israel:Fear not, for I will redeem you;I have singled you out by name,You are Mine.",Ninguno
Isaiah,43,2,כיתעבר במים אתךאני ובנהרות לא ישטפוך כיתלך במואש לא תכוה ולהבה לא תבערבך,"When you pass through water,I will be with you;Through streams,They shall not overwhelm you.When you walk through fire,You shall not be scorched;Through flame,It shall not burn you.",Ninguno
Isaiah,43,3,כי אני יהוה אלהיך קדוש ישראל מושיעך נתתי כפרך מצרים כוש וסבא תחתיך,"For I  the ETERNAL am your God,The Holy One of Israel, your Savior.I give Egypt as a ransom for you,Cush and Saba in exchange for you.",Ninguno
Isaiah,43,4,מאשר יקרת בעיני נכבדת ואני אהבתיך ואתן אדם תחתיך ולאמים תחת נפשך,"Because you are precious to Me,And honored, and I love you,I give people in exchange for youAnd nations in your stead.",Ninguno
Isaiah,43,5,אלתירא כי אתךאני ממזרח אביא זרעך וממערב אקבצך,"Fear not, for I am with you:I will bring your folk from the East,Will gather you out of the West;",Ninguno
Isaiah,43,6,אמר לצפון תני ולתימן אלתכלאי הביאי בני מרחוק ובנותי מקצה הארץ,"I will say to the North, “Give back!”And to the South, “Do not withhold!Bring My sons from afar,And My daughters from the end of the earth—",Ninguno
Isaiah,43,7,כל הנקרא בשמי ולכבודי בראתיו יצרתיו אףעשיתיו,"All who are linked to My name,Whom I have created,Formed, and made for My glory—",Ninguno
Isaiah,43,8,הוציא עםעור ועינים יש וחרשים ואזנים למו,"Setting free that people,Blind though it has eyesAnd deaf though it has ears.”",Ninguno
Isaiah,43,9,כלהגוים נקבצו יחדו ויאספו לאמים מי בהם יגיד זאת וראשנות ישמיענו יתנו עדיהם ויצדקו וישמעו ויאמרו אמת,"All the nations assemble as one,The peoples gather.Who among them declared this,Foretold to us the things that have happened?Let them produce their witnesses and be vindicated,That people, hearing them, may say, “It is true!”aIt is true That the other nations’ gods are real. ",Ninguno
Isaiah,43,10,"אתם עדי נאםיהוה ועבדי אשר בחרתי למען תדעו ותאמינו לי ותבינו כיאני הוא לפני לאנוצר אל ואחרי לא יהיה&nbsp;<span class=""mam-spi-samekh"">{ס}</span>&nbsp;&nbsp;&nbsp;&nbsp;&nbsp;&nbsp;&nbsp;&nbsp;","My witnesses are  you —declares  GOD—My servant, whom I have chosen.To the end that youbyou Emendation yields “they.” may take thought,And believe in Me,And understand that I am the One:Before Me no god was formed,And after Me none shall exist—",Ninguno
Isaiah,43,11,אנכי אנכי יהוה ואין מבלעדי מושיע,"None but me,  GOD;Beside Me, none can grant triumph.",Ninguno
Isaiah,43,12,אנכי הגדתי והושעתי והשמעתי ואין בכם זר ואתם עדי נאםיהוה ואניאל,"I alone foretold the triumphAnd I brought it to pass;I announced it,And no strange god was among you.So you are My witnesses—declares  GOD—And I am God.",Ninguno
Isaiah,43,13,"גםמיום אני הוא ואין מידי מציל אפעל ומי ישיבנה&nbsp;<span class=""mam-spi-samekh"">{ס}</span>&nbsp;&nbsp;&nbsp;&nbsp;&nbsp;&nbsp;&nbsp;&nbsp;","Ever since day was, I am the One;None can deliver from My hand.When I act, who can reverse it?",Ninguno
Isaiah,43,14,כהאמר יהוה גאלכם קדוש ישראל למענכם שלחתי בבלה והורדתי בריחים כלם וכשדים באניות רנתם,"Thus said  GOD,Your Redeemer, the Holy One of Israel:For your sake I send to Babylon;I will bring down all [her] bars,And the Chaldeans shall raise their voice in lamentation.cI send to Babylon … in lamentation Meaning of Heb. uncertain. ",Ninguno
Isaiah,43,15,"אני יהוה קדושכם בורא ישראל מלככם&nbsp;<span class=""mam-spi-samekh"">{ס}</span>&nbsp;&nbsp;&nbsp;&nbsp;&nbsp;&nbsp;&nbsp;&nbsp;","I am your Holy One,  GOD,Your Sovereign, the Creator of Israel.",Ninguno
Isaiah,43,16,כה אמר יהוה הנותן בים דרך ובמים עזים נתיבה,"Thus said  GOD,Who made a road through the seaAnd a path through mighty waters,",Ninguno
Isaiah,43,17,המוציא רכבוסוס חיל ועזוז יחדו ישכבו בליקומו דעכו כפשתה כבו,"Who destroyedddestroyed Understanding hoṣiʼ, here, as equivalent to Aramaic sheṣi. chariots and horses,And all the mighty host—They lay down to rise no more,They were extinguished, quenched like a wick:",Ninguno
Isaiah,43,18,אלתזכרו ראשנות וקדמניות אלתתבננו,"Do not recall what happened of old,Or ponder what happened of yore!",Ninguno
Isaiah,43,19,הנני עשה חדשה עתה תצמח הלוא תדעוה אף אשים במדבר דרך בישמון נהרות,"I am about to do something new;Even now it shall come to pass,Suddenly you shall perceive it:I will make a road through the wildernessAnd riverserivers 1QIsᵃ reads “paths”; cf. v. 16. in the desert.",Ninguno
Isaiah,43,20,תכבדני חית השדה תנים ובנות יענה כינתתי במדבר מים נהרות בישימן להשקות עמי בחירי,"The wild beasts shall honor Me,Jackals and ostriches,For I provide water in the wilderness,Rivers in the desert,To give drink to My chosen people,",Ninguno
Isaiah,43,21,"עםזו יצרתי לי תהלתי יספרו&nbsp;<span class=""mam-spi-samekh"">{ס}</span>&nbsp;&nbsp;&nbsp;&nbsp;&nbsp;&nbsp;&nbsp;&nbsp;",The people I formed for MyselfThat they might declare My praise.,Ninguno
Isaiah,43,22,ולאאתי קראת יעקב כייגעת בי ישראל,"But you have not worshiped Me, O Jacob,That you should be weary of Me, O Israel.",Ninguno
Isaiah,43,23,לאהביאת לי שה עלתיך וזבחיך לא כבדתני לא העבדתיך במנחה ולא הוגעתיך בלבונה,"You have not brought Me your sheep for burnt offerings,Nor honored Me with your sacrifices.I have not burdened you with grain offerings,Nor wearied you about frankincense.",Ninguno
Isaiah,43,24,לאקנית לי בכסף קנה וחלב זבחיך לא הרויתני אך העבדתני בחטאותיך הוגעתני בעונתיך,"You have not bought Me fragrant reed with money,Nor sated Me with the fat of your sacrifices.Instead, you have burdened Me with your sins,You have wearied Me with your iniquities.",Ninguno
Isaiah,43,25,אנכי אנכי הוא מחה פשעיך למעני וחטאתיך לא אזכר,"It is I, I who—for My own sakeffor My own sake I.e., in order to put an end to the profanation of My holy name; cf. 48.9–11.—Wipe your transgressions awayAnd remember your sins no more.",Ninguno
Isaiah,43,26,הזכירני נשפטה יחד ספר אתה למען תצדק,"Help me remember!Let us join in argument,Tell your version,That you may be vindicated.",Ninguno
Isaiah,43,27,אביך הראשון חטא ומליציך פשעו בי,"Your earliest ancestor sinned,And your spokesmen transgressed against Me.",Ninguno
Isaiah,43,28,"ואחלל שרי קדש ואתנה לחרם יעקב וישראל לגדופים&nbsp;<span class=""mam-spi-pe"">{פ}</span><br>",So I profaned the holy princes;gthe holy princes Emendation yields “My holy name”; see preceding note. I abandoned Jacob to proscriptionhproscription Emendation yields “insult.” And Israel to mockery.,Ninguno
Isaiah,44,1,ועתה שמע יעקב עבדי וישראל בחרתי בו,"But hear, now, O Jacob My servant,Israel whom I have chosen!",Ninguno
Isaiah,44,2,כהאמר יהוה עשך ויצרך מבטן יעזרך אלתירא עבדי יעקב וישרון בחרתי בו,"Thus said  GOD, your Maker,Your Creator who has helped you since birth:Fear not, My servant Jacob,JeshurunaJeshurun A poetic name for Israel. whom I have chosen,",Ninguno
Isaiah,44,3,כי אצקמים עלצמא ונזלים עליבשה אצק רוחי עלזרעך וברכתי עלצאצאיך,"Even as I pour water on thirsty soil,And rain upon dry ground,So will I pour My spirit on your offspring,My blessing upon your posterity.",Ninguno
Isaiah,44,4,וצמחו בבין חציר כערבים עליבלימים,"And they shall sprout likeblike Lit. “in among.” grass,Like willows by watercourses.",Separación (Beyn)
Isaiah,44,5,"זה יאמר ליהוה אני וזה יקרא בשםיעקב וזה יכתב ידו ליהוה ובשם ישראל יכנה&nbsp;<span class=""mam-spi-pe"">{פ}</span><br>","One shall say, “I am  GOD’s,”Another shall use the name of “Jacob,”Another shall mark his arm “of  GOD”cof GOD It was customary to mark a slave with the owner’s name. And adopt the name of “Israel.”",Ninguno
Isaiah,44,6,כהאמר יהוה מלךישראל וגאלו יהוה צבאות אני ראשון ואני אחרון ומבלעדי אין אלהים,"Thus said  GOD, the Sovereign of Israel,Their Redeemer,  GOD of Hosts:I am the first and I am the last,And there is no god but Me.",Ninguno
Isaiah,44,7,ומיכמוני יקרא ויגידה ויערכה לי משומי עםעולם ואתיות ואשר תבאנה יגידו למו,"dMeaning of verse uncertain. Who like Me can announce,Can foretell it—and match Me thereby?Even as I told the future to an ancient people,So let anyone foretell coming events to them.",Ninguno
Isaiah,44,8,אלתפחדו ואלתרהו הלא מאז השמעתיך והגדתי ואתם עדי היש אלוה מבלעדי ואין צור בלידעתי,"Do not be frightened, do not be shaken!Have I not from of old predicted to you?I foretold, and you are My witnesses.Is there any god, then, but Me?“There is no other rock; I know none!”",Percepción (Yada)
Isaiah,44,9,יצריפסל כלם תהו וחמודיהם בליועילו ועדיהם המה בליראו ובלידעו למען יבשו,"The makers of idolsAll work to no purpose;And the things they treasureCan do no good,As they themselves can testify.They neither look nor think,And so they shall be shamed.",Percepción (Yada)
Isaiah,44,10,מייצר אל ופסל נסך לבלתי הועיל,Who would fashion a godOr cast a statueThat can do no good?,Ninguno
Isaiah,44,11,הן כלחבריו יבשו וחרשים המה מאדם יתקבצו כלם יעמדו יפחדו יבשו יחד,"Lo, all its adherents shall be shamed;They are craftsmen, are merely human.Let them all assemble and stand up!They shall be cowed, and they shall be shamed.",Ninguno
Isaiah,44,12,חרש ברזל מעצד ופעל בפחם ובמקבות יצרהו ויפעלהו בזרוע כחו גםרעב ואין כח לאשתה מים וייעף,"eThe meaning of parts of this verse and the next is uncertain. The craftsman in iron, with his tools,Works itfit I.e., the image he is making. over charcoalAnd fashions it by hammering,Working with the strength of his arm.Should he go hungry, his strength would ebb;Should he drink no water, he would grow faint.",Ninguno
Isaiah,44,13,חרש עצים נטה קו יתארהו בשרד יעשהו במקצעות ובמחוגה יתארהו ויעשהו כתבנית איש כתפארת אדם לשבת בית,"The craftsman in wood measures with a lineAnd marks out a shape with a stylus;He forms it with scraping tools,Marking it out with a compass.He gives it the form of a person—Human beauty, to dwell in a shrine.",Ninguno
Isaiah,44,14,לכרתלו ארזים ויקח תרזה ואלון ויאמץלו בעצייער נטע אר<small>ן</small> וגשם יגדל,"For his use he cuts down cedars;He chooses plane trees and oaks.He sets aside trees of the forest;Or plants firs, and the rain makes them grow.",Ninguno
Isaiah,44,15,והיה לאדם לבער ויקח מהם ויחם אףישיק ואפה לחם אףיפעלאל וישתחו עשהו פסל ויסגדלמו,"All this serves a mortal for fuel:He takes some to warm himself,And he builds a fire and bakes bread.He also makes a god of it and worships it,Fashions an idol and bows down to it!",Ninguno
Isaiah,44,16,חציו שרף במואש עלחציו בשר יאכל יצלה צלי וישבע אףיחם ויאמר האח חמותי ראיתי אור,"Part of it he burns in a fire:On that part he roasts meat,He eats the roastghe roasts meat, / He eats the roast Heb. verbs transposed for clarity. and is sated;He also warms himself and cries, “Ah,I am warm! I can feelhfeel Lit. “see.” the heat!”",Ninguno
Isaiah,44,17,"ושאריתו לאל עשה לפסלו <span class=""mam-kq""><span class=""mam-kq-k"">(יסגוד)</span> <span class=""mam-kq-q"">[יסגד]</span></span>לו וישתחו ויתפלל אליו ויאמר הצילני כי אלי אתה","Of the rest he makes a god—his own carving!He bows down to it, worships it;He prays to it and cries,“Save me, for you are my god!”",Ninguno
Isaiah,44,18,לא ידעו ולא יבינו כי טח מראות עיניהם מהשכיל לבתם,"They have no wit or judgment:Their eyes are besmeared, and they see not;Their minds, and they cannot think.",Percepción (Yada)
Isaiah,44,19,ולאישיב אללבו ולא דעת ולאתבונה לאמר חציו שרפתי במואש ואף אפיתי עלגחליו לחם אצלה בשר ואכל ויתרו לתועבה אעשה לבול עץ אסגוד,"They do not give thought,They lack the wit and judgment to say:“Part of it I burned in a fire;I also baked bread on the coals,I roasted meat and ate it—Should I make the rest an abhorrence?Should I bow to a block of wood?”",Ninguno
Isaiah,44,20,"רעה אפר לב הותל הטהו ולאיציל אתנפשו ולא יאמר הלוא שקר בימיני&nbsp;<span class=""mam-spi-samekh"">{ס}</span>&nbsp;&nbsp;&nbsp;&nbsp;&nbsp;&nbsp;&nbsp;&nbsp;","He pursuesipursues Lit. “shepherds.” ashes!A deluded mind has led him astray,And he cannot save himself;He never says to himself,“The thing in my hand is a fraud!”",Ninguno
Isaiah,44,21,זכראלה יעקב וישראל כי עבדיאתה יצרתיך עבדלי אתה ישראל לא תנשני,"Remember these things, O JacobFor you, O Israel, are My servant:I fashioned you, you are My servant—O Israel, never forget Me.jMe Emendation yields “them,” these things. ",Ninguno
Isaiah,44,22,מחיתי כעב פשעיך וכענן חטאותיך שובה אלי כי גאלתיך,"I wipe away your sins like a cloud,Your transgressions like mist—Come back to Me, for I redeem you.",Ninguno
Isaiah,44,23,"רנו שמים כיעשה יהוה הריעו תחתיות ארץ פצחו הרים רנה יער וכלעץ בו כיגאל יהוה יעקב ובישראל יתפאר&nbsp;<span class=""mam-spi-samekh"">{ס}</span>&nbsp;&nbsp;&nbsp;&nbsp;&nbsp;&nbsp;&nbsp;&nbsp;","Shout, O heavens, for  GOD has acted;Shout aloud, O depths of the earth!Shout for joy, O mountains,O forests with all your trees!For  GOD has redeemed Jacob,Has gained glory through Israel.",Ninguno
Isaiah,44,24,"כהאמר יהוה גאלך ויצרך מבטן אנכי יהוה עשה כל נטה שמים לבדי רקע הארץ <span class=""mam-kq""><span class=""mam-kq-k"">(מי אתי)</span> <span class=""mam-kq-q"">[מאתי]</span></span>","Thus said  GOD, your Redeemer,Who formed you in the womb:It is I,  GOD, who made everything,Who alone stretched out the heavensAnd unaidedkunaided Lit. “with none beside me,” or (following many Heb. mss., kethib, and ancient versions) “who was with me?” spread out the earth;",Ninguno
Isaiah,44,25,מפר אתות בדים וקסמים יהולל משיב חכמים אחור ודעתם יסכל,"Who annul the omens of diviners,And make fools of the augurs;Who turn sages backAnd make nonsense of their knowledge;",Ninguno
Isaiah,44,26,מקים דבר עבדו ועצת מלאכיו ישלים האמר לירושל͏ם תושב ולערי יהודה תבנינה וחרבותיה אקומם,"But confirm the word of MylMy Heb. 3rd person. servantAnd fulfill the prediction of MymMy See previous note. messengers.It is I who say of Jerusalem, “It shall be inhabited,”And of the towns of Judah, “They shall be rebuilt;And I will restore their ruined places.”",Ninguno
Isaiah,44,27,האמר לצולה חרבי ונהרתיך אוביש,"[I,] who said to the deep, “Be dry;I will dry up your floods,”",Ninguno
Isaiah,44,28,"האמר לכורש רעי וכלחפצי ישלם ולאמר לירושל͏ם תבנה והיכל תוסד&nbsp;<span class=""mam-spi-pe"">{פ}</span><br>","Am the same who says of Cyrus, “He is My shepherd;nshepherd I.e., the king whom I have designated. He shall fulfill all My purposes!He shall say of Jerusalem, ‘She shall be rebuilt,’And to the temple: ‘You shall be founded again.’”",Ninguno
Isaiah,45,1,כהאמר יהוה למשיחו לכורש אשרהחזקתי בימינו לרדלפניו גוים ומתני מלכים אפתח לפתח לפניו דלתים ושערים לא יסגרו,"Thus said  GOD to Cyrus, the anointed one—HavingaHaving Heb. “I have.” grasped his right hand,bgrasped his…hand Cf. note at 8.11. Treading down nations before him,Ungirding the loins of kings,cUngirding the loins of kings I.e., I made them helpless; one who wished to move freely belted his garment around the waist; cf. “engird,” v. 5. Opening doors before himAnd letting no gate stay shut:",Ninguno
Isaiah,45,2,"אני לפניך אלך והדורים <span class=""mam-kq""><span class=""mam-kq-k"">(אושר)</span> <span class=""mam-kq-q"">[אישר]</span></span> דלתות נחושה אשבר ובריחי ברזל אגדע",I will march before youAnd level the hills that loom up;dthe hills that loom up Meaning of Heb. uncertain. I will shatter doors of bronzeAnd cut down iron bars.,Ninguno
Isaiah,45,3,ונתתי לך אוצרות חשך ומטמני מסתרים למען תדע כיאני יהוה הקורא בשמך אלהי ישראל,"I will give you treasures concealed in the darkAnd secret hoards—So that you may know that it is I  the ETERNAL One,The God of Israel, who call you by name.",Ninguno
Isaiah,45,4,למען עבדי יעקב וישראל בחירי ואקרא לך בשמך אכנך ולא ידעתני,"For the sake of My servant Jacob,Israel My chosen one,I call you by name,I hail you by title, though you have not known Me.",Percepción (Yada)
Isaiah,45,5,אני יהוה ואין עוד זולתי אין אלהים אאזרך ולא ידעתני,"I am  GOD and there is none else;Beside Me, there is no god.I engird you, though you have not known Me,",Percepción (Yada)
Isaiah,45,6,למען ידעו ממזרחשמש וממערבה כיאפס בלעדי אני יהוה ואין עוד,"So that they may know, from east to west,That there is none but Me.I am  GOD and there is none else,",Percepción (Yada)
Isaiah,45,7,"יוצר אור ובורא חשך עשה שלום ובורא רע אני יהוה עשה כלאלה&nbsp;<span class=""mam-spi-pe"">{פ}</span><br>","I form light and create darkness,I make weal and create woe—I  GOD do all these things.",Ninguno
Isaiah,45,8,"הרעיפו שמים ממעל ושחקים יזלוצדק תפתחארץ ויפרוישע וצדקה תצמיח יחד אני יהוה בראתיו&nbsp;<span class=""mam-spi-samekh"">{ס}</span>&nbsp;&nbsp;&nbsp;&nbsp;&nbsp;&nbsp;&nbsp;&nbsp;","Pour down, O skies, from above!Let the heavens rain down victory!Let the earth open up and triumph sprout,Yes, let vindication spring up:I  GOD have created it.",Ninguno
Isaiah,45,9,"הוי רב אתיצרו חרש אתחרשי אדמה היאמר חמר ליצרו מהתעשה ופעלך איןידים לו&nbsp;<span class=""mam-spi-samekh"">{ס}</span>&nbsp;&nbsp;&nbsp;&nbsp;&nbsp;&nbsp;&nbsp;&nbsp;","Shame on anyone who argues with their Maker,Though naught but a potsherd of earth!Shall the clay say to the potter, “What are you doing?Your work has no handles”?eYour work has no handles Emendation yields “To its maker, ‘You have no hands’?” ",Ninguno
Isaiah,45,10,"הוי אמר לאב מהתוליד ולאשה מהתחילין&nbsp;<span class=""mam-spi-samekh"">{ס}</span>&nbsp;&nbsp;&nbsp;&nbsp;&nbsp;&nbsp;&nbsp;&nbsp;","Shame on anyone who asks a father, “What are you begetting?”Or a woman, “What are you bearing?”",Ninguno
Isaiah,45,11,כהאמר יהוה קדוש ישראל ויצרו האתיות שאלוני עלבני ועלפעל ידי תצוני,"Thus said  GOD,Israel’s Holy One and Maker:Will you question MefWill you question Me Heb. imperative. on the destiny of My children,Will you instruct Me about the work of My hands?",Ninguno
Isaiah,45,12,אנכי עשיתי ארץ ואדם עליה בראתי אני ידי נטו שמים וכלצבאם צויתי,"It was I who made the earthAnd created humankind upon it;My own hands stretched out the heavens,And I marshaled all their host.",Ninguno
Isaiah,45,13,"אנכי העירתהו בצדק וכלדרכיו אישר הואיבנה עירי וגלותי ישלח לא במחיר ולא בשחד אמר יהוה צבאות&nbsp;<span class=""mam-spi-samekh"">{ס}</span>&nbsp;&nbsp;&nbsp;&nbsp;&nbsp;&nbsp;&nbsp;&nbsp;","It was I who roused himghim I.e., Cyrus. for victoryAnd who level all roads for him.He shall rebuild My cityAnd let My exiled people goWithout price and without payment—said  GOD of Hosts.",Ninguno
Isaiah,45,14,כה&thinsp;<b></b> אמר יהוה יגיע מצרים וסחרכוש וסבאים אנשי מדה עליך יעברו ולך יהיו אחריך ילכו בזקים יעברו ואליך ישתחוו אליך יתפללו אך בך אל ואין עוד אפס אלהים,"Thus said  GOD:Egypt’s wealth and Cush’s gainsAnd Sabaites, long of limb,hlong of limb Emendation yields “bearing tribute.” For “tribute” cf. Ezra 4.20; 6.8; Neh. 5.4. Shall pass over to you and be yours,Pass over and follow you in fetters,Bow low to youAnd reverently address you:“Only among you is God,There is no other god at all!",Ninguno
Isaiah,45,15,אכן אתה אל מסתתר אלהי ישראל מושיע,"You are indeed a God who hides in concealment,O God of Israel, who brings victory!",Ninguno
Isaiah,45,16,בושו וגםנכלמו כלם יחדו הלכו בכלמה חרשי צירים,Those who fabricate idols—All are shamed and disgraced;They slink away in disgrace together.,Ninguno
Isaiah,45,17,"ישראל נושע ביהוה תשועת עולמים לאתבשו ולאתכלמו עדעולמי עד&nbsp;<span class=""mam-spi-pe"">{פ}</span><br>",But Israel has won through  GOD Triumph everlasting.You shall not be shamed or disgracedIn all the ages to come!”,Ninguno
Isaiah,45,18,כי כה אמריהוה בורא השמים הוא האלהים יצר הארץ ועשה הוא כוננה לאתהו בראה לשבת יצרה אני יהוה ואין עוד,"For thus said  GOD,The Creator of heaven who alone is God,Who formed the earth and made it,Who alone established it—Who did not create it a waste,But formed it for habitation:I am  GOD, and there is none else.",Ninguno
Isaiah,45,19,לא בסתר דברתי במקום ארץ חשך לא אמרתי לזרע יעקב תהו בקשוני אני יהוה דבר צדק מגיד מישרים,"I did not speak in secret,At a site in a land of darkness;I did not say to the stock of Jacob,“Seek Me out in a wasteland”—I  GOD, who foretell reliably,Who announce what is true.",Ninguno
Isaiah,45,20,הקבצו ובאו התנגשו יחדו פליטי הגוים לא ידעו הנשאים אתעץ פסלם ומתפללים אלאל לא יושיע,"Come, gather together,Draw nigh, you remnants of the nations!No foreknowledge had they who carry their wooden imagesAnd pray to a god who cannot give success.",Percepción (Yada)
Isaiah,45,21,הגידו והגישו אף יועצו יחדו מי השמיע זאת מקדם מאז הגידה הלוא אני יהוה ואיןעוד אלהים מבלעדי אלצדיק ומושיע אין זולתי,"Speak up, compare testimony—Let them even take counsel together!Who announced this aforetime,Foretold it of old?Was it not I  the ETERNAL One?Then there is no god beside Me,No God exists beside MeWho foretells truly and grants success.",Ninguno
Isaiah,45,22,פנואלי והושעו כלאפסיארץ כי אניאל ואין עוד,"Turn to Me and gain success,All the ends of earth!For I am God, and there is none else.",Ninguno
Isaiah,45,23,בי נשבעתי יצא מפי צדקה דבר ולא ישוב כילי תכרע כלברך תשבע כללשון,"By Myself have I sworn,From My mouth has issued truth,A word that shall not turn back:To Me every knee shall bend,Every tongue swear loyalty.",Ninguno
Isaiah,45,24,אך ביהוה לי אמר צדקות ועז עדיו יבוא ויבשו כל הנחרים בו,"They shall say: “Only through  GOD Can I find victory and might.iThey shall say: “Only through GOD / Can I find victory and might…” Emendation yields “Only in GOD / Are there victory and might for mortals.” When people trust injtrust in Lit. “come to”; for this idiom cf. Ps. 65.3; Job 6.20. [God],All their adversaries are put to shame.",Ninguno
Isaiah,45,25,ביהוה יצדקו ויתהללו כלזרע ישראל,It is through  GOD that all the offspring of IsraelHave vindication and glory.”,Ninguno
Isaiah,46,1,כרע בל קרס נבו היו עצביהם לחיה ולבהמה נשאתיכם עמוסות משא לעיפה,"BelaBel A Babylonian deity. is bowed, NebobNebo Another Babylonian deity. is cowering,Their images are a burden for beasts and cattle;The things youcyou Emendation yields “they.” would carry [in procession]Are now piled as a burdenOn tired [beasts].",Ninguno
Isaiah,46,2,"קרסו כרעו יחדו לא יכלו מלט משא ונפשם בשבי הלכה&nbsp;<span class=""mam-spi-pe"">{פ}</span><br>","They cowered, they bowed as well,They could not rescue the burden,dburden Emendation yields “him who carried [them]”; cf. Targum. And they themselves went into captivity.",Ninguno
Isaiah,46,3,שמעו אלי בית יעקב וכלשארית בית ישראל העמסים מניבטן הנשאים מנירחם,"Listen to Me, O House of Jacob,All that are left of the House of Israel,Who have been carried since birth,Supported since leaving the womb:",Ninguno
Isaiah,46,4,"ועדזקנה אני הוא ועדשיבה אני אסבל אני עשיתי ואני אשא ואני אסבל ואמלט&nbsp;<span class=""mam-spi-samekh"">{ס}</span>&nbsp;&nbsp;&nbsp;&nbsp;&nbsp;&nbsp;&nbsp;&nbsp;","Till you grow old, I will still be the same;When you turn gray, it is I who will carry;I was the Maker, and I will be the Bearer;And I will carry and rescue [you].",Ninguno
Isaiah,46,5,למי תדמיוני ותשוו ותמשלוני ונדמה,"To whom can you compare MeOr declare Me similar?To whom can you liken Me,So that we seem comparable?",Ninguno
Isaiah,46,6,הזלים זהב מכיס וכסף בקנה ישקלו ישכרו צורף ויעשהו אל יסגדו אףישתחוו,"Those who squander gold from the purseAnd weigh out silver on the balance,ebalance Lit. “beam [of the balance].” They hire a metal worker to make it into a god,To which they bow down and prostrate themselves.",Ninguno
Isaiah,46,7,"ישאהו עלכתף יסבלהו ויניחהו תחתיו ויעמד ממקומו לא ימיש אףיצעק אליו ולא יענה מצרתו לא יושיענו&nbsp;<span class=""mam-spi-samekh"">{ס}</span>&nbsp;&nbsp;&nbsp;&nbsp;&nbsp;&nbsp;&nbsp;&nbsp;","They must carry it on their backs and transport it;When they put it down, it stands,It does not budge from its place.If they cry out to it, it does not answer;It cannot save them from their distress.",Ninguno
Isaiah,46,8,זכרוזאת והתאששו השיבו פושעים עללב,"Keep this in mind, and stand firm!fstand firm Meaning of Heb. uncertain. Take this to heart, you sinners!",Ninguno
Isaiah,46,9,זכרו ראשנות מעולם כי אנכי אל ואין עוד אלהים ואפס כמוני,"Bear in mind what happened of old;For I am God, and there is none else,I am divine, and there is none like Me.",Ninguno
Isaiah,46,10,מגיד מראשית אחרית ומקדם אשר לאנעשו אמר עצתי תקום וכלחפצי אעשה,"I foretell the end from the beginning,And from the start, things that had not occurred.I say: My plan shall be fulfilled;I will do all I have purposed.",Ninguno
Isaiah,46,11,"קרא ממזרח עיט מארץ מרחק איש <span class=""mam-kq""><span class=""mam-kq-k"">(עצתו)</span> <span class=""mam-kq-q"">[עצתי]</span></span> אףדברתי אףאביאנה יצרתי אףאעשנה&nbsp;<span class=""mam-spi-samekh"">{ס}</span>&nbsp;&nbsp;&nbsp;&nbsp;&nbsp;&nbsp;&nbsp;&nbsp;","I summoned that swooping bird from the East;gthat swooping bird from the East I.e., Cyrus; cf. 41.2–3; 44.28–45.1. From a distant land, the man for My purpose.I have spoken, so I will bring it to pass;I have designed it, so I will complete it.",Ninguno
Isaiah,46,12,שמעו אלי אבירי לב הרחוקים מצדקה,"Listen to Me, you stubborn of heart,hstubborn of heart Septuagint reads, “who have lost heart.” Who are far from victory:",Ninguno
Isaiah,46,13,"קרבתי צדקתי לא תרחק ותשועתי לא תאחר ונתתי בציון תשועה לישראל תפארתי&nbsp;<span class=""mam-spi-samekh"">{ס}</span>&nbsp;&nbsp;&nbsp;&nbsp;&nbsp;&nbsp;&nbsp;&nbsp;","I am bringing My victory close;It shall not be far,And My triumph shall not be delayed.I will grant triumph in ZionTo Israel, in whom I glory.",Ninguno
Isaiah,47,1,רדי&thinsp;<b></b> ושבי עלעפר בתולת בתבבל שבילארץ איןכסא בתכשדים כי לא תוסיפי יקראולך רכה וענגה,"Get down, sit in the dust,Fair Maiden Babylon;Sit, dethroned, on the ground,O Fair Chaldea;Nevermore shall they call youThe tender and dainty one.",Ninguno
Isaiah,47,2,קחי רחים וטחני קמח גלי צמתך חשפישבל גלישוק עברי נהרות,"Grasp the hand mill and grind meal.Remove your veil,Strip off your train, bare your leg,Wade through the rivers.",Ninguno
Isaiah,47,3,"תגל ערותך גם תראה חרפתך נקם אקח ולא אפגע אדם&nbsp;<span class=""mam-spi-pe"">{פ}</span><br>","Your nakedness shall be uncovered,And your shame shall be exposed.I will take vengeance,And let no one intercede.",Ninguno
Isaiah,47,4,גאלנו יהוה צבאות שמו קדוש ישראל,"Our Redeemer—whose name is  GOD of Hosts—Is the Holy One of Israel.aAnd let no one intercede. / Our Redeemer—whose name is GOD of Hosts— / Is the Holy One of Israel Meaning of Heb. uncertain; emendation yields “And not be appeased, / Says our Redeemer, whose name is GOD of Hosts, / The Holy One of Israel.” ",Ninguno
Isaiah,47,5,שבי דומם ובאי בחשך בתכשדים כי לא תוסיפי יקראולך גברת ממלכות,"Sit silent; retire into darkness,O Fair Chaldea;Nevermore shall they call youMistress of Kingdoms.",Ninguno
Isaiah,47,6,קצפתי עלעמי חללתי נחלתי ואתנם בידך לאשמת להם רחמים עלזקן הכבדת עלך מאד,"I was angry at My people,I defiled My heritage;I put them into your hands,But you showed them no mercy.Even upon the aged you madeYour yoke exceedingly heavy.",Ninguno
Isaiah,47,7,"ותאמרי לעולם אהיה גברת עד לאשמת אלה עללבך לא זכרת אחריתה&nbsp;<span class=""mam-spi-pe"">{פ}</span><br>","You thought, “I shall always beThe mistress still.”You did not take these things to heart,You gave no thought to the end of it.",Ninguno
Isaiah,47,8,ועתה שמעיזאת עדינה היושבת לבטח האמרה בלבבה אני ואפסי עוד לא אשב אלמנה ולא אדע שכול,"And now hear this, O pampered one—Who dwell in security,Who think to yourself,“I am, and there is none but me;I shall not become a widowOr know loss of children”—",Ninguno
Isaiah,47,9,ותבאנה לך שתיאלה רגע ביום אחד שכול ואלמן כתמם באו עליך ברב כשפיך בעצמת חבריך מאד,"These two things shall come upon you,Suddenly, in one day:Loss of children and widowhoodShall come upon you in full measure,Despite your many enchantmentsAnd all your countless spells.",Ninguno
Isaiah,47,10,ותבטחי ברעתך אמרת אין ראני חכמתך ודעתך היא שובבתך ותאמרי בלבך אני ואפסי עוד,"You were secure in your wickedness;You thought, “No one can see me.”It was your skill and your scienceThat led you astray.And you thought to yourself,“I am, and there is none but me.”",Ninguno
Isaiah,47,11,ובא עליך רעה לא תדעי שחרה ותפל עליך הוה לא תוכלי כפרה ותבא עליך פתאם שאה לא תדעי,Evil is coming upon youThat you will not know how to charm away;bcharm away Meaning of Heb. uncertain. Emendation yields “bribe.” Disaster is falling upon youThat you will not be able to appease;Coming upon you suddenlyIs ruin of which you know nothing.,Ninguno
Isaiah,47,12,עמדינא בחבריך וברב כשפיך באשר יגעת מנעוריך אולי תוכלי הועיל אולי תערוצי,"Stand up, with your spells and your many enchantmentsOn which you labored since youth!Perhaps you’ll be able to profit,Perhaps you will find strength.cwill find strength Taking ʻaraṣ as a variant of ʻaṣar; cf. 2 Chron. 20.37. ",Ninguno
Isaiah,47,13,"נלאית ברב עצתיך יעמדונא ויושיעך <span class=""mam-kq""><span class=""mam-kq-k"">(הברו)</span> <span class=""mam-kq-q"">[הברי]</span></span> שמים החזים בכוכבים מודעים לחדשים מאשר יבאו עליך","You are helpless, despite all your art.Let them stand up and help you now,The scannersdscanners Meaning of Heb. uncertain. of heaven, the star-gazers,Who announce, month by month,Whatever will come upon you.",Ninguno
Isaiah,47,14,הנה היו כקש אש שרפתם לאיצילו אתנפשם מיד להבה איןגחלת לחמם אור לשבת נגדו,"See, they are become like straw,Fire consumes them;They cannot save themselvesFrom the power of the flame;This is no coal for warming oneself,No fire to sit by!",Ninguno
Isaiah,47,15,"כן היולך אשר יגעת סחריך מנעוריך איש לעברו תעו אין מושיעך&nbsp;<span class=""mam-spi-samekh"">{ס}</span>&nbsp;&nbsp;&nbsp;&nbsp;&nbsp;&nbsp;&nbsp;&nbsp;","This is what they have profited you—The traders you dealt with since youth—They have all wandered off on separate paths,There is none to save you.",Ninguno
Isaiah,48,1,שמעוזאת ביתיעקב הנקראים בשם ישראל וממי יהודה יצאו הנשבעים&thinsp;<b></b> בשם יהוה ובאלהי ישראל יזכירו לא באמת ולא בצדקה,"Listen to this, O House of Jacob,Who bear the name IsraelAnd have issued from the watersawaters Emendation yields “loins.” of Judah,Who swear by the name of  GOD And invoke the God of Israel—Though not in truth and sincerity—",Ninguno
Isaiah,48,2,"כימעיר הקדש נקראו ועלאלהי ישראל נסמכו יהוה צבאות שמו&nbsp;<span class=""mam-spi-samekh"">{ס}</span>&nbsp;&nbsp;&nbsp;&nbsp;&nbsp;&nbsp;&nbsp;&nbsp;","For youbyou Heb. “they.” are called after the Holy Citycthe Holy City Emendation yields “the holy people.” And youdyou Heb. “they.” do lean on the God of Israel,Whose name is  GOD of Hosts:",Ninguno
Isaiah,48,3,הראשנות מאז הגדתי ומפי יצאו ואשמיעם פתאם עשיתי ותבאנה,"Long ago, I foretold things that happened,From My mouth they issued, and I announced them;Suddenly I acted, and they came to pass.",Ninguno
Isaiah,48,4,מדעתי כי קשה אתה וגיד ברזל ערפך ומצחך נחושה,"Because I know how stubborn you are(Your neck is like an iron sinewAnd your forehead bronze),",Ninguno
Isaiah,48,5,ואגיד לך מאז בטרם תבוא השמעתיך פןתאמר עצבי עשם ופסלי ונסכי צום,"Therefore I told you long beforehand,Announced things to you ere they happened—That you might not say, “My idol caused them,My carved and molten images ordained them.”",Ninguno
Isaiah,48,6,שמעת חזה כלה ואתם הלוא תגידו השמעתיך חדשות מעתה ונצרות ולא ידעתם,"You have heard all this; look, must you not acknowledge it?eheard all this; look, must you not acknowledge it Meaning of Heb. uncertain. As of now, I announce to you new things,Well-guarded secrets you did not know.",Percepción (Yada)
Isaiah,48,7,עתה נבראו ולא מאז ולפנייום ולא שמעתם פןתאמר הנה ידעתין,"Only now are they created, and not of old;Before todayfBefore today Meaning of Heb. uncertain. you had not heard them;You cannot say, “I knew them already.”",Percepción (Yada)
Isaiah,48,8,גם לאשמעת גם לא ידעת גם מאז לאפתחה אזנך כי ידעתי בגוד תבגוד ופשע מבטן קרא לך,"You had never heard, you had never known,Your ears were not opened of old.Though I know that you are treacherous,That you were called a rebel from birth,",Percepción (Yada)
Isaiah,48,9,למען שמי אאריך אפי ותהלתי אחטםלך לבלתי הכריתך,"For the sake of My name I control My wrath;To My own glory, I am patientgI am patient Meaning of Heb. uncertain. with you,And I will not destroy you.",Ninguno
Isaiah,48,10,הנה צרפתיך ולא בכסף בחרתיך בכור עני,"See, I refine you, but not as silver;I test you in the furnace of affliction.",Ninguno
Isaiah,48,11,"למעני למעני אעשה כי איך יחל וכבודי לאחר לאאתן&nbsp;<span class=""mam-spi-pe"">{פ}</span><br>","For My sake, My own sake, do I act—Lest [My name]h[My name] These words are supplied in some ancient versions; cf. v. 9. be dishonored!I will not give My glory to another.",Ninguno
Isaiah,48,12,שמע אלי יעקב וישראל מקראי אניהוא אני ראשון אף אני אחרון,"Listen to Me, O Jacob,Israel, whom I have called:I am the One—I am the first,And I am the last as well.",Ninguno
Isaiah,48,13,אףידי יסדה ארץ וימיני טפחה שמים קרא אני אליהם יעמדו יחדו,"My own hand founded the earth,My right hand spread out the skies.I call unto them, let them stand up.",Ninguno
Isaiah,48,14,הקבצו כלכם ושמעו מי בהם הגיד אתאלה יהוה אהבו יעשה חפצו בבבל וזרעו כשדים,"Assemble, all of you, and listen!Who among youiyou Heb. “them.” foretold these things:“He whom  GOD lovesShall work the divine will against Babylon,And, with divine might, against Chaldea”?jHe whom … Chaldea Meaning of Heb. uncertain. ",Ninguno
Isaiah,48,15,אני אני דברתי אףקראתיו הבאתיו והצליח דרכו,"I, I predicted, and I called him;I have brought him and he shall succeed in his mission.",Ninguno
Isaiah,48,16,"קרבו אלי שמעוזאת לא מראש בסתר דברתי מעת היותה שם אני ועתה אדני יהוה שלחני ורוחו&nbsp;<span class=""mam-spi-pe"">{פ}</span><br>","Draw near to Me and hear this:From the beginning, I did not speak in secret;From the time anything existed, I was there.kthere I.e., I foretold it through prophets. “And now the Sovereign  GOD has sent me, endowed with divine spirit.”lendowed with divine spirit Lit. “and His spirit.” ",Ninguno
Isaiah,48,17,כהאמר יהוה גאלך קדוש ישראל אני יהוה אלהיך מלמדך להועיל מדריכך בדרך תלך,"Thus said  GOD your Redeemer,The Holy One of Israel:I  the ETERNAL One am your God,Instructing you for your own benefit.Guiding you in the way you should go.",Ninguno
Isaiah,48,18,לוא הקשבת למצותי ויהי כנהר שלומך וצדקתך כגלי הים,"If only you would heed My commands!Then your prosperity would be like a river,Your triumph like the waves of the sea.",Ninguno
Isaiah,48,19,"ויהי כחול זרעך וצאצאי מעיך כמעתיו לאיכרת ולאישמד שמו מלפני&nbsp;<span class=""mam-spi-samekh"">{ס}</span>&nbsp;&nbsp;&nbsp;&nbsp;&nbsp;&nbsp;&nbsp;&nbsp;","Your offspring would be as many as the sand,Their issue as many as its grains.mgrains Meaning of Heb. uncertain. Their name would never be cut offOr obliterated from before Me.",Ninguno
Isaiah,48,20,צאו מבבל ברחו מכשדים בקול רנה הגידו השמיעו זאת הוציאוה עדקצה הארץ אמרו גאל יהוה עבדו יעקב,"Go forth from Babylon,Flee from Chaldea!Declare this with loud shouting,Announce this,Bring out the word to the ends of the earth!Say: “GOD has redeemedJacob—God’s servant!”",Ninguno
Isaiah,48,21,ולא צמאו בחרבות הוליכם מים מצור הזיל למו ויבקעצור ויזבו מים,"They have known no thirst,Though they were led through parched places;[God] made water flow for them from the rock,Cleaving the rock so that water gushed forth.",Ninguno
Isaiah,48,22,"אין שלום אמר יהוה לרשעים&nbsp;<span class=""mam-spi-pe"">{פ}</span><br>",There is no safety—said  GOD—for the wicked.,Ninguno
Isaiah,49,1,שמעו איים אלי והקשיבו לאמים מרחוק יהוה מבטן קראני ממעי אמי הזכיר שמי,"Listen, O coastlands, to me,And give heed, O nations afar: 
GOD
  appointed me before I was born,Naming me while I was in my mother’s womb.",Ninguno
Isaiah,49,2,וישם פי כחרב חדה בצל ידו החביאני וישימני לחץ ברור באשפתו הסתירני,"My mouth was made to be like a sharpened blade,While I was hidden in the shadow of a divine hand,So that I was like a polished arrow—Concealed in God’s quiver.",Ninguno
Isaiah,49,3,ויאמר לי עבדיאתה ישראל אשרבך אתפאר,"And [God] said to me, “You are My servant,Israel in whom I glory.”",Ninguno
Isaiah,49,4,"ואני אמרתי לריק יגעתי לתהו והבל כחי כליתי אכן משפטי אתיהוה ופעלתי אתאלהי&nbsp;<span class=""mam-spi-samekh"">{ס}</span>&nbsp;&nbsp;&nbsp;&nbsp;&nbsp;&nbsp;&nbsp;&nbsp;","I thought, “I have labored in vain,I have spent my strength for empty breath.”But my case rested with  GOD,My recompense was in the hands of my God.",Ninguno
Isaiah,49,5,"ועתה&thinsp;<b></b> אמר יהוה יוצרי מבטן לעבד לו לשובב יעקב אליו וישראל <span class=""mam-kq""><span class=""mam-kq-k"">(לא)</span> <span class=""mam-kq-q"">[לו]</span></span> יאסף ואכבד בעיני יהוה ואלהי היה עזי","And now  GOD has resolved—The One who formed me in the womb to be of service—To bring back JacobAnd restoreabring back…restore I.e., both to the land of Israel and to a state of closeness with GOD. Israel.And I have been honored in the sight of  GOD,My God has been my strength.",Ninguno
Isaiah,49,6,"ויאמר נקל מהיותך לי עבד להקים אתשבטי יעקב <span class=""mam-kq""><span class=""mam-kq-k"">(ונצירי)</span> <span class=""mam-kq-q"">[ונצורי]</span></span> ישראל להשיב ונתתיך לאור גוים להיות ישועתי עדקצה הארץ&nbsp;<span class=""mam-spi-samekh"">{ס}</span>&nbsp;&nbsp;&nbsp;&nbsp;&nbsp;&nbsp;&nbsp;&nbsp;","And [God] has said:“It is too little that you should be My servantIn that I raise up the tribes of JacobAnd restore the survivors of Israel:I will also make you a lightblight I.e., the agent of good fortune; cf. 42.1–4; 51.4–5. of nations,That My salvation may reach the ends of the earth.”",Ninguno
Isaiah,49,7,"כה אמריהוה גאל ישראל קדושו לבזהנפש למתעב גוי לעבד משלים מלכים יראו וקמו שרים וישתחוו למען יהוה אשר נאמן קדש ישראל ויבחרך&nbsp;<span class=""mam-spi-samekh"">{ס}</span>&nbsp;&nbsp;&nbsp;&nbsp;&nbsp;&nbsp;&nbsp;&nbsp;","Thus said  GOD,The Redeemer of Israel, his Holy One,To the despised one,To the abhorred nations,cTo the despised one, / To the abhorred nations Meaning of Heb. uncertain. Emendation yields “Whose being is despised, / Whose body is detested”; cf. 51.23. To the slave of rulers:Kings shall see and stand up;Nobles, and they shall prostrate themselves—To the honor of  GOD, who is faithful,To the Holy One of Israel who chose you.",Ninguno
Isaiah,49,8,כה&thinsp;<b></b> אמר יהוה בעת רצון עניתיך וביום ישועה עזרתיך ואצרך ואתנך לברית עם להקים ארץ להנחיל נחלות שממות,"Thus said  GOD:In an hour of favor I answer you,And on a day of salvation I help you—I created you and appointed you a covenant peopleda covenant people See the first note at 42.6.—Restoring the land,Allotting anew the desolate holdings,",Ninguno
Isaiah,49,9,לאמר לאסורים צאו לאשר בחשך הגלו עלדרכים ירעו ובכלשפיים מרעיתם,"Saying to the prisoners, “Go free,”To those who are in darkness, “Show yourselves.”They shall pasture along the roads,On every bare height shall be their pasture.",Ninguno
Isaiah,49,10,לא ירעבו ולא יצמאו ולאיכם שרב ושמש כימרחמם ינהגם ועלמבועי מים ינהלם,"They shall not hunger or thirst,Hot wind and sun shall not strike them;For the One who loves them will lead themAnd will guide them to springs of water.",Ninguno
Isaiah,49,11,ושמתי כלהרי לדרך ומסלתי ירמון,"I will make all My mountains a road,And My highways shall be built up.",Ninguno
Isaiah,49,12,הנהאלה מרחוק יבאו והנהאלה מצפון ומים ואלה מארץ סינים,"Look! These are coming from afar,These from the north and the west,And these from the land of Sinim.eSinim 1QIsᵃ reads “the Syenians”; cf. Ezek. 30.6. ",Ninguno
Isaiah,49,13,"רנו שמים וגילי ארץ <span class=""mam-kq""><span class=""mam-kq-k"">(יפצחו)</span> <span class=""mam-kq-q"">[ופצחו]</span></span> הרים רנה כינחם יהוה עמו וענייו ירחם&nbsp;<span class=""mam-spi-samekh"">{ס}</span>&nbsp;&nbsp;&nbsp;&nbsp;&nbsp;&nbsp;&nbsp;&nbsp;","Shout, O heavens, and rejoice, O earth!Break into shouting, O hills!For  GOD has comforted this people,And has taken back its afflicted ones in love.",Ninguno
Isaiah,49,14,ותאמר ציון עזבני יהוה ואדני שכחני,"Zion says,“GOD has forsaken me,My Sovereign has forgotten me.”",Ninguno
Isaiah,49,15,התשכח אשה עולה מרחם בןבטנה גםאלה תשכחנה ואנכי לא אשכחך,"Can a woman forget her baby,Or disown the child of her womb?Though she might forget,I never could forget you.",Ninguno
Isaiah,49,16,הן עלכפים חקתיך חומתיך נגדי תמיד,"See, I have engraved youOn the palms of My hands,Your walls are ever before Me.",Ninguno
Isaiah,49,17,מהרו בניך מהרסיך ומחריביך ממך יצאו,Swiftly your children are coming;Those who ravaged and ruined you shall leave you.,Ninguno
Isaiah,49,18,שאיסביב עיניך וראי כלם נקבצו באולך חיאני נאםיהוה כי כלם כעדי תלבשי ותקשרים ככלה,"Look up all around you and see:They are all assembled, are come to you!As I live—declares  GOD—You shall don them all like jewels,Deck yourself with them like a bride.",Ninguno
Isaiah,49,19,כי חרבתיך ושממתיך וארץ הרסתך כי עתה תצרי מיושב ורחקו מבלעיך,"As for your ruins and desolate placesAnd your land laid waste—You shall soon be crowded with settlers,While destroyers stay far from you.",Ninguno
Isaiah,49,20,עוד יאמרו באזניך בני שכליך צרלי המקום גשהלי ואשבה,"The children you thought you had lostfyou thought you had lost Lit. “of your bereavement.” Shall yet say in your hearing,“The place is too crowded for me;Make room for me to settle.”",Ninguno
Isaiah,49,21,"ואמרת בלבבך מי ילדלי אתאלה ואני שכולה וגלמודה גלה&thinsp;<b></b> וסורה ואלה מי גדל הן אני נשארתי לבדי אלה איפה הם&nbsp;<span class=""mam-spi-pe"">{פ}</span><br>","And you will say to yourself,“Who bore these for meWhen I was bereaved and barren,Exiled and disdainedgdisdained Meaning of Heb. uncertain.—By whom, then, were these reared?I was left all alone—And where have these been?”",Ninguno
Isaiah,49,22,כהאמר אדני יהוה הנה אשא אלגוים ידי ואלעמים ארים נסי והביאו בניך בחצן ובנתיך עלכתף תנשאנה,"Thus said my Sovereign  GOD:I will raise My hand to nationsAnd lift up My ensign to peoples;And they shall bring your sons in their bosoms,And carry your daughters on their backs.",Ninguno
Isaiah,49,23,"והיו מלכים אמניך ושרותיהם מיניקתיך אפים ארץ ישתחוו לך ועפר רגליך ילחכו וידעת כיאני יהוה אשר לאיבשו קוי&nbsp;<span class=""mam-spi-samekh"">{ס}</span>&nbsp;&nbsp;&nbsp;&nbsp;&nbsp;&nbsp;&nbsp;&nbsp;","Kings shall tend your children,Their queens shall serve you as nurses.They shall bow to you, face to the ground,And lick the dust of your feet.And you shall know that I am  GOD—Those who trust in Me shall not be shamed.",Percepción (Yada)
Isaiah,49,24,"היקח מגבור מלקוח ואםשבי צדיק ימלט&nbsp;<span class=""mam-spi-samekh"">{ס}</span>&nbsp;&nbsp;&nbsp;&nbsp;&nbsp;&nbsp;&nbsp;&nbsp;","Can spoil be taken from a warrior,Or captives retrieved from a victor?",Ninguno
Isaiah,49,25,כיכה&thinsp;<b></b> אמר יהוה גםשבי גבור יקח ומלקוח עריץ ימלט ואתיריבך אנכי אריב ואתבניך אנכי אושיע,"Yet thus said  GOD:Captives shall be taken from a warriorAnd spoil shall be retrieved from a tyrant;For  I will contend with your adversaries,And  I will deliver your children.",Ninguno
Isaiah,49,26,"והאכלתי אתמוניך אתבשרם וכעסיס דמם ישכרון וידעו כלבשר כי אני יהוה מושיעך וגאלך אביר יעקב&nbsp;<span class=""mam-spi-samekh"">{ס}</span>&nbsp;&nbsp;&nbsp;&nbsp;&nbsp;&nbsp;&nbsp;&nbsp;","I will make your oppressors eat their own flesh,They shall be drunk with their own blood as with wine.And all humankind shall knowThat I  GOD am your Savior,The Mighty One of Jacob, your Redeemer.",Percepción (Yada)
Isaiah,50,1,כה&thinsp;<b></b> אמר יהוה אי זה ספר כריתות אמכם אשר שלחתיה או מי מנושי אשרמכרתי אתכם לו הן בעונתיכם נמכרתם ובפשעיכם שלחה אמכם,"Thus said  GOD:aI.e., the mother (the country) has not been formally divorced, nor the children (the people) sold because of poverty. Therefore there is no obstacle to their restoration. Where is the bill of divorceOf your mother whom I dismissed?And which of My creditors was itTo whom I sold you off?You were only sold off for your sins,And your mother dismissed for your crimes.",Ninguno
Isaiah,50,2,מדוע באתי ואין איש קראתי ואין עונה הקצור קצרה ידי מפדות ואםאיןבי כח להציל הן בגערתי אחריב ים אשים נהרות מדבר תבאש דגתם מאין מים ותמת בצמא,"Why, when I came, was no one there,bno one there As a covenantal partner. Why, when I called, would none respond?Is my arm, then, too short to rescue,Have I not the power to save?With a mere rebuke I dry up the sea,And turn rivers into desert.Their fish stink from lack of water;They lie dead of thirst.cof thirst Change of vocalization yields “on the parched ground”; cf. 44.3. ",Ninguno
Isaiah,50,3,"אלביש שמים קדרות ושק אשים כסותם&nbsp;<span class=""mam-spi-pe"">{פ}</span><br>",I clothe the skies in blacknessAnd make their raiment sackcloth.,Ninguno
Isaiah,50,4,אדני יהוה נתן לי לשון למודים לדעת לעות אתיעף דבר יעיר&thinsp;<b></b> בבקר בבקר יעיר לי אזן לשמע כלמודים,"My Sovereign  GOD gave me a skilled tongue,To know how to speak timely words to the weary.dMy Sovereign GOD gave me … words to the weary Meaning of Heb. uncertain. Morning by morning, [God] rouses me,Rousing my earTo give heed like disciples.",Ninguno
Isaiah,50,5,אדני יהוה פתחלי אזן ואנכי לא מריתי אחור לא נסוגתי,"My Sovereign  GOD opened my ears,And I did not disobey,I did not run away.",Ninguno
Isaiah,50,6,גוי נתתי למכים ולחיי למרטים פני לא הסתרתי מכלמות ורק,"I offered my back to the floggers,And my cheeks to those who tore out my hair.I did not hide my faceFrom insult and spittle.",Ninguno
Isaiah,50,7,ואדני יהוה יעזרלי עלכן לא נכלמתי עלכן שמתי פני כחלמיש ואדע כילא אבוש,"But my Sovereign  GOD will help me—Therefore I feel no disgrace;Therefore I have set my face like flint,And I know I shall not be shamed.",Ninguno
Isaiah,50,8,קרוב מצדיקי מייריב אתי נעמדה יחד מיבעל משפטי יגש אלי,My Vindicator is at hand—Who dares contend with me?Let us stand up together!eLet us stand up together As opponents in court; cf. Num. 35.12. Who would be my opponent?Let them approach me!,Ninguno
Isaiah,50,9,"הן אדני יהוה יעזרלי מיהוא ירשיעני הן כלם כבגד יבלו עש יאכלם&nbsp;<span class=""mam-spi-samekh"">{ס}</span>&nbsp;&nbsp;&nbsp;&nbsp;&nbsp;&nbsp;&nbsp;&nbsp;","Lo, my Sovereign  GOD will help me—Who can get a verdict against me?They shall all wear out like a garment,The moth shall consume them.",Ninguno
Isaiah,50,10,"מי בכם ירא יהוה שמע בקול עבדו אשר&thinsp;<b></b> הלך חשכים ואין נגה לו יבטח בשם יהוה וישען באלהיו&nbsp;<span class=""mam-spi-samekh"">{ס}</span>&nbsp;&nbsp;&nbsp;&nbsp;&nbsp;&nbsp;&nbsp;&nbsp;","Who among you reveres  GOD And heeds the voice of the appointedfthe appointed Lit. “His”; cf. 49.1, 5. servant?—Though walking in darknessAnd having no light,Let them trust in the name of  GOD And rely upon hisghis I.e., the servant’s. God.",Ninguno
Isaiah,50,11,"הן כלכם קדחי אש מאזרי זיקות לכו&thinsp;<b></b> באור אשכם ובזיקות בערתם מידי היתהזאת לכם למעצבה תשכבון&nbsp;<span class=""mam-spi-samekh"">{ס}</span>&nbsp;&nbsp;&nbsp;&nbsp;&nbsp;&nbsp;&nbsp;&nbsp;","But you are all kindlers of fire,Girding onhGirding on Emendation yields “Lighters of.” firebrands.Walk by the blaze of your fire,By the brands that you have lit!This has come to you from My hand:You shall lie down in pain.iYou shall lie down in pain Meaning of Heb. uncertain. ",Ninguno
Isaiah,51,1,שמעו אלי רדפי צדק מבקשי יהוה הביטו אלצור חצבתם ואלמקבת בור נקרתם,"Listen to Me, you who pursue justice,You who seek  GOD:Look to the rock you were hewn from,To the quarry you were dug from.",Ninguno
Isaiah,51,2,הביטו אלאברהם אביכם ואלשרה תחוללכם כיאחד קראתיו ואברכהו וארבהו,"Look back to Abraham your fatherAnd to Sarah who brought you forth.For he was only one when I called him,But I blessed him and made him many.",Ninguno
Isaiah,51,3,"כינחם יהוה ציון נחם כלחרבתיה וישם מדברה כעדן וערבתה כגןיהוה ששון ושמחה ימצא בה תודה וקול זמרה&nbsp;<span class=""mam-spi-samekh"">{ס}</span>&nbsp;&nbsp;&nbsp;&nbsp;&nbsp;&nbsp;&nbsp;&nbsp;","Truly  GOD has comforted Zion,Comforted all her ruins—Made her wilderness like Eden,Her desert like the Garden of  GOD.Gladness and joy shall abide there,Thanksgiving and the sound of music.",Ninguno
Isaiah,51,4,הקשיבו אלי עמי ולאומי אלי האזינו כי תורה מאתי תצא ומשפטי לאור עמים ארגיע,"Hearken to Me, My people,aMy people Several mss. read “O peoples”; cf. next note. And give ear to Me, O My nation,bO My nation Several mss. read “O nations”; cf. end of this verse and v. 5. For teaching shall go forthcteaching shall go forth Through My servant Israel; cf. 42.1–4; 49.6. from Me,My way for the light of peoples.In a moment I will bring it:",Ninguno
Isaiah,51,5,קרוב צדקי יצא ישעי וזרעי עמים ישפטו אלי איים יקוו ואלזרעי ייחלון,"The triumph I grant is near,The success I give has gone forth.My arms shall provide fordprovide for Lit. “judge.” the peoples;The coastlands shall trust in Me,They shall look to My arm.",Ninguno
Isaiah,51,6,"שאו לשמים עיניכם והביטו אלהארץ מתחת כישמים כעשן נמלחו והארץ כבגד תבלה וישביה כמוכן ימותון וישועתי לעולם תהיה וצדקתי לא תחת&nbsp;<span class=""mam-spi-pe"">{פ}</span><br>","Raise your eyes to the heavens,And look upon the earth beneath:Though the heavens should melt away like smoke,And the earth wear out like a garment,And its inhabitants die out as well,eas well Emendation yields “like gnats.” My victory shall stand forever,My triumph shall remain unbroken.",Ninguno
Isaiah,51,7,שמעו אלי ידעי צדק עם תורתי בלבם אלתיראו חרפת אנוש ומגדפתם אלתחתו,"Listen to Me, you who care for the right,O people who lay My instruction to heart!Fear not mortals’ insults,And be not dismayed at their jeers;",Percepción (Yada)
Isaiah,51,8,"כי כבגד יאכלם עש וכצמר יאכלם סס וצדקתי לעולם תהיה וישועתי לדור דורים&nbsp;<span class=""mam-spi-samekh"">{ס}</span>&nbsp;&nbsp;&nbsp;&nbsp;&nbsp;&nbsp;&nbsp;&nbsp;","For the moth shall eat them up like a garment,The wormfworm Heb. sas, another word for “moth.” shall eat them up like wool.But My triumph shall endure forever,My salvation through all the ages.",Ninguno
Isaiah,51,9,עורי עורי לבשיעז זרוע יהוה עורי כימי קדם דרות עולמים הלוא אתהיא המחצבת רהב מחוללת תנין,"Awake, awake, clothe yourself with splendor.O arm of  the ETERNAL One!Awake as in days of old,As in former ages!It was you that hacked RahabgRahab The name of a primeval monster. in pieces,That pierced the Dragon.hDragon Another primeval monster. ",Ninguno
Isaiah,51,10,הלוא אתהיא המחרבת ים מי תהום רבה השמה מעמקיים דרך לעבר גאולים,"It was you that dried up the Sea,The waters of the great deep;That made the abysses of the SeaA road the redeemed might walk.",Ninguno
Isaiah,51,11,"ופדויי יהוה ישובון ובאו ציון ברנה ושמחת עולם עלראשם ששון ושמחה ישיגון נסו יגון ואנחה&nbsp;<span class=""mam-spi-samekh"">{ס}</span>&nbsp;&nbsp;&nbsp;&nbsp;&nbsp;&nbsp;&nbsp;&nbsp;","So let  GOD’s ransomed return,And come with shouting to Zion,Crowned with joy everlasting.Let them attain joy and gladness,While sorrow and sighing flee.",Ninguno
Isaiah,51,12,אנכי אנכי הוא מנחמכם מיאת ותיראי מאנוש ימות ומבןאדם חציר ינתן,"I, I am the One who comforts you!What ails you that you fearMan who must die,Mortals who fare like grass?",Ninguno
Isaiah,51,13,ותשכח יהוה עשך נוטה שמים ויסד ארץ ותפחד תמיד כלהיום מפני חמת המציק כאשר כונן להשחית ואיה חמת המציק,"You have forgotten  GOD your Maker,Who stretched out the skies and made firm the earth!And you live all day in constant dreadBecause of the rage of an oppressorWho is aiming to cut [you] down.Yet of what account is the rage of an oppressor?",Ninguno
Isaiah,51,14,מהר צעה להפתח ולאימות לשחת ולא יחסר לחמו,"iMeaning of verse uncertain. Emendation yields (cf. Jer. 11.19; Job 14.7–9) “Quickly the tree buds anew; / It does not die though cut down, / And its sap does not fail.” Quickly the crouching one is freed;He is not cut down and slain,And he shall not want for food.",Ninguno
Isaiah,51,15,ואנכי יהוה אלהיך רגע הים ויהמו גליו יהוה צבאות שמו,"For I  the ETERNAL your God—Who stirs up the sea into roaring waves,Whose name is  GOD of Hosts—",Ninguno
Isaiah,51,16,"ואשם דברי בפיך ובצל ידי כסיתיך לנטע שמים וליסד ארץ ולאמר לציון עמיאתה&nbsp;<span class=""mam-spi-samekh"">{ס}</span>&nbsp;&nbsp;&nbsp;&nbsp;&nbsp;&nbsp;&nbsp;&nbsp;","Have put My words in your mouthAnd sheltered you with My hand;jHave put My words in your mouth / And sheltered you with My hand I.e., I have chosen you to be a prophet-nation; cf. 49.2; 59.21. I, who plantedkplanted Emendation yields “stretched out”; cf. Syriac version and v. 13. the skies and made firm the earth,Have said to Zion: You are My people!",Ninguno
Isaiah,51,17,התעוררי התעוררי קומי ירושל͏ם אשר שתית מיד יהוה אתכוס חמתו אתקבעת כוס התרעלה שתית מצית,"Rouse, rouse yourself!Arise, O Jerusalem,You who from  GOD’s handHave drunk God’s wrath-filled cup,You who have drained to the dregsThe bowl, the cup of reeling!",Ninguno
Isaiah,51,18,איןמנהל לה מכלבנים ילדה ואין מחזיק בידה מכלבנים גדלה,"She has none to guide herOf all the children she bore;None takes her by the hand,Of all the children she reared.lTo guide a drunken parent home was a recognized filial duty in ancient Canaan and Egypt. ",Ninguno
Isaiah,51,19,שתים הנה קראתיך מי ינוד לך השד והשבר והרעב והחרב מי אנחמך,These two things have befallen you:Wrack and ruin—who can console you?Famine and sword—how shall Imhow shall I Several ancient versions render “who can.” comfort you?,Ninguno
Isaiah,51,20,בניך עלפו שכבו בראש כלחוצות כתוא מכמר המלאים חמתיהוה גערת אלהיך,"Your sons lie in a swoonAt the corner of every street—Like an antelope caught in a net—Drunk with the wrath of  GOD,With the rebuke of your God.",Ninguno
Isaiah,51,21,"לכן שמעינא זאת עניה ושכרת ולא מיין&nbsp;<span class=""mam-spi-pe"">{פ}</span><br>","Therefore,Listen to this, unhappy one,Who are drunk, but not with wine!",Ninguno
Isaiah,51,22,כהאמר אדניך יהוה ואלהיך יריב עמו הנה לקחתי מידך אתכוס התרעלה אתקבעת כוס חמתי לאתוסיפי לשתותה עוד,"Thus said  GOD, your Sovereign,Your God who champions this people:Herewith I take from your handThe cup of reeling,ncup of reeling A figure of speech for a dire fate; cf. Jer. 25.15ff. The bowl, the cup of My wrath;You shall never drink it again.",Ninguno
Isaiah,51,23,"ושמתיה בידמוגיך אשראמרו לנפשך שחי ונעברה ותשימי כארץ גוך וכחוץ לעברים&nbsp;<span class=""mam-spi-pe"">{פ}</span><br>","I will put it in the hands of your tormentors,Who have commanded you,“Get down, that we may walk over you”—So that you made your back like the ground,Like a street for passersby.",Ninguno
Isaiah,52,1,עורי עורי לבשי עזך ציון לבשי&thinsp;<b></b> בגדי תפארתך ירושל͏ם עיר הקדש כי לא יוסיף יבאבך עוד ערל וטמא,"Awake, awake, O Zion!Clothe yourself in splendor;Put on your robes of majesty,Jerusalem, holy city!For the uncircumcised and the impureShall never enter you again.",Ninguno
Isaiah,52,2,"התנערי מעפר קומי שבי ירושל͏ם <span class=""mam-kq""><span class=""mam-kq-k"">(התפתחו)</span> <span class=""mam-kq-q"">[התפתחי]</span></span> מוסרי צוארך שביה בתציון&nbsp;<span class=""mam-spi-samekh"">{ס}</span>&nbsp;&nbsp;&nbsp;&nbsp;&nbsp;&nbsp;&nbsp;&nbsp;","Arise, shake off the dust,Sit [on your throne], Jerusalem!Loose the bonds from your neck,O captive one, Fair Zion!",Ninguno
Isaiah,52,3,"כיכה אמר יהוה חנם נמכרתם ולא בכסף תגאלו&nbsp;<span class=""mam-spi-samekh"">{ס}</span>&nbsp;&nbsp;&nbsp;&nbsp;&nbsp;&nbsp;&nbsp;&nbsp;","For thus said  GOD:You were sold for no price,And shall be redeemed without money.",Ninguno
Isaiah,52,4,כי כה אמר אדני יהוה מצרים ירדעמי בראשנה לגור שם ואשור באפס עשקו,"For thus said my Sovereign  GOD:Of old, My people went downTo Egypt to sojourn there;But Assyria has robbed them,Giving nothing in return.aWhereas the Israelites themselves sought hospitality in Egypt, Assyria (i.e., the Chaldean Empire) has exiled them by force. ",Ninguno
Isaiah,52,5,ועתה מהליפה נאםיהוה כילקח עמי חנם משלו יהילילו נאםיהוה ותמיד כלהיום שמי מנאץ,"What therefore do I gain here?—declares  GOD—For My people has been carried off for nothing,Their mockers howl—declares  GOD—And constantly, unceasingly,My name is reviled.",Ninguno
Isaiah,52,6,"לכן ידע עמי שמי לכן ביום ההוא כיאניהוא המדבר הנני&nbsp;<span class=""mam-spi-samekh"">{ס}</span>&nbsp;&nbsp;&nbsp;&nbsp;&nbsp;&nbsp;&nbsp;&nbsp;","Assuredly, My people shall learn My name,Assuredly [they shall learn] on that dayThat I, the One who promised,Am now at hand.",Percepción (Yada)
Isaiah,52,7,מהנאוו עלההרים רגלי מבשר משמיע שלום מבשר טוב משמיע ישועה אמר לציון מלך אלהיך,"How welcome on the mountainAre the footsteps of the heraldAnnouncing happiness,Heralding good fortune,Announcing victory,Telling Zion, “Your God reigns!”",Ninguno
Isaiah,52,8,קול צפיך נשאו קול יחדו ירננו כי עין בעין יראו בשוב יהוה ציון,"Hark!Your lookouts raise their voices,As one they shout for joy;For every eye shall behold 
GOD
 ’s return to Zion.",Ninguno
Isaiah,52,9,פצחו רננו יחדו חרבות ירושל͏ם כינחם יהוה עמו גאל ירושל͏ם,"Raise a shout together,O ruins of Jerusalem!For  GOD will comfort this people,Will redeem Jerusalem.",Ninguno
Isaiah,52,10,"חשף יהוה אתזרוע קדשו לעיני כלהגוים וראו כלאפסיארץ את ישועת אלהינו&nbsp;<span class=""mam-spi-samekh"">{ס}</span>&nbsp;&nbsp;&nbsp;&nbsp;&nbsp;&nbsp;&nbsp;&nbsp;"," 
GOD
  will bare a holy armIn the sight of all the nations,And the very ends of earth shall seeThe victory of our God.",Ninguno
Isaiah,52,11,סורו סורו צאו משם טמא אלתגעו צאו מתוכה הברו נשאי כלי יהוה,"Turn, turn away, touch naught impureAs you depart from there;Keep pure, as you go forth from there,You who bear the vessels of  GOD!bCf. Ezra 1.7–8; 5.14–15. ",Ninguno
Isaiah,52,12,"כי לא בחפזון תצאו ובמנוסה לא תלכון כיהלך לפניכם יהוה ומאספכם אלהי ישראל&nbsp;<span class=""mam-spi-samekh"">{ס}</span>&nbsp;&nbsp;&nbsp;&nbsp;&nbsp;&nbsp;&nbsp;&nbsp;","For you will not depart in haste,Nor will you leave in flight;For  GOD is marching before you,The God of Israel is your rear guard.",Ninguno
Isaiah,52,13,הנה ישכיל עבדי ירום ונשא וגבה מאד,"“Indeed, My servant shall prosper,Be exalted and raised to great heights.",Ninguno
Isaiah,52,14,כאשר שממו עליך רבים כןמשחת מאיש מראהו ותארו מבני אדם,"Just as the many were appalled at himchim Heb. “you.”—So marred was his appearance, unlike that of a person,His form, beyond human semblance—",Ninguno
Isaiah,52,15,"כן יזה גוים רבים עליו יקפצו מלכים פיהם כי אשר לאספר להם ראו ואשר לאשמעו התבוננו&nbsp;<span class=""mam-spi-samekh"">{ס}</span>&nbsp;&nbsp;&nbsp;&nbsp;&nbsp;&nbsp;&nbsp;&nbsp;","Just so he shall startledstartle Meaning of Heb. uncertain. many nations.Kings shall be silenced because of him,For they shall see what has not been told them,Shall behold what they never have heard.”",Ninguno
Isaiah,53,1,מי האמין לשמעתנו וזרוע יהוה עלמי נגלתה,"“Who can believe what we have heard?Upon whom has the arm of  GODathe arm of GOD I.e., the vindication that the arm of GOD effects. been revealed?",Ninguno
Isaiah,53,2,ויעל כיונק לפניו וכשרש מארץ ציה לאתאר לו ולא הדר ונראהו ולאמראה ונחמדהו,"For he has grown, by God’s favor, like a tree crown,Like a tree trunk out of arid ground.He had no form or beauty, that we should look at him:No charm, that we should find him pleasing.",Ninguno
Isaiah,53,3,נבזה וחדל אישים איש מכאבות וידוע חלי וכמסתר פנים ממנו נבזה ולא חשבנהו,"He was despised, shunned by others,bshunned by others Meaning of Heb. uncertain. A man of suffering, familiar with disease.As one who hid his face from us,cAs one who hid his face from us I.e., as a leper; cf. Lev. 13.45ff. He was despised, we held him of no account.",Ninguno
Isaiah,53,4,אכן חלינו הוא נשא ומכאבינו סבלם ואנחנו חשבנהו נגוע מכה אלהים ומענה,"Yet it was our sickness that he was bearing,Our suffering that he endured.We accounted him plagued,Smitten and afflicted by God;",Ninguno
Isaiah,53,5,והוא מחלל מפשענו מדכא מעונתינו מוסר שלומנו עליו ובחברתו נרפאלנו,"But he was wounded because of our sins,Crushed because of our iniquities.He bore the chastisement that made us whole,And by his bruises we were healed.",Ninguno
Isaiah,53,6,כלנו כצאן תעינו איש לדרכו פנינו ויהוה הפגיע בו את עון כלנו,"We all went astray like sheep,Each of us going our own way;And  GOD visited upon himThe guilt of all of us.”",Ninguno
Isaiah,53,7,נגש והוא נענה ולא יפתחפיו כשה לטבח יובל וכרחל לפני גזזיה נאלמה ולא יפתח פיו,"He was maltreated, yet he was submissive,He did not open his mouth;Like a sheep being led to slaughter,Like a ewe, dumb before those who shear her,He did not open his mouth.",Ninguno
Isaiah,53,8,מעצר וממשפט לקח ואתדורו מי ישוחח כי נגזר מארץ חיים מפשע עמי נגע למו,"By oppressive judgment he was taken away,Who could describe his abode?dWho could describe his abode? Meaning of Heb. uncertain. For he was cut off from the land of the livingThrough the sin of my people, who deserved the punishment.",Ninguno
Isaiah,53,9,ויתן אתרשעים קברו ואתעשיר במתיו על לאחמס עשה ולא מרמה בפיו,"And his grave was set among the wicked,And with the rich, in his deatheAnd with the rich, in his death Emendation yields “And his tomb with evildoers.”—Though he had done no injusticeAnd had spoken no falsehood.",Ninguno
Isaiah,53,10,ויהוה חפץ דכאו החלי אםתשים אשם נפשו יראה זרע יאריך ימים וחפץ יהוה בידו יצלח,"But  GOD chose to crush him by disease,That, if he made himself an offering for guilt,fby disease, / … for guilt Meaning of Heb. uncertain. He might see offspringgoffspring Emendation yields “His arm,” i.e., God’s vindication; cf. v. 1 with note. and have long life,And that through him  GOD’s purpose might prosper.",Ninguno
Isaiah,53,11,מעמל נפשו יראה ישבע בדעתו יצדיק צדיק עבדי לרבים ועונתם הוא יסבל,"Out of his anguish he shall see it;hit I.e., the arm of GOD; see preceding note. He shall enjoy it to the full through his devotion.idevotion For this sense of daʻath see 11.2, 9. “My righteous servant makes the many righteous,It is their punishment that he bears;",Ninguno
Isaiah,53,12,"לכן אחלקלו ברבים ואתעצומים יחלק שלל תחת אשר הערה למות נפשו ואתפשעים נמנה והוא חטארבים נשא ולפשעים יפגיע&nbsp;<span class=""mam-spi-pe"">{פ}</span><br>","Assuredly, I will give him the many as his portion,He shall receive the multitude as his spoil.For he exposed himself to deathAnd was numbered among the sinners,Whereas he bore the guilt of the manyAnd made intercession for sinners.”",Ninguno
Isaiah,54,1,רני עקרה לא ילדה פצחי רנה וצהלי לאחלה כירבים בנישוממה מבני בעולה אמר יהוה,"Shout, O infertile one,You who bore no child!Shout aloud for joy,You who did not travail!For the children of the wife forlornShall outnumber those of the espoused—said  GOD.",Ninguno
Isaiah,54,2,הרחיבי&thinsp;<b></b> מקום אהלך ויריעות משכנותיך יטו אלתחשכי האריכי מיתריך ויתדתיך חזקי,"Enlarge the site of your tent,Extend the size of your dwelling,aExtend the size of your dwelling Lit. “Let the cloths of your dwelling extend.” Do not stint!Lengthen the ropes, and drive the pegs firm.",Ninguno
Isaiah,54,3,כיימין ושמאול תפרצי וזרעך גוים יירש וערים נשמות יושיבו,"For you shall spread out to the right and the left;Your offspring shall dispossess nationsbnations I.e., the foreigners who had occupied regions from which Israelites had been exiled; cf. 2 Kings 17.24. And shall people the desolate towns.",Control/Derecha (Yamin)
Isaiah,54,4,אלתיראי כילא תבושי ואלתכלמי כי לא תחפירי כי בשת עלומיך תשכחי וחרפת אלמנותיך לא תזכריעוד,"Fear not, you shall not be shamed;Do not cringe, you shall not be disgraced.For you shall forgetThe reproach of your youth,And remember no moreThe shame of your widowhood.",Ninguno
Isaiah,54,5,כי בעליך עשיך יהוה צבאות שמו וגאלך קדוש ישראל אלהי כלהארץ יקרא,For the One who made you—whose name is “GOD of Hosts”—Will espouse you.The Holy One of Israel—who is called “God of all the Earth”—Will redeem you.,Ninguno
Isaiah,54,6,כיכאשה עזובה ועצובת רוח קראך יהוה ואשת נעורים כי תמאס אמר אלהיך,  GOD   has called you backAs a wife forlorn and forsaken.Can one cast off the wife of his youth?—said your God.,Ninguno
Isaiah,54,7,ברגע קטן עזבתיך וברחמים גדלים אקבצך,"For a little while I forsook you,But with vast love I will bring you back.",Ninguno
Isaiah,54,8,"בשצף קצף הסתרתי פני רגע ממך ובחסד עולם רחמתיך אמר גאלך יהוה&nbsp;<span class=""mam-spi-samekh"">{ס}</span>&nbsp;&nbsp;&nbsp;&nbsp;&nbsp;&nbsp;&nbsp;&nbsp;","In slight anger, for a moment,I hid My face from you;But with kindness everlastingI will take you back in love—said  GOD your Redeemer.",Ninguno
Isaiah,54,9,כימי נח זאת לי אשר נשבעתי מעבר מינח עוד עלהארץ כן נשבעתי מקצף עליך ומגערבך,"For this to Me is like the waterscwaters Other Heb. mss. and the ancient versions read “days.” of Noah:As I swore that the waters of NoahNevermore would flood the earth,So I swear that I will notBe angry with you or rebuke you.",Ninguno
Isaiah,54,10,"כי ההרים ימושו והגבעות תמוטינה וחסדי מאתך לאימוש וברית שלומי לא תמוט אמר מרחמך יהוה&nbsp;<span class=""mam-spi-samekh"">{ס}</span>&nbsp;&nbsp;&nbsp;&nbsp;&nbsp;&nbsp;&nbsp;&nbsp;","For the mountains may moveAnd the hills be shaken,But my loyalty shall never move from you,Nor My covenant of friendship be shaken—said  GOD, who takes you back in love.",Ninguno
Isaiah,54,11,עניה סערה לא נחמה הנה אנכי מרביץ בפוך אבניך ויסדתיך בספירים,"Unhappy, storm-tossed one, uncomforted!I will lay carbunclesdcarbuncles Taking pukh as a byform of nophekh; so already Rashi. as your building stonesAnd make your foundations of sapphires.",Ninguno
Isaiah,54,12,ושמתי כדכד שמשתיך ושעריך לאבני אקדח וכלגבולך לאבניחפץ,"I will make your battlements of rubies,Your gates of precious stones,The whole encircling wall of gems.",Ninguno
Isaiah,54,13,וכלבניך למודי יהוה ורב שלום בניך,"And all your children shall be disciples of  GOD,And great shall be the happiness of your children;",Ninguno
Isaiah,54,14,בצדקה תכונני רחקי מעשק כילא תיראי וממחתה כי לאתקרב אליך,"You shall be established through righteousness.You shall be safe from oppression,And shall have no fear;From ruin, and it shall not come near you.",Ninguno
Isaiah,54,15,הן גור יגור אפס מאותי מיגר אתך עליך יפול,eMeaning of verse uncertain. Surely no harm can be doneWithout My consent:Whoever would harm youShall fall because of you.,Ninguno
Isaiah,54,16,"<span class=""mam-kq""><span class=""mam-kq-k"">(הן)</span> <span class=""mam-kq-q"">[הנה]</span></span> אנכי בראתי חרש נפח באש פחם ומוציא כלי למעשהו ואנכי בראתי משחית לחבל",It is I who created the smithTo fan the charcoal fireAnd produce tools for each purpose;So it is I who createThe instruments of havoc.,Ninguno
Isaiah,54,17,"כלכלי יוצר עליך לא יצלח וכללשון תקוםאתך למשפט תרשיעי זאת נחלת עבדי יהוה וצדקתם מאתי נאםיהוה&nbsp;<span class=""mam-spi-samekh"">{ס}</span>&nbsp;&nbsp;&nbsp;&nbsp;&nbsp;&nbsp;&nbsp;&nbsp;","No weapon formed against youShall succeed,And every tongue that contends with you at lawYou shall defeat.Such is the lot of  GOD’s servants,Such their triumph through Me—declares  GOD.",Ninguno
Isaiah,55,1,הוי כלצמא לכו למים ואשר איןלו כסף לכו שברו ואכלו ולכו שברו בלואכסף ובלוא מחיר יין וחלב,"Ho, all who are thirsty,Come for water,Even if you have no money;Come, buy food and eat:Buy food without money,Wine and milk without cost.",Ninguno
Isaiah,55,2,למה תשקלוכסף בלואלחם ויגיעכם בלוא לשבעה שמעו שמוע אלי ואכלוטוב ותתענג בדשן נפשכם,"Why do you spend money for what is not bread,Your earnings for what does not satisfy?Give heed to Me,And you shall eat choice foodAnd enjoy the richest viands.",Ninguno
Isaiah,55,3,הטו אזנכם ולכו אלי שמעו ותחי נפשכם ואכרתה לכם ברית עולם חסדי דוד הנאמנים,"Incline your ear and come to Me;Hearken, and you shall be revived.And I will make with you an everlasting covenant,The enduring loyalty promised to David.",Ninguno
Isaiah,55,4,הן עד לאומים נתתיו נגיד ומצוה לאמים,"As I made him a leaderaleader Cf. Targum; in contrast to others “witness.” of peoples,A prince and commander of peoples,",Ninguno
Isaiah,55,5,"הן גוי לאתדע תקרא וגוי לאידעוך אליך ירוצו למען יהוה אלהיך ולקדוש ישראל כי פארך&nbsp;<span class=""mam-spi-samekh"">{ס}</span>&nbsp;&nbsp;&nbsp;&nbsp;&nbsp;&nbsp;&nbsp;&nbsp;","So you shall summon a nation you did not know,And a nation that did not know youShall come running to youbAs I made him … to you Cf. 2 Sam. 22.44–45 (Ps. 18.44–45).—For the sake of  the ETERNAL your God,The Holy One of Israel who has glorified you.",Percepción (Yada)
Isaiah,55,6,דרשו יהוה בהמצאו קראהו בהיותו קרוב,"Seek  GOD while you can,cwhile you can Lit. “while He can be found.”Call out while [God] is near. ",Ninguno
Isaiah,55,7,יעזב רשע דרכו ואיש און מחשבתיו וישב אליהוה וירחמהו ואלאלהינו כיירבה לסלוח,"Let the wicked give up their ways,The sinful, their plans;Let each one turn back to  GOD So as to be pardoned;To our God,Who freely forgives.",Ninguno
Isaiah,55,8,כי לא מחשבותי מחשבותיכם ולא דרכיכם דרכי נאם יהוה,"For My plans are not your plans,Nor are My waysdways Emendation yields “words”; cf. v. 11 and 40.8. your wayseways See preceding note. —declares  GOD.",Ninguno
Isaiah,55,9,כיגבהו שמים מארץ כן גבהו דרכי מדרכיכם ומחשבתי ממחשבתיכם,"But as the heavens are high above the earth,So are My waysfways See first note in v. 8. high above your waysgways See preceding note. And My plans above your plans.",Ninguno
Isaiah,55,10,כי כאשר ירד הגשם והשלג מןהשמים ושמה לא ישוב כי אםהרוה אתהארץ והולידה והצמיחה ונתן זרע לזרע ולחם לאכל,"For as the rain or snow drops from heavenAnd returns not there,But soaks the earthAnd makes it bring forth vegetation,Yielding seed for sowing and bread for eating,hseed for sowing and bread for eating Lit. “seed for the sower and bread for the eater.” ",Ninguno
Isaiah,55,11,כן יהיה דברי אשר יצא מפי לאישוב אלי ריקם כי אםעשה אתאשר חפצתי והצליח אשר שלחתיו,"So is the word that issues from My mouth:It does not come back to Me unfulfilled,But performs what I purpose,Achieves what I sent it to do.",Ninguno
Isaiah,55,12,כיבשמחה תצאו ובשלום תובלון ההרים והגבעות יפצחו לפניכם רנה וכלעצי השדה ימחאוכף,"Yea, you shall leaveileave I.e., leave the Babylonian exile. in joy and be led home secure.Before you, mount and hill shall shout aloud,And all the trees of the field shall clap their hands.",Ninguno
Isaiah,55,13,"תחת הנעצוץ יעלה ברוש <span class=""mam-kq""><span class=""mam-kq-k"">(תחת)</span> <span class=""mam-kq-q"">[ותחת]</span></span> הסרפד יעלה הדס והיה ליהוה לשם לאות עולם לא יכרת&nbsp;<span class=""mam-spi-pe"">{פ}</span><br>","Instead of the brier, a cypress shall rise;Instead of the nettle, a myrtle shall rise.These shall stand as a testimony to  GOD,As an everlasting sign that shall not perish.",Ninguno
Isaiah,56,1,כה אמר יהוה שמרו משפט ועשו צדקה כיקרובה ישועתי לבוא וצדקתי להגלות,"Thus said  GOD:Observe what is right and do what is just;For soon My salvation shall come,And My deliverance be revealed.",Ninguno
Isaiah,56,2,"אשרי אנוש יעשהזאת ובןאדם יחזיק בה שמר שבת מחללו ושמר ידו מעשות כלרע&nbsp;<span class=""mam-spi-samekh"">{ס}</span>&nbsp;&nbsp;&nbsp;&nbsp;&nbsp;&nbsp;&nbsp;&nbsp;","Happy is the mortal who does this,The one who holds fast to it:Who keeps the sabbath and does not profane it,And holds back from doing any evil.",Ninguno
Isaiah,56,3,"ואליאמר בןהנכר הנלוה אליהוה לאמר הבדל יבדילני יהוה מעל עמו ואליאמר הסריס הן אני עץ יבש&nbsp;<span class=""mam-spi-pe"">{פ}</span><br>","Let not the foreigner say,Who is joined to  GOD,“GOD will keep me apart from the covenanted people”;And let not the eunuch say,“I am a withered tree.”",Ninguno
Isaiah,56,4,כיכה&thinsp;<b></b> אמר יהוה לסריסים אשר ישמרו אתשבתותי ובחרו באשר חפצתי ומחזיקים בבריתי,"For thus said  GOD:“As for the eunuchs who keep My sabbaths,Who have chosen what I desireAnd hold fast to My covenant—",Ninguno
Isaiah,56,5,"ונתתי להם בביתי ובחומתי יד ושם טוב מבנים ומבנות שם עולם אתןלו אשר לא יכרת&nbsp;<span class=""mam-spi-samekh"">{ס}</span>&nbsp;&nbsp;&nbsp;&nbsp;&nbsp;&nbsp;&nbsp;&nbsp;","I will give them, in My HouseAnd within My walls,A monument and a nameBetter than sons or daughters.I will give them an everlasting nameThat shall not perish.",Ninguno
Isaiah,56,6,ובני הנכר הנלוים עליהוה לשרתו ולאהבה אתשם יהוה להיות לו לעבדים כלשמר שבת מחללו ומחזיקים בבריתי,"As for the foreignersWho are joined to  GOD,To render service,And to love  GOD’s name,To be devoted servants—All who keep the sabbath and do not profane it,And who hold fast to My covenant—",Ninguno
Isaiah,56,7,והביאותים אלהר קדשי ושמחתים בבית תפלתי עולתיהם וזבחיהם לרצון עלמזבחי כי ביתי ביתתפלה יקרא לכלהעמים,I will bring them to My sacred mountAnd let them rejoice in My house of prayer.Their burnt offerings and sacrificesShall be welcome on My altar;For My House shall be calledA house of prayer for all peoples.”,Ninguno
Isaiah,56,8,נאם אדני יהוה מקבץ נדחי ישראל עוד אקבץ עליו לנקבציו,"Thus declares my Sovereign  GOD,Who gathers the dispersed of Israel:“I will gather still more to those already gathered.”",Ninguno
Isaiah,56,9,"כל חיתו שדי אתיו לאכל כלחיתו ביער&nbsp;<span class=""mam-spi-pe"">{פ}</span><br>","All you wild beasts, come and devour,All you beasts of the forest!",Ninguno
Isaiah,56,10,<big>צ</big>פו עורים כלם לא ידעו כלם כלבים אלמים לא יוכלו לנבח הזים שכבים אהבי לנום,"TheaThe Heb. “his.” lookouts are blind, all of them,They perceive nothing.They are all dumb dogsThat cannot bark;They lie sprawling,bsprawling Meaning of Heb. uncertain. They love to drowse.",Percepción (Yada)
Isaiah,56,11,והכלבים עזינפש לא ידעו שבעה והמה רעים לא ידעו הבין כלם לדרכם פנו איש לבצעו מקצהו,"Moreover, the dogs are greedy;They never know satiety.As for the shepherds,cshepherds I.e., community leaders. they know notWhat it is to give heed.dAs for the shepherds, they know not / What it is to give heed Meaning of Heb. uncertain. Emendation yields “Neither do the shepherds ever know sufficiency (hon).” Cf. hon in Prov. 30.15, 16. Everyone has turned their own way,Every last one seeks their own advantage.","Percepción (Yada), Separación (Beyn)"
Isaiah,56,12,אתיו אקחהיין ונסבאה שכר והיה כזה יום מחר גדול יתר מאד,"“Come, I’ll get some wine;Let us swill liquor.And tomorrow will be just the same,Or even much grander!”",Ninguno
Isaiah,57,1,הצדיק אבד ואין איש שם עללב ואנשיחסד נאספים באין מבין כימפני הרעה נאסף הצדיק,"A righteous person perishes,And no one considers;The pious are taken away,And no one gives thoughtThat because of evilThe righteous one was taken away.",Separación (Beyn)
Isaiah,57,2,"יבוא שלום ינוחו עלמשכבותם הלך נכחו&nbsp;<span class=""mam-spi-samekh"">{ס}</span>&nbsp;&nbsp;&nbsp;&nbsp;&nbsp;&nbsp;&nbsp;&nbsp;","Yet one who walked straightforwardShall come to peace,Shall have rest on their couch.aShall have rest on their couch Heb. “they…shall have rest on their couches.” Here, “couch” is a euphemism for the grave; cf. 2 Chron. 16.14. ",Ninguno
Isaiah,57,3,ואתם קרבוהנה בני עננה זרע מנאף ותזנה,"But as for you, come closer,You children of a sorceress,You offspring of an adulterer and a whore!ba whore Lit. “she acts the whore.” ",Ninguno
Isaiah,57,4,עלמי תתענגו עלמי תרחיבו פה תאריכו לשון הלואאתם ילדיפשע זרע שקר,"With whom do you act so familiarly?At whom do you open your mouthAnd stick out your tongue?Why, you are children of iniquity,Offspring of treachery—",Ninguno
Isaiah,57,5,הנחמים באלים תחת כלעץ רענן שחטי הילדים בנחלים תחת סעפי הסלעים,"You who inflame yourselvescinflame yourselves In some frenzied idolatrous rite.Among the terebinths,Under every verdant tree;Who slaughter children in the wadis,AmongdAmong Heb. “under.” the clefts of the rocks.",Ninguno
Isaiah,57,6,בחלקינחל חלקך הם הם גורלך גםלהם שפכת נסך העלית מנחה העל אלה אנחם,"With suchesuch The cult-trees referred to in v. 5. are your share and portion,fWith such are your share and portion Meaning of Heb. uncertain. They, they are your allotment;To them you have poured out libations,Presented offerings.Should I relent in the face of this?",Ninguno
Isaiah,57,7,על הרגבה ונשא שמת משכבך גםשם עלית לזבח זבח,"On a high and lofty hillYou have set your couch;There, too, you have gone upTo perform sacrifices.",Ninguno
Isaiah,57,8,ואחר הדלת והמזוזה שמת זכרונך כי מאתי גלית ותעלי הרחבת משכבך ותכרתלך מהם אהבת משכבם יד חזית,"Behind the door and doorpostYou have directed your thoughts;Abandoning Me, you have gone upOn the couch you made so wide.You have made a covenant with them;gthem The cult-trees referred to in v. 5. You have loved bedding with them;hthem The objects behind door and doorpost. You have chosen lust.ilust Like Ugaritic yd, from root ydd, “to love.” ",Ninguno
Isaiah,57,9,ותשרי למלך בשמן ותרבי רקחיך ותשלחי צריך עדמרחק ותשפילי עדשאול,"You have approachedjAbandoning Me … You have approached Meaning of Heb. uncertain. the kingkthe king Or “Molech.” with oil,You have provided many perfumes.And you have sent your envoys afar,Even down to the netherworld.lI.e., you have brought tribute to alien cults as to a king. ",Ninguno
Isaiah,57,10,ברב דרכך יגעת לא אמרת נואש חית ידך מצאת עלכן לא חלית,"Though wearied by much travel,You never said, “I give up!”You found gratification for your lust,And so you never cared.",Ninguno
Isaiah,57,11,ואתמי דאגת ותיראי כי תכזבי ואותי לא זכרת לאשמת עללבך הלא אני מחשה ומעלם ואותי לא תיראי,"Whom do you dread and fear,That you tell lies?mWhom do you dread and fear, / That you tell lies? Emendation yields “Them you dreaded and feared, / And so you gave them thought.” But you gave no thought to Me,You paid no heed.It is because I have stood idly by so longnso long Emendation yields “and shut My eyes.” That you have no fear of Me.",Ninguno
Isaiah,57,12,אני אגיד צדקתך ואתמעשיך ולא יועילוך,"I hereby pronounce judgment upon your deeds:ojudgment upon your deeds: Lit. “your retribution and your deeds.” Your assorted [idols]pYour assorted [idols] Moved up from v. 13 for clarity. shall not avail you,",Ninguno
Isaiah,57,13,בזעקך יצילך קבוציך ואתכלם ישארוח יקחהבל והחוסה בי ינחלארץ ויירש הרקדשי,"Shall not save you when you cry out.They shall all be borne off by the wind,Snatched away by a breeze.But those who trust in Me shall inherit the landAnd possess My sacred mount.",Ninguno
Isaiah,57,14,"ואמר סלוסלו פנודרך הרימו מכשול מדרך עמי&nbsp;<span class=""mam-spi-samekh"">{ס}</span>&nbsp;&nbsp;&nbsp;&nbsp;&nbsp;&nbsp;&nbsp;&nbsp;","[GOD] says:Build up, build up a highway!Clear a road!Remove all obstaclesFrom the road of My people!",Ninguno
Isaiah,57,15,כי כה אמר רם ונשא שכן עד וקדוש שמו מרום וקדוש אשכון ואתדכא ושפלרוח להחיות רוח שפלים ולהחיות לב נדכאים,"For thus said the One who high aloftForever dwells, whose name is holy:I dwell on high, in holiness;Yet with the contrite and the lowly in spirit—Reviving the spirits of the lowly,Reviving the hearts of the contrite.",Ninguno
Isaiah,57,16,כי לא לעולם אריב ולא לנצח אקצוף כירוח מלפני יעטוף ונשמות אני עשיתי,"For I will not always contend,I will not be angry forever:Nay, I who make spirits flag,qwho make spirits flag Meaning of Heb. uncertain. Also create the breath of life.",Ninguno
Isaiah,57,17,בעון בצעו קצפתי ואכהו הסתר ואקצף וילך שובב בדרך לבו,"For theirrtheir I.e., Israel’s. Cf. “My people,” v. 14. sinful greed I was angry;I struck them and turned away in My wrath.Though stubborn, they follow the way of their hearts,sThough stubborn, they follow the way of their hearts Meaning of Heb. uncertain. Emendation yields “When they have walked broken in the contrition of their hearts.” ",Ninguno
Isaiah,57,18,דרכיו ראיתי וארפאהו ואנחהו ואשלם נחמים לו ולאבליו,"I note how they fare and will heal them:I will guide them and mete out solace to them,And to the mourners among them ",Ninguno
Isaiah,57,19,"בורא <span class=""mam-kq""><span class=""mam-kq-k"">(נוב)</span> <span class=""mam-kq-q"">[ניב]</span></span> שפתים שלום&thinsp;<small></small>&thinsp;שלום לרחוק ולקרוב אמר יהוה ורפאתיו","heartening,theartening Lit. “the vigor of”; cf. Eccl. 12.1 and postbiblical bori. comfortingucomforting The Heb. nib is otherwise unknown; its meaning is inferred from that of nid (cf. the verb nad “to condole”) in the parallel expression in Job 16.5. words:It shall be well,Well with the far and the near—said  GOD—And I will heal them.",Ninguno
Isaiah,57,20,והרשעים כים נגרש כי השקט לא יוכל ויגרשו מימיו רפש וטיט,"But the wicked are like the troubled seaThat cannot rest,Whose waters toss up mire and mud.",Ninguno
Isaiah,57,21,"אין שלום אמר אלהי לרשעים&nbsp;<span class=""mam-spi-pe"">{פ}</span><br>",There is no safety—said my God—For the wicked.,Ninguno
Isaiah,58,1,קרא בגרון אלתחשך כשופר הרם קולך והגד לעמי פשעם ולבית יעקב חטאתם,"Cry with full throat, without restraint;Raise your voice like a ram’s horn!Declare to My people their transgression,To the House of Jacob their sin.",Ninguno
Isaiah,58,2,ואותי יום יום ידרשון ודעת דרכי יחפצון כגוי אשרצדקה עשה ומשפט אלהיו לא עזב ישאלוני משפטיצדק קרבת אלהים יחפצון,"To be sure, they seek Me daily,Eager to learn My ways.Like a nation that does what is right,That has not abandoned the laws of its God,They ask Me for the right way,They are eager for the nearness of God:",Ninguno
Isaiah,58,3,למה צמנו ולא ראית ענינו נפשנו ולא תדע הן ביום צמכם תמצאוחפץ וכלעצביכם תנגשו,"“Why, when we fasted, did You not see?When we starved our bodies, did You pay no heed?”Because on your fast dayYou see to your businessAnd oppress all your laborers!",Ninguno
Isaiah,58,4,הן לריב ומצה תצומו ולהכות באגרף רשע לאתצומו כיום להשמיע במרום קולכם,"Because you fast in strife and contention,And you strike with a wicked fist!Your fasting today is not suchAs to make your voice heard on high.",Ninguno
Isaiah,58,5,הכזה יהיה צום אבחרהו יום ענות אדם נפשו הלכף כאגמן ראשו ושק ואפר יציע הלזה תקראצום ויום רצון ליהוה,"Is such the fast I desire,A day for people to starve their bodies?Is it bowing the head like a bulrushAnd lying in sackcloth and ashes?Do you call that a fast,A day when  GOD is favorable?",Ninguno
Isaiah,58,6,הלוא זה צום אבחרהו פתח חרצבות רשע התר אגדות מוטה ושלח רצוצים חפשים וכלמוטה תנתקו,"No, this is the fast I desire:To unlock fetters of wickedness,And untie the cords of the yokeathe yoke Change of vocalization yields “lawlessness”; cf. muṭṭeh, Ezek. 9.9. To let the oppressed go free;To break off every yoke.",Ninguno
Isaiah,58,7,הלוא פרס לרעב לחמך ועניים מרודים תביא בית כיתראה ערם וכסיתו ומבשרך לא תתעלם,"It is to share your bread with the hungry,And to take the wretched poor into your home;When you see the naked, to clothe them,And not to ignore your own kin.",Ninguno
Isaiah,58,8,אז יבקע כשחר אורך וארכתך מהרה תצמח והלך לפניך צדקך כבוד יהוה יאספך,"Then shall your light burst through like the dawnAnd your healing spring up quickly;Your Vindicator shall march before you,The Presence of  GOD shall be your rear guard.",Ninguno
Isaiah,58,9,אז תקרא ויהוה יענה תשוע ויאמר הנני אםתסיר מתוכך מוטה שלח אצבע ודבראון,"Then, when you call,  GOD will answer;When you cry, [God] will say: Here I am.If you banish the yokebthe yoke See note at v. 6. from your midst,The menacing hand,cThe menacing hand Lit. “Extending the finger.” and evil speech,",Ninguno
Isaiah,58,10,ותפק לרעב נפשך ונפש נענה תשביע וזרח בחשך אורך ואפלתך כצהרים,"And you offer your compassiondcompassion Some Heb. mss. and ancient versions read “bread.” to the hungryAnd satisfy the famished creature—Then shall your light shine in darkness,And your gloom shall be like noonday.",Ninguno
Isaiah,58,11,ונחך יהוה תמיד והשביע בצחצחות נפשך ועצמתיך יחליץ והיית כגן רוה וכמוצא מים אשר לאיכזבו מימיו,"  GOD   will guide you always—Slaking your thirst in parched placeseparched places Meaning of Heb. uncertain. And giving strength to your bones.You shall be like a watered garden,Like a spring whose waters do not fail.",Ninguno
Isaiah,58,12,ובנו ממך חרבות עולם מוסדי דורודור תקומם וקרא לך גדר פרץ משבב נתיבות לשבת,"Some from your midst shall rebuild ancient ruins,You shall restore foundations laid long ago.And you shall be called“Repairer of fallen walls,Restorer of lanes for habitation.”",Ninguno
Isaiah,58,13,אםתשיב משבת רגלך עשות חפצך ביום קדשי וקראת לשבת ענג לקדוש יהוה מכבד וכבדתו מעשות דרכיך ממצוא חפצך ודבר דבר,"If you refrain from tramplingfrefrain from trampling Lit. “turn back your foot from.” the sabbath,From pursuing your affairs on My holy day;If you call the sabbath “delight,”  GOD  ’s holy day “honored”;And if you honor it and go not your waysNor look to your affairs, nor strike bargains—",Ninguno
Isaiah,58,14,"אז תתענג עליהוה והרכבתיך על<span class=""mam-kq""><span class=""mam-kq-q"">[במתי]</span> <span class=""mam-kq-k"">(במותי)</span></span> ארץ והאכלתיך נחלת יעקב אביך כי פי יהוה דבר&nbsp;<span class=""mam-spi-pe"">{פ}</span><br>","Then you can seek  GOD’s favor.gcan seek GOD’s favor. Cf. Ps. 37.4; Job 22.26–27; 27.10. I will set you astride the heights of the earth,And let you enjoy the heritage of your father Jacob—For   GOD’s mouth has spoken.",Ninguno
Isaiah,59,1,הן לאקצרה ידיהוה מהושיע ולאכבדה אזנו משמוע,"No,  GOD’s arm is not too short to save,Or ear too dull to hear;",Ninguno
Isaiah,59,2,כי אםעונתיכם היו מבדלים בינכם לבין אלהיכם וחטאותיכם הסתירו פנים מכם משמוע,But your iniquities have been a barrierBetween you and your God—Your sins have turned the divine face awayIn refusal to hear you.,Separación (Beyn)
Isaiah,59,3,כי כפיכם נגאלו בדם ואצבעותיכם בעון שפתותיכם דברושקר לשונכם עולה תהגה,"For your hands are defiled with crimeacrime Or “blood.” And your fingers with iniquity.Your lips speak falsehood,Your tongue utters treachery.",Ninguno
Isaiah,59,4,איןקרא בצדק ואין נשפט באמונה בטוח עלתהו ודברשוא הרו עמל והוליד און,"No one sues justlyOr pleads honestly;They rely on emptiness and speak falsehood,Conceiving wrong and begetting evil.",Ninguno
Isaiah,59,5,ביצי צפעוני בקעו וקורי עכביש יארגו האכל מביציהם ימות והזורה תבקע אפעה,"They hatch adder’s eggsAnd weave spider webs;Whoever eats of those eggs will die,And if one is crushed, it hatches out a viper.",Ninguno
Isaiah,59,6,קוריהם לאיהיו לבגד ולא יתכסו במעשיהם מעשיהם מעשיאון ופעל חמס בכפיהם,"Their webs will not serve as a garment,What they make cannot serve as clothing;Their deeds are deeds of mischief,Their hands commit lawless acts,",Ninguno
Isaiah,59,7,רגליהם לרע ירצו וימהרו לשפך דם נקי מחשבתיהם מחשבות און שד ושבר במסלותם,"Their feet run after evil,They hasten to shed the blood of the innocent.Their plans are plans of mischief,Destructiveness and injury are on their roads.",Ninguno
Isaiah,59,8,דרך שלום לא ידעו ואין משפט במעגלותם נתיבותיהם עקשו להם כל דרך בה לא ידע שלום,"They do not care for the way of integrity,There is no justice on their paths.They make their courses crooked,No one who walks in them cares for integrity.",Percepción (Yada)
Isaiah,59,9,עלכן רחק משפט ממנו ולא תשיגנו צדקה נקוה לאור והנהחשך לנגהות באפלות נהלך,"“That is why redress is far from us,And vindication does not reach us.We hope for light, and lo! there is darkness;For a gleam, and we must walk in gloom.",Ninguno
Isaiah,59,10,נגששה כעורים קיר וכאין עינים נגששה כשלנו בצהרים כנשף באשמנים כמתים,"We grope, like the blind along a wall;Like those without eyes we grope.We stumble at noon, as if in darkness;Among the sturdy, we arebAmong the sturdy, we are Meaning of Heb. uncertain. Emendation yields “In the daytime…” like the dead.",Ninguno
Isaiah,59,11,נהמה כדבים כלנו וכיונים הגה נהגה נקוה למשפט ואין לישועה רחקה ממנו,"We all growl like bearsAnd moan like doves.We hope for redress, and there is none;For victory, and it is far from us.",Ninguno
Isaiah,59,12,כירבו פשעינו נגדך וחטאותינו ענתה בנו כיפשעינו אתנו ועונתינו ידענום,"For our many sins are before You,Our guilt testifies against us.We are aware of our sins,And we know well our iniquities:",Percepción (Yada)
Isaiah,59,13,פשע וכחש ביהוה ונסוג מאחר אלהינו דברעשק וסרה הרו והגו מלב דברישקר,"Rebellion, faithlessness to  GOD,And turning away from our God,Planning fraud and treachery,Conceiving lies and uttering them with the throat.cthroat Lit. “heart”; see note at 33.18 and frequently elsewhere. ",Ninguno
Isaiah,59,14,"והסג אחור משפט וצדקה מרחוק תעמד כיכשלה ברחוב אמת ונכחה לאתוכל לבוא&nbsp;<span class=""mam-spi-samekh"">{ס}</span>&nbsp;&nbsp;&nbsp;&nbsp;&nbsp;&nbsp;&nbsp;&nbsp;","And so redress is turned backAnd vindication stays afar,Because honesty stumbles in the public squareAnd uprightness cannot enter.",Ninguno
Isaiah,59,15,ותהי האמת נעדרת וסר מרע משתולל וירא יהוה וירע בעיניו כיאין משפט,"Honesty has been lacking,Whoever turns away from evil is despoiled.”  GOD   saw and was displeasedThat there was no redress.",Ninguno
Isaiah,59,16,וירא כיאין איש וישתומם כי אין מפגיע ותושעלו זרעו וצדקתו היא סמכתהו,"[God] saw that there was nobody else,dnobody else Who was ready to step into the breach; cf. Rashi. Gazing long, but no one intervened.Then God’s own arm did win triumph,The victorious right handevictorious right hand Cf. Ps. 98.1–2. gave support.",Ninguno
Isaiah,59,17,וילבש צדקה כשרין וכובע ישועה בראשו וילבש בגדי נקם תלבשת ויעט כמעיל קנאה,"[God] donned victory like a coat of mail,Wearing a helmet of triumph—Dressing in garments of retribution,Wrapped in zeal like a robe.",Ninguno
Isaiah,59,18,כעל גמלות כעל ישלם חמה לצריו גמול לאיביו לאיים גמול ישלם,"According to their deserts,So shall fury be repaidfAccording to … repaid Meaning of Heb. uncertain. to God’s foes;Requital shall be made to God’s enemies,Requital to the distant lands.",Ninguno
Isaiah,59,19,ויראו ממערב אתשם יהוה וממזרחשמש אתכבודו כייבוא כנהר צר רוח יהוה נססה בו,"From the west, they shall reveregrevere Or (with a number of mss. and editions) “see.” GOD’s name,And from the east, the divine Presence.For [God] shall come like a hemmed-in streamThat the wind of  the ETERNAL drives on;",Ninguno
Isaiah,59,20,ובא לציון גואל ולשבי פשע ביעקב נאם יהוה,"[God] shall come as redeemer to Zion,To those in Jacob who turn back from sin—declares  GOD.",Ninguno
Isaiah,59,21,"ואני זאת בריתי אותם אמר יהוה רוחי אשר עליך ודברי אשרשמתי בפיך לאימושו מפיך ומפי זרעך ומפי זרע זרעך אמר יהוה מעתה ועדעולם&nbsp;<span class=""mam-spi-samekh"">{ס}</span>&nbsp;&nbsp;&nbsp;&nbsp;&nbsp;&nbsp;&nbsp;&nbsp;","And this shall be My covenant with them, said GOD: My spirithMy spirit I.e., the gift of prophecy; cf., e.g., 61.1. that is upon you, and the words that I have placed in your mouth, shall not be absent from your mouth, nor from the mouth of your children, nor from the mouth of your children’s children—said GOD—from now on, for all time.iI.e., Israel is to be a prophet-nation; cf. 51.16. ",Ninguno
Isaiah,60,1,קומי אורי כי בא אורך וכבוד יהוה עליך זרח,"Arise, shine, for your light has dawned;The Presence of  GOD has shone upon you!",Ninguno
Isaiah,60,2,כיהנה החשך יכסהארץ וערפל לאמים ועליך יזרח יהוה וכבודו עליך יראה,"Behold! Darkness shall cover the earth,And thick clouds the peoples;But upon you  GOD will shine,And God’s Presence be seen over you.",Ninguno
Isaiah,60,3,והלכו גוים לאורך ומלכים לנגה זרחך,"And nations shall walk by your light,Kings, by your shining radiance.",Ninguno
Isaiah,60,4,שאיסביב עיניך וראי כלם נקבצו באולך בניך מרחוק יבאו ובנותיך עלצד תאמנה,"Raise your eyes and look about:They have all gathered and come to you.Your sons shall be brought from afar,Your daughters like babes on shoulders.",Ninguno
Isaiah,60,5,אז תראי ונהרת ופחד ורחב לבבך כייהפך עליך המון ים חיל גוים יבאו לך,"As you behold, you will glow;Your heart will throb and thrill—For the wealth of the seaasea Emendation yields “coastlands.” shall pass on to you,The riches of nations shall flow to you.",Ninguno
Isaiah,60,6,שפעת גמלים תכסך בכרי מדין ועיפה כלם משבא יבאו זהב ולבונה ישאו ותהלת יהוה יבשרו,"Dust clouds of camels shall cover you,Dromedaries of Midian and Ephah.They all shall come from Sheba;They shall bear gold and frankincense,And shall herald  GOD’s glories.",Ninguno
Isaiah,60,7,כלצאן קדר יקבצו לך אילי נביות ישרתונך יעלו עלרצון מזבחי ובית תפארתי אפאר,"All the flocks of Kedar shall be assembled for you,The rams of Nebaioth shall serve your needs;They shall be welcome offerings on My altar,And I will add glory to My glorious House.",Ninguno
Isaiah,60,8,מיאלה כעב תעופינה וכיונים אלארבתיהם,"Who are these that float like a cloud,Like doves to their cotes?",Ninguno
Isaiah,60,9,כילי&thinsp;<b></b> איים יקוו ואניות תרשיש בראשנה להביא בניך מרחוק כספם וזהבם אתם לשם יהוה אלהיך ולקדוש ישראל כי פארך,"Behold, the coastlands await me,bBehold, the coastlands await me Emendation yields “The vessels of the coastlands are gathering.” With ships of Tarshishcships of Tarshish See note at 2.16. in the lead,To bring your children from afar,And theirdtheir I.e., of the people of the coastlands. silver and gold as well—For the name of  the ETERNAL your God,For the Holy One of Israel, who has glorified you.",Ninguno
Isaiah,60,10,ובנו בנינכר חמתיך ומלכיהם ישרתונך כי בקצפי הכיתיך וברצוני רחמתיך,"Aliens shall rebuild your walls,Their kings shall wait upon you—For in anger I struck you down,But in favor I take you back.",Ninguno
Isaiah,60,11,ופתחו שעריך תמיד יומם ולילה לא יסגרו להביא אליך חיל גוים ומלכיהם נהוגים,"Your gates shall always stay open—Day and night they shall never be shut—To let in the wealth of the nations,With their kings in procession.",Ninguno
Isaiah,60,12,כיהגוי והממלכה אשר לאיעבדוך יאבדו והגוים חרב יחרבו,For the nation or the kingdomThat does not serve you shall perish;Such nations shall be destroyed.,Ninguno
Isaiah,60,13,כבוד הלבנון אליך יבוא ברוש תדהר ותאשור יחדו לפאר מקום מקדשי ומקום רגלי אכבד,"The majesty of Lebanon shall come to you—Cypress and pine and box—To adorn the site of My Sanctuary,To glorify the place where My feet rest.",Ninguno
Isaiah,60,14,והלכו אליך שחוח בני מעניך והשתחוו עלכפות רגליך כלמנאציך וקראו לך עיר יהוה ציון קדוש ישראל,"Bowing before you, shall comeThe children of those who tormented you;Prostrate at the soles of your feetShall be all those who reviled you;And you shall be called“City of  GOD,Zion of the Holy One of Israel.”",Ninguno
Isaiah,60,15,תחת היותך עזובה ושנואה ואין עובר ושמתיך לגאון עולם משוש דור ודור,"Whereas you have been forsaken,Rejected, with none passing through,I will make you a pride everlasting,A joy for age after age.",Ninguno
Isaiah,60,16,וינקת חלב גוים ושד מלכים תינקי וידעת כי אני יהוה מושיעך וגאלך אביר יעקב,"You shall suck the milk of the nations,Suckle at royal breasts.eroyal breasts Lit. “breasts of kings” or “breasts of kingdoms.” And you shall knowThat I  GOD am your Savior,I, The Mighty One of Jacob, am your Redeemer.",Percepción (Yada)
Isaiah,60,17,תחת הנחשת אביא זהב ותחת הברזל אביא כסף ותחת העצים נחשת ותחת האבנים ברזל ושמתי פקדתך שלום ונגשיך צדקה,"Instead of copper I will bring gold,Instead of iron I will bring silver;Instead of wood, copper—And instead of stone, iron.And I will appoint Well-being as your government,Prosperity as your officials.",Ninguno
Isaiah,60,18,לאישמע עוד חמס בארצך שד ושבר בגבוליך וקראת ישועה חומתיך ושעריך תהלה,"The cry “Violence!”Shall no more be heard in your land,Nor “Wrack and ruin!”Within your borders.And you shall name your walls “Victory”And your gates “Renown.”",Ninguno
Isaiah,60,19,לאיהיהלך עוד השמש לאור יומם ולנגה הירח לאיאיר לך והיהלך יהוה לאור עולם ואלהיך לתפארתך,"No longer shall you need the sunFor light by day,Nor the shining of the moonFor radiance [by night];f[by night] So 1QIsᵃ, Septuagint, and Targum. For  GOD shall be your light everlasting,Your God shall be your glory.",Ninguno
Isaiah,60,20,לאיבוא עוד שמשך וירחך לא יאסף כי יהוה יהיהלך לאור עולם ושלמו ימי אבלך,"Your sun shall set no more,Your moon no more withdraw;For  GOD shall be a light to you forever,And your days of mourning shall be ended.",Ninguno
Isaiah,60,21,"ועמך כלם צדיקים לעולם יירשו ארץ נצר <span class=""mam-kq""><span class=""mam-kq-k"">(מטעו)</span> <span class=""mam-kq-q"">[מטעי]</span></span> מעשה ידי להתפאר","And your people, all of them righteous,Shall possess the land for all time;They are the shoot that I planted,My handiwork in which I glory.",Ninguno
Isaiah,60,22,"הקטן יהיה לאלף והצעיר לגוי עצום אני יהוה בעתה אחישנה&nbsp;<span class=""mam-spi-samekh"">{ס}</span>&nbsp;&nbsp;&nbsp;&nbsp;&nbsp;&nbsp;&nbsp;&nbsp;","The smallest shall become a clan;The least, a mighty nation.I  GOD will speed it in due time.",Ninguno
Isaiah,61,1,רוח אדני יהוה עלי יען משח יהוה אתי לבשר ענוים שלחני לחבש לנשברילב לקרא לשבוים דרור ולאסורים פקחקוח,"The spirit of my Sovereign  GOD is upon me,Because  GOD has anointed me.I have been sent as a herald of joy to the humble,To bind up the wounded of heart,To proclaim release to the captives,Liberation to the imprisoned;",Ninguno
Isaiah,61,2,לקרא שנתרצון ליהוה ויום נקם לאלהינו לנחם כלאבלים,To proclaim a year of  GOD’s favorAnd a day of vindication by our God;To comfort all who mourn—,Ninguno
Isaiah,61,3,לשום&thinsp;<b></b> לאבלי ציון לתת להם פאר תחת אפר שמן ששון תחת אבל מעטה תהלה תחת רוח כהה וקרא להם אילי הצדק מטע יהוה להתפאר,"To provide foraTo provide for Meaning of Heb. uncertain. the mourners in Zion—To give them a turban instead of ashes,The festive ointment instead of mourning,A garment of splendor instead of a drooping spirit.They shall be called terebinths of victory,Planted by  GOD for glory’s sake.",Ninguno
Isaiah,61,4,ובנו חרבות עולם שממות ראשנים יקוממו וחדשו ערי חרב שממות דור ודור,"And they shall build the ancient ruins,Raise up the desolations of old,And renew the ruined cities,The desolations of many ages.",Ninguno
Isaiah,61,5,ועמדו זרים ורעו צאנכם ובני נכר אכריכם וכרמיכם,"Strangers shall stand and pasture your flocks,Aliens shall be your plowers and vine-trimmers;",Ninguno
Isaiah,61,6,ואתם כהני יהוה תקראו משרתי אלהינו יאמר לכם חיל גוים תאכלו ובכבודם תתימרו,"While you shall be called “Priests of  GOD,”And termed “Servants of our God.”You shall enjoy the wealth of nationsAnd revelbrevel Meaning of Heb. uncertain. in their riches.",Ninguno
Isaiah,61,7,תחת בשתכם משנה וכלמה ירנו חלקם לכן בארצם משנה יירשו שמחת עולם תהיה להם,"Because your shame was double—Men cried, “Disgrace is their portion”cMen cried, “Disgrace is their portion” Emendation yields “They inherited disgrace as their portion.”—Assuredly,They shall have a double share in their land;Joy shall be theirs for all time.",Ninguno
Isaiah,61,8,כי אני יהוה אהב משפט שנא גזל בעולה ונתתי פעלתם באמת וברית עולם אכרות להם,"For I  GOD love justice,I hate robbery with a burnt offering.drobbery with a burnt offering Emendation yields “the robbing of wages.” I will pay them their wages faithfully,And make a covenant with them for all time.",Ninguno
Isaiah,61,9,"ונודע בגוים זרעם וצאצאיהם בתוך העמים כלראיהם יכירום כי הם זרע ברך יהוה&nbsp;<span class=""mam-spi-pe"">{פ}</span><br>","Their offspring shall be known among the nations,Their descendants in the midst of the peoples.All who see them shall recognizeThat they are a stock  GOD has blessed.",Ninguno
Isaiah,61,10,שוש אשיש ביהוה תגל נפשי באלהי כי הלבישני בגדיישע מעיל צדקה יעטני כחתן יכהן פאר וככלה תעדה כליה,"I greatly rejoice in  GOD,My whole being exults in my God—Who has clothed me with garments of triumph,Wrapped me in a robe of victory,Like a bridegroom adorned with a turban,Like a bride bedecked with her finery.",Ninguno
Isaiah,61,11,כי כארץ תוציא צמחה וכגנה זרועיה תצמיח כן&thinsp;<b></b> אדני יהוה יצמיח צדקה ותהלה נגד כלהגוים,"For as the earth brings forth her growthAnd a garden makes the seed shoot up,So my Sovereign  GOD will makeVictory and renown shoot upIn the presence of all the nations.",Ninguno
Isaiah,62,1,למען ציון לא אחשה ולמען ירושל͏ם לא אשקוט עדיצא כנגה צדקה וישועתה כלפיד יבער,"For the sake of Zion I will not be silent,For the sake of Jerusalem I will not be still,Till her victory emerge resplendentAnd her triumph like a flaming torch.",Ninguno
Isaiah,62,2,וראו גוים צדקך וכלמלכים כבודך וקרא לך שם חדש אשר פי יהוה יקבנו,"Nations shall see your victory,And every king your majesty;And you shall be called by a new nameThat  GOD aGOD Heb. “the mouth of GOD.” shall bestow.",Ninguno
Isaiah,62,3,"והיית עטרת תפארת בידיהוה <span class=""mam-kq""><span class=""mam-kq-k"">(וצנוף)</span> <span class=""mam-kq-q"">[וצניף]</span></span> מלוכה בכףאלהיך","You shall be a glorious crownIn the hand of  GOD,And a royal diademIn the palm of your God.",Ninguno
Isaiah,62,4,לאיאמר לך עוד עזובה ולארצך לאיאמר עוד שממה כי לך יקרא חפציבה ולארצך בעולה כיחפץ יהוה בך וארצך תבעל,"Nevermore shall you be called “Forsaken,”Nor shall your land be called “Desolate”;But you shall be called “I delight in her,”And your land “Espoused.”For  GOD takes delight in you,And your land shall be espoused.",Ninguno
Isaiah,62,5,כייבעל בחור בתולה יבעלוך בניך ומשוש חתן עלכלה ישיש עליך אלהיך,"As a youth espouses a maiden,Your sonsbYour sons Change of vocalization yields “The One who rebuilds you.” shall espouse you;And as a bridegroom rejoices over his bride,So will your God rejoice over you.",Ninguno
Isaiah,62,6,עלחומתיך ירושל͏ם הפקדתי שמרים כלהיום וכלהלילה תמיד לא יחשו המזכרים אתיהוה אלדמי לכם,"Upon your walls, O Jerusalem,I have set sentries,Who shall never be silentBy day or by night.O you,  the ETERNAL One’s remembrancers,cremembrancers I.e., the sentries just mentioned. Take no rest",Ninguno
Isaiah,62,7,ואלתתנו דמי לו עדיכונן ועדישים אתירושל͏ם תהלה בארץ,"And give no rest to [God],Until Jerusalem is establishedAnd she is made renowned on earth.",Ninguno
Isaiah,62,8,נשבע יהוה בימינו ובזרוע עזו אםאתן אתדגנך עוד מאכל לאיביך ואםישתו בנינכר תירושך אשר יגעת בו,"  GOD   has sworn with the right hand,With a mighty arm:Nevermore will I give your new grainTo your enemies for food,Nor shall foreigners drink the new wineFor which you have labored.",Ninguno
Isaiah,62,9,"כי מאספיו יאכלהו והללו אתיהוה ומקבציו ישתהו בחצרות קדשי&nbsp;<span class=""mam-spi-samekh"">{ס}</span>&nbsp;&nbsp;&nbsp;&nbsp;&nbsp;&nbsp;&nbsp;&nbsp;",But those who harvest it shall eat itAnd give praise to  GOD;And those who gather it shall drink itIn My sacred courts.,Ninguno
Isaiah,62,10,עברו עברו בשערים פנו דרך העם סלו סלו המסלה סקלו מאבן הרימו נס עלהעמים,"Pass through, pass through the gates!Clear the road for the people;Build up, build up the highway,Remove the rocks!Raise an ensign over the peoples!",Ninguno
Isaiah,62,11,הנה יהוה השמיע אלקצה הארץ אמרו לבתציון הנה ישעך בא הנה שכרו אתו ופעלתו לפניו,"See,  GOD has proclaimedTo the end of the earth:Announce to Fair Zion,Your Deliverer is coming!See, [God] has brought along the reward,The recompensedthe reward, / The recompense See note at 40.10. is in view.",Ninguno
Isaiah,62,12,"וקראו להם עםהקדש גאולי יהוה ולך יקרא דרושה עיר לא נעזבה&nbsp;<span class=""mam-spi-samekh"">{ס}</span>&nbsp;&nbsp;&nbsp;&nbsp;&nbsp;&nbsp;&nbsp;&nbsp;","And they shall be called, “The Holy People,GOD’s Redeemed,”And you shall be called, “Sought Out,A City Not Forsaken.”",Ninguno
Isaiah,63,1,מיזה&thinsp;<b></b> בא מאדום חמוץ בגדים מבצרה זה הדור בלבושו צעה ברב כחו אני מדבר בצדקה רב להושיע,"Who is this coming from Edom,In crimsoned garments from Bozrah—Who is this, majestic in attire,Pressing forwardaPressing forward Meaning of Heb. uncertain; emendation yields “striding.” with great might?“It is I, who contend victoriously,Powerful to give triumph.”bgive triumph Change of vocalization yields “Who contest triumphantly”; cf. 19.20. ",Ninguno
Isaiah,63,2,מדוע אדם ללבושך ובגדיך כדרך בגת,"Why is Your clothing so red,Your garments like those of someone who treads grapes?cgrapes Lit. “in a press.” ",Ninguno
Isaiah,63,3,פורה&thinsp;<b></b> דרכתי לבדי ומעמים איןאיש אתי ואדרכם באפי וארמסם בחמתי ויז נצחם עלבגדי וכלמלבושי אגאלתי,"“I trod out a vintage alone;Of the peoplesdOf the peoples Emendation yields “Peoples, and…” nobody was with Me.enobody was with Me Cf. the first note at 59.16. I trod them down in My anger,Trampled them in My rage;Their life-bloodflife-blood Meaning of Heb. uncertain. bespattered My garments,And all My clothing was stained.",Ninguno
Isaiah,63,4,כי יום נקם בלבי ושנת גאולי באה,"For I had planned a day of vengeance,And My year of redemption arrived.",Ninguno
Isaiah,63,5,ואביט ואין עזר ואשתומם ואין סומך ותושעלי זרעי וחמתי היא סמכתני,"Then I looked, but there was none to help;I stared, but there was none to aid—So My own arm wrought the triumph,And My own ragegMy own rage Many mss. read we-ṣidqathi “My victorious [right hand]”; cf. 59.16. was My aid.",Ninguno
Isaiah,63,6,"ואבוס עמים באפי ואשכרם בחמתי ואוריד לארץ נצחם&nbsp;<span class=""mam-spi-samekh"">{ס}</span>&nbsp;&nbsp;&nbsp;&nbsp;&nbsp;&nbsp;&nbsp;&nbsp;","I trampled peoples in My anger,I made them drunk withhI made them drunk with Many mss. and Targum read “I shattered them in”; cf. 14.25. My rage,And I hurled their glory to the ground.”",Ninguno
Isaiah,63,7,חסדי יהוה&thinsp;<small></small>&thinsp;אזכיר תהלת יהוה כעל כל אשרגמלנו יהוה ורבטוב לבית ישראל אשרגמלם כרחמיו וכרב חסדיו,"I will recount GOD’s kind acts,  GOD’s praises—For all that  GOD has wrought for us,The vast bounty to the House of IsraelThat was bestowed upon themAccording to God’s mercy and great kindness.",Ninguno
Isaiah,63,8,ויאמר אךעמי המה בנים לא ישקרו ויהי להם למושיע,"[God] thought: Surely they are My people,Children who will not play false.So [God] was their Deliverer.",Ninguno
Isaiah,63,9,"בכלצרתם&thinsp;<b></b> <span class=""mam-kq""><span class=""mam-kq-k"">(לא)</span> <span class=""mam-kq-q"">[לו]</span></span> צר ומלאך פניו הושיעם באהבתו ובחמלתו הוא גאלם וינטלם וינשאם כלימי עולם","In all their troubles [God] was troubled,And the angel of the divine Presence delivered them.iSo [God] was … delivered them Ancient versions read “So [God] was their Deliverer / 9In all their troubles. / No [so kethib] angel or messenger, / God’s own Presence delivered them.” Cf. Deut. 4.37 and note. In love and pityIt was [God] who redeemed them,Raised them, and exalted themAll the days of old.",Ninguno
Isaiah,63,10,והמה מרו ועצבו אתרוח קדשו ויהפך להם לאויב הוא נלחםבם,"But they rebelled, and grievedGod’s holy spirit;Then it was [God] who became their enemy,And made war against them.",Ninguno
Isaiah,63,11,ויזכר ימיעולם משה עמו איה&thinsp;<b></b> המעלם מים את רעי צאנו איה השם בקרבו אתרוח קדשו,"Then theyjthey Heb. “he.” remembered the ancient days,The One who pulledkThe One who pulled Heb. moshe, a play on the name Moshe (Moses). a preciousla precious Lit. “His.” people out [of the water]:“Where is the One who brought them up from the SeaAlong with the shepherdmshepherd So many mss. and ancient versions; other texts “shepherds.” of this flock?Where is the One whose holy spiritWas placed in their midst,",Ninguno
Isaiah,63,12,מוליך לימין משה זרוע תפארתו בוקע מים מפניהם לעשות לו שם עולם,"Whose glorious arm was madeTo march at the right hand of Moses,Who divided the waters before themTo make a reputation for all time,",Control/Derecha (Yamin)
Isaiah,63,13,מוליכם בתהמות כסוס במדבר לא יכשלו,"Who led them through the deepsSo that they did not stumble—As a horse in a desert,",Ninguno
Isaiah,63,14,כבהמה בבקעה תרד רוח יהוה תניחנו כן נהגת עמך לעשות לך שם תפארת,Like a beast descending to the plain?”’Twas the spirit of  GOD gave them rest;ngave them rest Emendation yields “guided them.” Thus did You shepherd Your peopleTo win for Yourself a glorious name.,Ninguno
Isaiah,63,15,הבט משמים וראה מזבל קדשך ותפארתך איה קנאתך וגבורתך המון מעיך ורחמיך אלי התאפקו,"Look down from heaven and see,From Your holy and glorious height!Where is Your zeal, Your power?oEmendation yields “[Where are] Your yearning and Your love? / Let them not be restrained!” Your yearning and Your loveAre being withheld from us!pus Heb. “me.” ",Ninguno
Isaiah,63,16,כיאתה אבינו כי אברהם לא ידענו וישראל לא יכירנו אתה יהוה אבינו גאלנו מעולם שמך,"Surely You are our Father:qFather See note at Deut. 32.6. Though Abraham regard us not,And Israel recognize us not,You, O  ETERNAL One, are our Father;From of old, Your name is “Our Redeemer.”",Percepción (Yada)
Isaiah,63,17,למה תתענו יהוה מדרכיך תקשיח לבנו מיראתך שוב למען עבדיך שבטי נחלתך,"Why,  ETERNAL One, do You make us stray from Your ways,And turn our hearts away from revering You?Relent for the sake of Your servants,The tribes that are Your very own!",Ninguno
Isaiah,63,18,למצער ירשו עםקדשך צרינו בוססו מקדשך,"Our foes have trampled Your Sanctuary,Which Your holy people possessed but a little while.rpossessed but a little while Meaning of Heb. uncertain. ",Ninguno
Isaiah,63,19,היינו מעולם לאמשלת בם לאנקרא שמך עליהם לואקרעת שמים ירדת מפניך הרים נזלו,"We have become as a people You never ruled,To which Your name was never attached.If You would but tear open the heavens and come down,So that mountains would quake before You—",Ninguno
Isaiah,64,1,כקדח אש המסים מים תבעהאש להודיע שמך לצריך מפניך גוים ירגזו,"aMeaning of vv. 1–4 uncertain. As when fire kindles brushwood,And fire makes water boil—To make Your name known to Your adversariesSo that nations will tremble at Your Presence,",Ninguno
Isaiah,64,2,"בעשותך נוראות לא נקוה ירדת מפניך הרים נזלו&nbsp;<span class=""mam-spi-samekh"">{ס}</span>&nbsp;&nbsp;&nbsp;&nbsp;&nbsp;&nbsp;&nbsp;&nbsp;","When You did wonders we dared not hope for,You came downAnd mountains quaked before You.",Ninguno
Isaiah,64,3,ומעולם לאשמעו לא האזינו עין לאראתה אלהים זולתך יעשה למחכהלו,"Such things had never been heard or noted.No eye has seen [them], O God, but You,Who act for those who trust in You.bYou Heb. “Him.” ",Ninguno
Isaiah,64,4,פגעת אתשש ועשה צדק בדרכיך יזכרוך הןאתה קצפת ונחטא בהם עולם ונושע,"Yet You have struck those who would gladly do justice,And remember You in Your ways.It is because You are angry that we have sinned;We have been steeped in them from of old,And can we be saved?cWe have been steeped in them from of old, / And can we be saved? Emendation yields “Because You have hidden Yourself we have offended.” For the thought cf. 63.17. ",Ninguno
Isaiah,64,5,ונהי כטמא כלנו וכבגד עדים כלצדקתינו ונבל כעלה כלנו ועוננו כרוח ישאנו,"We have all become like an impure thing,And all our virtues like a filthy rag.We are all withering like leaves,And our iniquities, like a wind, carry us off.",Ninguno
Isaiah,64,6,ואיןקורא בשמך מתעורר להחזיק בך כיהסתרת פניך ממנו ותמוגנו בידעוננו,"Yet no one invokes Your name,Rouses themselves to cling to You.For You have hidden Your face from us,And made us melt because ofdmade us melt because of Emendation yields “delivered us into the hands of…” our iniquities.",Percepción (Yada)
Isaiah,64,7,ועתה יהוה אבינו אתה אנחנו החמר ואתה יצרנו ומעשה ידך כלנו,"But now, O  ETERNAL One, You are our Father;eFather I.e., the One who generated this nation, and upon whom we are utterly dependent. We are the clay, and You are the Potter,We are all the work of Your hands.",Ninguno
Isaiah,64,8,אלתקצף יהוה עדמאד ואללעד תזכר עון הן הבטנא עמך כלנו,"Be not implacably angry, O  ETERNAL One,Do not remember iniquity forever.Oh, look down to Your people, to us all!",Ninguno
Isaiah,64,9,ערי קדשך היו מדבר ציון מדבר היתה ירושל͏ם שממה,"Your holy cities have become a desert:Zion has become a desert,Jerusalem a desolation.",Ninguno
Isaiah,64,10,בית קדשנו ותפארתנו אשר הללוך אבתינו היה לשרפת אש וכלמחמדינו היה לחרבה,"Our holy temple, our pride,Where our ancestors praised You,Has been consumed by fire:And all that was dear to us is ruined.",Ninguno
Isaiah,64,11,"העלאלה תתאפק יהוה תחשה ותעננו עדמאד&nbsp;<span class=""mam-spi-pe"">{פ}</span><br>","At such things will You restrain Yourself, O  ETERNAL One,Will You stand idly by and let us suffer so heavily?",Ninguno
Isaiah,65,1,נדרשתי ללוא שאלו נמצאתי ללא בקשני אמרתי הנני הנני אלגוי לאקרא בשמי,"I responded toaI responded to Lit. “I let Myself be inquired of…” those who did not ask,I was at hand to those who did not seek Me;I said, “Here I am, here I am,”To a nation that did not invoke My name.",Ninguno
Isaiah,65,2,פרשתי ידי כלהיום אלעם סורר ההלכים הדרך לאטוב אחר מחשבתיהם,"I constantly spread out My handsTo a disloyal people,Who walk the way that is not good,Following their own designs;",Ninguno
Isaiah,65,3,העם המכעסים אתי עלפני תמיד זבחים בגנות ומקטרים עלהלבנים,"The people who provoke My anger,Who continually, to My very face,Sacrifice in gardens and burn incense on tiles;",Ninguno
Isaiah,65,4,"הישבים בקברים ובנצורים ילינו האכלים בשר החזיר <span class=""mam-kq""><span class=""mam-kq-k"">(ופרק)</span> <span class=""mam-kq-q"">[ומרק]</span></span> פגלים כליהם","Who sit inside tombsAnd pass the night in secret places;Who eat the flesh of swine,With broth of unclean things in their bowls;",Ninguno
Isaiah,65,5,האמרים קרב אליך אלתגשבי כי קדשתיך אלה עשן באפי אש יקדת כלהיום,"Who say, “Keep your distance! Don’t come closer!For I would render you consecrated.”bI would render you consecrated Taking qedashtikha as equivalent to qiddashtikha, cf. Ezek. 44.19; trad. “I am holier than thou.” Such things make My anger rage,Like fire blazing all day long.",Ninguno
Isaiah,65,6,הנה כתובה לפני לא אחשה כי אםשלמתי ושלמתי עלחיקם,"See, this is recorded before Me;I will not stand idly by, but will repay,Deliver theirctheir Heb. “your.” sinsdtheir sins Moved up from v. 7 for clarity. into their bosom,",Ninguno
Isaiah,65,7,"עונתיכם ועונת אבותיכם יחדו אמר יהוה אשר קטרו עלההרים ועלהגבעות חרפוני ומדתי פעלתם ראשנה <span class=""mam-kq""><span class=""mam-kq-k"">(על)</span> <span class=""mam-kq-q"">[אל]</span></span>חיקם&nbsp;<span class=""mam-spi-samekh"">{ס}</span>&nbsp;&nbsp;&nbsp;&nbsp;&nbsp;&nbsp;&nbsp;&nbsp;","And the sins of their ancestors as well—said  GOD—For they made offerings upon the mountainsAnd affronted Me upon the hills.I will count out their recompense in full,efull Taking riʼshonah as equivalent to be-roʼshah; cf. Lev. 5.24; Jer. 16.18. Meaning of Heb. uncertain. Into their bosoms.",Ninguno
Isaiah,65,8,כה&thinsp;<b></b> אמר יהוה כאשר ימצא התירוש באשכול ואמר אלתשחיתהו כי ברכה בו כן אעשה למען עבדי לבלתי השחית הכל,"Thus said  GOD:As, when new wine is present in the cluster,One says, “Don’t destroy it; there’s good in it,”So will I do for the sake of My servants,And not destroy everything.",Ninguno
Isaiah,65,9,והוצאתי מיעקב זרע ומיהודה יורש הרי וירשוה בחירי ועבדי ישכנושמה,"I will bring forth offspring from Jacob,From Judah heirs to My mountains;My chosen ones shall take possession,My servants shall dwell thereon.",Ninguno
Isaiah,65,10,והיה השרון לנוהצאן ועמק עכור לרבץ בקר לעמי אשר דרשוני,"SharonfSharon Emendation yields “Jeshimon,” the bleak southeast corner of the Jordan Valley; cf. Num. 21.20; 23.8. shall become a pasture for flocks,And the Valley of Achor a place for cattle to lie down,For My people who seek Me.",Ninguno
Isaiah,65,11,ואתם עזבי יהוה השכחים אתהר קדשי הערכים לגד שלחן והממלאים למני ממסך,"But as for you who forsake  GOD,Who ignore My holy mountain,Who set a table for LuckgLuck Name of a heathen deity. And fill a mixing bowl for Destiny:hDestiny Name of another heathen deity. ",Ninguno
Isaiah,65,12,"ומניתי אתכם לחרב וכלכם לטבח תכרעו יען קראתי ולא עניתם דברתי ולא שמעתם ותעשו הרע בעיני ובאשר לאחפצתי בחרתם&nbsp;<span class=""mam-spi-pe"">{פ}</span><br>","I will destine you for the sword,You will all kneel down, to be slaughtered—Because, when I called, you did not answer,When I spoke, you would not listen.You did what I hold evil,And chose what I do not want.",Ninguno
Isaiah,65,13,לכן כהאמר&thinsp;<b></b> אדני יהוה הנה עבדי&thinsp;<small></small>&thinsp;יאכלו ואתם תרעבו הנה עבדי ישתו ואתם תצמאו הנה עבדי ישמחו ואתם תבשו,"Assuredly, thus said my Sovereign  GOD:My servants shall eat, and you shall hunger;My servants shall drink, and you shall thirst;My servants shall rejoice, and you shall be shamed;",Ninguno
Isaiah,65,14,הנה עבדי ירנו מטוב לב ואתם תצעקו מכאב לב ומשבר רוח תילילו,"My servants shall shout in gladness,And you shall cry out in anguish,Howling in heartbreak.",Ninguno
Isaiah,65,15,והנחתם שמכם לשבועה לבחירי והמיתך אדני יהוה ולעבדיו יקרא שם אחר,"You shall leave behind a nameBy which My chosen ones shall curse:“So may our Sovereign  GOD slay you!”But MyiMy Heb. 3rd person. servants shall be given a different name.jdifferent name I.e., a name to be used in blessing. ",Ninguno
Isaiah,65,16,אשר המתברך בארץ יתברך באלהי אמן והנשבע בארץ ישבע באלהי אמן כי נשכחו הצרות הראשנות וכי נסתרו מעיני,"For whoever blesses themselves in the landShall bless themselves by the true God;And whoever swears in the landShall swear by the true God.The former troubles shall be forgotten,Shall be hidden from My eyes.",Ninguno
Isaiah,65,17,כיהנני בורא שמים חדשים וארץ חדשה ולא תזכרנה הראשנות ולא תעלינה עללב,"For behold! I am creatingA new heaven and a new earth;The former things shall not be remembered,They shall never come to mind.",Ninguno
Isaiah,65,18,כיאםשישו וגילו עדיעד אשר אני בורא כי הנני בורא אתירושל͏ם גילה ועמה משוש,"Be glad, then, and rejoice foreverIn what I am creating.For I shall create Jerusalem as a joy,And her people as a delight;",Ninguno
Isaiah,65,19,וגלתי בירושל͏ם וששתי בעמי ולאישמע בה עוד קול בכי וקול זעקה,And I will rejoice in JerusalemAnd delight in her people.Never again shall be heard thereThe sounds of weeping and wailing.,Ninguno
Isaiah,65,20,לאיהיה משם עוד עול ימים וזקן אשר לאימלא אתימיו כי הנער בןמאה שנה ימות והחוטא בןמאה שנה יקלל,"No more shall there be an infant or graybeardWho does not live out their lifetime.Someone who dies at a hundred yearsShall be reckoned a youth,And one who fails to reach a hundredShall be reckoned accursed.",Ninguno
Isaiah,65,21,ובנו בתים וישבו ונטעו כרמים ואכלו פרים,"They shall build houses and dwell in them,They shall plant vineyards and enjoy their fruit.",Ninguno
Isaiah,65,22,לא יבנו ואחר ישב לא יטעו ואחר יאכל כיכימי העץ ימי עמי ומעשה ידיהם יבלו בחירי,"They shall not build for others to dwell in,Or plant for others to enjoy.For the days of My people shall beAs long as the days of a tree,My chosen ones shall outlivekoutlive Lit. “wear out.” The work of their hands.",Ninguno
Isaiah,65,23,לא ייגעו לריק ולא ילדו לבהלה כי זרע ברוכי יהוה המה וצאצאיהם אתם,"They shall not toil to no purpose;They shall not bear children for terror,lfor terror Emendation yields “in vain.” But they shall be a people blessed by  GOD,And their offspring shall remain with them.",Ninguno
Isaiah,65,24,והיה טרםיקראו ואני אענה עוד הם מדברים ואני אשמע,"Before they pray, I will answer;While they are still speaking, I will respond.",Ninguno
Isaiah,65,25,"זאב וטלה ירעו כאחד ואריה כבקר יאכלתבן ונחש עפר לחמו לאירעו ולאישחיתו בכלהר קדשי אמר יהוה&nbsp;<span class=""mam-spi-samekh"">{ס}</span>&nbsp;&nbsp;&nbsp;&nbsp;&nbsp;&nbsp;&nbsp;&nbsp;","The wolf and the lamb shall graze together,And the lion shall eat straw like the ox,And the serpent’s food shall be earth.In all My sacred mountmMy sacred mount See note at 11.9. Nothing evil or vile shall be done—said  GOD.",Ninguno
Isaiah,66,1,כה אמר יהוה השמים כסאי והארץ הדם רגלי איזה בית אשר תבנולי ואיזה מקום מנוחתי,"Thus said  GOD:The heaven is My throneAnd the earth is My footstool:Where could you build a house for Me,What place could serve as My abode?",Ninguno
Isaiah,66,2,ואתכלאלה ידי עשתה ויהיו כלאלה נאםיהוה ואלזה אביט אלעני ונכהרוח וחרד עלדברי,"All this was made by My hand,And thus it all came into being—declares  GOD.Yet to such a one I look:To the poor and brokenhearted,Who is concerned about My word.",Ninguno
Isaiah,66,3,שוחט השור מכהאיש זובח השה ערף כלב מעלה מנחה דםחזיר מזכיר לבנה מברך און גםהמה בחרו בדרכיהם ובשקוציהם נפשם חפצה,"aVerses 3–4 refer to practitioners of idolatrous rites; cf. v. 17 and 57.5–8; 65.1–12. As for those who slaughter oxen and slay humans,Who sacrifice sheep and immolatebimmolate Lit. “break the necks of.” dogs,Who present as oblation the blood of swine,Who offercoffer Heb. mazkir refers to giving the “token portion” (ʼazkarah); cf. Lev. 2.2, etc. incense and worship false gods—Just as they have chosen their waysAnd take pleasure in their abominations,",Ninguno
Isaiah,66,4,"גםאני אבחר בתעלליהם ומגורתם אביא להם יען קראתי ואין עונה דברתי ולא שמעו ויעשו הרע בעיני ובאשר לאחפצתי בחרו&nbsp;<span class=""mam-spi-samekh"">{ס}</span>&nbsp;&nbsp;&nbsp;&nbsp;&nbsp;&nbsp;&nbsp;&nbsp;","So will I choose to mock them,To bring on them the very thing they dread.For I called and none responded,I spoke and none paid heed.They did what I deem evilAnd chose what I do not want.",Ninguno
Isaiah,66,5,שמעו דבריהוה החרדים אלדברו אמרו אחיכם שנאיכם מנדיכם למען שמי יכבד יהוה ונראה בשמחתכם והם יבשו,"Hear the word of  GOD,You who are concerned about God’s word!Your own kindred who hate you,Who spurn you because of Me,dMe Lit. “My name.” are saying,“Let  GOD manifest the divine Presence,So that we may look upon your joy.”But theirs shall be the shame.",Ninguno
Isaiah,66,6,קול שאון מעיר קול מהיכל קול יהוה משלם גמול לאיביו,"Hark, tumult from the city,Thunder from the temple!It is  GOD’s thunder As retribution is dealt to the foe.",Ninguno
Isaiah,66,7,בטרם תחיל ילדה בטרם יבוא חבל לה והמליטה זכר,"Before she labored, she was delivered;Before her pangs came, she bore a son.eson Who would assure the household’s continuity. ",Ninguno
Isaiah,66,8,מישמע כזאת מי ראה כאלה היוחל ארץ ביום אחד אםיולדגוי פעם אחת כיחלה גםילדה ציון אתבניה,Who ever heard the like?Who ever witnessed such events?Can a land pass through travailIn a single day?Or is a nation bornAll at once?Yet Zion travailedAnd at once bore her children!,Ninguno
Isaiah,66,9,"האני אשביר ולא אוליד יאמר יהוה אםאני המוליד ועצרתי אמר אלהיך&nbsp;<span class=""mam-spi-samekh"">{ס}</span>&nbsp;&nbsp;&nbsp;&nbsp;&nbsp;&nbsp;&nbsp;&nbsp;",Shall I who bring on labor not bring about birth?—says  GOD.Shall I who cause birth shut the womb?—said your God.,Ninguno
Isaiah,66,10,שמחו אתירושל͏ם וגילו בה כלאהביה שישו אתה משוש כלהמתאבלים עליה,"Rejoice with Jerusalem and be glad for her,All you who love her!Join in her jubilation,All you who mourned over her—",Ninguno
Isaiah,66,11,"למען תינקו ושבעתם משד תנחמיה למען תמצו והתענגתם מזיז כבודה&nbsp;<span class=""mam-spi-samekh"">{ס}</span>&nbsp;&nbsp;&nbsp;&nbsp;&nbsp;&nbsp;&nbsp;&nbsp;","That you may suck from her breastConsolation to the full,That you may draw from her bosomfbosom Cf. Akkadian zīzu, Arabic zīzat, “udder.” Glory to your delight.",Ninguno
Isaiah,66,12,כיכה&thinsp;<b></b> אמר יהוה הנני נטהאליה כנהר שלום וכנחל שוטף כבוד גוים וינקתם עלצד תנשאו ועלברכים תשעשעו,"For thus said  GOD:I will extend to herProsperity like a stream,The wealth of nationsLike a wadi in flood;And you shall drink of it.You shall be carried on shouldersAnd dandled upon knees",Ninguno
Isaiah,66,13,כאיש אשר אמו תנחמנו כן אנכי אנחמכם ובירושל͏ם תנחמו,Like one whom a mother comforts.So I will comfort you:You shall find comfort in Jerusalem.,Ninguno
Isaiah,66,14,"וראיתם ושש לבכם ועצמותיכם כדשא תפרחנה ונודעה ידיהוה אתעבדיו וזעם אתאיביו&nbsp;<span class=""mam-spi-samekh"">{ס}</span>&nbsp;&nbsp;&nbsp;&nbsp;&nbsp;&nbsp;&nbsp;&nbsp;","You shall see and your heart shall rejoice,Your limbs shall flourish like grass.GOD’s power  shall be revealedOn behalf of those who render service;But [God] shall rage against all foes.",Ninguno
Isaiah,66,15,כיהנה יהוה באש יבוא וכסופה מרכבתיו להשיב בחמה אפו וגערתו בלהביאש,"See,  GOD is coming with fire—With chariots like a whirlwind—To vent anger in fury,And rebuke in flaming fire.",Ninguno
Isaiah,66,16,כי באש יהוה נשפט ובחרבו אתכלבשר ורבו חללי יהוה,"For with fire will contend,With the sword, against all flesh;And many shall be  GOD’s slain.",Ninguno
Isaiah,66,17,"המתקדשים והמטהרים אלהגנות אחר <span class=""mam-kq""><span class=""mam-kq-k"">(אחד)</span> <span class=""mam-kq-q"">[אחת]</span></span> בתוך אכלי בשר החזיר והשקץ והעכבר יחדו יספו נאםיהוה","Those who sanctify and purify themselves to enter the groves, imitating one in the center,gimitating one in the center Meaning of Heb. uncertain. eating the flesh of the swine, the reptile, and the mouse, shall one and all come to an end—declares GOD. ",Ninguno
Isaiah,66,18,ואנכי מעשיהם ומחשבתיהם באה לקבץ אתכלהגוים והלשנות ובאו וראו אתכבודי,"hExact construction of this verse uncertain; for the insertions in brackets, cf. Kimhi. For I [know] their deeds and purposes.[The time] has come to gather all the nations and tongues; they shall come and behold My glory. ",Ninguno
Isaiah,66,19,ושמתי בהם אות ושלחתי מהם&thinsp;<small></small>&thinsp;פליטים אלהגוים תרשיש פול ולוד משכי קשת תבל ויון האיים הרחקים אשר לאשמעו אתשמעי ולאראו אתכבודי והגידו אתכבודי בגוים,"I will set a sign among them, and send from them survivors to the nations: to Tarshish, Pul, and Lud—that draw the bow—to Tubal, Javan, and the distant coasts, that have never heard My fame nor beheld My glory. They shall declare My glory among these nations. ",Ninguno
Isaiah,66,20,והביאו אתכלאחיכם מכלהגוים&thinsp;<small></small>&thinsp;מנחה&thinsp;<small></small>&thinsp;ליהוה בסוסים וברכב ובצבים ובפרדים ובכרכרות על הר קדשי ירושל͏ם אמר יהוה כאשר יביאו בני ישראל אתהמנחה בכלי טהור בית יהוה,"And out of all the nations, said GOD, they shall bring all your kindred on horses, in chariots and drays, on mules and dromedaries, to Jerusalem My holy mountain as an offering to GOD—just as the Israelites bring an offering in a pure vessel to the House of GOD. ",Ninguno
Isaiah,66,21,וגםמהם אקח לכהנים ללוים אמר יהוה,"And from them likewise I will take some to be levitical priests,ilevitical priests Some Heb. mss. read “priests and Levites.” said GOD.",Ninguno
Isaiah,66,22,כי כאשר השמים החדשים והארץ החדשה אשר אני עשה עמדים לפני נאםיהוה כן יעמד זרעכם ושמכם,For as the new heaven and the new earthThat I will makeShall endure by My will—declares  GOD—So shall your seed and your name endure.,Ninguno
Isaiah,66,23,והיה מדיחדש בחדשו ומדי שבת בשבתו יבוא כלבשר להשתחות לפני אמר יהוה,"And new moon after new moon,And sabbath after sabbath,All flesh shall come to worship Me—said  GOD.",Ninguno
Isaiah,66,24,ויצאו וראו בפגרי האנשים הפשעים בי כי תולעתם לא תמות ואשם לא תכבה והיו דראון לכלבשר,"They shall go out and gazeOn the corpses of those who rebelled against Me:Their worms shall not die,Nor their fire be quenched;They shall be a horrorTo all flesh.And new moon after new moon,And sabbath after sabbath,All flesh shall come to worship Me—said  GOD.",Ninguno
