Libro,Capitulo,Versiculo,Hebreo_Limpio,Traduccion,Conceptos_Matriz
Nehemiah,1,1,"דברי נחמיה בןחכליה ויהי בחדש<span class=""mam-kq-trivial"">כסלו</span> שנת עשרים ואני הייתי בשושן הבירה","The narrative of Nehemiah son of Hacaliah:In the month of Kislev of the twentieth year,athe twentieth year Of King Artaxerxes; cf. 2.1. when I was in the fortress of Shushan, ",Ninguno
Nehemiah,1,2,ויבא חנני אחד מאחי הוא ואנשים מיהודה ואשאלם עלהיהודים הפליטה אשרנשארו מןהשבי ועלירושל͏ם,"Hanani, one of my brothers, together with some Judahites, arrived, and I asked them about the Jews, the remnant who had survived the captivity, and about Jerusalem. ",Ninguno
Nehemiah,1,3,ויאמרו לי הנשארים אשרנשארו מןהשבי שם במדינה ברעה גדלה ובחרפה וחומת ירושל͏ם מפרצת ושעריה נצתו באש,"They replied, “The survivors who have survived the captivity there in the province are in dire trouble and disgrace; Jerusalem’s wall is full of breaches, and its gates have been destroyed by fire.”",Ninguno
Nehemiah,1,4,ויהי כשמעי&thinsp;<b></b> אתהדברים האלה ישבתי ואבכה ואתאבלה ימים ואהי צם ומתפלל לפני אלהי השמים,"When I heard that, I sat and wept, and was in mourning for days, fasting and praying to the God of Heaven. ",Ninguno
Nehemiah,1,5,ואמר אנא יהוה אלהי השמים האל הגדול והנורא שמר הברית וחסד לאהביו ולשמרי מצותיו,"I said, “O ETERNAL One, God of Heaven, great and awesome God, who stays faithful to the covenant with those who show love and keep the commandments! ",Ninguno
Nehemiah,1,6,תהי נא אזנךקשבת ועיניך פתוחות לשמע אלתפלת עבדך אשר אנכי מתפלל לפניך היום יומם ולילה עלבני ישראל עבדיך ומתודה עלחטאות בניישראל אשר חטאנו לך ואני וביתאבי חטאנו,"Let Your ear be attentive and Your eyes open to receive the prayer of Your servant that I am praying to You now, day and night, on behalf of the Israelites, Your servants, confessing the sins that we Israelites have committed against You, sins that I and my father’s house have committed. ",Ninguno
Nehemiah,1,7,חבל חבלנו לך ולאשמרנו אתהמצות ואתהחקים ואתהמשפטים אשר צוית אתמשה עבדך,"We have offended You by not keeping the commandments, the laws, and the rules that You gave to Your servant Moses. ",Ninguno
Nehemiah,1,8,זכרנא אתהדבר אשר צוית אתמשה עבדך לאמר אתם תמעלו אני אפיץ אתכם בעמים,"Be mindful of the promise You gave to Your servant Moses: ‘If you are unfaithful, I will scatter you among the peoples; ",Ninguno
Nehemiah,1,9,"ושבתם אלי ושמרתם מצותי ועשיתם אתם אםיהיה נדחכם בקצה השמים משם אקבצם <span class=""mam-kq""><span class=""mam-kq-k"">(והבואתים)</span> <span class=""mam-kq-q"">[והביאותים]</span></span> אלהמקום אשר בחרתי לשכן אתשמי שם","but if you turn back to Me, faithfully keep My commandments, even if your dispersed are at the ends of the earth,bearth Lit. “sky.” I will gather them from there and bring them to the place where I have chosen to establish My name.’ ",Ninguno
Nehemiah,1,10,והם עבדיך ועמך אשר פדית בכחך הגדול ובידך החזקה,For they are Your servants and Your people whom You redeemed by Your great power and Your mighty hand.,Ninguno
Nehemiah,1,11,"אנא אדני תהי נא אזנךקשבת אלתפלת עבדך ואלתפלת עבדיך החפצים ליראה אתשמך והצליחהנא לעבדך היום ותנהו לרחמים לפני האיש הזה ואני הייתי משקה למלך&nbsp;<span class=""mam-spi-pe"">{פ}</span><br>","O Lord! Let Your ear be attentive to the prayer of Your servant, and to the prayer of Your servants who desire to hold Your name in awe. Grant Your servant success today, and dispose his masterchis master Lit. “this man.” to be compassionate toward him!”I was the king’s cupbearer at the time.",Ninguno
Nehemiah,2,1,ויהי&thinsp;<b></b> בחדש ניסן שנת עשרים לארתחשסתא המלך יין לפניו ואשא אתהיין ואתנה למלך ולאהייתי רע לפניו,"In the month of Nisan, in the twentieth year of King Artaxerxes, wine was set before him; I took the wine and gave it to the king—I had never been out of sorts in his presence. ",Ninguno
Nehemiah,2,2,ויאמר לי המלך מדוע&thinsp;<b></b> פניך רעים ואתה אינך חולה אין זה כיאם רע לב ואירא הרבה מאד,"The king said to me, “How is it that you look bad, though you are not ill? It must be bad thoughts.” I was very frightened, ",Ninguno
Nehemiah,2,3,ואמר למלך המלך לעולם יחיה מדוע לאירעו פני אשר העיר ביתקברות אבתי חרבה ושעריה אכלו באש,"but I answered the king, “May the king live forever! How should I not look bad when the city of the graveyard of my ancestors lies in ruins, and its gates have been consumed by fire?” ",Ninguno
Nehemiah,2,4,ויאמר לי המלך עלמהזה אתה מבקש ואתפלל אלאלהי השמים,"The king said to me, “What is your request?” With a prayer to the God of Heaven, ",Ninguno
Nehemiah,2,5,ואמר למלך אםעלהמלך טוב ואםייטב עבדך לפניך אשר תשלחני אליהודה אלעיר קברות אבתי ואבננה,"I answered the king, “If it please the king, and if your servant has found favor with you, send me to Judah, to the city of my ancestors’ graves, to rebuild it.” ",Ninguno
Nehemiah,2,6,ויאמר לי המלך והשגל&thinsp;<b></b> יושבת אצלו עדמתי יהיה מהלכך ומתי תשוב וייטב לפניהמלך וישלחני ואתנה לו זמן,"With the consort seated at his side, the king said to me, “How long will you be gone and when will you return?” So it was agreeable to the king to send me, and I gave him a date. ",Ninguno
Nehemiah,2,7,ואומר למלך אםעלהמלך טוב אגרות יתנולי עלפחוות עבר הנהר אשר יעבירוני עד אשראבוא אליהודה,"Then I said to the king, “If it please the king, let me have letters to the governors of the province of Beyond the River, directing them to grant me passage until I reach Judah; ",Ninguno
Nehemiah,2,8,ואגרת אלאסף שמר הפרדס אשר למלך אשר יתןלי עצים לקרות אתשערי הבירה אשרלבית ולחומת העיר ולבית אשראבוא אליו ויתןלי המלך כידאלהי הטובה עלי,"likewise, a letter to Asaph, the keeper of the King’s Park, directing him to give me timber for roofing the gatehouses of the temple fortress and the city walls and for the house I shall occupy.” The king gave me these, thanks to my God’s benevolent care for me. ",Ninguno
Nehemiah,2,9,"ואבוא אלפחוות עבר הנהר ואתנה להם את אגרות המלך וישלח עמי המלך שרי חיל ופרשים&nbsp;<span class=""mam-spi-pe"">{פ}</span><br>",When I came to the governors of the province of Beyond the River I gave them the king’s letters. The king also sent army officers and cavalry with me.,Ninguno
Nehemiah,2,10,וישמע סנבלט החרני וטוביה העבד העמני וירע להם רעה גדלה אשרבא אדם לבקש טובה לבני ישראל,"When Sanballat the Horonite and Tobiah the Ammonite servant heard, it displeased them greatly that someone had come, intent on improving the condition of the Israelites.",Ninguno
Nehemiah,2,11,ואבוא אלירושל͏ם ואהישם ימים שלשה,I arrived in Jerusalem. After I was there three days,Ninguno
Nehemiah,2,12,ואקום&thinsp;<b></b> לילה אני ואנשים&thinsp;<small></small>&thinsp;מעט עמי ולאהגדתי לאדם מה אלהי נתן אללבי לעשות לירושל͏ם ובהמה אין עמי כי אםהבהמה אשר אני רכב בה,"I got up at night, I and a few men with me, and telling no one what my God had put into my mind to do for Jerusalem, and taking no other beast than the one on which I was riding, ",Ninguno
Nehemiah,2,13,"ואצאה בשערהגיא לילה ואלפני עין התנין ואלשער האשפת ואהי שבר בחומת ירושל͏ם אשר<span class=""mam-kq""><span class=""mam-kq-q"">[הם&thinsp;<small></small>&thinsp;פרוצים]</span> <span class=""mam-kq-k"">(המפרוצים)</span></span> ושעריה אכלו באש","I went out by the Valley Gate, at night, toward the Jackals’ Spring and the Dung Gate; and I surveyed the walls of Jerusalem that were breached, and its gates, consumed by fire. ",Ninguno
Nehemiah,2,14,ואעבר אלשער העין ואלברכת המלך ואיןמקום לבהמה לעבר תחתי,"I proceeded to the Fountain Gate and to the King’s Pool, where there was no room for the beast under me to continue. ",Ninguno
Nehemiah,2,15,ואהי עלה בנחל לילה ואהי שבר בחומה ואשוב ואבוא בשער הגיא ואשוב,"So I went up the wadi by night, surveying the wall, and, entering again by the Valley Gate, I returned. ",Ninguno
Nehemiah,2,16,והסגנים לא ידעו אנה הלכתי ומה אני עשה וליהודים ולכהנים ולחרים ולסגנים וליתר עשה המלאכה עדכן לא הגדתי,"The prefects knew nothing of where I had gone or what I had done, since I had not yet divulged it to the Jews—the priests, the nobles, the prefects, or the rest of the officials.",Percepción (Yada)
Nehemiah,2,17,ואומר אלהם אתם ראים הרעה אשר אנחנו בה אשר ירושל͏ם חרבה ושעריה נצתו באש לכו ונבנה אתחומת ירושל͏ם ולאנהיה עוד חרפה,"Then I said to them, “You see the bad state we are in—Jerusalem lying in ruins and its gates destroyed by fire. Come, let us rebuild the wall of Jerusalem and suffer no more disgrace.” ",Ninguno
Nehemiah,2,18,"ואגיד להם אתיד אלהי אשרהיא טובה עלי ואףדברי המלך אשר אמרלי ויאמרו נקום ובנינו ויחזקו ידיהם לטובה&nbsp;<span class=""mam-spi-pe"">{פ}</span><br>","I told them of my God’s benevolent care for me, also of the things that the king had said to me, and they said, “Let us start building!” They were encouraged by God’s benevolence.",Ninguno
Nehemiah,2,19,וישמע סנבלט החרני וטביה&thinsp;<b></b> העבד העמוני וגשם הערבי וילעגו לנו ויבזו עלינו ויאמרו מההדבר הזה אשר אתם עשים העל המלך אתם מרדים,"When Sanballat the Horonite and Tobiah the Ammonite servant and Geshem the Arab heard, they mocked us and held us in contempt and said, “What is this that you are doing? Are you rebelling against the king?” ",Ninguno
Nehemiah,2,20,"ואשיב אותם דבר ואומר להם אלהי השמים הוא יצליח לנו ואנחנו עבדיו נקום ובנינו ולכם איןחלק וצדקה וזכרון בירושל͏ם&nbsp;<span class=""mam-spi-pe"">{פ}</span><br>","I said to them in reply, “The God of Heaven will grant us success—and so we, God’s servants, will start building. But you have no share or claim or stakeastake Lit. “record.” in Jerusalem!”",Ninguno
Nehemiah,3,1,"ויקם אלישיב הכהן הגדול ואחיו הכהנים ויבנו אתשער הצאן המה קדשוהו ויעמידו דלתתיו ועדמגדל המאה קדשוהו עד מגדל חננאל&nbsp;<span class=""mam-spi-samekh"">{ס}</span>&nbsp;&nbsp;&nbsp;&nbsp;&nbsp;&nbsp;&nbsp;&nbsp;","Then Eliashib the high priest and his fellow priests set to and rebuilt the Sheep Gate; they consecrated it and set up its doors, consecrating it as far as the Hundred’s Tower, as far as the Tower of Hananel. ",Ninguno
Nehemiah,3,2,"ועלידו בנו אנשי ירחו ועלידו בנה זכור בןאמרי&nbsp;<span class=""mam-spi-samekh"">{ס}</span>&nbsp;&nbsp;&nbsp;&nbsp;&nbsp;&nbsp;&nbsp;&nbsp;","Next to him, a [work] party from Jericho built. Next to them,athem Lit. “him.” Zaccur son of Imri. ",Ninguno
Nehemiah,3,3,"ואת שער הדגים בנו בני הסנאה המה קרוהו ויעמידו דלתתיו מנעוליו ובריחיו&nbsp;<span class=""mam-spi-samekh"">{ס}</span>&nbsp;&nbsp;&nbsp;&nbsp;&nbsp;&nbsp;&nbsp;&nbsp;","The sons of Hassenaah rebuilt the Fish Gate; they roofed it and set up its doors, locks, and bars. ",Ninguno
Nehemiah,3,4,"ועלידם החזיק מרמות בןאוריה בןהקוץ&nbsp;<span class=""mam-spi-samekh"">{ס}</span>&nbsp;&nbsp;&nbsp;&nbsp;&nbsp;&nbsp;&nbsp;&nbsp;ועלידם החזיק משלם בןברכיה בןמשיזבאל&nbsp;<span class=""mam-spi-samekh"">{ס}</span>&nbsp;&nbsp;&nbsp;&nbsp;&nbsp;&nbsp;&nbsp;&nbsp;ועלידם החזיק צדוק בןבענא&nbsp;<span class=""mam-spi-samekh"">{ס}</span>&nbsp;&nbsp;&nbsp;&nbsp;&nbsp;&nbsp;&nbsp;&nbsp;","Next to them, Meremoth son of Uriah son of Hakkoz repaired; and next to him,bhim Lit. “them.” Meshullam son of Berechiah son of Meshezabel. Next to him,chim Lit. “them.” Zadok son of Baana repaired. ",Ninguno
Nehemiah,3,5,"ועלידם החזיקו התקועים ואדיריהם לאהביאו צורם בעבדת אדניהם&nbsp;<span class=""mam-spi-samekh"">{ס}</span>&nbsp;&nbsp;&nbsp;&nbsp;&nbsp;&nbsp;&nbsp;&nbsp;","Next to him,dhim Lit. “them.” the Tekoites repaired, though their nobles would not take upon their shouldersetake upon their shoulders Lit. “bring their neck into.” the work of their lord. ",Ninguno
Nehemiah,3,6,"ואת שער הישנה החזיקו יוידע בןפסח ומשלם בןבסודיה המה קרוהו ויעמידו דלתתיו ומנעליו ובריחיו&nbsp;<span class=""mam-spi-samekh"">{ס}</span>&nbsp;&nbsp;&nbsp;&nbsp;&nbsp;&nbsp;&nbsp;&nbsp;","Joiada son of Paseah and Meshullam son of Besodeiah repaired the Jeshanah Gate; they roofed it and set up its doors, locks, and bars. ",Percepción (Yada)
Nehemiah,3,7,"ועלידם החזיק מלטיה הגבעני וידון המרנתי אנשי גבעון והמצפה לכסא פחת עבר הנהר&nbsp;<span class=""mam-spi-samekh"">{ס}</span>&nbsp;&nbsp;&nbsp;&nbsp;&nbsp;&nbsp;&nbsp;&nbsp;","Next to them, Melatiah the Gibeonite and Jadon the Meronothite repaired, [with a work] party from Gibeon and Mizpah, under the jurisdictionfunder the jurisdiction Lit. “of the throne”; meaning of Heb. uncertain. of the governor of the province of Beyond the River. ",Ninguno
Nehemiah,3,8,"עלידו החזיק עזיאל בןחרהיה צורפים&nbsp;<span class=""mam-spi-samekh"">{ס}</span>&nbsp;&nbsp;&nbsp;&nbsp;&nbsp;&nbsp;&nbsp;&nbsp;ועלידו החזיק חנניה בןהרקחים ויעזבו ירושל͏ם עד החומה הרחבה&nbsp;<span class=""mam-spi-samekh"">{ס}</span>&nbsp;&nbsp;&nbsp;&nbsp;&nbsp;&nbsp;&nbsp;&nbsp;","Next to them,gthem Lit. “him.” Uzziel son of Harhaiah, [of the] smiths, repaired. Next to him, Hananiah, ofhof Lit. “son of,” i.e., member of the guild of. the perfumers. They restored Jerusalem as far as the Broad Wall. ",Ninguno
Nehemiah,3,9,"ועלידם החזיק רפיה בןחור שר חצי פלך ירושל͏ם&nbsp;<span class=""mam-spi-samekh"">{ס}</span>&nbsp;&nbsp;&nbsp;&nbsp;&nbsp;&nbsp;&nbsp;&nbsp;","Next to them, Rephaiah son of Hur, chief of half the district of Jerusalem, repaired. ",Ninguno
Nehemiah,3,10,"ועלידם החזיק ידיה בןחרומף ונגד ביתו ועלידו החזיק חטוש בןחשבניה&nbsp;<span class=""mam-spi-samekh"">{ס}</span>&nbsp;&nbsp;&nbsp;&nbsp;&nbsp;&nbsp;&nbsp;&nbsp;","Next to him,ihim Lit. “them.” Jedaiah son of Harumaph repaired in front of his house. Next to him, Hattush son of Hashabneiah repaired. ",Ninguno
Nehemiah,3,11,"מדה שנית החזיק מלכיה בןחרם וחשוב בןפחת מואב ואת מגדל התנורים&nbsp;<span class=""mam-spi-samekh"">{ס}</span>&nbsp;&nbsp;&nbsp;&nbsp;&nbsp;&nbsp;&nbsp;&nbsp;","Malchijah son of Harim and Hasshub son of Pahath-moab repaired a second stretch, including the Tower of Ovens. ",Ninguno
Nehemiah,3,12,"ועלידו החזיק שלום בןהלוחש שר חצי פלך ירושל͏ם הוא ובנותיו&nbsp;<span class=""mam-spi-samekh"">{ס}</span>&nbsp;&nbsp;&nbsp;&nbsp;&nbsp;&nbsp;&nbsp;&nbsp;","Next to them,jthem Lit. “him.” Shallum son of Hallohesh,kHallohesh I.e., the charmer. chief of half the district of Jerusalem, repaired—he and his daughters. ",Ninguno
Nehemiah,3,13,את שער הגיא החזיק חנון וישבי זנוח המה בנוהו ויעמידו דלתתיו מנעליו ובריחיו ואלף אמה בחומה עד שער השפות,"Hanun and the inhabitants of Zanoah repaired the Valley Gate; they rebuilt it and set up its doors, locks, and bars. And [they also repaired] a thousand cubits of wall to the Dung Gate. ",Ninguno
Nehemiah,3,14,"ואת&thinsp;<b></b> שער האשפות החזיק מלכיה בןרכב שר פלך ביתהכרם הוא יבננו ויעמיד דלתתיו מנעליו ובריחיו&nbsp;<span class=""mam-spi-samekh"">{ס}</span>&nbsp;&nbsp;&nbsp;&nbsp;&nbsp;&nbsp;&nbsp;&nbsp;","Malchijah son of Rechab, chief of the district of Beth-haccerem, repaired the Dung Gate; he rebuilt it and set up its doors, locks, and bars. ",Ninguno
Nehemiah,3,15,"ואת שער העין החזיק שלון בןכלחזה שר פלך המצפה הוא יבננו ויטללנו <span class=""mam-kq""><span class=""mam-kq-k"">(ויעמידו)</span> <span class=""mam-kq-q"">[ויעמיד]</span></span> דלתתיו מנעליו ובריחיו ואת חומת ברכת השלח לגןהמלך ועדהמעלות היורדות מעיר דויד&nbsp;<span class=""mam-spi-samekh"">{ס}</span>&nbsp;&nbsp;&nbsp;&nbsp;&nbsp;&nbsp;&nbsp;&nbsp;","Shallun son of Col-hozeh, chief of the district of Mizpah, repaired the Fountain Gate; he rebuilt it and covered it, and set up its doors, locks, and bars, as well as the wall of the irrigationlirrigation Following Kimhi; cf. Mishnaic Heb. bet hashelaḥin, irrigated field. pool of the King’s Garden as far as the steps going down from the City of David. ",Ninguno
Nehemiah,3,16,"אחריו החזיק נחמיה בןעזבוק שר חצי פלך ביתצור עדנגד קברי דויד ועדהברכה העשויה ועד בית הגברים&nbsp;<span class=""mam-spi-samekh"">{ס}</span>&nbsp;&nbsp;&nbsp;&nbsp;&nbsp;&nbsp;&nbsp;&nbsp;","After him, Nehemiah son of Azbuk, chief of half the district of Beth-zur, repaired, from in front of the graves of David as far as the artificial pool, and as far as the House of the Warriors. ",Ninguno
Nehemiah,3,17,"אחריו החזיקו הלוים רחום בןבני&nbsp;<span class=""mam-spi-samekh"">{ס}</span>&nbsp;&nbsp;&nbsp;&nbsp;&nbsp;&nbsp;&nbsp;&nbsp;עלידו החזיק חשביה שרחציפלך קעילה לפלכו&nbsp;<span class=""mam-spi-samekh"">{ס}</span>&nbsp;&nbsp;&nbsp;&nbsp;&nbsp;&nbsp;&nbsp;&nbsp;","After him, the Levites repaired: Rehum son of Bani. Next to him, Hashabiah, chief of half the district of Keilah, repaired for his district. ",Ninguno
Nehemiah,3,18,"אחריו החזיקו אחיהם בוי בןחנדד שר חצי פלך קעילה&nbsp;<span class=""mam-spi-samekh"">{ס}</span>&nbsp;&nbsp;&nbsp;&nbsp;&nbsp;&nbsp;&nbsp;&nbsp;","After him, their brothers repaired: Bavvai son of Henadad, chief of half the district of Keilah. ",Ninguno
Nehemiah,3,19,"ויחזק עלידו עזר בןישוע שר המצפה מדה שנית מנגד עלת הנשק המקצע&nbsp;<span class=""mam-spi-samekh"">{ס}</span>&nbsp;&nbsp;&nbsp;&nbsp;&nbsp;&nbsp;&nbsp;&nbsp;","Next to him, Ezer son of Jeshua, the chief of Mizpah, repaired a second stretch, from in front of the ascent to the armory [at] the angle [of the wall]. ",Ninguno
Nehemiah,3,20,"אחריו החרה החזיק ברוך בן<span class=""mam-kq""><span class=""mam-kq-q"">[זכי]</span> <span class=""mam-kq-k"">(זבי)</span></span> מדה שנית מןהמקצוע עדפתח בית אלישיב הכהן הגדול&nbsp;<span class=""mam-spi-samekh"">{ס}</span>&nbsp;&nbsp;&nbsp;&nbsp;&nbsp;&nbsp;&nbsp;&nbsp;","After him, Baruch son of Zaccai zealously repaired a second stretch, from the angle to the entrance to the house of Eliashib, the high priest. ",Ninguno
Nehemiah,3,21,"אחריו החזיק מרמות בןאוריה בןהקוץ מדה שנית מפתח בית אלישיב ועדתכלית בית אלישיב&nbsp;<span class=""mam-spi-samekh"">{ס}</span>&nbsp;&nbsp;&nbsp;&nbsp;&nbsp;&nbsp;&nbsp;&nbsp;","After him, Meremoth son of Uriah son of Hakkoz repaired a second stretch, from the entrance to Eliashib’s house to the end of Eliashib’s house. ",Ninguno
Nehemiah,3,22,ואחריו החזיקו הכהנים אנשי הככר,"After him, the priests, inhabitants of the plain, repaired. ",Ninguno
Nehemiah,3,23,"אחריו החזיק בנימן וחשוב נגד ביתם&nbsp;<span class=""mam-spi-samekh"">{ס}</span>&nbsp;&nbsp;&nbsp;&nbsp;&nbsp;&nbsp;&nbsp;&nbsp;אחריו החזיק עזריה בןמעשיה בןענניה אצל ביתו&nbsp;<span class=""mam-spi-samekh"">{ס}</span>&nbsp;&nbsp;&nbsp;&nbsp;&nbsp;&nbsp;&nbsp;&nbsp;","After them,mthem Lit. “him.” Benjamin and Hasshub repaired in front of their houses. After them,nthem Lit. “him.” Azariah son of Maaseiah son of Ananiah repaired beside his house. ",Ninguno
Nehemiah,3,24,אחריו החזיק בנוי בןחנדד מדה שנית מבית עזריה עדהמקצוע ועדהפנה,"After him, Binnui son of Henadad repaired a second stretch, from the house of Azariah to the angle, to the corner. ",Ninguno
Nehemiah,3,25,"פלל בןאוזי מנגד המקצוע והמגדל היוצא מבית המלך העליון אשר לחצר המטרה אחריו פדיה בןפרעש&nbsp;<span class=""mam-spi-samekh"">{ס}</span>&nbsp;&nbsp;&nbsp;&nbsp;&nbsp;&nbsp;&nbsp;&nbsp;","Palal son of Uzai—from in front of the angle and the tower that juts out of the house of the king, the upper [tower] of the prison compound. After him, Pedaiah son of Parosh. ",Ninguno
Nehemiah,3,26,"והנתינים היו ישבים בעפל עד נגד שער המים למזרח והמגדל היוצא&nbsp;<span class=""mam-spi-samekh"">{ס}</span>&nbsp;&nbsp;&nbsp;&nbsp;&nbsp;&nbsp;&nbsp;&nbsp;","(The temple servants were living on the Ophel, as far as a point in front of the Water Gate in the east, and the jutting tower.) ",Ninguno
Nehemiah,3,27,אחריו החזיקו התקעים מדה שנית מנגד המגדל הגדול היוצא ועד חומת העפל,"After him, the Tekoites repaired a second stretch, from in front of the great jutting tower to the wall of the Ophel. ",Ninguno
Nehemiah,3,28,"מעל&thinsp;<b></b> שער הסוסים החזיקו הכהנים איש לנגד ביתו&nbsp;<span class=""mam-spi-samekh"">{ס}</span>&nbsp;&nbsp;&nbsp;&nbsp;&nbsp;&nbsp;&nbsp;&nbsp;","Above the Horse Gate, the priests repaired, each in front of his house. ",Ninguno
Nehemiah,3,29,"אחריו החזיק צדוק בןאמר נגד ביתו&nbsp;<span class=""mam-spi-samekh"">{ס}</span>&nbsp;&nbsp;&nbsp;&nbsp;&nbsp;&nbsp;&nbsp;&nbsp;ואחריו החזיק שמעיה בןשכניה שמר שער המזרח&nbsp;<span class=""mam-spi-samekh"">{ס}</span>&nbsp;&nbsp;&nbsp;&nbsp;&nbsp;&nbsp;&nbsp;&nbsp;","After them,othem Lit. “him.” Zadok son of Immer repaired in front of his house. After him, Shemaiah son of Shechaniah, keeper of the East Gate, repaired. ",Ninguno
Nehemiah,3,30,"<span class=""mam-kq""><span class=""mam-kq-k"">(אחרי)</span> <span class=""mam-kq-q"">[אחריו]</span></span> החזיק חנניה בןשלמיה וחנון בןצלף הששי מדה שני&nbsp;<span class=""mam-spi-samekh"">{ס}</span>&nbsp;&nbsp;&nbsp;&nbsp;&nbsp;&nbsp;&nbsp;&nbsp;אחריו החזיק משלם בןברכיה נגד נשכתו&nbsp;<span class=""mam-spi-samekh"">{ס}</span>&nbsp;&nbsp;&nbsp;&nbsp;&nbsp;&nbsp;&nbsp;&nbsp;","After him, Hananiah son of Shelemiah and Hanun, the sixth son of Zalaph, repaired a second stretch. After them,pthem Lit. “him.” Meshullam son of Berechiah repaired in front of his chamber. ",Ninguno
Nehemiah,3,31,"<span class=""mam-kq""><span class=""mam-kq-k"">(אחרי)</span> <span class=""mam-kq-q"">[אחריו]</span></span> החזיק מלכיה בןהצרפי עדבית הנתינים והרכלים נגד שער המפקד ועד עלית הפנה","After him, Malchijah of the smiths repaired as far as the house of the temple servants and the merchants, [from] in front of the Muster Gate to the corner loft. ",Ninguno
Nehemiah,3,32,"ובין עלית הפנה לשער הצאן החזיקו הצרפים והרכלים&nbsp;<span class=""mam-spi-pe"">{פ}</span><br>",And between the corner loft to the Sheep Gate the smiths and the merchants repaired.,Separación (Beyn)
Nehemiah,3,33,ויהי כאשר שמע סנבלט כיאנחנו בונים אתהחומה ויחר לו ויכעס הרבה וילעג עלהיהודים,"When Sanballat heard that we were rebuilding the wall, it angered him, and he was extremely vexed. He mocked the Jews, ",Ninguno
Nehemiah,3,34,ויאמר&thinsp;<b></b> לפני אחיו וחיל שמרון ויאמר מה היהודים האמללים עשים היעזבו להם היזבחו היכלו ביום היחיו אתהאבנים מערמות העפר והמה שרופות,"saying in the presence of his brothers and the Samarian force, “What are the miserable Jews doing? Will they restore, offer sacrifice, and finish one day? Can they revive those stones out of the dust heaps, burned as they are?” ",Ninguno
Nehemiah,3,35,"וטוביה העמני אצלו ויאמר גם אשרהם בונים אםיעלה שועל ופרץ חומת אבניהם&nbsp;<span class=""mam-spi-pe"">{פ}</span><br>","Tobiah the Ammonite, alongside him, said, “That stone wall they are building—if a fox climbed it he would breach it!”",Ninguno
Nehemiah,3,36,שמע אלהינו כיהיינו בוזה והשב חרפתם אלראשם ותנם לבזה בארץ שביה,"Hear, our God, how we have become a mockery, and return their taunts upon their heads! Let them be taken as spoil to a land of captivity! ",Ninguno
Nehemiah,3,37,ואלתכס עלעונם וחטאתם מלפניך אלתמחה כי הכעיסו לנגד הבונים,"Do not cover up their iniquity or let their sin be blotted out before You, for they hurled provocations at the builders.",Ninguno
Nehemiah,3,38,"ונבנה אתהחומה ותקשר כלהחומה עדחציה ויהי לב לעם לעשות&nbsp;<span class=""mam-spi-pe"">{פ}</span><br>",We rebuilt the wall till it was continuous all around to half its height; for the people’s heart was in the work.,Ninguno
Nehemiah,4,1,ויהי כאשר שמע סנבלט וטוביה והערבים והעמנים והאשדודים כיעלתה ארוכה לחמות ירושל͏ם כיהחלו הפרצים להסתם ויחר להם מאד,"When Sanballat and Tobiah, and the Arabs, the Ammonites, and the Ashdodites heard that healing had come to the walls of Jerusalem, that the breached parts had begun to be filled, it angered them very much, ",Ninguno
Nehemiah,4,2,ויקשרו כלם יחדו לבוא להלחם בירושל͏ם ולעשות לו תועה,and they all conspired together to come and fight against Jerusalem and to throw it into confusion.,Ninguno
Nehemiah,4,3,ונתפלל אלאלהינו ונעמיד משמר עליהם יומם ולילה מפניהם,"Because of them we prayed to our God, and set up a watch over the workersathe workers On the walls; Heb. “them.” day and night.",Ninguno
Nehemiah,4,4,ויאמר יהודה כשל כח הסבל והעפר הרבה ואנחנו לא נוכל לבנות בחומה,"Judah was saying,“The strength of the basket-carrier has failed,And there is so much rubble;We are not able ourselvesTo rebuild the wall.”",Ninguno
Nehemiah,4,5,ויאמרו צרינו לא ידעו ולא יראו עד אשרנבוא אלתוכם והרגנום והשבתנו אתהמלאכה,"And our foes were saying, “Before they know or see it, we shall be in among them and kill them, and put a stop to the work.” ",Percepción (Yada)
Nehemiah,4,6,ויהי כאשרבאו היהודים הישבים אצלם ויאמרו לנו עשר פעמים מכלהמקמות אשרתשובו עלינו,"When the Jews living near those foesbthose foes Heb. “them.” would arrive, they would tell us time and againctime and again Lit. “ten times.” [about some plot they had learned of; and we would say to them,] “From all the places where [you get such information] you shall come back to us [and convey it].”d[about some plot … convey it] Heb. seems to be abbreviated; a possible restoration of the sentence has been provided. ",Ninguno
Nehemiah,4,7,"ואעמיד מתחתיות למקום מאחרי לחומה <span class=""mam-kq""><span class=""mam-kq-k"">(בצחחיים)</span> <span class=""mam-kq-q"">[בצחיחים]</span></span> ואעמיד אתהעם למשפחות עםחרבתיהם רמחיהם וקשתתיהם","I stationed, on the lower levels of the place, behind the walls, on the bare rock—I stationed the people by families with their swords, their lances, and their bows. ",Ninguno
Nehemiah,4,8,"וארא ואקום ואמר אלהחרים ואלהסגנים ואליתר העם אלתיראו מפניהם אתאדני הגדול והנורא זכרו והלחמו עלאחיכם בניכם ובנתיכם נשיכם ובתיכם&nbsp;<span class=""mam-spi-pe"">{פ}</span><br>","Then I decided to exhort the nobles, the prefects, and the rest of the people, “Do not be afraid of them! Think of the great and awesome Sovereign, and fight for your brothers, your sons and daughters, your wives and homes!”",Ninguno
Nehemiah,4,9,"ויהי כאשרשמעו אויבינו כינודע לנו ויפר האלהים אתעצתם <span class=""mam-kq""><span class=""mam-kq-k"">(ונשוב)</span> <span class=""mam-kq-q"">[ונשב]</span></span> כלנו אלהחומה איש אלמלאכתו","When our enemies learned that it had become known to us, since God had thus frustrated their plan, we could all return to the wall, each to his work. ",Ninguno
Nehemiah,4,10,ויהי&thinsp;<b></b> מןהיום ההוא חצי נערי עשים במלאכה וחצים מחזיקים והרמחים המגנים והקשתות והשרינים והשרים אחרי כלבית יהודה,"From that day on, half my servants did work and half held lances and shields, bows and armor. And the officers stood behind the whole house of Judah ",Ninguno
Nehemiah,4,11,הבונים בחומה והנשאים בסבל עמשים באחת ידו עשה במלאכה ואחת מחזקת השלח,"who were rebuilding the wall. The basket-carriers were burdened, doing work with one hand while the other held a weapon. ",Ninguno
Nehemiah,4,12,והבונים איש חרבו אסורים עלמתניו ובונים והתוקע בשופר אצלי,"As for the builders, each had his sword girded at his side as he was building. The trumpeter stood beside me. ",Ninguno
Nehemiah,4,13,ואמר אלהחרים ואלהסגנים ואליתר העם המלאכה הרבה ורחבה ואנחנו נפרדים עלהחומה רחוקים איש מאחיו,"I said to the nobles, the prefects, and the rest of the people, “There is much work and it is spread out; we are scattered over the wall, far from one another. ",Ninguno
Nehemiah,4,14,במקום אשר תשמעו אתקול השופר שמה תקבצו אלינו אלהינו ילחם לנו,"When you hear a trumpet call, gather yourselves to me at that place; our God will fight for us!” ",Ninguno
Nehemiah,4,15,ואנחנו עשים במלאכה וחצים מחזיקים ברמחים מעלות השחר עד צאת הכוכבים,"And so we worked on, while half were holding lances, from the break of day until the stars appeared.",Ninguno
Nehemiah,4,16,גם בעת ההיא אמרתי לעם איש ונערו ילינו בתוך ירושל͏ם והיולנו הלילה משמר והיום מלאכה,"I further said to the peopleethe people I.e., the householders, who act on the people’s behalf. at that time, “Let each of you lodge in Jerusalem with your servant, so that we can use the night to stand guard and the day to work.” ",Ninguno
Nehemiah,4,17,"ואין אני ואחי ונערי ואנשי המשמר אשר אחרי איןאנחנו פשטים בגדינו איש שלחו המים&nbsp;<span class=""mam-spi-pe"">{פ}</span><br>","Nor did I, my brothers, my servants, or the guards following me ever take off our clothes, [or] each his weapon, even at the water.f[or] each his weapon, even at the water Meaning of Heb. uncertain. ",Ninguno
Nehemiah,5,1,ותהי צעקת העם ונשיהם גדולה אלאחיהם היהודים,There was a great outcry by the common folkathe common folk Lit. “the common folk and their wives.” against their fellow Jews. ,Ninguno
Nehemiah,5,2,ויש אשר אמרים בנינו ובנתינו אנחנו רבים ונקחה דגן ונאכלה ונחיה,"Some said, “Our sons and daughters are numerous; we must get grain to eat in order that we may live!” ",Ninguno
Nehemiah,5,3,ויש אשר אמרים שדתינו וכרמינו ובתינו אנחנו ערבים ונקחה דגן ברעב,"Others said, “We must pawn our fields, our vineyards, and our homes to get grain to stave off hunger.” ",Ninguno
Nehemiah,5,4,ויש אשר אמרים לוינו כסף למדת המלך שדתינו וכרמינו,"Yet others said, “We have borrowed money against our fields and vineyards to pay the king’s tax. ",Ninguno
Nehemiah,5,5,ועתה כבשר אחינו בשרנו כבניהם בנינו והנה אנחנו כבשים אתבנינו ואתבנתינו לעבדים ויש מבנתינו נכבשות ואין לאל ידנו ושדתינו וכרמינו לאחרים,"Now we are as good asbwe are as good as Lit. “our flesh is as good as the flesh of.” our kin, and our children as good as theirs; yet here we are subjecting our sons and daughters to slavery—some of our daughters are already subjected—and we are powerless, while our fields and vineyards belong to others.”",Ninguno
Nehemiah,5,6,ויחר לי מאד כאשר שמעתי אתזעקתם ואת הדברים האלה,It angered me very much to hear their outcry and these complaints.,Ninguno
Nehemiah,5,7,"וימלך לבי עלי ואריבה אתהחרים ואתהסגנים ואמרה להם משא אישבאחיו אתם <span class=""mam-kq""><span class=""mam-kq-k"">(נשאים)</span> <span class=""mam-kq-q"">[נשים]</span></span> ואתן עליהם קהלה גדולה","After pondering the matter carefully, I censured the nobles and the prefects, saying, “Are you pressing claims on loans made to your own kin?” Then I raised a large crowd against them ",Ninguno
Nehemiah,5,8,"ואמרה להם אנחנו קנינו אתאחינו היהודים הנמכרים לגוים כדי בנו וגםאתם תמכרו אתאחיכם ונמכרולנו ויחרישו ולא מצאו דבר&nbsp;<span class=""mam-spi-pe"">{פ}</span><br>","and said to them, “We have done our best to buy back our fellow Jews who were sold to the nations; will you now sell your own kin so that they must be sold [back] to us?” They kept silent, for they found nothing to answer. ",Ninguno
Nehemiah,5,9,"<span class=""mam-kq""><span class=""mam-kq-k"">(ויאמר)</span> <span class=""mam-kq-q"">[ואומר]</span></span> לאטוב הדבר אשראתם עשים הלוא ביראת אלהינו תלכו מחרפת הגוים אויבינו","So I continued, “What you are doing is not right. You ought to act in a God-fearing way so as not to give our enemies, the nations, room to reproach us. ",Ninguno
Nehemiah,5,10,וגםאני אחי ונערי נשים בהם כסף ודגן נעזבהנא אתהמשא הזה,"I, my kindred, and my servants also have claims of money and grain against them; let us now abandon those claims! ",Ninguno
Nehemiah,5,11,השיבו נא להם כהיום שדתיהם כרמיהם זיתיהם ובתיהם ומאת הכסף והדגן התירוש והיצהר אשר אתם נשים בהם,"Give back at once their fields, their vineyards, their olive trees, and their homes, and [abandon] the claims for the hundred pieces of silver, the grain, the wine, and the oil that you have been pressing against them!” ",Ninguno
Nehemiah,5,12,ויאמרו נשיב ומהם לא נבקש כן נעשה כאשר אתה אומר ואקרא אתהכהנים ואשביעם לעשות כדבר הזה,"They replied, “We shall give them back, and not demand anything of them; we shall do just as you say.” Summoning the priests, I put them under oath to keep this promise. ",Ninguno
Nehemiah,5,13,גםחצני נערתי ואמרה ככה ינער האלהים אתכלהאיש אשר לאיקים אתהדבר הזה מביתו ומיגיעו וככה יהיה נעור ורק ויאמרו כלהקהל אמן ויהללו אתיהוה ויעש העם כדבר הזה,"I also shook out the bosom of my garment and said, “So may God shake loose from their household and property any and all who fail to keep this promise; may they be thus shaken loose and stripped.” All the assembled answered, “Amen,” and praised GOD.The people kept this promise.",Ninguno
Nehemiah,5,14,גם מיום&thinsp;<b></b> אשרצוה אותי להיות פחם בארץ יהודה משנת עשרים ועד שנת שלשים ושתים לארתחשסתא המלך שנים שתים עשרה אני ואחי לחם הפחה לא אכלתי,"Furthermore, from the day I was commissioned to be governor in the land of Judah—from the twentieth year of King Artaxerxes until his thirty-second year, twelve years in all—neither I nor my brothers ever ate of the governor’s food allowance. ",Ninguno
Nehemiah,5,15,והפחות הראשנים אשרלפני הכבידו עלהעם ויקחו מהם בלחם ויין אחר כסףשקלים ארבעים גם נעריהם שלטו עלהעם ואני לאעשיתי כן מפני יראת אלהים,"The former governors who preceded me laid heavy burdens on the people, and took from them for bread and wine more thancmore than Lit. “after”; meaning of Heb. uncertain. forty shekels of silver. Their servants also tyrannized over the people. But I, out of the fear of God, did not do so. ",Ninguno
Nehemiah,5,16,וגם במלאכת החומה הזאת החזקתי ושדה לא קנינו וכלנערי קבוצים שם עלהמלאכה,"I also supported the work on this wall; we did not buy any land, and all my servants were gathered there at the work. ",Ninguno
Nehemiah,5,17,והיהודים והסגנים מאה וחמשים איש והבאים אלינו מןהגוים אשרסביבתינו עלשלחני,"Although there were at my table, between Jews and prefects, one hundred and fifty men in all, beside those who came to us from surrounding nations; ",Ninguno
Nehemiah,5,18,ואשר היה נעשה ליום אחד שור אחד צאן ששבררות וצפרים נעשולי ובין עשרת ימים בכליין להרבה ועםזה לחם הפחה לא בקשתי כיכבדה העבדה עלהעם הזה,"and although what was prepared for each day came to one ox, six select sheep, and fowl, all prepared for me, and at ten-day intervals all sorts of wine in abundance—yet I did not resort to the governor’s food allowance, for the [king’s] service lay heavily on the people.",Separación (Beyn)
Nehemiah,5,19,"זכרהלי אלהי לטובה כל אשרעשיתי עלהעם הזה&nbsp;<span class=""mam-spi-pe"">{פ}</span><br>","O my God, remember to my credit all that I have done for this people!",Ninguno
Nehemiah,6,1,ויהי כאשר נשמע לסנבלט וטוביה ולגשם הערבי וליתר איבינו כי בניתי אתהחומה ולאנותר בה פרץ גם עדהעת ההיא דלתות לאהעמדתי בשערים,"When word reached Sanballat, Tobiah, Geshem the Arab, and the rest of our enemies that I had rebuilt the wall and not a breach remained in it—though at that time I had not yet set up doors in the gateways— ",Ninguno
Nehemiah,6,2,וישלח סנבלט וגשם אלי לאמר לכה ונועדה יחדו בכפירים בבקעת אונו והמה חשבים לעשות לי רעה,"Sanballat and Geshem sent a message to me, saying, “Come, let us get together in Kephirim in the Ono valley”; they planned to do me harm. ",Ninguno
Nehemiah,6,3,ואשלחה עליהם מלאכים לאמר מלאכה גדולה אני עשה ולא אוכל לרדת למה תשבת המלאכה כאשר ארפה וירדתי אליכם,"I sent them messengers, saying, “I am engaged in a great work and cannot come down, for the work will stop if I leave it in order to come down to you.” ",Ninguno
Nehemiah,6,4,"וישלחו אלי כדבר הזה ארבע פעמים ואשיב אותם כדבר הזה&nbsp;<span class=""mam-spi-pe"">{פ}</span><br>","They sent me the same message four times, and I gave them the same answer. ",Ninguno
Nehemiah,6,5,וישלח אלי סנבלט כדבר הזה פעם חמישית אתנערו ואגרת פתוחה בידו,"Sanballat sent me the same message a fifth time by his servant, who had an open letter with him. ",Ninguno
Nehemiah,6,6,כתוב בה בגוים נשמע וגשמו אמר אתה והיהודים חשבים למרוד עלכן אתה בונה החומה ואתה הוה להם למלך כדברים האלה,"Its text was: “Word has reached the nations, and GeshemaGeshem Heb. Gashmu. too says that you and the Jews are planning to rebel—for which reason you are building the wall—and that you are to be their king. Such is the word.bSuch is the word Meaning of Heb. uncertain. ",Ninguno
Nehemiah,6,7,"וגםנביאים העמדת לקרא עליך בירושל͏ם לאמר מלך ביהודה ועתה ישמע למלך כדברים האלה ועתה לכה ונועצה יחדו&nbsp;<span class=""mam-spi-pe"">{פ}</span><br>","You have also set up prophets in Jerusalem to proclaim about you, ‘There is a king in Judah!’ Word of these things will surely reach the king; so come, let us confer together.”",Ninguno
Nehemiah,6,8,ואשלחה אליו לאמר לא נהיה כדברים האלה אשר אתה אומר כי מלבך אתה בודאם,"I sent back a message to him, saying, “None of these things you mention has occurred; they are figments of your imagination”— ",Ninguno
Nehemiah,6,9,כי כלם מיראים אותנו לאמר ירפו ידיהם מןהמלאכה ולא תעשה ועתה חזק אתידי,"for they all wished to intimidate us, thinking, “They will desist from the work, and it will not get done.” Now strengthen my hands!",Ninguno
Nehemiah,6,10,ואניבאתי בית שמעיה בןדליה בןמהיטבאל והוא עצור ויאמר נועד אלבית האלהים אלתוך ההיכל ונסגרה דלתות ההיכל כי באים להרגך ולילה באים להרגך,"Then I visited Shemaiah son of Delaiah son of Mehetabel when he was housebound, and he said,“Let us meet in the House of God, inside the sanctuary,And let us shut the doors of the sanctuary, for they are coming to kill you,By night they are coming to kill you.”",Ninguno
Nehemiah,6,11,ואמרה האיש כמוני יברח ומי כמוני אשריבא אלההיכל וחי לא אבוא,"I replied, “Would someone in my position take flight? Besides, who such as I can go into the sanctuary and live? I will not go in.” ",Ninguno
Nehemiah,6,12,ואכירה והנה לאאלהים שלחו כי הנבואה דבר עלי וטוביה וסנבלט שכרו,"Then I realized that it was not God who sent him, but that he uttered that prophecy about me—Tobiah and Sanballat having hired him— ",Ninguno
Nehemiah,6,13,"למען שכור הוא למעןאירא ואעשהכן וחטאתי והיה להם לשם רע למען יחרפוני&nbsp;<span class=""mam-spi-pe"">{פ}</span><br>","because he was a hireling, that I might be intimidated and act thus and commit a sin, and so provide them a scandal with which to reproach me.",Ninguno
Nehemiah,6,14,זכרה אלהי לטוביה ולסנבלט כמעשיו אלה וגם לנועדיה הנביאה וליתר הנביאים אשר היו מיראים אותי,"“O my God, remember against Tobiah and Sanballat these deeds of theirs,ctheirs Lit. “his.” and against Noadiah the prophetess, and against the other prophets that they wished to intimidate me!”",Ninguno
Nehemiah,6,15,"ותשלם החומה בעשרים וחמשה לאלול לחמשים ושנים יום&nbsp;<span class=""mam-spi-pe"">{פ}</span><br>","The wall was finished on the twenty-fifth of Elul, after fifty-two days. ",Ninguno
Nehemiah,6,16,ויהי כאשר שמעו כלאויבינו ויראו כלהגוים אשר סביבתינו ויפלו מאד בעיניהם וידעו כי מאת אלהינו נעשתה המלאכה הזאת,"When all our enemies heard it, all the nations round about us were intimidated, and fell very low in their own estimation; they realized that this work had been accomplished by the help of our God.",Percepción (Yada)
Nehemiah,6,17,גם&thinsp;<b></b> בימים ההם מרבים חרי יהודה אגרתיהם הולכות עלטוביה ואשר לטוביה באות אליהם,"Also in those days, the nobles of Judah kept up a brisk correspondence with Tobiah, and Tobiah with them. ",Ninguno
Nehemiah,6,18,כירבים ביהודה בעלי שבועה לו כיחתן הוא לשכניה בןארח ויהוחנן בנו לקח אתבתמשלם בן ברכיה,"Many in Judah were his confederates, for he was a son-in-law of Shecaniah son of Arah, and his son Jehohanan had married the daughter of Meshullam son of Berechiah. ",Ninguno
Nehemiah,6,19,"גם טובתיו היו אמרים לפני ודברי היו מוציאים לו אגרות שלח טוביה ליראני&nbsp;<span class=""mam-spi-pe"">{פ}</span><br>","They would also speak well of him to me, and would divulge my affairs to him. Tobiah sent letters to intimidate me.",Ninguno
Nehemiah,7,1,ויהי כאשר נבנתה החומה ואעמיד הדלתות ויפקדו השוערים והמשררים והלוים,"When the wall was rebuilt and I had set up the doors, tasks were assigned to the gatekeepers, the singers, and the Levites. ",Ninguno
Nehemiah,7,2,ואצוה אתחנני אחי ואתחנניה שר הבירה עלירושל͏ם כיהוא כאיש אמת וירא אתהאלהים מרבים,"I put Hanani my brother and Hananiah, the captain of the fortress, in charge of Jerusalem, for he was most trustworthy—and more God-fearing than most. ",Ninguno
Nehemiah,7,3,"<span class=""mam-kq""><span class=""mam-kq-k"">(ויאמר)</span> <span class=""mam-kq-q"">[ואמר]</span></span> להם לא יפתחו שערי ירושל͏ם עדחם השמש ועד הם עמדים יגיפו הדלתות ואחזו והעמיד משמרות ישבי ירושל͏ם איש במשמרו ואיש נגד ביתו","I said to them, “The gates of Jerusalem are not to be opened until the heat of the day,aday Lit. “sun.” and before you leave your postsbbefore you leave your posts Lit. “while they are still standing.” let the doors be closed and barred. And assign the inhabitants of Jerusalem to watches, each man to his watch, and each in front of his own house.”",Ninguno
Nehemiah,7,4,והעיר רחבת ידים וגדלה והעם מעט בתוכה ואין בתים בנוים,"The city was broad and large, the people in it were few, and houses were not yet built. ",Ninguno
Nehemiah,7,5,"ויתן אלהי אללבי ואקבצה אתהחרים ואתהסגנים ואתהעם להתיחש ואמצא ספר היחש העולים בראשונה ואמצא כתוב בו&nbsp;<span class=""mam-spi-pe"">{פ}</span><br>","My God put it into my mind to assemble the nobles, the prefects, and the people, in order to register them by families. I found the genealogical register of those who were the first to come up, and there I found written:",Ninguno
Nehemiah,7,6,אלה&thinsp;<b></b> בני המדינה העלים משבי הגולה אשר הגלה נבוכדנצר מלך בבל וישובו לירושל͏ם וליהודה איש לעירו,"cThis passage appears as Ezra 2 with variations in the names and numbers. These are the people of the province who came up from among the captive exiles whom King Nebuchadnezzar of Babylon had deported, who returned to Jerusalem and to Judah, each to their own city— ",Ninguno
Nehemiah,7,7,"הבאים עםזרבבל ישוע נחמיה עזריה רעמיה נחמני מרדכי בלשן מספרת בגוי נחום בענה מספר אנשי עם ישראל&nbsp;<span class=""mam-spi-samekh"">{ס}</span>&nbsp;&nbsp;&nbsp;&nbsp;&nbsp;&nbsp;&nbsp;&nbsp;","who came with Zerubbabel, Jeshua, Nehemiah, Azariah, Raamiah, Nahamani, Mordecai, Bilshan, Mispereth, Bigvai, Nehum, Baanah.The list of participants from among the people of Israel: ",Ninguno
Nehemiah,7,8,"בני פרעש אלפים מאה ושבעים ושנים&nbsp;<span class=""mam-spi-samekh"">{ס}</span>&nbsp;&nbsp;&nbsp;&nbsp;&nbsp;&nbsp;&nbsp;&nbsp;","the sons of Parosh—2,172; ",Ninguno
Nehemiah,7,9,"בני שפטיה שלש מאות שבעים ושנים&nbsp;<span class=""mam-spi-samekh"">{ס}</span>&nbsp;&nbsp;&nbsp;&nbsp;&nbsp;&nbsp;&nbsp;&nbsp;",the sons of Shephatiah—372;,Ninguno
Nehemiah,7,10,"בני ארח שש מאות חמשים ושנים&nbsp;<span class=""mam-spi-samekh"">{ס}</span>&nbsp;&nbsp;&nbsp;&nbsp;&nbsp;&nbsp;&nbsp;&nbsp;",the sons of Arah—652;,Ninguno
Nehemiah,7,11,"בניפחת מואב לבני ישוע ויואב אלפים ושמנה מאות שמנה עשר&nbsp;<span class=""mam-spi-samekh"">{ס}</span>&nbsp;&nbsp;&nbsp;&nbsp;&nbsp;&nbsp;&nbsp;&nbsp;","the sons of Pahath-moab: the sons of Jeshua and Joab—2,818; ",Ninguno
Nehemiah,7,12,"בני עילם אלף מאתים חמשים וארבעה&nbsp;<span class=""mam-spi-samekh"">{ס}</span>&nbsp;&nbsp;&nbsp;&nbsp;&nbsp;&nbsp;&nbsp;&nbsp;","the sons of Elam—1,254; ",Ninguno
Nehemiah,7,13,"בני זתוא שמנה מאות ארבעים וחמשה&nbsp;<span class=""mam-spi-samekh"">{ס}</span>&nbsp;&nbsp;&nbsp;&nbsp;&nbsp;&nbsp;&nbsp;&nbsp;",the sons of Zattu—845;,Ninguno
Nehemiah,7,14,"בני זכי שבע מאות וששים&nbsp;<span class=""mam-spi-samekh"">{ס}</span>&nbsp;&nbsp;&nbsp;&nbsp;&nbsp;&nbsp;&nbsp;&nbsp;",the sons of Zaccai—760;,Ninguno
Nehemiah,7,15,"בני בנוי שש מאות ארבעים ושמנה&nbsp;<span class=""mam-spi-samekh"">{ס}</span>&nbsp;&nbsp;&nbsp;&nbsp;&nbsp;&nbsp;&nbsp;&nbsp;",the sons of Binnui—648;,Ninguno
Nehemiah,7,16,"בני בבי שש מאות עשרים ושמנה&nbsp;<span class=""mam-spi-samekh"">{ס}</span>&nbsp;&nbsp;&nbsp;&nbsp;&nbsp;&nbsp;&nbsp;&nbsp;",the sons of Bebai—628;,Ninguno
Nehemiah,7,17,"בני עזגד אלפים שלש מאות עשרים ושנים&nbsp;<span class=""mam-spi-samekh"">{ס}</span>&nbsp;&nbsp;&nbsp;&nbsp;&nbsp;&nbsp;&nbsp;&nbsp;","the sons of Azgad—2,322; ",Ninguno
Nehemiah,7,18,"בני אדניקם שש מאות ששים ושבעה&nbsp;<span class=""mam-spi-samekh"">{ס}</span>&nbsp;&nbsp;&nbsp;&nbsp;&nbsp;&nbsp;&nbsp;&nbsp;",the sons of Adonikam—667;,Ninguno
Nehemiah,7,19,"בני בגוי אלפים ששים ושבעה&nbsp;<span class=""mam-spi-samekh"">{ס}</span>&nbsp;&nbsp;&nbsp;&nbsp;&nbsp;&nbsp;&nbsp;&nbsp;","the sons of Bigvai—2,067; ",Ninguno
Nehemiah,7,20,"בני עדין שש מאות חמשים וחמשה&nbsp;<span class=""mam-spi-samekh"">{ס}</span>&nbsp;&nbsp;&nbsp;&nbsp;&nbsp;&nbsp;&nbsp;&nbsp;",the sons of Adin—655;,Ninguno
Nehemiah,7,21,"בניאטר לחזקיה תשעים ושמנה&nbsp;<span class=""mam-spi-samekh"">{ס}</span>&nbsp;&nbsp;&nbsp;&nbsp;&nbsp;&nbsp;&nbsp;&nbsp;",the sons of Ater: Hezekiah—98;,Ninguno
Nehemiah,7,22,"בני חשם שלש מאות עשרים ושמנה&nbsp;<span class=""mam-spi-samekh"">{ס}</span>&nbsp;&nbsp;&nbsp;&nbsp;&nbsp;&nbsp;&nbsp;&nbsp;",the sons of Hashum—328;,Ninguno
Nehemiah,7,23,"בני בצי שלש מאות עשרים וארבעה&nbsp;<span class=""mam-spi-samekh"">{ס}</span>&nbsp;&nbsp;&nbsp;&nbsp;&nbsp;&nbsp;&nbsp;&nbsp;",the sons of Bezai—324;,Ninguno
Nehemiah,7,24,"בני חריף מאה שנים עשר&nbsp;<span class=""mam-spi-samekh"">{ס}</span>&nbsp;&nbsp;&nbsp;&nbsp;&nbsp;&nbsp;&nbsp;&nbsp;",the sons of Hariph—112;,Ninguno
Nehemiah,7,25,"בני גבעון תשעים וחמשה&nbsp;<span class=""mam-spi-samekh"">{ס}</span>&nbsp;&nbsp;&nbsp;&nbsp;&nbsp;&nbsp;&nbsp;&nbsp;",the sons of Gibeon—95;,Ninguno
Nehemiah,7,26,"אנשי ביתלחם ונטפה מאה שמנים ושמנה&nbsp;<span class=""mam-spi-samekh"">{ס}</span>&nbsp;&nbsp;&nbsp;&nbsp;&nbsp;&nbsp;&nbsp;&nbsp;",the participants from Bethlehem and Netophah—188;,Ninguno
Nehemiah,7,27,"אנשי ענתות מאה עשרים ושמנה&nbsp;<span class=""mam-spi-samekh"">{ס}</span>&nbsp;&nbsp;&nbsp;&nbsp;&nbsp;&nbsp;&nbsp;&nbsp;",the participants from Anathoth—128;,Ninguno
Nehemiah,7,28,"אנשי ביתעזמות ארבעים ושנים&nbsp;<span class=""mam-spi-samekh"">{ס}</span>&nbsp;&nbsp;&nbsp;&nbsp;&nbsp;&nbsp;&nbsp;&nbsp;",the participants from Beth-azmaveth—42;,Ninguno
Nehemiah,7,29,"אנשי קרית יערים כפירה ובארות שבע מאות ארבעים ושלשה&nbsp;<span class=""mam-spi-samekh"">{ס}</span>&nbsp;&nbsp;&nbsp;&nbsp;&nbsp;&nbsp;&nbsp;&nbsp;","the participants from Kiriath-jearim, Chephirah, and Beeroth—743; ",Ninguno
Nehemiah,7,30,"אנשי הרמה וגבע שש מאות עשרים ואחד&nbsp;<span class=""mam-spi-samekh"">{ס}</span>&nbsp;&nbsp;&nbsp;&nbsp;&nbsp;&nbsp;&nbsp;&nbsp;",the participants from Ramah and Geba—621;,Ninguno
Nehemiah,7,31,"אנשי מכמס מאה ועשרים ושנים&nbsp;<span class=""mam-spi-samekh"">{ס}</span>&nbsp;&nbsp;&nbsp;&nbsp;&nbsp;&nbsp;&nbsp;&nbsp;",the participants from Michmas—122;,Ninguno
Nehemiah,7,32,"אנשי ביתאל והעי מאה עשרים ושלשה&nbsp;<span class=""mam-spi-samekh"">{ס}</span>&nbsp;&nbsp;&nbsp;&nbsp;&nbsp;&nbsp;&nbsp;&nbsp;",the participants from Bethel and Ai—123;,Ninguno
Nehemiah,7,33,"אנשי נבו אחר חמשים ושנים&nbsp;<span class=""mam-spi-samekh"">{ס}</span>&nbsp;&nbsp;&nbsp;&nbsp;&nbsp;&nbsp;&nbsp;&nbsp;",the participants from the other Nebo—52;,Ninguno
Nehemiah,7,34,"בני עילם אחר אלף מאתים חמשים וארבעה&nbsp;<span class=""mam-spi-samekh"">{ס}</span>&nbsp;&nbsp;&nbsp;&nbsp;&nbsp;&nbsp;&nbsp;&nbsp;","the sons of the other Elam—1,254; ",Ninguno
Nehemiah,7,35,"בני חרם שלש מאות ועשרים&nbsp;<span class=""mam-spi-samekh"">{ס}</span>&nbsp;&nbsp;&nbsp;&nbsp;&nbsp;&nbsp;&nbsp;&nbsp;",the sons of Harim—320;,Ninguno
Nehemiah,7,36,"בני ירחו שלש מאות ארבעים וחמשה&nbsp;<span class=""mam-spi-samekh"">{ס}</span>&nbsp;&nbsp;&nbsp;&nbsp;&nbsp;&nbsp;&nbsp;&nbsp;",the sons of Jericho—345;,Ninguno
Nehemiah,7,37,"בנילד חדיד ואנו שבע מאות ועשרים ואחד&nbsp;<span class=""mam-spi-samekh"">{ס}</span>&nbsp;&nbsp;&nbsp;&nbsp;&nbsp;&nbsp;&nbsp;&nbsp;","the sons of Lod, Hadid, and Ono—721; ",Ninguno
Nehemiah,7,38,"בני סנאה שלשת אלפים תשע מאות ושלשים&nbsp;<span class=""mam-spi-pe"">{פ}</span><br>","the sons of Senaah—3,930.",Ninguno
Nehemiah,7,39,"הכהנים בני ידעיה לבית ישוע תשע מאות שבעים ושלשה&nbsp;<span class=""mam-spi-samekh"">{ס}</span>&nbsp;&nbsp;&nbsp;&nbsp;&nbsp;&nbsp;&nbsp;&nbsp;",The priests: the sons of Jedaiah: the house of Jeshua—973;,Percepción (Yada)
Nehemiah,7,40,"בני אמר אלף חמשים ושנים&nbsp;<span class=""mam-spi-samekh"">{ס}</span>&nbsp;&nbsp;&nbsp;&nbsp;&nbsp;&nbsp;&nbsp;&nbsp;","the sons of Immer—1,052; ",Ninguno
Nehemiah,7,41,"בני פשחור אלף מאתים ארבעים ושבעה&nbsp;<span class=""mam-spi-samekh"">{ס}</span>&nbsp;&nbsp;&nbsp;&nbsp;&nbsp;&nbsp;&nbsp;&nbsp;","the sons of Pashhur—1,247; ",Ninguno
Nehemiah,7,42,"בני חרם אלף שבעה עשר&nbsp;<span class=""mam-spi-samekh"">{ס}</span>&nbsp;&nbsp;&nbsp;&nbsp;&nbsp;&nbsp;&nbsp;&nbsp;","the sons of Harim—1,017.",Ninguno
Nehemiah,7,43,"הלוים בניישוע לקדמיאל לבני להודוה שבעים וארבעה&nbsp;<span class=""mam-spi-samekh"">{ס}</span>&nbsp;&nbsp;&nbsp;&nbsp;&nbsp;&nbsp;&nbsp;&nbsp;","The Levites: the sons of Jeshua: Kadmiel, the sons of Hodeiah—74.",Ninguno
Nehemiah,7,44,"המשררים בני אסף מאה ארבעים ושמנה&nbsp;<span class=""mam-spi-samekh"">{ס}</span>&nbsp;&nbsp;&nbsp;&nbsp;&nbsp;&nbsp;&nbsp;&nbsp;",The singers: the sons of Asaph—148.,Ninguno
Nehemiah,7,45,"השערים בנישלם בניאטר בניטלמן בניעקוב בני חטיטא בני שבי מאה שלשים ושמנה&nbsp;<span class=""mam-spi-pe"">{פ}</span><br>","The gatekeepers: the sons of Shallum, the sons of Ater, the sons of Talmon, the sons of Akkub, the sons of Hatita, the sons of Shobai—138.",Ninguno
Nehemiah,7,46,"הנתינים בניצחא בניחשפא בני טבעות&nbsp;<span class=""mam-spi-samekh"">{ס}</span>&nbsp;&nbsp;&nbsp;&nbsp;&nbsp;&nbsp;&nbsp;&nbsp;","The temple servants: the sons of Ziha, the sons of Hasupha, the sons of Tabbaoth, ",Ninguno
Nehemiah,7,47,"בניקירס בניסיעא בני פדון&nbsp;<span class=""mam-spi-samekh"">{ס}</span>&nbsp;&nbsp;&nbsp;&nbsp;&nbsp;&nbsp;&nbsp;&nbsp;","the sons of Keros, the sons of Siah, the sons of Padon, ",Ninguno
Nehemiah,7,48,"בנילבנה בניחגבא בני שלמי&nbsp;<span class=""mam-spi-samekh"">{ס}</span>&nbsp;&nbsp;&nbsp;&nbsp;&nbsp;&nbsp;&nbsp;&nbsp;","the sons of Lebanah, the sons of Hagabah, the sons of Shalmai, ",Ninguno
Nehemiah,7,49,"בניחנן בניגדל בניגחר&nbsp;<span class=""mam-spi-samekh"">{ס}</span>&nbsp;&nbsp;&nbsp;&nbsp;&nbsp;&nbsp;&nbsp;&nbsp;","the sons of Hanan, the sons of Giddel, the sons of Gahar, ",Ninguno
Nehemiah,7,50,"בניראיה בנירצין בני נקודא&nbsp;<span class=""mam-spi-samekh"">{ס}</span>&nbsp;&nbsp;&nbsp;&nbsp;&nbsp;&nbsp;&nbsp;&nbsp;","the sons of Reaiah, the sons of Rezin, the sons of Nekoda, ",Ninguno
Nehemiah,7,51,"בניגזם בניעזא בני פסח&nbsp;<span class=""mam-spi-samekh"">{ס}</span>&nbsp;&nbsp;&nbsp;&nbsp;&nbsp;&nbsp;&nbsp;&nbsp;","the sons of Gazzam, the sons of Uzza, the sons of Paseah, ",Ninguno
Nehemiah,7,52,"בניבסי בנימעונים בני <span class=""mam-kq""><span class=""mam-kq-k"">(נפושסים)</span> <span class=""mam-kq-q"">[נפישסים]</span></span>&nbsp;<span class=""mam-spi-samekh"">{ס}</span>&nbsp;&nbsp;&nbsp;&nbsp;&nbsp;&nbsp;&nbsp;&nbsp;","the sons of Besai, the sons of Meunim, the sons of Nephishesim, ",Ninguno
Nehemiah,7,53,"בניבקבוק בניחקופא בני חרחור&nbsp;<span class=""mam-spi-samekh"">{ס}</span>&nbsp;&nbsp;&nbsp;&nbsp;&nbsp;&nbsp;&nbsp;&nbsp;","the sons of Bakbuk, the sons of Hakupha, the sons of Harhur, ",Ninguno
Nehemiah,7,54,"בניבצלית בנימחידא בני חרשא&nbsp;<span class=""mam-spi-samekh"">{ס}</span>&nbsp;&nbsp;&nbsp;&nbsp;&nbsp;&nbsp;&nbsp;&nbsp;","the sons of Bazlith, the sons of Mehida, the sons of Harsha, ",Ninguno
Nehemiah,7,55,"בניברקוס בניסיסרא בניתמח&nbsp;<span class=""mam-spi-samekh"">{ס}</span>&nbsp;&nbsp;&nbsp;&nbsp;&nbsp;&nbsp;&nbsp;&nbsp;","the sons of Barkos, the sons of Sisera, the sons of Temah, ",Ninguno
Nehemiah,7,56,"בני נציח בני חטיפא&nbsp;<span class=""mam-spi-samekh"">{ס}</span>&nbsp;&nbsp;&nbsp;&nbsp;&nbsp;&nbsp;&nbsp;&nbsp;","the sons of Neziah, the sons of Hatipha.",Ninguno
Nehemiah,7,57,"בני עבדי שלמה בניסוטי בניספרת בני פרידא&nbsp;<span class=""mam-spi-samekh"">{ס}</span>&nbsp;&nbsp;&nbsp;&nbsp;&nbsp;&nbsp;&nbsp;&nbsp;","The sons of Solomon’s servants: the sons of Sotai, the sons of Sophereth, the sons of Perida, ",Ninguno
Nehemiah,7,58,"בנייעלא בנידרקון בני גדל&nbsp;<span class=""mam-spi-samekh"">{ס}</span>&nbsp;&nbsp;&nbsp;&nbsp;&nbsp;&nbsp;&nbsp;&nbsp;","the sons of Jala, the sons of Darkon, the sons of Giddel, ",Ninguno
Nehemiah,7,59,"בני שפטיה בניחטיל&nbsp;<span class=""mam-spi-samekh"">{ס}</span>&nbsp;&nbsp;&nbsp;&nbsp;&nbsp;&nbsp;&nbsp;&nbsp;בני פכרת הצביים בני אמון&nbsp;<span class=""mam-spi-samekh"">{ס}</span>&nbsp;&nbsp;&nbsp;&nbsp;&nbsp;&nbsp;&nbsp;&nbsp;","the sons of Shephatiah, the sons of Hattil, the sons of Pochereth-hazzebaim, the sons of Amon.",Ninguno
Nehemiah,7,60,"כלהנתינים ובני עבדי שלמה שלש מאות תשעים ושנים&nbsp;<span class=""mam-spi-pe"">{פ}</span><br>",The total of temple servants and the sons of Solomon’s servants—392.,Ninguno
Nehemiah,7,61,"ואלה העולים מתל מלח תל חרשא כרוב אדון ואמר ולא יכלו להגיד ביתאבתם וזרעם אם מישראל הם&nbsp;<span class=""mam-spi-samekh"">{ס}</span>&nbsp;&nbsp;&nbsp;&nbsp;&nbsp;&nbsp;&nbsp;&nbsp;","The following were those who came up from Tel-melah, Tel-harsha, Cherub, Addon, and Immer—they were unable to tell whether their father’s house and descent were Israelite: ",Ninguno
Nehemiah,7,62,"בנידליה בניטוביה בני נקודא שש מאות וארבעים ושנים&nbsp;<span class=""mam-spi-pe"">{פ}</span><br>","the sons of Delaiah, the sons of Tobiah, the sons of Nekoda—642.",Ninguno
Nehemiah,7,63,ומןהכהנים בני חביה בני הקוץ בני ברזלי אשר לקח מבנות ברזלי הגלעדי אשה ויקרא עלשמם,"Of the priests: the sons of Habaiah, the sons of Hakkoz, the sons of Barzillai who had married a daughter of Barzillai the Gileadite and had taken hisdhis Lit. “their.” name— ",Ninguno
Nehemiah,7,64,אלה בקשו כתבם המתיחשים ולא נמצא ויגאלו מןהכהנה,"these searched for their genealogical records, but they could not be found, so they were disqualified for the priesthood. ",Ninguno
Nehemiah,7,65,ויאמר התרשתא להם אשר לאיאכלו מקדש הקדשים עד עמד הכהן לאורים ותמים,The TirshathaeTirshatha A Persian title. ordered them not to eat of the most holy things until a priest with Urim and Thummim should appear.,Ninguno
Nehemiah,7,66,כלהקהל כאחד ארבע רבוא אלפים שלשמאות וששים,"The sum of the entire community was 42,360, ",Ninguno
Nehemiah,7,67,"מלבד עבדיהם ואמהתיהם אלה שבעת אלפים שלש מאות שלשים ושבעה ולהם משררים ומשררות מאתים וארבעים וחמשה&nbsp;<span class=""mam-spi-samekh"">{ס}</span>&nbsp;&nbsp;&nbsp;&nbsp;&nbsp;&nbsp;&nbsp;&nbsp;","not counting their male and female servants, those being 7,337; they also had 245 male and female singers. ",Ninguno
Nehemiah,7,68,גמלים ארבע מאות שלשים וחמשה חמרים ששת אלפים שבע מאות ועשרים,"[Their horses—736, their mules—245,]f[Their horses—736, their mules—245,] These words are missing in some mss. and editions; but cf. Ezra 2.66. camels—435, donkeys—6,720.",Ninguno
Nehemiah,7,69,ומקצת ראשי האבות נתנו למלאכה התרשתא נתן לאוצר זהב דרכמנים אלף מזרקות חמשים כתנות כהנים שלשים וחמש מאות,"Some of the heads of the clans made donations for the work. The Tirshatha donated to the treasury: gold—1,000 drachmas, basins—50, priestly robes—530.",Ninguno
Nehemiah,7,70,ומראשי האבות נתנו לאוצר המלאכה זהב דרכמונים שתי רבות וכסף מנים אלפים ומאתים,"Some of the heads of the clans donated to the work treasury: gold—20,000 drachmas, and silver—2,200 mina s.",Ninguno
Nehemiah,7,71,ואשר נתנו שארית העם זהב דרכמנים שתי רבוא וכסף מנים אלפים וכתנת כהנים ששים ושבעה,"The rest of the people donated: gold—20,000 drachmas, silver—2,000, and priestly robes—67.",Ninguno
Nehemiah,7,72,"וישבו הכהנים והלוים והשוערים והמשררים ומןהעם והנתינים וכלישראל בעריהם&nbsp;<span class=""mam-spi-samekh"">{ס}</span>&nbsp;&nbsp;&nbsp;&nbsp;&nbsp;&nbsp;&nbsp;&nbsp;ויגע החדש השביעי ובני ישראל בעריהם","The priests, the Levites, the gatekeepers, the singers, some of the people, the temple servants, and all Israel took up residence in their towns.When the seventh month arrived—the Israelites being [settled] in their towns—",Ninguno
Nehemiah,8,1,ויאספו כלהעם כאיש אחד אלהרחוב אשר לפני שערהמים ויאמרו לעזרא הספר להביא אתספר תורת משה אשרצוה יהוה אתישראל,"the entire people assembled as one in the square before the Water Gate, and they asked Ezra the scribe to bring the scroll of the Teaching of Moses with which GOD had charged Israel. ",Ninguno
Nehemiah,8,2,ויביא עזרא הכהן אתהתורה לפני הקהל מאיש ועדאשה וכל מבין לשמע ביום אחד לחדש השביעי,"On the first day of the seventh month, Ezra the priest brought the Teaching before the congregation, men and women and all who could listen with understanding. ",Separación (Beyn)
Nehemiah,8,3,ויקראבו לפני הרחוב אשר&thinsp;<b></b> לפני שערהמים מןהאור עדמחצית היום נגד האנשים והנשים והמבינים ואזני כלהעם אלספר התורה,"He read from it, facing the square before the Water Gate, from the first light until midday, to the men and the women and those who could understand; the ears of all the people were given to the scroll of the Teaching.",Ninguno
Nehemiah,8,4,"ויעמד עזרא הספר עלמגדלעץ אשר עשו לדבר ויעמד אצלו מתתיה ושמע ועניה ואוריה וחלקיה ומעשיה עלימינו ומשמאלו פדיה ומישאל ומלכיה וחשם וחשבדנה זכריה משלם&nbsp;<span class=""mam-spi-pe"">{פ}</span><br>","Ezra the scribe stood upon a wooden tower made for the purpose, and beside him stood Mattithiah, Shema, Anaiah, Uriah, Hilkiah, and Maaseiah at his right, and at his left Pedaiah, Mishael, Malchijah, Hashum, Hashbaddanah, Zechariah, Meshullam. ",Caos/Izquierda (Smol)
Nehemiah,8,5,ויפתח עזרא הספר לעיני כלהעם כימעל כלהעם היה וכפתחו עמדו כלהעם,"Ezra opened the scroll in the sight of all the people, for he was above all the people; as he opened it, all the people stood up. ",Ninguno
Nehemiah,8,6,ויברך עזרא אתיהוה האלהים הגדול ויענו כלהעם אמן&thinsp;<small></small>&thinsp;אמן במעל ידיהם ויקדו וישתחוו ליהוה אפים ארצה,"Ezra blessed the ETERNAL, the great God, and all the people answered, “Amen, Amen,” with hands upraised. Then they bowed their heads and prostrated themselves before GOD with their faces to the ground. ",Ninguno
Nehemiah,8,7,וישוע ובני ושרביה&thinsp;<b></b> ימין עקוב שבתי&thinsp;<small></small>&thinsp;הודיה מעשיה קליטא עזריה יוזבד חנן פלאיה והלוים מבינים אתהעם לתורה והעם עלעמדם,"Jeshua, Bani, Sherebiah, Jamin, Akkub, Shabbethai, Hodiah, Maaseiah, Kelita, Azariah, Jozabad, Hanan, Pelaiah, and the Levites explained the Teaching to the people, while the people stood in their places. ",Control/Derecha (Yamin)
Nehemiah,8,8,"ויקראו בספר בתורת האלהים מפרש ושום שכל ויבינו במקרא&nbsp;<span class=""mam-spi-pe"">{פ}</span><br>","They read from the scroll of the Teaching of God, translating it and giving the sense; so they understood the reading.",Ninguno
Nehemiah,8,9,ויאמר נחמיה הוא התרשתא ועזרא הכהן&thinsp;<small></small>&thinsp;הספר והלוים המבינים אתהעם לכלהעם היום קדשהוא ליהוה אלהיכם אלתתאבלו ואלתבכו כי בוכים כלהעם כשמעם אתדברי התורה,"Nehemiah the Tirshatha, Ezra the priest and scribe, and the Levites who were explaining to the people said to all the people, “This day is holy to the ETERNAL your God: you must not mourn or weep,” for all the people were weeping as they listened to the words of the Teaching. ",Ninguno
Nehemiah,8,10,ויאמר להם לכו אכלו משמנים ושתו ממתקים ושלחו מנות לאין נכון לו כיקדוש היום לאדנינו ואלתעצבו כיחדות יהוה היא מעזכם,"He further said to them, “Go, eat choice foods and drink sweet drinks and send portions to whoever has nothing prepared, for the day is holy to our Sovereign. Do not be sad, for your rejoicing in GOD is the source of your strength.” ",Ninguno
Nehemiah,8,11,והלוים מחשים לכלהעם לאמר הסו כי היום קדש ואלתעצבו,"The Levites were quieting the people, saying, “Hush, for the day is holy; do not be sad.” ",Ninguno
Nehemiah,8,12,"וילכו כלהעם לאכל ולשתות ולשלח מנות ולעשות שמחה גדולה כי הבינו בדברים אשר הודיעו להם&nbsp;<span class=""mam-spi-pe"">{פ}</span><br>","Then all the people went to eat and drink and send portions and make great merriment, for they understood the things they were told.",Ninguno
Nehemiah,8,13,וביום השני נאספו ראשי האבות לכלהעם הכהנים והלוים אלעזרא הספר ולהשכיל אלדברי התורה,"On the second day, the heads of the clans of all the people and the priests and Levites gathered to Ezra the scribe to study the words of the Teaching. ",Ninguno
Nehemiah,8,14,וימצאו כתוב בתורה אשר צוה יהוה בידמשה אשר ישבו בניישראל בסכות בחג בחדש השביעי,"They found written in the Teaching that GOD had commanded Moses that the Israelites must dwell in booths during the festival of the seventh month, ",Ninguno
Nehemiah,8,15,"ואשר ישמיעו ויעבירו קול בכלעריהם ובירושל͏ם לאמר צאו ההר והביאו עליזית ועליעץ שמן ועלי הדס ועלי תמרים ועלי עץ עבת לעשת סכת ככתוב&nbsp;<span class=""mam-spi-samekh"">{ס}</span>&nbsp;&nbsp;&nbsp;&nbsp;&nbsp;&nbsp;&nbsp;&nbsp;","and that they must announce and proclaim throughout all their towns and Jerusalem as follows, “Go out to the mountains and bring leafy branches of olive trees, pineapine Meaning of Heb. uncertain. trees, myrtles, palms and [other] leafybleafy Meaning of Heb. uncertain. trees to make booths, as it is written.” ",Ninguno
Nehemiah,8,16,"ויצאו העם ויביאו ויעשו להם סכות איש עלגגו ובחצרתיהם ובחצרות בית האלהים וברחוב שער המים וברחוב שער אפרים&nbsp;<span class=""mam-spi-samekh"">{ס}</span>&nbsp;&nbsp;&nbsp;&nbsp;&nbsp;&nbsp;&nbsp;&nbsp;","So the people went out and brought them, and made themselves booths on their roofs, in their courtyards, in the courtyards of the House of God, in the square of the Water Gate and in the square of the Ephraim Gate. ",Ninguno
Nehemiah,8,17,ויעשו כלהקהל השבים מןהשבי&thinsp;<small></small>&thinsp;סכות וישבו בסכות כי לאעשו מימי ישוע בןנון כן בני ישראל עד היום ההוא ותהי שמחה גדולה מאד,The whole community that returned from the captivity made booths and dwelt in the booths—the Israelites had not done so from the days of JoshuacJoshua Heb. Yeshua. son of Nun to that day—and there was very great rejoicing. ,Ninguno
Nehemiah,8,18,"ויקרא בספר תורת האלהים יום&thinsp;<small></small>&thinsp;ביום מןהיום הראשון עד היום האחרון ויעשוחג שבעת ימים וביום השמיני עצרת כמשפט&nbsp;<span class=""mam-spi-pe"">{פ}</span><br>","He read from the scroll of the Teaching of God each day, from the first to the last day. They celebrated the festival seven days, and there was a solemn gathering on the eighth, as prescribed.",Ninguno
Nehemiah,9,1,וביום עשרים וארבעה לחדש הזה נאספו בניישראל בצום ובשקים ואדמה עליהם,"On the twenty-fourth day of this month, the Israelites assembled, fasting, in sackcloth, and with earth upon them. ",Ninguno
Nehemiah,9,2,ויבדלו זרע ישראל מכל בני נכר ויעמדו ויתודו עלחטאתיהם ועונות אבתיהם,"Those of the stock of Israel separated themselves from all foreigners, and stood and confessed their sins and the iniquities of their ancestors. ",Ninguno
Nehemiah,9,3,"ויקומו עלעמדם ויקראו בספר תורת יהוה אלהיהם רבעית היום ורבעית מתודים ומשתחוים ליהוה אלהיהם&nbsp;<span class=""mam-spi-pe"">{פ}</span><br>","Standing in their places, they read from the scroll of the Teaching of the ETERNAL their God for one-fourth of the day, and for another fourth they confessed and prostrated themselves before the ETERNAL their God. ",Ninguno
Nehemiah,9,4,ויקם עלמעלה הלוים ישוע ובני קדמיאל שבניה בני שרביה בני כנני ויזעקו בקול גדול אליהוה אלהיהם,"On the raised platform of the Levites stood Jeshua and Bani, Kadmiel, Shebaniah, Bunni, Sherebiah, Bani, and Chenani, and cried in a loud voice to the ETERNAL their God. ",Ninguno
Nehemiah,9,5,ויאמרו הלוים ישוע וקדמיאל בני חשבניה שרביה הודיה שבניה פתחיה קומו ברכו אתיהוה אלהיכם מןהעולם עדהעולם ויברכו שם כבדך ומרומם עלכלברכה ותהלה,"The Levites Jeshua, Kadmiel, Bani, Hashabniah, Sherebiah, Hodiah, Shebaniah, and Pethahiah said, “Rise, bless the ETERNAL your God who is from eternity to eternity: ‘May Your glorious name be blessed, exalted though it is above every blessing and praise!’",Ninguno
Nehemiah,9,6,"אתההוא יהוה לבדך <span class=""mam-kq""><span class=""mam-kq-k"">(את)</span> <span class=""mam-kq-q"">[אתה]</span></span> עשית אתהשמים שמי השמים וכלצבאם הארץ וכלאשר עליה הימים וכלאשר בהם ואתה מחיה אתכלם וצבא השמים לך משתחוים","“You alone are GOD. You made the heavens, the highestathe highest Lit. “the heavens of the.” heavens, and all their host, the earth and everything upon it, the seas and everything in them. You keep them all alive, and the host of heaven prostrate themselves before You. ",Ninguno
Nehemiah,9,7,אתההוא יהוה האלהים אשר בחרת באברם והוצאתו מאור כשדים ושמת שמו אברהם,"You are the ETERNAL God, who chose Abram, who brought him out of Ur of the Chaldeans and changed his name to Abraham. ",Ninguno
Nehemiah,9,8,ומצאת אתלבבו נאמן לפניך וכרות עמו הברית לתת אתארץ הכנעני החתי האמרי והפרזי והיבוסי והגרגשי לתת לזרעו ותקם אתדבריך כי צדיק אתה,"Finding his heart true to You, You made a covenant with him to give the land of the Canaanite, the Hittite, the Amorite, the Perizzite, the Jebusite, and the Girgashite—to give it to his descendants. And You kept Your word, for You are righteous. ",Ninguno
Nehemiah,9,9,ותרא אתעני אבתינו במצרים ואתזעקתם שמעת עליםסוף,"You took note of our ancestors’ affliction in Egypt, and heard their cry at the Sea of Reeds. ",Ninguno
Nehemiah,9,10,ותתן אתת ומפתים בפרעה ובכלעבדיו ובכלעם ארצו כי ידעת כי הזידו עליהם ותעשלך שם כהיום הזה,"You performed signs and wonders against Pharaoh, all his servants, and all the people of his land, for You knew that they acted presumptuously toward them. You made a name for Yourself that endures to this day. ",Percepción (Yada)
Nehemiah,9,11,והים בקעת לפניהם ויעברו בתוךהים ביבשה ואתרדפיהם השלכת במצולת כמואבן במים עזים,"You split the sea before them; they passed through the sea on dry land, but You threw their pursuers into the depths, like a stone into the raging waters.",Ninguno
Nehemiah,9,12,ובעמוד ענן הנחיתם יומם ובעמוד אש לילה להאיר להם אתהדרך אשר ילכובה,"“You led them by day with a pillar of cloud, and by night with a pillar of fire, to give them light in the way they were to go. ",Ninguno
Nehemiah,9,13,ועל הרסיני ירדת ודבר עמהם משמים ותתן להם משפטים ישרים ותורות אמת חקים ומצות טובים,"You came down on Mount Sinai and spoke to them from heaven; You gave them right rules and true teachings, good laws and commandments. ",Ninguno
Nehemiah,9,14,ואתשבת קדשך הודעת להם ומצוות וחקים ותורה צוית להם ביד משה עבדך,"You made known to them Your holy sabbath, and You ordained for them laws, commandments and Teaching, through Moses Your servant. ",Ninguno
Nehemiah,9,15,ולחם משמים נתתה להם לרעבם ומים מסלע הוצאת להם לצמאם ותאמר להם לבוא לרשת אתהארץ אשרנשאת אתידך לתת להם,"You gave them bread from heaven when they were hungry, and produced water from a rock when they were thirsty. You told them to go and possess the land that You swore to give them. ",Ninguno
Nehemiah,9,16,והם ואבתינו הזידו ויקשו אתערפם ולא שמעו אלמצותיך,But they—our ancestors—acted presumptuously; they stiffened their necks and did not obey Your commandments.,Ninguno
Nehemiah,9,17,"וימאנו לשמע ולאזכרו נפלאתיך אשר עשית עמהם ויקשו אתערפם ויתנוראש לשוב לעבדתם במרים ואתה אלוה סליחות חנון ורחום ארךאפים ורב<span class=""mam-kq""><span class=""mam-kq-q"">[חסד]</span> <span class=""mam-kq-k"">(וחסד)</span></span> ולא עזבתם","Refusing to obey, unmindful of Your wonders that You did for them, they stiffened their necks, and in their defiance resolved to return to their slavery. But You, being a forgiving God, gracious and compassionate, long-suffering and abounding in faithfulness, did not abandon them. ",Ninguno
Nehemiah,9,18,אף כיעשו להם עגל מסכה ויאמרו זה אלהיך אשר העלך ממצרים ויעשו נאצות גדלות,"Even though they made themselves a molten calf and said, ‘This is your God who brought you out of Egypt,’ thus committing great impieties, ",Ninguno
Nehemiah,9,19,ואתה ברחמיך הרבים לא עזבתם במדבר אתעמוד הענן לאסר מעליהם ביומם להנחתם בהדרך ואתעמוד האש בלילה להאיר להם ואתהדרך אשר ילכובה,"You, in Your abundant compassion, did not abandon them in the wilderness. The pillar of cloud did not depart from them to lead them on the way by day, nor the pillar of fire by night to give them light in the way they were to go. ",Ninguno
Nehemiah,9,20,ורוחך הטובה נתת להשכילם ומנך לאמנעת מפיהם ומים נתתה להם לצמאם,You endowed them with Your good spirit to instruct them. You did not withhold Your manna from their mouth; You gave them water when they were thirsty.,Ninguno
Nehemiah,9,21,וארבעים שנה כלכלתם במדבר לא חסרו שלמתיהם לא בלו ורגליהם לא בצקו,"Forty years You sustained them in the wilderness so that they lacked nothing; their clothes did not wear out, and their feet did not swell.",Ninguno
Nehemiah,9,22,ותתן להם ממלכות ועממים ותחלקם לפאה ויירשו אתארץ סיחון ואתארץ מלך חשבון ואתארץ עוג מלךהבשן,"“You gave them kingdoms and peoples, and allotted them territory.ballotted them territory Meaning of Heb. uncertain. They took possession of the land of Sihon, the land of the king of Heshbon, and the land of Og, king of Bashan. ",Ninguno
Nehemiah,9,23,ובניהם הרבית כככבי השמים ותביאם אלהארץ אשראמרת לאבתיהם לבוא לרשת,"You made their children as numerous as the stars of heaven, and brought them to the land that You told their ancestors to go and possess. ",Ninguno
Nehemiah,9,24,ויבאו הבנים ויירשו אתהארץ ותכנע לפניהם אתישבי הארץ הכנענים ותתנם בידם ואתמלכיהם ואתעממי הארץ לעשות בהם כרצונם,"The descendants came and took possession of the land: You subdued the Canaanite inhabitants of the land before them; You delivered them into their power, both their kings and the peoples of the land, to do with them as they pleased. ",Ninguno
Nehemiah,9,25,וילכדו ערים בצורת ואדמה שמנה ויירשו בתים מלאיםכלטוב ברות חצובים כרמים וזיתים ועץ מאכל לרב ויאכלו וישבעו וישמינו ויתעדנו בטובך הגדול,"They captured fortified cities and rich lands; they took possession of houses filled with every good thing, of hewn cisterns, vineyards, olive trees, and fruit trees in abundance. They ate, they were filled, they grew fat; they luxuriated in Your great bounty. ",Ninguno
Nehemiah,9,26,וימרו וימרדו בך וישלכו אתתורתך אחרי גום ואתנביאיך הרגו אשרהעידו בם להשיבם אליך ויעשו נאצות גדולת,"Then, defying You, they rebelled; they cast Your Teaching behind their back. They killed Your prophets who admonished them to turn them back to You; they committed great impieties.",Ninguno
Nehemiah,9,27,ותתנם ביד צריהם ויצרו להם ובעת צרתם יצעקו אליך ואתה משמים תשמע וכרחמיך הרבים תתן להם מושיעים ויושיעום מיד צריהם,"“You delivered them into the power of their adversaries who oppressed them. In their time of trouble they cried to You; You in heaven heard them, and in Your abundant compassion gave them saviors who saved them from the power of their adversaries. ",Ninguno
Nehemiah,9,28,וכנוח להם ישובו לעשות רע לפניך ותעזבם ביד איביהם וירדו בהם וישובו ויזעקוך ואתה משמים תשמע ותצילם כרחמיך רבות עתים,"But when they had relief, they again did what was evil in Your sight, so You abandoned them to the power of their enemies, who subjugated them. Again they cried to You, and You in heaven heard and rescued them in Your compassion, time after time. ",Ninguno
Nehemiah,9,29,ותעד בהם להשיבם אלתורתך והמה הזידו ולאשמעו למצותיך ובמשפטיך חטאובם אשריעשה אדם וחיה בהם ויתנו כתף סוררת וערפם הקשו ולא שמעו,"You admonished them in order to turn them back to Your Teaching, but they acted presumptuously and disobeyed Your commandments, and sinned against Your rules—those whereby a person shall live. They turned a defiant shoulder, stiffened their neck, and would not obey. ",Ninguno
Nehemiah,9,30,ותמשך עליהם שנים רבות ותעד בם ברוחך בידנביאיך ולא האזינו ותתנם ביד עמי הארצת,"You bore with them for many years, admonished them by Your spirit through Your prophets, but they would not give ear, so You delivered them into the power of the peoples of the lands. ",Ninguno
Nehemiah,9,31,וברחמיך הרבים לאעשיתם כלה ולא עזבתם כי אלחנון ורחום אתה,"Still, in Your great compassion You did not make an end of them or abandon them, for You are a gracious and compassionate God.",Ninguno
Nehemiah,9,32,ועתה אלהינו האל הגדול הגבור והנורא שומר הברית והחסד אלימעט לפניך את כלהתלאה אשרמצאתנו למלכינו לשרינו ולכהנינו ולנביאינו ולאבתינו ולכלעמך מימי מלכי אשור עד היום הזה,"“And now, our God, great, mighty, and awesome God, who stays faithful to the covenant, do not treat lightly all the suffering that has overtaken us—our kings, our officers, our priests, our prophets, our ancestors, and all Your people—from the time of the Assyrian kings to this day. ",Ninguno
Nehemiah,9,33,ואתה צדיק על כלהבא עלינו כיאמת עשית ואנחנו הרשענו,"Surely You are in the right with respect to all that has come upon us, for You have acted faithfully, and we have been wicked. ",Ninguno
Nehemiah,9,34,ואתמלכינו שרינו כהנינו ואבתינו לא עשו תורתך ולא הקשיבו אלמצותיך ולעדותיך אשר העידת בהם,"Our kings, officers, priests, and ancestors did not follow Your Teaching, and did not listen to Your commandments or to the warnings that You gave them. ",Ninguno
Nehemiah,9,35,והם במלכותם ובטובך הרב אשרנתת להם ובארץ הרחבה והשמנה אשרנתת לפניהם לא עבדוך ולאשבו ממעלליהם הרעים,"When they had their own kings and enjoyed the good that You lavished upon them, and the broad and rich land that You put at their disposal, they would not serve You, and did not turn from their wicked deeds. ",Ninguno
Nehemiah,9,36,הנה אנחנו היום עבדים והארץ אשרנתתה לאבתינו לאכל אתפריה ואתטובה הנה אנחנו עבדים עליה,"Today we are slaves, and the land that You gave our ancestors to enjoy its fruit and bounty—here we are slaves on it! ",Ninguno
Nehemiah,9,37,"ותבואתה מרבה למלכים אשרנתתה עלינו בחטאותינו ועל גויתינו משלים ובבהמתנו כרצונם ובצרה גדלה אנחנו&nbsp;<span class=""mam-spi-pe"">{פ}</span><br>","On account of our sins it yields its abundant crops to kings whom You have set over us. They rule over our bodies and our beasts as they please, and we are in great distress.",Ninguno
Nehemiah,10,1,ובכלזאת אנחנו כרתים אמנה וכתבים ועל החתום שרינו לוינו כהנינו,"“In view of all this, we make this pledge and put it in writing; and on the sealed copy [are subscribed] our officials, our Levites, and our priests.",Ninguno
Nehemiah,10,2,ועל החתומים נחמיה התרשתא בןחכליה וצדקיה,"“On the sealed copyacopy Heb. plural. [are subscribed]: Nehemiah the Tirshatha son of Hacaliah and Zedekiah, ",Ninguno
Nehemiah,10,3,שריה עזריה ירמיה,"Seraiah, Azariah, Jeremiah, ",Ninguno
Nehemiah,10,4,פשחור אמריה מלכיה,"Pashhur, Amariah, Malchijah, ",Ninguno
Nehemiah,10,5,חטוש שבניה מלוך,"Hattush, Shebaniah, Malluch, ",Ninguno
Nehemiah,10,6,חרם מרמות עבדיה,"Harim, Meremoth, Obadiah, ",Ninguno
Nehemiah,10,7,דניאל גנתון ברוך,"Daniel, Ginnethon, Baruch, ",Ninguno
Nehemiah,10,8,משלם אביה מימן,"Meshullam, Abijah, Mijamin, ",Ninguno
Nehemiah,10,9,מעזיה בלגי שמעיה אלה הכהנים,"Maaziah, Bilgai, Shemaiah; these are the priests.",Ninguno
Nehemiah,10,10,והלוים וישוע בןאזניה בנוי מבני חנדד קדמיאל,"“And the Levites: Jeshua son of Azaniah, Binnui of the sons of Henadad, and Kadmiel. ",Ninguno
Nehemiah,10,11,ואחיהם שבניה הודיה קליטא פלאיה חנן,"And their brothers: Shebaniah, Hodiah, Kelita, Pelaiah, Hanan, ",Ninguno
Nehemiah,10,12,מיכא רחוב חשביה,"Mica, Rehob, Hashabiah, ",Ninguno
Nehemiah,10,13,זכור שרביה שבניה,"Zaccur, Sherebiah, Shebaniah, ",Ninguno
Nehemiah,10,14,"הודיה בני בנינו&nbsp;<span class=""mam-spi-samekh"">{ס}</span>&nbsp;&nbsp;&nbsp;&nbsp;&nbsp;&nbsp;&nbsp;&nbsp;","Hodiah, Bani, and Beninu.",Ninguno
Nehemiah,10,15,ראשי העם פרעש פחת מואב עילם זתוא בני,"“The heads of the people: Parosh, Pahath-moab, Elam, Zattu, Bani, ",Ninguno
Nehemiah,10,16,בני עזגד בבי,"Bunni, Azgad, Bebai, ",Ninguno
Nehemiah,10,17,אדניה בגוי עדין,"Adonijah, Bigvai, Adin, ",Ninguno
Nehemiah,10,18,אטר חזקיה עזור,"Ater, Hezekiah, Azzur, ",Ninguno
Nehemiah,10,19,הודיה חשם בצי,"Hodiah, Hashum, Bezai, ",Ninguno
Nehemiah,10,20,"חריף ענתות <span class=""mam-kq""><span class=""mam-kq-k"">(נובי)</span> <span class=""mam-kq-q"">[ניבי]</span></span>","Hariph, Anathoth, Nebai, ",Ninguno
Nehemiah,10,21,מגפיעש משלם חזיר,"Magpiash, Meshullam, Hezir, ",Ninguno
Nehemiah,10,22,משיזבאל צדוק ידוע,"Meshezabel, Zadok, Jaddua, ",Ninguno
Nehemiah,10,23,פלטיה חנן עניה,"Pelatiah, Hanan, Anaiah, ",Ninguno
Nehemiah,10,24,הושע חנניה חשוב,"Hoshea, Hananiah, Hasshub, ",Ninguno
Nehemiah,10,25,הלוחש פלחא שובק,"Hallohesh, Pilha, Shobek, ",Ninguno
Nehemiah,10,26,רחום חשבנה מעשיה,"Rehum, Hashabnah, Maaseiah, ",Ninguno
Nehemiah,10,27,ואחיה חנן ענן,"and Ahiah, Hanan, Anan, ",Ninguno
Nehemiah,10,28,מלוך חרם בענה,"Malluch, Harim, Baanah.",Ninguno
Nehemiah,10,29,ושאר העם הכהנים הלוים השוערים המשררים הנתינים וכלהנבדל מעמי הארצות אלתורת האלהים נשיהם בניהם ובנתיהם כל יודע מבין,"“And the rest of the people, the priests, the Levites, the gatekeepers, the singers, the temple servants, and all who separated themselves from the peoples of the lands to [follow] the Teaching of God, their wives, sons and daughters, all who know enough to understand, ",Separación (Beyn)
Nehemiah,10,30,מחזיקים עלאחיהם אדיריהם ובאים באלה ובשבועה ללכת בתורת האלהים אשר נתנה ביד משה עבדהאלהים ולשמור ולעשות אתכלמצות יהוה אדנינו ומשפטיו וחקיו,"join with their noble brothers, and take an oath with sanctions to follow the Teaching of God, given through Moses the servant of God, and to observe carefully all the commandments, rules, and laws of GOD our Sovereign.",Ninguno
Nehemiah,10,31,ואשר לאנתן בנתינו לעמי הארץ ואתבנתיהם לא נקח לבנינו,"“Namely: We will not give our daughters in marriage to the peoples of the land, or take their daughters for our sons.",Ninguno
Nehemiah,10,32,ועמי הארץ המביאים אתהמקחות וכלשבר ביום השבת למכור לאנקח מהם בשבת וביום קדש ונטש אתהשנה השביעית ומשא כליד,"“The peoples of the land who bring their wares and all sorts of foodstuff for sale on the sabbath day—we will not buy from them on the sabbath or a holy day.“We will forgo [the produce of] the seventh year, and every outstanding debt.",Ninguno
Nehemiah,10,33,והעמדנו עלינו מצות לתת עלינו שלישית השקל בשנה לעבדת בית אלהינו,“We have laid upon ourselves obligations: To charge ourselves one-third of a shekel yearly for the service of the House of our God—,Ninguno
Nehemiah,10,34,"ללחם המערכת ומנחת התמיד ולעולת התמיד השבתות החדשים למועדים ולקדשים ולחטאות לכפר עלישראל וכל מלאכת ביתאלהינו&nbsp;<span class=""mam-spi-samekh"">{ס}</span>&nbsp;&nbsp;&nbsp;&nbsp;&nbsp;&nbsp;&nbsp;&nbsp;","for the rows of bread, for the regular grain offering and for the regular burnt offering, [for those of the] sabbaths, new moons, festivals, for consecrations, for purgation offerings to atone for Israel, and for all the work in the House of our God.",Ninguno
Nehemiah,10,35,והגורלות הפלנו עלקרבן העצים הכהנים הלוים והעם להביא לבית אלהינו לביתאבתינו לעתים מזמנים שנה בשנה לבער עלמזבח יהוה אלהינו ככתוב בתורה,"“We have cast lots [among] the priests, the Levites, and the people, to bring the wood offering to the House of our God by clans annually at set times in order to provide fuel for the altar of the ETERNAL our God, as is written in the Teaching.",Ninguno
Nehemiah,10,36,ולהביא אתבכורי אדמתנו ובכורי כלפרי כלעץ שנה בשנה לבית יהוה,"“And [we undertake] to bring to the House of GOD annually the first fruits of our soil, and of every fruit of every tree; ",Ninguno
Nehemiah,10,37,ואתבכרות בנינו ובהמתנו ככתוב בתורה ואתבכורי בקרינו וצאנינו להביא לבית אלהינו לכהנים המשרתים בבית אלהינו,"also, the first-born of our sons and our animals, as is written in the Teaching; and to bring the firstlings of our cattle and flocks to the House of our God for the priests who minister in the House of our God.",Ninguno
Nehemiah,10,38,ואתראשית עריסתינו ותרומתינו ופרי כלעץ תירוש ויצהר נביא לכהנים אללשכות ביתאלהינו ומעשר אדמתנו ללוים והם הלוים המעשרים בכל ערי עבדתנו,"“We will bring to the storerooms of the House of our God the first part of our dough, and our gifts [of grain], and of the fruit of every tree, wine and oil for the priests, and the tithes of our land for the Levites—the Levites who collect the tithe in all our towns subject to royal service.bsubject to royal service For this sense of ʻabodah, “service,” cf. 5.18. ",Ninguno
Nehemiah,10,39,והיה הכהן בןאהרן עםהלוים בעשר הלוים והלוים יעלו אתמעשר המעשר לבית אלהינו אלהלשכות לבית האוצר,"An Aaronite priest must be with the Levites when they collect the tithe, and the Levites must bring up a tithe of the tithe to the House of our God, to the storerooms of the treasury. ",Ninguno
Nehemiah,10,40,כי אלהלשכות יביאו בניישראל ובני הלוי אתתרומת הדגן התירוש והיצהר ושם כלי המקדש והכהנים המשרתים והשוערים והמשררים ולא נעזב אתבית אלהינו,"For it is to the storerooms that the Israelites and the Levites must bring the gifts of grain, wine, and oil. The equipment of the sanctuary and of the ministering priests and the gatekeepers and the singers is also there.“We will not neglect the House of our God.”",Ninguno
Nehemiah,11,1,וישבו שריהעם בירושל͏ם ושאר העם הפילו גורלות להביא&thinsp;<b></b> אחד מןהעשרה לשבת בירושל͏ם עיר הקדש ותשע הידות בערים,"The officers of the people settled in Jerusalem; the rest of the people cast lots for one out of ten to come and settle in the holy city of Jerusalem, and the other nine-tenths to stay in the towns. ",Ninguno
Nehemiah,11,2,"ויברכו העם לכל האנשים המתנדבים לשבת בירושל͏ם&nbsp;<span class=""mam-spi-pe"">{פ}</span><br>",The people gave their blessing to all those who willingly settled in Jerusalem.,Ninguno
Nehemiah,11,3,ואלה ראשי המדינה אשר ישבו בירושל͏ם ובערי יהודה ישבו איש באחזתו בעריהם ישראל הכהנים והלוים והנתינים ובני עבדי שלמה,"These are the heads of the province who lived in Jerusalem—in the countrysideacountryside Lit. “towns.” of Judah, the people lived in their towns, each on his own property, Israelites, priests, Levites, temple servants, and the sons of Solomon’s servants, ",Ninguno
Nehemiah,11,4,ובירושל͏ם ישבו מבני יהודה ומבני בנימן מבני יהודה עתיה בןעזיה בןזכריה בןאמריה בןשפטיה בןמהללאל מבניפרץ,"while in Jerusalem some of the Judahites and some of the Benjaminites lived:Of the Judahites: Athaiah son of Uzziah son of Zechariah son of Amariah son of Shephatiah son of Mahalalel, of the clan of Perez, ",Ninguno
Nehemiah,11,5,ומעשיה בןברוך בןכלחזה בןחזיה בןעדיה בןיויריב בןזכריה בןהשלני,and Maaseiah son of Baruch son of Col-hozeh son of Hazaiah son of Adaiah son of Joiarib son of Zechariah son of the Shilonite.,Ninguno
Nehemiah,11,6,"כלבניפרץ הישבים בירושל͏ם ארבע מאות ששים ושמנה אנשיחיל&nbsp;<span class=""mam-spi-pe"">{פ}</span><br>",All the clan of Perez who were living in Jerusalem—468 able warriors.,Ninguno
Nehemiah,11,7,ואלה בני בנימן סלא בןמשלם בןיועד בןפדיה בןקוליה בןמעשיה בןאיתיאל בןישעיה,These are the Benjaminites: Sallu son of Meshullam son of Joed son of Pedaiah son of Kolaiah son of Maaseiah son of Ithiel son of Jesaiah.,Ninguno
Nehemiah,11,8,ואחריו גבי סלי תשע מאות עשרים ושמנה,"After him, Gabbai and Sallai—928.",Ninguno
Nehemiah,11,9,"ויואל בןזכרי פקיד עליהם ויהודה בןהסנואה עלהעיר משנה&nbsp;<span class=""mam-spi-pe"">{פ}</span><br>","Joel son of Zichri was the official in charge of them, and Judah son of Hassenuah was the second-in-command of the city.",Ninguno
Nehemiah,11,10,מןהכהנים ידעיה בןיויריב יכין,"Of the priests: Jedaiah son of Joiarib, Jachin, ",Percepción (Yada)
Nehemiah,11,11,שריה בןחלקיה בןמשלם בןצדוק בןמריות בןאחיטוב נגד בית האלהים,"Seraiah son of Hilkiah son of Meshullam son of Zadok son of Meraioth son of Ahitub, chief officer of the House of God, ",Ninguno
Nehemiah,11,12,ואחיהם עשה המלאכה לבית שמנה מאות עשרים ושנים ועדיה בןירחם בןפלליה בןאמצי בןזכריה בןפשחור בןמלכיה,"and their brothers, who did the work of the House—822; and Adaiah son of Jeroham son of Pelaliah son of Amzi son of Zechariah son of Pashhur son of Malchijah, ",Ninguno
Nehemiah,11,13,ואחיו ראשים לאבות מאתים ארבעים ושנים ועמשסי בןעזראל בןאחזי בןמשלמות בןאמר,"and his brothers, heads of clans—242; and Amashsai son of Azarel son of Ahzai son of Meshillemoth son of Immer, ",Ninguno
Nehemiah,11,14,"ואחיהם גברי חיל מאה עשרים ושמנה ופקיד עליהם זבדיאל בןהגדולים&nbsp;<span class=""mam-spi-samekh"">{ס}</span>&nbsp;&nbsp;&nbsp;&nbsp;&nbsp;&nbsp;&nbsp;&nbsp;","and their brothers, valorous warriors—128. Zabdiel son of Haggedolim was the official in charge of them.",Ninguno
Nehemiah,11,15,ומןהלוים שמעיה בןחשוב בןעזריקם בןחשביה בןבוני,"Of the Levites: Shemaiah son of Hasshub son of Azrikam son of Hashabiah son of Bunni, ",Ninguno
Nehemiah,11,16,ושבתי ויוזבד עלהמלאכה החיצנה לבית האלהים מראשי הלוים,and Shabbethai and Jozabad of the heads of the Levites were in charge of the external work of the House of God.,Ninguno
Nehemiah,11,17,"ומתניה בןמיכא בןזבדי בןאסף ראש התחלה יהודה לתפלה ובקבקיה משנה מאחיו ועבדא בןשמוע בןגלל בן<span class=""mam-kq""><span class=""mam-kq-q"">[ידותון]</span> <span class=""mam-kq-k"">(ידיתון)</span></span>","Mattaniah son of Micha son of Zabdi son of Asaph was the head; at prayer, he would lead off with praise; and Bakbukiah, one of his brothers, was his second-in-command; and Abda son of Shammua son of Galal son of Jeduthun. ",Ninguno
Nehemiah,11,18,"כלהלוים בעיר הקדש מאתים שמנים וארבעה&nbsp;<span class=""mam-spi-pe"">{פ}</span><br>",All the Levites in the holy city—284.,Ninguno
Nehemiah,11,19,והשוערים עקוב טלמון ואחיהם השמרים בשערים מאה שבעים ושנים,"And the gatekeepers: Akkub, Talmon, and their brothers, who stood watch at the gates—172.",Ninguno
Nehemiah,11,20,ושאר ישראל הכהנים הלוים בכלערי יהודה איש בנחלתו,"And the rest of the Israelites, the priests, and the Levites in all the towns of Judah [lived] each on his estate.",Ninguno
Nehemiah,11,21,"והנתינים ישבים בעפל וציחא וגשפא עלהנתינים&nbsp;<span class=""mam-spi-pe"">{פ}</span><br>",The temple servants lived on the Ophel; Ziha and Gishpa were in charge of the temple servants.,Ninguno
Nehemiah,11,22,ופקיד הלוים בירושל͏ם עזי בןבני בןחשביה בןמתניה בןמיכא מבני אסף המשררים לנגד מלאכת ביתהאלהים,"The overseer of the Levites in Jerusalem was Uzzi son of Bani son of Hashabiah son of Mattaniah son of Micha, of the Asaphite singers, over the work of the House of God. ",Ninguno
Nehemiah,11,23,כימצות המלך עליהם ואמנה עלהמשררים דבריום ביומו,"There was a royal order concerning them, a stipulation concerning the daily duties of the singers.",Ninguno
Nehemiah,11,24,ופתחיה בןמשיזבאל מבניזרח בןיהודה ליד המלך לכלדבר לעם,"Petahiah son of Meshezabel, of the sons of Zerah son of Judah, advised the king concerning all the affairs of the people.",Ninguno
Nehemiah,11,25,ואלהחצרים בשדתם מבני יהודה ישבו בקרית הארבע ובנתיה ובדיבן ובנתיה וביקבצאל וחצריה,"As concerns the villages with their fields: Some of the Judahites lived in Kiriath-arba and its outlying hamlets, in Dibon and its outlying hamlets, and in Jekabzeel and its villages; ",Ninguno
Nehemiah,11,26,ובישוע ובמלדה ובבית פלט,"in Jeshua, in Moladah, and in Beth-pelet; ",Ninguno
Nehemiah,11,27,ובחצר שועל ובבאר שבע ובנתיה,"in Hazar-shual, in Beer-sheba and its outlying hamlets; ",Ninguno
Nehemiah,11,28,ובצקלג ובמכנה ובבנתיה,and in Ziklag and in Meconah and its outlying hamlets;,Ninguno
Nehemiah,11,29,ובעין רמון ובצרעה ובירמות,"in En-rimmon, in Zorah and in Jarmuth; ",Ninguno
Nehemiah,11,30,זנח עדלם וחצריהם לכיש ושדתיה עזקה ובנתיה ויחנו מבארשבע עדגיא הנם,"Zanoah, Adullam, and their villages; Lachish and its fields; Azekah and its outlying hamlets. They settled from Beer-sheba to the Valley of Hinnom.",Ninguno
Nehemiah,11,31,ובני בנימן מגבע מכמש ועיה וביתאל ובנתיה,"The Benjaminites: from Geba, Michmash, Aija, and Bethel and its outlying hamlets; ",Ninguno
Nehemiah,11,32,ענתות נב ענניה,"Anathoth, Nob, Ananiah, ",Ninguno
Nehemiah,11,33,חצור&thinsp;<small></small>&thinsp;רמה גתים,"Hazor, Ramah, Gittaim, ",Ninguno
Nehemiah,11,34,חדיד צבעים נבלט,"Hadid, Zeboim, Neballat, ",Ninguno
Nehemiah,11,35,לד ואונו גי החרשים,"Lod, Ono, Ge-harashim. ",Ninguno
Nehemiah,11,36,"ומןהלוים מחלקות יהודה לבנימין&nbsp;<span class=""mam-spi-pe"">{פ}</span><br>",Some of the Judahite divisions of Levites were [shifted] to Benjamin.,Control/Derecha (Yamin)
Nehemiah,12,1,ואלה הכהנים והלוים אשר עלו עםזרבבל בןשאלתיאל וישוע שריה ירמיה עזרא,"These are the priests and the Levites who came up with Zerubbabel son of Shealtiel and Jeshua:Seraiah, Jeremiah, Ezra, ",Ninguno
Nehemiah,12,2,אמריה מלוך חטוש,"Amariah, Malluch, Hattush, ",Ninguno
Nehemiah,12,3,שכניה רחם מרמת,"Shecaniah, Rehum, Meramoth, ",Ninguno
Nehemiah,12,4,עדוא גנתוי אביה,"Iddo, Ginnethoi, Abijah, ",Ninguno
Nehemiah,12,5,מימין מעדיה בלגה,"Mijamin, Maadiah, Bilgah, ",Control/Derecha (Yamin)
Nehemiah,12,6,שמעיה ויויריב ידעיה,"Shemaiah, Joiarib, Jedaiah, ",Percepción (Yada)
Nehemiah,12,7,"סלו עמוק חלקיה ידעיה אלה ראשי הכהנים ואחיהם בימי ישוע&nbsp;<span class=""mam-spi-pe"">{פ}</span><br>","Sallu, Amok, Hilkiah, Jedaiah. These were the heads of the priests and their brothers in the time of Jeshua.",Percepción (Yada)
Nehemiah,12,8,והלוים ישוע בנוי קדמיאל שרביה יהודה מתניה עלהידות הוא ואחיו,"The Levites: Jeshua, Binnui, Kadmiel, Sherebiah, Judah, and Mattaniah, in charge of thanksgiving songs,athanksgiving songs Meaning of Heb. uncertain. he and his brothers; ",Ninguno
Nehemiah,12,9,"ובקבקיה <span class=""mam-kq""><span class=""mam-kq-k"">(וענו)</span> <span class=""mam-kq-q"">[ועני]</span></span> אחיהם לנגדם למשמרות",and Bakbukiah and Unni [and] their brothers served opposite them by shifts.,Ninguno
Nehemiah,12,10,וישוע הוליד אתיויקים ויויקים הוליד אתאלישיב ואלישיב אתיוידע,Jeshua begot Joiakim; Joiakim begot Eliashib; Eliashib [begot] Joiada;,Percepción (Yada)
Nehemiah,12,11,ויוידע הוליד אתיונתן ויונתן הוליד אתידוע,Joiada begot Jonathan; Jonathan begot Jaddua.,Percepción (Yada)
Nehemiah,12,12,ובימי יויקים היו כהנים ראשי האבות לשריה מריה לירמיה חנניה,"In the time of Joiakim, the heads of the priestly clans were: Meriaiah—of the Seraiah clan; Hananiah—of the Jeremiah clan; ",Ninguno
Nehemiah,12,13,לעזרא משלם לאמריה יהוחנן,Meshullam—of the Ezra clan; Jehohanan—of the Amariah clan;,Ninguno
Nehemiah,12,14,"<span class=""mam-kq""><span class=""mam-kq-k"">(למלוכי)</span> <span class=""mam-kq-q"">[למליכו]</span></span> יונתן לשבניה יוסף",Jonathan—of the Melicu clan; Joseph—of the Shebaniah clan;,Ninguno
Nehemiah,12,15,לחרם עדנא למריות חלקי,Adna—of the Harim clan; Helkai—of the Meraioth clan;,Ninguno
Nehemiah,12,16,"<span class=""mam-kq""><span class=""mam-kq-k"">(לעדיא)</span> <span class=""mam-kq-q"">[לעדוא]</span></span> זכריה לגנתון משלם",Zechariah—of the Iddo clan; Meshullam—of the Ginnethon clan;,Ninguno
Nehemiah,12,17,לאביה זכרי למנימין למועדיה פלטי,Zichri—of the Abijah clan … of the Miniamin clan; Piltai—of the Moadiah clan;,Control/Derecha (Yamin)
Nehemiah,12,18,לבלגה שמוע לשמעיה יהונתן,Shammua—of the Bilgah clan; Jehonathan—of the Shemaiah clan;,Ninguno
Nehemiah,12,19,וליויריב מתני לידעיה עזי,Mattenai—of the Joiarib clan; Uzzi—of the Jedaiah clan;,Percepción (Yada)
Nehemiah,12,20,לסלי קלי לעמוק עבר,Kallai—of the Sallai clan; Eber—of the Amok clan;,Ninguno
Nehemiah,12,21,לחלקיה חשביה לידעיה נתנאל,Hashabiah—of the Hilkiah clan; Nethanel—of the Jedaiah clan.,Percepción (Yada)
Nehemiah,12,22,"הלוים בימי אלישיב יוידע ויוחנן וידוע כתובים ראשי אבות והכהנים עלמלכות דריוש הפרסי&nbsp;<span class=""mam-spi-pe"">{פ}</span><br>","The Levites and the priests were listed by heads of clans in the days of Eliashib, Joiada, Johanan, and Jaddua, down to the reign of Darius the Persian. ",Percepción (Yada)
Nehemiah,12,23,בני לוי ראשי האבות כתובים עלספר דברי הימים ועדימי יוחנן בןאלישיב,But the Levite heads of clans are listed in the book of the chronicles to the time of Johanan son of Eliashib.,Ninguno
Nehemiah,12,24,וראשי הלוים חשביה שרביה וישוע בןקדמיאל ואחיהם לנגדם להלל להודות במצות דויד אישהאלהים משמר לעמת משמר,"The heads of the Levites: Hashabiah, Sherebiah, Jeshua son of Kadmiel, and their brothers served opposite them, singing praise and thanksgiving hymns by the ordinance of David the agent of God—served opposite them in shifts; ",Ninguno
Nehemiah,12,25,מתניה ובקבקיה עבדיה משלם טלמון עקוב שמרים שוערים משמר באספי השערים,"Mattaniah, Bakbukiah, Obadiah, Meshullam, Talmon, and Akkub, guarding as gatekeepers by shifts at the vestibules of the gates.",Ninguno
Nehemiah,12,26,"אלה בימי יויקים בןישוע בןיוצדק ובימי נחמיה הפחה ועזרא הכהן הסופר&nbsp;<span class=""mam-spi-pe"">{פ}</span><br>","These were in the time of Joiakim son of Jeshua son of Jozadak, and in the time of Nehemiah the governor, and of Ezra the priest, the scribe.",Ninguno
Nehemiah,12,27,ובחנכת חומת ירושל͏ם בקשו אתהלוים מכלמקומתם להביאם לירושל͏ם לעשת חנכה ושמחה ובתודות ובשיר מצלתים נבלים ובכנרות,"At the dedication of the wall of Jerusalem, the Levites, wherever they lived, were sought out and brought to Jerusalem to celebrate a joyful dedication with thanksgiving and with song, accompanied by cymbals, harps, and lyres. ",Ninguno
Nehemiah,12,28,ויאספו בני המשררים ומןהככר סביבות ירושל͏ם ומןחצרי נטפתי,"The companies of singers assembled from the [Jordan] plain, the environs of Jerusalem, and from the Netophathite villages; ",Ninguno
Nehemiah,12,29,ומבית הגלגל ומשדות גבע ועזמות כי חצרים בנו להם המשררים סביבות ירושל͏ם,"from Beth-hagilgal, from the countryside of Geba and Azmaveth, for the singers built themselves villages in the environs of Jerusalem.",Ninguno
Nehemiah,12,30,ויטהרו הכהנים והלוים ויטהרו אתהעם ואתהשערים ואתהחומה,"The priests and Levites purified themselves; then they purified the people, and the gates, and the wall.",Ninguno
Nehemiah,12,31,ואעלה אתשרי יהודה מעל לחומה ואעמידה שתי תודת גדולת ותהלכת לימין מעל לחומה לשער האשפת,"I had the officers of Judah go up onto the wall, and I appointed two large thanksgiving [choirs] and processions. [One marched] south on the wall, to the Dung Gate; ",Control/Derecha (Yamin)
Nehemiah,12,32,וילך אחריהם הושעיה וחצי שרי יהודה,"behind them were Hoshaiah and half the officers of Judah, ",Ninguno
Nehemiah,12,33,ועזריה עזרא ומשלם,"and Azariah, Ezra, Meshullam, ",Ninguno
Nehemiah,12,34,"יהודה ובנימן ושמעיה וירמיה&nbsp;<span class=""mam-spi-pe"">{פ}</span><br>","Judah, Benjamin, Shemaiah, and Jeremiah, ",Ninguno
Nehemiah,12,35,ומבני הכהנים בחצצרות זכריה בןיונתן בןשמעיה בןמתניה בןמיכיה בןזכור בןאסף,"and some of the young priests, with trumpets; Zechariah son of Jonathan son of Shemaiah son of Mattaniah son of Micaiah son of Zaccur son of Asaph, ",Ninguno
Nehemiah,12,36,ואחיו שמעיה ועזראל מללי גללי מעי נתנאל ויהודה חנני בכלישיר דויד איש האלהים ועזרא הסופר לפניהם,"and his brothers Shemaiah, and Azarel, Milalai, Gilalai, Maai, Nethanel, Judah, and Hanani, with the musical instruments of David the agent of God; and Ezra the scribe went ahead of them. ",Ninguno
Nehemiah,12,37,ועל שער העין ונגדם עלו עלמעלות עיר דויד במעלה לחומה מעל לבית דויד ועד שער המים מזרח,"From there to the Fountain Gate, where they ascended the steps of the City of David directly before them, by the ascent on the wall, above the house of David, [and onward] to the Water Gate on the east.",Ninguno
Nehemiah,12,38,והתודה השנית ההולכת למואל ואני אחריה וחצי העם מעל להחומה מעל למגדל התנורים ועד החומה הרחבה,"The other thanksgiving [choir] marched on the wall in the opposite direction, with me and half the people behind it, above the Tower of Ovens to the Broad Wall; ",Ninguno
Nehemiah,12,39,ומעל לשעראפרים ועלשער הישנה ועלשער הדגים ומגדל חננאל ומגדל המאה ועד שער הצאן ועמדו בשער המטרה,"and above the Gate of Ephraim, the Jeshanah Gate, the Fish Gate, the Tower of Hananel, the Tower of the Hundred, to the Sheep Gate; and they halted at the Gate of the Prison Compound. ",Ninguno
Nehemiah,12,40,ותעמדנה שתי התודת בבית האלהים ואני וחצי הסגנים עמי,"Both thanksgiving choirs halted at the House of God, and I and half the prefects with me, ",Ninguno
Nehemiah,12,41,והכהנים אליקים מעשיה מנימין מיכיה אליועיני זכריה חנניה בחצצרות,"and the priests Eliakim, Maaseiah, Miniamin, Micaiah, Elioenai, Zechariah, Hananiah, with trumpets, ",Control/Derecha (Yamin)
Nehemiah,12,42,ומעשיה ושמעיה ואלעזר ועזי ויהוחנן ומלכיה ועילם ועזר וישמיעו המשררים ויזרחיה הפקיד,"and Maaseiah and Shemaiah, Eleazar, Uzzi, Jehohanan, Malchijah, Elam, and Ezer. Then the singers sounded forth, with Jezrahiah in charge.",Ninguno
Nehemiah,12,43,ויזבחו ביוםההוא זבחים גדולים וישמחו כי האלהים שמחם שמחה גדולה וגם הנשים והילדים שמחו ותשמע שמחת ירושל͏ם מרחוק,"On that day, they offered great sacrifices and rejoiced, for God made them rejoice greatly; the women and children also rejoiced, and the rejoicing in Jerusalem could be heard from afar.",Ninguno
Nehemiah,12,44,ויפקדו ביום ההוא אנשים עלהנשכות לאוצרות לתרומות לראשית ולמעשרות לכנוס בהם לשדי הערים מנאות התורה לכהנים וללוים כי שמחת יהודה עלהכהנים ועלהלוים העמדים,"At that time commissioners were appointed over the chambers that served as treasuries for the gifts, the first fruits, and the tithes, into which the portions prescribed by the Teaching for the priests and Levites were gathered from the fields of the towns; for the people of Judah were grateful to the priests and Levites who were in attendance, ",Ninguno
Nehemiah,12,45,וישמרו משמרת אלהיהם ומשמרת הטהרה והמשררים והשערים כמצות דויד שלמה בנו,"who kept the charge of their God and the charge of purity, as well as to the singers and gatekeepers [serving] in accord with the ordinance of David and Solomon his son— ",Ninguno
Nehemiah,12,46,"כיבימי דויד ואסף מקדם <span class=""mam-kq""><span class=""mam-kq-k"">(ראש)</span> <span class=""mam-kq-q"">[ראשי]</span></span> המשררים ושירתהלה והדות לאלהים",for the chiefs of the singers and songs of praise and thanksgiving to God already existed in the time of David and Asaph.,Ninguno
Nehemiah,12,47,"וכלישראל בימי זרבבל ובימי נחמיה נתנים מניות המשררים והשערים דבריום ביומו ומקדשים ללוים והלוים מקדשים לבני אהרן&nbsp;<span class=""mam-spi-pe"">{פ}</span><br>","And in the time of Zerubbabel, and in the time of Nehemiah, all Israel contributed the daily portions of the singers and the gatekeepers, and made sacred contributions for the Levites, and the Levites made sacred contributions for the Aaronites.",Ninguno
Nehemiah,13,1,ביום ההוא נקרא בספר משה באזני העם ונמצא כתוב בו אשר לאיבוא עמני ומואבי בקהל האלהים עדעולם,"At that time they read to the people from the Book of Moses, and it was found written that no Ammonite or Moabite might ever enter the congregation of God, ",Ninguno
Nehemiah,13,2,כי לא קדמו אתבני ישראל בלחם ובמים וישכר עליו אתבלעם לקללו ויהפך אלהינו הקללה לברכה,"since they did not meet Israel with bread and water, and hired Balaam against them to curse them; but our God turned the curse into a blessing. ",Ninguno
Nehemiah,13,3,ויהי כשמעם אתהתורה ויבדילו כלערב מישראל,"When they heard the Teaching, they separated all those who had intermingled with Israel.athey separated all those who had intermingled with Israel Or “they separated from Israel all those of mixed descent.” ",Ninguno
Nehemiah,13,4,ולפני מזה אלישיב הכהן נתון בלשכת ביתאלהינו קרוב לטוביה,"Earlier, the priest Eliashib, a relative of Tobiah’s who had been appointed over the rooms in the House of our God, ",Ninguno
Nehemiah,13,5,ויעש לו לשכה גדולה ושם היו לפנים נתנים אתהמנחה הלבונה והכלים ומעשר הדגן התירוש והיצהר מצות הלוים והמשררים והשוערים ותרומת הכהנים,"had assigned to him a large room where they used to store the grain offering, the frankincense, the equipment, the tithes of grain, wine, and oil, the dues of the Levites, singers and gatekeepers, and the gifts for the priests. ",Ninguno
Nehemiah,13,6,ובכלזה לא הייתי בירושל͏ם כי בשנת שלשים ושתים לארתחשסתא מלךבבל באתי אלהמלך ולקץ ימים נשאלתי מןהמלך,"During all this time, I was not in Jerusalem, for in the thirty-second year of King Artaxerxes of Babylon, I went to the king, and only after a while did I ask leave of the king [to return]. ",Ninguno
Nehemiah,13,7,ואבוא לירושל͏ם ואבינה ברעה אשר עשה אלישיב לטוביה לעשות לו נשכה בחצרי בית האלהים,"When I arrived in Jerusalem, I learned of the outrage perpetrated by Eliashib in behalf of Tobiah in assigning him a room in the courts of the House of God. ",Ninguno
Nehemiah,13,8,וירע לי מאד ואשליכה אתכלכלי ביתטוביה החוץ מןהלשכה,"I was greatly displeased, and had all the household gear of Tobiah thrown out of the room; ",Ninguno
Nehemiah,13,9,"ואמרה ויטהרו הלשכות ואשיבה שם כלי בית האלהים אתהמנחה והלבונה&nbsp;<span class=""mam-spi-pe"">{פ}</span><br>","I gave orders to purify the rooms, and had the equipment of the House of God and the grain offering and the frankincense put back.",Ninguno
Nehemiah,13,10,ואדעה כימניות הלוים לא נתנה ויברחו אישלשדהו הלוים והמשררים עשי המלאכה,"I then discovered that the portions of the Levites had not been contributed, and that the Levites and the singers who performed the [temple] service had made off, each to his fields. ",Ninguno
Nehemiah,13,11,ואריבה אתהסגנים ואמרה מדוע נעזב ביתהאלהים ואקבצם ואעמדם עלעמדם,"I censured the prefects, saying, “How is it that the House of God has been neglected?” Then I recalled [the Levites] and installed them again in their posts; ",Ninguno
Nehemiah,13,12,וכליהודה הביאו מעשר הדגן והתירוש והיצהר לאוצרות,"and all Judah brought the tithes of grain, wine, and oil into the treasuries. ",Ninguno
Nehemiah,13,13,"ואוצרה עלאוצרות שלמיה הכהן וצדוק הסופר ופדיה מןהלוים ועלידם חנן בןזכור בןמתניה כי נאמנים נחשבו ועליהם לחלק לאחיהם&nbsp;<span class=""mam-spi-pe"">{פ}</span><br>","I put the treasuries in the charge of the priest Shelemiah, the scribe Zadok, and Pedaiah of the Levites; and assisting them was Hanan son of Zaccur son of Mattaniah—for they were regarded as trustworthy persons, and it was their duty to distribute the portions to their brothers.",Ninguno
Nehemiah,13,14,זכרהלי אלהי עלזאת ואלתמח חסדי אשר עשיתי בבית אלהי ובמשמריו,"O my God, remember me favorably for this, and do not blot out the devotion I showed toward the House of my God and its attendants.",Ninguno
Nehemiah,13,15,בימים ההמה ראיתי ביהודה&thinsp;<small></small>&thinsp;דרכיםגתות&thinsp;<small></small>&thinsp;בשבת ומביאים הערמות ועמסים עלהחמרים ואףיין ענבים ותאנים וכלמשא ומביאים ירושל͏ם ביום השבת ואעיד ביום מכרם ציד,"At that time I saw people in Judah treading winepresses on the sabbath, and others bringing heaps of grain and loading them onto donkeys, also wine, grapes, figs, and all sorts of goods, and bringing them into Jerusalem on the sabbath. I admonished them there and then for selling provisions. ",Ninguno
Nehemiah,13,16,והצרים ישבו בה מביאים דאג וכלמכר ומוכרים בשבת לבני יהודה ובירושל͏ם,Tyrians who lived there brought fish and all sorts of wares and sold them on the sabbath to the Judahites in Jerusalem.,Ninguno
Nehemiah,13,17,ואריבה את חרי יהודה ואמרה להם מההדבר הרע הזה אשר אתם עשים ומחללים אתיום השבת,"I censured the nobles of Judah, saying to them, “What evil thing is this that you are doing, profaning the sabbath day! ",Ninguno
Nehemiah,13,18,"הלוא כה עשו אבתיכם ויבא אלהינו עלינו את כלהרעה הזאת ועל העיר הזאת ואתם מוסיפים חרון עלישראל לחלל אתהשבת&nbsp;<span class=""mam-spi-pe"">{פ}</span><br>","This is just what your ancestors did, and for it God brought all this misfortune on this city; and now you give cause for further wrath against Israel by profaning the sabbath!”",Ninguno
Nehemiah,13,19,ויהי כאשר צללו שערי ירושל͏ם לפני השבת ואמרה ויסגרו הדלתות ואמרה אשר לא יפתחום עד אחר השבת ומנערי העמדתי עלהשערים לאיבוא משא ביום השבת,"When shadows filled the gateways of Jerusalem at the approach of the sabbath, I gave orders that the doors be closed, and ordered them not to be opened until after the sabbath. I stationed some of my servants at the gates, so that no goods should enter on the sabbath. ",Ninguno
Nehemiah,13,20,וילינו הרכלים ומכרי כלממכר מחוץ לירושל͏ם פעם ושתים,"Once or twice the merchants and the vendors of all sorts of wares spent the night outside Jerusalem, ",Ninguno
Nehemiah,13,21,"ואעידה בהם ואמרה אליהם מדוע אתם לנים נגד החומה אםתשנו יד אשלח בכם מןהעת ההיא לאבאו בשבת&nbsp;<span class=""mam-spi-pe"">{פ}</span><br>","but I warned them, saying, “What do you mean by spending the night alongside the wall? If you do so again, I will lay hands upon you!” From then on they did not come on the sabbath. ",Ninguno
Nehemiah,13,22,"ואמרה ללוים אשר יהיו מטהרים ובאים שמרים השערים לקדש אתיום השבת גםזאת זכרהלי אלהי וחוסה עלי כרב חסדך&nbsp;<span class=""mam-spi-pe"">{פ}</span><br>","I gave orders to the Levites to purify themselves and come and guard the gates, to preserve the sanctity of the sabbath.This too, O my God, remember to my credit, and spare me in accord with your abundant faithfulness.",Ninguno
Nehemiah,13,23,"גם&thinsp;<b></b> בימים ההם ראיתי אתהיהודים השיבו נשים <span class=""mam-kq""><span class=""mam-kq-k"">(אשדודיות)</span> <span class=""mam-kq-q"">[אשדדיות]</span></span> <span class=""mam-kq""><span class=""mam-kq-k"">(עמוניות)</span> <span class=""mam-kq-q"">[עמניות]</span></span> מואביות","Also at that time, I saw that Jews had married Ashdodite, Ammonite, and Moabite women; ",Ninguno
Nehemiah,13,24,ובניהם חצי מדבר אשדודית ואינם מכירים לדבר יהודית וכלשון עם ועם,"a good number of their children spoke the language of Ashdod and the language of those various peoples, and did not know how to speak Judean. ",Ninguno
Nehemiah,13,25,ואריב עמם ואקללם ואכה מהם אנשים ואמרטם ואשביעם באלהים אםתתנו בנתיכם לבניהם ואםתשאו מבנתיהם לבניכם ולכם,"I censured them, cursed them, flogged certain ones, tore out their hair, and adjured them by God, saying, “You shall not give your daughters in marriage to their sons, or take any of their daughters for your sons or yourselves. ",Ninguno
Nehemiah,13,26,הלוא עלאלה חטאשלמה מלך ישראל ובגוים הרבים לאהיה מלך כמהו ואהוב לאלהיו היה ויתנהו אלהים מלך עלכלישראל גםאותו החטיאו הנשים הנכריות,"It was just in such things that King Solomon of Israel sinned! Among the many nations there was not a king like him, and so well loved was he by his God that God made him king of all Israel, yet foreign wives caused even him to sin. ",Ninguno
Nehemiah,13,27,ולכם הנשמע לעשת את כלהרעה הגדולה הזאת למעל באלהינו להשיב נשים נכריות,"How, then, can we acquiesce in your doing this great wrong, breaking faith with our God by marrying foreign women?” ",Ninguno
Nehemiah,13,28,ומבני יוידע בןאלישיב הכהן הגדול חתן לסנבלט החרני ואבריחהו מעלי,One of the sons of Joiada son of the high priest Eliashib was a son-in-law of Sanballat the Horonite; I drove him away from me.,Percepción (Yada)
Nehemiah,13,29,זכרה להם אלהי על גאלי הכהנה וברית הכהנה והלוים,"Remember to their discredit, O my God, how they polluted the priesthood, the covenant of the priests and Levites. ",Ninguno
Nehemiah,13,30,"וטהרתים מכלנכר&nbsp;<span class=""mam-spi-pe"">{פ}</span><br>ואעמידה משמרות לכהנים וללוים איש במלאכתו","I purged them of every foreign element, and arranged for the priests and the Levites to work each at his task by shifts, ",Ninguno
Nehemiah,13,31,ולקרבן העצים בעתים מזמנות ולבכורים זכרהלי אלהי לטובה,"and for the wood offering [to be brought] at fixed times and for the first fruits.O my God, remember it to my credit!",Ninguno
