Libro,Capitulo,Versiculo,Hebreo_Limpio,Traduccion,Conceptos_Matriz
Jeremiah,1,1,דברי ירמיהו בןחלקיהו מןהכהנים אשר בענתות בארץ בנימן,"The words of Jeremiah son of Hilkiah, one of the priests at Anathoth in the territory of Benjamin. ",Ninguno
Jeremiah,1,2,אשר היה דבריהוה אליו בימי יאשיהו בןאמון מלך יהודה בשלשעשרה שנה למלכו,"The word of GOD came to him in the days of King Josiah son of Amon of Judah, in the thirteenth year of his reign, ",Ninguno
Jeremiah,1,3,"ויהי בימי יהויקים בןיאשיהו מלך יהודה עדתם עשתי עשרה שנה לצדקיהו בןיאשיהו מלך יהודה עדגלות ירושל͏ם בחדש החמישי&nbsp;<span class=""mam-spi-pe"">{פ}</span><br>","and throughout the days of King Jehoiakim son of Josiah of Judah, and until the end of the eleventh year of King Zedekiah son of Josiah of Judah, when Jerusalem went into exile in the fifth month.",Ninguno
Jeremiah,1,4,ויהי דבריהוה אלי לאמר,The word of GOD came to me:,Ninguno
Jeremiah,1,5,"בטרם <span class=""mam-kq""><span class=""mam-kq-k"">(אצורך)</span> <span class=""mam-kq-q"">[אצרך]</span></span> בבטן ידעתיך ובטרם תצא מרחם הקדשתיך נביא לגוים נתתיך","Before I created you in the womb, I selected you;Before you were born, I consecrated you;I appointed you a prophet concerning the nations.",Percepción (Yada)
Jeremiah,1,6,"ואמר אהה אדני יהוה הנה לאידעתי דבר כינער אנכי&nbsp;<span class=""mam-spi-samekh"">{ס}</span>&nbsp;&nbsp;&nbsp;&nbsp;&nbsp;&nbsp;&nbsp;&nbsp;","I replied:Ah, my Sovereign  GOD!I don’t know how to speak,For I am still a boy.",Percepción (Yada)
Jeremiah,1,7,ויאמר יהוה אלי אלתאמר נער אנכי כי עלכלאשר אשלחך תלך ואת כלאשר אצוך תדבר,"And  GOD said to me:Do not say, “I am still a boy,”But go wherever I send youAnd speak whatever I command you.",Ninguno
Jeremiah,1,8,אלתירא מפניהם כיאתך אני להצלך נאםיהוה,"Have no fear of them,For I am with you to deliver you—declares  GOD.",Ninguno
Jeremiah,1,9,וישלח יהוה אתידו ויגע עלפי ויאמר יהוה אלי הנה נתתי דברי בפיך,"GOD
 reached out and touched my mouth, and GOD said to me: Herewith I put My words into your mouth.",Ninguno
Jeremiah,1,10,"ראה הפקדתיך&thinsp;<b></b> היום הזה עלהגוים ועלהממלכות לנתוש ולנתוץ ולהאביד ולהרוס לבנות ולנטוע&nbsp;<span class=""mam-spi-pe"">{פ}</span><br>","See, I appoint you this dayOver nations and kingdoms:To uproot and to pull down,To destroy and to overthrow,To build and to plant.",Ninguno
Jeremiah,1,11,ויהי דבריהוה אלי לאמר מהאתה ראה ירמיהו ואמר מקל שקד אני ראה,"The word of GOD came to me: What do you see, Jeremiah? I replied: I see a branch of an almond tree.aalmond tree Heb. shaqed. ",Ninguno
Jeremiah,1,12,"ויאמר יהוה אלי היטבת לראות כישקד אני עלדברי לעשתו&nbsp;<span class=""mam-spi-samekh"">{ס}</span>&nbsp;&nbsp;&nbsp;&nbsp;&nbsp;&nbsp;&nbsp;&nbsp;"," 
GOD
  said to me:You have seen right,For I am watchfulbwatchful Heb. shoqed. to bring My word to pass.",Ninguno
Jeremiah,1,13,ויהי דבריהוה&thinsp;<small></small>&thinsp;אלי שנית לאמר מה אתה ראה ואמר סיר נפוח אני ראה ופניו מפני צפונה,"And the word of GOD came to me a second time: What do you see? I replied:I see a steaming pot,Tipped away from the north.cTipped away from the north Meaning of Heb. uncertain. ",Ninguno
Jeremiah,1,14,ויאמר יהוה אלי מצפון תפתח הרעה על כלישבי הארץ,And  GOD said to me:From the north shall disaster break looseUpon all the inhabitants of the land!,Ninguno
Jeremiah,1,15,כי&thinsp;<b></b> הנני קרא לכלמשפחות ממלכות צפונה נאםיהוה ובאו ונתנו איש כסאו פתח&thinsp;<b></b> שערי ירושל͏ם ועל כלחומתיה סביב ועל כלערי יהודה,"For I am summoning all the peoplesOf the kingdoms of the north—declares  GOD.They shall come, and shall each set up a throneBefore the gates of Jerusalem,Against its walls round about,And against all the towns of Judah.",Ninguno
Jeremiah,1,16,ודברתי משפטי אותם על כלרעתם אשר עזבוני ויקטרו לאלהים אחרים וישתחוו למעשי ידיהם,"And I will argue My case against themdthem I.e., Jerusalem and Judah. For all their wickedness:They have forsaken MeAnd sacrificed to other godsAnd worshiped the works of their hands.",Ninguno
Jeremiah,1,17,ואתה תאזר מתניך וקמת ודברת אליהם את כלאשר אנכי אצוך אלתחת מפניהם פןאחתך לפניהם,"So you, gird up your loins,Arise and speak to themAll that I command you.Do not break down before them,Lest I break you before them.",Ninguno
Jeremiah,1,18,ואני הנה נתתיך היום לעיר מבצר ולעמוד ברזל ולחמות נחשת עלכלהארץ למלכי יהודה לשריה לכהניה ולעם הארץ,"I make you this dayA fortified city,And an iron pillar,And bronze wallsAgainst the whole land—Against Judah’s kings and officers,And against its priests and citizens.ecitizens Lit. “the people of the land.” ",Ninguno
Jeremiah,1,19,"ונלחמו אליך ולאיוכלו לך כיאתך אני נאםיהוה להצילך&nbsp;<span class=""mam-spi-pe"">{פ}</span><br>","They will attack you,But they shall not overcome you;For I am with you—declares  GOD—to save you.",Ninguno
Jeremiah,2,1,ויהי דבריהוה אלי לאמר,"The word of GOD came to me, saying, ",Ninguno
Jeremiah,2,2,הלך וקראת באזני ירושל͏ם לאמר כה אמר יהוה זכרתי לך חסד נעוריך אהבת כלולתיך לכתך אחרי במדבר בארץ לא זרועה,"Go proclaim to Jerusalem: Thus said GOD:I accounted to your favorThe devotion of your youth,Your love as a bride—How you followed Me in the wilderness,In a land not sown.",Ninguno
Jeremiah,2,3,"קדש ישראל ליהוה ראשית תבואתה כלאכליו יאשמו רעה תבא אליהם נאםיהוה&nbsp;<span class=""mam-spi-pe"">{פ}</span><br>","Israel was holy to  GOD,The first fruits of God’s harvest.All who ate of it were held guilty;Disaster befell them—declares  GOD.",Ninguno
Jeremiah,2,4,שמעו דבריהוה בית יעקב וכלמשפחות בית ישראל,"Hear the word of  GOD, O House of Jacob,Every clan of the House of Israel!",Ninguno
Jeremiah,2,5,כה&thinsp;<b></b> אמר יהוה מהמצאו אבותיכם בי עול כי רחקו מעלי וילכו אחרי ההבל ויהבלו,Thus said  GOD:What wrong did your ancestors find in MeThat they abandoned MeAnd went after delusion and were deluded?,Ninguno
Jeremiah,2,6,ולא אמרו איה יהוה המעלה אתנו מארץ מצרים המוליך אתנו במדבר בארץ ערבה ושוחה בארץ ציה וצלמות בארץ לאעבר בה איש ולאישב אדם שם,"They never asked themselves, “Where is  GOD,Who brought us up from the land of Egypt,Who led us through the wilderness,A land of deserts and pits,A land of drought and darkness,A land nobody had traversed,Where no human being had dwelt?”",Ninguno
Jeremiah,2,7,ואביא אתכם אלארץ הכרמל לאכל פריה וטובה ותבאו ותטמאו אתארצי ונחלתי שמתם לתועבה,"I brought you to this country of farmlandTo enjoy its fruit and its bounty;But you came and defiled My land,You made My possession abhorrent.",Ninguno
Jeremiah,2,8,הכהנים לא אמרו איה יהוה ותפשי התורה לא ידעוני והרעים פשעו בי והנבאים נבאו בבעל ואחרי לאיועלו הלכו,"The priests never asked themselves, “Where is  GOD?”The guardians of the Teaching ignored Me;The rulersarulers Lit. “shepherds”; cf. 3.15; 23.1ff. rebelled against Me,And the prophets prophesied by BaalAnd followed what can do no good.",Percepción (Yada)
Jeremiah,2,9,לכן עד אריב אתכם נאםיהוה ואתבני בניכם אריב,"Oh, I will go on accusing you—declares  GOD—And I will accuse your children’s children!",Ninguno
Jeremiah,2,10,כי עברו איי כתיים וראו וקדר שלחו והתבוננו מאד וראו הן היתה כזאת,"Just cross over to the isles of the Kittim and look,Send to Kedar and observe carefully;See if aught like this has ever happened:",Ninguno
Jeremiah,2,11,ההימיר גוי אלהים והמה לא אלהים ועמי המיר כבודו בלוא יועיל,Has any nation changed its godsEven though they are no-gods?But My people has exchanged its gloryFor what can do no good.,Ninguno
Jeremiah,2,12,שמו שמים עלזאת ושערו חרבו מאד נאםיהוה,"Be appalled, O heavens, at this;Be horrified, utterly dazed!—says  GOD.",Ninguno
Jeremiah,2,13,כישתים רעות עשה עמי אתי עזבו מקור&thinsp;<b></b> מים חיים לחצב להם בארות בארת נשברים אשר לאיכלו המים,"For My people have done a twofold wrong:They have forsaken Me, the Fount of living waters,And hewed out for themselves cisterns, broken cisterns,That cannot even hold water.",Ninguno
Jeremiah,2,14,העבד ישראל אםיליד בית הוא מדוע היה לבז,Is Israel a bondman?Is he a home-born slave?Then why is he given over to plunder?,Ninguno
Jeremiah,2,15,"עליו ישאגו כפרים נתנו קולם וישיתו ארצו לשמה עריו <span class=""mam-kq""><span class=""mam-kq-k"">(נצתה)</span> <span class=""mam-kq-q"">[נצתו]</span></span> מבלי ישב","Lions have roared over him,Have raised their cries.They have made his land a waste,His cities desolate, without inhabitants.",Ninguno
Jeremiah,2,16,"גםבנינף <span class=""mam-kq""><span class=""mam-kq-k"">(ותחפנס)</span> <span class=""mam-kq-q"">[ותחפנחס]</span></span> ירעוך קדקד","Those, too, in Noph and TahpanhesbNoph and Tahpanhes Cities in Egypt. The Egyptians, like the Assyrians, will prove a disappointment; cf. v. 36. Will lay barecWill lay bare Meaning of Heb. uncertain. your head.",Ninguno
Jeremiah,2,17,הלואזאת תעשהלך עזבך אתיהוה אלהיך בעת מולכך בדרך,"See, that is the price you have paidFor forsaking  the ETERNAL your Goddthat is the price you have paid / For forsaking the ETERNAL your God Lit. “that is what your forsaking the ETERNAL your God is doing to you.” Who led you in the way.eWho led you in the way Meaning of Heb. uncertain. ",Ninguno
Jeremiah,2,18,ועתה מהלך לדרך מצרים לשתות מי שחור ומהלך לדרך אשור לשתות מי נהר,"What, then, is the good of your going to EgyptTo drink the waters of the Nile?And what is the good of your going to AssyriaTo drink the waters of the Euphrates?",Ninguno
Jeremiah,2,19,תיסרך רעתך ומשבותיך תוכחך ודעי וראי כירע ומר עזבך אתיהוה אלהיך ולא פחדתי אליך נאםאדני יהוה צבאות,"Let your misfortune reprove you,Let your afflictions rebuke you;Mark well how bad and bitter it isThat you forsake  the ETERNAL your God,That awe for Me is not in you—declares my Sovereign  GOD of Hosts.",Ninguno
Jeremiah,2,20,"כי מעולם שברתי עלך נתקתי מוסרותיך ותאמרי לא <span class=""mam-kq""><span class=""mam-kq-k"">(אעבוד)</span> <span class=""mam-kq-q"">[אעבור]</span></span> כי עלכלגבעה גבהה ותחת כלעץ רענן את צעה זנה","For long ago youfyou For the form, cf. shaqqamti, Judg. 5.7; in contrast to others “I.” broke your yoke,Tore off your yoke-bands,And said, “I will not work!”gwork Following the kethib; qere “transgress.” On every high hill and under every verdant tree,You recline as a whore.",Ninguno
Jeremiah,2,21,ואנכי נטעתיך שורק כלה זרע אמת ואיך נהפכת לי סורי הגפן נכריה,"I planted you with noble vines,All with choicest seed;Alas, I find you changedInto a base, an alien vine!",Ninguno
Jeremiah,2,22,כי אםתכבסי בנתר ותרבילך ברית נכתם עונך לפני נאם אדני יהוה,"Though you wash with natronAnd use much lye,Your guilt is ingrained before Me—declares my Sovereign  GOD.",Ninguno
Jeremiah,2,23,איך תאמרי לא נטמאתי אחרי הבעלים לא הלכתי ראי דרכך בגיא דעי מה עשית בכרה קלה משרכת דרכיה,"How can you say, “I am not defiled,I have not gone after the Baalim”?Look at your deeds in the Valley,hValley Of Hinnom; cf. 7.31–32; 32.35. Consider what you have done!Like a lustful she-camel,Restlessly running about,iRestlessly running about Meaning of Heb. uncertain. ",Ninguno
Jeremiah,2,24,"פרה&thinsp;<b></b> למד מדבר באות <span class=""mam-kq""><span class=""mam-kq-k"">(נפשו)</span> <span class=""mam-kq-q"">[נפשה]</span></span> שאפה רוח תאנתה מי ישיבנה כלמבקשיה לא ייעפו בחדשה ימצאונה","Or like a wild ass used to the desert,Snuffing the wind in her eagerness,Whose passion none can restrain,None that seek her need grow weary—In her season, they’ll find her!",Ninguno
Jeremiah,2,25,"מנעי רגלך מיחף <span class=""mam-kq""><span class=""mam-kq-k"">(וגורנך)</span> <span class=""mam-kq-q"">[וגרונך]</span></span> מצמאה ותאמרי נואש לוא כיאהבתי זרים ואחריהם אלך","Save your foot from going bare,And your throat from thirst.But you say, “It is no use.No, I love the strangers,jstrangers I.e., other gods. And after them I must go.”",Ninguno
Jeremiah,2,26,כבשת גנב כי ימצא כן הבישו בית ישראל המה מלכיהם שריהם וכהניהם ונביאיהם,"Like a thief chagrined when caught,So is the House of Israel chagrined—They, their kings, their officers,And their priests and prophets.",Ninguno
Jeremiah,2,27,"אמרים לעץ אבי אתה ולאבן את <span class=""mam-kq""><span class=""mam-kq-k"">(ילדתני)</span> <span class=""mam-kq-q"">[ילדתנו]</span></span> כיפנו אלי ערף ולא פנים ובעת רעתם יאמרו קומה והושיענו","They said to wood, “You are my father,”To stone, “You gave birth to me,”While to Me they turned their backsAnd not their faces.But in their hour of calamity they cry,“Arise and save us!”",Ninguno
Jeremiah,2,28,"ואיה אלהיך אשר עשית לך יקומו אםיושיעוך בעת רעתך כי מספר עריך היו אלהיך יהודה&nbsp;<span class=""mam-spi-samekh"">{ס}</span>&nbsp;&nbsp;&nbsp;&nbsp;&nbsp;&nbsp;&nbsp;&nbsp;","And where are those godsYou made for yourself?Let them arise and save you, if they can,In your hour of calamity.For your gods have become, O Judah,As many as your towns!",Ninguno
Jeremiah,2,29,למה תריבו אלי כלכם פשעתם בי נאםיהוה,Why do you call Me to account?You have all rebelled against Me—declares  GOD.,Ninguno
Jeremiah,2,30,לשוא הכיתי אתבניכם מוסר לא לקחו אכלה חרבכם נביאיכם כאריה משחית,To no purpose did I smite your children;They would not accept correction.Your sword has devoured your prophetsLike a ravening lion.,Ninguno
Jeremiah,2,31,הדור אתם ראו דבריהוה המדבר הייתי לישראל אם ארץ מאפליה מדוע אמרו עמי רדנו לואנבוא עוד אליך,"O generation, beholdkO generation, behold Meaning of Heb. uncertain. the word of GOD!Have I been like a desert to Israel,Or like a land of deep gloom?Then why do My people say, “We have broken loose,We will not come to You anymore?”",Ninguno
Jeremiah,2,32,התשכח בתולה עדיה כלה קשריה ועמי שכחוני ימים אין מספר,"Can a maiden forget her jewels,A bride her adornments?Yet My people have forgotten Me—Days without number.",Ninguno
Jeremiah,2,33,"מהתיטבי דרכך לבקש אהבה לכן גם אתהרעות <span class=""mam-kq""><span class=""mam-kq-k"">(למדתי)</span> <span class=""mam-kq-q"">[למדת]</span></span> אתדרכיך","How skillfully you plan your wayTo seek out love!Why, you have even taughtThe worst of women your ways.",Ninguno
Jeremiah,2,34,גם בכנפיך נמצאו דם נפשות אביונים נקיים לאבמחתרת מצאתים כי עלכלאלה,"Moreover, on your garments is foundThe lifeblood of the innocent poor—You did not catch them breaking in.lbreaking in In which case there might have been an excuse for killing them; cf. Exod. 22.1. Yet, despite all these things,mYet, despite all these things Meaning of Heb. uncertain. ",Ninguno
Jeremiah,2,35,ותאמרי כי נקיתי אך שב אפו ממני הנני נשפט אותך עלאמרך לא חטאתי,"You say, “I have been acquitted;Surely, God’s anger has turned away from me.”Lo, I will bring you to judgmentFor saying, “I have not sinned.”",Ninguno
Jeremiah,2,36,מהתזלי מאד לשנות אתדרכך גם ממצרים תבשי כאשרבשת מאשור,"How you cheapen yourself,By changing your course!You shall be put to shame through Egypt,Just as you were put to shame through Assyria.",Ninguno
Jeremiah,2,37,גם מאת זה תצאי וידיך עלראשך כימאס יהוה במבטחיך ולא תצליחי להם,"From this way, too, you will come outWith your hands on your head;nWith your hands on your head A gesture of wild grief; cf. 2 Sam. 13.19. For  GOD has rejected those you trust,You will not prosper with them.",Ninguno
Jeremiah,3,1,לאמר הן ישלח איש אתאשתו והלכה מאתו והיתה לאישאחר הישוב אליה עוד הלוא חנוף תחנף הארץ ההיא ואת זנית רעים רבים ושוב אלי נאםיהוה,"[The word of GOD came to me] as follows: If a man divorces his wife, and she leaves him and gets married to another man, can he ever go back to her? Would not such a land be defiled?aCf. Deut. 24.1–4. Now you have whored with many lovers: can you return to Me?—says GOD.",Ninguno
Jeremiah,3,2,"שאיעיניך עלשפים וראי איפה לא <span class=""mam-kq""><span class=""mam-kq-k"">(שגלת)</span> <span class=""mam-kq-q"">[שכבת]</span></span> עלדרכים ישבת להם כערבי במדבר ותחניפי ארץ בזנותיך וברעתך","Look up to the bare heights, and see:Where have they not lain with you?You waited for them on the roadsideLike a banditbbandit Lit. “Arab.” in the wilderness.And you defiled the landWith your whoring and your debauchery.",Ninguno
Jeremiah,3,3,וימנעו רבבים ומלקוש לוא היה ומצח אשה זונה היה לך מאנת הכלם,"And when showers were withheldAnd the late rains did not come,You had the brazennesscbrazenness Lit. “forehead.” of a streetwalker,You refused to be ashamed.",Ninguno
Jeremiah,3,4,"הלוא מעתה <span class=""mam-kq""><span class=""mam-kq-k"">(קראתי)</span> <span class=""mam-kq-q"">[קראת]</span></span> לי אבי אלוף נערי אתה","Just now you called to Me, “Father!dFather I.e., the One who conveys legitimacy and provides support, in return for loyalty. You are the Companion of my youth.",Ninguno
Jeremiah,3,5,"הינטר לעולם אםישמר לנצח הנה דברת ותעשי הרעות ותוכל&nbsp;<span class=""mam-spi-pe"">{פ}</span><br>","Does one hate for all time?Does one rageehate…rage Cf. Akkadian parallels nadāru and shamāru. forever?”That is how you spoke;You did wrong, and had your way.fhad your way Meaning of Heb. uncertain. ",Ninguno
Jeremiah,3,6,ויאמר יהוה אלי בימי יאשיהו המלך הראית אשר עשתה משבה ישראל הלכה היא עלכלהר גבה ואלתחת כלעץ רענן ותזנישם," 
GOD
 said to me in the days of King Josiah: Have you seen what Rebel Israel did, going to every high mountain and under every leafy tree, and whoring there? ",Ninguno
Jeremiah,3,7,"ואמר אחרי עשותה אתכלאלה אלי תשוב ולאשבה <span class=""mam-kq""><span class=""mam-kq-k"">(ותראה)</span> <span class=""mam-kq-q"">[ותרא]</span></span> בגודה אחותה יהודה","I thought: After she has done all these things, she will come back to Me. But she did not come back; and her sister, Faithless Judah, saw it. ",Ninguno
Jeremiah,3,8,וארא כי עלכלאדות אשר נאפה משבה ישראל שלחתיה ואתן אתספר כריתתיה אליה ולא יראה בגדה יהודה אחותה ותלך ותזן גםהיא,"I noted: Because Rebel Israel had committed adultery, I cast her off and handed her a bill of divorce; yet her sister, Faithless Judah, was not afraid—she too went and whored. ",Ninguno
Jeremiah,3,9,והיה מקל זנותה ותחנף אתהארץ ותנאף אתהאבן ואתהעץ,"Indeed, the land was defiled by her casual immorality, as she committed adultery with stone and with wood.gwith stone and with wood I.e., she deserted her God for idols of stone and wood. ",Ninguno
Jeremiah,3,10,"וגםבכלזאת לאשבה אלי בגודה אחותה יהודה בכללבה כי אםבשקר נאםיהוה&nbsp;<span class=""mam-spi-samekh"">{ס}</span>&nbsp;&nbsp;&nbsp;&nbsp;&nbsp;&nbsp;&nbsp;&nbsp;","And after all that, her sister, Faithless Judah, did not return to Me wholeheartedly, but insincerely—declares GOD.",Ninguno
Jeremiah,3,11,ויאמר יהוה אלי צדקה נפשה משבה ישראל מבגדה יהודה,And GOD said to me: Rebel Israel has shown herself more in the right than Faithless Judah.,Ninguno
Jeremiah,3,12,הלך וקראת אתהדברים האלה צפונה ואמרת שובה משבה ישראל נאםיהוה לואאפיל פני בכם כיחסיד אני נאםיהוה לא אטור לעולם,"Go, make this proclamation toward the north, and say: Turn back, O Rebel Israel—declares GOD. I will not look on you in anger, for I am compassionate—declares GOD; I do not bear a grudge for all time. ",Ninguno
Jeremiah,3,13,אך דעי עונך כי ביהוה אלהיך פשעת ותפזרי אתדרכיך לזרים תחת כלעץ רענן ובקולי לאשמעתם נאםיהוה,"Only recognize your sin; for you have transgressed against the ETERNAL your God, and scattered your favorshfavors Lit. “ways.” among strangers under every leafy tree, and you have not heeded Me—declares GOD.",Ninguno
Jeremiah,3,14,שובו בנים שובבים נאםיהוה כי אנכי בעלתי בכם ולקחתי אתכם אחד מעיר ושנים ממשפחה והבאתי אתכם ציון,"Turn back, rebellious children—declares GOD. Since I have espousediespoused Meaning of Heb. baʻalti uncertain; compare 31.32. you, I will take you, one from a town and two from a clan, and bring you to Zion. ",Ninguno
Jeremiah,3,15,ונתתי לכם רעים כלבי ורעו אתכם דעה והשכיל,"And I will give you shepherdsjshepherds Meaning of Heb. uncertain. after My own heart, who will pasture you with knowledge and skill.",Ninguno
Jeremiah,3,16,והיה כי תרבו ופריתם בארץ בימים ההמה נאםיהוה לאיאמרו עוד ארון בריתיהוה ולא יעלה עללב ולא יזכרובו ולא יפקדו ולא יעשה עוד,"And when you increase and are fertile in the land, in those days—declares GOD—people shall no longer speak of the Ark of the Covenant of GOD, nor shall it come to mind. They shall not mention it, or miss it, or make another. ",Ninguno
Jeremiah,3,17,"בעת ההיא יקראו לירושל͏ם כסא יהוה ונקוו אליה כלהגוים לשם יהוה לירושל͏ם ולאילכו עוד אחרי שררות לבם הרע&nbsp;<span class=""mam-spi-samekh"">{ס}</span>&nbsp;&nbsp;&nbsp;&nbsp;&nbsp;&nbsp;&nbsp;&nbsp;","At that time, they shall call Jerusalem “GOD’s Throne,” and all nations shall assemble there, in the name of GOD, at Jerusalem. TheykThey I.e., Israel and Judah. shall no longer follow the willfulness of their evil hearts. ",Ninguno
Jeremiah,3,18,בימים ההמה ילכו ביתיהודה עלבית ישראל ויבאו יחדו מארץ צפון עלהארץ אשר הנחלתי אתאבותיכם,"In those days, the House of Judah shall go with the House of Israel; they shall come together from the land of the north to the land I gave your ancestors as a possession.",Ninguno
Jeremiah,3,19,"ואנכי אמרתי איך אשיתך בבנים ואתןלך ארץ חמדה נחלת צבי צבאות גוים ואמר אבי <span class=""mam-kq""><span class=""mam-kq-k"">(תקראו)</span> <span class=""mam-kq-q"">[תקראי]</span></span>לי ומאחרי לא <span class=""mam-kq""><span class=""mam-kq-k"">(תשובו)</span> <span class=""mam-kq-q"">[תשובי]</span></span>","I had resolved to adopt you as My child, and I gave you a desirable land—the fairest heritage of all the nations; and I thought you would surely call Me “Father,”lFather See note at v. 4. and never cease to be loyal to Me. ",Ninguno
Jeremiah,3,20,אכן בגדה אשה מרעה כן בגדתם בי בית ישראל נאםיהוה,"Instead, you have broken faith with Me, as a woman breaks faith with a paramour, O House of Israel—declares GOD.",Ninguno
Jeremiah,3,21,קול עלשפיים נשמע בכי תחנוני בני ישראל כי העוו אתדרכם שכחו אתיהוה אלהיהם,"Hark! On the bare heights is heardThe suppliant weeping of the people of Israel,For they have gone a crooked way,Ignoring  the ETERNAL their God.",Ninguno
Jeremiah,3,22,שובו בנים שובבים ארפה משובתיכם הננו אתנו לך כי אתה יהוה אלהינו,"Turn back, O rebellious children,I will heal your afflictions!“Here we are, we come to You,For You, O  ETERNAL One, are our God!",Ninguno
Jeremiah,3,23,אכן לשקר מגבעות המון הרים אכן ביהוה אלהינו תשועת ישראל,"Surely, futility comes from the hills,Confusion from the mountains.mSurely, futility comes from … the mountains I.e., the pagan rites celebrated on the hills are futile; exact force of Heb. uncertain. Only through  the ETERNAL our GodIs there deliverance for Israel.",Ninguno
Jeremiah,3,24,והבשת אכלה אתיגיע אבותינו מנעורינו אתצאנם ואתבקרם אתבניהם ואתבנותיהם,"But the Shameful ThingnShameful Thing Heb. Bosheth, a contemptuous substitute for Baal. has consumedThe possessions of our ancestors ever since our youth—Their flocks and herds,Their sons and daughters.",Ninguno
Jeremiah,3,25,"נשכבה בבשתנו ותכסנו כלמתנו כי ליהוה אלהינו חטאנו אנחנו ואבותינו מנעורינו ועדהיום הזה ולא שמענו בקול יהוה אלהינו&nbsp;<span class=""mam-spi-samekh"">{ס}</span>&nbsp;&nbsp;&nbsp;&nbsp;&nbsp;&nbsp;&nbsp;&nbsp;","Let us lie down in our shame,Let our disgrace cover us;For we have sinned against  the ETERNAL our God,We and our ancestors from our youth to this day,And we have not heeded  the ETERNAL our God.”",Ninguno
Jeremiah,4,1,אםתשוב ישראל&thinsp;<small></small>&thinsp;נאםיהוה אלי תשוב ואםתסיר שקוציך מפני ולא תנוד,"If you return, O Israel—declares  GOD—If you return to Me,If you remove your abominations from My presenceAnd do not waver,",Ninguno
Jeremiah,4,2,"ונשבעת חייהוה באמת במשפט ובצדקה והתברכו בו גוים ובו יתהללו&nbsp;<span class=""mam-spi-samekh"">{ס}</span>&nbsp;&nbsp;&nbsp;&nbsp;&nbsp;&nbsp;&nbsp;&nbsp;","And swear, “As  GOD lives,”aswear, “As GOD lives” I.e., profess the worship of GOD. In sincerity, justice, and righteousness—Nations shall bless themselves by youbyou Heb. “him.” And praise themselves by you.cyou Heb. “him.” ",Ninguno
Jeremiah,4,3,כיכה&thinsp;<b></b> אמר יהוה לאיש יהודה ולירושל͏ם נירו לכם ניר ואלתזרעו אלקצים,"For thus said GOD to the citizenry of Judah and to Jerusalem:Break up the untilled ground,And do not sow among thorns.",Ninguno
Jeremiah,4,4,המלו ליהוה והסרו ערלות לבבכם איש יהודה וישבי ירושל͏ם פןתצא כאש חמתי ובערה ואין מכבה מפני רע מעלליכם,"OpendOpen Lit. “circumcise”; cf. Deut. 10.16; 30.6. your hearts to GOD,Remove the thickening about your hearts—O citizenry of Judah and inhabitants of Jerusalem—Lest My wrath break forth like fire,And burn, with none to quench it,Because of your wicked acts.",Ninguno
Jeremiah,4,5,"הגידו ביהודה ובירושל͏ם השמיעו ואמרו <span class=""mam-kq""><span class=""mam-kq-k"">(ותקעו)</span> <span class=""mam-kq-q"">[תקעו]</span></span> שופר בארץ קראו מלאו ואמרו האספו ונבואה אלערי המבצר","Proclaim in Judah,Announce in Jerusalem,And say:“Blow the horn in the land!”Shout aloud and say:“Assemble, and let us goInto the fortified cities!”",Ninguno
Jeremiah,4,6,שאונס ציונה העיזו אלתעמדו כי רעה אנכי מביא מצפון ושבר גדול,"Set up a signpost: To Zion.Take refuge, do not delay!For I bring evil from the north,And great disaster.",Ninguno
Jeremiah,4,7,עלה אריה מסבכו ומשחית גוים נסע יצא ממקמו לשום ארצך לשמה עריך תצינה מאין יושב,"The lioneThe lion I.e., the invader from the north, as GOD’s agent of destruction. has come up from its thicket:The destroyer of nations has set out,Has departed from its place,To make your land a desolation;Your cities shall be ruined,Without inhabitants.",Ninguno
Jeremiah,4,8,"עלזאת חגרו שקים ספדו והילילו כי לאשב חרון אףיהוה ממנו&nbsp;<span class=""mam-spi-pe"">{פ}</span><br>","For this, put on sackcloth,Mourn and wail;For GOD’s blazing anger Has not turned away from us.",Ninguno
Jeremiah,4,9,"והיה ביוםההוא נאםיהוה יאבד לבהמלך ולב השרים ונשמו הכהנים והנבאים יתמהו&nbsp;<span class=""mam-spi-samekh"">{ס}</span>&nbsp;&nbsp;&nbsp;&nbsp;&nbsp;&nbsp;&nbsp;&nbsp;","And in that day—declares  GOD—The mind of the kingAnd the mind of the nobles shall fail,The priests shall be appalled,And the prophets shall stand aghast.",Ninguno
Jeremiah,4,10,ואמר אהה&thinsp;<b></b> אדני יהוה אכן השא השאת לעם הזה ולירושל͏ם לאמר שלום יהיה לכם ונגעה חרב עדהנפש,"And I said:fAnd I said Septuagint reads “And they shall say.” Ah, my Sovereign GOD! Surely You have deceived this people and Jerusalem, saying:It shall be well with you—Yet the sword threatens the very life!",Ninguno
Jeremiah,4,11,בעת ההיא יאמר לעםהזה ולירושל͏ם רוח צח שפים במדבר דרך בתעמי לוא לזרות ולוא להבר,"At that time, it shall be said concerning this people and Jerusalem:The conduct of My poor peoplegMy poor people Lit. “the daughter that is My people”; so, frequently, in poetry. is like searing windFrom the bare heights of the desert—It will not serve to winnow or to fan.",Ninguno
Jeremiah,4,12,רוח מלא מאלה יבוא לי עתה גםאני אדבר משפטים אותם,A full blast from them comes against Me:Now I in turn will bring charges against them.,Ninguno
Jeremiah,4,13,הנה&thinsp;<b></b> כעננים יעלה וכסופה מרכבותיו קלו מנשרים סוסיו אוי לנו כי שדדנו,"Lo, the destroyerhdestroyer Heb. “it,” i.e., the invader of v. 7. ascends like clouds,Its chariots are like a whirlwind,Its horses are swifter than eagles.Woe to us, we are ruined!",Ninguno
Jeremiah,4,14,כבסי מרעה לבך ירושל͏ם למען תושעי עדמתי תלין בקרבך מחשבות אונך,"Wash your heart clean of wickedness,O Jerusalem, that you may be rescued.How long will you harbor within youYour evil designs?",Ninguno
Jeremiah,4,15,כי קול מגיד מדן ומשמיע און מהר אפרים,"Hark, one proclaims from DanAnd announces calamity from Mount Ephraim!",Ninguno
Jeremiah,4,16,הזכירו לגוים הנה השמיעו עלירושל͏ם נצרים באים מארץ המרחק ויתנו עלערי יהודה קולם,"Tell the nations: Here theyithey I.e., the invading forces of v. 7. are!Announce concerning Jerusalem:WatchersjWatchers See preceding note. are coming from a distant land,They raise their voices against the towns of Judah.",Ninguno
Jeremiah,4,17,כשמרי שדי היו עליה מסביב כיאתי מרתה נאםיהוה,"Like guards of fields, they surround her on every side.For she has rebelled against Me—declares  GOD.",Ninguno
Jeremiah,4,18,"דרכך ומעלליך עשו אלה לך זאת רעתך כי מר כי נגע עדלבך&nbsp;<span class=""mam-spi-pe"">{פ}</span><br>",Your conduct and your actsHave brought this upon you;This is your bitter punishment;It pierces your very heart.,Ninguno
Jeremiah,4,19,"מעי&thinsp;<b></b> מעי&thinsp;<small></small>&thinsp;<span class=""mam-kq""><span class=""mam-kq-q"">[אוחילה]</span> <span class=""mam-kq-k"">(אחולה)</span></span> קירות לבי המהלי לבי לא אחרש כי קול שופר <span class=""mam-kq""><span class=""mam-kq-k"">(שמעתי)</span> <span class=""mam-kq-q"">[שמעת]</span></span> נפשי תרועת מלחמה","Oh, my suffering,ksuffering Lit. “entrails.” my suffering!How I writhe!Oh, the walls of my heart!My heart moans within me,I cannot be silent;For I hearlI hear Lit. “you, O my being, hear.” Change of vocalization yields “I hear the blare of horns, / My inner being, alarms of war.” the blare of horns,Alarms of war.",Ninguno
Jeremiah,4,20,שבר עלשבר נקרא כי שדדה כלהארץ פתאם שדדו אהלי רגע יריעתי,"Disaster overtakes disaster,For all the land has been ravaged.Suddenly my tents have been ravaged,In a moment, my tent cloths.",Ninguno
Jeremiah,4,21,"עדמתי אראהנס אשמעה קול שופר&nbsp;<span class=""mam-spi-pe"">{פ}</span><br>",How long must I see standardsAnd hear the blare of horns?,Ninguno
Jeremiah,4,22,כי&thinsp;<b></b> אויל עמי אותי לא ידעו בנים סכלים המה ולא נבונים המה חכמים המה להרע ולהיטיב לא ידעו,"For My people are stupid,They give Me no heed;They are foolish children,They are not intelligent.They are clever at doing wrong,But unable to do right.",Percepción (Yada)
Jeremiah,4,23,ראיתי אתהארץ והנהתהו ובהו ואלהשמים ואין אורם,"I look at the earth,It is unformed and void;At the skies,And their light is gone.",Ninguno
Jeremiah,4,24,ראיתי ההרים והנה רעשים וכלהגבעות התקלקלו,"I look at the mountains,They are quaking;And all the hills are rocking.",Ninguno
Jeremiah,4,25,ראיתי והנה אין האדם וכלעוף השמים נדדו,"I look: no human is left,And all the birds of the sky have fled.",Ninguno
Jeremiah,4,26,"ראיתי והנה הכרמל המדבר וכלעריו נתצו מפני יהוה מפני חרון אפו&nbsp;<span class=""mam-spi-samekh"">{ס}</span>&nbsp;&nbsp;&nbsp;&nbsp;&nbsp;&nbsp;&nbsp;&nbsp;","I look: the farmland is desert,And all its towns are in ruin—Because of  GOD,Because of God’s blazing anger.",Ninguno
Jeremiah,4,27,כיכה אמר יהוה שממה תהיה כלהארץ וכלה לא אעשה,"(For thus said  GOD:The whole land shall be desolate,But I will not make an end of it.)",Ninguno
Jeremiah,4,28,עלזאת תאבל הארץ וקדרו השמים ממעל על כידברתי זמתי ולא נחמתי ולאאשוב ממנה,"For this the earth mourns,And skies are dark above—Because I have spoken, I have planned,And I will not relent or turn back from it.",Ninguno
Jeremiah,4,29,מקול פרש ורמה קשת ברחת כלהעיר באו בעבים ובכפים עלו כלהעיר עזובה ואיןיושב בהן איש,"At the shout of horseman and bowmanThe whole city flees.They enter the thickets,They clamber up the rocks.The whole city is deserted,Nobody remains there.",Ninguno
Jeremiah,4,30,"<span class=""mam-kq""><span class=""mam-kq-k"">(ואתי)</span> <span class=""mam-kq-q"">[ואת]</span></span> שדוד מהתעשי כיתלבשי שני כיתעדי עדיזהב כיתקרעי בפוך עיניך לשוא תתיפי מאסובך עגבים נפשך יבקשו","And you, who are doomed to ruin,What do you accomplish by wearing crimson,By decking yourself in jewels of gold,By enlarging your eyes with kohl?You beautify yourself in vain:Lovers despise you,They seek your life!",Ninguno
Jeremiah,4,31,"כי קול כחולה שמעתי צרה כמבכירה קול בתציון תתיפח תפרש כפיה אוינא לי כיעיפה נפשי להרגים&nbsp;<span class=""mam-spi-pe"">{פ}</span><br>","I hear a voice as of one in travail,Anguish as of a woman bearing her first child,The voice of Fair ZionPanting, stretching out her hands:“Alas for me! I faintBefore the killers!”",Ninguno
Jeremiah,5,1,שוטטו בחוצות ירושל͏ם וראונא ודעו ובקשו ברחובותיה אםתמצאו איש אםיש עשה משפט מבקש אמונה ואסלח לה,"Roam the streets of Jerusalem,Search its squares,Look about and take note:You will not find anyone engaged;aanyone engaged Conscientiously, as a covenant partner. There is no one who acts justly,Who seeks integrity—That I should pardon her.",Ninguno
Jeremiah,5,2,ואם חייהוה יאמרו לכן לשקר ישבעו,"Even when they say, “As  GOD lives,”They are sure to be swearing falsely.",Ninguno
Jeremiah,5,3,יהוה עיניך הלוא לאמונה הכיתה אתם ולאחלו כליתם מאנו קחת מוסר חזקו פניהם מסלע מאנו לשוב,"O  ETERNAL One, Your eyes look for integrity.You have struck them, but they sensed no pain;You have consumed them, but they would accept no discipline.They made their faces harder than rock,They refused to turn back.",Ninguno
Jeremiah,5,4,ואני אמרתי אךדלים הם נואלו כי לא ידעו דרך יהוה משפט אלהיהם,"Then I thought: These are just poor folk;They act foolishly;For they do not know the way of  GOD,The rules of their God.",Percepción (Yada)
Jeremiah,5,5,אלכהלי אלהגדלים ואדברה אותם כי המה ידעו דרך יהוה משפט אלהיהם אך המה יחדו שברו על נתקו מוסרות,"So I will go to the wealthyAnd speak with them:Surely they know the way of  GOD,The rules of their God.But they as well had broken the yoke,Had snapped the bonds.",Percepción (Yada)
Jeremiah,5,6,עלכן הכם אריה מיער זאב ערבות ישדדם נמר שקד עלעריהם כלהיוצא מהנה יטרף כי רבו פשעיהם עצמו משבותיהם,"Therefore,The lion of the forest strikes them down,The wolf of the desert ravages them.A leopard lies in wait by their towns;Whoever leaves them will be torn in pieces.For their transgressions are many,Their rebellious acts unnumbered.",Ninguno
Jeremiah,5,7,"אי לזאת <span class=""mam-kq""><span class=""mam-kq-k"">(אסלוח)</span> <span class=""mam-kq-q"">[אסלח]</span></span>לך בניך עזבוני וישבעו בלא אלהים ואשבע אותם וינאפו ובית זונה יתגודדו","Why should I forgive you?Your children have forsaken MeAnd sworn by no-gods.When I fed them their fill,They committed adulteryAnd went trooping to the prostitute’s house.",Ninguno
Jeremiah,5,8,סוסים מיזנים משכים היו איש אלאשת רעהו יצהלו,"They were well-fed, lustybwell-fed, lusty Meaning of Heb. uncertain. stallions,Each neighing at another’s wife.",Ninguno
Jeremiah,5,9,"העלאלה לואאפקד נאםיהוה ואם בגוי אשרכזה לא תתנקם נפשי&nbsp;<span class=""mam-spi-samekh"">{ס}</span>&nbsp;&nbsp;&nbsp;&nbsp;&nbsp;&nbsp;&nbsp;&nbsp;",Shall I not punish such deeds?—says  GOD—Shall I not bring retributionOn a nation such as this?,Ninguno
Jeremiah,5,10,עלו בשרותיה ושחתו וכלה אלתעשו הסירו נטישותיה כי לוא ליהוה המה,"Go up among her vinescvines Lit. “rows.” and destroy;Lop off her trailing branches,For they are not of  GOD.(But do not make an end.)",Ninguno
Jeremiah,5,11,כי בגוד בגדו בי בית ישראל ובית יהודה נאםיהוה,For the House of Israel and the House of JudahHave betrayed Me—declares  GOD.,Ninguno
Jeremiah,5,12,כחשו ביהוה ויאמרו לואהוא ולאתבוא עלינו רעה וחרב ורעב לוא נראה,"They have been false to  GOD And said: “It is not so!dIt is not so Or “Not He”; cf. Deut. 32.39; Isa. 43.13. No trouble shall come upon us,We shall not see sword or famine.",Ninguno
Jeremiah,5,13,"והנביאים יהיו לרוח והדבר אין בהם כה יעשה להם&nbsp;<span class=""mam-spi-samekh"">{ס}</span>&nbsp;&nbsp;&nbsp;&nbsp;&nbsp;&nbsp;&nbsp;&nbsp;",The prophets shall prove mere windFor the Word is not in them;Thus-and-thus shall be done to them!”,Ninguno
Jeremiah,5,14,לכן כהאמר יהוה אלהי צבאות יען דברכם אתהדבר הזה הנני נתן דברי בפיך לאש והעם הזה עצים ואכלתם,"Assuredly, thus said  GOD,The God of Hosts:Because theyethey Heb. “you.” said that,I am putting My words into your mouth as fire,And this people shall be firewood,Which it will consume.",Ninguno
Jeremiah,5,15,הנני מביא עליכם גוי ממרחק בית ישראל נאםיהוה גוי&thinsp;<b></b> איתן הוא גוי מעולם הוא גוי לאתדע לשנו ולא תשמע מהידבר,"Lo, I am bringing against you, O House of Israel,A nation from afar—declares  GOD;It is an enduring nation,It is an ancient nation;A nation whose language you do not know—You will not understand what they say.",Ninguno
Jeremiah,5,16,אשפתו כקבר פתוח כלם גבורים,Their quiversfTheir quivers Emendation yields “Whose mouths.” are like a yawning grave—They are all mighty warriors.,Ninguno
Jeremiah,5,17,ואכל קצירך ולחמך יאכלו בניך ובנותיך יאכל צאנך ובקרך יאכל גפנך ותאנתך ירשש ערי מבצריך אשר אתה בטח בהנה בחרב,"They will devour your harvest and food,They will devour your sons and daughters,They will devour your flocks and herds,They will devour your vines and fig trees.They will batter down with the swordThe fortified towns on which you rely.",Ninguno
Jeremiah,5,18,וגם בימים ההמה נאםיהוה לאאעשה אתכם כלה,But even in those days—declares GOD—I will not make an end of you.,Ninguno
Jeremiah,5,19,"והיה כי תאמרו תחת מה עשה יהוה אלהינו לנו אתכלאלה ואמרת אליהם כאשר עזבתם אותי ותעבדו אלהי נכר בארצכם כן תעבדו זרים בארץ לא לכם&nbsp;<span class=""mam-spi-pe"">{פ}</span><br>","And when theygthey Heb. “you.” ask, “Because of what did the ETERNAL our God do all these things?” you shall answer them, “Because you forsook Me and served alien gods on your own land, you will have to serve foreigners in a land not your own.”",Ninguno
Jeremiah,5,20,הגידו זאת בבית יעקב והשמיעוה ביהודה לאמר,Proclaim this to the House of JacobAnd announce it in Judah:,Ninguno
Jeremiah,5,21,שמעונא זאת עם סכל ואין לב עינים להם ולא יראו אזנים להם ולא ישמעו,"Hear this, O foolish people,Devoid of intelligence,That have eyes but can’t see,That have ears but can’t hear!",Ninguno
Jeremiah,5,22,האותי לאתיראו נאםיהוה אם מפני לא תחילו אשרשמתי חול גבול לים חקעולם ולא יעברנהו ויתגעשו ולא יוכלו והמו גליו ולא יעברנהו,"Should you not revere Me—says  GOD—Should you not tremble before Me,Who set the sand as a boundary to the sea,As a limit for all time, not to be transgressed?Though its waves toss, they cannot prevail;Though they roar, they cannot pass it.",Ninguno
Jeremiah,5,23,ולעם הזה היה לב סורר ומורה סרו וילכו,Yet this people has a wayward and defiant heart;They have turned aside and gone their way.,Ninguno
Jeremiah,5,24,"ולואאמרו בלבבם נירא נא אתיהוה אלהינו הנתן גשם <span class=""mam-kq""><span class=""mam-kq-k"">(וירה)</span> <span class=""mam-kq-q"">[יורה]</span></span> ומלקוש בעתו שבעת חקות קציר ישמרלנו","They have not said to themselves,“Let us revere  the ETERNAL our God,Who gives the rain,The early and late rain in season,Who keeps for our benefitThe weeks appointed for harvest.”",Ninguno
Jeremiah,5,25,עונותיכם הטואלה וחטאותיכם מנעו הטוב מכם,"It is your iniquities that have diverted these things,Your sins that have withheld the bounty from you.",Ninguno
Jeremiah,5,26,כינמצאו בעמי רשעים ישור כשך יקושים הציבו משחית אנשים ילכדו,"For among My people are found evildoers,Who lurk, like fowlers lying in wait;hWho lurk, like fowlers lying in wait Meaning of Heb. uncertain. They set up a trap to catch other people.",Ninguno
Jeremiah,5,27,ככלוב מלא עוף כן בתיהם מלאים מרמה עלכן גדלו ויעשירו,"As a cage is full of birds,So their houses are full of guile;That is why they have grown so wealthy.",Ninguno
Jeremiah,5,28,שמנו עשתו גם עברו דברירע דין לאדנו דין יתום ויצליחו ומשפט אביונים לא שפטו,"They have become fat and sleek;They pass beyond the bounds of wickedness,ipass beyond the bounds of wickedness Some ancient versions read “have transgressed My words for evil.” And they prosper.They will not judge the case of the orphan,Nor give a hearing to the plea of the needy.",Ninguno
Jeremiah,5,29,"העלאלה לאאפקד נאםיהוה אם בגוי אשרכזה לא תתנקם נפשי&nbsp;<span class=""mam-spi-samekh"">{ס}</span>&nbsp;&nbsp;&nbsp;&nbsp;&nbsp;&nbsp;&nbsp;&nbsp;",Shall I not punish such deeds—says  GOD—Shall I not bring retributionOn a nation such as this?,Ninguno
Jeremiah,5,30,שמה ושערורה נהיתה בארץ,"An appalling, horrible thingHas happened in the land:",Ninguno
Jeremiah,5,31,הנבאים נבאו בשקר והכהנים ירדו עלידיהם ועמי אהבו כן ומהתעשו לאחריתה,"The prophets prophesy falsely,And the priests rule accordingly;jrule accordingly Meaning of Heb. uncertain. And My people like it so.But what will you do at the end of it?",Ninguno
Jeremiah,6,1,העזו&thinsp;<b></b> בני בנימן מקרב ירושל͏ם ובתקוע תקעו שופר ועלבית הכרם שאו משאת כי רעה נשקפה מצפון ושבר גדול,"Flee for refuge, O people of Benjamin,Out of the midst of Jerusalem!Blow the horn in Tekoa,Set up a signal at Beth-haccerem!For evil is appearing from the north,And great disaster.",Ninguno
Jeremiah,6,2,הנוה והמענגה דמיתי בתציון,"Fair Zion, the lovely and delicate,I will destroy.aFair Zion, the lovely and delicate, / I will destroy Meaning of Heb. uncertain. ",Ninguno
Jeremiah,6,3,אליה יבאו רעים ועדריהם תקעו עליה אהלים סביב רעו איש אתידו,"Against her come shepherds with their flocks,They pitch tents all around her;Each grazes the sheep under his care.bthe sheep under his care Understanding yado as in Ps. 95.7. ",Ninguno
Jeremiah,6,4,קדשו עליה מלחמה קומו ונעלה בצהרים אוי לנו כיפנה היום כי ינטו צלליערב,"Prepare forcPrepare for Lit. “Consecrate.” battle against her:“Up! we will attack at noon.”“Alas for us! for day is declining,The shadows of evening grow long.”",Ninguno
Jeremiah,6,5,"קומו ונעלה בלילה ונשחיתה ארמנותיה&nbsp;<span class=""mam-spi-pe"">{פ}</span><br>","“Up! let us attack by night,And wreck her fortresses.”",Ninguno
Jeremiah,6,6,כי כה אמר יהוה צבאות כרתו עצה ושפכו עלירושל͏ם סללה היא העיר הפקד כלה עשק בקרבה,"For thus said  GOD of Hosts:Hew down her trees,And raise a siege mound against Jerusalem.She is the city destined for punishment;dShe is the city destined for punishment Emendation yields “She is the city of falseness.” Only fraud is found in her midst.",Ninguno
Jeremiah,6,7,"כהקיר <span class=""mam-kq""><span class=""mam-kq-k"">(בור)</span> <span class=""mam-kq-q"">[ביר]</span></span> מימיה כן הקרה רעתה חמס ושד ישמע בה עלפני תמיד חלי ומכה","As a well flows with water,So she flows with wickedness.Lawlessness and rapine are heard in her;Before Me constantly are sickness and wounds.",Ninguno
Jeremiah,6,8,"הוסרי ירושל͏ם פןתקע נפשי ממך פןאשימך שממה ארץ לוא נושבה&nbsp;<span class=""mam-spi-pe"">{פ}</span><br>","Accept rebuke, O Jerusalem,Lest I come to loathe you,Lest I make you a desolation,An uninhabited land.",Ninguno
Jeremiah,6,9,כה אמר יהוה צבאות עולל יעוללו כגפן שארית ישראל השב ידך כבוצר עלסלסלות,"Thus said  GOD of Hosts:Let them gleaneLet them glean Emendation yields “Glean” (singular). over and over, as a vine,The remnant of Israel.Pass your hand again,Like a vintager,Over its branches.",Ninguno
Jeremiah,6,10,עלמי אדברה ואעידה וישמעו הנה ערלה אזנם ולא יוכלו להקשיב הנה דבריהוה היה להם לחרפה לא יחפצובו,"fThe prophet speaks. To whom shall I speak,Give warning that they may hear?Their ears are blockedAnd they cannot listen.See, the word of  GOD has become for themAn object of scorn; they will have none of it.",Ninguno
Jeremiah,6,11,ואת חמת יהוה&thinsp;<small></small>&thinsp;מלאתי נלאיתי הכיל שפך עלעולל בחוץ ועל סוד בחורים יחדו כיגםאיש עםאשה ילכדו זקן עםמלא ימים,"But I am filled with GOD’s wrath, I cannot hold it in.Pour it on the infant in the street,And on the company of youths gathered together!Yes, men and women alike shall be captured,Elders and those of advanced years.",Ninguno
Jeremiah,6,12,ונסבו בתיהם לאחרים שדות ונשים יחדו כיאטה אתידי עלישבי הארץ נאםיהוה,"Their houses shall pass to others,Fields and wives as well,For I will stretch out My armAgainst the inhabitants of the country—declares  GOD.",Ninguno
Jeremiah,6,13,כי מקטנם ועדגדולם כלו בוצע בצע ומנביא ועדכהן כלו עשה שקר,"For from the smallest to the greatest,They are all greedy for gain;Priest and prophet alike,They all act falsely.",Ninguno
Jeremiah,6,14,וירפאו אתשבר עמי עלנקלה לאמר שלום&thinsp;<small></small>&thinsp;שלום ואין שלום,"They offer healing offhandFor the wounds of My people,Saying, “All is well, all is well,”When nothing is well.",Ninguno
Jeremiah,6,15,"הבישו כי תועבה עשו גםבוש לאיבושו גםהכלים לא ידעו לכן יפלו בנפלים בעתפקדתים יכשלו אמר יהוה&nbsp;<span class=""mam-spi-samekh"">{ס}</span>&nbsp;&nbsp;&nbsp;&nbsp;&nbsp;&nbsp;&nbsp;&nbsp;","They have acted shamefully;They have done abhorrent things—Yet they do not feel shame,And they cannot be made to blush.Assuredly, they shall fall among the falling,They shall stumble at the time when I punish them—said  GOD.",Percepción (Yada)
Jeremiah,6,16,כה אמר יהוה עמדו עלדרכים וראו ושאלו&thinsp;<b></b> לנתבות עולם איזה דרך הטוב ולכובה ומצאו מרגוע לנפשכם ויאמרו לא נלך,"Thus said  GOD:Stand by the roads and consider,Inquire about ancient paths:Which is the road to happiness?Travel it, and find tranquility for yourselves.But they said, “We will not.”",Ninguno
Jeremiah,6,17,והקמתי עליכם צפים הקשיבו לקול שופר ויאמרו לא נקשיב,"And I raised up lookoutsglookouts I.e., prophets. for you:“Hearken to the sound of the horn!”But they said, “We will not.”",Ninguno
Jeremiah,6,18,לכן שמעו הגוים ודעי עדה אתאשרבם,"Hear well, O nations,And know, O community, what is in store for them.hO community, what is in store for them Meaning of Heb. uncertain. ",Ninguno
Jeremiah,6,19,שמעי הארץ הנה אנכי מביא רעה אלהעם הזה פרי מחשבותם כי עלדברי לא הקשיבו ותורתי וימאסובה,"Hear, O earth!I am going to bring disaster upon this people,The outcome of their own schemes;For they would not hearken to My words,And they rejected My Instruction.",Ninguno
Jeremiah,6,20,למהזה לי לבונה משבא תבוא וקנה הטוב מארץ מרחק עלותיכם לא לרצון וזבחיכם לאערבו לי,"What need have I of frankincenseThat comes from Sheba,Or fragrant cane from a distant land?Your burnt offerings are not acceptableAnd your sacrifices are not pleasing to Me.",Ninguno
Jeremiah,6,21,"לכן כה אמר יהוה הנני נתן אלהעם הזה מכשלים וכשלו בם אבות ובנים יחדו שכן ורעו <span class=""mam-kq""><span class=""mam-kq-k"">(יאבדו)</span> <span class=""mam-kq-q"">[ואבדו]</span></span>&nbsp;<span class=""mam-spi-pe"">{פ}</span><br>","Assuredly, thus said  GOD:I shall put before this people stumbling blocksOver which they shall stumble—Parents and children alike,Neighbor and friend shall perish.",Ninguno
Jeremiah,6,22,כה אמר יהוה הנה עם בא מארץ צפון וגוי גדול יעור מירכתיארץ,"Thus said  GOD:See, a people comes from the northland,A great nation is rousedFrom the remotest parts of the earth.",Ninguno
Jeremiah,6,23,קשת וכידון יחזיקו אכזרי הוא ולא ירחמו קולם כים יהמה ועלסוסים ירכבו ערוך כאיש למלחמה עליך בתציון,"They grasp the bow and javelin;They are cruel, they show no mercy;The sound of them is like the roaring sea.They ride upon horses,Accoutered like a man for battle,Against you, O Fair Zion!",Ninguno
Jeremiah,6,24,שמענו אתשמעו רפו ידינו צרה החזקתנו חיל כיולדה,"“We have heard the report of them,Our hands fail;Pain seizes us,Agony like a woman in childbirth.",Ninguno
Jeremiah,6,25,"אל<span class=""mam-kq""><span class=""mam-kq-q"">[תצאו]</span> <span class=""mam-kq-k"">(תצאי)</span></span> השדה ובדרך אל<span class=""mam-kq""><span class=""mam-kq-q"">[תלכו]</span> <span class=""mam-kq-k"">(תלכי)</span></span> כי חרב לאיב מגור מסביב","Do not go out into the country,Do not walk the roads!For the sword of the enemy is there,Terror on every side.”",Ninguno
Jeremiah,6,26,בתעמי חגרישק והתפלשי באפר אבל יחיד עשי לך מספד תמרורים כי פתאם יבא השדד עלינו,"My poor people,iMy poor people Lit. “Daughter that is My people”; so, frequently, in poetry. See 4.11 and note. Put on sackclothAnd strew dust on yourselves!Mourn, as for an only child;Wail bitterly,For suddenly the destroyerIs coming upon us.",Ninguno
Jeremiah,6,27,בחון נתתיך בעמי מבצר ותדע ובחנת אתדרכם,I have made you an assayer of My people—A refinerjrefiner Meaning of Heb. uncertain.—You are to note and assay their ways.,Ninguno
Jeremiah,6,28,כלם סרי סוררים הלכי רכיל נחשת וברזל כלם משחיתים המה,They are copper and iron:They are all stubbornly defiant;They deal baselykdeal basely See note at Lev. 19.16. All of them act corruptly.,Ninguno
Jeremiah,6,29,"נחר מפח <span class=""mam-kq""><span class=""mam-kq-k"">(מאשתם)</span> <span class=""mam-kq-q"">[מאש תם]</span></span> עפרת לשוא צרף צרוף ורעים לא נתקו",The bellows puff;The lead is consumed by fire.lThe bellows … fire Meaning of Heb. uncertain. Yet the smelter smelts to no purpose—The drossmdross Meaning of Heb. uncertain. is not separated out.,Ninguno
Jeremiah,6,30,"כסף נמאס קראו להם כימאס יהוה בהם&nbsp;<span class=""mam-spi-pe"">{פ}</span><br>","They are called “rejected silver,”For  GOD has rejected them.",Ninguno
Jeremiah,7,1,הדבר אשר היה אלירמיהו מאת יהוה לאמר,The word that came to Jeremiah from GOD:,Ninguno
Jeremiah,7,2,"עמד בשער בית יהוה וקראת שם אתהדבר הזה ואמרת שמעו דבריהוה כליהודה הבאים בשערים האלה להשתחות ליהוה&nbsp;<span class=""mam-spi-samekh"">{ס}</span>&nbsp;&nbsp;&nbsp;&nbsp;&nbsp;&nbsp;&nbsp;&nbsp;","Stand at the gate of the House of GOD, and there proclaim this word: Hear the word of GOD, all you of Judah who enter these gates to worship GOD!",Ninguno
Jeremiah,7,3,כהאמר יהוה צבאות אלהי ישראל היטיבו דרכיכם ומעלליכם ואשכנה אתכם במקום הזה,"Thus said GOD of Hosts, the God of Israel: Mend your ways and your actions, and I will let you dwellalet you dwell Meaning of Heb. uncertain. Change of vocalization yields “dwell with you”; so Aquila and Vulgate. in this place. ",Ninguno
Jeremiah,7,4,אלתבטחו לכם אלדברי השקר לאמר היכל יהוה היכל יהוה היכל יהוה המה,"Don’t put your trust in illusions and say, “The Temple of GOD, the Temple of GOD, the Temple of GOD are these [buildings].” ",Ninguno
Jeremiah,7,5,כי אםהיטיב תיטיבו אתדרכיכם ואתמעלליכם אםעשו תעשו משפט בין איש ובין רעהו,"No, if you really mend your ways and your actions; if you execute justice between one party and another; ",Separación (Beyn)
Jeremiah,7,6,גר יתום ואלמנה לא תעשקו ודם נקי אלתשפכו במקום הזה ואחרי אלהים אחרים לא תלכו לרע לכם,"if you do not oppress the stranger, the orphan, and the widow; if you do not shed the blood of the innocent in this place; if you do not follow other gods, to your own hurt— ",Ninguno
Jeremiah,7,7,ושכנתי אתכם במקום הזה בארץ אשר נתתי לאבותיכם למןעולם ועדעולם,"then only will I let you dwellblet you dwell See note at v. 3. in this place, in the land that I gave to your ancestors for all time. ",Ninguno
Jeremiah,7,8,הנה אתם בטחים לכם עלדברי השקר לבלתי הועיל,"See, you are relying on illusions that are of no avail. ",Ninguno
Jeremiah,7,9,הגנב&thinsp;<small></small>&thinsp;רצח ונאף והשבע לשקר וקטר לבעל והלך אחרי אלהים אחרים אשר לאידעתם,"Will you steal and murder and commit adultery and swear falsely, and sacrifice to Baal, and follow other gods whom you have not experienced,cexperienced See note at Deut. 11.28. ",Percepción (Yada)
Jeremiah,7,10,ובאתם ועמדתם לפני בבית הזה אשר נקראשמי עליו ואמרתם נצלנו למען עשות את כלהתועבות האלה,"and then come and stand before Me in this House that bears My name and say, “We are safe”?—[Safe] to do all these abhorrent things! ",Ninguno
Jeremiah,7,11,המערת פרצים היה הבית הזה אשרנקראשמי עליו בעיניכם גם אנכי הנה ראיתי נאםיהוה,"Do you consider this House, which bears My name, to be a den of thieves? As for Me, I have been watching—declares GOD.",Ninguno
Jeremiah,7,12,כי לכונא אלמקומי אשר בשילו אשר שכנתי שמי שם בראשונה וראו את אשרעשיתי לו מפני רעת עמי ישראל,"Just go to My place at Shiloh, where I had established My name formerly, and see what I did to it because of the wickedness of My people Israel. ",Ninguno
Jeremiah,7,13,ועתה יען עשותכם אתכלהמעשים האלה נאםיהוה ואדבר אליכם השכם ודבר ולא שמעתם ואקרא אתכם ולא עניתם,"And now, because you do all these things—declares GOD—and though I spoke to you persistently, you would not listen; and though I called to you, you would not respond— ",Ninguno
Jeremiah,7,14,ועשיתי לבית&thinsp;<b></b> אשר נקראשמי עליו אשר אתם בטחים בו ולמקום אשרנתתי לכם ולאבותיכם כאשר עשיתי לשלו,"therefore I will do to the House that bears My name, on which you rely, and to the place that I gave you and your ancestors, just what I did to Shiloh. ",Ninguno
Jeremiah,7,15,"והשלכתי אתכם מעל פני כאשר השלכתי אתכלאחיכם את כלזרע אפרים&nbsp;<span class=""mam-spi-pe"">{פ}</span><br>","And I will cast you out of My presence as I cast out your kinsfolk, the whole brood of Ephraim.",Ninguno
Jeremiah,7,16,ואתה אלתתפלל&thinsp;<b></b> בעדהעם הזה ואלתשא בעדם רנה ותפלה ואלתפגעבי כיאינני שמע אתך,"As for you, do not pray for this people, do not raise a cry of prayer on their behalf, do not plead with Me; for I will not listen to you. ",Ninguno
Jeremiah,7,17,האינך ראה מה המה עשים בערי יהודה ובחצות ירושל͏ם,Don’t you see what they are doing in the towns of Judah and in the streets of Jerusalem?,Ninguno
Jeremiah,7,18,הבנים מלקטים עצים והאבות מבערים אתהאש והנשים לשות בצק לעשות כונים למלכת השמים והסך נסכים לאלהים אחרים למען הכעסני,"The children gather sticks, the fathers build the fire, and the mothers knead dough, to make cakes for the Queen of Heaven,dQueen of Heaven I.e., a particular goddess who was known by this epithet. and they pour libations to other gods, to vex Me. ",Ninguno
Jeremiah,7,19,האתי הם מכעסים נאםיהוה הלוא אתם למען בשת פניהם,"Is it Me they are vexing?—says GOD. It is rather themselves, to their own disgrace. ",Ninguno
Jeremiah,7,20,"לכן כהאמר&thinsp;<b></b> אדני יהוה הנה אפי וחמתי נתכת אלהמקום הזה עלהאדם ועלהבהמה ועלעץ השדה ועלפרי האדמה ובערה ולא תכבה&nbsp;<span class=""mam-spi-pe"">{פ}</span><br>","Assuredly, thus said my Sovereign GOD: My wrath and My fury will be poured out upon this place, on human beings and on animals, on the trees of the field and the fruit of the soil. It shall burn, with none to quench it.",Ninguno
Jeremiah,7,21,כה אמר יהוה צבאות אלהי ישראל עלותיכם ספו עלזבחיכם ואכלו בשר,"Thus said GOD of Hosts, the God of Israel: Add your burnt offerings to your other sacrifices and eat the meat! ",Ninguno
Jeremiah,7,22,"כי לאדברתי אתאבותיכם ולא צויתים ביום <span class=""mam-kq""><span class=""mam-kq-k"">(הוציא)</span> <span class=""mam-kq-q"">[הוציאי]</span></span> אותם מארץ מצרים עלדברי עולה וזבח","For when I freed your ancestors from the land of Egypt, I did not speak with them or command them concerning burnt offerings or sacrifice. ",Ninguno
Jeremiah,7,23,כי אםאתהדבר הזה צויתי אותם לאמר שמעו בקולי והייתי לכם לאלהים ואתם תהיולי לעם והלכתם בכלהדרך אשר אצוה אתכם למען ייטב לכם,"But this is what I commanded them: Do My bidding, that I may be your God and you may be My people; walk only in the way that I enjoin upon you, that it may go well with you. ",Ninguno
Jeremiah,7,24,ולא שמעו ולאהטו אתאזנם וילכו במעצות בשררות לבם הרע ויהיו לאחור ולא לפנים,"Yet they did not listen or give ear; they followed their own counsels, the willfulness of their evil hearts. They have gone backward, not forward, ",Ninguno
Jeremiah,7,25,למןהיום אשר יצאו אבותיכם מארץ מצרים עד היום הזה ואשלח אליכם אתכלעבדי הנביאים יום השכם ושלח,"from the day your ancestors left the land of Egypt until today. And though I kept sending all My servants, the prophets, to themethem Heb. “you.” daily and persistently, ",Ninguno
Jeremiah,7,26,ולוא שמעו אלי ולא הטו אתאזנם ויקשו אתערפם הרעו מאבותם,"they would not listen to Me or give ear. They stiffened their necks, they acted worse than their ancestors.",Ninguno
Jeremiah,7,27,ודברת אליהם אתכלהדברים האלה ולא ישמעו אליך וקראת אליהם ולא יענוכה,"You shall say all these things to them, but they will not listen to you; you shall call to them, but they will not respond to you. ",Ninguno
Jeremiah,7,28,"ואמרת אליהם זה הגוי אשר לואשמעו בקול יהוה אלהיו ולא לקחו מוסר אבדה האמונה ונכרתה מפיהם&nbsp;<span class=""mam-spi-samekh"">{ס}</span>&nbsp;&nbsp;&nbsp;&nbsp;&nbsp;&nbsp;&nbsp;&nbsp;","Then say to them: This is the nation that would not obey the ETERNAL their God, that would not accept rebuke. Faithfulness has perished, vanished from their mouths.",Ninguno
Jeremiah,7,29,גזי נזרך והשליכי ושאי עלשפים קינה כי מאס יהוה ויטש אתדור עברתו,"Shear your locks and cast them away,Take up a lament on the heights,For  GOD has spurned and cast offThe brood that provoked such wrath.",Ninguno
Jeremiah,7,30,כיעשו בנייהודה הרע בעיני נאםיהוה שמו שקוציהם בבית אשרנקראשמי עליו לטמאו,"For the people of Judah have done what displeases Me—declares GOD. They have set up their abominations in the House that is called by My name, and they have defiled it. ",Ninguno
Jeremiah,7,31,"ובנו במות התפת אשר בגיא בןהנם לשרף אתבניהם ואתבנתיהם באש אשר לא צויתי ולא עלתה עללבי&nbsp;<span class=""mam-spi-pe"">{פ}</span><br>","And they have built the shrines of Topheth in the Valley of Ben-hinnom to burn their sons and daughters in fire—which I never commanded, which never came to My mind.",Ninguno
Jeremiah,7,32,לכן הנהימים באים נאםיהוה ולאיאמר עוד התפת וגיא בןהנם כי אםגיא ההרגה וקברו בתפת מאין מקום,"Assuredly, a time is coming—declares GOD—when this peoplefthis people Heb. “they.” shall no longer speak of Topheth or the Valley of Ben-hinnom, but of the Valley of Slaughter; and they shall bury in Topheth until no room is left. ",Ninguno
Jeremiah,7,33,והיתה נבלת העם הזה למאכל לעוף השמים ולבהמת הארץ ואין מחריד,"The carcasses of this people shall be food for the birds of the sky and the beasts of the earth, with none to frighten them off. ",Ninguno
Jeremiah,7,34,והשבתי&thinsp;<b></b> מערי יהודה ומחצות ירושל͏ם קול ששון וקול שמחה קול חתן וקול כלה כי לחרבה תהיה הארץ,"And I will silence in the towns of Judah and the streets of Jerusalem the sound of mirth and gladness, the voice of bridegroom and bride. For the whole land shall fall to ruin.",Ninguno
Jeremiah,8,1,"בעת ההיא נאםיהוה <span class=""mam-kq""><span class=""mam-kq-k"">(ויציאו)</span> <span class=""mam-kq-q"">[יוציאו]</span></span> אתעצמות מלכייהודה ואתעצמותשריו ואתעצמות הכהנים ואת&thinsp;<b></b> עצמות הנביאים ואת עצמות יושביירושל͏ם מקבריהם","At that time—declares GOD—the bones of the kings of Judah, of its officers, of the priests, of the prophets, and of the inhabitants of Jerusalem shall be taken out of their graves ",Ninguno
Jeremiah,8,2,ושטחום לשמש ולירח ולכל&thinsp;<b></b> צבא השמים אשר אהבום ואשר עבדום ואשר הלכו אחריהם ואשר דרשום ואשר השתחוו להם לא יאספו ולא יקברו לדמן עלפני האדמה יהיו,"and exposed to the sun, the moon, and all the host of heaven that they loved and served and followed, to which they turned and bowed down. They shall not be gathered for reburial; they shall become dung upon the face of the earth. ",Ninguno
Jeremiah,8,3,"ונבחר מות מחיים לכל השארית הנשארים מןהמשפחה הרעה הזאת בכלהמקמות הנשארים אשר הדחתים שם נאם יהוה צבאות&nbsp;<span class=""mam-spi-samekh"">{ס}</span>&nbsp;&nbsp;&nbsp;&nbsp;&nbsp;&nbsp;&nbsp;&nbsp;","And death shall be preferable to life for all that are left of this wicked folk, in all the other places to which I shall banish them—declares GOD of Hosts.",Ninguno
Jeremiah,8,4,ואמרת אליהם כה אמר יהוה היפלו ולא יקומו אםישוב ולא ישוב,"Say to them: Thus said  GOD:When people fall, do they not get up again?If they turn aside, do they not turn back?",Ninguno
Jeremiah,8,5,מדוע שובבה העם הזה ירושל͏ם משבה נצחת החזיקו בתרמת מאנו לשוב,"Why is this people—Jerusalem—rebelliousWith a persistent rebellion?They cling to deceit,They refuse to return.",Ninguno
Jeremiah,8,6,"הקשבתי ואשמע לואכן ידברו אין איש נחם עלרעתו לאמר מה עשיתי כלה שב <span class=""mam-kq""><span class=""mam-kq-k"">(במרצותם)</span> <span class=""mam-kq-q"">[במרוצתם]</span></span> כסוס שוטף במלחמה","I have listened and heard:They do not speak honestly.No one regrets their own wickednessAnd says, “What have I done!”They all persist in their wayward courseLike a steed dashing forward in the fray.",Ninguno
Jeremiah,8,7,"גםחסידה בשמים ידעה מועדיה ותר <span class=""mam-kq""><span class=""mam-kq-k"">(וסוס)</span> <span class=""mam-kq-q"">[וסיס]</span></span> ועגור שמרו אתעת באנה ועמי לא ידעו את משפט יהוה","Even the stork in the sky knows its seasons,And the turtledove, swift, and craneKeep the time of their coming;But My people pay no heedTo GOD’s law.",Percepción (Yada)
Jeremiah,8,8,איכה תאמרו חכמים אנחנו ותורת יהוה אתנו אכן הנה לשקר עשה עט שקר ספרים,"How can you say, “We are wise,And we possess GOD’s Instruction”? Assuredly, for naught has the pen labored,For naught the scribes!",Ninguno
Jeremiah,8,9,הבשו חכמים חתו וילכדו הנה בדבריהוה מאסו וחכמת מה להם,"The wise men shall be put to shame,Shall be dismayed and caught;See, they reject the word of  GOD,So their wisdom amounts to nothing.",Ninguno
Jeremiah,8,10,"לכן אתן אתנשיהם לאחרים שדותיהם ליורשים כי מקטן ועדגדול <span class=""mam-kq-trivial"">כלה</span> בצע בצע מנביא ועדכהן כלה עשה שקר","Assuredly, I will give their wives to others,And their fields to dispossessors;For from the smallest to the greatest,They are all greedy for gain;Priest and prophet alike,They all act falsely.",Ninguno
Jeremiah,8,11,וירפו אתשבר בתעמי עלנקלה לאמר שלום&thinsp;<small></small>&thinsp;שלום ואין שלום,"They offer healing offhandFor the wounds of My poor people,Saying, “All is well, all is well,”When nothing is well.",Ninguno
Jeremiah,8,12,"הבשו כי תועבה עשו גםבוש לאיבשו והכלם לא ידעו לכן יפלו בנפלים בעת פקדתם יכשלו אמר יהוה&nbsp;<span class=""mam-spi-pe"">{פ}</span><br>","They have acted shamefully;They have done abhorrent things—Yet they do not feel shame,They cannot be made to blush.Assuredly, they shall fall among the falling,They shall stumble at the time of their doom—said  GOD.",Percepción (Yada)
Jeremiah,8,13,אסף אסיפם נאםיהוה אין ענבים בגפן ואין תאנים בתאנה והעלה נבל ואתן להם יעברום,"I will make an end of themaI will make an end of them Meaning of Heb. uncertain; change of vocalization yields “Their fruit harvest has been gathered in.” —declares  GOD:No grapes left on the vine,No figs on the fig tree,The leaves all withered;Whatever I have given them is gone.bWhatever I have given them is gone Meaning of Heb. uncertain. ",Ninguno
Jeremiah,8,14,עלמה אנחנו ישבים האספו ונבוא אלערי המבצר ונדמהשם כי יהוה אלהינו הדמנו וישקנו מיראש כי חטאנו ליהוה,"Why are we sitting by?Let us gather into the fortified citiesAnd meet our doom there.For  the ETERNAL our God has doomed us—And has made us drink a bitter draft,Because we sinned against  GOD.",Ninguno
Jeremiah,8,15,קוה לשלום ואין טוב לעת מרפה והנה בעתה,"We hoped for good fortune, but no happiness came;For a time of relief—instead there is terror!",Ninguno
Jeremiah,8,16,"מדן נשמע נחרת סוסיו מקול מצהלות אביריו רעשה כלהארץ ויבואו ויאכלו ארץ ומלואה עיר וישבי בה&nbsp;<span class=""mam-spi-pe"">{פ}</span><br>","The snorting of their horses was heard from Dan;At the loud neighing of their steedsThe whole land quaked.They came and devoured the land and what was in it,The towns and those who dwelt in them.",Ninguno
Jeremiah,8,17,"כי הנני משלח בכם נחשים צפענים אשר איןלהם לחש ונשכו אתכם נאםיהוה&nbsp;<span class=""mam-spi-samekh"">{ס}</span>&nbsp;&nbsp;&nbsp;&nbsp;&nbsp;&nbsp;&nbsp;&nbsp;","Lo, I will send serpents against you,Adders that cannot be charmed,And they shall bite you—declares  GOD.",Ninguno
Jeremiah,8,18,מבליגיתי עלי יגון עלי לבי דוי,"When in grief I would seek comfort,cWhen in grief I would seek comfort Meaning of Heb. uncertain. My heart is sick within me.",Ninguno
Jeremiah,8,19,הנהקול שועת בתעמי מארץ מרחקים היהוה אין בציון אםמלכה אין בה מדוע הכעסוני בפסליהם בהבלי נכר,"dHere God is speaking. “Is not GOD in Zion?Is not her Sovereign in her midst?Why then did they anger Me with their images,With alien futilities?”Hark! The outcry of my poor peopleFrom the land far and wide:",Ninguno
Jeremiah,8,20,עבר קציר כלה קיץ ואנחנו לוא נושענו,"“Harvest is past,Summer is gone,But we have not been saved.”",Ninguno
Jeremiah,8,21,עלשבר בתעמי השברתי קדרתי שמה החזקתני,"Because my people is shattered I am shattered;I am dejected, seized by desolation.",Ninguno
Jeremiah,8,22,"הצרי אין בגלעד אםרפא אין שם כי מדוע לא עלתה ארכת בתעמי&nbsp;<span class=""mam-spi-samekh"">{ס}</span>&nbsp;&nbsp;&nbsp;&nbsp;&nbsp;&nbsp;&nbsp;&nbsp;",Is there no balm in Gilead?Can no physician be found?Why has healing not yetCome to my poor people?,Ninguno
Jeremiah,8,23,"מייתן ראשי מים ועיני מקור דמעה ואבכה יומם ולילה את חללי בתעמי&nbsp;<span class=""mam-spi-samekh"">{ס}</span>&nbsp;&nbsp;&nbsp;&nbsp;&nbsp;&nbsp;&nbsp;&nbsp;","Oh, that my head were water,My eyes a fount of tears!Then would I weep day and nightFor the slain of my poor people.",Ninguno
Jeremiah,9,1,מייתנני במדבר מלון ארחים ואעזבה אתעמי ואלכה מאתם כי כלם מנאפים עצרת בגדים,"Oh, to be in the desert,At an encampment for wayfarers!Oh, to leave my people,To go away from them—For they are all adulterers,A band of rogues.",Ninguno
Jeremiah,9,2,וידרכו אתלשונם קשתם שקר ולא לאמונה גברו בארץ כי מרעה אלרעה&thinsp;<small></small>&thinsp;יצאו ואתי לאידעו נאםיהוה,"They bend their tongues like bows;They are valorous in the landFor treachery, not for honesty;They advance from evil to evil.And they do not heed Me—declares  GOD.",Percepción (Yada)
Jeremiah,9,3,איש מרעהו השמרו ועלכלאח אלתבטחו כי כלאח עקוב יעקב וכלרע רכיל יהלך,"Each of you, beware of your friend!Trust not even your kinsfolk!For every sibling takes advantage,aevery sibling takes advantage Or “every brother is a heel-grabber”; cf. Gen. 25.26; 27.36. Every friend deals basely.bdeals basely See note at Lev. 19.16. ",Ninguno
Jeremiah,9,4,ואיש ברעהו יהתלו ואמת לא ידברו למדו לשונם דברשקר העוה נלאו,"They cheat each other,They will not speak truth;They have trained their tongues to speak falsely;They wear themselves out working iniquity.",Ninguno
Jeremiah,9,5,"שבתך בתוך מרמה במרמה מאנו דעתאותי נאםיהוה&nbsp;<span class=""mam-spi-samekh"">{ס}</span>&nbsp;&nbsp;&nbsp;&nbsp;&nbsp;&nbsp;&nbsp;&nbsp;","You dwell in the midst of deceit.In their deceit,cThey wear themselves out … In their deceit Meaning of Heb. uncertain. they refuse to heed Me—declares  GOD.",Ninguno
Jeremiah,9,6,לכן כה אמר יהוה צבאות הנני צורפם ובחנתים כיאיך אעשה מפני בתעמי,"Assuredly, thus said  GOD of Hosts:Lo, I shall smelt and assay them—For what else can I do because of My poor people?dFor what else can I do because of My poor people? Meaning of Heb. uncertain. ",Ninguno
Jeremiah,9,7,"חץ <span class=""mam-kq""><span class=""mam-kq-k"">(שוחט)</span> <span class=""mam-kq-q"">[שחוט]</span></span> לשונם מרמה דבר בפיו שלום אתרעהו ידבר ובקרבו ישים ארבו","Their tongue is a sharpened arrow,They use their mouths to deceive.They speak to their fellows in friendship,But lay an ambush for them in their hearts.",Ninguno
Jeremiah,9,8,"העלאלה לאאפקדבם נאםיהוה אם בגוי אשרכזה לא תתנקם נפשי&nbsp;<span class=""mam-spi-samekh"">{ס}</span>&nbsp;&nbsp;&nbsp;&nbsp;&nbsp;&nbsp;&nbsp;&nbsp;",Shall I not punish them for such deeds?—says  GOD—Shall I not bring retributionOn such a nation as this?,Ninguno
Jeremiah,9,9,עלההרים אשא בכי ונהי ועלנאות מדבר קינה כי נצתו מבליאיש עבר ולא שמעו קול מקנה מעוף השמים ועדבהמה נדדו הלכו,"For the mountains I take up weeping and wailing,For the pastures in the wilderness, a dirge.They are laid waste; nobody passes through,And no sound of cattle is heard.Birds of the sky and beasts as wellHave fled and are gone.",Ninguno
Jeremiah,9,10,"ונתתי אתירושל͏ם לגלים מעון תנים ואתערי יהודה אתן שממה מבלי יושב&nbsp;<span class=""mam-spi-samekh"">{ס}</span>&nbsp;&nbsp;&nbsp;&nbsp;&nbsp;&nbsp;&nbsp;&nbsp;","I will turn Jerusalem into rubble,Into dens for jackals;And I will make the towns of JudahA desolation without inhabitants.",Ninguno
Jeremiah,9,11,"מיהאיש החכם ויבן אתזאת ואשר דבר פייהוה אליו ויגדה עלמה אבדה הארץ נצתה כמדבר מבלי עבר&nbsp;<span class=""mam-spi-samekh"">{ס}</span>&nbsp;&nbsp;&nbsp;&nbsp;&nbsp;&nbsp;&nbsp;&nbsp;","Is anybody so wiseAs to understand this?To whom has  GOD’s mouth spoken,So that it can be related:Why is the land in ruins,Laid waste like a wilderness,With none passing through?",Ninguno
Jeremiah,9,12,ויאמר יהוה עלעזבם אתתורתי אשר נתתי לפניהם ולאשמעו בקולי ולאהלכו בה," 
GOD
 replied: Because they forsook the Teaching I had set before them. They did not obey Me and they did not follow it, ",Ninguno
Jeremiah,9,13,"וילכו אחרי שררות לבם ואחרי הבעלים אשר למדום אבותם&nbsp;<span class=""mam-spi-pe"">{פ}</span><br>","but followed their own willful heart and followed the Baalim, as their ancestors had taught them. ",Ninguno
Jeremiah,9,14,לכן כהאמר יהוה צבאות אלהי ישראל הנני מאכילם אתהעם הזה לענה והשקיתים מיראש,"Assuredly, thus said GOD of Hosts, the God of Israel: I am going to feed that people wormwood and make them drink a bitter draft. ",Ninguno
Jeremiah,9,15,"והפצותים בגוים אשר לא ידעו המה ואבותם ושלחתי אחריהם אתהחרב עד כלותי אותם&nbsp;<span class=""mam-spi-pe"">{פ}</span><br>",I will scatter them among nations that they and their ancestors never knew; and I will dispatch the sword after them until I have consumed them.,Percepción (Yada)
Jeremiah,9,16,כה אמר יהוה צבאות התבוננו וקראו למקוננות ותבואינה ואלהחכמות שלחו ותבואנה,"Thus said  GOD of Hosts:Listen!Summon the dirge-singers,edirge-singers The Heb. term denotes women. let them come;Send for the skilled women, let them come.",Ninguno
Jeremiah,9,17,ותמהרנה ותשנה עלינו נהי ותרדנה עינינו דמעה ועפעפינו יזלומים,"Let them quickly start a wailing for us,That our eyes may run with tears,Our pupils flow with water.",Ninguno
Jeremiah,9,18,"כי קול נהי נשמע מציון איך שדדנו בשנו מאד כיעזבנו ארץ כי השליכו משכנותינו&nbsp;<span class=""mam-spi-samekh"">{ס}</span>&nbsp;&nbsp;&nbsp;&nbsp;&nbsp;&nbsp;&nbsp;&nbsp;","For the sound of wailingIs heard from Zion:How we are despoiled!How greatly we are shamed!Ah, we must leave our land,AbandonfAbandon Lit. “They abandoned.” our dwellings!",Ninguno
Jeremiah,9,19,כישמענה נשים דבריהוה ותקח אזנכם דברפיו ולמדנה בנותיכם נהי ואשה רעותה קינה,"Hear, O women, the word of  GOD,Let your ears receive the divine word,gdivine word Lit. “word of His mouth.” And teach your daughters wailing,And one another lamentation.",Ninguno
Jeremiah,9,20,כיעלה מות בחלונינו בא בארמנותינו להכרית עולל מחוץ בחורים מרחבות,"For death has climbed through our windows,Has entered our fortresses,To cut off babes from the streets,Young men from the squares.",Ninguno
Jeremiah,9,21,"דבר כה נאםיהוה ונפלה נבלת האדם כדמן עלפני השדה וכעמיר מאחרי הקצר ואין מאסף&nbsp;<span class=""mam-spi-samekh"">{ס}</span>&nbsp;&nbsp;&nbsp;&nbsp;&nbsp;&nbsp;&nbsp;&nbsp;","Speak thus—says  GOD:People’s carcasses shall lieLike dung upon the fields,Like sheaves behind the reaper,With none to pick them up.",Ninguno
Jeremiah,9,22,כה&thinsp;<b></b> אמר יהוה אליתהלל חכם בחכמתו ואליתהלל הגבור בגבורתו אליתהלל עשיר בעשרו,Thus said  GOD:Let not the wise glory in their wisdom;Let not the strong glory in their strength;Let not the rich glory in their riches.,Ninguno
Jeremiah,9,23,"כי אםבזאת יתהלל המתהלל השכל וידע אותי כי אני יהוה עשה חסד משפט וצדקה בארץ כיבאלה חפצתי נאםיהוה&nbsp;<span class=""mam-spi-samekh"">{ס}</span>&nbsp;&nbsp;&nbsp;&nbsp;&nbsp;&nbsp;&nbsp;&nbsp;","But only in this should one glory:In being earnestly devoted to Me.For I  GOD act with kindness,Justice, and equity in the world;For in these I delight—declares  GOD.",Percepción (Yada)
Jeremiah,9,24,הנה ימים באים נאםיהוה ופקדתי עלכלמול בערלה,"Lo, days are coming—declares GOD—when I will take note of everyone circumcised in the foreskin:hcircumcised in the foreskin Force of Heb. uncertain. ",Ninguno
Jeremiah,9,25,"עלמצרים ועליהודה ועלאדום ועלבני עמון ועלמואב ועל כלקצוצי פאה הישבים במדבר כי כלהגוים ערלים וכלבית ישראל ערלילב&nbsp;<span class=""mam-spi-pe"">{פ}</span><br>","of Egypt, Judah, Edom, the Ammonites, Moab, and all the desert dwellers who have the hair of their temples clipped. For all these nations are uncircumcised, but all the House of Israel are uncircumcised of heart.iuncircumcised of heart I.e., their minds are blocked to God’s commandments. ",Ninguno
Jeremiah,10,1,שמעו אתהדבר אשר דבר יהוה עליכם בית ישראל,"Hear the word that  GOD has spoken to you, O House of Israel!",Ninguno
Jeremiah,10,2,כה&thinsp;<b></b> אמר יהוה אלדרך הגוים אלתלמדו ומאתות השמים אלתחתו כייחתו הגוים מהמה,"Thus said  GOD:Do not learn to go the way of the nations,And do not be dismayed by portents in the sky;Let the nations be dismayed by them!",Ninguno
Jeremiah,10,3,כיחקות העמים הבל הוא כיעץ מיער כרתו מעשה ידיחרש במעצד,"For the laws of the nationsathe laws of the nations Emendation yields “the objects that the nations fear.” are delusions:For it is the work of a craftsman’s hands.He cuts down a tree in the forest with an ax,",Ninguno
Jeremiah,10,4,בכסף ובזהב ייפהו במסמרות ובמקבות יחזקום ולוא יפיק,"He adorns it with silver and gold,He fastens itbit Heb. “them.” with nails and hammer,So that it does not totter.",Ninguno
Jeremiah,10,5,"כתמר מקשה המה ולא ידברו נשוא ינשוא כי לא יצעדו אלתיראו מהם כילא ירעו וגםהיטיב אין אותם&nbsp;<span class=""mam-spi-pe"">{פ}</span><br>","They are like a scarecrow in a cucumber patch,They cannot speak.They have to be carried,For they cannot walk.Be not afraid of them, for they can do no harm;Nor is it in them to do any good.",Ninguno
Jeremiah,10,6,מאין כמוך יהוה גדול אתה וגדול שמך בגבורה,"O  ETERNAL One, there is none like You!You are great and Your name is great in power.",Ninguno
Jeremiah,10,7,מי לא יראך מלך הגוים כי לך יאתה כי בכלחכמי הגוים ובכלמלכותם מאין כמוך,"Who would not revere You, O Sovereign of the nations?For that is Your due,Since among all the wise of the nationsAnd among all their royaltyThere is none like You.",Ninguno
Jeremiah,10,8,ובאחת יבערו ויכסלו מוסר הבלים עץ הוא,"But they are both dull and foolish;[Their] doctrine is but delusion;c[Their] doctrine is but delusion Meaning of Heb. uncertain. It is a piece of wood,",Ninguno
Jeremiah,10,9,כסף מרקע מתרשיש יובא וזהב מאופז מעשה חרש וידי צורף תכלת וארגמן לבושם מעשה חכמים כלם,"Silver beaten flat, that is brought from Tarshish,And gold from Uphaz,The work of a craftsman and the goldsmith’s hands;Their clothing is blue and purple,All of them are the product of skilled workers.",Ninguno
Jeremiah,10,10,"ויהוה אלהים אמת הואאלהים חיים ומלך עולם מקצפו תרעש הארץ ולאיכלו גוים זעמו&nbsp;<span class=""mam-spi-pe"">{פ}</span><br>","But  the ETERNAL is truly God—A living God,The everlasting Sovereign.At God’s wrath, the earth quakes,And nations cannot endure such rage.",Ninguno
Jeremiah,10,11,"כדנה תאמרון להום אלהיא דישמיא וארקא לא עבדו יאבדו מארעא ומןתחות שמיא אלה&nbsp;<span class=""mam-spi-samekh"">{ס}</span>&nbsp;&nbsp;&nbsp;&nbsp;&nbsp;&nbsp;&nbsp;&nbsp;","dThis verse is in Aramaic. Thus shall you say to them: Let the gods, who did not make heaven and earth, perish from the earth and from under these heavens.",Ninguno
Jeremiah,10,12,עשה ארץ בכחו מכין תבל בחכמתו ובתבונתו נטה שמים,"[God] made the earth by might,Established the world by wisdom,And with understanding stretched out the skies.",Ninguno
Jeremiah,10,13,"לקול תתו המון מים בשמים ויעלה נשאים מקצה <span class=""mam-kq""><span class=""mam-kq-k"">(ארץ)</span> <span class=""mam-kq-q"">[הארץ]</span></span> ברקים למטר עשה ויוצא רוח מאצרתיו","When [God] bellows,eWhen [God] bellows Lit. “At the sound of His making.” There is a rumbling of water in the skies;Vapors rise from the end of the earth,Lightning accompanies the rain,And wind is brought forth from God’s treasuries.",Ninguno
Jeremiah,10,14,נבער כלאדם מדעת הביש כלצורף מפסל כי שקר נסכו ולארוח בם,"Every mortal is proved dull, without knowledge;Every goldsmith is put to shame because of the idol,For their molten images are a deceit—There is no breath in them.",Ninguno
Jeremiah,10,15,הבל המה מעשה תעתעים בעת פקדתם יאבדו,"They are delusion, a work of mockery;In their hour of doom, they shall perish.",Ninguno
Jeremiah,10,16,"לאכאלה חלק יעקב כייוצר הכל הוא וישראל שבט נחלתו יהוה צבאות שמו&nbsp;<span class=""mam-spi-samekh"">{ס}</span>&nbsp;&nbsp;&nbsp;&nbsp;&nbsp;&nbsp;&nbsp;&nbsp;","Not like these is the Portion of Jacob—The One who formed all things,With Israel as a permanent possession—Whose name is  GOD of Hosts.",Ninguno
Jeremiah,10,17,"אספי מארץ כנעתך <span class=""mam-kq""><span class=""mam-kq-k"">(ישבתי)</span> <span class=""mam-kq-q"">[ישבת]</span></span> במצור&nbsp;<span class=""mam-spi-samekh"">{ס}</span>&nbsp;&nbsp;&nbsp;&nbsp;&nbsp;&nbsp;&nbsp;&nbsp;","Gather up your bundlefbundle Meaning of Heb. uncertain. from the ground,You who dwell under siege!",Ninguno
Jeremiah,10,18,"כיכה אמר יהוה הנני קולע אתיושבי הארץ בפעם הזאת והצרתי להם למען ימצאו&nbsp;<span class=""mam-spi-samekh"">{ס}</span>&nbsp;&nbsp;&nbsp;&nbsp;&nbsp;&nbsp;&nbsp;&nbsp;",For thus said GOD: I will fling away the inhabitants of the land this time: I will harass them so that they shall feel it.gfeel it Emendation yields “have to leave.” ,Ninguno
Jeremiah,10,19,אוי לי עלשברי נחלה מכתי ואני אמרתי אך זה חלי ואשאנו,"Woe unto me for my hurt,My wound is severe!I thought, “This is but a sicknessAnd I must bear it.”",Ninguno
Jeremiah,10,20,אהלי שדד וכלמיתרי נתקו בני יצאני ואינם איןנטה עוד אהלי ומקים יריעותי,"My tents are ravaged,All my tent cords are broken.My children have gone forth from meAnd are no more;No one is left to stretch out my tentsAnd hang my tent cloths.",Ninguno
Jeremiah,10,21,"כי נבערו הרעים ואתיהוה לא דרשו עלכן לא השכילו וכלמרעיתם נפוצה&nbsp;<span class=""mam-spi-pe"">{פ}</span><br>","For the shepherdshshepherds I.e., rulers; cf. note at 2.8. are dullAnd did not seek  GOD;Therefore they have not prosperedAnd all their flock is scattered.",Ninguno
Jeremiah,10,22,"קול שמועה הנה באה ורעש גדול מארץ צפון לשום אתערי יהודה שממה מעון תנים&nbsp;<span class=""mam-spi-samekh"">{ס}</span>&nbsp;&nbsp;&nbsp;&nbsp;&nbsp;&nbsp;&nbsp;&nbsp;","Hark, a noise! It is coming,A great commotion out of the north,That the towns of Judah may be made a desolation,A haunt of jackals.",Ninguno
Jeremiah,10,23,ידעתי יהוה כי לא לאדם דרכו לאלאיש הלך והכין אתצעדו,"I know, O  ETERNAL One, that mortals’ road is not theirs [to choose],That people, as they walk, cannot direct their own steps.",Percepción (Yada)
Jeremiah,10,24,יסרני יהוה אךבמשפט אלבאפך פןתמעטני,"Chastise me, O  ETERNAL One, but in measure;Not in Your wrath, lest You reduce me to naught.",Ninguno
Jeremiah,10,25,"שפך חמתך עלהגוים אשר לאידעוך ועל משפחות אשר בשמך לא קראו כיאכלו אתיעקב ואכלהו ויכלהו ואתנוהו השמו&nbsp;<span class=""mam-spi-pe"">{פ}</span><br>","Pour out Your wrath on the nations who have not heeded You,Upon the clans that have not invoked Your name.For they have devoured Jacob,Have devoured and consumed him,And have laid desolate his homesteads.",Percepción (Yada)
Jeremiah,11,1,הדבר אשר היה אלירמיהו מאת יהוה לאמר,The word that came to Jeremiah from GOD:,Ninguno
Jeremiah,11,2,שמעו אתדברי הברית הזאת ודברתם אלאיש יהודה ועלישבי ירושל͏ם,"“Hear the terms of this covenant, and recite them to the citizenry of Judah and the inhabitants of Jerusalem! ",Ninguno
Jeremiah,11,3,ואמרת אליהם כהאמר יהוה אלהי ישראל ארור האיש אשר לא ישמע אתדברי הברית הזאת,"And say to them, Thus said the ETERNAL, the God of Israel: Cursed be anyone who will not obey the terms of this covenant, ",Ninguno
Jeremiah,11,4,אשר צויתי אתאבותיכם ביום הוציאיאותם מארץמצרים מכור הברזל לאמר שמעו בקולי ועשיתם אותם ככל אשראצוה אתכם והייתם לי לעם ואנכי אהיה לכם לאלהים,"which I enjoined upon your ancestors when I freed them from the land of Egypt, the iron crucible, saying, ‘Obey Me and observe them,athem I.e., the terms of the covenant. just as I command you, that you may be My people and I may be your God’— ",Ninguno
Jeremiah,11,5,"למען הקים אתהשבועה אשרנשבעתי לאבותיכם לתת להם ארץ זבת חלב ודבש כיום הזה ואען ואמר אמן&thinsp;<small></small>&thinsp;יהוה&nbsp;<span class=""mam-spi-pe"">{פ}</span><br>","in order to fulfill the oath that I swore to your fathers,bfathers See note at Josh. 1.6. to give them a land flowing with milk and honey, as is now the case.” And I responded, “Amen, ETERNAL One.”",Ninguno
Jeremiah,11,6,ויאמר יהוה אלי קרא אתכלהדברים האלה בערי יהודה ובחצות ירושל͏ם לאמר שמעו אתדברי הברית הזאת ועשיתם אותם,"And GOD said to me, “Proclaim all these things through the towns of Judah and the streets of Jerusalem: Hear the terms of this covenant, and perform them. ",Ninguno
Jeremiah,11,7,כי העד העדתי באבותיכם ביום העלותי אותם מארץ מצרים ועדהיום הזה השכם והעד לאמר שמעו בקולי,"For I have repeatedly and persistently warned your ancestors fromcfrom Lit. “at.” the time I brought them out of Egypt to this day, saying: Obey My commands. ",Ninguno
Jeremiah,11,8,"ולא שמעו ולאהטו אתאזנם וילכו איש בשרירות לבם הרע ואביא עליהם אתכלדברי הבריתהזאת אשרצויתי לעשות ולא עשו&nbsp;<span class=""mam-spi-samekh"">{ס}</span>&nbsp;&nbsp;&nbsp;&nbsp;&nbsp;&nbsp;&nbsp;&nbsp;","But they would not listen or give ear; they all followed the willfulness of their evil hearts. So I have brought upon them all the termsdterms I.e., the punishments prescribed for violation. of this covenant, because they did not do what I commanded them to do.”",Ninguno
Jeremiah,11,9,ויאמר יהוה אלי נמצאקשר באיש יהודה ובישבי ירושל͏ם," 
GOD
 said to me, “A conspiracy exists among the citizenry of Judah and the inhabitants of Jerusalem. ",Ninguno
Jeremiah,11,10,"שבו עלעונת אבותם הראשנים אשר מאנו לשמוע אתדברי והמה הלכו אחרי אלהים אחרים לעבדם הפרו ביתישראל ובית יהודה אתבריתי אשר כרתי אתאבותם&nbsp;<span class=""mam-spi-samekh"">{ס}</span>&nbsp;&nbsp;&nbsp;&nbsp;&nbsp;&nbsp;&nbsp;&nbsp;","They have returned to the iniquities of their ancestors of old, who refused to heed My words. They, too, have followed other gods and served them. The House of Israel and the House of Judah have broken the covenant that I made with their ancestors.”",Ninguno
Jeremiah,11,11,לכן כה אמר יהוה הנני מביא אליהם רעה אשר לאיוכלו לצאת ממנה וזעקו אלי ולא אשמע אליהם,"Assuredly, thus said GOD: I am going to bring upon them disaster from which they will not be able to escape. Then they will cry out to me, but I will not listen to them. ",Ninguno
Jeremiah,11,12,והלכו ערי יהודה וישבי ירושל͏ם וזעקו אלהאלהים אשר הם מקטרים להם והושע לאיושיעו להם בעת רעתם,And the townspeopleetownspeople Lit. “towns.” of Judah and the inhabitants of Jerusalem will go and cry out to the gods to which they sacrifice; but they will not be able to rescue them in their time of disaster. ,Ninguno
Jeremiah,11,13,"כי מספר עריך היו אלהיך יהודה ומספר חצות ירושל͏ם שמתם מזבחות לבשת מזבחות לקטר לבעל&nbsp;<span class=""mam-spi-samekh"">{ס}</span>&nbsp;&nbsp;&nbsp;&nbsp;&nbsp;&nbsp;&nbsp;&nbsp;","For your gods have become as many as your towns, O Judah, and you have set up as many altars to ShamefShame See note at 3.24. as there are streets in Jerusalem—altars for sacrifice to Baal.",Ninguno
Jeremiah,11,14,"ואתה אלתתפלל בעדהעם הזה ואלתשא בעדם רנה ותפלה כי&thinsp;<b></b> אינני שמע בעת קראם אלי בעד רעתם&nbsp;<span class=""mam-spi-samekh"">{ס}</span>&nbsp;&nbsp;&nbsp;&nbsp;&nbsp;&nbsp;&nbsp;&nbsp;","As for you, do not pray for this people, do not raise a cry of prayer on their behalf; for I will not listen when they call to Me on account of their disaster.",Ninguno
Jeremiah,11,15,מה לידידי בביתי עשותה המזמתה הרבים ובשרקדש יעברו מעליך כי רעתכי אז תעלזי,"Why should My beloved be in My House,Who executes so many vile designs?The sacral flesh will pass away from you,For you exult while performing your evil deeds.gWho executes so many vile designs? / The sacral flesh will pass away from you, / For you exult while performing your evil deeds Meaning of Heb. uncertain. Emendation yields “Who does such vile deeds? / Can your treacheries be canceled by sacral flesh / That you exult while performing your evil deeds?” ",Ninguno
Jeremiah,11,16,זית רענן יפה פריתאר קרא יהוה שמך לקול&thinsp;<b></b> המולה גדלה הצית אש עליה ורעו דליותיו," 
GOD
  named you“Verdant olive tree,Fair, with choice fruit.”But with a great roaring sound[God] has set it on fire,And its boughs are broken.hbroken Emendation yields “burned.” ",Ninguno
Jeremiah,11,17,"ויהוה צבאות הנוטע אותך דבר עליך רעה בגלל רעת ביתישראל ובית יהודה אשר עשו להם להכעסני לקטר לבעל&nbsp;<span class=""mam-spi-pe"">{פ}</span><br>"," 
GOD
 of Hosts, who planted you, has decreed disaster for you, because of the evil wrought by the House of Israel and the House of Judah, who angered Me by sacrificing to Baal.",Ninguno
Jeremiah,11,18,ויהוה הודיעני ואדעה אז הראיתני מעלליהם," 
GOD
  informed me, and I knew—Then You let me see their deeds.",Ninguno
Jeremiah,11,19,ואני ככבש אלוף יובל לטבוח ולאידעתי כיעלי&thinsp;<b></b> חשבו מחשבות נשחיתה עץ בלחמו ונכרתנו מארץ חיים ושמו לאיזכר עוד,"For I was like a docile lambLed to the slaughter;I did not realizeThat it was against meThey fashioned their plots:“Let us destroy the tree with its fruit,ifruit Or “sap.” Let us cut him off from the land of the living.That his name be remembered no more!”",Percepción (Yada)
Jeremiah,11,20,"ויהוה צבאות שפט צדק בחן כליות ולב אראה נקמתך מהם כי אליך גליתי אתריבי&nbsp;<span class=""mam-spi-samekh"">{ס}</span>&nbsp;&nbsp;&nbsp;&nbsp;&nbsp;&nbsp;&nbsp;&nbsp;","O  GOD of Hosts, O just Judge,Who test the thoughts and the mind,Let me see Your retribution upon them,For I lay my case before You.",Ninguno
Jeremiah,11,21,"לכן כהאמר יהוה עלאנשי ענתות המבקשים אתנפשך לאמר לא תנבא בשם יהוה ולא תמות בידנו&nbsp;<span class=""mam-spi-pe"">{פ}</span><br>","Assuredly, thus said GOD of Hosts concerning the people of Anathothjpeople of Anathoth I.e., the local leaders, authorized to act on the town’s behalf. who seek your life and say, “You must not prophesy anymore in the name of GOD, or you will die by our hand”— ",Ninguno
Jeremiah,11,22,לכן כה אמר יהוה צבאות הנני פקד עליהם הבחורים ימתו בחרב בניהם ובנותיהם ימתו ברעב,"Assuredly, thus said GOD of Hosts: “I am going to deal with them: the young men shall die by the sword, their boys and girls shall die by famine. ",Ninguno
Jeremiah,11,23,"ושארית לא תהיה להם כיאביא רעה אלאנשי ענתות שנת פקדתם&nbsp;<span class=""mam-spi-samekh"">{ס}</span>&nbsp;&nbsp;&nbsp;&nbsp;&nbsp;&nbsp;&nbsp;&nbsp;","No remnant shall be left of them, for I will bring disaster on the people of Anathoth,kpeople of Anathoth See note at v. 21. the year of their doom.”",Ninguno
Jeremiah,12,1,צדיק אתה יהוה כי אריב אליך אך משפטים אדבר אתך מדוע דרך רשעים צלחה שלו כלבגדי בגד,"You will win,awin Lit. “be in the right.” O ETERNAL One, if I make claim against You,Yet I shall present charges against You:Why does the way of the wicked prosper?Why are the workers of treachery at ease?",Ninguno
Jeremiah,12,2,נטעתם גםשרשו ילכו גםעשו פרי קרוב אתה בפיהם ורחוק מכליותיהם,"You have planted them, and they have taken root,They spread, they even bear fruit.You are present in their mouths,But far from their thoughts.",Ninguno
Jeremiah,12,3,"ואתה יהוה ידעתני תראני ובחנת לבי אתך התקם כצאן לטבחה והקדשם ליום הרגה&nbsp;<span class=""mam-spi-pe"">{פ}</span><br>","Yet You,  ETERNAL One, have noted and observed me;You have tested my heart, and found it with You.Drive them out like sheep to the slaughter,Prepare them for the day of slaying!",Percepción (Yada)
Jeremiah,12,4,עדמתי תאבל הארץ ועשב כלהשדה ייבש מרעת ישביבה ספתה בהמות ועוף כי אמרו לא יראה אתאחריתנו,"How long must the land languish,And the grass of all the countryside dry up?Must beasts and birds perish,Because of the evil of its inhabitants,Who say, “[God] will not look upon our future”?bfuture Septuagint reads “ways.” ",Ninguno
Jeremiah,12,5,כי אתרגלים&thinsp;<small></small>&thinsp;רצתה וילאוך ואיך תתחרה אתהסוסים ובארץ שלום אתה בוטח ואיך תעשה בגאון הירדן,"cGod here replies to Jeremiah’s plea in vv. 1–3. If you race with the foot-runners and they exhaust you,How then can you compete with horses?If you are secure onlydsecure only Some Septuagint mss. read “not secure.” in a tranquil land,How will you fare in the jungle of the Jordan?",Ninguno
Jeremiah,12,6,"כי גםאחיך וביתאביך גםהמה בגדו בך גםהמה קראו אחריך מלא אלתאמן בם כיידברו אליך טובות&nbsp;<span class=""mam-spi-samekh"">{ס}</span>&nbsp;&nbsp;&nbsp;&nbsp;&nbsp;&nbsp;&nbsp;&nbsp;",For even your own kin and your father’s house—Even they are treacherous toward you;They cry after you as a mob.Do not believe themWhen they speak cordially to you.,Ninguno
Jeremiah,12,7,עזבתי אתביתי נטשתי אתנחלתי נתתי אתידדות נפשי בכף איביה,"I have abandoned My House,I have deserted My possession,I have given over My dearly belovedInto the hands of her enemies.",Ninguno
Jeremiah,12,8,היתהלי נחלתי כאריה ביער נתנה עלי בקולה עלכן שנאתיה,"My own peopleepeople Lit. “possession”; the land as well as the people, as is clear in v. 14. acted toward MeLike a lion in the forest;She raised her voice against Me—Therefore I have rejected her.",Ninguno
Jeremiah,12,9,העיט צבוע נחלתי לי העיט סביב עליה לכו אספו כלחית השדה התיו לאכלה,"My own people acts toward MeLike a bird of prey [or] a hyena;Let the birds of prey surround her!fMy own people … surround her Meaning of Heb. uncertain. Go, gather all the wild beasts,Bring them to devour!",Ninguno
Jeremiah,12,10,רעים רבים שחתו כרמי בססו אתחלקתי נתנו אתחלקת חמדתי למדבר שממה,"Many shepherds have destroyed My vineyard,Have trampled My field,Have made My delightful fieldA desolate wilderness.",Ninguno
Jeremiah,12,11,שמה לשממה אבלה עלי שממה נשמה כלהארץ כי אין איש שם עללב,"They havegThey have Heb. “He has.” made her a desolation;Desolate, she pours out grief to Me.The whole land is laid desolate,But nobody gives it thought.",Ninguno
Jeremiah,12,12,"עלכלשפים במדבר באו שדדים כי חרב ליהוה אכלה מקצהארץ ועדקצה הארץ אין שלום לכלבשר&nbsp;<span class=""mam-spi-samekh"">{ס}</span>&nbsp;&nbsp;&nbsp;&nbsp;&nbsp;&nbsp;&nbsp;&nbsp;",Spoilers have comeUpon all the bare heights of the wilderness.For a sword of  GOD devoursFrom one end of the land to the other;No flesh is safe.,Ninguno
Jeremiah,12,13,"זרעו חטים וקצים קצרו נחלו לא יועלו ובשו מתבואתיכם מחרון אףיהוה&nbsp;<span class=""mam-spi-pe"">{פ}</span><br>","They have sown wheat and reaped thorns,They have endured pain to no avail.Be shamed, then, by your harvest—By GOD’s blazing wrath!",Ninguno
Jeremiah,12,14,כה&thinsp;<b></b> אמר יהוה עלכלשכני הרעים הנגעים בנחלה אשרהנחלתי אתעמי אתישראל הנני נתשם מעל אדמתם ואתבית יהודה אתוש מתוכם,"Thus said GOD: As for My wicked neighbors who encroach on the heritage that I gave to My people Israel—I am going to uproot them from their soil, and I will uproot the House of Judah out of the midst of them. ",Ninguno
Jeremiah,12,15,והיה אחרי נתשי אותם אשוב ורחמתים והשבתים איש לנחלתו ואיש לארצו,"Then, after I have uprooted them, I will take them back into favor, and restore them all to their own inheritance and their own land. ",Ninguno
Jeremiah,12,16,והיה אםלמד ילמדו אתדרכי עמי להשבע בשמי חייהוה כאשר למדו אתעמי להשבע בבעל ונבנו בתוך עמי,"And if they learn the ways of My people, to swear by My name—“As GOD lives”—just as they once taught My people to swear by Baal, then they shall be built up in the midst ofhbuilt up in the midst of Or “incorporated into.” My people. ",Ninguno
Jeremiah,12,17,"ואם לא ישמעו ונתשתי אתהגוי ההוא נתוש ואבד נאםיהוה&nbsp;<span class=""mam-spi-samekh"">{ס}</span>&nbsp;&nbsp;&nbsp;&nbsp;&nbsp;&nbsp;&nbsp;&nbsp;","But if they do not give heed, I will tear out that nation, tear it out and destroy it—declares GOD.",Ninguno
Jeremiah,13,1,כהאמר יהוה אלי הלוך וקנית לך אזור פשתים ושמתו עלמתניך ובמים לא תבאהו,"Thus GOD said to me: “Go buy yourself a loincloth of linen, and put it around your loins, but do not dip it into water.” ",Ninguno
Jeremiah,13,2,"ואקנה אתהאזור כדבר יהוה ואשם עלמתני&nbsp;<span class=""mam-spi-pe"">{פ}</span><br>","So I bought the loincloth in accordance with GOD’s command, and put it about my loins. ",Ninguno
Jeremiah,13,3,ויהי דבריהוה אלי שנית לאמר,And the word of GOD came to me a second time:,Ninguno
Jeremiah,13,4,קח אתהאזור אשר קנית אשר עלמתניך וקום לך פרתה וטמנהו שם בנקיק הסלע,"“Take the loincloth that you bought, which is about your loins, and go at once to PerathaPerath Or “the Euphrates”; cf. “Parah,” Josh. 18.23. and cover it up there in a cleft of the rock.” ",Ninguno
Jeremiah,13,5,ואלך ואטמנהו בפרת כאשר צוה יהוה אותי,"I went and buried it at Perath, as GOD had commanded me. ",Ninguno
Jeremiah,13,6,ויהי מקץ ימים רבים ויאמר יהוה אלי קום לך פרתה וקח משם אתהאזור אשר צויתיך לטמנושם,"Then, after a long time, GOD said to me, “Go at once to Perath and take there the loincloth that I commanded you to bury there.” ",Ninguno
Jeremiah,13,7,"ואלך פרתה ואחפר ואקח אתהאזור מןהמקום אשרטמנתיו שמה והנה נשחת האזור לא יצלח לכל&nbsp;<span class=""mam-spi-pe"">{פ}</span><br>",So I went to Perath and dug up the loincloth from the place where I had buried it; and found the loincloth ruined; it was not good for anything.,Ninguno
Jeremiah,13,8,ויהי דבריהוה אלי לאמר,The word of GOD came to me:,Ninguno
Jeremiah,13,9,כה אמר יהוה ככה אשחית אתגאון יהודה ואתגאון ירושל͏ם הרב,Thus said GOD: Even so will I ruin the overweening pride of Judah and Jerusalem.,Ninguno
Jeremiah,13,10,"העם הזה הרע המאנים&thinsp;<b></b> לשמוע אתדברי ההלכים בשררות לבם וילכו אחרי אלהים אחרים לעבדם ולהשתחות להם ויהי כאזור הזה אשר לאיצלח לכל&nbsp;<span class=""mam-spi-samekh"">{ס}</span>&nbsp;&nbsp;&nbsp;&nbsp;&nbsp;&nbsp;&nbsp;&nbsp;","This wicked people who refuse to heed My bidding, who follow the willfulness of their own hearts, who follow other gods and serve them and worship them, shall become like that loincloth, which is not good for anything. ",Ninguno
Jeremiah,13,11,כי כאשר ידבק האזור אלמתניאיש כן הדבקתי אלי אתכלבית ישראל ואתכלבית יהודה נאםיהוה להיות לי לעם ולשם ולתהלה ולתפארת ולא שמעו,"For as a loincloth clings close to a man’s loins, so I brought close to Me the whole House of Israel and the whole House of Judah—declares GOD—that they might be My people, for fame, and praise, and splendor. But they would not obey.",Ninguno
Jeremiah,13,12,"ואמרת אליהם אתהדבר הזה&nbsp;<span class=""mam-spi-samekh"">{ס}</span>&nbsp;&nbsp;&nbsp;&nbsp;&nbsp;&nbsp;&nbsp;&nbsp;כהאמר יהוה אלהי ישראל כלנבל ימלא יין ואמרו אליך הידע לא נדע כי כלנבל ימלא יין","And speak this word to them: Thus said the ETERNAL, the God of Israel: “Every jar should be filled with wine.” And when they say to you, “Don’t we know that every jar should be filled with wine?” ",Percepción (Yada)
Jeremiah,13,13,ואמרת אליהם כהאמר יהוה הנני ממלא אתכלישבי הארץ הזאת ואתהמלכים הישבים לדוד עלכסאו ואתהכהנים ואתהנבאים ואת כלישבי ירושל͏ם שכרון,"say to them, “Thus said GOD: I am going to fill with drunkenness all the inhabitants of this land, and the kings who sit on the throne of David, and the priests and the prophets, and all the inhabitants of Jerusalem. ",Ninguno
Jeremiah,13,14,ונפצתים איש אלאחיו והאבות והבנים יחדו נאםיהוה לאאחמול ולאאחוס ולא ארחם מהשחיתם,"And I will smash them one against the other, parents and children alike—declares GOD; no pity, compassion, or mercy will stop Me from destroying them.”",Ninguno
Jeremiah,13,15,שמעו והאזינו אלתגבהו כי יהוה דבר,"Attend and give ear; be not haughty,For  GOD has spoken.",Ninguno
Jeremiah,13,16,"תנו ליהוה אלהיכם כבוד בטרם יחשך ובטרם יתנגפו רגליכם עלהרי נשף וקויתם לאור ושמה לצלמות <span class=""mam-kq""><span class=""mam-kq-k"">(ישית)</span> <span class=""mam-kq-q"">[ושית]</span></span> לערפל","Give honor to  the ETERNAL your GodBefore darkness descends,Before your feet stumbleOn the mountains in shadow—When you hope for light,And it is turned to darknessAnd becomes deep gloom.",Ninguno
Jeremiah,13,17,"ואם לא תשמעוה במסתרים תבכהנפשי מפני גוה ודמע תדמע ותרד עיני דמעה כי נשבה עדר יהוה&nbsp;<span class=""mam-spi-samekh"">{ס}</span>&nbsp;&nbsp;&nbsp;&nbsp;&nbsp;&nbsp;&nbsp;&nbsp;","For if you will not give heed,My inmost self must weep,Because of your arrogance;My eye must stream and flowWith copious tears,Because GOD’s flock Is taken captive.",Ninguno
Jeremiah,13,18,אמר למלך ולגבירה השפילו שבו כי ירד מראשותיכם עטרת תפארתכם,"Say to the king and the queen mother,“Sit in a lowly spot;For your diadems are abased,Your glorious crowns.”",Ninguno
Jeremiah,13,19,"ערי הנגב סגרו ואין פתח הגלת יהודה כלה הגלת שלומים&nbsp;<span class=""mam-spi-samekh"">{ס}</span>&nbsp;&nbsp;&nbsp;&nbsp;&nbsp;&nbsp;&nbsp;&nbsp;","The cities of the Negeb are shut,There is no one to open them;Judah is exiled completely,All of it exiled.bJudah is exiled completely, / All of it exiled I.e., most of Judah has been annexed by an alien people. ",Ninguno
Jeremiah,13,20,"<span class=""mam-kq""><span class=""mam-kq-k"">(שאי)</span> <span class=""mam-kq-q"">[שאו]</span></span> עיניכם <span class=""mam-kq""><span class=""mam-kq-k"">(וראי)</span> <span class=""mam-kq-q"">[וראו]</span></span> הבאים מצפון איה העדר נתןלך צאן תפארתך","Raise your eyes and beholdThose who come from the north:Where are the sheep entrusted to you,The flock you took pride in?",Ninguno
Jeremiah,13,21,מהתאמרי כייפקד עליך ואת למדת אתם עליך אלפים לראש הלוא חבלים יאחזוך כמו אשת לדה,What will you say when they appoint as your headsThose among you whom you trained to be tame?cWhat will you say … to be tame? Meaning of Heb. uncertain. Shall not pangs seize youLike a woman in childbirth?,Ninguno
Jeremiah,13,22,וכי תאמרי בלבבך מדוע קראני אלה ברב עונך נגלו שוליך נחמסו עקביך,"And when you ask yourself,“Why have these things befallen me?”It is because of your great iniquityThat your skirts are lifted up,Your limbs exposed.",Ninguno
Jeremiah,13,23,היהפך כושי עורו ונמר חברברתיו גםאתם תוכלו להיטיב למדי הרע,"Can the CushitesdCushites People of Cush, the region south of Egypt. change their skin,Or leopards their spots?Just as much can you do good,Who are practiced in doing evil!",Ninguno
Jeremiah,13,24,ואפיצם כקשעובר לרוח מדבר,So I will scatter youeyou Heb. “them.” like straw that fliesBefore the desert wind.,Ninguno
Jeremiah,13,25,זה גורלך מנתמדיך מאתי נאםיהוה אשר שכחת אותי ותבטחי בשקר,"This shall be your lot,Your measured portion from Me—declares  GOD.Because you forgot MeAnd trusted in falsehood,",Ninguno
Jeremiah,13,26,וגםאני חשפתי שוליך עלפניך ונראה קלונך,I in turn will lift your skirts over your faceAnd your shame shall be seen.,Ninguno
Jeremiah,13,27,"נאפיך ומצהלותיך זמת זנותך עלגבעות בשדה ראיתי שקוציך אוי לך ירושל͏ם לא תטהרי אחרי מתי עד&nbsp;<span class=""mam-spi-samekh"">{ס}</span>&nbsp;&nbsp;&nbsp;&nbsp;&nbsp;&nbsp;&nbsp;&nbsp;","I behold your adulteries,Your lustful neighing,Your unbridled depravity, your vile actsOn the hills of the countryside.Woe to you, O Jerusalem,Who will not be pure!How much longer shall it be?",Ninguno
Jeremiah,14,1,אשר היה דבריהוה אלירמיהו עלדברי הבצרות,The word of GOD that came to Jeremiah concerning the droughts.,Ninguno
Jeremiah,14,2,אבלה יהודה ושעריה אמללו קדרו לארץ ו<small>צ</small>וחת ירושל͏ם עלתה,"Judah is in mourning,Her settlements languish.They are bowed to the ground,And the outcry of Jerusalem rises.",Ninguno
Jeremiah,14,3,"ואדריהם שלחו <span class=""mam-kq""><span class=""mam-kq-k"">(צעוריהם)</span> <span class=""mam-kq-q"">[צעיריהם]</span></span> למים באו עלגבים לאמצאו מים שבו כליהם ריקם בשו והכלמו וחפו ראשם","Their nobles sent their servants for water;They came to the cisterns, they found no water.They returned, their vessels empty.They are shamed and humiliated,They cover their heads.",Ninguno
Jeremiah,14,4,בעבור האדמה חתה כי לאהיה גשם בארץ בשו אכרים חפו ראשם,"Because of the ground there is dismay,aBecause of the ground there is dismay Meaning of Heb. uncertain. For there has been no rain on the earth.The plowers are shamed,They cover their heads.",Ninguno
Jeremiah,14,5,כי גםאילת בשדה ילדה ועזוב כי לאהיה דשא,"Even the hind in the fieldForsakes her newborn fawn,Because there is no grass.",Ninguno
Jeremiah,14,6,ופראים עמדו עלשפים שאפו רוח כתנים כלו עיניהם כיאין עשב,"And the wild asses stand on the bare heights,Snuffing the air like jackals;Their eyes pine,Because there is no herbage.",Ninguno
Jeremiah,14,7,אםעונינו ענו בנו יהוה עשה למען שמך כירבו משובתינו לך חטאנו,"Though our iniquities testify against us,Act, O  ETERNAL One, for the sake of Your name;Though our rebellions are manyAnd we have sinned against You.",Ninguno
Jeremiah,14,8,מקוה ישראל מושיעו בעת צרה למה תהיה כגר בארץ וכארח נטה ללון,"O Hope of Israel,Its deliverer in time of trouble,Why are You like a stranger in the land,Like a traveler who stops only for the night?",Ninguno
Jeremiah,14,9,"למה תהיה כאיש נדהם כגבור לאיוכל להושיע ואתה בקרבנו יהוה ושמך עלינו נקרא אלתנחנו&nbsp;<span class=""mam-spi-samekh"">{ס}</span>&nbsp;&nbsp;&nbsp;&nbsp;&nbsp;&nbsp;&nbsp;&nbsp;","Why are You like a man who is stunned,bstunned Or “impaired.” Like a warrior who cannot give victory?Yet You are in our midst, O  ETERNAL One,And Your name is attached to us—Do not forsake us!",Ninguno
Jeremiah,14,10,"כהאמר יהוה לעם הזה כן אהבו לנוע רגליהם לא חשכו ויהוה לא רצם עתה יזכר עונם ויפקד חטאתם&nbsp;<span class=""mam-spi-pe"">{פ}</span><br>","Thus said GOD concerning this people: “Truly, they love to stray, they have not restrained their feet; so GOD has no pleasure in them. Now their iniquity will be recalled—and their sin punished.”",Ninguno
Jeremiah,14,11,ויאמר יהוה אלי אלתתפלל בעדהעם הזה לטובה,"And GOD said to me, “Do not pray for the benefit of this people. ",Ninguno
Jeremiah,14,12,"כי יצמו אינני שמע אלרנתם וכי יעלו עלה ומנחה אינני רצם כי בחרב וברעב ובדבר אנכי מכלה אותם&nbsp;<span class=""mam-spi-samekh"">{ס}</span>&nbsp;&nbsp;&nbsp;&nbsp;&nbsp;&nbsp;&nbsp;&nbsp;","When they fast, I will not listen to their outcry; and when they present burnt offering and grain offering, I will not accept them. I will exterminate them by war, famine, and disease.”",Ninguno
Jeremiah,14,13,"ואמר אהה&thinsp;<b></b> אדני יהוה הנה הנבאים אמרים להם לאתראו חרב ורעב לאיהיה לכם כישלום אמת אתן לכם במקום הזה&nbsp;<span class=""mam-spi-samekh"">{ס}</span>&nbsp;&nbsp;&nbsp;&nbsp;&nbsp;&nbsp;&nbsp;&nbsp;","I said, “Ah, my Sovereign GOD! The prophets are saying to them, ‘You shall not see the sword, famine shall not come upon you, but I will give you unfailing security in this place.’”",Ninguno
Jeremiah,14,14,"ויאמר יהוה אלי שקר הנבאים נבאים בשמי לא שלחתים ולא צויתים ולא דברתי אליהם חזון שקר וקסם <span class=""mam-kq""><span class=""mam-kq-k"">(ואלול ותרמות)</span> <span class=""mam-kq-q"">[ואליל ותרמית]</span></span> לבם המה מתנבאים לכם&nbsp;<span class=""mam-spi-samekh"">{ס}</span>&nbsp;&nbsp;&nbsp;&nbsp;&nbsp;&nbsp;&nbsp;&nbsp;"," 
GOD
 replied: It is a lie that the prophets utter in My name. I have not sent them or commanded them. I have not spoken to them. A lying vision, an empty divination, the deceit of their own contriving—that is what they prophesy to you! ",Ninguno
Jeremiah,14,15,לכן כהאמר יהוה עלהנבאים הנבאים בשמי ואני לאשלחתים והמה אמרים חרב ורעב לא יהיה בארץ הזאת בחרב וברעב יתמו הנבאים ההמה,"Assuredly, thus said GOD concerning the prophets who prophesy in My name though I have not sent them, and who say, “Sword and famine shall not befall this land”; those very prophets shall perish by sword and famine. ",Ninguno
Jeremiah,14,16,והעם אשרהמה נבאים להם יהיו משלכים בחצות ירושל͏ם מפני&thinsp;<b></b> הרעב והחרב ואין מקבר להמה המה נשיהם ובניהם ובנתיהם ושפכתי עליהם אתרעתם,"And the assembly to whom they prophesy shall be left lying in the streets of Jerusalem because of the famine and the sword, with none to bury them—they, their wives, their sons, and their daughters. I will pour out upon them [the requital of] their wickedness.",Ninguno
Jeremiah,14,17,ואמרת אליהם אתהדבר הזה תרדנה עיני דמעה לילה ויומם ואלתדמינה כי שבר גדול נשברה בתולת בתעמי מכה נחלה מאד,"And do you speak to them thus:Let my eyes run with tears,Day and night let them not cease,For my hapless peoplecmy hapless people Lit. “the maiden daughter, My people.” has sufferedA grievous injury, a very painful wound.",Ninguno
Jeremiah,14,18,"אםיצאתי השדה והנה חלליחרב ואם באתי העיר והנה תחלואי רעב כיגםנביא גםכהן סחרו אלארץ ולא ידעו&nbsp;<span class=""mam-spi-samekh"">{ס}</span>&nbsp;&nbsp;&nbsp;&nbsp;&nbsp;&nbsp;&nbsp;&nbsp;","If I go out to the country—Lo, the slain of the sword.If I enter the city—Lo, those who are sick withdthose who are sick with Lit. “the sicknesses of.” famine.Both priest and prophet roameroam Meaning of Heb. uncertain. the land,They know not where.",Percepción (Yada)
Jeremiah,14,19,המאס מאסת אתיהודה אםבציון געלה נפשך מדוע הכיתנו ואין לנו מרפא קוה לשלום ואין טוב ולעת מרפא והנה בעתה,"Have You, then, rejected Judah?Have You spurned Zion?Why have You smitten usSo that there is no cure?Why do we hope for happiness,But find no good;For a time of healing,And meet terror instead?",Ninguno
Jeremiah,14,20,ידענו יהוה רשענו עון אבותינו כי חטאנו לך,"We acknowledge our wickedness, O  ETERNAL One—The iniquity of our ancestors—For we have sinned against You.",Percepción (Yada)
Jeremiah,14,21,אלתנאץ למען שמך אלתנבל כסא כבודך זכר אלתפר בריתך אתנו,"For Your name’s sake, do not disown us;Do not dishonor Your glorious throne.Remember, do not annul Your covenant with us.",Ninguno
Jeremiah,14,22,"היש בהבלי הגוים מגשמים ואםהשמים יתנו רבבים הלא אתההוא יהוה אלהינו ונקוהלך כיאתה עשית אתכלאלה&nbsp;<span class=""mam-spi-pe"">{פ}</span><br>","Can any of the false gods of the nations give rain?Can the skies of themselves give showers?Only You can, O  ETERNAL One our God!So we hope in You,For only You made all these things.",Ninguno
Jeremiah,15,1,ויאמר יהוה אלי אםיעמד משה ושמואל לפני אין נפשי אלהעם הזה שלח מעלפני ויצאו," 
GOD
 said to me, “Even if Moses and Samuel were to intercede with Me,aintercede with Me Lit. “stand before Me,” as Jeremiah is doing now; cf. 18.20. I would not be won over to that people. Dismiss them from My presence, and let them go forth! ",Ninguno
Jeremiah,15,2,והיה כייאמרו אליך אנה נצא ואמרת אליהם כהאמר יהוה אשר למות למות ואשר לחרב לחרב ואשר לרעב לרעב ואשר לשבי לשבי,"And if they ask you, ‘To what shall we go forth?’ answer them, ‘Thus said GOD:Those destined for the plague, to the plague;Those destined for the sword, to the sword;Those destined for famine, to famine;Those destined for captivity, to captivity.",Ninguno
Jeremiah,15,3,ופקדתי עליהם ארבע משפחות נאםיהוה אתהחרב להרג ואתהכלבים לסחב ואתעוף השמים ואתבהמת הארץ לאכל ולהשחית,"And I will appoint over them four kindsbkinds Meaning of Heb. uncertain. [of punishment]—declares GOD—the sword to slay, the dogs to drag, the birds of the sky, and the beasts of the earth to devour and destroy. ",Ninguno
Jeremiah,15,4,"ונתתים <span class=""mam-kq""><span class=""mam-kq-k"">(לזועה)</span> <span class=""mam-kq-q"">[לזעוה]</span></span> לכל ממלכות הארץ בגלל מנשה בןיחזקיהו מלך יהודה על אשרעשה בירושל͏ם","I will make them a horror to all the kingdoms of the earth, on account of King Manasseh son of Hezekiah of Judah, and of what he did in Jerusalem.’”",Ninguno
Jeremiah,15,5,כי מייחמל עליך ירושל͏ם ומי ינוד לך ומי יסור לשאל לשלם לך,"But who will pity you, O Jerusalem,Who will console you?Who will turn aside to inquireAbout your welfare?",Ninguno
Jeremiah,15,6,את נטשת אתי נאםיהוה אחור תלכי ואט אתידי עליך ואשחיתך נלאיתי הנחם,You cast Me off—declares  GOD—You go ever backward.So I have stretched out My hand to destroy you;I cannot relent.,Ninguno
Jeremiah,15,7,ואזרם במזרה בשערי הארץ שכלתי אבדתי אתעמי מדרכיהם לואשבו,"I will scatter them as with a winnowing forkThrough the settlements of the earth.I will bereave, I will destroy My people,For they would not turn back from their ways.",Ninguno
Jeremiah,15,8,"עצמולי <span class=""mam-kq-trivial"">אלמנותו</span> מחול ימים הבאתי להם עלאם בחור שדד בצהרים הפלתי עליה פתאם עיר ובהלות",Their widows shall be more numerousThan the sands of the seas.I will bring against them—Young men and mothers togethercYoung men and mothers together Meaning of Heb. uncertain.—A destroyer at noonday.I will bring down suddenly upon themAlarmdAlarm Meaning of Heb. uncertain. and terror.,Ninguno
Jeremiah,15,9,"אמללה ילדת השבעה נפחה נפשה <span class=""mam-kq""><span class=""mam-kq-k"">(באה)</span> <span class=""mam-kq-q"">[בא]</span></span> שמשה בעד יומם בושה וחפרה ושאריתם לחרב אתן לפני איביהם נאםיהוה&nbsp;<span class=""mam-spi-samekh"">{ס}</span>&nbsp;&nbsp;&nbsp;&nbsp;&nbsp;&nbsp;&nbsp;&nbsp;","She who bore seven is forlorn,Utterly disconsolate;Her sun has set while it is still day,She is shamed and humiliated.The remnant of them I will deliver to the sword,To the power of their enemies—declares  GOD.",Ninguno
Jeremiah,15,10,"אוילי אמי כי ילדתני איש ריב ואיש מדון לכלהארץ לאנשיתי ולאנשובי כלה מקללוני&nbsp;<span class=""mam-spi-samekh"">{ס}</span>&nbsp;&nbsp;&nbsp;&nbsp;&nbsp;&nbsp;&nbsp;&nbsp;","Woe is me, my mother, that you ever bore me—A man of conflict and strife with all the land!I have not lent,And I have not borrowed;Yet everyone curses me.",Ninguno
Jeremiah,15,11,"אמר יהוה אםלא <span class=""mam-kq""><span class=""mam-kq-k"">(שרותך)</span> <span class=""mam-kq-q"">[שריתיך]</span></span> לטוב אםלוא&thinsp;<b></b> הפגעתי בך בעת רעה ובעת צרה אתהאיב"," 
GOD
  said:Surely, a mere remnant of youWill I spare for a better fate!eSurely … better fate Meaning of Heb. uncertain. By the enemy from the northffrom the north Moved up from v. 12 for clarity. In a time of distress and a time of disaster,Surely, I will have you struck down!",Ninguno
Jeremiah,15,12,הירע ברזל&thinsp;<small></small>&thinsp;ברזל מצפון ונחשת,Can iron break iron and bronze?gCan iron break iron and bronze? Emendation yields “[God] shall shatter iron—iron and bronze!” ,Ninguno
Jeremiah,15,13,חילך ואוצרותיך לבז אתן לא במחיר ובכלחטאותיך ובכלגבוליך,"I will hand over your wealth and your treasuresAs a spoil, free of charge,Because of all your sins throughout your territory.",Ninguno
Jeremiah,15,14,"והעברתי אתאיביך בארץ לא ידעת כיאש קדחה באפי עליכם תוקד&nbsp;<span class=""mam-spi-samekh"">{ס}</span>&nbsp;&nbsp;&nbsp;&nbsp;&nbsp;&nbsp;&nbsp;&nbsp;","And I will bring your enemiesBy way of a land you have not known.hI will hand over … you have not known Meaning of Heb. uncertain. For a fire has flared in My wrath,It blazes against you.",Percepción (Yada)
Jeremiah,15,15,אתה ידעת יהוה זכרני ופקדני והנקם לי מרדפי אללארך אפך תקחני דע שאתי עליך חרפה,"O  ETERNAL One, you know—Remember me and take thought of me,Avenge me on those who persecute me;Do not yield to Your patience,Do not let me perish!iDo not let me perish Lit. “Do not take me away.” Consider how I have borne insultOn Your account.",Percepción (Yada)
Jeremiah,15,16,"נמצאו דבריך ואכלם ויהי <span class=""mam-kq""><span class=""mam-kq-k"">(דבריך)</span> <span class=""mam-kq-q"">[דברך]</span></span> לי לששון ולשמחת לבבי כינקרא שמך עלי יהוה אלהי צבאות&nbsp;<span class=""mam-spi-samekh"">{ס}</span>&nbsp;&nbsp;&nbsp;&nbsp;&nbsp;&nbsp;&nbsp;&nbsp;","When Your words were offered, I devoured them;Your word brought me the delight and joyOf knowing that Your name is attached to me,O  ETERNAL One, God of Hosts.",Ninguno
Jeremiah,15,17,לאישבתי בסודמשחקים ואעלז מפני ידך בדד ישבתי כיזעם מלאתני,"I have not sat in the company of revelersAnd made merry!I have sat lonely because of Your hand upon me,For You have filled me with gloom.",Ninguno
Jeremiah,15,18,"למה היה כאבי נצח ומכתי אנושה מאנה הרפא היו תהיה לי כמו אכזב מים לא נאמנו&nbsp;<span class=""mam-spi-samekh"">{ס}</span>&nbsp;&nbsp;&nbsp;&nbsp;&nbsp;&nbsp;&nbsp;&nbsp;","Why must my pain be endless,My wound incurable,Resistant to healing?You have been to me like a spring that fails,Like waters that cannot be relied on.",Ninguno
Jeremiah,15,19,לכן כהאמר יהוה אםתשוב ואשיבך לפני תעמד ואםתוציא יקר מזולל כפי תהיה ישבו המה אליך ואתה לאתשוב אליהם,"Assuredly, thus said  GOD:If you turn back, I shall take you backAnd you shall stand before Me;If you produce what is nobleOut of the worthless,You shall be My spokesman.They shall come back to you,Not you to them.",Ninguno
Jeremiah,15,20,ונתתיך לעם הזה לחומת נחשת בצורה ונלחמו אליך ולאיוכלו לך כיאתך אני להושיעך ולהצילך נאםיהוה,"Against this people I will make youAs a fortified wall of bronze:They will attack you,But they shall not overcome you,For I am with you to deliver and save you—declares  GOD.",Ninguno
Jeremiah,15,21,"והצלתיך מיד רעים ופדתיך מכף ערצים&nbsp;<span class=""mam-spi-samekh"">{ס}</span>&nbsp;&nbsp;&nbsp;&nbsp;&nbsp;&nbsp;&nbsp;&nbsp;",I will save you from the hands of the wickedAnd rescue you from the clutches of the violent.,Ninguno
Jeremiah,16,1,ויהי דבריהוה אלי לאמר,The word of GOD came to me:,Ninguno
Jeremiah,16,2,"לאתקח לך אשה ולאיהיו לך בנים ובנות במקום הזה&nbsp;<span class=""mam-spi-samekh"">{ס}</span>&nbsp;&nbsp;&nbsp;&nbsp;&nbsp;&nbsp;&nbsp;&nbsp;",You are not to marry and not to have sons and daughters in this place.,Ninguno
Jeremiah,16,3,כיכה&thinsp;<b></b> אמר יהוה עלהבנים ועלהבנות הילודים במקום הזה ועלאמתם הילדות אותם ועלאבותם המולדים אותם בארץ הזאת,"For thus said GOD concerning any sons and daughters that may be born in this place, and concerning the mothers who bear them, and concerning the fathers who beget them in this land: ",Ninguno
Jeremiah,16,4,"ממותי תחלאים ימתו לא יספדו ולא יקברו לדמן עלפני האדמה יהיו ובחרב וברעב יכלו והיתה נבלתם למאכל לעוף השמים ולבהמת הארץ&nbsp;<span class=""mam-spi-samekh"">{ס}</span>&nbsp;&nbsp;&nbsp;&nbsp;&nbsp;&nbsp;&nbsp;&nbsp;","They shall die gruesome deaths. They shall not be lamented or buried; they shall be like dung on the surface of the ground. They shall be consumed by the sword and by famine, and their corpses shall be food for the birds of the sky and the beasts of the earth.",Ninguno
Jeremiah,16,5,כיכה&thinsp;<b></b> אמר יהוה אלתבוא בית מרזח ואלתלך לספוד ואלתנד להם כיאספתי אתשלומי מאת העם הזה נאםיהוה אתהחסד ואתהרחמים,"For thus said  GOD:Do not enter a house of mourning,amourning Lit. “religious gathering.” Do not go to lament and to condole with them;For I have withdrawn My favor from that people—declares  GOD—My kindness and compassion.",Ninguno
Jeremiah,16,6,ומתו גדלים וקטנים בארץ הזאת לא יקברו ולאיספדו להם ולא יתגדד ולא יקרח להם,"Great and small alike shall die in this land,They shall not be buried; no one shall lament them,Nor gash and tonsure themselves for them.",Ninguno
Jeremiah,16,7,ולאיפרסו להם עלאבל לנחמו עלמת ולאישקו אותם כוס תנחומים עלאביו ועלאמו,"They shall not break breadbbread So a few mss. Most mss. and editions read “to them.” for a mournercmourner Lit. “mourning.” To offer comfort for a death,Nor offer one a cup of consolationFor the loss of their father or mother.",Ninguno
Jeremiah,16,8,"וביתמשתה לאתבוא לשבת אותם לאכל ולשתות&nbsp;<span class=""mam-spi-pe"">{פ}</span><br>","Nor shall you enter a house of feasting,To sit down with them to eat and drink.",Ninguno
Jeremiah,16,9,כי כה אמר יהוה צבאות אלהי ישראל הנני משבית מןהמקום הזה לעיניכם ובימיכם קול ששון וקול שמחה קול חתן וקול כלה,"For thus said GOD of Hosts, the God of Israel: I am going to banish from this place, in your days and before your eyes, the sound of mirth and gladness, the voice of bridegroom and bride.",Ninguno
Jeremiah,16,10,והיה כי תגיד לעם הזה את כלהדברים האלה ואמרו אליך עלמה דבר יהוה עלינו את כלהרעה הגדולה הזאת ומה עוננו ומה חטאתנו אשר חטאנו ליהוה אלהינו,"And when you announce all these things to that people, and they ask you, “Why has GOD decreed upon us all this fearful evil? What is the iniquity and what the sin that we have committed against the ETERNAL our God?” ",Ninguno
Jeremiah,16,11,ואמרת אליהם על אשרעזבו אבותיכם אותי נאםיהוה וילכו אחרי אלהים אחרים ויעבדום וישתחוו להם ואתי עזבו ואתתורתי לא שמרו,"say to them, “Because your ancestors deserted Me—declares GOD—and followed other gods and served them and worshiped them; they deserted Me and did not keep My Instruction. ",Ninguno
Jeremiah,16,12,ואתם הרעתם לעשות מאבותיכם והנכם הלכים איש אחרי שררות לבוהרע לבלתי שמע אלי,"And you have acted worse than your ancestors, every one of you following the willfulness of their own evil heart and paying no heed to Me. ",Ninguno
Jeremiah,16,13,"והטלתי אתכם מעל הארץ הזאת עלהארץ אשר לא ידעתם אתם ואבותיכם ועבדתםשם אתאלהים אחרים יומם ולילה אשר לאאתן לכם חנינה&nbsp;<span class=""mam-spi-pe"">{פ}</span><br>","Therefore I will hurl you out of this land to a land that neither you nor your ancestors have known, and there you will serve other gods, day and night; for I will show you no mercy.”",Percepción (Yada)
Jeremiah,16,14,לכן הנהימים באים נאםיהוה ולאיאמר עוד חייהוה אשר העלה אתבני ישראל מארץ מצרים,"Assuredly, a time is coming—declares GOD—when it shall no more be said, “As GOD lives who brought the Israelites out of the land of Egypt,” ",Ninguno
Jeremiah,16,15,"כי אםחייהוה אשר העלה אתבני ישראל מארץ צפון ומכל הארצות אשר הדיחם שמה והשבתים עלאדמתם אשר נתתי לאבותם&nbsp;<span class=""mam-spi-pe"">{פ}</span><br>","but rather, “As GOD lives who brought the Israelites out of the northland, and out of all the lands to which they had been banished.” For I will bring them back to their land, which I gave to their ancestors.",Ninguno
Jeremiah,16,16,"הנני שלח <span class=""mam-kq""><span class=""mam-kq-k"">(לדוגים)</span> <span class=""mam-kq-q"">[לדיגים]</span></span> רבים נאםיהוה ודיגום ואחריכן אשלח לרבים צידים וצדום מעל כלהר ומעל כלגבעה ומנקיקי הסלעים","Lo, I am sending for many fishermen—declares  GOD—And they shall haul them out;And after that I will send for many hunters,And they shall hunt themOut of every mountain and out of every hillAnd out of the clefts of the rocks.",Ninguno
Jeremiah,16,17,כי עיני עלכלדרכיהם לא נסתרו מלפני ולאנצפן עונם מנגד עיני,"For My eyes are on all their ways,They are not hidden from My presence,Their iniquity is not concealed from My sight.",Ninguno
Jeremiah,16,18,"ושלמתי ראשונה משנה עונם וחטאתם על חללם אתארצי בנבלת שקוציהם ותועבותיהם מלאו אתנחלתי&nbsp;<span class=""mam-spi-pe"">{פ}</span><br>","I will pay them in fulldfull See note to Isa. 65.7.—Nay, doubly for their iniquity and their sins—Because they have defiled My landWith the corpses of their abominations,etheir abominations I.e., their lifeless idols. And have filled My own possessionWith their abhorrent things.",Ninguno
Jeremiah,16,19,יהוה עזי ומעזי ומנוסי ביום צרה אליך גוים יבאו מאפסיארץ ויאמרו אךשקר נחלו אבותינו הבל ואיןבם מועיל,"O  ETERNAL One, my strength and my stronghold,My refuge in a day of trouble,To You nations shall comeFrom the ends of the earth and say:Our ancestors inherited utter delusions,Things that are futile and worthless.",Ninguno
Jeremiah,16,20,היעשהלו אדם אלהים והמה לא אלהים,Can mortals make gods for themselves?No-gods are they!,Ninguno
Jeremiah,16,21,"לכן הנני מודיעם בפעם הזאת אודיעם אתידי ואתגבורתי וידעו כישמי יהוה&nbsp;<span class=""mam-spi-samekh"">{ס}</span>&nbsp;&nbsp;&nbsp;&nbsp;&nbsp;&nbsp;&nbsp;&nbsp;","Assuredly, I will teach them,Once and for all I will teach themMy power and My might.And they shall learn that My name is  GOD.",Percepción (Yada)
Jeremiah,17,1,חטאת יהודה כתובה בעט ברזל בצפרן שמיר חרושה עללוח לבם ולקרנות מזבחותיכם,"The guilt of Judah is inscribedWith a stylus of iron,Engraved with an adamant pointOn the tablet of their hearts,And on the horns of their altars,",Ninguno
Jeremiah,17,2,כזכר בניהם מזבחותם ואשריהם עלעץ רענן על גבעות הגבהות,"While their children rememberaAnd on the horns of their altars, / While their children remember Meaning of Heb. uncertain. Emendation yields “Surely the horns of their altars / Are as a memorial against them.” Their altars and sacred posts,bsacred posts Used in worship of the goddess Asherah. By verdant trees,Upon lofty hills.",Ninguno
Jeremiah,17,3,הררי בשדה חילך כלאוצרותיך לבז אתן במתיך בחטאת בכלגבוליך,"cMeaning of verse uncertain. Because of the sin of your shrinesThroughout your borders,I will make your rampart a heap in the field,And all your treasures a spoil.",Ninguno
Jeremiah,17,4,"ושמטתה ובך מנחלתך אשר נתתי לך והעבדתיך אתאיביך בארץ אשר לאידעת כיאש קדחתם באפי עדעולם תוקד&nbsp;<span class=""mam-spi-samekh"">{ס}</span>&nbsp;&nbsp;&nbsp;&nbsp;&nbsp;&nbsp;&nbsp;&nbsp;","You will forfeit,dYou will forfeit Meaning of Heb. uncertain. Emendation yields “Your hand must let go.” by your own act,The inheritance I have given you;I will make you a slave to your enemiesIn a land you have never known.For you have kindled the flame of My wrathThat shall burn for all time.",Percepción (Yada)
Jeremiah,17,5,כה&thinsp;<b></b> אמר יהוה ארור הגבר אשר יבטח באדם ושם בשר זרעו ומןיהוה יסור לבו,"Thus said  GOD:Cursed is the man who trusts in mortals,Who makes mere flesh his strength,And turns his thoughts from  GOD.",Ninguno
Jeremiah,17,6,"והיה כערער בערבה ולא יראה כייבוא טוב ושכן חררים במדבר ארץ מלחה ולא תשב&nbsp;<span class=""mam-spi-samekh"">{ס}</span>&nbsp;&nbsp;&nbsp;&nbsp;&nbsp;&nbsp;&nbsp;&nbsp;","He shall be like a bushebush Or “tamarisk”; exact meaning of Heb. uncertain. in the desert,Which does not sense the coming of good:It is set in the scorched places of the wilderness,In a barren land without inhabitant.",Ninguno
Jeremiah,17,7,ברוך הגבר אשר יבטח ביהוה והיה יהוה מבטחו,"Blessed is the man who trusts in  GOD,Whose trust is  GOD alone.",Ninguno
Jeremiah,17,8,"והיה כעץ&thinsp;<b></b> שתול עלמים ועליובל ישלח שרשיו ולא <span class=""mam-kq""><span class=""mam-kq-k"">(ירא)</span> <span class=""mam-kq-q"">[יראה]</span></span> כייבא חם והיה עלהו רענן ובשנת בצרת לא ידאג ולא ימיש מעשות פרי","He shall be like a tree planted by waters,Sending forth its roots by a stream:It does not sense the coming of heat,Its leaves are ever fresh;It has no care in a year of drought,It does not cease to yield fruit.",Ninguno
Jeremiah,17,9,עקב הלב מכל ואנש הוא מי ידענו,Most devious is the heart;It is perverse—who can fathom it?,Percepción (Yada)
Jeremiah,17,10,"אני יהוה חקר לב בחן כליות ולתת לאיש כדרכו כפרי מעלליו&nbsp;<span class=""mam-spi-samekh"">{ס}</span>&nbsp;&nbsp;&nbsp;&nbsp;&nbsp;&nbsp;&nbsp;&nbsp;","I  GOD probe the heart,Search the mind—To repay each person according to their own ways,With the proper fruit of their deeds.",Ninguno
Jeremiah,17,11,קרא דגר ולא ילד עשה עשר ולא במשפט בחצי ימו יעזבנו ובאחריתו יהיה נבל,"Like a partridge hatching what she did not layfLike a partridge hatching what she did not lay Meaning of Heb. uncertain. Or “Like a partridge brooding what does not hatch.” Typically, the partridge lays many eggs on open ground, few of which survive. So are those who amass wealth by unjust means;In mid-life it will leave them,And in the end they will be proved fools.",Ninguno
Jeremiah,17,12,כסא כבוד מרום מראשון מקום מקדשנו,"O Throne of Glory exalted from of old,Our Sacred Shrine!",Ninguno
Jeremiah,17,13,"מקוה ישראל יהוה כלעזביך יבשו <span class=""mam-kq""><span class=""mam-kq-k"">(יסורי)</span> <span class=""mam-kq-q"">[וסורי]</span></span> בארץ יכתבו כי עזבו מקור מיםחיים אתיהוה&nbsp;<span class=""mam-spi-pe"">{פ}</span><br>","O Hope of Israel! O  ETERNAL One!All who forsake You shall be put to shame,Those in the land who turn from YougYou Lit. “Me.” Shall be doomed,hdoomed Lit. “inscribed”; meaning of line uncertain. For they have forsaken  GOD,The Fount of living waters.",Ninguno
Jeremiah,17,14,רפאני יהוה וארפא הושיעני ואושעה כי תהלתי אתה,"Heal me, O  ETERNAL One, and let me be healed;Save me, and let me be saved;For You are my glory.",Ninguno
Jeremiah,17,15,הנההמה אמרים אלי איה דבריהוה יבוא נא,"See, they say to me:“Where is GOD’s prediction?Let it come to pass!”",Ninguno
Jeremiah,17,16,ואני לאאצתי&thinsp;<b></b> מרעה אחריך ויום אנוש לא התאויתי אתה ידעת מוצא שפתי נכח פניך היה,"But I have not evadedBeing a shepherd in your service,ievaded / Being a shepherd in your service Exact force of Heb. uncertain. Emendation yields “urged you to [bring] misfortune.” Nor have I longed for the fatal day.You know the utterances of my lips,They were ever before You.",Percepción (Yada)
Jeremiah,17,17,אלתהיהלי למחתה מחסיאתה ביום רעה,Do not be a cause of dismay to me;You are my refuge in a day of calamity.,Ninguno
Jeremiah,17,18,"יבשו רדפי ואלאבשה אני יחתו המה ואלאחתה אני הביא עליהם יום רעה ומשנה שברון שברם&nbsp;<span class=""mam-spi-samekh"">{ס}</span>&nbsp;&nbsp;&nbsp;&nbsp;&nbsp;&nbsp;&nbsp;&nbsp;","Let my persecutors be shamed,And let not me be shamed;Let them be dismayed,And let not me be dismayed.Bring on them the day of disaster,And shatter them with double destruction.",Ninguno
Jeremiah,17,19,"כהאמר יהוה אלי הלך ועמדת בשער בני<span class=""mam-kq""><span class=""mam-kq-q"">[העם]</span> <span class=""mam-kq-k"">(עם)</span></span> אשר יבאו בו מלכי יהודה ואשר יצאו בו ובכל שערי ירושל͏ם","Thus said GOD to me: Go and stand in the People’s Gate, by which the kings of Judah enter and by which they go forth, and in all the gates of Jerusalem, ",Ninguno
Jeremiah,17,20,ואמרת אליהם שמעו דבריהוה מלכי יהודה וכליהודה וכל ישבי ירושל͏ם הבאים בשערים האלה,"and say to them: Hear the word of GOD, O kings of Judah, and all Judah, and all the inhabitants of Jerusalem who enter by these gates!",Ninguno
Jeremiah,17,21,כה אמר יהוה השמרו בנפשותיכם ואלתשאו משא ביום השבת והבאתם בשערי ירושל͏ם,"Thus said GOD: Guard yourselves for your own sake against carrying burdensjburdens Or “merchandise.” on the sabbath day, and bringing them through the gates of Jerusalem. ",Ninguno
Jeremiah,17,22,ולאתוציאו משא מבתיכם ביום השבת וכלמלאכה לא תעשו וקדשתם אתיום השבת כאשר צויתי אתאבותיכם,"Nor shall you carry out burdens from your houses on the sabbath day, or do any work, but you shall hallow the sabbath day, as I commanded your ancestors. ",Ninguno
Jeremiah,17,23,"ולא שמעו ולא הטו אתאזנם ויקשו אתערפם לבלתי <span class=""mam-kq""><span class=""mam-kq-k"">(שומע)</span> <span class=""mam-kq-q"">[שמוע]</span></span> ולבלתי קחת מוסר",(But they would not listen or turn their ear; they stiffened their necks and would not pay heed or accept discipline.),Ninguno
Jeremiah,17,24,"והיה אםשמע תשמעון אלי נאםיהוה לבלתי&thinsp;<b></b> הביא משא בשערי העיר הזאת ביום השבת ולקדש אתיום השבת לבלתי עשות<span class=""mam-kq-trivial"">בה</span> כלמלאכה","If you obey Me—declares GOD—and do not bring in burdens through the gates of this city on the sabbath day, but hallow the sabbath day and do no work on it, ",Ninguno
Jeremiah,17,25,ובאו בשערי העיר הזאת מלכים&thinsp;<small></small>&thinsp;ושרים ישבים עלכסא דוד רכבים&thinsp;<b></b> ברכב ובסוסים המה ושריהם איש יהודה וישבי ירושל͏ם וישבה העירהזאת לעולם,"then through the gates of this city shall enter kings who sit upon the throne of David, with their officers—riding on chariots and horses, they and their officers—and the citizenry of Judah and the inhabitants of Jerusalem. And this city shall be inhabited for all time. ",Ninguno
Jeremiah,17,26,ובאו מערייהודה ומסביבות ירושל͏ם ומארץ בנימן ומןהשפלה ומןההר ומןהנגב מבאים עולה וזבח ומנחה ולבונה ומבאי תודה בית יהוה,"And people shall come from the towns of Judah and from the environs of Jerusalem, and from the land of Benjamin, and from the Shephelah, and from the hill country, and from the Negeb, bringing burnt offerings and sacrifices, grain offerings and frankincense, and bringing offerings of thanksgiving to the House of GOD. ",Ninguno
Jeremiah,17,27,"ואםלא תשמעו אלי לקדש אתיום השבת ולבלתי&thinsp;<b></b> שאת משא ובא בשערי ירושל͏ם ביום השבת והצתי אש בשעריה ואכלה ארמנות ירושל͏ם ולא תכבה&nbsp;<span class=""mam-spi-pe"">{פ}</span><br>","But if you do not obey My command to hallow the sabbath day and to carry in no burdens through the gates of Jerusalem on the sabbath day, then I will set fire to its gates; it shall consume the fortresses of Jerusalem and it shall not be extinguished.",Ninguno
Jeremiah,18,1,הדבר אשר היה אלירמיהו מאת יהוה לאמר,The word that came to Jeremiah from GOD:,Ninguno
Jeremiah,18,2,קום וירדת בית היוצר ושמה אשמיעך אתדברי,"“Go down to the house of a potter, and there I will impart My words to you.” ",Ninguno
Jeremiah,18,3,"וארד בית היוצר <span class=""mam-kq""><span class=""mam-kq-k"">(והנהו)</span> <span class=""mam-kq-q"">[והנההוא]</span></span> עשה מלאכה עלהאבנים","So I went down to the house of a potter, and found him working at the wheel. ",Ninguno
Jeremiah,18,4,"ונשחת הכלי אשר הוא עשה בחמר ביד היוצר ושב ויעשהו כלי אחר כאשר ישר בעיני היוצר לעשות&nbsp;<span class=""mam-spi-samekh"">{ס}</span>&nbsp;&nbsp;&nbsp;&nbsp;&nbsp;&nbsp;&nbsp;&nbsp;","And if the vessel he was making was spoiled, as happens to clay in the potter’s hands,aAnd if the vessel he was making was spoiled, as happens to clay in the potter’s hands So some mss. and one early edition. Most mss. and editions read “And if the vessel that he was making with clay in the potter’s hands was spoiled.” he would make it into another vessel, such as the potter saw fit to make.",Ninguno
Jeremiah,18,5,ויהי דבריהוה אלי לאמור,Then the word of GOD came to me:,Ninguno
Jeremiah,18,6,"הכיוצר הזה לאאוכל לעשות לכם בית ישראל נאםיהוה הנה כחמר ביד היוצר כןאתם בידי בית ישראל&nbsp;<span class=""mam-spi-samekh"">{ס}</span>&nbsp;&nbsp;&nbsp;&nbsp;&nbsp;&nbsp;&nbsp;&nbsp;","O House of Israel, can I not deal with you like this potter?—says GOD. Just like clay in the hands of the potter, so are you in My hands, O House of Israel! ",Ninguno
Jeremiah,18,7,רגע אדבר עלגוי ועלממלכה לנתוש ולנתוץ ולהאביד,At one moment I may decree that a nation or a kingdom shall be uprooted and pulled down and destroyed;,Ninguno
Jeremiah,18,8,"ושב הגוי ההוא מרעתו אשר דברתי עליו ונחמתי עלהרעה אשר חשבתי לעשות לו&nbsp;<span class=""mam-spi-samekh"">{ס}</span>&nbsp;&nbsp;&nbsp;&nbsp;&nbsp;&nbsp;&nbsp;&nbsp;","but if that nation against which I made the decree turns back from its wickedness, I change My mind concerning the punishment I planned to bring on it. ",Ninguno
Jeremiah,18,9,ורגע אדבר עלגוי ועלממלכה לבנות ולנטוע,At another moment I may decree that a nation or a kingdom shall be built and planted;,Ninguno
Jeremiah,18,10,"ועשה <span class=""mam-kq""><span class=""mam-kq-k"">(הרעה)</span> <span class=""mam-kq-q"">[הרע]</span></span> בעיני לבלתי שמע בקולי ונחמתי עלהטובה אשר אמרתי להיטיב אותו&nbsp;<span class=""mam-spi-samekh"">{ס}</span>&nbsp;&nbsp;&nbsp;&nbsp;&nbsp;&nbsp;&nbsp;&nbsp;","but if it does what is displeasing to Me and does not obey Me, then I change My mind concerning the good I planned to bestow upon it.",Ninguno
Jeremiah,18,11,ועתה אמרנא אלאישיהודה ועליושבי ירושל͏ם לאמר כה אמר יהוה הנה אנכי יוצר עליכם רעה וחשב עליכם מחשבה שובו נא איש מדרכו הרעה והיטיבו דרכיכם ומעלליכם,"And now, say to the citizenry of Judah and the inhabitants of Jerusalem: Thus said GOD: I am devisingbdevising The same Hebrew word as is used above for “potter.” disaster for you and laying plans against you. Turn back, each of you, from your wicked ways, and mend your ways and your actions! ",Ninguno
Jeremiah,18,12,"ואמרו נואש כיאחרי מחשבותינו נלך ואיש שררות לבוהרע נעשה&nbsp;<span class=""mam-spi-pe"">{פ}</span><br>","But they will say, “It is no use. We will keep on following our own plans; each of us will act in the willfulness of our own evil heart.”",Ninguno
Jeremiah,18,13,לכן כה אמר יהוה שאלונא בגוים מי שמע כאלה שעררת עשתה מאד בתולת ישראל,"Assuredly, thus said  GOD:Inquire among the nations:Who has heard anything like this?Maiden Israel has doneA most horrible thing.",Ninguno
Jeremiah,18,14,היעזב מצור שדי שלג לבנון אםינתשו מים זרים קרים נוזלים,cMeaning of verse uncertain; cf. 2.13; 17.13. Does one forsake Lebanon snowFrom the mountainous rocks?Does one abandon cool waterFlowing from afar?,Ninguno
Jeremiah,18,15,כישכחני עמי לשוא יקטרו ויכשלום בדרכיהם שבילי עולם ללכת נתיבות דרך לא סלולה,"Yet My people have forgotten Me:They sacrifice to a delusion:They are made to stumble in their ways—The ancient paths—And to walk instead on byways,On a road not built up.",Ninguno
Jeremiah,18,16,"לשום ארצם לשמה <span class=""mam-kq""><span class=""mam-kq-k"">(שרוקת)</span> <span class=""mam-kq-q"">[שריקות]</span></span> עולם כל עובר עליה ישם ויניד בראשו","So their land will become a desolation,An object of hissing for all time.Every passerby will be appalledAnd will shake their head.dhissing…shake their head Observers of ruin performed these actions, to ward off a like fate for themselves; cf. Lam. 2.15. ",Ninguno
Jeremiah,18,17,"כרוחקדים אפיצם לפני אויב ערף ולאפנים אראם ביום אידם&nbsp;<span class=""mam-spi-samekh"">{ס}</span>&nbsp;&nbsp;&nbsp;&nbsp;&nbsp;&nbsp;&nbsp;&nbsp;","Like the east wind, I will scatter themBefore the enemy.I will look upon their back, not their face,eI will look upon their back, not their face Change of vocalization yields “I will show them [My] back and not [My] face.” In their day of disaster.",Ninguno
Jeremiah,18,18,ויאמרו לכו ונחשבה עלירמיהו מחשבות כי לאתאבד תורה מכהן ועצה מחכם ודבר מנביא לכו ונכהו בלשון ואלנקשיבה אלכלדבריו,"They said,fThey said Cf. 20.10. “Come let us devise a plot against Jeremiah—for instruction shall not fail from the priest, nor counsel from the wise, nor oracle from the prophet. Come, let us strike him with the tongue, and we shall no longer have to listen to all those words of his.”",Ninguno
Jeremiah,18,19,הקשיבה יהוה אלי ושמע לקול יריבי,"Listen to me, O  ETERNAL One—And take note of what my enemies say!gwhat my enemies say Emendation yields “my case.” ",Ninguno
Jeremiah,18,20,הישלם תחתטובה רעה כיכרו שוחה לנפשי זכר&thinsp;<b></b> עמדי לפניך לדבר עליהם טובה להשיב אתחמתך מהם,"Should good be repaid with evil?Yet they have dug a pit for me.Remember how I stood before YouTo plead in their behalf,To turn Your anger away from them!",Ninguno
Jeremiah,18,21,לכן תן אתבניהם לרעב והגרם עלידיחרב ותהינה נשיהם שכלות ואלמנות ואנשיהם יהיו הרגי מות בחוריהם מכיחרב במלחמה,"Oh, give their children over to famine,Mow them down by the sword.Let their wives be bereavedOf children and husbands,Let their menhtheir men I.e., their subordinates. be struck down by the plague,And their young men be slain in battle by the sword.",Ninguno
Jeremiah,18,22,"תשמע זעקה מבתיהם כיתביא עליהם גדוד פתאם כיכרו <span class=""mam-kq""><span class=""mam-kq-k"">(שיחה)</span> <span class=""mam-kq-q"">[שוחה]</span></span> ללכדני ופחים טמנו לרגלי","Let an outcry be heard from their housesWhen You bring sudden marauders against them;For they have dug a pit to trap me,And laid snares for my feet.",Ninguno
Jeremiah,18,23,"ואתה יהוה ידעת אתכלעצתם עלי למות אלתכפר עלעונם וחטאתם מלפניך אלתמחי <span class=""mam-kq""><span class=""mam-kq-k"">(והיו)</span> <span class=""mam-kq-q"">[ויהיו]</span></span> מכשלים לפניך בעת אפך עשה בהם&nbsp;<span class=""mam-spi-samekh"">{ס}</span>&nbsp;&nbsp;&nbsp;&nbsp;&nbsp;&nbsp;&nbsp;&nbsp;","O  ETERNAL One, You knowAll their plots to kill me.Do not pardon their iniquity,Do not blot out their guilt from Your presence.Let them be made to stumble before You—Act against them in Your hour of wrath!",Percepción (Yada)
Jeremiah,19,1,כה אמר יהוה הלך וקנית בקבק יוצר חרש ומזקני העם ומזקני הכהנים,"Thus said GOD: Go buy a jug of potter’s ware. And [take] some of the elders of the people and the priests, ",Ninguno
Jeremiah,19,2,"ויצאת אלגיא בןהנם אשר פתח שער <span class=""mam-kq""><span class=""mam-kq-k"">(החרסות)</span> <span class=""mam-kq-q"">[החרסית]</span></span> וקראת שם אתהדברים אשראדבר אליך",and go out to the Valley of Ben-hinnom—at the entrance of the Harsith Gateaat the entrance of the Harsith Gate In contrast to others “by way of the Potsherd Gate”; meaning of Heb. uncertain.—and proclaim there the words that I will speak to you.,Ninguno
Jeremiah,19,3,ואמרת שמעו דבריהוה מלכי יהודה וישבי ירושל͏ם כהאמר יהוה צבאות אלהי ישראל הנני מביא רעה עלהמקום הזה אשר כלשמעה תצלנה אזניו,"Say: “Hear the word of GOD, O kings of Judah and inhabitants of Jerusalem! Thus said GOD of Hosts, the God of Israel: I am going to bring such disaster upon this place that the ears of all who hear about it will tingle. ",Ninguno
Jeremiah,19,4,יען&thinsp;<b></b> אשר עזבני וינכרו אתהמקום הזה ויקטרובו לאלהים אחרים אשר לאידעום המה ואבותיהם ומלכי יהודה ומלאו אתהמקום הזה דם נקים,"For they and their ancestors and the kings of Judah have forsaken Me, and have made this place alien [to Me]; they have sacrificed in it to other gods whom they have not experienced,bexperienced See note at Deut. 11.28. and they have filled this place with the blood of the innocent. ",Percepción (Yada)
Jeremiah,19,5,"ובנו אתבמות הבעל לשרף אתבניהם באש עלות לבעל אשר לאצויתי ולא דברתי ולא עלתה עללבי&nbsp;<span class=""mam-spi-pe"">{פ}</span><br>","They have built shrines to Baal, to put their children to the fire as burnt offerings to Baal—which I never commanded, never decreed, and which never came to My mind. ",Ninguno
Jeremiah,19,6,לכן הנהימים באים נאםיהוה ולאיקרא למקום הזה עוד התפת וגיא בןהנם כי אםגיא ההרגה,"Assuredly, a time is coming—declares GOD—when this place shall no longer be called Topheth or Valley of Ben-hinnom, but Valley of Slaughter.",Ninguno
Jeremiah,19,7,ובקתי אתעצת יהודה וירושל͏ם במקום הזה והפלתים בחרב לפני איביהם וביד מבקשי נפשם ונתתי אתנבלתם למאכל לעוף השמים ולבהמת הארץ,"“And I will frustratecfrustrate Lit. “empty,” Heb. u-baqqothi, a play on baqbuq, “jug” in v. 1. the plans of Judah and Jerusalem in this place. I will cause them to fall by the sword before their enemies, by the hand of those who seek their lives; and I will give their carcasses as food to the birds of the sky and the beasts of the earth. ",Ninguno
Jeremiah,19,8,ושמתי אתהעיר הזאת לשמה ולשרקה כל עבר עליה ישם וישרק עלכלמכתה,And I will make this city an object of horror and hissing;dhissing See note at 18.16. everyone who passes by it will be appalled and will hiss over all its wounds. ,Ninguno
Jeremiah,19,9,והאכלתים אתבשר בניהם ואת בשר בנתיהם ואיש בשררעהו יאכלו במצור ובמצוק אשר יציקו להם איביהם ומבקשי נפשם,"And I will cause them to eat the flesh of their sons and the flesh of their daughters, and they shall devour one another’s flesh—because of the desperate straits to which they will be reduced by their enemies, who seek their life.”",Ninguno
Jeremiah,19,10,ושברת הבקבק לעיני האנשים ההלכים אותך,"Then you shall smash the jug in the sight of those who go with you, ",Ninguno
Jeremiah,19,11,ואמרת אליהם כהאמר&thinsp;<b></b> יהוה צבאות ככה אשבר אתהעם הזה ואתהעיר הזאת כאשר ישבר אתכלי היוצר אשר לאיוכל להרפה עוד ובתפת יקברו מאין מקום לקבור,"and say to them: “Thus said GOD of Hosts: So will I smash this people and this city, as one smashes a potter’s vessel, which can never be mended. And they shall bury in Topheth until no room is left for burying. ",Ninguno
Jeremiah,19,12,כןאעשה למקום הזה נאםיהוה וליושביו ולתת אתהעיר הזאת כתפת,That is what I will do to this place and its inhabitants—declares GOD. I will make this city like Topheth:,Ninguno
Jeremiah,19,13,"והיו בתי ירושל͏ם ובתי מלכי יהודה כמקום התפת הטמאים לכל הבתים אשר קטרו עלגגתיהם לכל צבא השמים והסך נסכים לאלהים אחרים&nbsp;<span class=""mam-spi-pe"">{פ}</span><br>","the houses of Jerusalem and the houses of the kings of Judah shall be impure, like that place Topheth—all the houses on the roofs of which offerings were made to the whole host of heaven and libations were poured out to other gods.”",Ninguno
Jeremiah,19,14,"ויבא ירמיהו מהתפת אשר שלחו יהוה שם להנבא ויעמד בחצר ביתיהוה ויאמר אלכלהעם&nbsp;<span class=""mam-spi-samekh"">{ס}</span>&nbsp;&nbsp;&nbsp;&nbsp;&nbsp;&nbsp;&nbsp;&nbsp;","When Jeremiah returned from Topheth, where GOD had sent him to prophesy, he stood in the court of the House of GOD and said to all the people: ",Ninguno
Jeremiah,19,15,כהאמר יהוה צבאות אלהי ישראל הנני מבי אלהעיר הזאת ועלכלעריה את כלהרעה אשר דברתי עליה כי הקשו אתערפם לבלתי שמוע אתדברי,"“Thus said GOD of Hosts, the God of Israel: I am going to bring upon this city and upon all its villages all the disaster that I have decreed against it, for they have stiffened their necks and refused to heed My words.”",Ninguno
Jeremiah,20,1,וישמע פשחור בןאמר הכהן והואפקיד נגיד בבית יהוה אתירמיהו נבא אתהדברים האלה,"Pashhur son of Immer, the priest who was chief officer of the House of GOD, heard Jeremiah prophesy these things. ",Ninguno
Jeremiah,20,2,ויכה פשחור את ירמיהו הנביא ויתן אתו עלהמהפכת אשר בשער בנימן העליון אשר בבית יהוה,Pashhur thereupon had Jeremiah flogged and put in the cellacell Meaning of Heb. uncertain. at the Upper Benjamin Gate in the House of GOD. ,Ninguno
Jeremiah,20,3,"ויהי ממחרת ויצא פשחור אתירמיהו מןהמהפכת ויאמר אליו ירמיהו לא פשחור קרא יהוה שמך כי אםמגור מסביב&nbsp;<span class=""mam-spi-samekh"">{ס}</span>&nbsp;&nbsp;&nbsp;&nbsp;&nbsp;&nbsp;&nbsp;&nbsp;","The next day, Pashhur released Jeremiah from the cell.But Jeremiah said to him, “GOD has named you not Pashhur, but Magor-missabib.bMagor-missabib I.e., “Terror all around”; cf. v. 10. ",Ninguno
Jeremiah,20,4,כי כה אמר יהוה הנני נתנך למגור לך ולכלאהביך ונפלו בחרב איביהם ועיניך ראות ואתכליהודה אתן ביד מלךבבל והגלם בבלה והכם בחרב,For thus said GOD: I am going to deliver you and all your friends over to terror: they will fall by the sword of their enemies while you look on. I will deliver all Judah into the hands of the king of Babylon; he will exile them to Babylon or put them to the sword.,Ninguno
Jeremiah,20,5,ונתתי אתכלחסן העיר הזאת ואתכליגיעה ואתכליקרה ואת כלאוצרות מלכי יהודה אתן ביד איביהם ובזזום ולקחום והביאום בבלה,"And I will deliver all the wealth, all the riches, and all the prized possessions of this city, and I will also deliver all the treasures of the kings of Judah into the hands of their enemies: they shall seize them as plunder and carry them off to Babylon. ",Ninguno
Jeremiah,20,6,"ואתה פשחור וכל ישבי ביתך תלכו בשבי ובבל תבוא ושם תמות ושם תקבר אתה וכלאהביך אשרנבאת להם בשקר&nbsp;<span class=""mam-spi-pe"">{פ}</span><br>","As for you, Pashhur, and all who live in your house, you shall go into captivity. You shall come to Babylon; there you shall die and there you shall be buried, and so shall all your friends to whom you prophesied falsely.”",Ninguno
Jeremiah,20,7,פתיתני יהוה ואפת חזקתני ותוכל הייתי לשחוק כלהיום כלה לעג לי,"You enticed me, O  ETERNAL One, and I was enticed;You overpowered me and You prevailed.I have become a constant laughingstock,Everyone jeers at me.",Ninguno
Jeremiah,20,8,כימדי אדבר אזעק חמס ושד אקרא כיהיה דבריהוה לי לחרפה ולקלס כלהיום,"For every time I speak, I must cry out,Must shout, “Lawlessness and rapine!”For the word of  GOD causes meConstant disgrace and contempt.",Ninguno
Jeremiah,20,9,ואמרתי לאאזכרנו ולאאדבר עוד בשמו והיה בלבי כאש בערת עצר בעצמתי ונלאיתי כלכל ולא אוכל,"I thought, “I will not mention it,No more will I speak in God’s name”—But [the divine word] was like a raging fire in my heart,Shut up in my bones;I could not hold it in, I was helpless.",Ninguno
Jeremiah,20,10,כי שמעתי דבת רבים מגור מסביב הגידו ונגידנו כל אנוש שלמי שמרי צלעי אולי יפתה ונוכלה לו ונקחה נקמתנו ממנו,"I heard the whispers of the crowd—Terror all around:“Inform! Let us inform against him!”All my [supposed] friendsAre waiting for me to stumble:“Perhaps he can be entrapped,And we can prevail against himAnd take our vengeance on him.”",Ninguno
Jeremiah,20,11,ויהוה אותי כגבור עריץ עלכן רדפי יכשלו ולא יכלו בשו מאד כילא השכילו כלמת עולם לא תשכח,"But  GOD is with me like a mighty warrior;Therefore my persecutors shall stumble;They shall not prevail and shall not succeed.They shall be utterly shamedWith a humiliation for all time,Which shall not be forgotten.",Ninguno
Jeremiah,20,12,"ויהוה צבאות בחן צדיק ראה כליות ולב אראה נקמתך מהם כי אליך גליתי אתריבי&nbsp;<span class=""mam-spi-samekh"">{ס}</span>&nbsp;&nbsp;&nbsp;&nbsp;&nbsp;&nbsp;&nbsp;&nbsp;","O  GOD of Hosts, You who test the righteous,Who examine the heart and the mind,Let me see Your retribution upon them,For I lay my case before You.",Ninguno
Jeremiah,20,13,"שירו ליהוה הללו אתיהוה כי הציל אתנפש אביון מיד מרעים&nbsp;<span class=""mam-spi-samekh"">{ס}</span>&nbsp;&nbsp;&nbsp;&nbsp;&nbsp;&nbsp;&nbsp;&nbsp;","Sing unto  GOD,Praise  GOD—Who has rescued the needyFrom the hands of evildoers!",Ninguno
Jeremiah,20,14,ארור היום אשר ילדתי בו יום אשרילדתני אמי אליהי ברוך,Accursed be the dayThat I was born!Let not the day be blessedWhen my mother bore me!,Ninguno
Jeremiah,20,15,ארור האיש אשר בשר אתאבי לאמר ילדלך בן זכר שמח שמחהו,"Accursed be the manWho brought my father the newsAnd said, “A boyIs born to you,”And gave him such joy!",Ninguno
Jeremiah,20,16,והיה האיש ההוא כערים אשרהפך יהוה ולא נחם ושמע זעקה בבקר ותרועה בעת צהרים,"Let that man become like the citiescthe cities I.e., Sodom and Gomorrah; cf. Gen. 19.24–25. That  GOD overthrew without relenting!Let him hear shrieks in the morningAnd battle shouts at noontide—",Ninguno
Jeremiah,20,17,אשר לאמותתני מרחם ותהילי אמי קברי ורחמה הרת עולם,"Because [God]d[God] Or “he,” i.e., the message-bearer of vv. 15–16. did not kill me before birthSo that my mother might be my grave,And her womb big [with me] for all time.",Ninguno
Jeremiah,20,18,"למה זה מרחם יצאתי לראות עמל ויגון ויכלו בבשת ימי&nbsp;<span class=""mam-spi-pe"">{פ}</span><br>","Why did I ever issue from the womb,To see misery and woe,To spend all my days in shame!",Ninguno
Jeremiah,21,1,הדבר אשרהיה אלירמיהו מאת יהוה בשלח אליו המלך צדקיהו אתפשחור בןמלכיה ואתצפניה בןמעשיה הכהן לאמר,"The word that came to Jeremiah from GOD—when King Zedekiah sent to him Pashhur son of Malchiah and the priest Zephaniah, son of Maaseiah, to say, ",Ninguno
Jeremiah,21,2,דרשנא בעדנו אתיהוה כי נבוכדראצר מלךבבל נלחם עלינו אולי יעשה יהוה אותנו ככלנפלאתיו ויעלה מעלינו,"“Please inquire of GOD on our behalf, for King Nebuchadrezzar of Babylon is attacking us. Perhaps GOD will act for our sake in accordance with all the priorathe prior Lit. “His.” wonders, so that he will withdraw from us.”",Ninguno
Jeremiah,21,3,"ויאמר ירמיהו אליהם כה תאמרן אלצדקיהו&nbsp;<span class=""mam-spi-samekh"">{ס}</span>&nbsp;&nbsp;&nbsp;&nbsp;&nbsp;&nbsp;&nbsp;&nbsp;","Jeremiah answered them, “Thus shall you say to Zedekiah: ",Ninguno
Jeremiah,21,4,כהאמר יהוה אלהי ישראל הנני מסב אתכלי המלחמה אשר בידכם אשר אתם נלחמים בם אתמלך בבל ואתהכשדים הצרים עליכם מחוץ לחומה ואספתי אותם אלתוך העיר הזאת,"Thus said the ETERNAL, the God of Israel: I am going to turn around the weapons in your hands with which you are battling outside the wall against those who are besieging you—the king of Babylon and the Chaldeans—and I will take them into the midst of this city; ",Ninguno
Jeremiah,21,5,ונלחמתי אני אתכם ביד נטויה ובזרוע חזקה ובאף ובחמה ובקצף גדול,"and I Myself will battle against you with an outstretched mighty arm, with anger and rage and great wrath. ",Ninguno
Jeremiah,21,6,והכיתי אתיושבי העיר הזאת ואתהאדם ואתהבהמה בדבר גדול ימתו,"I will strike the inhabitants of this city, both human and animal: they shall die by a terrible pestilence. ",Ninguno
Jeremiah,21,7,ואחריכן נאםיהוה אתן אתצדקיהו מלךיהודה ואתעבדיו&thinsp;<small></small>&thinsp;ואתהעם ואתהנשארים בעיר הזאת מןהדבר&thinsp;<b></b> מןהחרב ומןהרעב ביד נבוכדראצר מלךבבל וביד איביהם וביד מבקשי נפשם והכם לפיחרב לאיחוס עליהם ולא יחמל ולא ירחם,"And then—declares GOD—I will deliver King Zedekiah of Judah and his courtiers and the people—those in this city who survive the pestilence, the sword, and the famine—into the hands of King Nebuchadrezzar of Babylon, into the hands of their enemies, into the hands of those who seek their lives. He will put them to the sword without pity, without compassion, without mercy.",Ninguno
Jeremiah,21,8,ואלהעם הזה תאמר כה אמר יהוה הנני נתן לפניכם אתדרך החיים ואתדרך המות,“And to this people you shall say: Thus said GOD: I set before you the way of life and the way of death.,Ninguno
Jeremiah,21,9,"הישב בעיר הזאת ימות בחרב וברעב ובדבר והיוצא ונפל עלהכשדים הצרים עליכם <span class=""mam-kq""><span class=""mam-kq-k"">(יחיה)</span> <span class=""mam-kq-q"">[וחיה]</span></span> והיתהלו נפשו לשלל","Whoever remains in this city shall die by the sword, by famine, and by pestilence; but whoever leaves and goes over to the Chaldeans who are besieging you shall live; he shall at least gain his life.bhe shall at least gain his life Lit. “he shall have his life as booty.” ",Ninguno
Jeremiah,21,10,"כי שמתי פני בעיר הזאת לרעה ולא לטובה נאםיהוה בידמלך בבל תנתן ושרפה באש&nbsp;<span class=""mam-spi-samekh"">{ס}</span>&nbsp;&nbsp;&nbsp;&nbsp;&nbsp;&nbsp;&nbsp;&nbsp;","For I have set My face against this city for evil and not for good—declares GOD. It shall be delivered into the hands of the king of Babylon, who will destroy it by fire.”",Ninguno
Jeremiah,21,11,ולבית מלך יהודה שמעו דבריהוה,To the House of the king of Judah: Hear the word of GOD!,Ninguno
Jeremiah,21,12,"בית דוד כה אמר יהוה דינו לבקר משפט והצילו גזול מיד עושק פןתצא כאש חמתי ובערה ואין מכבה מפני רע <span class=""mam-kq""><span class=""mam-kq-k"">(מעלליהם)</span> <span class=""mam-kq-q"">[מעלליכם]</span></span>","O House of David, thus said GOD:Render just verdictsMorning by morning;Rescue from the defrauderAnyone who is robbed.Else My wrath will break forth like fireAnd burn, with none to quench it,Because of your wicked acts.",Ninguno
Jeremiah,21,13,הנני אליך ישבת העמק צור המישר נאםיהוה האמרים מייחת עלינו ומי יבוא במעונותינו,"I will deal with you, O inhabitants of the valley,O rock of the plaincO inhabitants of the valley, / O rock of the plain Force of Heb. uncertain.—declares GOD—You who say, “Who can come down against us?Who can get into our lairs?”",Ninguno
Jeremiah,21,14,ופקדתי עליכם כפרי מעלליכם נאםיהוה והצתי אש ביערה ואכלה כלסביביה,I will punish you according to your deeds—declares  GOD.I will set fire to its forest;dforest Perhaps a reference to the royal palace; cf. 1 Kings 7.2. It shall consume all that is around it.,Ninguno
Jeremiah,22,1,כה אמר יהוה רד ביתמלך יהודה ודברת שם אתהדבר הזה,"Thus said GOD: Go down to the palace of the king of Judah, where you shall utter this word. ",Ninguno
Jeremiah,22,2,ואמרת שמע דבריהוה מלך יהודה הישב עלכסא דוד אתה ועבדיך ועמך הבאים בשערים האלה,"Say: “Hear the word of GOD: O king of Judah, you who sit on the throne of David, and your courtiers and your subjects who enter these gates! ",Ninguno
Jeremiah,22,3,כה&thinsp;<b></b> אמר יהוה עשו משפט וצדקה והצילו גזול מיד עשוק וגר יתום ואלמנה אלתנו אלתחמסו ודם נקי אלתשפכו במקום הזה,"Thus said GOD: Do what is just and right; rescue from the defrauder anyone who is robbed; do not wrong the stranger, the fatherless, and the widow; commit no lawless act, and do not shed the blood of the innocent in this place. ",Ninguno
Jeremiah,22,4,כי אםעשו תעשו אתהדבר הזה ובאו בשערי הבית הזה מלכים ישבים לדוד עלכסאו רכבים ברכב ובסוסים הוא ועבדו ועמו,"For if you fulfill this command, then through the gates of this palace shall enter kings of David’s line who sit upon his throne, riding horse-drawn chariots, with their courtiers and their subjects. ",Ninguno
Jeremiah,22,5,"ואם לא תשמעו אתהדברים האלה בי נשבעתי נאםיהוה כילחרבה יהיה הבית הזה&nbsp;<span class=""mam-spi-pe"">{פ}</span><br>","But if you do not heed these commands, I swear by Myself—declares GOD—that this palace shall become a ruin.”",Ninguno
Jeremiah,22,6,"כיכה&thinsp;<b></b> אמר יהוה עלבית מלך יהודה גלעד אתה לי ראש הלבנון אםלא אשיתך מדבר ערים לא <span class=""mam-kq""><span class=""mam-kq-k"">(נושבה)</span> <span class=""mam-kq-q"">[נושבו]</span></span>","For thus said GOD concerning the royal palace of Judah:You are as Gilead to Me,As the summit of Lebanon;But I will make you a desert,Uninhabited towns.",Ninguno
Jeremiah,22,7,וקדשתי עליך משחתים איש וכליו וכרתו מבחר ארזיך והפילו עלהאש,"I will appoint destroyers against you,Each with his tools;They shall cut down your choicest cedarsAnd make them fall into the fire.",Ninguno
Jeremiah,22,8,ועברו גוים רבים על העיר הזאת ואמרו איש אלרעהו עלמה עשה יהוה ככה לעיר הגדולה הזאת,"And when many nations pass by this city and people ask one another, “Why did GOD do thus to that great city?” ",Ninguno
Jeremiah,22,9,"ואמרו על אשר עזבו אתברית יהוה אלהיהם וישתחוו לאלהים אחרים ויעבדום&nbsp;<span class=""mam-spi-samekh"">{ס}</span>&nbsp;&nbsp;&nbsp;&nbsp;&nbsp;&nbsp;&nbsp;&nbsp;","the reply will be, “Because they forsook the covenant with the ETERNAL their God and bowed down to other gods and served them.”",Ninguno
Jeremiah,22,10,אלתבכו למת ואלתנדו לו בכו בכו להלך כי לא ישוב עוד וראה אתארץ מולדתו,"Do not weep for the deadathe dead I.e., Josiah; see 2 Kings 23.29–30. And do not lament for him;Weep rather for him who is leaving,bhim who is leaving I.e., the king called by his throne name Jehoahaz in 2 Kings 23.31ff., and by his private name Shallum here in v. 11 and in 1 Chron. 3.15. For he shall never come backTo see the land of his birth!",Ninguno
Jeremiah,22,11,כי כה אמריהוה אלשלם בןיאשיהו מלך יהודה המלך תחת יאשיהו אביו אשר יצא מןהמקום הזה לאישוב שם עוד,"For thus said GOD concerning ShallumcShallum See the second note at v. 10. son of King Josiah of Judah, who succeeded his father Josiah as king, but who has gone forth from this place: He shall never come back. ",Ninguno
Jeremiah,22,12,"כי במקום אשרהגלו אתו שם ימות ואתהארץ הזאת לאיראה עוד&nbsp;<span class=""mam-spi-samekh"">{ס}</span>&nbsp;&nbsp;&nbsp;&nbsp;&nbsp;&nbsp;&nbsp;&nbsp;","He shall die in the place to which he was exiled, and he shall not see this land again.",Ninguno
Jeremiah,22,13,הוי בנה ביתו בלאצדק ועליותיו בלא משפט ברעהו יעבד חנם ופעלו לא יתןלו,"Ha! HedHe Presumably Jehoiakim son of King Josiah; cf. v. 18. who builds his house with unfairnessAnd his upper chambers with injustice,Who makes his neighbors work without payAnd does not give them their wages,",Ninguno
Jeremiah,22,14,האמר אבנהלי בית מדות ועליות מרוחים וקרע לו חלוני וספון בארז ומשוח בששר,"Who thinks: I will build me a vast palaceWith spacious upper chambers,Provided with windows,Paneled in cedar,Painted with vermilion!",Ninguno
Jeremiah,22,15,התמלך כי אתה מתחרה בארז אביך הלוא אכל ושתה ועשה משפט וצדקה אז טוב לו,"Do you think you are more a kingBecause you compete in cedar?Your father ate and drankeate and drank I.e., he was content with the simple necessities of life. And dispensed justice and equity—Then all went well with him.",Ninguno
Jeremiah,22,16,דן דיןעני ואביון אז טוב הלואהיא הדעת אתי נאםיהוה,He upheld the rights of the poor and needy—Then all was well.That is truly heeding MefThat is truly heeding Me Or “That is the reward for heeding Me.” —declares  GOD.,Ninguno
Jeremiah,22,17,"כי אין עיניך ולבך כי אםעלבצעך ועל דםהנקי לשפוך ועלהעשק ועלהמרוצה לעשות&nbsp;<span class=""mam-spi-samekh"">{ס}</span>&nbsp;&nbsp;&nbsp;&nbsp;&nbsp;&nbsp;&nbsp;&nbsp;","But your eyes and your mind are onlyOn ill-gotten gains,On shedding the blood of the innocent,On committing fraud and violence.",Ninguno
Jeremiah,22,18,לכן כהאמר יהוה אליהויקים בןיאשיהו מלך יהודה לאיספדו לו הוי אחי והוי אחות לאיספדו לו הוי אדון והוי הדה,"Assuredly, thus said GOD concerning Jehoiakim son of Josiah, king of Judah:They shall not mourn for him,“Ah, brother! Ah, sister!”gAh, brother … sister Typical expressions of sorrow at the loss of a relative. They shall not mourn for him,“Ah, lord! Ah, his majesty!”hAh, lord … majesty Typical expressions of sorrow at the death of a ruler. ",Ninguno
Jeremiah,22,19,"קבורת חמור יקבר סחוב והשלך מהלאה לשערי ירושל͏ם&nbsp;<span class=""mam-spi-samekh"">{ס}</span>&nbsp;&nbsp;&nbsp;&nbsp;&nbsp;&nbsp;&nbsp;&nbsp;","He shall have the burial of a donkey,Dragged out and left lyingOutside the gates of Jerusalem.",Ninguno
Jeremiah,22,20,עלי הלבנון וצעקי ובבשן תני קולך וצעקי מעברים כי נשברו כלמאהביך,"iIsrael is addressed. Climb Lebanon and cry out,Raise your voice in Bashan,Cry out from Abarim,For all your lovers are crushed.",Ninguno
Jeremiah,22,21,דברתי אליך בשלותיך אמרת לא אשמע זה דרכך מנעוריך כי לאשמעת בקולי,"I spoke to you when you were prosperous;You said, “I will not listen.”That was your way ever since your youth,You would not heed Me.",Ninguno
Jeremiah,22,22,כלרעיך תרעהרוח ומאהביך בשבי ילכו כי אז תבשי ונכלמת מכל רעתך,"All your shepherdsjshepherds Change of vocalization yields “paramours.” shall be devoured by the wind,And your lovers shall go into captivity.Then you shall be shamed and humiliatedBecause of all your depravity.",Ninguno
Jeremiah,22,23,"<span class=""mam-kq""><span class=""mam-kq-k"">(ישבתי)</span> <span class=""mam-kq-q"">[ישבת]</span></span> בלבנון <span class=""mam-kq""><span class=""mam-kq-k"">(מקננתי)</span> <span class=""mam-kq-q"">[מקננת]</span></span> בארזים מהנחנת בבאלך חבלים חיל כילדה","You who dwell in Lebanon,Nestled among the cedars,How much grace will you havekHow much grace will you have Septuagint reads “How you will groan.” When pains come upon you,Travail as in childbirth!",Ninguno
Jeremiah,22,24,חיאני נאםיהוה כי אםיהיה כניהו בןיהויקים מלך יהודה חותם עליד ימיני כי משם אתקנך,"As I live—declares GOD—if you, O King Coniah,lif you, O King Coniah Heb. 3rd person. Coniah (Jeconiah in 24.1) is identical with Jehoiachin, 2 Kings 24.8ff. son of Jehoiakim, of Judah, were a signet on my right hand, I would tear you off even from there. ",Ninguno
Jeremiah,22,25,ונתתיך ביד מבקשי נפשך וביד אשראתה יגור מפניהם וביד נבוכדראצר מלךבבל וביד הכשדים,"I will deliver you into the hands of those who seek your life, into the hands of those you dread, into the hands of King Nebuchadrezzar of Babylon and into the hands of the Chaldeans. ",Ninguno
Jeremiah,22,26,והטלתי אתך ואתאמך אשר ילדתך על הארץ אחרת אשר לאילדתם שם ושם תמותו,"I will hurl you and the mother who bore you into another land, where you were not born; there you shall both die. ",Ninguno
Jeremiah,22,27,"ועלהארץ אשרהם מנשאים אתנפשם לשוב שם שמה לא ישובו&nbsp;<span class=""mam-spi-pe"">{פ}</span><br>",They shall not return to the land that they yearn to come back to.,Ninguno
Jeremiah,22,28,העצב נבזה נפוץ האיש הזה כניהו אםכלי אין חפץ בו מדוע הוטלו הוא וזרעו והשלכו עלהארץ אשר לאידעו,"Is this man ConiahA wretched broken pot,A vessel no one wants?Why are he and his offspring hurled out,And cast away in a land they knew not?",Percepción (Yada)
Jeremiah,22,29,ארץ ארץ ארץ שמעי דבריהוה,"O land, land, land,Hear the word of  GOD!",Ninguno
Jeremiah,22,30,"כה&thinsp;<b></b> אמר יהוה כתבו אתהאיש הזה ערירי גבר לאיצלח בימיו כי לא יצלח מזרעו איש ישב עלכסא דוד ומשל עוד ביהודה&nbsp;<span class=""mam-spi-pe"">{פ}</span><br>","Thus said  GOD:Record this man as without succession,One who shall never be found acceptable;For none of his offspring shall be acceptedTo sit on the throne of DavidAnd to rule again in Judah.",Ninguno
Jeremiah,23,1,"הוי רעים מאבדים ומפצים אתצאן מרעיתי נאםיהוה&nbsp;<span class=""mam-spi-samekh"">{ס}</span>&nbsp;&nbsp;&nbsp;&nbsp;&nbsp;&nbsp;&nbsp;&nbsp;","Ah, shepherds who let the flock of My pasture stray and scatter!—declares GOD. ",Ninguno
Jeremiah,23,2,לכן כהאמר יהוה אלהי ישראל עלהרעים הרעים אתעמי אתם הפצתם אתצאני ותדחום ולא פקדתם אתם הנני פקד עליכם אתרע מעלליכם נאםיהוה,"Assuredly, thus said the ETERNAL, the God of Israel, concerning the shepherds who should tend My people: It is you who let My flock scatter and go astray. You gave no thought to them, but I am going to give thought to you, for your wicked acts—declares GOD. ",Ninguno
Jeremiah,23,3,ואני אקבץ אתשארית צאני מכל הארצות אשרהדחתי אתם שם והשבתי אתהן עלנוהן ופרו ורבו,"And I Myself will gather the remnant of My flock from all the lands to which I have banished them, and I will bring them back to their pasture, where they shall be fertile and increase. ",Ninguno
Jeremiah,23,4,"והקמתי עליהם רעים ורעום ולאייראו עוד ולאיחתו ולא יפקדו נאםיהוה&nbsp;<span class=""mam-spi-samekh"">{ס}</span>&nbsp;&nbsp;&nbsp;&nbsp;&nbsp;&nbsp;&nbsp;&nbsp;","And I will appoint over them shepherds who will tend them; they shall no longer fear or be dismayed, and none of them shall be missing—declares GOD.",Ninguno
Jeremiah,23,5,הנה ימים באים נאםיהוה והקמתי לדוד צמח צדיק ומלך מלך והשכיל ועשה משפט וצדקה בארץ,"See, a time is coming—declares GOD—when I will raise up a true branch of David’s line. He shall reign as king and shall prosper, and he shall do what is just and right in the land. ",Ninguno
Jeremiah,23,6,"בימיו תושע יהודה וישראל ישכן לבטח וזהשמו אשריקראו יהוה&thinsp;<small></small>&thinsp;צדקנו&nbsp;<span class=""mam-spi-pe"">{פ}</span><br>",In his days Judah shall be delivered and Israel shall dwell secure. And this is the name by which he shall be called: “GOD is our Vindicator.”aGOD is our Vindicator Heb. Yhwh ṣidqenu. Presumably a play on the name of King Zedekiah. ,Ninguno
Jeremiah,23,7,לכן הנהימים באים נאםיהוה ולאיאמרו עוד חייהוה אשר העלה אתבני ישראל מארץ מצרים,"Assuredly, a time is coming—declares GOD—when it shall no more be said, “As GOD lives, who brought the Israelites out of the land of Egypt,” ",Ninguno
Jeremiah,23,8,"כי אםחייהוה אשר העלה ואשר הביא אתזרע בית ישראל מארץ צפונה ומכל הארצות אשר הדחתים שם וישבו עלאדמתם&nbsp;<span class=""mam-spi-pe"">{פ}</span><br>","but rather, “As GOD lives, who brought out and led the offspring of the House of Israel from the northland and from all the lands to which I have banished them.” And they shall dwell upon their own soil.",Ninguno
Jeremiah,23,9,לנבאים נשבר לבי בקרבי רחפו כלעצמותי הייתי כאיש שכור וכגבר עברו יין מפני יהוה ומפני דברי קדשו,"Concerning the prophets.My heart is crushed within me,All my bones are trembling;btrembling Meaning of Heb. uncertain. I have become like someone drunk,Like one overcome by wine—Because of  GOD and because of God’s holy word.",Ninguno
Jeremiah,23,10,כי מנאפים מלאה הארץ כימפני אלה אבלה הארץ יבשו נאות מדבר ותהי מרוצתם רעה וגבורתם לאכן,"For the land is full of adulterers,The land mourns because of a curse;ca curse A few Heb. mss. and Septuagint read “these.” The pastures of the wilderness are dried up.For they run to do evil,They strain to do wrong.dFor they run to do evil, / They strain to do wrong Lit. “Their running is wickedness, / Their straining is iniquity.” ",Ninguno
Jeremiah,23,11,כיגםנביא גםכהן חנפו גםבביתי מצאתי רעתם נאםיהוה,For both prophet and priest are godless;Even in My House I find their wickedness—declares  GOD.,Ninguno
Jeremiah,23,12,לכן יהיה דרכם להם כחלקלקות באפלה ידחו ונפלו בה כיאביא עליהם רעה שנת פקדתם נאםיהוה,"Assuredly,Their path shall becomeLike slippery ground;They shall be thrust into darknessAnd there they shall fall;For I will bring disaster upon them,The year of their doom—declares  GOD.",Ninguno
Jeremiah,23,13,ובנביאי שמרון ראיתי תפלה הנבאו בבעל ויתעו אתעמי אתישראל,In the prophets of SamariaI saw a repulsive thing:They prophesied by BaalAnd led My people Israel astray.,Ninguno
Jeremiah,23,14,"ובנבאי ירושל͏ם ראיתי שערורה נאוף והלך בשקר וחזקו ידי מרעים לבלתישבו איש מרעתו היולי כלם כסדם וישביה כעמרה&nbsp;<span class=""mam-spi-pe"">{פ}</span><br>","But what I see in the prophets of JerusalemIs something horrifying:Adultery and false dealing.They encourage evildoers,So that no one turns back from their own wickedness.To Me they are all like Sodom,And [all] its inhabitants like Gomorrah.",Ninguno
Jeremiah,23,15,"לכן כהאמר יהוה צבאות עלהנבאים הנני מאכיל אותם לענה והשקתים מיראש כי מאת נביאי ירושל͏ם יצאה חנפה לכלהארץ&nbsp;<span class=""mam-spi-pe"">{פ}</span><br>","Assuredly, thus said GOD of Hosts concerning the prophets:I am going to make them eat wormwoodAnd drink a bitter draft;For from the prophets of JerusalemGodlessness has gone forth to the whole land.",Ninguno
Jeremiah,23,16,כהאמר יהוה צבאות אלתשמעו עלדברי הנבאים הנבאים לכם מהבלים המה אתכם חזון לבם ידברו לא מפי יהוה,"Thus said  GOD of Hosts:Do not listen to the words of the prophetsWho prophesy to you.They are deluding you,The prophecies they speak are from their own minds,Not from the mouth of  GOD.",Ninguno
Jeremiah,23,17,אמרים אמור למנאצי דבר יהוה שלום יהיה לכם וכל הלך בשררות לבו אמרו לאתבוא עליכם רעה,They declare to those who despise Me:  GOD   has said:“All shall be well with you”;And to all who follow their willful hearts they say:“No evil shall befall you.”,Ninguno
Jeremiah,23,18,"כי מי עמד בסוד יהוה וירא וישמע אתדברו מיהקשיב <span class=""mam-kq""><span class=""mam-kq-k"">(דברי)</span> <span class=""mam-kq-q"">[דברו]</span></span> וישמע&nbsp;<span class=""mam-spi-samekh"">{ס}</span>&nbsp;&nbsp;&nbsp;&nbsp;&nbsp;&nbsp;&nbsp;&nbsp;","But he who has stood in GOD’s council,And seen, and heard God’s word—He who has listened to that word must obey.eobey Change of vocalization yields “announce it”; cf. vv. 22, 28. ",Ninguno
Jeremiah,23,19,הנה&thinsp;<b></b> סערת יהוה חמה יצאה וסער מתחולל על ראש רשעים יחול,"Lo, GOD’s storm goes forth in fury,A whirling storm,It shall whirl down upon the heads of the wicked.",Ninguno
Jeremiah,23,20,לא ישוב אףיהוה עדעשתו ועדהקימו מזמות לבו באחרית הימים תתבוננו בה בינה,"The anger of  GOD shall not turn backTill it has fulfilled and completed God’s purposes.fLo, GOD’s storm … completed God’s purposes The word of God that Jeremiah referred to in v. 18. In the days to comeYou shall clearly perceive it.",Ninguno
Jeremiah,23,21,לאשלחתי אתהנבאים והם רצו לאדברתי אליהם והם נבאו,"I did not send those prophets,But they rushed in;I did not speak to them,Yet they prophesied.",Ninguno
Jeremiah,23,22,"ואםעמדו בסודי וישמעו דברי אתעמי וישבום מדרכם הרע ומרע מעלליהם&nbsp;<span class=""mam-spi-samekh"">{ס}</span>&nbsp;&nbsp;&nbsp;&nbsp;&nbsp;&nbsp;&nbsp;&nbsp;","If they have stood in My council,Let them announce My words to My peopleAnd make them turn backFrom their evil ways and wicked acts.",Ninguno
Jeremiah,23,23,האלהי מקרב אני נאםיהוה ולא אלהי מרחק,Am I only a God near at hand—says  GOD—And not a God far away?,Ninguno
Jeremiah,23,24,אםיסתר איש במסתרים ואני לאאראנו נאםיהוה הלוא אתהשמים ואתהארץ אני מלא נאםיהוה,"If somebody enters a hiding place,Do I not see them?—says  GOD.For I fill both heaven and earth—declares  GOD.",Ninguno
Jeremiah,23,25,שמעתי את אשראמרו הנבאים הנבאים בשמי שקר לאמר חלמתי חלמתי,"I have heard what the prophets say, who prophesy falsely in My name: “I had a dream, I had a dream.” ",Ninguno
Jeremiah,23,26,עדמתי היש בלב הנבאים נבאי השקר ונביאי תרמת לבם,How long will there begHow long will there be Meaning of Heb. uncertain. in the minds of the prophets who prophesy falsehood—the prophets of their own deceitful minds— ,Ninguno
Jeremiah,23,27,החשבים להשכיח אתעמי שמי בחלומתם אשר יספרו איש לרעהו כאשר שכחו אבותם אתשמי בבעל,"the plan to make My people forget My name, by means of the dreams that they tell each other, just as their ancestors forgot My name because of Baal? ",Ninguno
Jeremiah,23,28,הנביא אשראתו חלום יספר חלום ואשר דברי אתו ידבר דברי אמת מהלתבן אתהבר נאםיהוה,Let the prophet who has a dream tell the dream; and let the one who has received My word report My word faithfully! How can straw be compared to grain?—says GOD.,Ninguno
Jeremiah,23,29,"הלוא כה דברי כאש נאםיהוה וכפטיש יפצץ סלע&nbsp;<span class=""mam-spi-samekh"">{ס}</span>&nbsp;&nbsp;&nbsp;&nbsp;&nbsp;&nbsp;&nbsp;&nbsp;","Behold, My word is like fire—declares GOD—and like a hammer that shatters rock!",Ninguno
Jeremiah,23,30,לכן הנני עלהנבאים נאםיהוה מגנבי דברי איש מאת רעהו,"Assuredly, I am going to deal with the prophets—declares GOD—who steal My words from one another. ",Ninguno
Jeremiah,23,31,הנני עלהנביאם נאםיהוה הלקחים לשונם וינאמו נאם,I am going to deal with the prophets—declares GOD—who waghwag Meaning of Heb. uncertain. their tongues and make oracular utterances. ,Ninguno
Jeremiah,23,32,הנני עלנבאי חלמות שקר נאםיהוה ויספרום ויתעו אתעמי בשקריהם ובפחזותם ואנכי לאשלחתים ולא צויתים והועיל לאיועילו לעםהזה נאםיהוה,"I am going to deal with those who prophesy lying dreams—declares GOD—who relate them to lead My people astray with their reckless lies, when I did not send them or command them. They do this people no good—declares GOD.",Ninguno
Jeremiah,23,33,וכיישאלך העם הזה אוהנביא אוכהן לאמר מהמשא יהוה ואמרת אליהם אתמהמשא ונטשתי אתכם נאםיהוה,"And when this people—or a prophet or a priest—asks you, “What is the burdeniburden I.e., pronouncement; cf. Isa. 13.1; 15.1, etc., where the word rendered “pronouncement” can also mean “burden.” of GOD?” you shall answer them, “What is the burden?jWhat is the burden Septuagint and other versions read “You are the burden!” I will cast you off”—declares GOD.",Ninguno
Jeremiah,23,34,והנביא והכהן והעם אשר יאמר משא יהוה ופקדתי עלהאיש ההוא ועלביתו,"As for the prophet or priest or layperson who shall say “the burden of GOD,” I will punish them and their household. ",Ninguno
Jeremiah,23,35,כה תאמרו איש עלרעהו ואיש אלאחיו מהענה יהוה ומהדבר יהוה,"Thus you shall all speak to your neighbors and to your kin, “What has GOD answered?” or “What has GOD spoken?” ",Ninguno
Jeremiah,23,36,ומשא יהוה לא תזכרועוד כי המשא יהיה לאיש דברו והפכתם אתדברי אלהים חיים יהוה צבאות אלהינו,"But do not mention “the burden of GOD” anymore. Does anyone regard their own word as a “burden,”kDoes anyone regard their own word as a “burden” Meaning of Heb. uncertain. that you pervert the words of the living God, GOD of Hosts, our God? ",Ninguno
Jeremiah,23,37,כה תאמר אלהנביא מהענך יהוה ומהדבר יהוה,Thus you shall speak to the prophet: “What did GOD answer you?” or “What did GOD speak?”,Ninguno
Jeremiah,23,38,ואםמשא יהוה תאמרו לכן כה אמר יהוה יען אמרכם אתהדבר הזה משא יהוה ואשלח אליכם לאמר לא תאמרו משא יהוה,"But if you say “the burden of GOD”—assuredly, thus said GOD: Because you said this thing, “the burden of GOD,” whereas I sent word to you not to say “the burden of GOD,” ",Ninguno
Jeremiah,23,39,לכן הנני ונשיתי אתכם נשא ונטשתי אתכם ואתהעיר אשר נתתי לכם ולאבותיכם מעל פני,"I will utterly forget youlforget you Some Heb. mss., Septuagint, and other versions read “lift you up,” a word from the same root as “burden.” and I will cast you away from My presence, together with the city that I gave to you and your ancestors. ",Ninguno
Jeremiah,23,40,"ונתתי עליכם חרפת עולם וכלמות עולם אשר לא תשכח&nbsp;<span class=""mam-spi-pe"">{פ}</span><br>","And I will lay upon you a disgrace for all time, shame for all time, which shall never be forgotten.",Ninguno
Jeremiah,24,1,הראני יהוה והנה שני דודאי תאנים מועדים לפני היכל יהוה אחרי הגלות נבוכדראצר מלךבבל אתיכניהו בןיהויקים מלךיהודה ואתשרי יהודה ואתהחרש ואתהמסגר מירושל͏ם ויבאם בבל,"GOD
 showed me two baskets of figs, placed in front of the Temple of GOD. This was after King Nebuchadrezzar of Babylon had exiled King Jeconiah son of Jehoiakim of Judah, and the officials of Judah, and the artisans and smiths, and had brought them from Jerusalem to Babylon. ",Ninguno
Jeremiah,24,2,"הדוד אחד תאנים טבות מאד כתאני הבכרות והדוד אחד תאנים רעות מאד אשר לאתאכלנה מרע&nbsp;<span class=""mam-spi-pe"">{פ}</span><br>","One basket contained very good figs, like first-ripened figs, and the other basket contained very bad figs, so bad that they could not be eaten.",Ninguno
Jeremiah,24,3,"ויאמר יהוה אלי מהאתה ראה ירמיהו ואמר תאנים התאנים הטבות טבות מאד והרעות רעות מאד אשר לאתאכלנה מרע&nbsp;<span class=""mam-spi-pe"">{פ}</span><br>","And GOD said to me, “What do you see, Jeremiah?” I answered, “Figs—the good ones are very good, and the bad ones very bad, so bad that they cannot be eaten.”",Ninguno
Jeremiah,24,4,ויהי דבריהוה אלי לאמר,Then the word of GOD came to me:,Ninguno
Jeremiah,24,5,כהאמר יהוה אלהי ישראל כתאנים הטבות האלה כןאכיר אתגלות יהודה אשר שלחתי מןהמקום הזה ארץ כשדים לטובה,"Thus said the ETERNAL, the God of Israel: As with these good figs, so will I single out for good the Judean exiles whom I have driven out from this place to the land of the Chaldeans. ",Ninguno
Jeremiah,24,6,ושמתי עיני עליהם לטובה והשבתים עלהארץ הזאת ובניתים ולא אהרס ונטעתים ולא אתוש,"I will look upon them favorably, and I will bring them back to this land; I will build them and not overthrow them; I will plant them and not uproot them. ",Ninguno
Jeremiah,24,7,"ונתתי להם לב לדעת אתי כי אני יהוה והיולי לעם ואנכי אהיה להם לאלהים כיישבו אלי בכללבם&nbsp;<span class=""mam-spi-samekh"">{ס}</span>&nbsp;&nbsp;&nbsp;&nbsp;&nbsp;&nbsp;&nbsp;&nbsp;","And I will give them the understanding to acknowledge Me, for I am GOD. And they shall be My people and I will be their God, when they turn back to Me with all their heart.",Ninguno
Jeremiah,24,8,וכתאנים הרעות אשר לאתאכלנה מרע כיכה&thinsp;<b></b> אמר יהוה כן אתן אתצדקיהו מלךיהודה ואתשריו ואת&thinsp;<b></b> שארית ירושל͏ם הנשארים בארץ הזאת והישבים בארץ מצרים,"And like the bad figs, which are so bad that they cannot be eaten—thus said GOD—so will I treat King Zedekiah of Judah and his officials and the remnant of Jerusalem that is left in this land, and those who are living in the land of Egypt: ",Ninguno
Jeremiah,24,9,"ונתתים <span class=""mam-kq""><span class=""mam-kq-k"">(לזועה)</span> <span class=""mam-kq-q"">[לזעוה]</span></span> לרעה לכל ממלכות הארץ לחרפה ולמשל לשנינה ולקללה בכלהמקמות אשראדיחם שם","I will make them a horror—an evil—to all the kingdoms of the earth, a disgrace and a proverb, a byword and a curseaa curse I.e., a standard by which people curse; cf. Gen. 12.2 and note; Zech. 8.13. in all the places to which I banish them. ",Ninguno
Jeremiah,24,10,"ושלחתי בם אתהחרב אתהרעב ואתהדבר עדתמם מעל האדמה אשרנתתי להם ולאבותיהם&nbsp;<span class=""mam-spi-pe"">{פ}</span><br>","I will send the sword, famine, and pestilence against them until they are exterminated from the land that I gave to them and their ancestors.",Ninguno
Jeremiah,25,1,הדבר אשרהיה עלירמיהו עלכלעם יהודה בשנה הרבעית ליהויקים בןיאשיהו מלך יהודה היא השנה הראשנית לנבוכדראצר מלך בבל,"The word that came to Jeremiah concerning all the people of Judah, in the fourth year of King Jehoiakim son of Josiah of Judah, which was the first year of King Nebuchadrezzar of Babylon. ",Ninguno
Jeremiah,25,2,אשר דבר ירמיהו הנביא עלכלעם יהודה ואל כלישבי ירושל͏ם לאמר,This is what the prophet Jeremiah said to all the people of Judah and to all the inhabitants of Jerusalem:,Ninguno
Jeremiah,25,3,מןשלש עשרה שנה ליאשיהו בןאמון מלך יהודה ועד&thinsp;<b></b> היום הזה זה שלש ועשרים שנה היה דבריהוה אלי ואדבר אליכם אשכים ודבר ולא שמעתם,"From the thirteenth year of King Josiah son of Amon of Judah, to this day—these twenty-three years—the word of GOD has come to me. I have spoken to you persistently, but you would not listen. ",Ninguno
Jeremiah,25,4,ושלח יהוה אליכם אתכלעבדיו הנבאים השכם ושלח ולא שמעתם ולאהטיתם אתאזנכם לשמע,"Moreover, GOD constantly sent all his servants the prophets to you, but you would not listen or incline your ears to hear ",Ninguno
Jeremiah,25,5,לאמר שובונא איש מדרכו הרעה ומרע מעלליכם ושבו עלהאדמה אשר נתן יהוה לכם ולאבותיכם למןעולם ועדעולם,"when they said, “Turn back, every one, from your evil ways and your wicked acts, that you may remain throughout the ages on the soil that GOD gave to you and your ancestors. ",Ninguno
Jeremiah,25,6,ואלתלכו אחרי אלהים אחרים לעבדם ולהשתחות להם ולאתכעיסו אותי במעשה ידיכם ולא ארע לכם,"Do not follow other gods, to serve them and worship them. Do not vex Me with what your own hands have made,awhat your own hands have made I.e., idols. and I will not bring disaster upon you.” ",Ninguno
Jeremiah,25,7,"ולאשמעתם אלי נאםיהוה למען <span class=""mam-kq""><span class=""mam-kq-k"">(הכעסוני)</span> <span class=""mam-kq-q"">[הכעיסני]</span></span> במעשה ידיכם לרע לכם&nbsp;<span class=""mam-spi-pe"">{פ}</span><br>","But you would not listen to Me—declares GOD—but vexed Me with what your hands made, to your own hurt.",Ninguno
Jeremiah,25,8,לכן כה אמר יהוה צבאות יען אשר לאשמעתם אתדברי,"Assuredly, thus said GOD of Hosts: Because you would not listen to My words, ",Ninguno
Jeremiah,25,9,הנני שלח ולקחתי אתכלמשפחות צפון נאםיהוה ואלנבוכדראצר מלךבבל עבדי והבאתים עלהארץ הזאת ועלישביה ועל כלהגוים האלה סביב והחרמתים ושמתים לשמה ולשרקה ולחרבות עולם,"I am going to send for all the peoples of the north—declares GOD—and for My servant, King Nebuchadrezzar of Babylon, and bring them against this land and its inhabitants, and against all those nations round about. I will exterminate them and make them a desolation, an object of hissingbhissing Cf. note at 18.16.—ruins for all time. ",Ninguno
Jeremiah,25,10,והאבדתי מהם קול ששון וקול שמחה קול חתן וקול כלה קול רחים ואור נר,"And I will banish from them the sound of mirth and gladness, the voice of bridegroom and bride, and the sound of the mill and the light of the lamp. ",Ninguno
Jeremiah,25,11,והיתה כלהארץ הזאת לחרבה לשמה ועבדו הגוים האלה אתמלך בבל שבעים שנה,This whole land shall be a desolate ruin.And those nations shall serve the king of Babylon seventy years.,Ninguno
Jeremiah,25,12,והיה כמלאות שבעים שנה אפקד עלמלךבבל ועלהגוי ההוא נאםיהוה אתעונם ועלארץ כשדים ושמתי אתו לשממות עולם,"When the seventy years are over, I will punish the king of Babylon and that nation and the land of the Chaldeans for their sins—declares GOD—and I will make it a desolation for all time. ",Ninguno
Jeremiah,25,13,"<span class=""mam-kq""><span class=""mam-kq-k"">(והבאותי)</span> <span class=""mam-kq-q"">[והבאתי]</span></span> עלהארץ ההיא אתכלדברי אשרדברתי עליה את כלהכתוב בספר הזה אשרנבא ירמיהו עלכלהגוים","And I will bring upon that land all that I have decreed against it, all that is recorded in this book—that which Jeremiah prophesied against all the nations. ",Ninguno
Jeremiah,25,14,"כי עבדובם גםהמה גוים רבים ומלכים גדולים ושלמתי להם כפעלם וכמעשה ידיהם&nbsp;<span class=""mam-spi-pe"">{פ}</span><br>",For they too shall be enslaved by many nations and great kings; and I will requite them according to their acts and according to their conduct.,Ninguno
Jeremiah,25,15,כי כה אמר יהוה אלהי ישראל אלי קח אתכוס היין החמה הזאת מידי והשקיתה אתו אתכלהגוים אשר אנכי שלח אותך אליהם,"For thus said the ETERNAL, the God of Israel, to me: “Take from My hand this cup of wine—of wrath—and make all the nations to whom I send you drink of it. ",Ninguno
Jeremiah,25,16,ושתו והתגעשו והתהללו מפני החרב אשר אנכי שלח בינתם,"Let them drink and retch and act crazy, because of the sword that I am sending among them.”",Ninguno
Jeremiah,25,17,ואקח אתהכוס מיד יהוה ואשקה אתכלהגוים אשרשלחני יהוה אליהם,So I took the cup from GOD’s hand and gave drink to all the nations to whom GOD had sent me:,Ninguno
Jeremiah,25,18,אתירושל͏ם ואתערי יהודה ואתמלכיה אתשריה לתת אתם לחרבה לשמה לשרקה ולקללה כיום הזה,"Jerusalem and the towns of Judah, and its kings and officials, to make them a desolate ruin, an object of hissingchissing Cf. note at 18.16. and a curseda curse Cf. note at 24.9.—as is now the case; ",Ninguno
Jeremiah,25,19,אתפרעה מלךמצרים ואתעבדיו ואתשריו ואתכלעמו,"Pharaoh king of Egypt, his courtiers, his officials, and all his people; ",Ninguno
Jeremiah,25,20,ואת כלהערב ואת כלמלכי ארץ העוץ ואת כלמלכי ארץ פלשתים ואתאשקלון ואתעזה ואתעקרון ואת שארית אשדוד,"all the mixed peoples;ethe mixed peoples Meaning of Heb. uncertain. all the kings of the land of Uz; all the kings of the land of the Philistines—Ashkelon, Gaza, Ekron, and what is left of Ashdod; ",Ninguno
Jeremiah,25,21,אתאדום ואתמואב ואתבני עמון,"Edom, Moab, and Ammon; ",Ninguno
Jeremiah,25,22,ואת כלמלכיצר ואת כלמלכי צידון ואת מלכי האי אשר בעבר הים,"all the kings of Tyre and all the kings of Sidon, and all the kings of the coastland across the sea; ",Ninguno
Jeremiah,25,23,ואתדדן ואתתימא ואתבוז ואת כלקצוצי פאה,"Dedan, Tema, and Buz, and all those who have their hair clipped; ",Ninguno
Jeremiah,25,24,ואת כלמלכי ערב ואת כלמלכי הערב השכנים במדבר,"all the kings of Arabia, and all the kings of the mixed peoplesfthe mixed peoples Meaning of Heb. uncertain. who live in the desert; ",Ninguno
Jeremiah,25,25,ואת&thinsp;<b></b> כלמלכי זמרי ואת כלמלכי עילם ואת כלמלכי מדי,all the kings of ZimrigZimri Meaning of Heb. uncertain. and all the kings of Elam and all the kings of Media; ,Ninguno
Jeremiah,25,26,ואת&thinsp;<b></b> כלמלכי הצפון הקרבים והרחקים איש אלאחיו ואת כלהממלכות הארץ אשר עלפני האדמה ומלך ששך ישתה אחריהם,"all the kings of the north, whether far from or close to each other—all the royal lands that are on the earth.hroyal lands that are on the earth Meaning of Heb. uncertain. And last of all, the king of SheshachiSheshach A cipher for Babel “Babylon.” shall drink.",Ninguno
Jeremiah,25,27,"ואמרת אליהם&nbsp;<span class=""mam-spi-pe"">{פ}</span><br>כהאמר יהוה צבאות אלהי ישראל שתו ושכרו וקיו ונפלו ולא תקומו מפני החרב אשר אנכי שלח ביניכם","Say to them: “Thus said GOD of Hosts, the God of Israel: Drink and get drunk and vomit; fall and never rise again, because of the sword that I send among you.” ",Ninguno
Jeremiah,25,28,והיה כי ימאנו לקחתהכוס מידך לשתות ואמרת אליהם כה אמר יהוה צבאות שתו תשתו,"And if they refuse to take the cup from your hand and drink, say to them, “Thus said GOD of Hosts: You must drink! ",Ninguno
Jeremiah,25,29,כי הנה בעיר אשר נקראשמי עליה אנכי מחל להרע ואתם הנקה תנקו לא תנקו כי חרב אני קרא עלכלישבי הארץ נאם יהוה צבאות,"If I am bringing the punishment first on the city that bears My name, do you expect to go unpunished? You will not go unpunished, for I am summoning the sword against all the inhabitants of the earth—declares GOD of Hosts.”",Ninguno
Jeremiah,25,30,ואתה תנבא אליהם את כלהדברים האלה ואמרת אליהם יהוה ממרום ישאג וממעון קדשו יתן קולו שאג ישאג עלנוהו הידד כדרכים יענה אל כלישבי הארץ,"You are to prophesy all those things to them, and then say to them:  GOD   roars from on high,And bellows from the holy dwelling—Roaring aloud over the [earthly] abodeAnd uttering shouts like the grape-treaders—Against all the dwellers on earth.",Ninguno
Jeremiah,25,31,"בא שאון עדקצה הארץ כי ריב ליהוה בגוים נשפט הוא לכלבשר הרשעים נתנם לחרב נאםיהוה&nbsp;<span class=""mam-spi-samekh"">{ס}</span>&nbsp;&nbsp;&nbsp;&nbsp;&nbsp;&nbsp;&nbsp;&nbsp;","Tumult has reached the ends of the earth,For  GOD has a case against the nations,And contends with all flesh—Delivering the wicked to the sword—declares  GOD.",Ninguno
Jeremiah,25,32,כה אמר יהוה צבאות הנה רעה יצאת מגוי אלגוי וסער גדול יעור מירכתיארץ,Thus said  GOD of Hosts:Disaster goes forthFrom nation to nation;A great storm is unleashedFrom the remotest parts of earth.,Ninguno
Jeremiah,25,33,והיו חללי יהוה ביום ההוא מקצה הארץ ועדקצה הארץ לא יספדו ולא יאספו ולא יקברו לדמן עלפני האדמה יהיו,"In that day, the earth shall be strewn with the slain of GOD from one end to the other. They shall not be mourned, or gathered and buried; they shall become dung upon the face of the earth.",Ninguno
Jeremiah,25,34,הילילו הרעים וזעקו והתפלשו אדירי הצאן כימלאו ימיכם לטבוח ותפוצותיכם ונפלתם ככלי חמדה,"Howl, you shepherds, and yell,Strew [dust] on yourselves, you lords of the flock!For the day of your slaughter draws near.I will break you in pieces,jI will break you in pieces Meaning of Heb. uncertain. And you shall fall like a precious vessel.",Ninguno
Jeremiah,25,35,ואבד מנוס מןהרעים ופליטה מאדירי הצאן,"Flight shall fail the shepherds,And escape, the lords of the flock.",Ninguno
Jeremiah,25,36,קול צעקת הרעים ויללת אדירי הצאן כישדד יהוה אתמרעיתם,"Hark, the outcry of the shepherds,And the howls of the lords of the flock!For  GOD is ravaging their pasture.",Ninguno
Jeremiah,25,37,ונדמו נאות השלום מפני חרון אףיהוה,The peaceful meadows shall be wiped outBy GOD’s fierce wrath.,Ninguno
Jeremiah,25,38,"עזב ככפיר סכו כיהיתה ארצם לשמה מפני חרון היונה ומפני חרון אפו&nbsp;<span class=""mam-spi-pe"">{פ}</span><br>","Like a lion [God] has gone forth from the lair;The land has become a desolation,Because of the oppressivekoppressive Meaning of Heb. uncertain. wrath,Because of such fierce anger.",Ninguno
Jeremiah,26,1,בראשית ממלכות יהויקים בןיאשיהו מלך יהודה היה הדבר הזה מאת יהוה לאמר,"At the beginning of the reign of King Jehoiakim son of Josiah of Judah, this word came from GOD:",Ninguno
Jeremiah,26,2,כה&thinsp;<b></b> אמר יהוה עמד בחצר ביתיהוה ודברת עלכלערי יהודה הבאים להשתחות ביתיהוה את כלהדברים אשר צויתיך לדבר אליהם אלתגרע דבר,"“Thus said GOD: Stand in the court of the House of GOD, and speak to [the inhabitants of] all the towns of Judah, who are coming to worship in the House of GOD, all the words that I command you to speak to them. Do not omit anything. ",Ninguno
Jeremiah,26,3,אולי ישמעו וישבו איש מדרכו הרעה ונחמתי אלהרעה אשר אנכי חשב לעשות להם מפני רע מעלליהם,"Perhaps they will listen and turn back, each from their own evil way, that I may renounce the punishment I am planning to bring upon them for their wicked acts.",Ninguno
Jeremiah,26,4,ואמרת אליהם כה אמר יהוה אםלא תשמעו אלי ללכת בתורתי אשר נתתי לפניכם,"“Say to them: Thus said GOD: If you do not obey Me, abiding by the Teaching that I have set before you, ",Ninguno
Jeremiah,26,5,לשמע עלדברי עבדי הנבאים אשר אנכי שלח אליכם והשכם ושלח ולא שמעתם,heeding the words of My servants the prophets whom I have been sending to you persistently—but you have not heeded—,Ninguno
Jeremiah,26,6,"ונתתי אתהבית הזה כשלה ואתהעיר <span class=""mam-kq""><span class=""mam-kq-k"">(הזאתה)</span> <span class=""mam-kq-q"">[הזאת]</span></span> אתן לקללה לכל גוי הארץ&nbsp;<span class=""mam-spi-pe"">{פ}</span><br>","then I will make this House like Shiloh, and I will make this city a curseaa curse Cf. note at 24.9. for all the nations of earth.”",Ninguno
Jeremiah,26,7,וישמעו הכהנים והנבאים וכלהעם אתירמיהו מדבר אתהדברים האלה בבית יהוה,The priests and prophets and all the people heard Jeremiah speaking these words in the House of GOD.,Ninguno
Jeremiah,26,8,ויהי&thinsp;<b></b> ככלות ירמיהו לדבר את כלאשרצוה יהוה לדבר אלכלהעם ויתפשו אתו הכהנים והנביאים וכלהעם לאמר מות תמות,"And when Jeremiah finished speaking all that GOD had commanded him to speak to all the people, the priests and the prophets and all the people seized him, shouting, “You shall die! ",Ninguno
Jeremiah,26,9,מדוע נבית בשםיהוה לאמר כשלו יהיה הבית הזה והעיר הזאת תחרב מאין יושב ויקהל כלהעם אלירמיהו בבית יהוה,"How dare you prophesy in the name of GOD that this House shall become like Shiloh and this city be made desolate, without inhabitants?” And all the people crowded about Jeremiah in the House of GOD.",Ninguno
Jeremiah,26,10,"וישמעו&thinsp;<b></b> שרי יהודה את הדברים האלה ויעלו מביתהמלך בית יהוה וישבו בפתח שעריהוה החדש&nbsp;<span class=""mam-spi-samekh"">{ס}</span>&nbsp;&nbsp;&nbsp;&nbsp;&nbsp;&nbsp;&nbsp;&nbsp;","When the officials of Judah heard about this, they went up from the king’s palace to the House of GOD and held a session at the entrance of the New Gate of the House ofbthe House of So many mss. and ancient versions; other mss. and the editions omit these words. GOD. ",Ninguno
Jeremiah,26,11,ויאמרו הכהנים והנבאים אלהשרים ואלכלהעם לאמר משפטמות לאיש הזה כי נבא אלהעיר הזאת כאשר שמעתם באזניכם,"The priests and prophets said to the officials and to all the people, “This man deserves the death penalty, for he has prophesied against this city, as you yourselves have heard.”",Ninguno
Jeremiah,26,12,ויאמר ירמיהו אלכלהשרים ואלכלהעם לאמר יהוה שלחני להנבא אלהבית הזה ואלהעיר הזאת את כלהדברים אשר שמעתם,"Jeremiah said to the officials and to all the people, “It was GOD who sent me to prophesy against this House and this city all the words you heard. ",Ninguno
Jeremiah,26,13,ועתה היטיבו דרכיכם ומעלליכם ושמעו בקול יהוה אלהיכם וינחם יהוה אלהרעה אשר דבר עליכם,"Therefore mend your ways and your acts, and heed the ETERNAL your God, that GOD may renounce the punishment that has been decreed for you. ",Ninguno
Jeremiah,26,14,ואני הנני בידכם עשולי כטוב וכישר בעיניכם,"As for me, I am in your hands: do to me what seems good and right to you. ",Ninguno
Jeremiah,26,15,"אך&thinsp;<b></b> ידע תדעו כי אםממתים אתם אתי כידם נקי אתם נתנים עליכם ואלהעיר הזאת ואלישביה כי באמת שלחני יהוה עליכם לדבר באזניכם את כלהדברים האלה&nbsp;<span class=""mam-spi-samekh"">{ס}</span>&nbsp;&nbsp;&nbsp;&nbsp;&nbsp;&nbsp;&nbsp;&nbsp;","But know that if you put me to death, you and this city and its inhabitants will be guilty of shedding an innocent’s blood. For in truth GOD has sent me to you, to speak all these words to you.”",Percepción (Yada)
Jeremiah,26,16,ויאמרו השרים וכלהעם אלהכהנים ואלהנביאים איןלאיש הזה משפטמות כי בשם יהוה אלהינו דבר אלינו,"Then the officials and all the people said to the priests and prophets, “This man does not deserve the death penalty, for he spoke to us in the name of the ETERNAL our God.”",Ninguno
Jeremiah,26,17,ויקמו אנשים מזקני הארץ ויאמרו אלכלקהל העם לאמר,"And some of the elders of the land arose and said to the entire assemblage of the people, ",Ninguno
Jeremiah,26,18,"<span class=""mam-kq""><span class=""mam-kq-k"">(מיכיה)</span> <span class=""mam-kq-q"">[מיכה]</span></span> המורשתי היה נבא בימי חזקיהו מלךיהודה ויאמר אלכלעם יהודה לאמר כהאמר&thinsp;<b></b> יהוה צבאות ציון שדה תחרש וירושלים עיים תהיה והר הבית לבמות יער","“Micah the Morashtite, who prophesied in the days of King Hezekiah of Judah, said to all the people of Judah: ‘Thus said GOD of Hosts:Zion shall be plowed as a field,Jerusalem shall become heaps of ruinsAnd the Temple Mount a shrine in the woods.’cZion shall … shrine in the woods Cf. Mic. 3.12. ",Ninguno
Jeremiah,26,19,ההמת המתהו חזקיהו מלךיהודה וכליהודה הלא ירא אתיהוה ויחל אתפני יהוה וינחם יהוה אלהרעה אשרדבר עליהם ואנחנו עשים רעה גדולה עלנפשותינו,"Did King Hezekiah of Judah, and all Judah, put him to death? Did he not rather fear GOD and implore GOD, so that GOD renounced the punishment He had decreed against them? We are about to do great injury to ourselves!”",Ninguno
Jeremiah,26,20,וגםאיש היה מתנבא בשם יהוה אוריהו בןשמעיהו מקרית היערים וינבא עלהעיר הזאת ועלהארץ הזאת ככל דברי ירמיהו,"There was also a man prophesying in the name of GOD, Uriah son of Shemaiah from Kiriath-jearim, who prophesied against this city and this land the same things as Jeremiah. ",Ninguno
Jeremiah,26,21,וישמע המלךיהויקים וכלגבוריו וכלהשרים אתדבריו ויבקש המלך המיתו וישמע אוריהו וירא ויברח ויבא מצרים,"King Jehoiakim and all his warriors and all the officials heard about his address, and the king wanted to put him to death. Uriah heard of this and fled in fear, and came to Egypt. ",Ninguno
Jeremiah,26,22,וישלח המלך יהויקים אנשים מצרים את אלנתן בןעכבור ואנשים אתו אלמצרים,But King Jehoiakim sent agents—Elnathan son of Achbor and several men under him—to Egypt.,Ninguno
Jeremiah,26,23,ויוציאו אתאוריהו ממצרים ויבאהו אלהמלך יהויקים ויכהו בחרב וישלך אתנבלתו אלקברי בני העם,"They took Uriah out of Egypt and brought him to King Jehoiakim, who had him put to the sword and his body thrown into the burial place of the common people. ",Ninguno
Jeremiah,26,24,"אך יד אחיקם בןשפן היתה אתירמיהו לבלתי תתאתו בידהעם להמיתו&nbsp;<span class=""mam-spi-pe"">{פ}</span><br>","However, Ahikam son of Shaphan protected Jeremiah, so that he was not handed over to the people for execution.",Ninguno
Jeremiah,27,1,בראשית ממלכת יהויקם בןיאושיהו מלך יהודה היה הדבר הזה אלירמיה מאת יהוה לאמר,"At the beginning of the reign of King JehoiakimaJehoiakim Emendation yields “Zedekiah”; so a few mss. and Syriac; cf. vv. 3 and 12. son of Josiah of Judah, this word came to Jeremiah from GOD:",Ninguno
Jeremiah,27,2,כהאמר יהוה אלי עשה לך מוסרות ומטות ונתתם עלצוארך,"Thus said GOD to me: Make for yourself thongs and bars of a yoke, and put them on your neck. ",Ninguno
Jeremiah,27,3,ושלחתם אלמלך אדום ואלמלך מואב ואלמלך בני עמון ואלמלך צר ואלמלך צידון ביד מלאכים הבאים ירושל͏ם אלצדקיהו מלך יהודה,"And send thembAnd send them Emendation yields “And send,” i.e., a message. to the king of Edom, the king of Moab, the king of the Ammonites, the king of Tyre, and the king of Sidon, by envoys who have come to King Zedekiah of Judah in Jerusalem; ",Ninguno
Jeremiah,27,4,וצוית אתם אלאדניהם לאמר כהאמר יהוה צבאות אלהי ישראל כה תאמרו אלאדניכם,"and give them this charge to their masters: Thus said GOD of Hosts, the God of Israel: Say this to your masters:",Ninguno
Jeremiah,27,5,אנכי עשיתי אתהארץ אתהאדם ואתהבהמה אשר עלפני הארץ בכחי הגדול ובזרועי הנטויה ונתתיה לאשר ישר בעיני,"“It is I who made the earth, and the humans and animals that are on the earth, by My great might and My outstretched arm; and I give it to whomever I deem proper. ",Ninguno
Jeremiah,27,6,ועתה אנכי נתתי אתכלהארצות האלה ביד נבוכדנאצר מלךבבל עבדי וגם אתחית השדה נתתי לו לעבדו,"I herewith deliver all these lands to My servant, King Nebuchadnezzar of Babylon; I even give him the wild beasts to serve him. ",Ninguno
Jeremiah,27,7,ועבדו אתו כלהגוים ואתבנו ואתבןבנו עד באעת ארצו גםהוא ועבדו בו גוים רבים ומלכים גדלים,"All nations shall serve him, his son and his grandson—until the turn of his own land comes, when many nations and great kings shall subjugate him. ",Ninguno
Jeremiah,27,8,והיה הגוי והממלכה אשר לאיעבדו אתו אתנבוכדנאצר מלךבבל ואת אשר לאיתן אתצוארו בעל מלך בבל בחרב וברעב ובדבר אפקד עלהגוי ההוא נאםיהוה עדתמי אתם בידו,"The nation or kingdom that does not serve him—King Nebuchadnezzar of Babylon—and does not put its neck under the yoke of the king of Babylon, that nation I will visit—declares GOD—with sword, famine, and pestilence, until I have destroyed it by his hands. ",Ninguno
Jeremiah,27,9,ואתם אלתשמעו אלנביאיכם ואלקסמיכם ואל חלמתיכם ואלענניכם ואלכשפיכם אשרהם אמרים אליכם לאמר לא תעבדו אתמלך בבל,"As for you, give no heed to your prophets, augurs, dreamers,cdreamers Lit. “dreams.” diviners, and sorcerers, who say to you, ‘Do not serve the king of Babylon.’ ",Ninguno
Jeremiah,27,10,כי שקר הם נבאים לכם למען הרחיק אתכם מעל אדמתכם והדחתי אתכם ואבדתם,For they prophesy falsely to you—with the result that you shall be banished from your land; I will drive you out and you shall perish.,Ninguno
Jeremiah,27,11,והגוי אשר יביא אתצוארו בעל מלךבבל ועבדו והנחתיו עלאדמתו נאםיהוה ועבדה וישב בה,"But the nation that puts its neck under the yoke of the king of Babylon, and serves him, will be left by Me on its own soil—declares GOD—to till it and dwell on it.”",Ninguno
Jeremiah,27,12,ואלצדקיה מלךיהודה דברתי ככלהדברים האלה לאמר הביאו אתצואריכם בעל מלךבבל ועבדו אתו ועמו וחיו,"I also spoke to King Zedekiah of Judah in just the same way: “Put your necks under the yoke of the king of Babylon; serve him and his people, and live! ",Ninguno
Jeremiah,27,13,למה תמותו אתה ועמך בחרב ברעב ובדבר כאשר דבר יהוה אלהגוי אשר לאיעבד אתמלך בבל,"Otherwise you will die together with your people, by sword, famine, and pestilence, as GOD has decreed against any nation that does not serve the king of Babylon. ",Ninguno
Jeremiah,27,14,ואלתשמעו אלדברי הנבאים האמרים אליכם לאמר לא תעבדו אתמלך בבל כי שקר הם נבאים לכם,"Give no heed to the words of the prophets who say to you, ‘Do not serve the king of Babylon,’ for they prophesy falsely to you. ",Ninguno
Jeremiah,27,15,כי לא שלחתים נאםיהוה והם נבאים בשמי לשקר למען הדיחי אתכם ואבדתם אתם והנבאים הנבאים לכם,"I have not sent them—declares GOD—and they prophesy falsely in My name, with the result that I will drive you out and you shall perish, together with the prophets who prophesy to you.”",Ninguno
Jeremiah,27,16,ואלהכהנים ואלכלהעם הזה דברתי לאמר כה אמר יהוה אלתשמעו אלדברי נביאיכם הנבאים לכם לאמר הנה כלי ביתיהוה מושבים מבבלה עתה מהרה כי שקר המה נבאים לכם,"And to the priests and to all that people I said: “Thus said GOD: Give no heed to the words of the prophets who prophesy to you, ‘The vessels of the House of GOD shall shortly be brought back from Babylon,’ for they prophesy falsely to you. ",Ninguno
Jeremiah,27,17,אלתשמעו אליהם עבדו אתמלךבבל וחיו למה תהיה העיר הזאת חרבה,"Give them no heed. Serve the king of Babylon, and live! Otherwise this city shall become a ruin. ",Ninguno
Jeremiah,27,18,ואםנבאים הם ואםיש דבריהוה אתם יפגעונא ביהוה צבאות לבלתיבאו הכלים&thinsp;<b></b> הנותרים בביתיהוה ובית מלך יהודה ובירושל͏ם בבלה,"If they are really prophets and the word of GOD is with them, let them intercede with GOD of Hosts not to let the vessels remaining in the House of GOD, in the royal palace of Judah, and in Jerusalem, go to Babylon!",Ninguno
Jeremiah,27,19,כי כה אמר יהוה צבאות אלהעמדים ועלהים ועלהמכנות ועל יתר הכלים הנותרים בעיר הזאת,"“For thus said GOD of Hosts concerning the columns, the tank,dtank Lit. “sea”; cf. 1 Kings 7.23ff. the stands, and the rest of the vessels remaining in this city, ",Ninguno
Jeremiah,27,20,"אשר לאלקחם נבוכדנאצר מלך בבל בגלותו את<span class=""mam-kq""><span class=""mam-kq-q"">[יכניה]</span> <span class=""mam-kq-k"">(יכוניה)</span></span> בןיהויקים מלךיהודה מירושל͏ם בבלה ואת כלחרי יהודה וירושל͏ם","which King Nebuchadnezzar of Babylon did not take when he exiled King Jeconiah son of Jehoiakim of Judah, from Jerusalem to Babylon, with all the nobles of Judah and Jerusalem; ",Ninguno
Jeremiah,27,21,כי כה אמר יהוה צבאות אלהי ישראל עלהכלים הנותרים בית יהוה ובית מלךיהודה וירושל͏ם,"for thus said GOD of Hosts, the God of Israel, concerning the vessels remaining in the House of GOD, in the royal palace of Judah, and in Jerusalem: ",Ninguno
Jeremiah,27,22,"בבלה יובאו ושמה יהיו עד יום פקדי אתם נאםיהוה והעליתים והשיבתים אלהמקום הזה&nbsp;<span class=""mam-spi-pe"">{פ}</span><br>","They shall be brought to Babylon, and there they shall remain, until I take note of them—declares GOD of Hosts—and bring them up and restore them to this place.”",Ninguno
Jeremiah,28,1,"ויהי&thinsp;<b></b> בשנה ההיא בראשית ממלכת צדקיה מלךיהודה <span class=""mam-kq""><span class=""mam-kq-k"">(בשנת)</span> <span class=""mam-kq-q"">[בשנה]</span></span> הרבעית בחדש החמישי אמר אלי חנניה בןעזור הנביא אשר מגבעון בבית יהוה לעיני הכהנים וכלהעם לאמר","That year, early in the reign of King Zedekiah of Judah, in the fifth month of the fourth year, the prophet Hananiah son of Azzur, who was from Gibeon, spoke to me in the House of GOD, in the presence of the priests and all the people. He said: ",Ninguno
Jeremiah,28,2,כהאמר יהוה צבאות אלהי ישראל לאמר שברתי אתעל מלך בבל,"“Thus said GOD of Hosts, the God of Israel: I hereby break the yoke of the king of Babylon. ",Ninguno
Jeremiah,28,3,בעוד&thinsp;<b></b> שנתים ימים אני משיב אלהמקום הזה אתכלכלי בית יהוה אשר לקח נבוכדנאצר מלךבבל מןהמקום הזה ויביאם בבל,"In two years, I will restore to this place all the vessels of the House of GOD that King Nebuchadnezzar of Babylon took from this place and brought to Babylon. ",Ninguno
Jeremiah,28,4,ואתיכניה בןיהויקים מלךיהודה ואתכלגלות יהודה הבאים בבלה אני משיב אלהמקום הזה נאםיהוה כי אשבר אתעל מלך בבל,"And I will bring back to this place King Jeconiah son of Jehoiakim of Judah, and all the Judean exiles who went to Babylon—declares GOD. Yes, I will break the yoke of the king of Babylon.”",Ninguno
Jeremiah,28,5,ויאמר ירמיה הנביא אלחנניה הנביא לעיני הכהנים ולעיני כלהעם העמדים בבית יהוה,Then the prophet Jeremiah answered the prophet Hananiah in the presence of the priests and of all the people who were standing in the House of GOD.,Ninguno
Jeremiah,28,6,ויאמר ירמיה הנביא אמן כן יעשה יהוה יקם יהוה אתדבריך אשר נבאת להשיב כלי ביתיהוה וכלהגולה מבבל אלהמקום הזה,The prophet Jeremiah said: “Amen! May GOD do so! May GOD fulfill what you have prophesied and bring back from Babylon to this place the vessels of the House of GOD and all the exiles!,Ninguno
Jeremiah,28,7,אךשמענא הדבר הזה אשר אנכי דבר באזניך ובאזני כלהעם,But just listen to this word that I address to you and to all the people:,Ninguno
Jeremiah,28,8,הנביאים אשר היו לפני ולפניך מןהעולם וינבאו אלארצות רבות ועלממלכות גדלות למלחמה ולרעה ולדבר,"The prophets who lived before you and me from ancient times prophesied war, disaster, and pestilence against many lands and great kingdoms. ",Ninguno
Jeremiah,28,9,הנביא אשר ינבא לשלום בבא דבר הנביא יודע הנביא אשרשלחו יהוה באמת,"So if a prophet prophesies good fortune, then only when the word of the prophet comes true can it be known that GOD really sent him.”",Ninguno
Jeremiah,28,10,ויקח חנניה הנביא אתהמוטה מעל צואר ירמיה הנביא וישברהו,"But the prophet Hananiah removed the bar from the neck of the prophet Jeremiah, and broke it; ",Ninguno
Jeremiah,28,11,"ויאמר חנניה לעיני כלהעם לאמר כה אמר יהוה ככה אשבר אתעל&thinsp;<b></b> נבכדנאצר מלךבבל בעוד שנתים ימים מעל צואר כלהגוים וילך ירמיה הנביא לדרכו&nbsp;<span class=""mam-spi-pe"">{פ}</span><br>","and Hananiah said in the presence of all the people, “Thus said GOD: So will I break the yoke of King Nebuchadnezzar of Babylon from off the necks of all the nations, in two years.” And the prophet Jeremiah went on his way.",Ninguno
Jeremiah,28,12,ויהי דבריהוה אלירמיה אחרי שבור חנניה הנביא אתהמוטה מעל צואר ירמיה הנביא לאמר,"After the prophet Hananiah had broken the bar from off the neck of the prophet Jeremiah, the word of GOD came to Jeremiah: ",Ninguno
Jeremiah,28,13,הלוך ואמרת אלחנניה לאמר כה אמר יהוה מוטת עץ שברת ועשית תחתיהן מטות ברזל,"“Go say to Hananiah: Thus said GOD: You broke bars of wood, but you shallayou shall Septuagint reads “I will.” make bars of iron instead. ",Ninguno
Jeremiah,28,14,כי כהאמר יהוה צבאות אלהי ישראל על ברזל נתתי עלצואר&thinsp;<b></b> כלהגוים האלה לעבד אתנבכדנאצר מלךבבל ועבדהו וגם אתחית השדה נתתי לו,"For thus said GOD of Hosts, the God of Israel: I have put an iron yoke upon the necks of all those nations, that they may serve King Nebuchadnezzar of Babylon—and serve him they shall! I have even given the wild beasts to him.”",Ninguno
Jeremiah,28,15,ויאמר ירמיה הנביא אלחנניה הנביא שמענא חנניה לאשלחך יהוה ואתה הבטחת אתהעם הזה עלשקר,"And the prophet Jeremiah said to the prophet Hananiah, “Listen, Hananiah! GOD did not send you, and you have given this people lying assurances. ",Ninguno
Jeremiah,28,16,לכן כה אמר יהוה הנני משלחך מעל פני האדמה השנה אתה מת כיסרה דברת אליהוה,"Assuredly, thus said GOD: I am going to banish you from off the earth. This year you shall die, for you have urged disloyalty to GOD.”",Ninguno
Jeremiah,28,17,"וימת חנניה הנביא בשנה ההיא בחדש השביעי&nbsp;<span class=""mam-spi-pe"">{פ}</span><br>","And the prophet Hananiah died that year, in the seventh month.",Ninguno
Jeremiah,29,1,ואלה דברי הספר אשר שלח ירמיה הנביא מירושל͏ם אליתר זקני הגולה ואלהכהנים ואלהנביאים ואלכלהעם אשר הגלה נבוכדנאצר מירושל͏ם בבלה,"This is the text of the letter that the prophet Jeremiah sent from Jerusalem to the priests, the prophets, the rest of the elders of the exile community, and to all the people whom Nebuchadnezzar had exiled from Jerusalem to Babylon— ",Ninguno
Jeremiah,29,2,אחרי צאת יכניההמלך והגבירה והסריסים שרי יהודה וירושל͏ם והחרש והמסגר מירושל͏ם,"after King Jeconiah, the queen mother, the eunuchs, the officials of Judah and Jerusalem, and the artisans and smiths had left Jerusalem. ",Ninguno
Jeremiah,29,3,ביד אלעשה בןשפן וגמריה בןחלקיה אשר שלח צדקיה מלךיהודה אלנבוכדנאצר מלך בבל בבלה לאמר,"[The letter was sent] through Elasah son of Shaphan and Gemariah son of Hilkiah, whom King Zedekiah of Judah had dispatched to Babylon, to King Nebuchadnezzar of Babylon.",Ninguno
Jeremiah,29,4,כה אמר יהוה צבאות אלהי ישראל לכלהגולה אשרהגליתי מירושל͏ם בבלה,"Thus said GOD of Hosts, the God of Israel, to the whole community that I exiled from Jerusalem to Babylon: ",Ninguno
Jeremiah,29,5,בנו בתים ושבו ונטעו גנות ואכלו אתפרין,"Build houses and live in them, plant gardens and eat their fruit. ",Ninguno
Jeremiah,29,6,קחו נשים והולידו בנים ובנות וקחו לבניכם נשים ואתבנותיכם תנו לאנשים ותלדנה בנים ובנות ורבושם ואלתמעטו,"YouaYou I.e., the men in the community. should take wives and beget sons and daughters; and you should take wives for your sons, and give your daughters to husbands, that they may bear sons and daughters. Multiply there, do not decrease. ",Ninguno
Jeremiah,29,7,ודרשו אתשלום העיר אשר הגליתי אתכם שמה והתפללו בעדה אליהוה כי בשלומה יהיה לכם שלום,And seek the welfare of the city to which I have exiled you and pray to GOD in its behalf; for in its prosperity you shall prosper.,Ninguno
Jeremiah,29,8,כי כה אמר יהוה צבאות אלהי ישראל אלישיאו לכם נביאיכם אשרבקרבכם וקסמיכם ואלתשמעו אלחלמתיכם אשר אתם מחלמים,"For thus said GOD of Hosts, the God of Israel: Let not the prophets and diviners in your midst deceive you, and pay no heed to the dreams theybthey Heb. “you.” dream. ",Ninguno
Jeremiah,29,9,"כי בשקר הם נבאים לכם בשמי לא שלחתים נאםיהוה&nbsp;<span class=""mam-spi-samekh"">{ס}</span>&nbsp;&nbsp;&nbsp;&nbsp;&nbsp;&nbsp;&nbsp;&nbsp;",For they prophesy to you in My name falsely; I did not send them—declares GOD.,Ninguno
Jeremiah,29,10,כיכה אמר יהוה כי לפי מלאת לבבל שבעים שנה אפקד אתכם והקמתי עליכם אתדברי הטוב להשיב אתכם אלהמקום הזה,"For thus said GOD: When Babylon’s seventy years are over, I will take note of you, and I will fulfill to you My promise of favor—to bring you back to this place. ",Ninguno
Jeremiah,29,11,כי אנכי ידעתי אתהמחשבת אשר אנכי חשב עליכם נאםיהוה מחשבות שלום ולא לרעה לתת לכם אחרית ותקוה,"For I am mindful of the plans I have made concerning you—declares GOD—plans for your welfare, not for disaster, to give you a hopeful future. ",Percepción (Yada)
Jeremiah,29,12,וקראתם אתי והלכתם והתפללתם אלי ושמעתי אליכם,"When you call Me, and come and pray to Me, I will give heed to you. ",Ninguno
Jeremiah,29,13,ובקשתם אתי ומצאתם כי תדרשני בכללבבכם,"You will search for Me and find Me, if only you seek Me wholeheartedly. ",Ninguno
Jeremiah,29,14,"ונמצאתי לכם נאםיהוה ושבתי את<span class=""mam-kq""><span class=""mam-kq-q"">[שבותכם]</span> <span class=""mam-kq-k"">(שביתכם)</span></span> וקבצתי אתכם מכלהגוים ומכלהמקומות אשר הדחתי אתכם שם נאםיהוה והשבתי אתכם אלהמקום אשרהגליתי אתכם משם",I will be at hand for you—declares GOD—and I will restore your fortunes. And I will gather you from all the nations and from all the places to which I have banished you—declares GOD—and I will bring you back to the place from which I have exiled you.,Ninguno
Jeremiah,29,15,"כי אמרתם הקים לנו יהוה נבאים בבלה&nbsp;<span class=""mam-spi-samekh"">{ס}</span>&nbsp;&nbsp;&nbsp;&nbsp;&nbsp;&nbsp;&nbsp;&nbsp;","But you say, “GOD has raised up prophets for us in Babylon.”cThis verse is continued in vv. 20ff. ",Ninguno
Jeremiah,29,16,"כיכה&thinsp;<b></b> אמר יהוה אלהמלך היושב אלכסא דוד ואלכלהעם היושב בעיר הזאת אחיכם אשר לאיצאו אתכם בגולה&nbsp;<span class=""mam-spi-samekh"">{ס}</span>&nbsp;&nbsp;&nbsp;&nbsp;&nbsp;&nbsp;&nbsp;&nbsp;","Thus said GOD concerning the king who sits on the throne of David, and concerning all the people who dwell in this city, your kinsfolk who did not go out with you into exile— ",Ninguno
Jeremiah,29,17,כה אמר יהוה צבאות הנני משלח בם אתהחרב אתהרעב ואתהדבר ונתתי אותם כתאנים השערים אשר לאתאכלנה מרע,"thus said GOD of Hosts: I am going to let loose sword, famine, and pestilence against them and I will treat them as loathsome figs, so bad that they cannot be eaten.dloathsome figs … cannot be eaten Cf. chapter 24. ",Ninguno
Jeremiah,29,18,"ורדפתי אחריהם בחרב ברעב ובדבר ונתתים <span class=""mam-kq""><span class=""mam-kq-k"">(לזועה)</span> <span class=""mam-kq-q"">[לזעוה]</span></span> לכל&thinsp;<b></b> ממלכות הארץ לאלה ולשמה ולשרקה ולחרפה בכלהגוים אשרהדחתים שם","I will pursue them with the sword, with famine, and with pestilence; and I will make them a horror to all the kingdoms of the earth, an execrationean execration I.e., a standard by which people execrate; cf. 42.18; 44.12. and an object of horror and hissingfhissing Cf. note at 18.16. and scorn among all the nations to which I shall banish them, ",Ninguno
Jeremiah,29,19,תחת אשרלאשמעו אלדברי נאםיהוה אשר שלחתי אליהם אתעבדי הנבאים השכם ושלח ולא שמעתם נאםיהוה,"because they did not heed My words—declares GOD—when I persistently sent to them My servants, the prophets, and theygthey Heb. “you.” did not heed—declares GOD.",Ninguno
Jeremiah,29,20,"ואתם שמעו דבריהוה כלהגולה אשרשלחתי מירושל͏ם בבלה&nbsp;<span class=""mam-spi-samekh"">{ס}</span>&nbsp;&nbsp;&nbsp;&nbsp;&nbsp;&nbsp;&nbsp;&nbsp;","But you, the whole exile community that I banished from Jerusalem to Babylon, hear the word of GOD! ",Ninguno
Jeremiah,29,21,כהאמר יהוה צבאות אלהי ישראל אלאחאב בןקוליה ואלצדקיהו בןמעשיה הנבאים לכם בשמי שקר הנני&thinsp;<b></b> נתן אתם ביד נבוכדראצר מלךבבל והכם לעיניכם,"Thus said GOD of Hosts, the God of Israel, concerning Ahab son of Kolaiah and Zedekiah son of Maaseiah, who prophesy falsely to you in My name: I am going to deliver them into the hands of King Nebuchadrezzar of Babylon, and he shall put them to death before your eyes. ",Ninguno
Jeremiah,29,22,ולקח מהם קללה לכל גלות יהודה אשר בבבל לאמר ישמך יהוה כצדקיהו וכאחב אשרקלם מלךבבל באש,"And the whole community of Judah in Babylonia shall use a curse derived from their fate: “May God make you like Zedekiah and Ahab, whom the king of Babylon consigned to the flames!”— ",Ninguno
Jeremiah,29,23,"יען אשר עשו נבלה בישראל וינאפו אתנשי רעיהם וידברו דבר בשמי שקר אשר לוא צויתם ואנכי <span class=""mam-kq""><span class=""mam-kq-k"">(הוידע)</span> <span class=""mam-kq-q"">[היודע]</span></span> ועד נאםיהוה&nbsp;<span class=""mam-spi-samekh"">{ס}</span>&nbsp;&nbsp;&nbsp;&nbsp;&nbsp;&nbsp;&nbsp;&nbsp;","because they did vile things in Israel, committing adultery with the wives of their fellows and speaking in My name false words that I had not commanded them. I am the One who knows and bears witness—declares GOD.",Percepción (Yada)
Jeremiah,29,24,ואלשמעיהו הנחלמי תאמר לאמר,"Concerning Shemaiah the Nehelamite youhyou I.e., Jeremiah. shall say: ",Ninguno
Jeremiah,29,25,כהאמר יהוה צבאות אלהי ישראל לאמר יען אשר אתה שלחת בשמכה ספרים אלכלהעם אשר בירושל͏ם ואלצפניה בןמעשיה הכהן ואל כלהכהנים לאמר,"Thus said GOD of Hosts, the God of Israel: Because you sent letters in your own name to all the people in Jerusalem, to Zephaniah son of Maaseiah and to the rest of the priests, as follows, ",Ninguno
Jeremiah,29,26,יהוה נתנך כהן תחת יהוידע הכהן להיות פקדים בית יהוה לכלאיש משגע ומתנבא ונתתה אתו אלהמהפכת ואלהצינק,"“GOD appointed you priest in place of the priest Jehoiada, to exercise authorityito exercise authority Lit. “that there might be officials.” in the House of GOD over every maniac who wants to play the prophet, to put them into the stocksjstocks Meaning of Heb. uncertain. and into the pillory.kpillory Meaning of Heb. uncertain. ",Percepción (Yada)
Jeremiah,29,27,ועתה למה לא גערת בירמיהו הענתתי המתנבא לכם,"Now why have you not rebuked Jeremiah the Anathothite, who plays the prophet among you? ",Ninguno
Jeremiah,29,28,כי עלכן שלח אלינו בבל לאמר ארכה היא בנו בתים ושבו ונטעו גנות ואכלו אתפריהן,"For he has actually sent a message to us in Babylon to this effect: It will be a long time. Build houses and live in them, plant gardens and enjoy their fruit.”—",Ninguno
Jeremiah,29,29,"ויקרא צפניה הכהן אתהספר הזה באזני ירמיהו הנביא&nbsp;<span class=""mam-spi-pe"">{פ}</span><br>","When the priest Zephaniah read this letter in the hearing of the prophet Jeremiah, ",Ninguno
Jeremiah,29,30,ויהי דבריהוה אלירמיהו לאמר,the word of GOD came to Jeremiah:,Ninguno
Jeremiah,29,31,שלח עלכלהגולה לאמר כה אמר יהוה אלשמעיה הנחלמי יען אשר נבא לכם שמעיה ואני לא שלחתיו ויבטח אתכם עלשקר,"Send a message to the entire exile community: “Thus said GOD concerning Shemaiah the Nehelamite: Because Shemaiah prophesied to you, though I did not send him, and made you false promises, ",Ninguno
Jeremiah,29,32,"לכן כהאמר יהוה הנני פקד עלשמעיה הנחלמי ועלזרעו לאיהיה לו איש&thinsp;<b></b> יושב&thinsp;<b></b> בתוךהעם הזה ולאיראה בטוב אשראני עשהלעמי נאםיהוה כיסרה דבר עליהוה&nbsp;<span class=""mam-spi-pe"">{פ}</span><br>","assuredly, thus said GOD: I am going to punish Shemaiah the Nehelamite and his offspring. There shall be no one of his line dwelling among this people or seeing the good things I am going to do for My people—declares GOD—for he has urged disloyalty toward GOD.”",Ninguno
Jeremiah,30,1,הדבר אשר היה אלירמיהו מאת יהוה לאמר,The word that came to Jeremiah from GOD:,Ninguno
Jeremiah,30,2,כהאמר יהוה אלהי ישראל לאמר כתבלך את כלהדברים אשרדברתי אליך אלספר,"Thus said the ETERNAL, the God of Israel: Write down in a scroll all the words that I have spoken to you. ",Ninguno
Jeremiah,30,3,"כי הנה ימים באים נאםיהוה ושבתי אתשבות עמי ישראל ויהודה אמר יהוה והשבתים אלהארץ אשרנתתי לאבותם וירשוה&nbsp;<span class=""mam-spi-pe"">{פ}</span><br>","For days are coming—declares GOD—when I will restore the fortunes of My people Israel and Judah, said GOD; and I will bring them back to the land that I gave their ancestors, and they shall possess it. ",Ninguno
Jeremiah,30,4,ואלה הדברים אשר דבר יהוה אלישראל ואליהודה,And these are the words that GOD spoke concerning Israel and Judah:,Ninguno
Jeremiah,30,5,כיכה אמר יהוה קול חרדה שמענו פחד ואין שלום,"Thus said  GOD:We have heard cries of panic,Terror without relief.",Ninguno
Jeremiah,30,6,שאלונא וראו אםילד זכר מדוע ראיתי כלגבר ידיו עלחלציו כיולדה ונהפכו כלפנים לירקון,Ask and see:Surely males do not bear young!Why then do I see every manWith his hands on his loinsLike a woman in labor?Why have all faces turned pale?,Ninguno
Jeremiah,30,7,הוי כי גדול היום ההוא מאין כמהו ועתצרה היא ליעקב וממנה יושע,"Ah, that day is awesome;There is none like it!It is a time of trouble for Jacob,But he shall be delivered from it.",Ninguno
Jeremiah,30,8,והיה ביום ההוא נאם&thinsp;<b></b> יהוה צבאות אשבר עלו מעל צוארך ומוסרותיך אנתק ולאיעבדובו עוד זרים,In that day—declares GOD of Hosts—I will break the yoke from off your neck and I will rip off your bonds. Strangers shall no longer make slaves of them;,Ninguno
Jeremiah,30,9,"ועבדו את יהוה אלהיהם ואת דוד מלכם אשר אקים להם&nbsp;<span class=""mam-spi-samekh"">{ס}</span>&nbsp;&nbsp;&nbsp;&nbsp;&nbsp;&nbsp;&nbsp;&nbsp;","instead, they shall serve the ETERNAL their God and David, the king whom I will raise up for them.",Ninguno
Jeremiah,30,10,ואתה אלתירא עבדי יעקב נאםיהוה ואלתחת ישראל כי הנני מושיעך מרחוק ואתזרעך מארץ שבים ושב יעקב ושקט ושאנן ואין מחריד,"But you,Have no fear, My servant Jacob—declares  GOD—Be not dismayed, O Israel!I will deliver you from far away,Your folk from their land of captivity.And Jacob shall again have calmAnd quiet with none to trouble him;",Ninguno
Jeremiah,30,11,"כיאתך אני נאםיהוה להושיעך כי אעשה כלה בכלהגוים&thinsp;<b></b> אשר הפצותיך שם אך אתך לאאעשה כלה ויסרתיך למשפט ונקה לא אנקך&nbsp;<span class=""mam-spi-samekh"">{ס}</span>&nbsp;&nbsp;&nbsp;&nbsp;&nbsp;&nbsp;&nbsp;&nbsp;","For I am with you to deliver you—declares  GOD.I will make an end of all the nationsAmong which I have dispersed you;But I will not make an end of you!I will not leave you unpunished,But will chastise you in measure.",Ninguno
Jeremiah,30,12,כי כה אמר יהוה אנוש לשברך נחלה מכתך,"For thus said  GOD:Your injury is incurable,Your wound severe;",Ninguno
Jeremiah,30,13,איןדן דינך למזור רפאות תעלה אין לך,"No one pleads for the healing of your sickness,aNo one pleads for the healing of your sickness Meaning of Heb. uncertain. There is no remedy, no recovery for you.",Ninguno
Jeremiah,30,14,כלמאהביך שכחוך אותך לא ידרשו כי מכת אויב הכיתיך מוסר אכזרי על רב עונך עצמו חטאתיך,"All your lovers have forgotten you,They do not seek you out;For I have struck you as an enemy strikes,With cruel chastisement,Because your iniquity was so greatAnd your sins so many.",Ninguno
Jeremiah,30,15,מהתזעק עלשברך אנוש מכאבך על&thinsp;<b></b> רב עונך עצמו חטאתיך עשיתי אלה לך,"Why cry out over your injury,That your wound is incurable?I did these things to youBecause your iniquity was so greatAnd your sins so many.",Ninguno
Jeremiah,30,16,לכן כלאכליך יאכלו וכלצריך כלם בשבי ילכו והיו שאסיך למשסה וכלבזזיך אתן לבז,"Assuredly,All who wanted to devour you shall be devoured,And every one of your foes shall go into captivity;Those who despoiled you shall be despoiled,And all who pillaged you I will give up to pillage.",Ninguno
Jeremiah,30,17,"כי אעלה ארכה לך וממכותיך ארפאך נאםיהוה כי נדחה קראו לך ציון היא דרש אין לה&nbsp;<span class=""mam-spi-samekh"">{ס}</span>&nbsp;&nbsp;&nbsp;&nbsp;&nbsp;&nbsp;&nbsp;&nbsp;","But I will bring healing to youAnd cure you of your wounds—declares  GOD.Though they called you “Outcast,That Zion whom no one seeks out,”",Ninguno
Jeremiah,30,18,כה&thinsp;<b></b> אמר יהוה הננישב שבות אהלי יעקוב ומשכנתיו ארחם ונבנתה עיר עלתלה וארמון עלמשפטו ישב,"Thus said  GOD:I will restore the fortunes of Jacob’s tentsAnd have compassion upon his dwellings.The city shall be rebuilt on its mound,bon its mound I.e., on the mound of ruins left after its previous destruction. And the fortress in its proper place.",Ninguno
Jeremiah,30,19,ויצא מהם תודה וקול משחקים והרבתים ולא ימעטו והכבדתים ולא יצערו,"From them shall issue thanksgivingAnd the sound of dancers.I will multiply them,And they shall not be few;I will make them honored,And they shall not be humbled.",Ninguno
Jeremiah,30,20,והיו בניו כקדם ועדתו לפני תכון ופקדתי על כללחציו,"His children shall be as of old,And his community shall be established by My grace;And I will deal with all his oppressors.",Ninguno
Jeremiah,30,21,והיה אדירו ממנו ומשלו מקרבו יצא והקרבתיו ונגש אלי כי מי הואזה ערב אתלבו לגשת אלי נאםיהוה,"His chieftain shall be one of his own,His ruler shall come from his midst;I will bring him near, that he may approach Me—declares  GOD—For who would otherwise dare approach Me?",Ninguno
Jeremiah,30,22,"והייתם לי לעם ואנכי אהיה לכם לאלהים&nbsp;<span class=""mam-spi-samekh"">{ס}</span>&nbsp;&nbsp;&nbsp;&nbsp;&nbsp;&nbsp;&nbsp;&nbsp;","You shall be My people,And I will be your God.",Ninguno
Jeremiah,30,23,הנה&thinsp;<b></b> סערת יהוה חמה יצאה סער מתגורר על ראש רשעים יחול,"Lo, GOD’s storm goes forth in fury,A raging tempest;It shall whirl down upon the head of the wicked.",Ninguno
Jeremiah,30,24,לא ישוב חרון אףיהוה עדעשתו ועדהקימו מזמות לבו באחרית הימים תתבוננו בה,The anger of  GOD shall not turn backTill it has fulfilled and completed God’s purposes.In the days to comeYou shall perceive it.,Ninguno
Jeremiah,31,1,"בעת ההיא נאםיהוה אהיה לאלהים לכל משפחות ישראל והמה יהיולי לעם&nbsp;<span class=""mam-spi-samekh"">{ס}</span>&nbsp;&nbsp;&nbsp;&nbsp;&nbsp;&nbsp;&nbsp;&nbsp;","aThis verse is labeled as 30.25 in some editions. At that time—declares GOD—I will be God to all the clans of Israel, and they shall be My people.",Ninguno
Jeremiah,31,2,כה אמר יהוה מצא חן במדבר עם שרידי חרב הלוך להרגיעו ישראל,"Thus said  GOD:The people escaped from the sword,Found favor in the wilderness;When Israel was marching homeward",Ninguno
Jeremiah,31,3,מרחוק יהוה נראה לי ואהבת עולם אהבתיך עלכן משכתיך חסד,  GOD   was revealedbrevealed Heb. adds “to me”; emendation yields “to him.” long ago.Eternal love I conceived for you then;Therefore I continue My grace to you.,Ninguno
Jeremiah,31,4,עוד אבנך ונבנית בתולת ישראל עוד תעדי תפיך ויצאת במחול משחקים,"I will build you firmly again,O Maiden Israel!Again you shall take up your hand-drumscyou shall take up your hand-drums See note at Exod. 15.20. And go forth to the rhythm of the dancers.",Ninguno
Jeremiah,31,5,עוד תטעי כרמים בהרי שמרון נטעו נטעים וחללו,Again you shall plant vineyardsOn the hills of Samaria;YoudYou Heb. “They.” shall plant and live to enjoy the fruit.,Ninguno
Jeremiah,31,6,"כי ישיום קראו נצרים בהר אפרים קומו ונעלה ציון אליהוה אלהינו&nbsp;<span class=""mam-spi-pe"">{פ}</span><br>","For the day is coming when watchmenShall proclaim on the heights of Ephraim:Come, let us go up to Zion,To  the ETERNAL our God!",Ninguno
Jeremiah,31,7,כיכה&thinsp;<b></b> אמר יהוה רנו ליעקב שמחה וצהלו בראש הגוים השמיעו הללו ואמרו הושע יהוה אתעמך את שארית ישראל,"For thus said  GOD:Cry out in joy for Jacob,Shout at the crossroadsecrossroads Lit. “head.” of the nations!Sing aloud in praise, and say:Save, O  ETERNAL One, Your people,fSave, O ETERNAL One, Your people Emendation yields “GOD has saved this people.” The remnant of Israel.",Ninguno
Jeremiah,31,8,הנני מביא אותם מארץ צפון וקבצתים מירכתיארץ בם עור ופסח הרה וילדת יחדו קהל גדול ישובו הנה,"I will bring them in from the northland,Gather them from the ends of the earth—The blind and the lame among them,Those with child and those in labor—In a vast throng they shall return here.",Ninguno
Jeremiah,31,9,"בבכי יבאו ובתחנונים אובילם אוליכם אלנחלי מים בדרך ישר לא יכשלו בה כיהייתי לישראל לאב ואפרים בכרי הוא&nbsp;<span class=""mam-spi-pe"">{פ}</span><br>","They shall come with weeping,And with compassiongcompassion For this meaning, cf. Zech. 12.10. will I guide them.I will lead them to streams of water,By a level road where they will not stumble.For I am ever a FatherhFather See note at 3.4. to Israel,Ephraim is My first-born.",Ninguno
Jeremiah,31,10,שמעו דבריהוה גוים והגידו באיים ממרחק ואמרו מזרה ישראל יקבצנו ושמרו כרעה עדרו,"Hear the word of  GOD, O nations,And tell it in the isles afar.Say:The One who scattered Israel will gather them,And will guard them as a shepherd his flock.",Ninguno
Jeremiah,31,11,כיפדה יהוה אתיעקב וגאלו מיד חזק ממנו,"For  GOD will ransom Jacob,Redeem him from one too strong for him.",Ninguno
Jeremiah,31,12,ובאו ורננו במרוםציון ונהרו אלטוב יהוה עלדגן ועלתירש ועליצהר ועלבניצאן ובקר והיתה נפשם כגן רוה ולאיוסיפו לדאבה עוד,"They shall come and shout on the heights of Zion,Radiant over GOD’s bounty— Over new grain and wine and oil,And over sheep and cattle.They shall fare like a watered garden,They shall never languish again.",Ninguno
Jeremiah,31,13,אז תשמח בתולה במחול ובחרים וזקנים יחדו והפכתי אבלם לששון ונחמתים ושמחתים מיגונם,"Then shall maidens dance gaily,Young men and old alike.I will turn their mourning to joy,I will comfort them and cheer them in their grief.",Ninguno
Jeremiah,31,14,"ורויתי נפש הכהנים דשן ועמי אתטובי ישבעו נאםיהוה&nbsp;<span class=""mam-spi-pe"">{פ}</span><br>","I will give the priests their fill of fatness,And My people shall enjoy My full bounty—declares  GOD.",Ninguno
Jeremiah,31,15,"כה&thinsp;<b></b> אמר יהוה קול ברמה נשמע נהי בכי תמרורים רחל מבכה עלבניה מאנה להנחם עלבניה כי איננו&nbsp;<span class=""mam-spi-samekh"">{ס}</span>&nbsp;&nbsp;&nbsp;&nbsp;&nbsp;&nbsp;&nbsp;&nbsp;","Thus said  GOD:A cry is heard in Ramahiin Ramah Or “on a height.”—Wailing, bitter weeping—Rachel weeping for her children.She refuses to be comfortedFor her children, who are gone.",Ninguno
Jeremiah,31,16,כה&thinsp;<b></b> אמר יהוה מנעי קולך מבכי ועיניך מדמעה כי יש שכר לפעלתך נאםיהוה ושבו מארץ אויב,"Thus said  GOD:Restrain your voice from weeping,Your eyes from shedding tears;For there is a reward for your labor—declares  GOD:They shall return from the enemy’s land.",Ninguno
Jeremiah,31,17,וישתקוה לאחריתך נאםיהוה ושבו בנים לגבולם,And there is hope for your future—declares  GOD:Your children shall return to their country.,Ninguno
Jeremiah,31,18,שמוע שמעתי אפרים מתנודד יסרתני ואוסר כעגל לא למד השבני ואשובה כי אתה יהוה אלהי,"I can hear Ephraim lamenting:“You have chastised me, and I am chastisedLike a calf that has not been broken.Receive me back, let me return,For You, O  ETERNAL One, are my God.",Ninguno
Jeremiah,31,19,כיאחרי שובי נחמתי ואחרי הודעי ספקתי עלירך בשתי וגםנכלמתי כי נשאתי חרפת נעורי,"Now that I have turned back, I am filled with remorse;Now that I am made aware, I strike my thigh.jstrike my thigh A gesture of self-reproach. I am ashamed and humiliated,For I bear the disgrace of my youth.”",Ninguno
Jeremiah,31,20,"הבן יקיר לי אפרים אם ילד שעשעים כימדי דברי בו זכר אזכרנו עוד עלכן המו מעי לו רחם ארחמנו נאםיהוה&nbsp;<span class=""mam-spi-samekh"">{ס}</span>&nbsp;&nbsp;&nbsp;&nbsp;&nbsp;&nbsp;&nbsp;&nbsp;","Truly, Ephraim is a dear son to Me,A child that is dandled!Whenever I have turnedkturned Lit. “spoken.” against him,My thoughts would dwell on him still.That is why My heart yearns for him;I will receive him back in love—declares  GOD.",Ninguno
Jeremiah,31,21,"הציבי לך צינים שמי לך תמרורים שתי לבך למסלה דרך <span class=""mam-kq""><span class=""mam-kq-k"">(הלכתי)</span> <span class=""mam-kq-q"">[הלכת]</span></span> שובי בתולת ישראל שבי אלעריך אלה","Erect markers,Set up signposts;lsignposts Meaning of Heb. uncertain. Keep in mind the highway,The road that you traveled.Return, Maiden Israel!Return to these towns of yours!",Ninguno
Jeremiah,31,22,"עדמתי תתחמקין הבת השובבה כיברא יהוה חדשה בארץ נקבה תסובב גבר&nbsp;<span class=""mam-spi-pe"">{פ}</span><br>","How long will you waver,O rebellious daughter?(For  GOD has created something new on earth:A woman courtsmcourts Meaning of Heb. uncertain. a man.)",Ninguno
Jeremiah,31,23,כהאמר יהוה צבאות אלהי ישראל עוד יאמרו אתהדבר הזה בארץ יהודה ובעריו בשובי אתשבותם יברכך יהוה נוהצדק הר הקדש,"Thus said GOD of Hosts, the God of Israel: They shall again say this in the land of Judah and in its towns, when I restore their fortunes:“ GOD bless you,Abode of righteousness,O holy mountain!”",Ninguno
Jeremiah,31,24,וישבו בה יהודה וכלעריו יחדו אכרים ונסעו בעדר,Judah and all its towns alike shall be inhabited by the farmers and such as move aboutnsuch as move about Lit. “they shall travel.” with the flocks. ,Ninguno
Jeremiah,31,25,כי הרויתי נפש עיפה וכלנפש דאבה מלאתי,"For I will give the thirsty abundant drink, and satisfy all who languish.",Ninguno
Jeremiah,31,26,"עלזאת הקיצתי ואראה ושנתי ערבה לי&nbsp;<span class=""mam-spi-samekh"">{ס}</span>&nbsp;&nbsp;&nbsp;&nbsp;&nbsp;&nbsp;&nbsp;&nbsp;","At this I awoke and looked about, and my sleepomy sleep I.e., the vision in the preceding verses. had been pleasant to me.",Ninguno
Jeremiah,31,27,הנה ימים באים נאםיהוה וזרעתי אתבית ישראל ואתבית יהודה זרע אדם וזרע בהמה,"See, a time is coming—declares GOD—when I will sow the House of Israel and the House of Judah with seed of people and seed of cattle; ",Ninguno
Jeremiah,31,28,והיה כאשר שקדתי עליהם לנתוש ולנתוץ ולהרס ולהאביד ולהרע כן אשקד עליהם לבנות ולנטע נאםיהוה,"and just as I was watchful over them to uproot and to pull down, to overthrow and to destroy and to bring disaster, so I will be watchful over them to build and to plant—declares GOD. ",Ninguno
Jeremiah,31,29,בימים ההם לאיאמרו עוד אבות אכלו בסר ושני בנים תקהינה,"In those days, they shall no longer say, “Parents have eaten sour grapes and children’s teeth are blunted.”pblunted In contrast to others “set on edge.” ",Ninguno
Jeremiah,31,30,"כי אםאיש בעונו ימות כלהאדם האכל הבסר תקהינה שניו&nbsp;<span class=""mam-spi-samekh"">{ס}</span>&nbsp;&nbsp;&nbsp;&nbsp;&nbsp;&nbsp;&nbsp;&nbsp;","But every one shall die for their own sins: whosoever eats sour grapes, their teeth shall be blunted.",Ninguno
Jeremiah,31,31,הנה ימים באים נאםיהוה וכרתי אתבית ישראל ואתבית יהודה ברית חדשה,"See, a time is coming—declares GOD—when I will make a new covenant with the House of Israel and the House of Judah. ",Ninguno
Jeremiah,31,32,לא כברית אשר כרתי אתאבותם ביום החזיקי בידם להוציאם מארץ מצרים אשרהמה הפרו אתבריתי ואנכי בעלתי בם נאםיהוה,"It will not be like the covenant I made with their ancestors, when I took them by the hand to lead them out of the land of Egypt, a covenant that they broke, though I espousedqespoused Meaning of Heb. uncertain; compare 3.14. them—declares GOD. ",Ninguno
Jeremiah,31,33,כי זאת הברית אשר אכרת אתבית ישראל אחרי הימים ההם נאםיהוה נתתי אתתורתי בקרבם ועללבם אכתבנה והייתי להם לאלהים והמה יהיולי לעם,"But such is the covenant I will make with the House of Israel after these days—declares GOD: I will put My Teaching into their inmost being and inscribe it upon their hearts. Then I will be their God, and they shall be My people. ",Ninguno
Jeremiah,31,34,"ולא ילמדו עוד איש אתרעהו ואיש אתאחיו לאמר דעו אתיהוה כיכולם ידעו אותי למקטנם ועדגדולם נאםיהוה כי אסלח לעונם ולחטאתם לא אזכרעוד&nbsp;<span class=""mam-spi-samekh"">{ס}</span>&nbsp;&nbsp;&nbsp;&nbsp;&nbsp;&nbsp;&nbsp;&nbsp;","No longer will they need to teach one another and say to one another, “Heed GOD”; for all of them, from the least of them to the greatest, shall heed Me—declares GOD.For I will forgive their iniquities,And remember their sins no more.",Percepción (Yada)
Jeremiah,31,35,כה&thinsp;<b></b> אמר יהוה נתן שמש לאור יומם חקת ירח וכוכבים לאור לילה רגע הים ויהמו גליו יהוה צבאות שמו,"Thus said  GOD,Who established the sun for light by day,The laws of moon and stars for light by night,Who stirs up the sea into roaring waves,Whose name is  GOD of Hosts:",Ninguno
Jeremiah,31,36,"אםימשו החקים האלה מלפני נאםיהוה גם זרע ישראל ישבתו מהיות גוי לפני כלהימים&nbsp;<span class=""mam-spi-samekh"">{ס}</span>&nbsp;&nbsp;&nbsp;&nbsp;&nbsp;&nbsp;&nbsp;&nbsp;",If these laws should ever be annulled by Me—declares  GOD—Only then would the offspring of Israel ceaseTo be a nation before Me for all time.,Ninguno
Jeremiah,31,37,"כה&thinsp;<b></b> אמר יהוה אםימדו שמים מלמעלה ויחקרו מוסדיארץ למטה גםאני אמאס בכלזרע ישראל עלכלאשר עשו נאםיהוה&nbsp;<span class=""mam-spi-samekh"">{ס}</span>&nbsp;&nbsp;&nbsp;&nbsp;&nbsp;&nbsp;&nbsp;&nbsp;","Thus said GOD: If the heavens above could be measured, and the foundations of the earth below could be fathomed, only then would I reject all the offspring of Israel for all that they have done—declares GOD.",Ninguno
Jeremiah,31,38,"הנה ימים <span class=""mam-kq-q"">[באים]</span> נאםיהוה ונבנתה העיר ליהוה ממגדל חננאל שער הפנה","See, a time is coming—declares GOD—when the city shall be rebuilt for GOD from the Tower of Hananel to the Corner Gate; ",Ninguno
Jeremiah,31,39,"ויצא עוד <span class=""mam-kq""><span class=""mam-kq-k"">(קוה)</span> <span class=""mam-kq-q"">[קו]</span></span> המדה נגדו על גבעת גרב ונסב געתה","and the measuring line shall go straight out to the Gareb Hill, and then turn toward Goah. ",Ninguno
Jeremiah,31,40,"וכלהעמק הפגרים&thinsp;<small></small>&thinsp;והדשן וכל<span class=""mam-kq""><span class=""mam-kq-q"">[השדמות]</span> <span class=""mam-kq-k"">(השרמות)</span></span> עדנחל קדרון עדפנת שער הסוסים מזרחה קדש ליהוה לאינתש ולאיהרס עוד לעולם&nbsp;<span class=""mam-spi-pe"">{פ}</span><br>","And the entire Valley of the Corpses and Ashes, and all the fields as far as the Wadi Kidron, and the corner of the Horse Gate on the east, shall be holy to GOD. They shall never again be uprooted or overthrown.",Ninguno
Jeremiah,32,1,"הדבר אשרהיה אלירמיהו מאת יהוה <span class=""mam-kq""><span class=""mam-kq-k"">(בשנת)</span> <span class=""mam-kq-q"">[בשנה]</span></span> העשרית לצדקיהו מלך יהודה היא השנה שמנהעשרה שנה לנבוכדראצר","The word that came to Jeremiah from GOD in the tenth year of King Zedekiah of Judah, which was the eighteenth year of Nebuchadrezzar. ",Ninguno
Jeremiah,32,2,ואז חיל מלך בבל צרים עלירושל͏ם וירמיהו הנביא היה כלוא בחצר המטרה אשר ביתמלך יהודה,"At that time the army of the king of Babylon was besieging Jerusalem, and the prophet Jeremiah was confined in the prison compound attached to the palace of the king of Judah. ",Ninguno
Jeremiah,32,3,אשר כלאו צדקיהו מלךיהודה לאמר מדוע אתה נבא לאמר כה אמר יהוה הנני נתן אתהעיר הזאת ביד מלךבבל ולכדה,"For King Zedekiah of Judah had confined him, saying, “How dare you prophesy: ‘Thus said GOD: I am delivering this city into the hands of the king of Babylon, and he shall capture it. ",Ninguno
Jeremiah,32,4,"וצדקיהו מלך יהודה לא ימלט מיד הכשדים כי הנתן ינתן ביד מלךבבל ודברפיו עםפיו ועיניו את<span class=""mam-kq-trivial"">עינו</span> תראינה","And King Zedekiah of Judah shall not escape from the Chaldeans; he shall be delivered into the hands of the king of Babylon, and he shall speak to him face to face and see him in person.aand he shall speak to him face to face and see him in person Lit. “and his mouth shall speak with his mouth, and his eyes shall see his eyes.” ",Ninguno
Jeremiah,32,5,"ובבל יולך אתצדקיהו ושם יהיה עדפקדי אתו נאםיהוה כי תלחמו אתהכשדים לא תצליחו&nbsp;<span class=""mam-spi-pe"">{פ}</span><br>","And Zedekiah shall be brought to Babylon, there to remain until I take note of him—declares GOD. When you wage war against the Chaldeans, you shall not be successful.’”",Ninguno
Jeremiah,32,6,ויאמר ירמיהו היה דבריהוה אלי לאמר,Jeremiah said: The word of GOD came to me:,Ninguno
Jeremiah,32,7,הנה חנמאל בןשלם דדך בא אליך לאמר קנה לך אתשדי אשר בענתות כי לך משפט הגאלה לקנות,"Hanamel, the son of your uncle Shallum, will come to you and say, “Buy my land in Anathoth, for you are next in succession to redeem it by purchase.”bfor you are next in succession to redeem it by purchase Lit. “for yours is the procedure of redemption by purchase.” ",Ninguno
Jeremiah,32,8,ויבא אלי חנמאל בןדדי כדבר יהוה אלחצר המטרה ויאמר אלי קנה נא אתשדי אשרבענתות אשר&thinsp;<b></b> בארץ בנימין כילך משפט הירשה ולך הגאלה קנהלך ואדע כי דבריהוה הוא,"And just as GOD had said, my cousin Hanamel came to me in the prison compound and said to me, “Please buy my land in Anathoth, in the territory of Benjamin; for the right of succession is yours, and you have the duty of redemption. Buy it.” Then I knew that it was indeed the word of GOD.",Control/Derecha (Yamin)
Jeremiah,32,9,ואקנה אתהשדה מאת חנמאל בןדדי אשר בענתות ואשקלהלו אתהכסף שבעה שקלים ועשרה הכסף,"So I bought the land in Anathoth from my cousin Hanamel. I weighed out the money to him, seventeen shekels of silver. ",Ninguno
Jeremiah,32,10,ואכתב בספר ואחתם ואעד עדים ואשקל הכסף במאזנים,"I wrote a deed, sealed it, and had it witnessed; and I weighed out the silver on a balance. ",Ninguno
Jeremiah,32,11,ואקח אתספר המקנה אתהחתום המצוה והחקים ואתהגלוי,"I took the deed of purchase, the sealed text and the open one according to rule and law,caccording to rule and law Force of Heb. uncertain. ",Ninguno
Jeremiah,32,12,ואתן אתהספר המקנה אלברוך בןנריה בןמחסיה לעיני חנמאל דדי ולעיני העדים הכתבים בספר המקנה לעיני כלהיהודים הישבים בחצר המטרה,"and gave the deed to Baruch son of Neriah son of Mahseiah in the presence of my kinsman Hanamel, of the witnesses who were nameddwho were named With many mss. and ancient versions; so ancient Near Eastern practice. Other mss. and the editions read “who wrote” (i.e., signed their names). in the deed, and all the Judeans who were sitting in the prison compound. ",Ninguno
Jeremiah,32,13,ואצוה אתברוך לעיניהם לאמר,In their presence I charged Baruch as follows:,Ninguno
Jeremiah,32,14,"כהאמר יהוה צבאות אלהי ישראל לקוח אתהספרים האלה את ספר המקנה הזה ואת החתום ואת ספר הגלוי הזה ונתתם בכליחרש למען יעמדו ימים רבים&nbsp;<span class=""mam-spi-samekh"">{ס}</span>&nbsp;&nbsp;&nbsp;&nbsp;&nbsp;&nbsp;&nbsp;&nbsp;","Thus said GOD of Hosts, the God of Israel: “Take these documents, this deed of purchase, the sealed text and the open one, and put them into an earthen jar, so that they may last a long time.” ",Ninguno
Jeremiah,32,15,"כי כה אמר יהוה צבאות אלהי ישראל עוד יקנו בתים ושדות וכרמים בארץ הזאת&nbsp;<span class=""mam-spi-pe"">{פ}</span><br>","For thus said GOD of Hosts, the God of Israel: “Houses, fields, and vineyards shall again be purchased in this land.”",Ninguno
Jeremiah,32,16,ואתפלל אליהוה אחרי תתי אתספר המקנה אלברוך בןנריה לאמר,"But after I had given the deed to Baruch son of Neriah, I prayed to GOD: ",Ninguno
Jeremiah,32,17,אהה אדני יהוה הנה&thinsp;<b></b> אתה עשית אתהשמים ואתהארץ בכחך הגדול ובזרעך הנטויה לאיפלא ממך כלדבר,"“Ah, my Sovereign GOD! You made heaven and earth with Your great might and outstretched arm. Nothing is too wondrous for You! ",Ninguno
Jeremiah,32,18,עשה חסד לאלפים ומשלם עון אבות אלחיק בניהם אחריהם האל הגדול הגבור יהוה צבאות שמו,"You show kindness to the thousandth generation, but visit the guilt of the parents upon their children after them. O great and mighty God whose name is GOD of Hosts, ",Ninguno
Jeremiah,32,19,גדל העצה ורב העליליה אשרעיניך פקחות עלכלדרכי בני אדם לתת לאיש כדרכיו וכפרי מעלליו,"wondrous in purpose and mighty in deed, whose eyes observe all the ways of mortals, so as to repay each one according to their ways, and with the proper fruit of their deeds! ",Ninguno
Jeremiah,32,20,אשרשמת אתות ומפתים בארץמצרים עדהיום הזה ובישראל ובאדם ותעשהלך שם כיום הזה,"You displayed signs and marvels in the land of Egypt with lasting effect,ewith lasting effect Lit. “to this day.” and won renown in Israel and among humankind to this very day. ",Ninguno
Jeremiah,32,21,ותצא אתעמך אתישראל מארץ מצרים באתות ובמופתים וביד חזקה ובאזרוע נטויה ובמורא גדול,"You freed Your people Israel from the land of Egypt with signs and marvels, with a strong hand and an outstretched arm, and with great terror. ",Ninguno
Jeremiah,32,22,ותתן להם אתהארץ הזאת אשרנשבעת לאבותם לתת להם ארץ זבת חלב ודבש,"You gave them this land that You had sworn to their fathers to give them, a land flowing with milk and honey, ",Ninguno
Jeremiah,32,23,"ויבאו וירשו אתה ולאשמעו בקולך <span class=""mam-kq""><span class=""mam-kq-k"">(ובתרותך)</span> <span class=""mam-kq-q"">[ובתורתך]</span></span> לאהלכו את כלאשר צויתה להם לעשות לא עשו ותקרא אתם את כלהרעה הזאת",and they came and took possession of it. But they did not listen to You or follow Your Teaching; they did nothing of what You commanded them to do. Therefore you have caused all this misfortune to befall them.,Ninguno
Jeremiah,32,24,הנה הסללות באו העיר ללכדה והעיר נתנה ביד הכשדים הנלחמים עליה מפני החרב והרעב והדבר ואשר דברת היה והנך ראה,"Here are the siege mounds, raised against the city to storm it; and the city, because of sword and famine and pestilence, is at the mercy of the Chaldeans who are attacking it. What You threatened has come to pass—as You see. ",Ninguno
Jeremiah,32,25,"ואתה אמרת אלי אדני יהוה קנהלך השדה בכסף והעד עדים והעיר נתנה ביד הכשדים&nbsp;<span class=""mam-spi-samekh"">{ס}</span>&nbsp;&nbsp;&nbsp;&nbsp;&nbsp;&nbsp;&nbsp;&nbsp;","Yet You, my Sovereign GOD, said to me: Buy the land for money and call in witnesses—when the city is at the mercy of the Chaldeans!”",Ninguno
Jeremiah,32,26,ויהי דבריהוה אלירמיהו לאמר,Then the word of GOD came to Jeremiah:,Ninguno
Jeremiah,32,27,הנה אני יהוה אלהי כלבשר הממני יפלא כלדבר,"Behold I am GOD, the God of all flesh. Is anything too wondrous for Me? ",Ninguno
Jeremiah,32,28,לכן כה אמר יהוה הנני נתן אתהעיר הזאת ביד הכשדים וביד נבוכדראצר מלךבבל ולכדה,"Assuredly, thus said GOD: I am delivering this city into the hands of the Chaldeans and of King Nebuchadrezzar of Babylon, and he shall capture it. ",Ninguno
Jeremiah,32,29,ובאו הכשדים הנלחמים עלהעיר הזאת והציתו אתהעיר הזאת באש ושרפוה ואת הבתים אשר קטרו עלגגותיהם לבעל והסכו נסכים לאלהים אחרים למען הכעסני,"And the Chaldeans who have been attacking this city shall come and set this city on fire and burn it down—with the houses on whose roofs they made offerings to Baal and poured out libations to other gods, so as to vex Me. ",Ninguno
Jeremiah,32,30,כיהיו בניישראל ובני יהודה אך עשים הרע בעיני מנערתיהם כי בניישראל אך מכעסים אתי במעשה ידיהם נאםיהוה,For the people of Israel and Judah have done nothing but evil in My sight since their youth; the people of Israel have done nothing but vex Me by their conduct—declares GOD.,Ninguno
Jeremiah,32,31,כי עלאפי ועלחמתי היתה לי העיר הזאת למןהיום אשר בנו אותה ועד היום הזה להסירה מעל פני,This city has aroused My anger and My wrath from the day it was built until this day; so that it must be removed from My sight,Ninguno
Jeremiah,32,32,על כלרעת בניישראל ובני יהודה אשר עשו להכעסני המה מלכיהם שריהם כהניהם ונביאיהם ואיש יהודה וישבי ירושל͏ם,"because of all the wickedness of the people of Israel and Judah who have so acted as to vex Me—they, their kings, their officials, their priests and prophets, and the citizenry of Judah and the inhabitants of Jerusalem. ",Ninguno
Jeremiah,32,33,ויפנו אלי ערף ולא פנים ולמד אתם השכם ולמד ואינם שמעים לקחת מוסר,"They turned their backs to Me, not their faces; though I have taught them persistently, they do not give heed or accept rebuke. ",Ninguno
Jeremiah,32,34,וישימו שקוציהם בבית אשרנקראשמי עליו לטמאו,They placed their abominations in the House that bears My name and defiled it;,Ninguno
Jeremiah,32,35,"ויבנו אתבמות הבעל אשר&thinsp;<b></b> בגיא בןהנם להעביר אתבניהם ואתבנותיהם למלך אשר לאצויתים ולא עלתה עללבי לעשות התועבה הזאת למען <span class=""mam-kq-trivial"">החטי</span> אתיהודה&nbsp;<span class=""mam-spi-samekh"">{ס}</span>&nbsp;&nbsp;&nbsp;&nbsp;&nbsp;&nbsp;&nbsp;&nbsp;","and they built the shrines of Baal that are in the Valley of Ben-hinnom, where they offered up their sons and daughters to Molech—when I had never commanded, or even thought [of commanding], that they should do such an abominable thing, and so bring guilt on Judah.",Ninguno
Jeremiah,32,36,ועתה לכן כהאמר יהוה אלהי ישראל אלהעיר הזאת אשר&thinsp;<b></b> אתם אמרים נתנה ביד מלךבבל בחרב וברעב ובדבר,"But now, assuredly, thus said the ETERNAL, the God of Israel, concerning this city of which you say, “It is being delivered into the hands of the king of Babylon through the sword, through famine, and through pestilence”: ",Ninguno
Jeremiah,32,37,הנני מקבצם מכלהארצות אשר הדחתים שם באפי ובחמתי ובקצף גדול והשבתים אלהמקום הזה והשבתים לבטח,"See, I will gather them from all the lands to which I have banished them in My anger and wrath, and in great rage; and I will bring them back to this place and let them dwell secure. ",Ninguno
Jeremiah,32,38,והיו לי לעם ואני אהיה להם לאלהים,"They shall be My people, and I will be their God. ",Ninguno
Jeremiah,32,39,ונתתי להם לב אחד ודרך אחד ליראה אותי כלהימים לטוב להם ולבניהם אחריהם,"I will give them a single heart and a single nature to revere Me for all time, and it shall be well with them and their children after them. ",Ninguno
Jeremiah,32,40,וכרתי להם ברית עולם אשר לאאשוב מאחריהם להיטיבי אותם ואתיראתי אתן בלבבם לבלתי סור מעלי,"And I will make an everlasting covenant with them that I will not turn away from them and that I will treat them graciously; and I will put into their hearts reverence for Me, so that they do not turn away from Me. ",Ninguno
Jeremiah,32,41,"וששתי עליהם להטיב אותם ונטעתים בארץ הזאת באמת בכללבי ובכלנפשי&nbsp;<span class=""mam-spi-samekh"">{ס}</span>&nbsp;&nbsp;&nbsp;&nbsp;&nbsp;&nbsp;&nbsp;&nbsp;","I will delight in treating them graciously, and I will plant them in this land faithfully, with all My heart and soul.",Ninguno
Jeremiah,32,42,כיכה אמר יהוה כאשר הבאתי אלהעם הזה את כלהרעה הגדולה הזאת כן אנכי מביא עליהם אתכלהטובה אשר אנכי דבר עליהם,"For thus said GOD: As I have brought this terrible disaster upon this people, so I am going to bring upon them the vast good fortune that I have promised for them. ",Ninguno
Jeremiah,32,43,ונקנה השדה בארץ הזאת אשר&thinsp;<b></b> אתם אמרים שממה היא מאין אדם ובהמה נתנה ביד הכשדים,"And fields shall again be purchased in this land of which you say, “It is a desolation, without humans or animals; it is delivered into the hands of the Chaldeans.”",Ninguno
Jeremiah,32,44,"שדות בכסף יקנו וכתוב בספר&thinsp;<small></small>&thinsp;וחתום והעד עדים בארץ בנימן ובסביבי ירושל͏ם ובערי יהודה ובערי ההר ובערי השפלה ובערי הנגב כיאשיב אתשבותם נאםיהוה&nbsp;<span class=""mam-spi-pe"">{פ}</span><br>","Fields shall be purchased, and deeds written and sealed, and witnesses called in the land of Benjamin and in the environs of Jerusalem, and in the towns of Judah; the towns of the hill country, the towns of the Shephelah, and the towns of the Negeb. For I will restore their fortunes—declares GOD.",Ninguno
Jeremiah,33,1,ויהי דבריהוה אלירמיהו שנית והוא עודנו עצור בחצר המטרה לאמר,"The word of GOD came to Jeremiah a second time, while he was still confined in the prison compound, as follows:",Ninguno
Jeremiah,33,2,כהאמר יהוה עשה יהוה יוצר אותה להכינה יהוה שמו,"Thus said  GOD who is planning it, 
GOD
  who is shaping it to bring it about,Whose name is  GOD:",Ninguno
Jeremiah,33,3,"קרא אלי ואענך ואגידה לך גדלות ובצרות לא ידעתם&nbsp;<span class=""mam-spi-pe"">{פ}</span><br>","Call to Me, and I will answer you,And I will tell you wondrous things,Secrets you have not known.",Percepción (Yada)
Jeremiah,33,4,כי כה אמר יהוה אלהי ישראל עלבתי העיר הזאת ועלבתי מלכי יהודה הנתצים אלהסללות ואלהחרב,"For thus said the ETERNAL, the God of Israel, concerning the houses of this city and the palaces of the kings of Judah that were torn down for [defense] against the siege mounds and against the sword, ",Ninguno
Jeremiah,33,5,באים להלחם אתהכשדים ולמלאם אתפגרי האדם אשרהכיתי באפי ובחמתי ואשר הסתרתי פני מהעיר הזאת על כלרעתם,"and were filled by those who went to fight the Chaldeansafor [defense] against the siege mounds … fight the Chaldeans Meaning of Heb. uncertain.—with the corpses of those whom I struck down in My anger and rage, hiding My face from this city because of all their wickedness: ",Ninguno
Jeremiah,33,6,הנני מעלהלה ארכה ומרפא ורפאתים וגליתי להם עתרת שלום ואמת,I am going to bring her relief and healing. I will heal them and reveal to them abundancebabundance Meaning of Heb. uncertain. of true favor. ,Ninguno
Jeremiah,33,7,והשבתי אתשבות יהודה ואת שבות ישראל ובנתים כבראשנה,"And I will restore the fortunes of Judah and Israel, and I will rebuild them as of old. ",Ninguno
Jeremiah,33,8,"וטהרתים מכלעונם אשר חטאולי וסלחתי <span class=""mam-kq""><span class=""mam-kq-k"">(לכול)</span> <span class=""mam-kq-q"">[לכל]</span></span>עונותיהם אשר חטאולי ואשר פשעו בי","And I will purge them of all the sins that they committed against Me, and I will pardon all the sins that they committed against Me, by which they rebelled against Me. ",Ninguno
Jeremiah,33,9,"והיתה לי לשם ששון לתהלה ולתפארת לכל גויי הארץ אשר ישמעו אתכלהטובה אשר אנכי עשה אותם ופחדו ורגזו על כלהטובה ועל כלהשלום אשר אנכי עשה לה&nbsp;<span class=""mam-spi-samekh"">{ס}</span>&nbsp;&nbsp;&nbsp;&nbsp;&nbsp;&nbsp;&nbsp;&nbsp;","And she shall gain through Me renown, joy, fame, and glory above all the nations on earth, when they hear of all the good fortune I provide for them.cthem I.e., Judah and Israel. They will thrill and quiver because of all the good fortune and all the prosperity that I provide for her.",Ninguno
Jeremiah,33,10,כה&thinsp;<b></b> אמר יהוה עוד ישמע במקוםהזה אשר אתם אמרים חרב הוא מאין אדם ומאין בהמה בערי יהודה ובחצות ירושל͏ם הנשמות מאין אדם ומאין יושב ומאין בהמה,"Thus said GOD: Again there shall be heard in this place, which you say is ruined, without humans or animals—in the towns of Judah and the streets of Jerusalem that are desolate, without humans, without inhabitants, without animals— ",Ninguno
Jeremiah,33,11,"קול ששון וקול שמחה קול חתן וקול כלה קול אמרים הודו אתיהוה צבאות כיטוב יהוה כילעולם חסדו מבאים תודה בית יהוה כיאשיב אתשבותהארץ כבראשנה אמר יהוה&nbsp;<span class=""mam-spi-samekh"">{ס}</span>&nbsp;&nbsp;&nbsp;&nbsp;&nbsp;&nbsp;&nbsp;&nbsp;","the sound of mirth and gladness, the voice of bridegroom and bride, the voice of those who cry, “Give thanks to GOD of Hosts, for GOD—whose steadfast love is eternal—is good!” as they bring thanksgiving offerings to the House of GOD. For I will restore the fortunes of the land as of old—said GOD.",Ninguno
Jeremiah,33,12,כהאמר יהוה צבאות עוד יהיה&thinsp;<b></b> במקום הזה החרב מאיןאדם ועדבהמה ובכלעריו נוה רעים מרבצים צאן,"Thus said GOD of Hosts: In this ruined place, without humans or animals, and in all its towns, there shall again be a pasture for shepherds, where they can rest their flocks. ",Ninguno
Jeremiah,33,13,"בערי ההר בערי השפלה ובערי הנגב ובארץ בנימן ובסביבי ירושל͏ם ובערי יהודה עד תעברנה הצאן עלידי מונה אמר יהוה&nbsp;<span class=""mam-spi-samekh"">{ס}</span>&nbsp;&nbsp;&nbsp;&nbsp;&nbsp;&nbsp;&nbsp;&nbsp;","In the towns of the hill country, in the towns of the Shephelah, and in the towns of the Negeb, in the land of Benjamin and in the environs of Jerusalem and in the towns of Judah, sheep shall pass again under the hands of one who counts them—said GOD. ",Ninguno
Jeremiah,33,14,הנה ימים באים נאםיהוה והקמתי אתהדבר הטוב אשר דברתי אלבית ישראל ועלבית יהודה,"See, days are coming—declares GOD—when I will fulfill the promise that I made concerning the House of Israel and the House of Judah. ",Ninguno
Jeremiah,33,15,בימים ההם ובעת ההיא אצמיח לדוד צמח צדקה ועשה משפט וצדקה בארץ,"In those days and at that time, I will raise up a true branch of David’s line, and he shall do what is just and right in the land. ",Ninguno
Jeremiah,33,16,"בימים ההם תושע יהודה וירושל͏ם תשכון לבטח וזה אשריקראלה יהוה&thinsp;<small></small>&thinsp;צדקנו&nbsp;<span class=""mam-spi-samekh"">{ס}</span>&nbsp;&nbsp;&nbsp;&nbsp;&nbsp;&nbsp;&nbsp;&nbsp;","In those days Judah shall be delivered and Jerusalem shall dwell secure. And this is what it shall be called: “GOD is our Vindicator.”dGOD is our Vindicator See note at 23.6; here, it is the city that will bear this name. ",Ninguno
Jeremiah,33,17,כיכה אמר יהוה לאיכרת לדוד איש ישב עלכסא ביתישראל,For thus said GOD: There shall never be an end to those of David’s line who sit upon the throne of the House of Israel.,Ninguno
Jeremiah,33,18,"ולכהנים הלוים לאיכרת איש מלפני מעלה עולה ומקטיר מנחה ועשה זבח כלהימים&nbsp;<span class=""mam-spi-pe"">{פ}</span><br>","Nor shall there ever be an end to the line of the levitical priests before Me, of those who present burnt offerings and turn the grain offering to smoke and perform sacrifices.",Ninguno
Jeremiah,33,19,ויהי דבריהוה אלירמיהו לאמור,The word of GOD came to Jeremiah:,Ninguno
Jeremiah,33,20,כה אמר יהוה אםתפרו אתבריתי היום ואתבריתי הלילה ולבלתי היות יומםולילה בעתם,"Thus said GOD: If you could break My covenant with the day and My covenant with the night, so that day and night should not come at their proper time, ",Ninguno
Jeremiah,33,21,גםבריתי תפר אתדוד עבדי מהיותלו בן מלך עלכסאו ואתהלוים הכהנים משרתי,"only then could My covenant with My servant David be broken—so that he would not have a descendant reigning upon his throne—or with My ministrants, the levitical priests. ",Ninguno
Jeremiah,33,22,"אשר לאיספר צבא השמים ולא ימד חול הים כן ארבה אתזרע דוד עבדי ואתהלוים משרתי אתי&nbsp;<span class=""mam-spi-samekh"">{ס}</span>&nbsp;&nbsp;&nbsp;&nbsp;&nbsp;&nbsp;&nbsp;&nbsp;","Like the host of heaven that cannot be counted, and the sand of the sea that cannot be measured, so will I multiply the offspring of My servant David, and of the Levites who minister to Me.",Ninguno
Jeremiah,33,23,ויהי דבריהוה אלירמיהו לאמר,The word of GOD came to Jeremiah:,Ninguno
Jeremiah,33,24,"הלוא ראית מההעם הזה דברו לאמר שתי המשפחות אשר בחר יהוה בהם וימאסם ואתעמי ינאצון מהיות עוד גוי לפניהם&nbsp;<span class=""mam-spi-samekh"">{ס}</span>&nbsp;&nbsp;&nbsp;&nbsp;&nbsp;&nbsp;&nbsp;&nbsp;","You see what this people said: “The two families that GOD chose have now been rejected.” Thus they despise My people, and regard them as no longer a nation.eand regard them as no longer a nation Meaning of Heb. uncertain. ",Ninguno
Jeremiah,33,25,כה אמר יהוה אםלא בריתי יומם ולילה חקות שמים וארץ לאשמתי,Thus said GOD: As surely as I have established My covenant with day and night—the laws of heaven and earth—,Ninguno
Jeremiah,33,26,"גםזרע יעקוב ודוד עבדי אמאס מקחת מזרעו משלים אלזרע אברהם ישחק ויעקב כי<span class=""mam-kq""><span class=""mam-kq-q"">[אשיב]</span> <span class=""mam-kq-k"">(אשוב)</span></span> אתשבותם ורחמתים&nbsp;<span class=""mam-spi-pe"">{פ}</span><br>","so I will never reject the offspring of Jacob and My servant David; I will never fail to take from his offspring rulers for the descendants of Abraham, Isaac, and Jacob. Indeed, I will restore their fortunes and take them back in love.",Ninguno
Jeremiah,34,1,הדבר אשרהיה אלירמיהו מאת יהוה ונבוכדראצר מלךבבל&thinsp;<small></small>&thinsp;וכלחילו וכלממלכות ארץ ממשלת ידו וכלהעמים נלחמים עלירושל͏ם ועלכלעריה לאמר,"The word that came to Jeremiah from GOD, when King Nebuchadrezzar of Babylon and all his army, and all the kingdoms of the earth and all the peoples under his sway, were waging war against Jerusalem and all its towns:",Ninguno
Jeremiah,34,2,כהאמר יהוה אלהי ישראל הלך ואמרת אלצדקיהו מלך יהודה ואמרת אליו כה אמר יהוה הנני נתן אתהעיר הזאת ביד מלךבבל ושרפה באש,"Thus said the ETERNAL, the God of Israel: Go speak to King Zedekiah of Judah, and say to him: “Thus said GOD: I am going to deliver this city into the hands of the king of Babylon, and he will destroy it by fire. ",Ninguno
Jeremiah,34,3,ואתה לא תמלט מידו כי תפש תתפש ובידו תנתן ועיניך אתעיני מלךבבל תראינה ופיהו אתפיך ידבר ובבל תבוא,And you will not escape from him; you will be captured and handed over to him. And you will see the king of Babylon face to face and speak to him in person;aAnd you will see the king of Babylon face to face and speak to him in person For the idiom see note at 32.4. and you will be brought to Babylon. ,Ninguno
Jeremiah,34,4,אך שמע דבריהוה צדקיהו מלך יהודה כהאמר יהוה עליך לא תמות בחרב,"But hear the word of GOD, O King Zedekiah of Judah! Thus said GOD concerning you: You will not die by the sword. ",Ninguno
Jeremiah,34,5,"בשלום תמות וכמשרפות אבותיך המלכים הראשנים אשרהיו לפניך כן ישרפולך והוי אדון יספדולך כידבר אנידברתי נאםיהוה&nbsp;<span class=""mam-spi-samekh"">{ס}</span>&nbsp;&nbsp;&nbsp;&nbsp;&nbsp;&nbsp;&nbsp;&nbsp;","You will die a peaceful death; and as incensebincense Lit. “burnings.” was burned for your ancestors, the earlier kings who preceded you, so they will burn incensecincense See preceding note. for you, and they will lament for you ‘Ah, lord!’ For I Myself have made the promise—declares GOD.”",Ninguno
Jeremiah,34,6,וידבר ירמיהו הנביא אלצדקיהו מלך יהודה את כלהדברים האלה בירושל͏ם,"The prophet Jeremiah spoke all these words to King Zedekiah of Judah in Jerusalem, ",Ninguno
Jeremiah,34,7,"וחיל מלךבבל נלחמים עלירושל͏ם ועל כלערי יהודה הנותרות אללכיש ואלעזקה כי הנה נשארו בערי יהודה ערי מבצר&nbsp;<span class=""mam-spi-pe"">{פ}</span><br>","when the army of the king of Babylon was waging war against Jerusalem and against the remaining towns of Judah—against Lachish and Azekah, for they were the only fortified towns of Judah that were left.",Ninguno
Jeremiah,34,8,הדבר אשרהיה אלירמיהו מאת יהוה אחרי כרת המלך צדקיהו ברית אתכלהעם אשר בירושל͏ם לקרא להם דרור,The word that came to Jeremiah from GOD after King Zedekiah had made a covenant with all the people in Jerusalem to proclaim a releasedrelease In contrast to others “liberty.” among them— ,Ninguno
Jeremiah,34,9,לשלח איש אתעבדו ואיש אתשפחתו העברי והעבריה חפשים לבלתי עבדבם ביהודי אחיהו איש,"that everyone should set free their Hebrew slaves, both male and female, and that no one should keep their fellow Judean enslaved.",Ninguno
Jeremiah,34,10,וישמעו כלהשרים וכלהעם אשרבאו בברית לשלח איש אתעבדו ואיש אתשפחתו חפשים לבלתי עבדבם עוד וישמעו וישלחו,"Everyone, officials and people, who had entered into the covenant agreed to set their male and female slaves free and not keep them enslaved any longer; they complied and let them go. ",Ninguno
Jeremiah,34,11,"וישובו אחריכן וישבו אתהעבדים ואתהשפחות אשר שלחו חפשים <span class=""mam-kq""><span class=""mam-kq-k"">(ויכבישום)</span> <span class=""mam-kq-q"">[ויכבשום]</span></span> לעבדים ולשפחות&nbsp;<span class=""mam-spi-pe"">{פ}</span><br>","But afterward they turned about and brought back the men and women they had set free, and forced them into slavery again. ",Ninguno
Jeremiah,34,12,ויהי דבריהוה אלירמיהו מאת יהוה לאמר,Then it was that the word of GOD came to Jeremiah from GOD:,Ninguno
Jeremiah,34,13,כהאמר יהוה אלהי ישראל אנכי כרתי ברית אתאבותיכם ביום הוצאי אותם מארץ מצרים מבית עבדים לאמר,"Thus said the ETERNAL, the God of Israel: I made a covenant with your ancestors when I brought them out of the land of Egypt, the house of bondage, saying: ",Ninguno
Jeremiah,34,14,מקץ שבע שנים תשלחו איש אתאחיו העברי אשרימכר לך ועבדך שש שנים ושלחתו חפשי מעמך ולאשמעו אבותיכם אלי ולא הטו אתאזנם,"“In the seventh yeareIn the seventh year Of servitude. Lit. “After a period of seven years”; cf. Deut. 14.28; 15.1. each of you must let go any fellow Hebrew who may be soldfwho may be sold Or “who sell themselves.” to you; when they have served you six years, you must set them free.” But your ancestors would not obey Me or give ear. ",Ninguno
Jeremiah,34,15,ותשבו אתם היום ותעשו אתהישר בעיני לקרא דרור איש לרעהו ותכרתו ברית לפני בבית אשרנקרא שמי עליו,"Lately you turned about and did what is proper in My sight, and all of you proclaimed a release to your compatriots; and you made a covenant accordingly before Me in the House that bears My name. ",Ninguno
Jeremiah,34,16,"ותשבו ותחללו אתשמי ותשבו איש אתעבדו ואיש אתשפחתו אשרשלחתם חפשים לנפשם ותכבשו אתם להיות לכם לעבדים ולשפחות&nbsp;<span class=""mam-spi-samekh"">{ס}</span>&nbsp;&nbsp;&nbsp;&nbsp;&nbsp;&nbsp;&nbsp;&nbsp;","But now you have turned back and have profaned My name; each of you has brought back the men and women whom you had given their freedom, and forced them to be your slaves again.",Ninguno
Jeremiah,34,17,"לכן כהאמר יהוה אתם לאשמעתם אלי לקרא דרור איש לאחיו ואיש לרעהו הנני קרא לכם דרור נאםיהוה אלהחרב אלהדבר ואלהרעב ונתתי אתכם <span class=""mam-kq""><span class=""mam-kq-k"">(לזועה)</span> <span class=""mam-kq-q"">[לזעוה]</span></span> לכל ממלכות הארץ","Assuredly, thus said GOD: You would not obey Me and proclaim a release, each to your kin and neighbor. Lo! I proclaim your release—declares GOD—to the sword, to pestilence, and to famine; and I will make you a horror to all the kingdoms of the earth. ",Ninguno
Jeremiah,34,18,ונתתי אתהאנשים העברים אתברתי אשר לאהקימו אתדברי הברית אשר כרתו לפני העגל אשר כרתו לשנים ויעברו בין בתריו,"I will make the parties who violated My covenant, who did not fulfill the terms of the covenant that they made before Me, [like] the calf that they cut in two so as to pass between the halves:gthe calf … the halves Cf. Gen. 15.9–10, 17–21. ",Separación (Beyn)
Jeremiah,34,19,שרי יהודה ושרי ירושל͏ם הסרסים והכהנים וכל עם הארץ העברים בין בתרי העגל,"The officers of Judah and Jerusalem, the officials, the priests, and all the people of the land who passed between the halves of the calf ",Separación (Beyn)
Jeremiah,34,20,ונתתי אותם ביד איביהם וביד מבקשי נפשם והיתה נבלתם למאכל לעוף השמים ולבהמת הארץ,"shall be handed over to their enemies, to those who seek to kill them. Their carcasses shall become food for the birds of the sky and the beasts of the earth. ",Ninguno
Jeremiah,34,21,ואתצדקיהו מלךיהודה ואתשריו אתן ביד איביהם וביד מבקשי נפשם וביד חיל מלך בבל העלים מעליכם,"I will hand over King Zedekiah of Judah and his officers to their enemies, who seek to kill them—to the army of the king of Babylon that has withdrawn from you. ",Ninguno
Jeremiah,34,22,"הנני מצוה נאםיהוה והשבתים אלהעיר הזאת ונלחמו עליה ולכדוה ושרפה באש ואתערי יהודה אתן שממה מאין ישב&nbsp;<span class=""mam-spi-pe"">{פ}</span><br>","I hereby give the command—declares GOD—by which I will bring them back against this city. They shall attack it and capture it, and burn it down. I will make the towns of Judah a desolation, without inhabitant.",Ninguno
Jeremiah,35,1,הדבר אשרהיה אלירמיהו מאת יהוה בימי יהויקים בןיאשיהו מלך יהודה לאמר,The word that came to Jeremiah from GOD in the days of King Jehoiakim son of Josiah of Judah:,Ninguno
Jeremiah,35,2,הלוך אלבית הרכבים ודברת אותם והבאותם בית יהוה אלאחת הלשכות והשקית אותם יין,"Go to the house of the Rechabites and speak to them, and bring them to the House of GOD, to one of the chambers, and give them wine to drink.",Ninguno
Jeremiah,35,3,ואקח אתיאזניה בןירמיהו בןחבצניה ואתאחיו ואתכלבניו ואת כלבית הרכבים,"So I took Jaazaniah son of Jeremiah son of Habazziniah, and his brothers, all his sons, and all the men in the household of the Rechabites; ",Ninguno
Jeremiah,35,4,ואבא אתם בית יהוה אללשכת בני חנן בןיגדליהו איש האלהים אשראצל לשכת השרים אשר ממעל ללשכת מעשיהו בןשלם שמר הסף,"and I brought them to the House of GOD, to the chamber of the sons of Hanan son of Igdaliah, the agent of God, which is next to the chamber of the officials and above the chamber of Maaseiah son of Shallum, the guardian of the threshold. ",Ninguno
Jeremiah,35,5,ואתן לפני&thinsp;<b></b> בני ביתהרכבים גבעים מלאים יין וכסות ואמר אליהם שתויין,"I set bowls full of wine and cups before the Rechabites, and said to them, “Have some wine.”",Ninguno
Jeremiah,35,6,ויאמרו לא נשתהיין כי יונדב בןרכב אבינו צוה עלינו לאמר לא תשתויין אתם ובניכם עדעולם,"They replied, “We will not drink wine, for our ancestor, Jonadab son of Rechab, commanded us: ‘You shall never drink wine, either you or your children. ",Ninguno
Jeremiah,35,7,ובית לאתבנו וזרע לאתזרעו וכרם לאתטעו ולא יהיה לכם כי באהלים תשבו כלימיכם למען תחיו ימים רבים עלפני האדמה אשר אתם גרים שם,"Nor shall you build houses or sow fieldsafields Lit. “seed.” or plant vineyards, nor shall you own such things; but you shall live in tents all your days, so that you may live long upon the land where you sojourn.’ ",Ninguno
Jeremiah,35,8,ונשמע בקול יהונדב בןרכב אבינו לכל אשר צונו לבלתי שתותיין כלימינו אנחנו נשינו בנינו ובנתינו,"And we have obeyed our ancestor Jonadab son of Rechab in all that he commanded us: we never drink wine, neither we nor our wives nor our sons and daughters. ",Ninguno
Jeremiah,35,9,ולבלתי בנות בתים לשבתנו וכרם ושדה וזרע לא יהיהלנו,"Nor do we build houses to live in, and we do not own vineyards or fields for sowing; ",Ninguno
Jeremiah,35,10,ונשב באהלים ונשמע ונעש ככל אשרצונו יונדב אבינו,but we live in tents. We have obeyed and done all that our ancestor Jonadab commanded us.,Ninguno
Jeremiah,35,11,"ויהי בעלות נבוכדראצר מלךבבל אלהארץ ונאמר באו ונבוא ירושל͏ם מפני חיל הכשדים ומפני חיל ארם ונשב בירושל͏ם&nbsp;<span class=""mam-spi-pe"">{פ}</span><br>","But when King Nebuchadrezzar of Babylon invaded the country, we said, ‘Come, let us go into Jerusalem because of the army of the Chaldeans and the army of Aram.’ And so we are living in Jerusalem.”",Ninguno
Jeremiah,35,12,ויהי דבריהוה אלירמיהו לאמר,Then the word of GOD came to Jeremiah:,Ninguno
Jeremiah,35,13,כהאמר יהוה צבאות אלהי ישראל הלך ואמרת לאיש יהודה וליושבי ירושל͏ם הלוא תקחו מוסר לשמע אלדברי נאםיהוה,"Thus said GOD of Hosts, the God of Israel: Go say to the citizenry of Judah and the inhabitants of Jerusalem: “You can learn a lesson [here] about obeying My commands—declares GOD. ",Ninguno
Jeremiah,35,14,הוקם אתדברי יהונדב בןרכב אשרצוה אתבניו לבלתי שתותיין ולא שתו עדהיום הזה כי שמעו את מצות אביהם ואנכי דברתי אליכם השכם ודבר ולא שמעתם אלי,"The commands of Jonadab son of Rechab have been fulfilled: he charged his children not to drink wine, and to this day they have not drunk, in obedience to the charge of their ancestor. But I spoke to you persistently, and you did not listen to Me. ",Ninguno
Jeremiah,35,15,ואשלח אליכם אתכלעבדי הנבאים&thinsp;<small></small>&thinsp;השכם ושלח&thinsp;<small></small>&thinsp;לאמר שבונא איש מדרכו הרעה והיטיבו מעלליכם ואלתלכו אחרי אלהים אחרים לעבדם ושבו אלהאדמה אשרנתתי לכם ולאבתיכם ולא הטיתם אתאזנכם ולא שמעתם אלי,"I persistently sent you all My servants, the prophets, to say: ‘Turn back, every one of you, from your wicked ways and mend your deeds; do not follow other gods or serve them. Then you may remain on the land that I gave to you and your ancestors.’ But you did not give ear or listen to Me. ",Ninguno
Jeremiah,35,16,כי הקימו בני יהונדב בןרכב אתמצות אביהם אשר צום והעם הזה לא שמעו אלי,The family of Jonadab son of Rechab have indeed fulfilled the charge that their ancestor gave them; but this people has not listened to Me.,Ninguno
Jeremiah,35,17,לכן כהאמר יהוה אלהי צבאות אלהי ישראל הנני מביא אליהודה ואל כליושבי ירושל͏ם את כלהרעה אשר דברתי עליהם יען דברתי אליהם ולא שמעו ואקרא להם ולא ענו,"Assuredly, thus said the ETERNAL, the God of Hosts, the God of Israel: I am going to bring upon Judah and upon all the inhabitants of Jerusalem all the disaster with which I have threatened them; for I spoke to them, but they would not listen; I called to them, but they would not respond.”",Ninguno
Jeremiah,35,18,ולבית הרכבים אמר ירמיהו כהאמר יהוה צבאות אלהי ישראל יען אשר שמעתם עלמצות יהונדב אביכם ותשמרו אתכלמצותיו ותעשו ככל אשרצוה אתכם,"And to the family of the Rechabites Jeremiah said: “Thus said GOD of Hosts, the God of Israel: Because you have obeyed the charge of your ancestor Jonadab and kept all his commandments, and done all that he enjoined upon you, ",Ninguno
Jeremiah,35,19,"לכן כה אמר יהוה צבאות אלהי ישראל לאיכרת איש ליונדב בןרכב עמד לפני כלהימים&nbsp;<span class=""mam-spi-pe"">{פ}</span><br>","assuredly, thus said GOD of Hosts, the God of Israel: There shall never cease to be someone from the line of Jonadab son of Rechab standing before Me.”",Ninguno
Jeremiah,36,1,ויהי בשנה הרבעית ליהויקים בןיאשיהו מלך יהודה היה הדבר הזה אלירמיהו מאת יהוה לאמר,"In the fourth year of King Jehoiakim son of Josiah of Judah, this word came to Jeremiah from GOD:",Ninguno
Jeremiah,36,2,קחלך מגלתספר וכתבת אליה את כלהדברים אשרדברתי אליך עלישראל ועליהודה ועלכלהגוים מיום דברתי אליך מימי יאשיהו ועד היום הזה,Get a scroll and write upon it all the words that I have spoken to you—concerning Israel and Judah and all the nations—from the time I first spoke to you in the days of Josiah to this day.,Ninguno
Jeremiah,36,3,"אולי ישמעו בית יהודה את כלהרעה אשר אנכי חשב לעשות להם למען ישובו איש מדרכו הרעה וסלחתי לעונם ולחטאתם&nbsp;<span class=""mam-spi-samekh"">{ס}</span>&nbsp;&nbsp;&nbsp;&nbsp;&nbsp;&nbsp;&nbsp;&nbsp;","Perhaps when the House of Judah hear of all the disasters I intend to bring upon them, they will turn back from their wicked ways, and I will pardon their iniquity and their sin. ",Ninguno
Jeremiah,36,4,ויקרא ירמיהו אתברוך בןנריה ויכתב ברוך מפי ירמיהו את כלדברי יהוה אשרדבר אליו עלמגלתספר,"So Jeremiah called Baruch son of Neriah; and Baruch wrote down in the scroll, at Jeremiah’s dictation, all the words that GOD had spoken to him.",Ninguno
Jeremiah,36,5,ויצוה ירמיהו אתברוך לאמר אני עצור לא אוכל לבוא בית יהוה,"Jeremiah instructed Baruch, “I am in hiding;ain hiding Or “detained.” I cannot go to the House of GOD. ",Ninguno
Jeremiah,36,6,ובאת אתה וקראת במגלה אשרכתבתמפי אתדברי יהוה באזני העם בית יהוה ביום צום וגם באזני כליהודה הבאים מעריהם תקראם,"But you go and read aloud GOD’s words from the scroll that you wrote at my dictation, to all the people in the House of GOD on a fast day; thus you will also be reading them to all the Judeans who come in from the towns. ",Ninguno
Jeremiah,36,7,אולי תפל תחנתם לפני יהוה וישבו איש מדרכו הרעה כיגדול האף והחמה אשרדבר יהוה אלהעם הזה,"Perhaps their entreaty will be accepted by GOD, if they turn back from their wicked ways. For great is the anger and wrath with which GOD has threatened this people.”",Ninguno
Jeremiah,36,8,"ויעש ברוך בןנריה ככל אשרצוהו ירמיהו הנביא לקרא בספר דברי יהוה בית יהוה&nbsp;<span class=""mam-spi-pe"">{פ}</span><br>","Baruch son of Neriah did just as the prophet Jeremiah had instructed him, about reading GOD’s words from the scroll in the House of GOD. ",Ninguno
Jeremiah,36,9,ויהי בשנה החמשית ליהויקים בןיאשיהו מלךיהודה בחדש התשעי קראו צום לפני יהוה כלהעם בירושל͏ם וכלהעם הבאים מערי יהודה בירושל͏ם,"In the ninth month of the fifth year of King Jehoiakim son of Josiah of Judah, all the people in Jerusalem and all the people coming from Judah proclaimed a fast before GOD in Jerusalem. ",Ninguno
Jeremiah,36,10,ויקרא ברוך בספר אתדברי ירמיהו בית יהוה בלשכת גמריהו בןשפן הספר בחצר העליון פתח שער ביתיהוה החדש באזני כלהעם,"It was then that Baruch—in the chamber of Gemariah son of Shaphan the scribe, in the upper court, near the new gateway of the House of GOD—read the words of Jeremiah from the scroll to all the people in the House of GOD.",Ninguno
Jeremiah,36,11,וישמע מכיהו בןגמריהו בןשפן אתכלדברי יהוה מעל הספר,"Micaiah son of Gemariah son of Shaphan heard all the words of GOD [read] from the scroll, ",Ninguno
Jeremiah,36,12,וירד ביתהמלך עללשכת הספר והנהשם כלהשרים יושבים אלישמע הספר ודליהו בןשמעיהו ואלנתן בןעכבור וגמריהו בןשפן וצדקיהו בןחנניהו וכלהשרים,"and he went down to the king’s palace, to the chamber of the scribe. There he found all the officials in session: Elishama the scribe, Delaiah son of Shemaiah, Elnathan son of Achbor, Gemariah son of Shaphan, Zedekiah son of Hananiah, and all the other officials. ",Ninguno
Jeremiah,36,13,ויגד להם מכיהו את כלהדברים אשר שמע בקרא ברוך בספר באזני העם,And Micaiah told them all that he had heard as Baruch read from the scroll in the hearing of the people.,Ninguno
Jeremiah,36,14,וישלחו כלהשרים אלברוך אתיהודי בןנתניהו בןשלמיהו בןכושי לאמר המגלה אשר קראת בה באזני העם קחנה בידך ולך ויקח ברוך בןנריהו אתהמגלה בידו ויבא אליהם,"Then all the officials sent Jehudi son of Nethaniah son of Shelemiah son of Cushi to say to Baruch, “Take that scroll from which you read to the people, and come along!” And Baruch took the scroll and came to them.",Ninguno
Jeremiah,36,15,ויאמרו אליו שב נא וקראנה באזנינו ויקרא ברוך באזניהם,"They said, “Sit down and read itbSit down and read it Change of vocalization yields “Read it again”; cf. Targum and Septuagint. to us.” And Baruch read it to them. ",Ninguno
Jeremiah,36,16,ויהי כשמעם אתכלהדברים פחדו איש אלרעהו ויאמרו אלברוך הגיד נגיד למלך את כלהדברים האלה,"When they heard all these words, they turned to each other in fear; and they said to Baruch, “We must report all this to the king.”",Ninguno
Jeremiah,36,17,ואתברוך שאלו לאמר הגדנא לנו איך כתבת אתכלהדברים האלה מפיו,"And they questioned Baruch further, “Tell us how you wrote down all these words that he spoke.”cthat he spoke Force of Heb. uncertain. ",Ninguno
Jeremiah,36,18,"ויאמר להם ברוך מפיו יקרא אלי את כלהדברים האלה ואני כתב עלהספר בדיו&nbsp;<span class=""mam-spi-samekh"">{ס}</span>&nbsp;&nbsp;&nbsp;&nbsp;&nbsp;&nbsp;&nbsp;&nbsp;","He answered them, “He himself recited all those words to me, and I would write them down in the scroll in ink.”",Ninguno
Jeremiah,36,19,ויאמרו השרים אלברוך לך הסתר אתה וירמיהו ואיש אלידע איפה אתם,"The officials said to Baruch, “Go into hiding, you and Jeremiah. Don’t let anyone know where you are!” ",Percepción (Yada)
Jeremiah,36,20,ויבאו אלהמלך חצרה ואתהמגלה הפקדו בלשכת אלישמע הספר ויגידו באזני המלך את כלהדברים,"And they went to the king in the court, after leaving the scroll in the chamber of the scribe Elishama. And they reported all these matters to the king.",Ninguno
Jeremiah,36,21,וישלח המלך אתיהודי לקחת אתהמגלה ויקחה מלשכת אלישמע הספר ויקראה יהודי באזני המלך ובאזני כלהשרים העמדים מעל המלך,The king sent Jehudi to get the scroll and he fetched it from the chamber of the scribe Elishama. Jehudi read it to the king and to all the officials who were in attendance on the king.,Ninguno
Jeremiah,36,22,והמלך יושב בית החרף בחדש התשיעי ואתהאח לפניו מבערת,"Since it was the ninth month, the king was sitting in the winter house, with a fire burning in the brazier before him. ",Ninguno
Jeremiah,36,23,ויהי&thinsp;<b></b> כקרוא יהודי שלש דלתות וארבעה יקרעה בתער הספר והשלך אלהאש אשר אלהאח עדתם כלהמגלה עלהאש אשר עלהאח,"And every time Jehudi read three or four columns, [the king] would cut it up with a scribe’s knife and throw it into the fire in the brazier, until the entire scroll was consumed by the fire in the brazier. ",Ninguno
Jeremiah,36,24,ולא פחדו ולא קרעו אתבגדיהם המלך וכלעבדיו השמעים את כלהדברים האלה,Yet the king and all his courtiers who heard all these words showed no fear and did not tear their garments;,Ninguno
Jeremiah,36,25,וגם אלנתן ודליהו וגמריהו הפגעו במלך לבלתי שרף אתהמגלה ולא שמע אליהם,"moreover, Elnathan, Delaiah, and Gemariah begged the king not to burn the scroll, but he would not listen to them.",Ninguno
Jeremiah,36,26,"ויצוה המלך אתירחמאל בןהמלך ואתשריהו בןעזריאל ואתשלמיהו בןעבדאל לקחת אתברוך הספר ואת ירמיהו הנביא ויסתרם יהוה&nbsp;<span class=""mam-spi-samekh"">{ס}</span>&nbsp;&nbsp;&nbsp;&nbsp;&nbsp;&nbsp;&nbsp;&nbsp;","The king ordered Jerahmeel, the king’s son, and Seraiah son of Azriel, and Shelemiah son of Abdeel to arrest the scribe Baruch and the prophet Jeremiah. But GOD hid them.",Ninguno
Jeremiah,36,27,ויהי דבריהוה אלירמיהו אחרי&thinsp;<b></b> שרף המלך אתהמגלה ואתהדברים אשר כתב ברוך מפי ירמיהו לאמר,The word of GOD came to Jeremiah after the king had burned the scroll containing the words that Baruch had written at Jeremiah’s dictation:,Ninguno
Jeremiah,36,28,שוב קחלך מגלה אחרת וכתב עליה את כלהדברים הראשנים אשר היו עלהמגלה הראשנה אשר שרף יהויקים מלךיהודה,"Get yourself another scroll, and write upon it the same words that were in the first scroll that was burned by King Jehoiakim of Judah. ",Ninguno
Jeremiah,36,29,"ועליהויקים מלךיהודה תאמר כה אמר יהוה אתה שרפת אתהמגלה הזאת לאמר מדוע כתבת עליה לאמר באיבוא מלךבבל והשחית אתהארץ הזאת והשבית ממנה אדם ובהמה&nbsp;<span class=""mam-spi-samekh"">{ס}</span>&nbsp;&nbsp;&nbsp;&nbsp;&nbsp;&nbsp;&nbsp;&nbsp;","And concerning King Jehoiakim of Judah you shall say: Thus said GOD: You burned that scroll, saying, “How dare you write in it that the king of Babylon will come and destroy this land and cause human and animal to cease from it?” ",Ninguno
Jeremiah,36,30,לכן כהאמר יהוה עליהויקים מלך יהודה לאיהיהלו יושב עלכסא דוד ונבלתו תהיה משלכת לחרב ביום ולקרח בלילה,"Assuredly, thus said GOD concerning King Jehoiakim of Judah: He shall not have any of his line sitting on the throne of David; and his own corpse shall be left exposed to the heat by day and the cold by night. ",Ninguno
Jeremiah,36,31,ופקדתי עליו ועלזרעו ועלעבדיו אתעונם והבאתי עליהם ועלישבי ירושל͏ם ואלאיש יהודה את כלהרעה אשרדברתי אליהם ולא שמעו,And I will punish him and his offspring and his courtiers for their iniquity; I will bring on them and on the inhabitants of Jerusalem and on all the citizenry of Judah all the disasters of which I have warned them—but they would not listen.,Ninguno
Jeremiah,36,32,"וירמיהו לקח&thinsp;<b></b> מגלה אחרת ויתנה אלברוך בןנריהו הספר ויכתב עליה מפי ירמיהו את כלדברי הספר אשר שרף יהויקים מלךיהודה באש ועוד נוסף עליהם דברים רבים כהמה&nbsp;<span class=""mam-spi-pe"">{פ}</span><br>","So Jeremiah got another scroll and gave it to the scribe Baruch son of Neriah. And at Jeremiah’s dictation, he wrote in it the whole text of the scroll that King Jehoiakim of Judah had burned; and more of the like was added.",Ninguno
Jeremiah,37,1,וימלךמלך צדקיהו בןיאשיהו תחת כניהו בןיהויקים אשר המליך נבוכדראצר מלךבבל בארץ יהודה,"Zedekiah son of Josiah became king instead of Coniah son of Jehoiakim, for King Nebuchadrezzar of Babylon set him up as king over the land of Judah. ",Ninguno
Jeremiah,37,2,ולא שמע הוא ועבדיו ועם הארץ אלדברי יהוה אשר דבר ביד ירמיהו הנביא,Neither he nor his courtiers nor the people of the land gave heed to the words that GOD spoke through the prophet Jeremiah.,Ninguno
Jeremiah,37,3,וישלח המלך צדקיהו אתיהוכל בןשלמיה ואתצפניהו בןמעשיה הכהן אלירמיהו הנביא לאמר התפללנא בעדנו אליהוה אלהינו,"Yet King Zedekiah sent Jehucal son of Shelemiah and Zephaniah son of the priest Maaseiah to the prophet Jeremiah, to say, “Please pray on our behalf to the ETERNAL our God.” ",Ninguno
Jeremiah,37,4,"וירמיהו בא ויצא בתוך העם ולאנתנו אתו בית <span class=""mam-kq""><span class=""mam-kq-k"">(הכליא)</span> <span class=""mam-kq-q"">[הכלוא]</span></span>","(Jeremiah could still go in and out among the people, for they had not yet put him in prison. ",Ninguno
Jeremiah,37,5,"וחיל פרעה יצא ממצרים וישמעו הכשדים הצרים עלירושל͏ם אתשמעם ויעלו מעל ירושל͏ם&nbsp;<span class=""mam-spi-pe"">{פ}</span><br>","The army of Pharaoh had set out from Egypt; and when the Chaldeans who were besieging Jerusalem heard the report, they raised the siege of Jerusalem.)",Ninguno
Jeremiah,37,6,ויהי דבריהוה אלירמיהו הנביא לאמר,Then the word of GOD came to the prophet Jeremiah:,Ninguno
Jeremiah,37,7,כהאמר יהוה אלהי ישראל כה תאמרו אלמלך יהודה השלח אתכם אלי לדרשני הנה&thinsp;<b></b> חיל פרעה היצא לכם לעזרה שב לארצו מצרים,"Thus said the ETERNAL, the God of Israel: Thus shall you say to the king of Judah who sent you to Me to inquire of Me: “The army of Pharaoh, which set out to help you, will return to its own land, to Egypt. ",Ninguno
Jeremiah,37,8,"ושבו הכשדים ונלחמו עלהעיר הזאת ולכדה ושרפה באש&nbsp;<span class=""mam-spi-pe"">{פ}</span><br>",And the Chaldeans will come back and attack this city and they will capture it and destroy it by fire.”,Ninguno
Jeremiah,37,9,כה&thinsp;<b></b> אמר יהוה אלתשאו נפשתיכם לאמר הלך ילכו מעלינו הכשדים כילא ילכו,"Thus said GOD: Do not delude yourselves into thinking, “The Chaldeans will go away from us.” They will not. ",Ninguno
Jeremiah,37,10,כי אםהכיתם כלחיל כשדים הנלחמים אתכם ונשארובם אנשים מדקרים איש באהלו יקומו ושרפו אתהעיר הזאת באש,"Even if you defeated the whole army of the Chaldeans that are fighting against you, and only wounded men were left lying in their tents, they would get up and burn this city down!",Ninguno
Jeremiah,37,11,"והיה בהעלות חיל הכשדים מעל ירושל͏ם מפני חיל פרעה&nbsp;<span class=""mam-spi-samekh"">{ס}</span>&nbsp;&nbsp;&nbsp;&nbsp;&nbsp;&nbsp;&nbsp;&nbsp;","When the army of the Chaldeans raised the siege of Jerusalem on account of the army of Pharaoh, ",Ninguno
Jeremiah,37,12,ויצא ירמיהו מירושל͏ם ללכת ארץ בנימן לחלק משם בתוך העם,Jeremiah was going to leave Jerusalem and go to the territory of Benjamin to share in some property thereato share in some property there Meaning of Heb. uncertain. among the people. ,Ninguno
Jeremiah,37,13,ויהיהוא בשער בנימן ושם בעל פקדת ושמו יראייה בןשלמיה בןחנניה ויתפש אתירמיהו הנביא לאמר אלהכשדים אתה נפל,"When he got to the Benjamin Gate, there was a guard officer there named Irijah son of Shelemiah son of Hananiah; and he arrested the prophet Jeremiah, saying, “You are defecting to the Chaldeans!” ",Ninguno
Jeremiah,37,14,ויאמר ירמיהו שקר אינני נפל עלהכשדים ולא שמע אליו ויתפש יראייה בירמיהו ויבאהו אלהשרים,"Jeremiah answered, “That’s a lie! I’m not defecting to the Chaldeans!” But Irijah would not listen to him; he arrested Jeremiah and brought him to the officials. ",Ninguno
Jeremiah,37,15,ויקצפו השרים עלירמיהו והכו אתו ונתנו אותו בית האסור בית יהונתן הספר כיאתו עשו לבית הכלא,"The officials were furious with Jeremiah; they beat him and put him into prison, in the house of the scribe Jonathan—for it had been made into a jail. ",Ninguno
Jeremiah,37,16,כי בא ירמיהו אלבית הבור ואלהחניות וישבשם ירמיהו ימים רבים,"Thus Jeremiah came to the pit and the cells,bpit and the cells Meaning of Heb. uncertain. and Jeremiah remained there a long time.",Ninguno
Jeremiah,37,17,וישלח המלך צדקיהו ויקחהו וישאלהו המלך בביתו בסתר ויאמר היש דבר מאת יהוה ויאמר ירמיהו יש ויאמר ביד מלךבבל תנתן,"Then King Zedekiah sent for him, and the king questioned him secretly in his palace. He asked, “Is there any word from GOD?” “There is!” Jeremiah answered, and he continued, “You will be delivered into the hands of the king of Babylon.” ",Ninguno
Jeremiah,37,18,ויאמר ירמיהו אלהמלך צדקיהו מה חטאתי לך ולעבדיך ולעם הזה כינתתם אותי אלבית הכלא,"And Jeremiah said to King Zedekiah, “What wrong have I done to you, to your courtiers, and to this people, that you have put me in jail? ",Ninguno
Jeremiah,37,19,"<span class=""mam-kq""><span class=""mam-kq-k"">(ואיו)</span> <span class=""mam-kq-q"">[ואיה]</span></span> נביאיכם אשרנבאו לכם לאמר לאיבא מלךבבל עליכם ועל הארץ הזאת",And where are those prophets of yours who prophesied to you that the king of Babylon would never move against you and against this land?,Ninguno
Jeremiah,37,20,ועתה שמענא אדני המלך תפלנא תחנתי לפניך ואלתשבני בית יהונתן הספר ולא אמות שם,"Now, please hear me, O lord king, and grant my plea: Don’t send me back to the house of the scribe Jonathan to die there.”cto die there Lit. “and let me not die there.” ",Ninguno
Jeremiah,37,21,ויצוה המלך צדקיהו ויפקדו אתירמיהו בחצר המטרה ונתן לו ככרלחם ליום מחוץ האפים עדתם כלהלחם מןהעיר וישב ירמיהו בחצר המטרה,So King Zedekiah gave instructions to lodge Jeremiah in the prison compound and to supply him daily with a loaf of bread from the Bakers’ Street—until all the bread in the city was gone. Jeremiah remained in the prison compound.,Ninguno
Jeremiah,38,1,וישמע שפטיה בןמתן וגדליהו בןפשחור ויוכל בןשלמיהו ופשחור בןמלכיה אתהדברים אשר ירמיהו מדבר אלכלהעם לאמר,"Shephatiah son of Mattan, Gedaliah son of Pashhur, Jucal son of Shelemiah, and Pashhur son of Malchiah heard what Jeremiah was saying to all the people: ",Ninguno
Jeremiah,38,2,"כה אמר יהוה הישב בעיר הזאת ימות בחרב ברעב ובדבר והיצא אלהכשדים <span class=""mam-kq""><span class=""mam-kq-k"">(יחיה)</span> <span class=""mam-kq-q"">[וחיה]</span></span> והיתהלו נפשו לשלל וחי&nbsp;<span class=""mam-spi-samekh"">{ס}</span>&nbsp;&nbsp;&nbsp;&nbsp;&nbsp;&nbsp;&nbsp;&nbsp;","“Thus said GOD: Whoever remains in this city shall die by the sword, by famine, and by pestilence; but whoever surrenders to the Chaldeans shall live; he shall at least gain his lifeahe shall at least gain his life Lit. “he shall have his life as booty”; cf. 21.9. and shall live. ",Ninguno
Jeremiah,38,3,כה אמר יהוה הנתן תנתן העיר הזאת ביד חיל מלךבבל ולכדה,"Thus said GOD: This city shall be delivered into the hands of the king of Babylon’s army, and he shall capture it.”",Ninguno
Jeremiah,38,4,ויאמרו השרים אלהמלך יומת נא אתהאיש הזה כיעלכן הואמרפא אתידי אנשי המלחמה הנשארים&thinsp;<b></b> בעיר הזאת ואת ידי כלהעם לדבר אליהם כדברים האלה כי&thinsp;<b></b> האיש הזה איננו דרש לשלום לעם הזה כי אםלרעה,"Then the officials said to the king, “Let that man be put to death, for he disheartensbdisheartens Lit. “weakens the hands of.” the soldiers, and all the people who are left in this city, by speaking such things to them. That man is not seeking the welfare of this people, but their harm!” ",Ninguno
Jeremiah,38,5,ויאמר המלך צדקיהו הנההוא בידכם כיאין המלך יוכל אתכם דבר,"King Zedekiah replied, “He is in your hands; the king cannot oppose you in anything!”",Ninguno
Jeremiah,38,6,"ויקחו אתירמיהו וישלכו אתו אלהבור&thinsp;<b></b> מלכיהו בןהמלך אשר בחצר המטרה וישלחו אתירמיהו בחבלים ובבור איןמים כי אםטיט ויטבע ירמיהו בטיט&nbsp;<span class=""mam-spi-samekh"">{ס}</span>&nbsp;&nbsp;&nbsp;&nbsp;&nbsp;&nbsp;&nbsp;&nbsp;","So they took Jeremiah and put him down in the pit of Malchiah, the king’s son, which was in the prison compound; they let Jeremiah down by ropes. There was no water in the pit, only mud, and Jeremiah sank into the mud.",Ninguno
Jeremiah,38,7,וישמע עבדמלך הכושי איש סריס והוא בבית המלך כינתנו אתירמיהו אלהבור והמלך יושב בשער בנימן,"Ebed-melech the Cushite, a eunuch who was in the king’s palace, heard that they had put Jeremiah in the pit. The king was then sitting at the Benjamin Gate; ",Ninguno
Jeremiah,38,8,ויצא עבדמלך מבית המלך וידבר אלהמלך לאמר,"so Ebed-melech left the king’s palace, and spoke to the king: ",Ninguno
Jeremiah,38,9,אדני המלך הרעו האנשים האלה את כלאשר עשו לירמיהו הנביא את אשרהשליכו אלהבור וימת תחתיו מפני הרעב כי אין הלחם עוד בעיר,"“O lord king, those men have acted wickedly in all they did to the prophet Jeremiah; they have put him down in the pit, to die there of hunger.” For there was no more bread in the city.",Ninguno
Jeremiah,38,10,ויצוה המלך את עבדמלך הכושי לאמר קח בידך מזה שלשים אנשים והעלית אתירמיהו הנביא מןהבור בטרם ימות,"Then the king instructed Ebed-melech the Cushite, “Take with you thirtycthirty One ms. reads “three.” men from here, and pull the prophet Jeremiah up from the pit before he dies.” ",Ninguno
Jeremiah,38,11,"ויקח&thinsp;<b></b> עבדמלך אתהאנשים בידו ויבא ביתהמלך אלתחת האוצר ויקח משם בלוי <span class=""mam-kq""><span class=""mam-kq-k"">(הסחבות)</span> <span class=""mam-kq-q"">[סחבות]</span></span> ובלוי מלחים וישלחם אלירמיהו אלהבור בחבלים","So Ebed-melech took the men with him, and went to the king’s palace, to a place belowda place below Emendation yields “the wardrobe of.” the treasury. There they got worn cloths and rags, which they let down to Jeremiah in the pit by ropes. ",Ninguno
Jeremiah,38,12,ויאמר עבדמלך הכושי אלירמיהו שים נא בלואי הסחבות והמלחים תחת אצלות ידיך מתחת לחבלים ויעש ירמיהו כן,"And Ebed-melech the Cushite called to Jeremiah, “Put the worn cloths and rags under your armpits, inside the ropes.” Jeremiah did so, ",Ninguno
Jeremiah,38,13,"וימשכו אתירמיהו בחבלים ויעלו אתו מןהבור וישב ירמיהו בחצר המטרה&nbsp;<span class=""mam-spi-samekh"">{ס}</span>&nbsp;&nbsp;&nbsp;&nbsp;&nbsp;&nbsp;&nbsp;&nbsp;",and they pulled Jeremiah up by the ropes and got him out of the pit. And Jeremiah remained in the prison compound.,Ninguno
Jeremiah,38,14,וישלח המלך צדקיהו ויקח אתירמיהו הנביא אליו אלמבוא השלישי אשר בבית יהוה ויאמר המלך אלירמיהו שאל אני אתך דבר אלתכחד ממני דבר,"King Zedekiah sent for the prophet Jeremiah, and had him brought to him at the third entrance of the House of GOD. And the king said to Jeremiah, “I want to ask you something; don’t conceal anything from me.”",Ninguno
Jeremiah,38,15,ויאמר ירמיהו אלצדקיהו כי אגיד לך הלוא המת תמיתני וכי איעצך לא תשמע אלי,"Jeremiah answered the king, “If I tell you, you’ll surely kill me; and if I give you advice, you won’t listen to me.”",Ninguno
Jeremiah,38,16,"וישבע המלך צדקיהו אלירמיהו בסתר לאמר חייהוה <span class=""mam-kq-k"">(את)</span> אשר עשהלנו אתהנפש הזאת אםאמיתך ואםאתנך ביד האנשים האלה אשר מבקשים אתנפשך&nbsp;<span class=""mam-spi-samekh"">{ס}</span>&nbsp;&nbsp;&nbsp;&nbsp;&nbsp;&nbsp;&nbsp;&nbsp;","Thereupon King Zedekiah secretly promised Jeremiah on oath: “As GOD lives who has given us this life,egiven us this life Meaning of Heb. uncertain. I will not put you to death or leave you in the hands of those who seek your life.”",Ninguno
Jeremiah,38,17,"ויאמר ירמיהו אלצדקיהו&nbsp;<span class=""mam-spi-samekh"">{ס}</span>&nbsp;&nbsp;&nbsp;&nbsp;&nbsp;&nbsp;&nbsp;&nbsp;כהאמר יהוה אלהי צבאות אלהי ישראל אםיצא תצא אלשרי מלךבבל וחיתה נפשך והעיר הזאת לא תשרף באש וחיתה אתה וביתך","Then Jeremiah said to Zedekiah, “Thus said the ETERNAL, the God of Hosts, the God of Israel: If you surrender to the officers of the king of Babylon, your life will be spared and this city will not be burned down. You and your household will live. ",Ninguno
Jeremiah,38,18,"ואם לאתצא אלשרי מלך בבל ונתנה העיר הזאת ביד הכשדים ושרפוה באש ואתה לאתמלט מידם&nbsp;<span class=""mam-spi-samekh"">{ס}</span>&nbsp;&nbsp;&nbsp;&nbsp;&nbsp;&nbsp;&nbsp;&nbsp;","But if you do not surrender to the officers of the king of Babylon, this city will be delivered into the hands of the Chaldeans, who will burn it down; and you will not escape from them.”",Ninguno
Jeremiah,38,19,ויאמר המלך צדקיהו אלירמיהו אני דאג אתהיהודים אשר נפלו אלהכשדים פןיתנו אתי בידם והתעללובי,"King Zedekiah said to Jeremiah, “I am worried about the Judeans who have defected to the Chaldeans; that they [the Chaldeans] might hand me over to them to abuse me.”",Ninguno
Jeremiah,38,20,ויאמר ירמיהו לא יתנו שמענא&thinsp;<b></b> בקול יהוה לאשר אני דבר אליך וייטב לך ותחי נפשך,"“They will not hand you over,” Jeremiah replied. “Listen to GOD’s voice, to what I tell you, that it may go well with you and your life be spared. ",Ninguno
Jeremiah,38,21,ואםמאן אתה לצאת זה הדבר אשר הראני יהוה,For this is what GOD has shown me if you refuse to surrender:,Ninguno
Jeremiah,38,22,והנה כלהנשים אשר נשארו בבית מלךיהודה מוצאות אלשרי מלך בבל והנה אמרת הסיתוך ויכלו לך אנשי שלמך הטבעו בבץ רגלך נסגו אחור,"All the women who are left in the palace of the king of Judah shall be brought out to the officers of the king of Babylon; and they shall say:fthey shall say I.e., those women, to the king of Judah. Those who were your friendsHave seduced you and vanquished you.Now that your feet are sunk in the mire,They have turned their backs [on you].",Ninguno
Jeremiah,38,23,"ואתכלנשיך ואתבניך מוצאים אלהכשדים ואתה לאתמלט מידם כי ביד מלךבבל תתפש ואתהעיר הזאת תשרף באש&nbsp;<span class=""mam-spi-samekh"">{ס}</span>&nbsp;&nbsp;&nbsp;&nbsp;&nbsp;&nbsp;&nbsp;&nbsp;","They will bring out all your wives and children to the Chaldeans, and you yourself will not escape from them. You will be captured by the king of Babylon, and this city shall be burned down.”gthis city shall be burned down So Targum and Septuagint and some mss. Most mss. and the editions read “you will burn down this city by fire.” ",Ninguno
Jeremiah,38,24,ויאמר צדקיהו אלירמיהו איש אלידע בדבריםהאלה ולא תמות,"Zedekiah said to Jeremiah, “Don’t let anyone know about this conversation, or you will die.hor you will die Lit. “that you may not die.” ",Percepción (Yada)
Jeremiah,38,25,וכיישמעו השרים כידברתי אתך ובאו אליך ואמרו אליך הגידהנא לנו מהדברת אלהמלך אלתכחד ממנו ולא נמיתך ומהדבר אליך המלך,"If the officials should hear that I have spoken with you, and they should come and say to you, ‘Tell us what you said to the king; hide nothing from us, or we’ll kill you.ior we’ll kill you Lit. “that we may not kill you.” And what did the king say to you?’ ",Ninguno
Jeremiah,38,26,"ואמרת אליהם מפילאני תחנתי לפני המלך לבלתי השיבני בית יהונתן למות שם&nbsp;<span class=""mam-spi-pe"">{פ}</span><br>","say to them, ‘I was presenting my petition to the king not to send me back to the house of Jonathan to die there.’”",Ninguno
Jeremiah,38,27,ויבאו כלהשרים אלירמיהו וישאלו אתו ויגד להם ככלהדברים האלה אשר צוה המלך ויחרשו ממנו כי לאנשמע הדבר,"All the officials did come to Jeremiah to question him; and he replied to them just as the king had instructed him. So they stopped questioning him, for the conversation had not been overheard. ",Ninguno
Jeremiah,38,28,"וישב ירמיהו בחצר המטרה עדיום אשרנלכדה ירושל͏ם&nbsp;<span class=""mam-spi-samekh"">{ס}</span>&nbsp;&nbsp;&nbsp;&nbsp;&nbsp;&nbsp;&nbsp;&nbsp;והיה כאשר נלכדה ירושל͏ם",Jeremiah remained in the prison compound until the day Jerusalem was captured.When Jerusalem was captured…jWhen Jerusalem was captured… This clause would read well before 39.3. ,Ninguno
Jeremiah,39,1,בשנה התשעית לצדקיהו מלךיהודה בחדש העשרי בא נבוכדראצר מלךבבל וכלחילו אלירושל͏ם ויצרו עליה,"In the ninth year of King Zedekiah of Judah, in the tenth month, King Nebuchadrezzar of Babylon moved against Jerusalem with his whole army, and they laid siege to it. ",Ninguno
Jeremiah,39,2,בעשתיעשרה שנה לצדקיהו בחדש הרביעי בתשעה לחדש הבקעה העיר,"And in the eleventh year of Zedekiah, on the ninth day of the fourth month, the [walls of] the city were breached. ",Ninguno
Jeremiah,39,3,ויבאו כל שרי מלךבבל וישבו בשער התוך נרגל שראצר סמגרנבו שרסכים רבסריס נרגל שראצר רבמג וכלשארית שרי מלך בבל,"All the officers of the king of Babylon entered, and took up quarters at the middle gate—Nergal-sarezer, Samgar-nebo, Sarsechim the Rab-saris, Nergal-sarezer the Rab-mag,aRab-saris…Rab-mag Titles of officers. and all the rest of the officers of the king of Babylon.",Ninguno
Jeremiah,39,4,ויהי כאשר ראם צדקיהו מלךיהודה וכל&thinsp;<b></b> אנשי המלחמה ויברחו ויצאו לילה מןהעיר דרך גן המלך בשער בין החמתים ויצא דרך הערבה,"When King Zedekiah of Judah saw them, he and all the soldiers fled. They left the city at night, by way of the king’s garden, through the gate between the double walls; and he set out toward the Arabah.bhe set out toward the Arabah Hoping to escape across the Jordan. ",Separación (Beyn)
Jeremiah,39,5,וירדפו חילכשדים אחריהם וישגו אתצדקיהו בערבות ירחו ויקחו אותו ויעלהו אלנבוכדראצר מלךבבל רבלתה בארץ חמת וידבר אתו משפטים,"But the Chaldean troops pursued them, and they overtook Zedekiah in the steppes of Jericho. They captured him and brought him before King Nebuchadrezzar of Babylon at Riblah in the region of Hamath; and he put him on trial. ",Ninguno
Jeremiah,39,6,וישחט מלך בבל אתבני צדקיהו ברבלה לעיניו ואת כלחרי יהודה שחט מלך בבל,The king of Babylon had Zedekiah’s sons slaughtered at Riblah before his eyes; the king of Babylon had all the nobles of Judah slaughtered.,Ninguno
Jeremiah,39,7,ואתעיני צדקיהו עור ויאסרהו בנחשתים לביא אתו בבלה,"Then the eyes of Zedekiah were put out and he was chained in bronze fetters, that he might be brought to Babylon.",Ninguno
Jeremiah,39,8,ואתבית המלך ואתבית העם שרפו הכשדים באש ואתחמות ירושל͏ם נתצו,"The Chaldeans burned down the king’s palace and the houseschouses Taking Heb. singular as collective, with Kimhi. of the people by fire, and they tore down the walls of Jerusalem. ",Ninguno
Jeremiah,39,9,ואת יתר העם הנשארים בעיר ואתהנפלים אשר נפלו עליו ואת יתר העם הנשארים הגלה נבוזראדן רבטבחים בבל,"The remnant of the people that was left in the city, and the defectors who had gone over to him—the remnant of the people that was left—were exiled by Nebuzaradan, the chief of the guards, to Babylon. ",Ninguno
Jeremiah,39,10,ומןהעם הדלים אשר איןלהם מאומה השאיר נבוזראדן רבטבחים בארץ יהודה ויתן להם כרמים ויגבים ביום ההוא,"But some of the poorest people who owned nothing were left in the land of Judah by Nebuzaradan, the chief of the guards, and he gave them vineyards and fields at that time.",Ninguno
Jeremiah,39,11,ויצו נבוכדראצר מלךבבל עלירמיהו ביד נבוזראדן רבטבחים לאמר,"King Nebuchadrezzar of Babylon had given orders to Nebuzaradan, the chief of the guards, concerning Jeremiah: ",Ninguno
Jeremiah,39,12,"קחנו ועיניך שים עליו ואלתעש לו מאומה רע כי <span class=""mam-kq-k"">(אם)</span> כאשר ידבר אליך כן עשה עמו","“Take him and look after him; do him no harm, but grant whatever he asks of you.” ",Ninguno
Jeremiah,39,13,וישלח נבוזראדן רבטבחים ונבושזב<small>ן</small> רבסריס ונרגל שראצר רבמג וכל רבי מלךבבל,"So Nebuzaradan, the chief of the guards, and Nebushazban the Rab-saris, and Nergal-sarezer the Rab-mag, and all the commanders of the king of Babylon sent ",Ninguno
Jeremiah,39,14,"וישלחו ויקחו אתירמיהו מחצר המטרה ויתנו אתו אלגדליהו בןאחיקם בןשפן להוצאהו אלהבית וישב בתוך העם&nbsp;<span class=""mam-spi-samekh"">{ס}</span>&nbsp;&nbsp;&nbsp;&nbsp;&nbsp;&nbsp;&nbsp;&nbsp;","and had Jeremiah brought from the prison compound. They committed him to the care of Gedaliah son of Ahikam son of Shaphan, that he might be left at liberty in a house.dthat he might be left at liberty in a house Meaning of Heb. uncertain. So he dwelt among the people.",Ninguno
Jeremiah,39,15,ואלירמיהו היה דבריהוה בהיתו עצור בחצר המטרה לאמר,The word of GOD had come to Jeremiah while he was still confined in the prison compound:,Ninguno
Jeremiah,39,16,הלוך ואמרת לעבדמלך הכושי לאמר כהאמר יהוה צבאות אלהי ישראל הנני מבי אתדברי אלהעיר הזאת לרעה ולא לטובה והיו לפניך ביום ההוא,"Go and say to Ebed-melech the Cushite: “Thus said GOD of Hosts, the God of Israel: I am going to fulfill My words concerning this city—for disaster, not for good—and they shall come true on that day in your presence. ",Ninguno
Jeremiah,39,17,והצלתיך ביוםההוא נאםיהוה ולא תנתן ביד האנשים אשראתה יגור מפניהם,But I will save you on that day—declares GOD; you shall not be delivered into the hands of those you dread.,Ninguno
Jeremiah,39,18,"כי מלט אמלטך ובחרב לא תפל והיתה לך נפשך לשלל כיבטחת בי נאםיהוה&nbsp;<span class=""mam-spi-pe"">{פ}</span><br>","I will rescue you, and you shall not fall by the sword. You shall escape with your life,eYou shall escape with your life See note at 38.2. because you trusted Me—declares GOD.”",Ninguno
Jeremiah,40,1,הדבר אשרהיה אלירמיהו מאת יהוה אחר&thinsp;<b></b> שלח אתו נבוזראדן רבטבחים מןהרמה בקחתו אתו והואאסור באזקים בתוך כלגלות ירושל͏ם ויהודה המגלים בבלה,"The word that came to Jeremiah from GOD, after Nebuzaradan, the chief of the guards, set him free at Ramah, to which he had taken him, chained in fetters, among those from Jerusalem and Judah who were being exiled to Babylon.",Ninguno
Jeremiah,40,2,ויקח רבטבחים לירמיהו ויאמר אליו יהוה אלהיך דבר אתהרעה הזאת אלהמקום הזה,"The chief of the guards took charge of Jeremiah, and he said to him, “The ETERNAL your God threatened this place with this disaster; ",Ninguno
Jeremiah,40,3,"ויבא ויעש יהוה כאשר דבר כיחטאתם ליהוה ולאשמעתם בקולו והיה לכם <span class=""mam-kq""><span class=""mam-kq-k"">(דבר)</span> <span class=""mam-kq-q"">[הדבר]</span></span> הזה","and now GOD has brought it about, by acting on the threat—because you sinned against GOD and did not pay heed. That is why this has happened to you. ",Ninguno
Jeremiah,40,4,ועתה הנה פתחתיך היום מןהאזקים אשר עלידך אםטוב בעיניך לבוא אתי בבל בא ואשים אתעיני עליך ואםרע בעיניך לבואאתי בבל חדל ראה כלהארץ לפניך אלטוב ואלהישר בעיניך ללכת שמה לך,"Now, I release you this day from the fetters that were on your hands. If you would like to go with me to Babylon, come, and I will look after you. And if you don’t want to come with me to Babylon, you need not. See, the whole land is before you: go wherever seems good and right to you.”— ",Ninguno
Jeremiah,40,5,ועודנו לאישוב ושבה אלגדליה בןאחיקם בןשפן אשר הפקיד מלךבבל בערי יהודה ושב אתו בתוך העם או אלכלהישר בעיניך ללכת לך ויתןלו רבטבחים ארחה ומשאת וישלחהו,"But [Jeremiah] still did not turn back.aBut [Jeremiah] still did not turn back Meaning of Heb. uncertain.—“Or go to Gedaliah son of Ahikam son of Shaphan, whom the king of Babylon has put in charge of the towns of Judah, and stay with him among the people, or go wherever you want to go.”The chief of the guards gave him an allowance of food, and dismissed him. ",Ninguno
Jeremiah,40,6,"ויבא ירמיהו אלגדליה בןאחיקם המצפתה וישב אתו בתוך העם הנשארים בארץ&nbsp;<span class=""mam-spi-pe"">{פ}</span><br>","So Jeremiah came to Gedaliah son of Ahikam at Mizpah, and stayed with him among the people who were left in the land.",Ninguno
Jeremiah,40,7,וישמעו כלשרי החילים אשר בשדה המה ואנשיהם כיהפקיד מלךבבל אתגדליהו בןאחיקם בארץ וכי&thinsp;<b></b> הפקיד אתו אנשים ונשים וטף ומדלת הארץ מאשר לאהגלו בבלה,"The army officers in the open country, and their men with them, heard that the king of Babylon had put Gedaliah son of Ahikam in charge of the region, and that he had put in his charge the men, women, and children—of the poorest in the land—those who had not been exiled to Babylon. ",Ninguno
Jeremiah,40,8,"ויבאו אלגדליה המצפתה וישמעאל בןנתניהו ויוחנן ויונתן בניקרח ושריה בןתנחמת ובני&thinsp;<b></b> <span class=""mam-kq""><span class=""mam-kq-k"">(עופי)</span> <span class=""mam-kq-q"">[עיפי]</span></span> הנטפתי ויזניהו בןהמעכתי המה ואנשיהם",So they with their men came to Gedaliah at Mizpah—Ishmael son of Nethaniah; Johanan and Jonathan the sons of Kareah; Seraiah son of Tanhumeth; the sons of Ephai the Netophathite; and Jezaniah son of the Maacathite.,Ninguno
Jeremiah,40,9,וישבע להם גדליהו בןאחיקם בןשפן ולאנשיהם לאמר אלתיראו מעבוד הכשדים שבו בארץ ועבדו אתמלך בבל וייטב לכם,"Gedaliah son of Ahikam son of Shaphan reassuredbreassured Lit. “swore to.” them and their men, saying, “Do not be afraid to serve the Chaldeans. Stay in the land and serve the king of Babylon, and it will go well with you. ",Ninguno
Jeremiah,40,10,ואני הנני ישב במצפה לעמד לפני הכשדים אשר יבאו אלינו ואתם אספו יין וקיץ ושמן ושמו בכליכם ושבו בעריכם אשרתפשתם,"I am going to stay in Mizpah to attend upon the Chaldeans who will come to us. But you may gather wine and figscfigs Lit. “summer fruit.” and oil and put them in your own vessels, and settle in the towns you have occupied.”",Ninguno
Jeremiah,40,11,וגם כלהיהודים אשרבמואב&thinsp;<b></b> ובבניעמון ובאדום ואשר בכלהארצות שמעו כינתן מלךבבל שארית ליהודה וכי הפקיד עליהם אתגדליהו בןאחיקם בןשפן,"Likewise, all the Judeans who were in Moab, Ammon, and Edom, or who were in other lands, heard that the king of Babylon had let a remnant stay in Judah, and that he had put Gedaliah son of Ahikam son of Shaphan in charge of them. ",Ninguno
Jeremiah,40,12,"וישבו כלהיהודים מכלהמקמות אשר נדחושם ויבאו ארץיהודה אלגדליהו המצפתה ויאספו יין וקיץ הרבה מאד&nbsp;<span class=""mam-spi-samekh"">{ס}</span>&nbsp;&nbsp;&nbsp;&nbsp;&nbsp;&nbsp;&nbsp;&nbsp;","All these Judeans returned from all the places to which they had scattered. They came to the land of Judah, to Gedaliah at Mizpah, and they gathered large quantities of wine and figs.dfigs See note at v. 10. ",Ninguno
Jeremiah,40,13,ויוחנן בןקרח וכלשרי החילים אשר בשדה באו אלגדליהו המצפתה,"Johanan son of Kareah, and all the army officers in the open country, came to Gedaliah at Mizpah ",Ninguno
Jeremiah,40,14,ויאמרו אליו הידע תדע כי בעליס&thinsp;<b></b> מלך בניעמון שלח אתישמעאל בןנתניה להכתך נפש ולאהאמין להם גדליהו בןאחיקם,"and said to him, “Do you know that King Baalis of Ammon has sent Ishmael son of Nethaniah to kill you?” But Gedaliah son of Ahikam would not believe them. ",Percepción (Yada)
Jeremiah,40,15,ויוחנן בןקרח אמר אלגדליהו בסתר במצפה לאמר אלכה נא ואכה אתישמעאל בןנתניה ואיש לא ידע למה יככה נפש ונפצו כליהודה הנקבצים אליך ואבדה שארית יהודה,"Johanan son of Kareah also said secretly to Gedaliah at Mizpah, “Let me go and strike down Ishmael son of Nethaniah—and nobody else will know about it; otherwise he will kill you, and all the Judeans who have gathered about you will be dispersed, and the remnant of Judah will perish!”",Percepción (Yada)
Jeremiah,40,16,"ויאמר גדליהו בןאחיקם אליוחנן בןקרח אל<span class=""mam-kq""><span class=""mam-kq-q"">[תעשה]</span> <span class=""mam-kq-k"">(תעש)</span></span> אתהדבר הזה כישקר אתה דבר אלישמעאל&nbsp;<span class=""mam-spi-pe"">{פ}</span><br>","But Gedaliah son of Ahikam answered Johanan son of Kareah, “Do not do such a thing: what you are saying about Ishmael is not true!”",Ninguno
Jeremiah,41,1,ויהי&thinsp;<b></b> בחדש השביעי בא ישמעאל בןנתניה בןאלישמע מזרע המלוכה ורבי המלך ועשרה אנשים אתו אלגדליהו בןאחיקם המצפתה ויאכלו שם לחם יחדו במצפה,"In the seventh month, Ishmael son of Nethaniah son of Elishama, who was of royal descent and one of the king’s commanders, came with ten men to Gedaliah son of Ahikam at Mizpah; and they ate together there at Mizpah. ",Ninguno
Jeremiah,41,2,ויקם ישמעאל בןנתניה ועשרת האנשים&thinsp;<b></b> אשרהיו אתו ויכו אתגדליהו בןאחיקם בןשפן בחרב וימת אתו אשרהפקיד מלךבבל בארץ,"Then Ishmael son of Nethaniah and the ten men who were with him arose and struck down Gedaliah son of Ahikam son of Shaphan with the sword and killed him, because the king of Babylon had put him in charge of the land. ",Ninguno
Jeremiah,41,3,ואת כלהיהודים אשרהיו אתו אתגדליהו במצפה ואתהכשדים אשר נמצאושם את אנשי המלחמה הכה ישמעאל,"Ishmael also killed all the Judeansathe Judeans I.e., their soldiers; cf. Malbim. who were with him—with Gedaliah in Mizpah—and the Chaldean soldiers who were stationed there.",Ninguno
Jeremiah,41,4,ויהי ביום השני להמית אתגדליהו ואיש לא ידע,"The second day after Gedaliah was killed, when no one else knew about it, ",Percepción (Yada)
Jeremiah,41,5,ויבאו אנשים משכם משלו ומשמרון שמנים איש מגלחי זקן וקרעי בגדים ומתגדדים ומנחה ולבונה בידם להביא בית יהוה,"some men came from Shechem, Shiloh, and Samaria—eighty of them, their beards shaved, their garments torn, and their bodies gashed—carrying grain offerings and frankincense to present at the House of GOD. ",Ninguno
Jeremiah,41,6,ויצא ישמעאל בןנתניה לקראתם מןהמצפה הלך הלך ובכה ויהי כפגש אתם ויאמר אליהם באו אלגדליהו בןאחיקם,"Ishmael son of Nethaniah went out from Mizpah to meet them, weeping as he walked. As he met them, he said to them, “Come to Gedaliah son of Ahikam.” ",Ninguno
Jeremiah,41,7,ויהי כבואם אלתוך העיר וישחטם ישמעאל בןנתניה אלתוך הבור הוא והאנשים אשראתו,"When they came inside the town, Ishmael son of Nethaniah and the men who were with him slaughtered them [and threw their bodies] into a cistern.",Ninguno
Jeremiah,41,8,ועשרה אנשים נמצאובם ויאמרו אלישמעאל אלתמתנו כיישלנו מטמנים בשדה חטים ושערים ושמן ודבש ויחדל ולא המיתם בתוך אחיהם,"But there were ten men among them who said to Ishmael, “Don’t kill us! We have stores hidden in a field—wheat, barley, oil, and honey.” So he stopped, and did not kill them along with their fellows.— ",Ninguno
Jeremiah,41,9,והבור אשר השליך שם ישמעאל את&thinsp;<b></b> כלפגרי האנשים אשר הכה בידגדליהו הוא אשר עשה המלך אסא מפני בעשא מלךישראל אתו מלא ישמעאל בןנתניהו חללים,"The cistern into which Ishmael threw all the corpses of the men he had killed in the affair of Gedaliah was the one thatbin the affair of Gedaliah was the one that Septuagint reads “was a large cistern, which…” King Asa had constructed on account of King Baasha of Israel. That was the one which Ishmael son of Nethaniah filled with corpses.— ",Ninguno
Jeremiah,41,10,"וישב&thinsp;<small></small>&thinsp;ישמעאל אתכלשארית העם אשר במצפה אתבנות המלך ואתכלהעם הנשארים במצפה אשר הפקיד נבוזראדן רבטבחים אתגדליהו בןאחיקם וישבם ישמעאל בןנתניה וילך לעבר אלבני עמון&nbsp;<span class=""mam-spi-samekh"">{ס}</span>&nbsp;&nbsp;&nbsp;&nbsp;&nbsp;&nbsp;&nbsp;&nbsp;","Ishmael carried off all the rest of the people who were in Mizpah, including the daughters of the king—all the people left in Mizpah, over whom Nebuzaradan, the chief of the guards, had appointed Gedaliah son of Ahikam. Ishmael son of Nethaniah carried them off, and set out to cross over to the Ammonites.",Ninguno
Jeremiah,41,11,וישמע יוחנן בןקרח וכלשרי החילים אשר אתו את כלהרעה אשר עשה ישמעאל בןנתניה,"Johanan son of Kareah, and all the army officers with him, heard of all the crimes committed by Ishmael son of Nethaniah. ",Ninguno
Jeremiah,41,12,ויקחו אתכלהאנשים וילכו להלחם עםישמעאל בןנתניה וימצאו אתו אלמים רבים אשר בגבעון,They took all their men and went to fight against Ishmael son of Nethaniah; and they encountered him by the great pool in Gibeon.,Ninguno
Jeremiah,41,13,ויהי כראות כלהעם אשר אתישמעאל אתיוחנן בןקרח ואת כלשרי החילים אשר אתו וישמחו,"When all the people held by Ishmael saw Johanan son of Kareah and all the army officers with him, they were glad; ",Ninguno
Jeremiah,41,14,ויסבו כלהעם אשרשבה ישמעאל מןהמצפה וישבו וילכו אליוחנן בןקרח,all the people whom Ishmael had carried off from Mizpah turned back and went over to Johanan son of Kareah.,Ninguno
Jeremiah,41,15,"וישמעאל בןנתניה נמלט בשמנה אנשים מפני יוחנן וילך אלבני עמון&nbsp;<span class=""mam-spi-samekh"">{ס}</span>&nbsp;&nbsp;&nbsp;&nbsp;&nbsp;&nbsp;&nbsp;&nbsp;","But Ishmael son of Nethaniah escaped from Johanan with eight men, and went to the Ammonites.",Ninguno
Jeremiah,41,16,ויקח יוחנן בןקרח וכלשרי החילים אשראתו את כלשארית העם אשר השיב מאת ישמעאל בןנתניה מןהמצפה אחר הכה אתגדליה בןאחיקם גברים אנשי המלחמה ונשים וטף וסרסים אשר השיב מגבעון,"Johanan son of Kareah and all the army officers with him took all the rest of the people whom he had rescued from Ishmael son of Nethaniahche had rescued from Ishmael son of Nethaniah Emendation yields “Ishmael son of Nethaniah had carried off.” from Mizpah after he had murdered Gedaliah son of Ahikam—the men, soldiers, women, children, and eunuchs whom [Johanan] had brought back from Gibeon. ",Ninguno
Jeremiah,41,17,"וילכו וישבו בגרות <span class=""mam-kq""><span class=""mam-kq-k"">(כמוהם)</span> <span class=""mam-kq-q"">[כמהם]</span></span> אשראצל בית לחם ללכת לבוא מצרים","They set out, and they stopped at GeruthdGeruth Aquila reads “the sheepfolds of.” Chimham, near Bethlehem, on their way to go to Egypt ",Ninguno
Jeremiah,41,18,"מפני הכשדים כי יראו מפניהם כיהכה ישמעאל בןנתניה אתגדליהו בןאחיקם אשרהפקיד מלךבבל בארץ&nbsp;<span class=""mam-spi-pe"">{פ}</span><br>","because of the Chaldeans. For they were afraid of them, because Ishmael son of Nethaniah had killed Gedaliah son of Ahikam, whom the king of Babylon had put in charge of the land.",Ninguno
Jeremiah,42,1,ויגשו כלשרי החילים ויוחנן בןקרח ויזניה בןהושעיה וכלהעם מקטן ועדגדול,"Then all the army officers, with Johanan son of Kareah, Jezaniah son of Hoshaiah, and all the rest of the people, great and small, approached ",Ninguno
Jeremiah,42,2,ויאמרו אלירמיהו הנביא תפלנא תחנתנו לפניך והתפלל בעדנו אליהוה אלהיך בעד כלהשארית הזאת כינשארנו מעט מהרבה כאשר עיניך ראות אתנו,"the prophet Jeremiah and said, “Grant our plea, and pray for us to the ETERNAL your God, for all this remnant! For we remain but a few out of many, as you can see. ",Ninguno
Jeremiah,42,3,ויגדלנו יהוה אלהיך אתהדרך אשר נלךבה ואתהדבר אשר נעשה,Let the ETERNAL your God tell us where we should go and what we should do.”,Ninguno
Jeremiah,42,4,ויאמר אליהם ירמיהו הנביא שמעתי הנני מתפלל אליהוה אלהיכם כדבריכם והיה כלהדבר אשריענה יהוה אתכם אגיד לכם לאאמנע מכם דבר,"The prophet Jeremiah answered them, “Agreed: I will pray to the ETERNAL your God as you request, and I will tell you whatever response GOD gives for you. I will withhold nothing from you.”",Ninguno
Jeremiah,42,5,והמה אמרו אלירמיהו יהי יהוה בנו לעד אמת ונאמן אםלא ככלהדבר אשר ישלחך יהוה אלהיך אלינו כן נעשה,"Thereupon they said to Jeremiah, “Let GOD be a true and faithful witness against us! We swear that we will do exactly as the ETERNAL your God instructs us through you— ",Ninguno
Jeremiah,42,6,"אםטוב ואםרע בקול&thinsp;<b></b> יהוה אלהינו אשר <span class=""mam-kq""><span class=""mam-kq-k"">(אנו)</span> <span class=""mam-kq-q"">[אנחנו]</span></span> שלחים אתך אליו נשמע למען אשר ייטבלנו כי נשמע בקול יהוה אלהינו&nbsp;<span class=""mam-spi-pe"">{פ}</span><br>","Whether it is pleasant or unpleasant, we will obey the ETERNAL our God to whom we send you, in order that it may go well with us when we obey the ETERNAL our God.”",Ninguno
Jeremiah,42,7,ויהי מקץ עשרת ימים ויהי דבריהוה אלירמיהו,"After ten days, the word of GOD came to Jeremiah. ",Ninguno
Jeremiah,42,8,ויקרא אליוחנן בןקרח ואל כלשרי החילים אשר אתו ולכלהעם למקטן ועדגדול,"He called Johanan son of Kareah and all the army officers, and the rest of the people, great and small, ",Ninguno
Jeremiah,42,9,ויאמר אליהם כהאמר יהוה אלהי ישראל אשר שלחתם אתי אליו להפיל תחנתכם לפניו,"and said to them, “Thus said the ETERNAL, the God of Israel, to whom you sent me to present your supplication: ",Ninguno
Jeremiah,42,10,אםשוב תשבו בארץ הזאת ובניתי אתכם ולא אהרס ונטעתי אתכם ולא אתוש כי נחמתי אלהרעה אשר עשיתי לכם,"If you remain in this land, I will build you and not overthrow, I will plant you and not uproot; for I regret the punishment I have brought upon you. ",Ninguno
Jeremiah,42,11,אלתיראו מפני מלך בבל אשראתם יראים מפניו אלתיראו ממנו נאםיהוה כיאתכם אני להושיע אתכם ולהציל אתכם מידו,"Do not be afraid of the king of Babylon, whom you fear; do not be afraid of him—declares GOD—for I am with you to save you and to rescue you from his hands. ",Ninguno
Jeremiah,42,12,ואתן לכם רחמים ורחם אתכם והשיב אתכם אלאדמתכם,I will dispose him to be merciful to you: he shall show you mercy and bring you back toabring you back to Change of vocalization yields “let you dwell in.” your own land.,Ninguno
Jeremiah,42,13,ואםאמרים אתם לא נשב בארץ הזאת לבלתי שמע בקול יהוה אלהיכם,"“But if you say, ‘We will not stay in this land’—thus disobeying the ETERNAL your God— ",Ninguno
Jeremiah,42,14,לאמר לא כי ארץ מצרים נבוא אשר לאנראה מלחמה וקול שופר לא נשמע וללחם לאנרעב ושם נשב,"if you say, ‘No! We will go to the land of Egypt, so that we may not see war or hear the sound of the horn, and so that we may not hunger for bread; there we will stay,’ ",Ninguno
Jeremiah,42,15,ועתה לכן שמעו דבריהוה שארית יהודה כהאמר יהוה צבאות אלהי ישראל אםאתם שום תשמון פניכם לבא מצרים ובאתם לגור שם,"then hear the word of GOD, O remnant of Judah! Thus said GOD of Hosts, the God of Israel: If you turn your faces toward Egypt, and you go and sojourn there, ",Ninguno
Jeremiah,42,16,והיתה החרב אשר אתם יראים ממנה שם תשיג אתכם בארץ מצרים והרעב אשראתם&thinsp;<b></b> דאגים ממנו שם ידבק אחריכם מצרים ושם תמתו,"the sword that you fear shall overtake you there, in the land of Egypt, and the famine you worry over shall follow at your heels in Egypt too; and there you shall die. ",Ninguno
Jeremiah,42,17,ויהיו כלהאנשים אשרשמו אתפניהם לבוא מצרים לגור שם ימותו בחרב ברעב ובדבר ולאיהיה להם שריד ופליט מפני הרעה אשר אני מביא עליהם,"All those who turn their faces toward Egypt, in order to sojourn there, shall die by the sword, by famine, and by pestilence. They shall have no surviving remnant of the disaster that I will bring upon them. ",Ninguno
Jeremiah,42,18,כי כה אמר יהוה צבאות אלהי ישראל כאשר נתך אפי וחמתי עלישבי ירושל͏ם כן תתך חמתי עליכם בבאכם מצרים והייתם לאלה ולשמה ולקללה ולחרפה ולאתראו עוד אתהמקום הזה,"For thus said GOD of Hosts, the God of Israel: As My anger and wrath were poured out upon the inhabitants of Jerusalem, so will My wrath be poured out on you if you go to Egypt. You shall become an execration of woe, a curseban execration of woe, a curse I.e., a standard by which people execrate and curse; cf. note at 24.9. and a mockery; and you shall never again see this place. ",Ninguno
Jeremiah,42,19,דבר יהוה עליכם שארית יהודה אלתבאו מצרים ידע תדעו כיהעידתי בכם היום," GOD has spoken against you, O remnant of Judah! Do not go to Egypt! Know well, then—for I warn you this day ",Percepción (Yada)
Jeremiah,42,20,"כי <span class=""mam-kq""><span class=""mam-kq-k"">(התעתים)</span> <span class=""mam-kq-q"">[התעיתם]</span></span> בנפשותיכם כיאתם שלחתם אתי אליהוה אלהיכם לאמר התפלל בעדנו אליהוה אלהינו וככל אשר יאמר יהוה אלהינו כן הגדלנו ועשינו","that you were deceitful at heart when you sent me to the ETERNAL your God, saying, ‘Pray for us to the ETERNAL our God; and whatever the ETERNAL our God may say, just tell us and we will do it.’ ",Ninguno
Jeremiah,42,21,ואגד לכם היום ולא שמעתם בקול יהוה אלהיכם ולכל אשרשלחני אליכם,"I told you today, and you have not obeyed the ETERNAL your God in respect to all that I was sent to tell you— ",Ninguno
Jeremiah,42,22,"ועתה ידע תדעו כי בחרב ברעב ובדבר תמותו במקום אשר חפצתם לבוא לגור שם&nbsp;<span class=""mam-spi-samekh"">{ס}</span>&nbsp;&nbsp;&nbsp;&nbsp;&nbsp;&nbsp;&nbsp;&nbsp;","know well, then, that you shall die by the sword, by famine, and by pestilence in the place where you want to go and sojourn.”",Percepción (Yada)
Jeremiah,43,1,"ויהי ככלות ירמיהו לדבר אלכלהעם אתכלדברי יהוה אלהיהם אשר שלחו יהוה אלהיהם אליהם את כלהדברים האלה&nbsp;<span class=""mam-spi-samekh"">{ס}</span>&nbsp;&nbsp;&nbsp;&nbsp;&nbsp;&nbsp;&nbsp;&nbsp;","When Jeremiah had finished speaking all these words to all the people—all the words of the ETERNAL their God, with which the ETERNAL their God had sent him to them— ",Ninguno
Jeremiah,43,2,ויאמר עזריה בןהושעיה ויוחנן בןקרח וכלהאנשים הזדים אמרים אלירמיהו שקר אתה מדבר לא שלחך יהוה אלהינו לאמר לאתבאו מצרים לגור שם,"Azariah son of Hoshaiah and Johanan son of Kareah and all the arrogant men said to Jeremiah, “You are lying! The ETERNAL our God did not send you to say, ‘Don’t go to Egypt and sojourn there’! ",Ninguno
Jeremiah,43,3,כי ברוך בןנריה מסית אתך בנו למען תת אתנו בידהכשדים להמית אתנו ולהגלות אתנו בבל,"It is Baruch son of Neriah who is inciting you against us, so that we will be delivered into the hands of the Chaldeans to be killed or to be exiled to Babylon!”",Ninguno
Jeremiah,43,4,ולאשמע יוחנן בןקרח וכלשרי החילים וכלהעם בקול יהוה לשבת בארץ יהודה,So Johanan son of Kareah and all the army officers and the rest of the people did not obey GOD’s command to remain in the land of Judah.,Ninguno
Jeremiah,43,5,ויקח יוחנן בןקרח וכלשרי החילים את כלשארית יהודה אשרשבו מכלהגוים אשר נדחושם לגור בארץ יהודה,"Instead, Johanan son of Kareah and all the army officers took the entire remnant of Judah—those who had returned from all the countries to which they had been scattered and had sojourned in the land of Judah, ",Ninguno
Jeremiah,43,6,אתהגברים ואתהנשים ואתהטף ואתבנות המלך ואת כלהנפש אשר הניח נבוזראדן רבטבחים אתגדליהו בןאחיקם בןשפן ואת ירמיהו הנביא ואתברוך בןנריהו,"men, women, and children; and the daughters of the king and all the people whom Nebuzaradan the chief of the guards had left with Gedaliah son of Ahikam son of Shaphan, as well as the prophet Jeremiah and Baruch son of Neriah— ",Ninguno
Jeremiah,43,7,"ויבאו ארץ מצרים כי לא שמעו בקול יהוה ויבאו עדתחפנחס&nbsp;<span class=""mam-spi-samekh"">{ס}</span>&nbsp;&nbsp;&nbsp;&nbsp;&nbsp;&nbsp;&nbsp;&nbsp;","and they went to Egypt. They did not obey GOD.They arrived at Tahpanhes, ",Ninguno
Jeremiah,43,8,ויהי דבריהוה אלירמיהו בתחפנחס לאמר,and the word of GOD came to Jeremiah in Tahpanhes:,Ninguno
Jeremiah,43,9,קח בידך אבנים גדלות וטמנתם במלט במלבן אשר בפתח ביתפרעה בתחפנחס לעיני אנשים יהודים,"Get yourself large stones, and embed them in mortar in the brick structure at the entrance to Pharaoh’s palace in Tahpanhes, with some Judeans looking on. ",Ninguno
Jeremiah,43,10,"ואמרת אליהם כהאמר יהוה צבאות אלהי ישראל הנני שלח ולקחתי אתנבוכדראצר מלךבבל עבדי ושמתי כסאו ממעל לאבנים האלה אשר טמנתי ונטה את<span class=""mam-kq""><span class=""mam-kq-q"">[שפרירו]</span> <span class=""mam-kq-k"">(שפרורו)</span></span> עליהם","And say to them: “Thus said GOD of Hosts, the God of Israel: I am sending for My servant King Nebuchadrezzar of Babylon, and IaI Septuagint reads “he.” will set his throne over these stones that I have embedded. He will spread out his pavilionbpavilion Meaning of Heb. uncertain. over them. ",Ninguno
Jeremiah,43,11,"<span class=""mam-kq""><span class=""mam-kq-k"">(ובאה)</span> <span class=""mam-kq-q"">[ובא]</span></span> והכה אתארץ מצרים אשר למות למות ואשר לשבי לשבי ואשר לחרב לחרב","He will come and attack the land of Egypt, deliveringThose destined for the plague, to the plague,Those destined for captivity, to captivity,And those destined for the sword, to the sword.",Ninguno
Jeremiah,43,12,והצתי אש בבתי אלהי מצרים ושרפם ושבם ועטה אתארץ מצרים כאשריעטה הרעה אתבגדו ויצא משם בשלום,"And IcI See first note at v. 10. will set fire to the temples of the gods of Egypt; he will burn them down and carry themdthem I.e., the gods. off. He shall wrap himself up in the land of Egypt, as a shepherd wraps himself up in his garment. And he shall depart from there in safety. ",Ninguno
Jeremiah,43,13,"ושבר אתמצבות בית שמש אשר בארץ מצרים ואתבתי אלהימצרים ישרף באש&nbsp;<span class=""mam-spi-pe"">{פ}</span><br>","He shall smash the obelisks of the Temple of the Sun that is in the land of Egypt, and he shall burn down the temples of the gods of Egypt.”",Ninguno
Jeremiah,44,1,הדבר אשר היה אלירמיהו אל כלהיהודים הישבים בארץ מצרים הישבים במגדל ובתחפנחס ובנף ובארץ פתרוס לאמר,"The word that came to Jeremiah for all the Judeans living in the land of Egypt, living in Migdol, Tahpanhes, and Noph, and in the land of Pathros:",Ninguno
Jeremiah,44,2,כהאמר יהוה צבאות אלהי ישראל אתם ראיתם את כלהרעה אשר הבאתי עלירושל͏ם ועל כלערי יהודה והנם חרבה היום הזה ואין בהם יושב,"Thus said GOD of Hosts, the God of Israel: You have seen all the disaster that I brought on Jerusalem and on all the towns of Judah. They are a ruin today, and no one inhabits them, ",Ninguno
Jeremiah,44,3,מפני רעתם אשר עשו להכעסני ללכת לקטר לעבד לאלהים אחרים אשר לא ידעום המה אתם ואבתיכם,"on account of the wicked things they did to vex Me, going to make offerings in worship of other gods that they had not known—neither they nor you nor your ancestors. ",Percepción (Yada)
Jeremiah,44,4,ואשלח אליכם אתכלעבדי הנביאים השכים ושלח לאמר אלנא תעשו את דברהתעבה הזאת אשר שנאתי,"Yet I persistently sent to you all My servants the prophets, to say, “I beg you not to do this abominable thing that I hate.” ",Ninguno
Jeremiah,44,5,ולא שמעו ולאהטו אתאזנם לשוב מרעתם לבלתי קטר לאלהים אחרים,"But they would not listen or give ear, to turn back from their wickedness and not make offerings to other gods; ",Ninguno
Jeremiah,44,6,"ותתך חמתי ואפי ותבער בערי יהודה ובחצות ירושל͏ם ותהיינה לחרבה לשממה כיום הזה&nbsp;<span class=""mam-spi-samekh"">{ס}</span>&nbsp;&nbsp;&nbsp;&nbsp;&nbsp;&nbsp;&nbsp;&nbsp;","so My fierce anger was poured out, and it blazed against the towns of Judah and the streets of Jerusalem. And they became a desolate ruin, as they still are today.",Ninguno
Jeremiah,44,7,ועתה כהאמר יהוה אלהי צבאות אלהי ישראל למה אתם עשים רעה גדולה אלנפשתכם להכרית לכם אישואשה עולל ויונק מתוך יהודה לבלתי הותיר לכם שארית,"And now, thus said the ETERNAL, the God of Hosts, the God of Israel: Why are you doing such great harm to yourselves, so that every man and woman, child and infant of yours shall be cut off from the midst of Judah, and no remnant shall be left of you? ",Ninguno
Jeremiah,44,8,להכעסני במעשי ידיכם לקטר לאלהים אחרים בארץ מצרים אשראתם באים לגור שם למען הכרית לכם ולמען היותכם לקללה ולחרפה בכל גוי הארץ,"For you vex Me by your deeds, making offering to other gods in the land of Egypt where you have come to sojourn, so that you shall be cut off and become a curseaa curse See note at 24.9. and a mockery among all the nations of earth. ",Ninguno
Jeremiah,44,9,השכחתם אתרעות אבותיכם ואתרעות&thinsp;<b></b> מלכי יהודה ואת רעות נשיו ואת רעתכם ואת רעת נשיכם אשר עשו בארץ יהודה ובחצות ירושל͏ם,"Have you forgotten the wicked acts of your ancestors, of the kings of Judah and theirbtheir Heb. “his.” wives, and your own wicked acts and those of your wives, that were committed in the land of Judah and in the streets of Jerusalem? ",Ninguno
Jeremiah,44,10,"לא דכאו עד היום הזה ולא יראו ולאהלכו בתורתי ובחקתי אשרנתתי לפניכם ולפני אבותיכם&nbsp;<span class=""mam-spi-samekh"">{ס}</span>&nbsp;&nbsp;&nbsp;&nbsp;&nbsp;&nbsp;&nbsp;&nbsp;","No one has shown contrition to this day, and no one has shown reverence. YoucYou Heb. “They.” have not followed the Teaching and the laws that I set before you and before your ancestors.",Ninguno
Jeremiah,44,11,לכן כהאמר יהוה צבאות אלהי ישראל הנני שם פני בכם לרעה ולהכרית אתכליהודה,"Assuredly, thus said GOD of Hosts, the God of Israel: I am going to set My face against you for punishment, to cut off all of Judah. ",Ninguno
Jeremiah,44,12,ולקחתי אתשארית יהודה אשרשמו פניהם לבוא ארץמצרים לגור שם ותמו כל בארץ מצרים יפלו בחרב ברעב יתמו מקטן ועדגדול בחרב וברעב ימתו והיו לאלה לשמה ולקללה ולחרפה,"I will take the remnant of Judah who turned their faces toward the land of Egypt, to go and sojourn there, and they shall be utterly consumed in the land of Egypt. They shall fall by the sword, they shall be consumed by famine; great and small alike shall die by the sword and by famine, and they shall become an execration and a desolation, a cursedan execration…a curse See note at 42.18. and a mockery. ",Ninguno
Jeremiah,44,13,ופקדתי על היושבים בארץ מצרים כאשר פקדתי עלירושל͏ם בחרב ברעב ובדבר,"I will punish those who live in the land of Egypt as I punished Jerusalem, with the sword, with famine, and with pestilence. ",Ninguno
Jeremiah,44,14,"ולא יהיה פליט ושריד לשארית יהודה הבאים לגורשם בארץ מצרים ולשוב&thinsp;<b></b> ארץ יהודה אשרהמה מנשאים אתנפשם לשוב לשבת שם כי לאישובו כי אםפלטים&nbsp;<span class=""mam-spi-pe"">{פ}</span><br>","Of the remnant of Judah who came to sojourn here in the land of Egypt, no survivor or fugitive shall be left to return to the land of Judah. Though they all long to return and dwell there, none shall return except [a few] survivors.",Ninguno
Jeremiah,44,15,ויענו אתירמיהו כלהאנשים הידעים כימקטרות נשיהם לאלהים אחרים וכלהנשים העמדות קהל גדול וכלהעם הישבים בארץמצרים בפתרוס לאמר,"Thereupon they answered Jeremiah—all the men who knew that their wives made offerings to other gods; all the women present, a large gathering; and all the people who lived in Pathros in the land of Egypt: ",Percepción (Yada)
Jeremiah,44,16,הדבר אשרדברת אלינו בשם יהוה איננו שמעים אליך,“We will not listen to you in the matter about which you spoke to us in the name of GOD.,Ninguno
Jeremiah,44,17,כי עשה נעשה אתכלהדבר&thinsp;<b></b> אשריצא מפינו לקטר למלכת השמים והסיךלה נסכים כאשר עשינו אנחנו ואבתינו מלכינו ושרינו בערי יהודה ובחצות ירושל͏ם ונשבעלחם ונהיה טובים ורעה לא ראינו,"On the contrary, we will do everything that we have vowedeeverything that we have vowed Lit. “everything that has gone forth from our mouth.”—to make offerings to the Queen of HeavenfQueen of Heaven See note at 7.18. and to pour libations to her, as we used to do,gdo Cf. 7.18. we and our ancestors, our kings and our officials, in the towns of Judah and the streets of Jerusalem. For then we had plenty to eat, we were well-off, and suffered no misfortune. ",Ninguno
Jeremiah,44,18,ומןאז חדלנו לקטר למלכת השמים והסךלה נסכים חסרנו כל ובחרב וברעב תמנו,"But ever since we stopped making offerings to the Queen of Heaven and pouring libations to her, we have lacked everything, and we have been consumed by the sword and by famine. ",Ninguno
Jeremiah,44,19,"וכיאנחנו מקטרים למלכת השמים ולהסך לה נסכים המבלעדי אנשינו עשינו לה כונים להעצבה והסך לה נסכים&nbsp;<span class=""mam-spi-samekh"">{ס}</span>&nbsp;&nbsp;&nbsp;&nbsp;&nbsp;&nbsp;&nbsp;&nbsp;","And when we make offerings to the Queen of Heaven and pour libations to her, is it without our husbands’ approval that we have made cakes in her likenesshin her likeness Meaning of Heb. uncertain. and poured libations to her?”",Ninguno
Jeremiah,44,20,ויאמר ירמיהו אלכלהעם עלהגברים ועלהנשים ועלכלהעם הענים אתו דבר לאמר,"Jeremiah replied to all the people, men and women—all the people who argued with him. He said, ",Ninguno
Jeremiah,44,21,הלוא אתהקטר אשר קטרתם בערי יהודה ובחצות ירושל͏ם אתם ואבותיכם מלכיכם ושריכם ועם הארץ אתם זכר יהוה ותעלה עללבו,"“Indeed, the offerings you presented in the towns of Judah and the streets of Jerusalem—you, your ancestors, your kings, your officials, and the people of the land—were remembered by GOD and brought to mind! ",Ninguno
Jeremiah,44,22,ולאיוכל יהוה עוד לשאת מפני רע מעלליכם מפני התועבת אשר עשיתם ותהי ארצכם לחרבה ולשמה ולקללה מאין יושב כהיום הזה,"When GOD could no longer bear your evil practices and the abominations you committed, your land became a desolate ruin and a curse,ia curse See note at 24.9; 42.18. without inhabitant, as is still the case. ",Ninguno
Jeremiah,44,23,"מפני אשר קטרתם ואשר חטאתם ליהוה ולא שמעתם בקול יהוה ובתרתו ובחקתיו ובעדותיו לא הלכתם עלכן קראת אתכם הרעה הזאת כיום הזה&nbsp;<span class=""mam-spi-samekh"">{ס}</span>&nbsp;&nbsp;&nbsp;&nbsp;&nbsp;&nbsp;&nbsp;&nbsp;","Because you burned incense and sinned against GOD and did not obey GOD—whose Teaching, whose laws, and whose exhortations you did not follow—therefore this disaster has befallen you, as is still the case.”",Ninguno
Jeremiah,44,24,ויאמר ירמיהו אלכלהעם ואל כלהנשים שמעו דבריהוה כליהודה אשר בארץ מצרים,"Jeremiah further said to all the people, including all the women: “Hear the word of GOD, all Judeans in the land of Egypt! ",Ninguno
Jeremiah,44,25,"כהאמר יהוהצבאות אלהי ישראל לאמר אתם ונשיכם ותדברנה בפיכם ובידיכם מלאתם&thinsp;<small></small>&thinsp;לאמר עשה נעשה אתנדרינו אשר נדרנו לקטר למלכת השמים ולהסך לה נסכים הקים תקימנה אתנדריכם ועשה תעשינה אתנדריכם&nbsp;<span class=""mam-spi-samekh"">{ס}</span>&nbsp;&nbsp;&nbsp;&nbsp;&nbsp;&nbsp;&nbsp;&nbsp;","Thus said GOD of Hosts, the God of Israel: You and your wives have confirmed by deed what you spoke in words:jconfirmed by deed what you spoke in words Lit. “spoken with your mouth and fulfilled by your hands.” ‘We will fulfill the vows that we made, to burn incense to the Queen of Heaven and to pour libations to her.’ So fulfill your vows; perform your vows!",Ninguno
Jeremiah,44,26,לכן שמעו דבריהוה כליהודה הישבים בארץ מצרים הנני נשבעתי בשמי הגדול אמר יהוה אםיהיה עוד שמי נקרא&thinsp;<b></b> בפי&thinsp;<b></b> כלאיש יהודה אמר חיאדני יהוה בכלארץ מצרים,"“Yet hear the word of GOD, all Judeans who dwell in the land of Egypt! Lo, I swear by My great name—said GOD—that none of Judah’s contingent in all the land of Egypt shall ever again invoke My name, saying, ‘As my Sovereign GOD lives!’ ",Ninguno
Jeremiah,44,27,הנני שקד עליהם לרעה ולא לטובה ותמו כלאיש יהודה אשר בארץמצרים בחרב וברעב עדכלותם,"I will be watchful over them to their hurt, not to their benefit; all of Judah’s contingent in the land of Egypt shall be consumed by sword and by famine, until they cease to be. ",Ninguno
Jeremiah,44,28,ופליטי חרב ישבון מןארץ מצרים ארץ יהודה מתי מספר וידעו כלשארית יהודה הבאים לארץמצרים לגור שם דברמי יקום ממני ומהם,Only the few who survive the sword shall return from the land of Egypt to the land of Judah. All the remnant of Judah who came to the land of Egypt to sojourn there shall learn whose word will be fulfilled—Mine or theirs!,Percepción (Yada)
Jeremiah,44,29,"וזאתלכם האות נאםיהוה כיפקד אני עליכם במקום הזה למען תדעו כי קום יקומו דברי עליכם לרעה&nbsp;<span class=""mam-spi-pe"">{פ}</span><br>","“And this shall be the sign to you—declares GOD—that I am going to deal with you in this place, so that you may know that My threats of punishment against you will be fulfilled: ",Ninguno
Jeremiah,44,30,"כה&thinsp;<b></b> אמר יהוה הנני נתן אתפרעה חפרע מלךמצרים ביד איביו וביד מבקשי נפשו כאשר נתתי אתצדקיהו מלךיהודה ביד נבוכדראצר מלךבבל איבו ומבקש נפשו&nbsp;<span class=""mam-spi-samekh"">{ס}</span>&nbsp;&nbsp;&nbsp;&nbsp;&nbsp;&nbsp;&nbsp;&nbsp;","Thus said GOD: I will deliver Pharaoh Hophra, king of Egypt, into the hands of his enemies, those who seek his life, just as I delivered King Zedekiah of Judah into the hands of King Nebuchadrezzar of Babylon, his enemy who sought his life.”",Ninguno
Jeremiah,45,1,הדבר אשר דבר ירמיהו הנביא אלברוך בןנריה בכתבו אתהדברים האלה עלספר מפי ירמיהו בשנה הרבעית ליהויקים בןיאשיהו מלך יהודה לאמר,"The word that the prophet Jeremiah spoke to Baruch son of Neriah, when he was writing these words in a scroll at Jeremiah’s dictation, in the fourth year of King Jehoiakim son of Josiah of Judah:",Ninguno
Jeremiah,45,2,כהאמר יהוה אלהי ישראל עליך ברוך,"Thus said the ETERNAL, the God of Israel, concerning you, Baruch: ",Ninguno
Jeremiah,45,3,אמרת אוינא לי כייסף יהוה יגון עלמכאבי יגעתי באנחתי ומנוחה לא מצאתי,"You say, “Woe is me! GOD has added grief to my pain. I am worn out with groaning, and I have found no rest.” ",Ninguno
Jeremiah,45,4,כה&thinsp;<b></b> תאמר אליו כה אמר יהוה הנה אשרבניתי אני הרס ואת אשרנטעתי אני נתש ואתכלהארץ היא,"Thus shall you speak to him: “Thus said GOD: I am going to overthrow what I have built, and uproot what I have planted—this applies to the whole land.athis applies to the whole land Meaning of Heb. uncertain. ",Ninguno
Jeremiah,45,5,"ואתה תבקשלך גדלות אלתבקש כי הנני מביא רעה עלכלבשר נאםיהוה ונתתי לך אתנפשך לשלל על כלהמקמות אשר תלךשם&nbsp;<span class=""mam-spi-pe"">{פ}</span><br>",And do you expect great things for yourself? Don’t expect them. For I am going to bring disaster upon all flesh—declares GOD—but I will at least grant you your lifebat least grant you your life Cf. note at 21.9. in all the places where you may go.”,Ninguno
Jeremiah,46,1,אשר היה דבריהוה אלירמיהו הנביא עלהגוים,The word of GOD to the prophet Jeremiah concerning the nations.,Ninguno
Jeremiah,46,2,למצרים עלחיל פרעה נכו מלך מצרים אשרהיה עלנהרפרת בכרכמש אשר הכה נבוכדראצר מלך בבל בשנת הרביעית ליהויקים בןיאשיהו מלך יהודה,"Concerning Egypt, about the army of Pharaoh Neco, king of Egypt, which was at the river Euphrates near Carchemish, and which was defeated by King Nebuchadrezzar of Babylon, in the fourth year of King Jehoiakim son of Josiah of Judah.",Ninguno
Jeremiah,46,3,ערכו מגן וצנה וגשו למלחמה,"Get ready buckler and shield,And move forward to battle!",Ninguno
Jeremiah,46,4,אסרו הסוסים ועלו הפרשים והתיצבו בכובעים מרקו הרמחים לבשו הסרינת,"Harness the horses;Mount, you riders!Fall in line, helmets on!Burnish the lances,Don your armor!",Ninguno
Jeremiah,46,5,מדוע ראיתי המה חתים נסגים אחור וגבוריהם יכתו ומנוס נסו ולא הפנו מגור מסביב נאםיהוה,"Why do I see them dismayed,Yielding ground?Their fighters are crushed,They flee in hasteAnd do not turn back—Terror all around!—declares  GOD.",Ninguno
Jeremiah,46,6,אלינוס הקל ואלימלט הגבור צפונה עליד נהרפרת כשלו ונפלו,"The swift cannot get away,The warrior cannot escape.aThe swift cannot get away, / The warrior cannot escape Lit. “Let not the swift get away, / Let not the warrior escape.” In the north, by the river Euphrates,They stagger and fall.",Ninguno
Jeremiah,46,7,מיזה כיאר יעלה כנהרות יתגעשו מימיו,"Who is this that rises like the Nile,Like streams whose waters surge?",Ninguno
Jeremiah,46,8,מצרים כיאר יעלה וכנהרות יתגעשו מים ויאמר אעלה אכסהארץ אבידה עיר וישבי בה,"It is Egypt that rises like the Nile,Like streams whose waters surge,That said, “I will rise,I will cover the earth,I will wipe out townsAnd those who dwell in them.",Ninguno
Jeremiah,46,9,עלו הסוסים והתהללו הרכב ויצאו הגבורים כוש ופוט תפשי מגן ולודים תפשי דרכי קשת,"Advance, O horses,Dash madly, O chariots!Let the warriors go forth,Cush and Put, that grasp the shield,And the Ludim who grasp and draw the bow!”",Ninguno
Jeremiah,46,10,והיום ההוא לאדני יהוה צבאות יום נקמה להנקם מצריו ואכלה חרב ושבעה ורותה מדמם כי זבח לאדני יהוה צבאות בארץ צפון אלנהרפרת,"But that day shall be for my Sovereign GOD of Hosts a day for exacting retribution from all foes. The sword shall devour; it shall be sated and drunk with their blood. For my Sovereign GOD of Hosts is preparing a sacrifice in the northland, by the river Euphrates.",Ninguno
Jeremiah,46,11,"עלי גלעד וקחי צרי בתולת בתמצרים לשוא <span class=""mam-kq""><span class=""mam-kq-k"">(הרביתי)</span> <span class=""mam-kq-q"">[הרבית]</span></span> רפאות תעלה אין לך","Go up to Gilead and get balm,Fair Maiden Egypt.In vain do you seek many remedies,There is no healing for you.",Ninguno
Jeremiah,46,12,"שמעו גוים קלונך וצוחתך מלאה הארץ כיגבור בגבור כשלו יחדיו נפלו שניהם&nbsp;<span class=""mam-spi-pe"">{פ}</span><br>",Nations have heard your shame;The earth resounds with your screams.For warrior stumbles against warrior;The two fall down together.,Ninguno
Jeremiah,46,13,הדבר אשר דבר יהוה אלירמיהו הנביא לבוא נבוכדראצר מלך בבל להכות אתארץ מצרים,The word that GOD spoke to the prophet Jeremiah about the coming of King Nebuchadrezzar of Babylon to attack the land of Egypt:,Ninguno
Jeremiah,46,14,הגידו במצרים והשמיעו במגדול והשמיעו בנף ובתחפנחס אמרו התיצב והכן לך כיאכלה חרב סביביך,"Declare in Egypt, proclaim in Migdol,Proclaim in Noph and Tahpanhes!Say: Take your posts and stand ready,For the sword has devoured all around you!",Ninguno
Jeremiah,46,15,מדוע נסחף אביריך לא עמד כי יהוה הדפו,"Why are your stalwarts swept away?They did not stand firm,For  GOD thrust them down;",Ninguno
Jeremiah,46,16,הרבה כושל גםנפל איש אלרעהו ויאמרו קומה&thinsp;<b></b> ונשבה אלעמנו ואלארץ מולדתנו מפני חרב היונה,"Many were made to stumble,They fell over one another.They said:“Up! let us return to our people,To the land of our birth,Because of the deadlybdeadly Meaning of Heb. uncertain. sword.”",Ninguno
Jeremiah,46,17,קראו שם פרעה מלךמצרים שאון העביר המועד,There they called Pharaoh king of Egypt:“Braggart who let the hour go by.”cBraggart who let the hour go by Meaning of Heb. uncertain. ,Ninguno
Jeremiah,46,18,חיאני נאםהמלך יהוה צבאות שמו כי כתבור בהרים וככרמל בים יבוא,"As I live—declares the King,dKing I.e., the One who leads the celestial army. Whose name is  GOD of Hosts—As surely as Tabor is among the mountainsAnd Carmel is by the sea,So shall this come to pass.eAs surely as Tabor … come to pass Meaning of Heb. uncertain. ",Ninguno
Jeremiah,46,19,"כלי גולה עשי לך יושבת בתמצרים כינף לשמה תהיה ונצתה מאין יושב&nbsp;<span class=""mam-spi-samekh"">{ס}</span>&nbsp;&nbsp;&nbsp;&nbsp;&nbsp;&nbsp;&nbsp;&nbsp;","Equip yourself for exile,Fair Egypt, you who dwell secure!For Noph shall become a waste,Desolate, without inhabitants.",Ninguno
Jeremiah,46,20,עגלה יפהפיה מצרים קרץ מצפון בא בא,"Egypt is a handsome heifer—A gadflyfgadfly Or “butcher”; meaning of Heb. uncertain. from the north is coming, coming!gis coming, coming Many mss. read “will come upon her.” ",Ninguno
Jeremiah,46,21,גםשכריה בקרבה כעגלי מרבק כיגםהמה הפנו נסו יחדיו לא עמדו כי יום אידם בא עליהם עת פקדתם,"The mercenaries, too, in her midstAre like stall-fed calves;They too shall turn tail,Flee as one, and make no stand.Their day of disaster is upon them,The hour of their doom.",Ninguno
Jeremiah,46,22,קולה כנחש ילך כיבחיל ילכו ובקרדמות באו לה כחטבי עצים,"She shall rustle away like a snakehShe shall rustle away like a snake Meaning of Heb. uncertain. As they come marching in force;They shall come against her with axes,Like hewers of wood.",Ninguno
Jeremiah,46,23,כרתו יערה נאםיהוה כי לא יחקר כי רבו מארבה ואין להם מספר,"They shall cut down her forest—declares  GOD—Though it cannot be measured;For they are more numerous than locusts,And cannot be counted.",Ninguno
Jeremiah,46,24,הבישה בתמצרים נתנה ביד עםצפון,"Fair Egypt shall be shamed,Handed over to the people of the north.",Ninguno
Jeremiah,46,25,אמר יהוה צבאות אלהי ישראל הנני פוקד אלאמון מנא ועלפרעה ועלמצרים ועלאלהיה ועלמלכיה ועלפרעה ועל הבטחים בו," 
GOD
 of Hosts, the God of Israel, has said: I will inflict punishment on AmoniAmon Tutelary deity of the city No (Thebes); cf. Nah. 3.8. of No and on Pharaoh—on Egypt, her gods, and her kings—on Pharaoh and all who rely on him. ",Ninguno
Jeremiah,46,26,"ונתתים ביד מבקשי נפשם וביד נבוכדראצר מלךבבל ובידעבדיו ואחריכן תשכן כימיקדם נאםיהוה&nbsp;<span class=""mam-spi-pe"">{פ}</span><br>","I will deliver them into the hands of those who seek to kill them, into the hands of King Nebuchadrezzar of Babylon and into the hands of his subjects. But afterward she shall be inhabited again as in former days, declares GOD.",Percepción (Yada)
Jeremiah,46,27,ואתה אלתירא עבדי יעקב ואלתחת ישראל כי הנני מושעך מרחוק ואתזרעך מארץ שבים ושב יעקוב ושקט ושאנן ואין מחריד,"But you,Have no fear, My servant Jacob,Be not dismayed, O Israel!I will deliver you from far away,Your folk from their land of captivity;And Jacob again shall have calmAnd quiet, with none to trouble him.",Ninguno
Jeremiah,46,28,"אתה אלתירא עבדי יעקב נאםיהוה כי אתך אני כי אעשה כלה בכלהגוים&thinsp;<b></b> אשר הדחתיך שמה ואתך לאאעשה כלה ויסרתיך למשפט ונקה לא אנקך&nbsp;<span class=""mam-spi-pe"">{פ}</span><br>","But you, have no fear,My servant Jacob—declares  GOD—For I am with you.I will make an end of all the nationsAmong which I have banished you,But I will not make an end of you!I will not leave you unpunished,But I will chastise you in measure.",Ninguno
Jeremiah,47,1,אשר היה דבריהוה אלירמיהו הנביא אלפלשתים בטרם יכה פרעה אתעזה,"The word of GOD that came to the prophet Jeremiah concerning the Philistines, before Pharaoh conquered Gaza.",Ninguno
Jeremiah,47,2,כה&thinsp;<b></b> אמר יהוה הנהמים עלים מצפון והיו לנחל שוטף וישטפו ארץ ומלואה עיר וישבי בה וזעקו האדם והילל כל יושב הארץ,"Thus said  GOD:See, waters are rising from the north,They shall become a raging torrent,They shall flood the land and its creatures,The towns and their inhabitants.People shall cry out,All the inhabitants of the land shall howl,",Ninguno
Jeremiah,47,3,מקול שעטת פרסות אביריו מרעש לרכבו המון גלגליו לאהפנו אבות אלבנים מרפיון ידים,"At the clatter of the stamping hoofs of Pharaoh’saPharaoh’s Heb. “his”; cf. v. 1. stallions,At the noise of his chariots,The rumbling of their wheels,Parents shall not look to their childrenOut of sheer helplessnessbsheer helplessness Lit. “weakness of hands.” ",Ninguno
Jeremiah,47,4,עלהיום הבא לשדוד אתכלפלשתים להכרית לצר ולצידון כל שריד עזר כישדד יהוה אתפלשתים שארית אי כפתור,"Because of the day that is comingFor ravaging all the Philistines,For cutting off every last allyOf Tyre and Sidon.For  GOD will ravage the Philistines,The remnant from the island of Caphtor.",Ninguno
Jeremiah,47,5,באה קרחה אלעזה נדמתה אשקלון שארית עמקם עדמתי תתגודדי,"BaldnesscBaldness Shaving the head and gashing the body were expressions of mourning; cf. Deut. 14.1. has come upon Gaza,Ashkelon is destroyed.O remnant of their valley,dtheir valley Septuagint reads “the Anakites”; cf. Josh. 11.22. How long will you gash yourself?egash yourself Meaning of Heb. uncertain. ",Ninguno
Jeremiah,47,6,הוי חרב ליהוה עדאנה לא תשקטי האספי אלתערך הרגעי ודמי,"“O sword of  GOD,When will you be quiet at last?Withdraw into your sheath,Rest and be still!”",Ninguno
Jeremiah,47,7,"איך תשקטי ויהוה צוהלה אלאשקלון ואלחוף הים שם יעדה&nbsp;<span class=""mam-spi-pe"">{פ}</span><br>","How can itfit Heb. “you.” be quietWhen  GOD has given it ordersAgainst Ashkelon and the seacoast,Given it assignment there?",Ninguno
Jeremiah,48,1,למואב כהאמר יהוה צבאות אלהי ישראל הוי אלנבו כי שדדה הבישה נלכדה קריתים הבישה המשגב וחתה,"Concerning Moab.aA number of parallels to this chapter occur in Isa. 15–16. Thus said  GOD of Hosts, the God of Israel:Alas, that Nebo should be ravaged,Kiriathaim captured and shamed,The strongholdbThe stronghold Or “Misgab.” shamed and dismayed!",Ninguno
Jeremiah,48,2,אין עוד תהלת מואב בחשבון חשבו עליה רעה לכו ונכריתנה מגוי גםמדמן תדמי אחריך תלך חרב,"Moab’s glory is no more;In Heshbon they have plannedcplanned Heb. ḥashebu, play on Heshbon. evil against her:“Come, let us make an end of her as a nation!”You too, O Madmen, shall be silenced;dsilenced Heb. tiddommi, play on Madmen, the name of a town. The sword is following you.",Ninguno
Jeremiah,48,3,קול צעקה מחרונים שד ושבר גדול,"Hark! an outcry from Horonaim,Destruction and utter ruin!",Ninguno
Jeremiah,48,4,"נשברה מואב השמיעו זעקה <span class=""mam-kq""><span class=""mam-kq-k"">(צעוריה)</span> <span class=""mam-kq-q"">[צעיריה]</span></span>",Moab is broken;Her young ones cry aloud;eHer young ones cry aloud Emendation yields “They cry aloud as far as Zoar”; cf. Isa. 15.5. ,Ninguno
Jeremiah,48,5,"כי מעלה <span class=""mam-kq""><span class=""mam-kq-k"">(הלחות)</span> <span class=""mam-kq-q"">[הלחית]</span></span> בבכי יעלהבכי כי במורד חורנים צרי צעקתשבר שמעו",They climb to LuhithWeeping continually;On the descent to HoronaimA distressing cry of anguish is heard:,Ninguno
Jeremiah,48,6,נסו מלטו נפשכם ותהיינה כערוער במדבר,"Flee, save your lives!And be like Aroer in the desert.fAnd be like Aroer in the desert Meaning of Heb. uncertain. ",Ninguno
Jeremiah,48,7,"כי יען בטחך במעשיך ובאוצרותיך גםאת תלכדי ויצא <span class=""mam-kq""><span class=""mam-kq-k"">(כמיש)</span> <span class=""mam-kq-q"">[כמוש]</span></span> בגולה כהניו ושריו <span class=""mam-kq""><span class=""mam-kq-k"">(יחד)</span> <span class=""mam-kq-q"">[יחדיו]</span></span>","Surely, because of your trustIn your wealth and in your treasures,You too shall be captured.And Chemosh shall go forth to exile,Together with his priests and attendants.",Ninguno
Jeremiah,48,8,ויבא שדד אלכלעיר ועיר לא תמלט ואבד העמק ונשמד המישר אשר אמר יהוה,The ravager shall come to every town;No town shall escape.The valley shall be devastatedAnd the tableland laid waste—because  GOD has spoken.,Ninguno
Jeremiah,48,9,תנוציץ למואב כי נצא תצא ועריה לשמה תהיינה מאין יושב בהן,"Give wings to Moab,For she must go hence.gwings to Moab, / For she must go hence Meaning of Heb. uncertain. Her towns shall become desolate,With no one living in them.",Ninguno
Jeremiah,48,10,ארור עשה מלאכת יהוה רמיה וארור מנע חרבו מדם,Cursed be he who is slack in doing GOD’s work! Cursed be he who withholds his sword from blood!,Ninguno
Jeremiah,48,11,"שאנן מואב מנעוריו ושקט הוא אלשמריו ולאהורק מכלי אלכלי ובגולה לא הלך עלכן עמד טעמו בו וריחו לא נמר&nbsp;<span class=""mam-spi-samekh"">{ס}</span>&nbsp;&nbsp;&nbsp;&nbsp;&nbsp;&nbsp;&nbsp;&nbsp;",Moab has been secure from his youth on—He is settled on his leesAnd has not been poured from vessel to vessel—He has never gone into exile.Therefore his fine flavor has remainedAnd his bouquet is unspoiled.,Ninguno
Jeremiah,48,12,לכן הנהימים באים נאםיהוה ושלחתילו צעים וצעהו וכליו יריקו ונבליהם ינפצו,But days are coming—declares GOD—when I will send to him those who will decant him;hdecant him Or “press forward against him”; cf. Isa. 63.1. they shall empty his vessels and smash his jars. ,Ninguno
Jeremiah,48,13,ובש מואב מכמוש כאשרבשו בית ישראל מבית אל מבטחם,"And Moab shall be shamed because of Chemosh, as the House of Israel were shamed because of Bethel, on whom they relied.",Ninguno
Jeremiah,48,14,איך תאמרו גבורים אנחנו ואנשיחיל למלחמה,"How can you say: We are warriors,Valiant men for war?",Ninguno
Jeremiah,48,15,שדד מואב ועריה עלה ומבחר בחוריו ירדו לטבח נאםהמלך יהוה צבאות שמו,"Moab is ravaged,His towns have been entered,His choice young menHave gone down to the slaughter—declares the KingiKing See note at 46.18. whose name is GOD of Hosts.",Ninguno
Jeremiah,48,16,קרוב אידמואב לבוא ורעתו מהרה מאד,"The doom of Moab is coming close,His downfall is approaching swiftly.",Ninguno
Jeremiah,48,17,נדו לו כלסביביו וכל ידעי שמו אמרו איכה נשבר מטהעז מקל תפארה,"Condole with him, all who live near him,All you who know him by name!Say: “Alas, the strong rod is broken,The lordly staff!”",Percepción (Yada)
Jeremiah,48,18,"רדי מכבוד <span class=""mam-kq""><span class=""mam-kq-k"">(ישבי)</span> <span class=""mam-kq-q"">[ושבי]</span></span> בצמא ישבת בתדיבון כישדד מואב עלה בך שחת מבצריך","Descend from gloryAnd sit in thirst,jthirst Meaning of Heb. uncertain. O inhabitant of Fair Dibon;For the ravager of Moab has entered your town,He has destroyed your fortresses.",Ninguno
Jeremiah,48,19,אלדרך עמדי וצפי יושבת ערוער שאלינס ונמלטה אמרי מהנהיתה,"Stand by the road and look out,O inhabitant of Aroer.Ask of him who is fleeingAnd of her who is escaping:Say, “What has happened?”",Ninguno
Jeremiah,48,20,"הביש מואב כיחתה <span class=""mam-kq""><span class=""mam-kq-k"">(הילילי וזעקי)</span> <span class=""mam-kq-q"">[הילילו&thinsp;<small></small>&thinsp;וזעקו]</span></span> הגידו בארנון כי שדד מואב",Moab is shamed and dismayed;Howl and cry aloud!Tell at the ArnonThat Moab is ravaged!,Ninguno
Jeremiah,48,21,"ומשפט בא אלארץ המישר אלחלון ואליהצה ועל<span class=""mam-kq""><span class=""mam-kq-k"">(מופעת)</span> <span class=""mam-kq-q"">[מיפעת]</span></span>","Judgment has come upon the tableland—upon Holon, Jahzah, and Mephaath; ",Ninguno
Jeremiah,48,22,ועלדיבון ועלנבו ועלבית דבלתים,"upon Dibon, Nebo, and Beth-diblathaim; ",Ninguno
Jeremiah,48,23,ועל קריתים ועלבית גמול ועלבית מעון,"upon Kiriathaim, Beth-gamul, and Beth-meon; ",Ninguno
Jeremiah,48,24,ועלקריות ועלבצרה ועל כלערי ארץ מואב הרחקות והקרבות,"upon Kerioth and Bozrah—upon all the towns of the land of Moab, far and near.",Ninguno
Jeremiah,48,25,נגדעה קרן מואב וזרעו נשברה נאם יהוה,"The might of Moab has been cut down,His strength is broken—declares  GOD.",Ninguno
Jeremiah,48,26,השכירהו כי עליהוה הגדיל וספק מואב בקיאו והיה לשחק גםהוא,"Get him drunkFor he vaunted himself against  GOD.Moab shall vomit till he is drained,And he too shall be a laughingstock.",Ninguno
Jeremiah,48,27,"ואם&thinsp;<b></b> לוא השחק היה לך ישראל אםבגנבים <span class=""mam-kq""><span class=""mam-kq-k"">(נמצאה)</span> <span class=""mam-kq-q"">[נמצא]</span></span> כימדי דבריך בו תתנודד","Wasn’t Israel a laughingstock to you?Was he ever caught among thieves,That you should shake your headkshake your head In mockery. Whenever you speak of him?",Ninguno
Jeremiah,48,28,עזבו ערים ושכנו בסלע ישבי מואב והיו כיונה תקנן בעברי פיפחת,"Desert the citiesAnd dwell in the crags,O inhabitants of Moab!Be like a dove that nestsIn the sides of a pit.",Ninguno
Jeremiah,48,29,שמענו גאוןמואב גאה מאד גבהו וגאונו וגאותו ורם לבו,"We have heard of Moab’s pride—Most haughty is he—Of his arrogance and pride,His haughtiness and self-exaltation.",Ninguno
Jeremiah,48,30,אני ידעתי נאםיהוה עברתו ולאכן בדיו לאכן עשו,"I know his insolence—declares GOD—the wickedness that is in him,lin him Cf. note at Isa. 16.6. the wickedness he hasmhe has Heb. “they have.” committed.",Percepción (Yada)
Jeremiah,48,31,עלכן עלמואב איליל ולמואב כלה אזעק אלאנשי קירחרש יהגה,"Therefore I will howl for Moab,I will cry out for all Moab,InI Heb. “He.” will moan for the people of Kir-heres.",Ninguno
Jeremiah,48,32,מבכי יעזר אבכהלך הגפן שבמה נטישתיך עברו ים עד ים יעזר נגעו עלקיצך ועלבצירך שדד נפל,"With greater weeping than for JazerI weep for you, O vine of Sibmah,Whose tendrils crossed the sea,Reached to the sea,oReached to the sea Meaning of Heb. uncertain. to Jazer.A ravager has come downUpon your fig and grape harvests.",Ninguno
Jeremiah,48,33,ונאספה שמחה וגיל מכרמל ומארץ מואב ויין מיקבים השבתי לאידרך הידד הידד לא הידד,"Rejoicing and gladnessAre gone from the farmland,From the country of Moab;I have put an end to wine in the presses,No one treads [the grapes] with shouting—The shout is a shout no more.pThe shout is a shout no more Meaning of Heb. uncertain. ",Ninguno
Jeremiah,48,34,מזעקת חשבון עדאלעלה עדיהץ נתנו קולם מצער עדחרנים עגלת שלשיה כי גםמי נמרים למשמות יהיו,"There is an outcry from Heshbon to Elealeh,They raise their voices as far as Jahaz,From Zoar to Horonaim and Eglath-shelishiah.The Waters of NimrimShall also become desolation.",Ninguno
Jeremiah,48,35,והשבתי למואב נאםיהוה מעלה במה ומקטיר לאלהיו,And I will make an end in Moab—declares  GOD—Of those who offer at a shrineAnd burn incense to their god.,Ninguno
Jeremiah,48,36,עלכן לבי למואב כחללים יהמה ולבי אלאנשי קירחרש כחלילים יהמה עלכן יתרת עשה אבדו,"Therefore,My heart moans for Moab like a flute;Like a flute my heart moansFor the people of Kir-heres—Therefore,The gains they have made shall vanishqTherefore, / The gains they have made shall vanish Meaning of Heb. uncertain.—",Ninguno
Jeremiah,48,37,כי כלראש קרחה וכלזקן גרעה על כלידים גדדת ועלמתנים שק,"For every head is baldAnd every beard is shorn;On all hands there are gashes,And on the loins sackcloth.",Ninguno
Jeremiah,48,38,על כלגגות מואב וברחבתיה כלה מספד כישברתי אתמואב ככלי איןחפץ בו נאםיהוה,"On all the roofs of Moab,And in its squaresThere is naught but lamentation;For I have broken MoabLike a vessel no one wants—declares  GOD.",Ninguno
Jeremiah,48,39,"איך חתה הילילו איך הפנהערף מואב בוש והיה מואב לשחק ולמחתה לכלסביביו&nbsp;<span class=""mam-spi-samekh"">{ס}</span>&nbsp;&nbsp;&nbsp;&nbsp;&nbsp;&nbsp;&nbsp;&nbsp;",How he is dismayed! Wail!How Moab has turned his back in shame!Moab shall be a laughingstockAnd a shock to all those near him.,Ninguno
Jeremiah,48,40,כיכה אמר יהוה הנה כנשר ידאה ופרש כנפיו אלמואב,"For thus said  GOD:See, he soars like an eagleAnd spreads out his wings against Moab!",Ninguno
Jeremiah,48,41,נלכדה הקריות והמצדות נתפשה והיה לב גבורי מואב ביום ההוא כלב אשה מצרה,"Kerioth shall be capturedAnd the strongholds shall be seized.In that day, the heart of Moab’s warriorsShall be like the heart of a woman in travail.",Ninguno
Jeremiah,48,42,ונשמד מואב מעם כי עליהוה הגדיל,"And Moab shall be destroyed as a people,For he vaunted himself against  GOD.",Ninguno
Jeremiah,48,43,פחד ופחת ופח עליך יושב מואב נאםיהוה,"Terror, and pit, and traprTerror, and pit, and trap See note at Isa. 24.17. Upon you who dwell in Moab!—declares  GOD.",Ninguno
Jeremiah,48,44,"<span class=""mam-kq""><span class=""mam-kq-k"">(הניס)</span> <span class=""mam-kq-q"">[הנס]</span></span> מפני הפחד יפל אלהפחת והעלה מןהפחת ילכד בפח כיאביא אליה אלמואב שנת פקדתם נאםיהוה",He who flees from the terrorShall fall into the pit;And he who climbs out of the pitShall be caught in the trap.For I will bring upon MoabThe year of their doom—declares  GOD.,Ninguno
Jeremiah,48,45,בצל חשבון עמדו מכח נסים כיאש יצא מחשבון ולהבה מבין סיחון ותאכל פאת מואב וקדקד בני שאון,"In the shelter of HeshbonFugitives halt exhausted;For fire went forth from Heshbon,Flame from the midstsmidst Emendation yields “house.” of Sihon,Consuming the brow of Moab,The pate of the people of Shaon.tShaon Or “tumult.” ",Separación (Beyn)
Jeremiah,48,46,אוילך מואב אבד עםכמוש כילקחו בניך בשבי ובנתיך בשביה,"Woe to you, O Moab!The people of Chemosh are undone,For your sons are carried off into captivity,Your daughters into exile.",Ninguno
Jeremiah,48,47,"ושבתי שבותמואב באחרית הימים נאםיהוה עדהנה משפט מואב&nbsp;<span class=""mam-spi-samekh"">{ס}</span>&nbsp;&nbsp;&nbsp;&nbsp;&nbsp;&nbsp;&nbsp;&nbsp;",But I will restore the fortunes of Moab in the days to come—declares GOD.Thus far is the judgment on Moab.,Ninguno
Jeremiah,49,1,לבני עמון כה אמר יהוה הבנים אין לישראל אםיורש אין לו מדוע ירש מלכם אתגד ועמו בעריו ישב,"Concerning the Ammonites.Thus said  GOD:Has Israel no sons,Has he no heir?Then why has MilcomaMilcom The name of the Ammonite deity; vocalized Malcam here and in v. 3. dispossessed Gad,And why have his people settled in Gad’sbGad’s Heb. “his.” towns?",Ninguno
Jeremiah,49,2,לכן הנה ימים באים נאםיהוה והשמעתי אלרבת בניעמון תרועת מלחמה והיתה לתל שממה ובנתיה באש תצתנה וירש ישראל אתירשיו אמר יהוה,"Assuredly, days are coming—declares  GOD—When I will sound the alarm of warAgainst Rabbah of the Ammonites;It shall become a desolate mound,And its villages shall be set on fire.And Israel shall dispossessThose who dispossessed him—said  GOD.",Ninguno
Jeremiah,49,3,הילילי חשבון כי שדדהעי צעקנה בנות רבה חגרנה שקים ספדנה והתשוטטנה בגדרות כי מלכם בגולה ילך כהניו ושריו יחדיו,"Howl, O Heshbon, for Ai is ravaged!Cry out, O daughters of Rabbah!Gird on sackcloth, lament,And run to and fro in the sheepfolds.cAnd run to and fro in the sheepfolds Meaning of Heb. uncertain. For Milcom shall go into exile,Together with his priests and attendants.",Ninguno
Jeremiah,49,4,מהתתהללי בעמקים זב עמקך הבת השובבה הבטחה באצרתיה מי יבוא אלי,"Why do you glory in strength,Your strength is drained,dWhy … drained Meaning of Heb. uncertain; for “strength” cf. Akkadian emuqu. O rebellious daughter,You who relied on your treasures,[Who said:] Who dares attack me?",Ninguno
Jeremiah,49,5,הנני מביא עליך פחד נאםאדני יהוה צבאות מכלסביביך ונדחתם איש לפניו ואין מקבץ לנדד,"I am bringing terror upon you—declares my Sovereign  GOD of Hosts—From all those around you.Every one of you shall be driven in every direction,ein every direction Lit. “straight ahead.” And none shall gather in the fugitives.",Ninguno
Jeremiah,49,6,"ואחריכן אשיב אתשבות בניעמון נאםיהוה&nbsp;<span class=""mam-spi-pe"">{פ}</span><br>",But afterward I will restore the fortunes of the Ammonites—declares GOD.,Ninguno
Jeremiah,49,7,לאדום כה אמר יהוה צבאות האין עוד חכמה בתימן אבדה עצה מבנים נסרחה חכמתם,Concerning Edom.Thus said  GOD of Hosts:Is there no more wisdom in Teman?Has counsel vanished from the prudent?Has their wisdom gone stale?,Ninguno
Jeremiah,49,8,נסו הפנו העמיקו לשבת ישבי דדן כי איד עשו הבאתי עליו עת פקדתיו,"Flee, turn away, sit down low,O inhabitants of Dedan,For I am bringing Esau’s doom upon him,The time when I deal with him.",Ninguno
Jeremiah,49,9,אםבצרים באו לך לא ישארו עוללות אםגנבים בלילה השחיתו דים,"If vintagers were to come upon you,Would they leave no gleanings?Even thieves in the nightWould destroy only for their needs!fIf vintagers were to come upon you, / Would they leave no gleanings? / Even thieves in the night / Would destroy only for their needs! Cf. Obad. 1.5: “If thieves were to come to you, / Marauders by night, / They would steal no more than they needed. / If vintagers came to you, / They would surely leave some gleanings.” ",Ninguno
Jeremiah,49,10,כיאני חשפתי אתעשו גליתי אתמסתריו ונחבה לא יוכל שדד זרעו ואחיו ושכניו ואיננו,"But it is I who have bared Esau,Have exposed his place of concealment;He cannot hide.His offspring is ravaged,His kin and his neighbors—He is no more.gHe is no more Some Septuagint mss. read “And there is none to say.” ",Ninguno
Jeremiah,49,11,"עזבה יתמיך אני אחיה ואלמנותיך עלי תבטחו&nbsp;<span class=""mam-spi-samekh"">{ס}</span>&nbsp;&nbsp;&nbsp;&nbsp;&nbsp;&nbsp;&nbsp;&nbsp;","“Leave your orphans with me,I will rear them;Let your widows rely on me!”",Ninguno
Jeremiah,49,12,כיכה&thinsp;<b></b> אמר יהוה הנה אשראין משפטם לשתות הכוס שתו ישתו ואתה הוא נקה תנקה לא תנקה כי שתה תשתה,"For thus said GOD: If they who rightly should not drink of the cup must drink it, are you the one to go unpunished? You shall not go unpunished: you will have to drink! ",Ninguno
Jeremiah,49,13,כי בי נשבעתי נאםיהוה כילשמה לחרפה לחרב ולקללה תהיה בצרה וכלעריה תהיינה לחרבות עולם,"For by Myself I swear—declares GOD—Bozrah shall become a desolation, a mockery, a ruin, and a curse;ha curse Cf. note at 24.9 and 42.18. and all its towns shall be ruins for all time.",Ninguno
Jeremiah,49,14,שמועה שמעתי מאת יהוה וציר בגוים שלוח התקבצו ובאו עליה וקומו למלחמה,"I have received tidings from  GOD,And an envoy is sent out among the nations:Assemble, and move against her,And rise up for war!",Ninguno
Jeremiah,49,15,כיהנה קטן נתתיך בגוים בזוי באדם,"For I will make you least among nations,Most despised among humankind.",Ninguno
Jeremiah,49,16,תפלצתך השיא אתך זדון לבך שכני בחגוי הסלע תפשי מרום גבעה כיתגביה כנשר קנך משם אורידך נאםיהוה,"Your horrible nature,iYour horrible nature Meaning of Heb. uncertain. Your arrogant heart has seduced you,You who dwell in clefts of the rock,Who occupy the height of the hill!Should you nest as high as the eagle,From there I will pull you down—declares  GOD.",Ninguno
Jeremiah,49,17,והיתה אדום לשמה כל עבר עליה ישם וישרק עלכלמכותה,And Edom shall be a cause of appallment; whoever passes by will be appalled and will hissjhiss Cf. note at 18.16. at all its wounds. ,Ninguno
Jeremiah,49,18,כמהפכת סדם ועמרה ושכניה אמר יהוה לאישב שם איש ולאיגור בה בןאדם,"It shall be like the overthrow of Sodom and Gomorrah and their neighbors—said GOD: nobody shall live there, no human shall sojourn there. ",Ninguno
Jeremiah,49,19,"הנה כאריה יעלה מגאון הירדן אלנוה איתן כיארגיעה אריצנו מעליה ומי בחור אליה אפקד כי מי כמוני ומי יעידני ומיזה רעה אשר יעמד לפני&nbsp;<span class=""mam-spi-samekh"">{ס}</span>&nbsp;&nbsp;&nbsp;&nbsp;&nbsp;&nbsp;&nbsp;&nbsp;","It shall be as when a lion comes up out of the jungle of the Jordan against a secure pasture: in a moment I can harry him out of it and appoint over it anyone I choose.kI can harry him out of it and appoint over it anyone I choose Emendation yields “he can harry them [i.e., the sheep] out of it; and what champion could one place in charge of them?” Then who is like Me? Who can summon Me? Who is the shepherd that can stand up against Me? ",Ninguno
Jeremiah,49,20,לכן שמעו עצתיהוה אשר יעץ אלאדום ומחשבותיו אשר חשב אלישבי תימן אםלוא יסחבום צעירי הצאן אםלא ישים עליהם נוהם,"Hear, then, the plan that GOD has devised against Edom, and what has been purposed against the inhabitants of Teman:Surely the shepherd boysShall drag them away;Surely the pasture shall beAghast because of them.",Ninguno
Jeremiah,49,21,מקול נפלם רעשה הארץ צעקה ביםסוף נשמע קולה,At the sound of their downfallThe earth shall shake;The sound of screamingShall be heard at the Sea of Reeds.,Ninguno
Jeremiah,49,22,"הנה כנשר יעלה וידאה ויפרש כנפיו עלבצרה והיה לב גבורי אדום ביום ההוא כלב אשה מצרה&nbsp;<span class=""mam-spi-pe"">{פ}</span><br>","See, like an eagle he flies up,He soars and spreads his wings against Bozrah;And the heart of Edom’s warriors in that dayShall be like the heart of a woman in travail.",Ninguno
Jeremiah,49,23,לדמשק בושה חמת וארפד כישמעה רעה שמעו נמגו בים דאגה השקט לא יוכל,"Concerning Damascus.Hamath and Arpad are shamed,For they have heard bad news.They shake with anxiety,LikelLike So a few mss. Most mss. and editions read “In.” the sea that cannot rest.",Ninguno
Jeremiah,49,24,רפתה דמשק הפנתה לנוס ורטט&thinsp;<small></small>&thinsp;החזיקה צרה וחבלים אחזתה כיולדה,"Damascus has grown weak,She has turned around to flee;Trembling has seized her,Pain and anguish have taken hold of her,Like a woman in childbirth.",Ninguno
Jeremiah,49,25,"איך לאעזבה עיר <span class=""mam-kq""><span class=""mam-kq-k"">(תהלה)</span> <span class=""mam-kq-q"">[תהלת]</span></span> קרית משושי","How has the glorious city not been deserted,mHow has the glorious city not been deserted Emendation yields “How has the glorious city been deserted”; so Vulgate. The citadel of my joy!",Ninguno
Jeremiah,49,26,לכן יפלו בחוריה ברחבתיה וכלאנשי המלחמה ידמו ביום ההוא נאם יהוה צבאות,"Assuredly, her young men shall lie fallen in her squares.And all her warriors shall be stilled in that day—declares  GOD of Hosts.",Ninguno
Jeremiah,49,27,"והצתי אש בחומת דמשק ואכלה ארמנות בןהדד&nbsp;<span class=""mam-spi-pe"">{פ}</span><br>","I will set fire to the wall of Damascus,And it shall consume the fortresses of Ben-hadad.",Ninguno
Jeremiah,49,28,"לקדר&thinsp;<b></b> ולממלכות חצור אשר הכה <span class=""mam-kq""><span class=""mam-kq-k"">(נבוכדראצור)</span> <span class=""mam-kq-q"">[נבוכדראצר]</span></span> מלךבבל כה אמר יהוה קומו עלו אלקדר ושדדו אתבניקדם","Concerning Kedar and the kingdoms of Hazor, which King Nebuchadrezzar of Babylon conquered.Thus said  GOD:Arise, march against Kedar,And ravage the Kedemites!",Ninguno
Jeremiah,49,29,אהליהם וצאנם יקחו יריעותיהם וכלכליהם וגמליהם ישאו להם וקראו עליהם מגור מסביב,"They will take away their tents and their flocks,Their tent cloths and all their gear;They shall carry off their camels,And shall proclaim against them:Terror all around!",Ninguno
Jeremiah,49,30,"נסו נדו מאד העמיקו לשבת ישבי חצור נאםיהוה כייעץ עליכם נבוכדראצר מלךבבל עצה וחשב <span class=""mam-kq""><span class=""mam-kq-k"">(עליהם)</span> <span class=""mam-kq-q"">[עליכם]</span></span> מחשבה","Flee, wander far,Sit down low, O inhabitants of Hazor—says  GOD.For King Nebuchadrezzar of BabylonHas devised a plan against youAnd formed a purpose against you:",Ninguno
Jeremiah,49,31,קומו עלו אלגוי שליו יושב לבטח נאםיהוה לאדלתים ולאבריח לו בדד ישכנו,"Rise up, attack a tranquil nationThat dwells secure—says  GOD—That has no barred gates,That dwells alone.",Ninguno
Jeremiah,49,32,והיו גמליהם לבז והמון מקניהם לשלל וזרתים לכלרוח קצוצי פאה ומכלעבריו אביא אתאידם נאםיהוה,"Their camels shall become booty,And their abundant flocks a spoil;And I will scatter to every quarterThose who have their hair clipped;And from every direction I will bringDisaster upon them—says  GOD.",Ninguno
Jeremiah,49,33,"והיתה חצור למעון תנים שממה עדעולם לאישב שם איש ולאיגור בה בןאדם&nbsp;<span class=""mam-spi-samekh"">{ס}</span>&nbsp;&nbsp;&nbsp;&nbsp;&nbsp;&nbsp;&nbsp;&nbsp;","Hazor shall become a lair of jackals,A desolation for all time.No one shall live there,No human shall sojourn there.",Ninguno
Jeremiah,49,34,אשר היה דבריהוה אלירמיהו הנביא אלעילם בראשית מלכות צדקיה מלךיהודה לאמר,"The word of GOD that came to the prophet Jeremiah concerning Elam, at the beginning of the reign of King Zedekiah of Judah:",Ninguno
Jeremiah,49,35,כה אמר יהוה צבאות הנני שבר אתקשת עילם ראשית גבורתם,"Thus said GOD of Hosts: I am going to break the bow of Elam, the mainstay of their strength. ",Ninguno
Jeremiah,49,36,"והבאתי אלעילם ארבע רוחות מארבע קצות השמים וזרתים לכל הרחות האלה ולאיהיה הגוי אשר לאיבוא שם נדחי <span class=""mam-kq""><span class=""mam-kq-k"">(עולם)</span> <span class=""mam-kq-q"">[עילם]</span></span>","And I shall bring four winds against Elam from the four quarters of heaven, and scatter them to all those winds. There shall not be a nation to which the fugitives from Elam do not come. ",Ninguno
Jeremiah,49,37,והחתתי אתעילם לפני איביהם ולפני&thinsp;<b></b> מבקשי נפשם והבאתי עליהם&thinsp;<small></small>&thinsp;רעה אתחרון אפי נאםיהוה ושלחתי אחריהם אתהחרב עד כלותי אותם,"And I will break Elam before their enemies, before those who seek their lives; and I will bring disaster upon them, My flaming wrath—declares GOD. And I will dispatch the sword after them until I have consumed them.",Ninguno
Jeremiah,49,38,ושמתי כסאי בעילם והאבדתי משם מלך ושרים נאםיהוה,"And I will set My throne in Elam,And wipe out from there king and officials—says  GOD.",Ninguno
Jeremiah,49,39,"והיה&thinsp;<b></b> באחרית הימים <span class=""mam-kq""><span class=""mam-kq-k"">(אשוב)</span> <span class=""mam-kq-q"">[אשיב]</span></span> את<span class=""mam-kq""><span class=""mam-kq-q"">[שבות]</span> <span class=""mam-kq-k"">(שבית)</span></span> עילם נאםיהוה&nbsp;<span class=""mam-spi-pe"">{פ}</span><br>",But in the days to come I will restore the fortunes of Elam—declares GOD.,Ninguno
Jeremiah,50,1,הדבר אשר דבר יהוה אלבבל אלארץ כשדים ביד ירמיהו הנביא,"The word that GOD spoke concerning Babylon, the land of the Chaldeans, through the prophet Jeremiah:",Ninguno
Jeremiah,50,2,הגידו בגוים והשמיעו ושאונס השמיעו אלתכחדו אמרו נלכדה בבל הביש בל חת מרדך הבישו עצביה חתו גלוליה,"Declare among the nations, and proclaim;Raise a standard, proclaim;Hide nothing! Say:Babylon is captured,BelaBel A name of the city god of Babylon. is shamed,MerodachbMerodach Another name of the city god of Babylon. is dismayed.Her idols are shamed,Her fetishes dismayed.",Ninguno
Jeremiah,50,3,כי עלה עליה גוי מצפון הואישית אתארצה לשמה ולאיהיה יושב בה מאדם ועדבהמה נדו הלכו,"For a nation from the north has attacked her,It will make her land a desolation.No one shall dwell in it,Both human and animal shall wander away.",Ninguno
Jeremiah,50,4,בימים ההמה ובעת ההיא נאםיהוה יבאו בניישראל המה ובנייהודה יחדו הלוך ובכו ילכו ואתיהוה אלהיהם יבקשו,"In those days and at that time—declares GOD—the people of Israel together with the people of Judah shall come, and they shall weep as they go to seek the ETERNAL their God. ",Ninguno
Jeremiah,50,5,ציון ישאלו דרך הנה פניהם באו ונלוו אליהוה ברית עולם לא תשכח,"They shall inquire for Zion; in that direction their faces shall turn; they shall comecthey shall come Heb. “come!” (in the plural). and attach themselves to GOD by a covenant for all time, which shall never be forgotten. ",Ninguno
Jeremiah,50,6,"צאן אבדות <span class=""mam-kq""><span class=""mam-kq-k"">(היה)</span> <span class=""mam-kq-q"">[היו]</span></span> עמי רעיהם התעום הרים <span class=""mam-kq""><span class=""mam-kq-k"">(שובבים)</span> <span class=""mam-kq-q"">[שובבום]</span></span> מהר אלגבעה הלכו שכחו רבצם","My people were lost sheep: their shepherds led them astray, they drove them out to the mountains, they roamed from mount to hill, they forgot their own resting place. ",Ninguno
Jeremiah,50,7,"כלמוצאיהם אכלום וצריהם אמרו לא נאשם תחת אשר חטאו ליהוה נוהצדק ומקוה אבותיהם יהוה&nbsp;<span class=""mam-spi-samekh"">{ס}</span>&nbsp;&nbsp;&nbsp;&nbsp;&nbsp;&nbsp;&nbsp;&nbsp;","All who encountered them devoured them; and their foes said, “We shall not be held guilty, because they have sinned against GOD, the true Pasture, the Hope of their ancestors—GOD.”",Ninguno
Jeremiah,50,8,"נדו מתוך בבל ומארץ כשדים <span class=""mam-kq""><span class=""mam-kq-k"">(יצאו)</span> <span class=""mam-kq-q"">[צאו]</span></span> והיו כעתודים לפניצאן","Flee from Babylon,Leave the land of the Chaldeans,And be like he-goats that lead the flock!",Ninguno
Jeremiah,50,9,כי הנה אנכי מעיר ומעלה עלבבל קהלגוים גדלים מארץ צפון וערכו לה משם תלכד חציו כגבור משכיל לא ישוב ריקם,"For see, I am rousing and leadingAn assemblage of great nations against BabylonFrom the lands of the north.They shall draw up their lines against her,There she shall be captured.Their arrows are like those of a skilled warriorda skilled warrior So many mss., editions, and versions; other mss. and editions read “a warrior who bereaves.” Who does not turn back without hitting the mark.",Ninguno
Jeremiah,50,10,והיתה כשדים לשלל כלשלליה ישבעו נאםיהוה,"Chaldea shall be despoiled,All her spoilers shall be sated—declares  GOD.",Ninguno
Jeremiah,50,11,"כי <span class=""mam-kq""><span class=""mam-kq-k"">(תשמחי)</span> <span class=""mam-kq-q"">[תשמחו]</span></span> כי <span class=""mam-kq""><span class=""mam-kq-k"">(תעלזי)</span> <span class=""mam-kq-q"">[תעלזו]</span></span> שסי נחלתי כי <span class=""mam-kq""><span class=""mam-kq-k"">(תפושי)</span> <span class=""mam-kq-q"">[תפושו]</span></span> כעגלה דשה <span class=""mam-kq""><span class=""mam-kq-k"">(ותצהלי)</span> <span class=""mam-kq-q"">[ותצהלו]</span></span> כאברים","For you rejoiced, you exulted,You who plundered My possession;You stamped like a heifer treading grain,You neighed like steeds.",Ninguno
Jeremiah,50,12,בושה אמכם מאד חפרה יולדתכם הנה אחרית גוים מדבר ציה וערבה,"So your mother will be utterly shamed,She who bore you will be disgraced.Behold the end of the nations—Wilderness, desert, and steppe!",Ninguno
Jeremiah,50,13,מקצף יהוה לא תשב והיתה שממה כלה כל עבר עלבבל ישם וישרק עלכלמכותיה,Because of  GOD’s wrath she shall not be inhabited;She shall be utterly desolate.Whoever passes by Babylon will be appalledAnd will hissehiss Cf. note at 18.16. at all her wounds.,Ninguno
Jeremiah,50,14,ערכו עלבבל&thinsp;<small></small>&thinsp;סביב כלדרכי קשת ידו אליה אלתחמלו אלחץ כי ליהוה חטאה,"Range yourselves round about Babylon,All you who draw the bow;Shoot at her, don’t spare arrows,For she has sinned against  GOD.",Ninguno
Jeremiah,50,15,"הריעו עליה סביב נתנה ידה נפלו <span class=""mam-kq""><span class=""mam-kq-k"">(אשויתיה)</span> <span class=""mam-kq-q"">[אשיותיה]</span></span> נהרסו חומותיה כי נקמת יהוה היא הנקמו בה כאשר עשתה עשולה","Raise a shout against her all about!She has surrendered;fShe has surrendered Lit. “She has given her hand”; meaning of Heb. uncertain. Her bastions have fallen,Her walls are thrown down—This is  GOD’s vengeance.Take vengeance on her,Do to her as she has done!",Ninguno
Jeremiah,50,16,"כרתו זורע מבבל ותפש מגל בעת קציר מפני חרב היונה איש אלעמו יפנו ואיש לארצו ינסו&nbsp;<span class=""mam-spi-samekh"">{ס}</span>&nbsp;&nbsp;&nbsp;&nbsp;&nbsp;&nbsp;&nbsp;&nbsp;","Make an end in Babylon of sowers,And of wielders of the sickle at harvest time.Because of the deadlygdeadly Meaning of Heb. uncertain. sword,Everyone shall turn back to their own people,All shall flee to their own land.",Ninguno
Jeremiah,50,17,"שה פזורה ישראל אריות הדיחו הראשון אכלו מלך אשור וזה האחרון עצמו נבוכדראצר מלך בבל&nbsp;<span class=""mam-spi-pe"">{פ}</span><br>","Israel are scattered sheep, harried by lions. First the king of Assyria devoured them, and in the end King Nebuchadrezzar of Babylon crunched their bones. ",Ninguno
Jeremiah,50,18,לכן כהאמר יהוה צבאות אלהי ישראל הנני פקד אלמלך בבל ואלארצו כאשר פקדתי אלמלך אשור,"Assuredly, thus said GOD of Hosts, the God of Israel: I will deal with the king of Babylon and his land as I dealt with the king of Assyria. ",Ninguno
Jeremiah,50,19,ושבבתי אתישראל אלנוהו ורעה הכרמל והבשן ובהר אפרים והגלעד תשבע נפשו,"And I will lead Israel back to his pasture, and he shall graze in Carmel and Bashan, and eat his fill in the hill country of Ephraim and in Gilead.",Ninguno
Jeremiah,50,20,"בימים ההם ובעת ההיא נאםיהוה יבקש אתעון ישראל ואיננו ואתחטאת יהודה ולא תמצאינה כי אסלח לאשר אשאיר&nbsp;<span class=""mam-spi-pe"">{פ}</span><br>","In those days and at that time—declares  GOD—The iniquity of Israel shall be sought,And there shall be none;The sins of Judah,And none shall be found;For I will pardon those I allow to survive.",Ninguno
Jeremiah,50,21,"עלהארץ מרתים עלה עליה ואליושבי פקוד חרב והחרם אחריהם נאםיהוה ועשה ככל אשר צויתיך&nbsp;<span class=""mam-spi-samekh"">{ס}</span>&nbsp;&nbsp;&nbsp;&nbsp;&nbsp;&nbsp;&nbsp;&nbsp;",Advance against her—the land of Merathaimhthe land of Merathaim Meaning of Heb. uncertain.—And against the inhabitants of Pekod;Ruin and destroy after them to the last—says  GOD—Do just as I have commanded you.,Ninguno
Jeremiah,50,22,קול מלחמה בארץ ושבר גדול,Hark! War in the landAnd vast destruction!,Ninguno
Jeremiah,50,23,איך נגדע וישבר פטיש כלהארץ איך היתה לשמה בבל בגוים,How the hammer of the whole earthHas been hacked and shattered!How Babylon has becomeAn appallment among the nations!,Ninguno
Jeremiah,50,24,יקשתי לך וגםנלכדת בבל ואת לא ידעת נמצאת וגםנתפשת כי ביהוה התגרית,"I set a snare for you, O Babylon,And you were trapped unawares;You were found and caught,Because you challenged  GOD.",Percepción (Yada)
Jeremiah,50,25,פתח יהוה אתאוצרו ויוצא אתכלי זעמו כימלאכה היא לאדני יהוה צבאות בארץ כשדים," 
GOD
  has opened the divine armoryAnd brought out the weapons of wrath;For that is the taskOf my Sovereign  GOD of HostsIn the land of the Chaldeans.",Ninguno
Jeremiah,50,26,באולה מקץ פתחו מאבסיה סלוה כמוערמים והחרימוה אלתהילה שארית,"Come against her from every quarter;ifrom every quarter Meaning of Heb. uncertain. Break open her granaries,Pile her up like heaps of grain,jPile her up like heaps of grain Meaning of Heb. uncertain. And destroy her, let her have no remnant!",Ninguno
Jeremiah,50,27,"חרבו כלפריה ירדו לטבח הוי עליהם כיבא יומם עת פקדתם&nbsp;<span class=""mam-spi-samekh"">{ס}</span>&nbsp;&nbsp;&nbsp;&nbsp;&nbsp;&nbsp;&nbsp;&nbsp;","Destroy allkDestroy all Emendation yields “A sword against”; cf. vv. 35ff. her bulls,Let them go down to slaughter.Alas for them, their day is come,The hour of their doom!",Ninguno
Jeremiah,50,28,קול נסים ופלטים מארץ בבל להגיד בציון אתנקמת יהוה אלהינו נקמת היכלו,"Hark! fugitives are escapingFrom the land of Babylon,To tell in Zion of the vengeance of  the ETERNAL our God,Vengeance for the holylthe holy Lit. “His.” temple.",Ninguno
Jeremiah,50,29,"השמיעו אלבבל&thinsp;<small></small>&thinsp;רבים כלדרכי קשת חנו עליה סביב אליהי<span class=""mam-kq-q"">[לה]</span> פליטה שלמולה כפעלה ככל אשר עשתה עשולה כי אליהוה זדה אלקדוש ישראל","Summon archers against Babylon,All who draw the bow!Encamp against her round about,Let none of her people escape.Pay her back for her actions,Do to her just what she has done;For she has acted insolently against  GOD,The Holy One of Israel.",Ninguno
Jeremiah,50,30,"לכן יפלו בחוריה ברחבתיה וכלאנשי מלחמתה ידמו ביום ההוא נאםיהוה&nbsp;<span class=""mam-spi-pe"">{פ}</span><br>","Assuredly, her young men shall fall in her squares,And all her warriors shall perish in that day—declares  GOD.",Ninguno
Jeremiah,50,31,הנני אליך זדון נאםאדני יהוה צבאות כי בא יומך עת פקדתיך,"I am going to deal with you, O Insolence—declares my Sovereign  GOD of Hosts—For your day is come, the time when I doom you:",Ninguno
Jeremiah,50,32,"וכשל זדון ונפל ואין לו מקים והצתי אש בעריו ואכלה כלסביבתיו&nbsp;<span class=""mam-spi-samekh"">{ס}</span>&nbsp;&nbsp;&nbsp;&nbsp;&nbsp;&nbsp;&nbsp;&nbsp;","Insolence shall stumble and fall,With none to raise her up.I will set her cities on fire,And it shall consume everything around her.",Ninguno
Jeremiah,50,33,כה אמר יהוה צבאות עשוקים בניישראל ובנייהודה יחדו וכלשביהם החזיקו בם מאנו שלחם,"Thus said  GOD of Hosts:The people of Israel are oppressed,And so too the people of Judah;All their captors held them,They refused to let them go.",Ninguno
Jeremiah,50,34,גאלם&thinsp;<b></b> חזק יהוה צבאות שמו ריב יריב אתריבם למען הרגיע אתהארץ והרגיז לישבי בבל,"Their mighty Redeemer,Whose name is  GOD of Hosts,Will champion their cause—So as to give rest to the earth,And unrest to the inhabitants of Babylon.",Ninguno
Jeremiah,50,35,חרב עלכשדים נאםיהוה ואלישבי בבל ואלשריה ואלחכמיה,"A sword against the Chaldeans—declares  GOD—And against the inhabitants of Babylon,Against its officials and its sages!",Ninguno
Jeremiah,50,36,חרב אלהבדים ונאלו חרב אלגבוריה וחתו,"A sword against the diviners, that they be made fools of!A sword against the warriors, that they be dismayed!",Ninguno
Jeremiah,50,37,חרב אלסוסיו ואלרכבו ואלכלהערב אשר בתוכה והיו לנשים חרב אלאוצרתיה ובזזו,"A sword against its horses and chariots,And against all the motley crowd in its midst,That they become women!A sword against its treasuries, that they be pillaged!",Ninguno
Jeremiah,50,38,חרב אלמימיה ויבשו כי ארץ פסלים היא ובאימים יתהללו,"A droughtmdrought Ḥoreb, play on ḥereb, “sword” in preceding verses. against its waters, that they be dried up!For it is a land of idols;They are besotted by their dread images.ndread images Meaning of Heb. uncertain. ",Ninguno
Jeremiah,50,39,לכן ישבו ציים אתאיים וישבו בה בנות יענה ולאתשב עוד לנצח ולא תשכון עדדור ודר,"Assuredly,Wildcats and hyenasoWildcats and hyenas Meaning of Heb. uncertain. shall dwell [there],And ostriches shall dwell there;It shall never be settled again,Nor inhabited throughout the ages.",Ninguno
Jeremiah,50,40,כמהפכת אלהים אתסדם ואתעמרה ואתשכניה נאםיהוה לאישב שם איש ולאיגור בה בןאדם,"It shall be as when God overthrew Sodom and Gomorrah and their neighbors—declares GOD; nobody shall live there, no human shall sojourn there.",Ninguno
Jeremiah,50,41,הנה עם בא מצפון וגוי גדול ומלכים רבים יערו מירכתיארץ,"Lo, a people comes from the northland;A great nation and many kings are rousedFrom the remotest parts of the earth.",Ninguno
Jeremiah,50,42,קשת וכידן יחזיקו אכזרי המה ולא ירחמו קולם כים יהמה ועלסוסים ירכבו ערוך כאיש למלחמה עליך בתבבל,"They grasp the bow and javelin,They are cruel, they show no mercy;The sound of them is like the roaring sea.They ride upon horses,Accoutered like a man for battle,Against you, O Fair Babylon!",Ninguno
Jeremiah,50,43,שמע מלךבבל אתשמעם ורפו ידיו צרה החזיקתהו חיל כיולדה,"The king of Babylon has heard the report of them,And his hands are weakened;Anguish seizes him,Pangs like a woman in childbirth.",Ninguno
Jeremiah,50,44,"הנה כאריה יעלה מגאון הירדן אלנוה איתן כיארגעה <span class=""mam-kq""><span class=""mam-kq-k"">(ארוצם)</span> <span class=""mam-kq-q"">[אריצם]</span></span> מעליה ומי בחור אליה אפקד כי מי כמוני ומי יועדני ומיזה רעה אשר יעמד לפני",It shall be as when a lion comes out of the jungle of the Jordan against a secure pasture: in a moment I can harry them out of it and appoint over it anyone I choose.pI can harry them out of it and appoint over it anyone I choose See note at 49.19. Then who is like Me? Who can summon Me? Who is the shepherd that can stand up against Me? ,Ninguno
Jeremiah,50,45,לכן שמעו עצתיהוה אשר יעץ אלבבל ומחשבותיו אשר חשב אלארץ כשדים אםלא יסחבום צעירי הצאן אםלא ישים עליהם נוה,"Hear, then, the plan that GOD has devised against Babylon, and has purposed against the land of Chaldea:Surely the shepherd boysShall drag them away;Surely the pasture shall beAghast because of them.",Ninguno
Jeremiah,50,46,"מקול נתפשה בבל נרעשה הארץ וזעקה בגוים נשמע&nbsp;<span class=""mam-spi-samekh"">{ס}</span>&nbsp;&nbsp;&nbsp;&nbsp;&nbsp;&nbsp;&nbsp;&nbsp;","At the sound of Babylon’s captureThe earth quakes,And an outcry is heard among the nations.",Ninguno
Jeremiah,51,1,כה אמר יהוה הנני מעיר עלבבל ואלישבי לב קמי רוח משחית,"Thus said  GOD:See, I am rousing a destructive windAgainst Babylon and the inhabitants of Leb-kamai.aLeb-kamai A cipher for Kasdim “Chaldea.” ",Ninguno
Jeremiah,51,2,ושלחתי לבבל&thinsp;<small></small>&thinsp;זרים וזרוה ויבקקו אתארצה כיהיו עליה מסביב ביום רעה,"I will send strangersbstrangers Change of vocalization yields “winnowers.” against Babylon, and they shall winnow her.And they shall strip her land bare;They shall beset her on all sidesOn the day of disaster.",Ninguno
Jeremiah,51,3,"אלידרך <span class=""mam-kq-k"">(ידרך)</span> הדרך קשתו ואליתעל בסרינו ואלתחמלו אלבחריה החרימו כלצבאה","LetcLet Some Heb. mss. and ancient versions read “Let not” here and in next line. the archer draw his bow,And let him stand ready in his coat of mail!Show no pity to her young men,Wipe out all her host!",Ninguno
Jeremiah,51,4,ונפלו חללים בארץ כשדים ומדקרים בחוצותיה,"Let them fall slain in the land of Chaldea,Pierced through in her streets.",Ninguno
Jeremiah,51,5,כי לאאלמן ישראל ויהודה מאלהיו מיהוה צבאות כי ארצם מלאה אשם מקדוש ישראל,"For Israel and Judah were not bereftdbereft Lit. “widowed.” Of their God— GOD of Hosts,But their land was filled with guiltBefore the Holy One of Israel.",Ninguno
Jeremiah,51,6,נסו&thinsp;<b></b> מתוך בבל ומלטו איש נפשו אלתדמו בעונה כי עת נקמה היא ליהוה גמול הוא משלם לה,"Flee from the midst of BabylonAnd save your lives, each of you!Do not perish for her iniquity;For this is a time of vengeance for  GOD,Who will deal retribution to her.",Ninguno
Jeremiah,51,7,כוסזהב בבל בידיהוה משכרת כלהארץ מיינה שתו גוים עלכן יתהללו גוים,"Babylon was a golden cup in  GOD’s hand,It made the whole earth drunk;The nations drank of her wine—That is why the nations are mad.",Ninguno
Jeremiah,51,8,פתאם נפלה בבל ותשבר הילילו עליה קחו צרי למכאובה אולי תרפא,Suddenly Babylon has fallen and is shattered;Howl over her!Get balm for her wounds:Perhaps she can be healed.,Ninguno
Jeremiah,51,9,רפאנו אתבבל ולא נרפתה עזבוה ונלך איש לארצו כינגע אלהשמים משפטה ונשא עדשחקים,"We tried to cure BabylonBut she was incurable.Let us leave her and go,Each to our own land;For her punishment reaches to heaven,It is as high as the sky.",Ninguno
Jeremiah,51,10,"הוציא יהוה אתצדקתינו באו ונספרה בציון אתמעשה יהוה אלהינו&nbsp;<span class=""mam-spi-samekh"">{ס}</span>&nbsp;&nbsp;&nbsp;&nbsp;&nbsp;&nbsp;&nbsp;&nbsp;"," 
GOD
  has proclaimed our vindication;Come, let us recount in ZionThe deeds of  the ETERNAL our God.",Ninguno
Jeremiah,51,11,הברו החצים מלאו השלטים העיר יהוה אתרוח מלכי מדי כיעלבבל מזמתו להשחיתה כינקמת יהוה היא נקמת היכלו,"Polish the arrows,Fill the quivers! 
GOD
  has roused the spirit of the kings of Media,For the divine plan against Babylon is to destroy her.This is GOD’s vengeance,Vengeance for the holyethe holy Lit. “His.” temple.",Ninguno
Jeremiah,51,12,אלחומת בבל שאונס החזיקו המשמר הקימו שמרים הכינו הארבים כי גםזמם יהוה גםעשה את אשרדבר אלישבי בבל,Raise a standard against the walls of Babylon!Set up a blockade; station watchmen;Prepare those in ambush.For  GOD has both planned and performedWhat was decreed against the inhabitants of Babylon.,Ninguno
Jeremiah,51,13,"<span class=""mam-kq""><span class=""mam-kq-k"">(שכנתי)</span> <span class=""mam-kq-q"">[שכנת]</span></span> עלמים רבים רבת אוצרת בא קצך אמת בצעך","O you who dwell by great waters,With vast storehouses,Your time is come, the hour of your end.fthe hour of your end Meaning of Heb. uncertain. ",Ninguno
Jeremiah,51,14,"נשבע יהוה צבאות בנפשו כי אםמלאתיך אדם כילק וענו עליך הידד&nbsp;<span class=""mam-spi-samekh"">{ס}</span>&nbsp;&nbsp;&nbsp;&nbsp;&nbsp;&nbsp;&nbsp;&nbsp;"," 
GOD
  of Hosts has wholeheartedly sworn:I will fill you with enemiesgenemies Lit. “people.” like a locust swarm,They will raise a shout against you.",Ninguno
Jeremiah,51,15,עשה ארץ בכחו מכין תבל בחכמתו ובתבונתו נטה שמים,"[God] made the earth by might,Established the world by wisdom,And with understanding stretched out the skies.",Ninguno
Jeremiah,51,16,לקול תתו המון מים בשמים ויעל נשאים מקצהארץ ברקים למטר עשה ויוצא רוח מאצרתיו,"When [God] bellows,hWhen [God] bellows Lit. “At the sound of His making.” There is a rumbling of waters in the skies;Vapors rise from the end of the earth,Lightning accompanies the rain,And wind is brought forth from God’s treasuries.",Ninguno
Jeremiah,51,17,נבער כלאדם מדעת הביש כלצרף מפסל כי שקר נסכו ולארוח בם,"Every mortal is proved dull, without knowledge;Every goldsmith is put to shame because of the idol,For their molten images are a deceit—There is no breath in them.",Ninguno
Jeremiah,51,18,הבל המה מעשה תעתעים בעת פקדתם יאבדו,"They are delusion, a work of mockery;In their hour of doom, they shall perish.",Ninguno
Jeremiah,51,19,"לאכאלה חלק יעקוב כייוצר הכל הוא ושבט נחלתו יהוה צבאות שמו&nbsp;<span class=""mam-spi-pe"">{פ}</span><br>","Not like these is the Portion of Jacob—The One who formed all things,With Israel as a permanent possession—Whose name is  GOD of Hosts.",Ninguno
Jeremiah,51,20,מפץאתה לי כלי מלחמה ונפצתי בך גוים והשחתי בך ממלכות,"You are My war club, [My] weapons of battle;With you I clubbed nations,With you I destroyed kingdoms;",Ninguno
Jeremiah,51,21,ונפצתי בך סוס ורכבו ונפצתי בך רכב ורכבו,"With you I clubbed horse and rider,With you I clubbed chariot and driver,",Ninguno
Jeremiah,51,22,ונפצתי בך איש ואשה ונפצתי בך זקן ונער ונפצתי בך בחור ובתולה,"With you I clubbed man and woman,With you I clubbed graybeard and boy,With you I clubbed youth and maiden;",Ninguno
Jeremiah,51,23,ונפצתי בך רעה ועדרו ונפצתי בך אכר וצמדו ונפצתי בך פחות וסגנים,"With you I clubbed shepherd and flock,With you I clubbed plower and team,With you I clubbed governors and prefects.",Ninguno
Jeremiah,51,24,"ושלמתי לבבל ולכל&thinsp;<b></b> יושבי כשדים את כלרעתם אשרעשו בציון לעיניכם נאם יהוה&nbsp;<span class=""mam-spi-samekh"">{ס}</span>&nbsp;&nbsp;&nbsp;&nbsp;&nbsp;&nbsp;&nbsp;&nbsp;",But I will requite Babylon and all the inhabitants of ChaldeaFor all the wicked things they did to Zion before your eyes—declares  GOD.,Ninguno
Jeremiah,51,25,הנני אליך הר המשחית נאםיהוה המשחית אתכלהארץ ונטיתי אתידי עליך וגלגלתיך מןהסלעים ונתתיך להר שרפה,"See, I will deal with you, O mountain of the destroyer—declares  GOD—Destroyer of the whole earth!I will stretch out My hand against youAnd roll you down from the crags,And make you a burnt-out mountain.",Ninguno
Jeremiah,51,26,ולאיקחו ממך אבן לפנה ואבן למוסדות כישממות עולם תהיה נאםיהוה,They shall never take from youA cornerstone or foundation stone;You shall be a desolation for all time—declares  GOD.,Ninguno
Jeremiah,51,27,שאונס בארץ תקעו שופר בגוים קדשו עליה גוים השמיעו עליה ממלכות אררט מני ואשכנז פקדו עליה טפסר העלוסוס כילק סמר,"Raise a standard on earth,Sound a horn among the nations,Appoint nations against her,Assemble kingdoms against her—Ararat, Minni, and Ashkenaz—Designate a marshal against her,Bring up horses like swarmingiswarming Meaning of Heb. uncertain. locusts!",Ninguno
Jeremiah,51,28,קדשו עליה גוים אתמלכי מדי אתפחותיה ואתכלסגניה ואת כלארץ ממשלתו,"Appoint nations for war against her—The kings of Media,Her governors and all her prefects,And all the lands they rule!",Ninguno
Jeremiah,51,29,ותרעש הארץ ותחל כי קמה עלבבל מחשבות יהוה לשום אתארץ בבל לשמה מאין יושב,"Then the earth quakes and writhes,For  GOD’s purpose is fulfilled against Babylon,To make the land of BabylonA waste without inhabitant.",Ninguno
Jeremiah,51,30,חדלו גבורי בבל להלחם ישבו במצדות נשתה גבורתם היו לנשים הציתו משכנתיה נשברו בריחיה,"The warriors of Babylon stop fighting,They sit in the strongholds,Their might is dried up,They become women.Her dwellings are set afire,Her bars are broken.",Ninguno
Jeremiah,51,31,רץ לקראתרץ ירוץ ומגיד לקראת מגיד להגיד למלך בבל כינלכדה עירו מקצה,"Runner dashes to meet runner,Messenger to meet messenger,To report to the king of BabylonThat his city is captured, from end to end.",Ninguno
Jeremiah,51,32,"והמעברות נתפשו ואתהאגמים שרפו באש ואנשי המלחמה נבהלו&nbsp;<span class=""mam-spi-samekh"">{ס}</span>&nbsp;&nbsp;&nbsp;&nbsp;&nbsp;&nbsp;&nbsp;&nbsp;","The fords are captured,And the swamp thicketsjthickets Meaning of Heb. uncertain. are consumed in fire;And the warriors are in panic.",Ninguno
Jeremiah,51,33,כי כה אמר יהוה צבאות אלהי ישראל בתבבל כגרן עת הדריכה עוד מעט ובאה עתהקציר לה,"For thus said  GOD of Hosts, the God of Israel:Fair Babylon is like a threshing floorReady to be trodden;In a little while her harvesttime will come.",Ninguno
Jeremiah,51,34,"<span class=""mam-kq""><span class=""mam-kq-k"">(אכלנו)</span> <span class=""mam-kq-q"">[אכלני]</span></span> <span class=""mam-kq""><span class=""mam-kq-k"">(הממנו)</span> <span class=""mam-kq-q"">[הממני]</span></span> נבוכדראצר מלך בבל <span class=""mam-kq""><span class=""mam-kq-k"">(הציגנו)</span> <span class=""mam-kq-q"">[הציגני]</span></span> כלי ריק <span class=""mam-kq""><span class=""mam-kq-k"">(בלענו)</span> <span class=""mam-kq-q"">[בלעני]</span></span> כתנין מלא כרשו מעדני <span class=""mam-kq""><span class=""mam-kq-k"">(הדיחנו)</span> <span class=""mam-kq-q"">[הדיחני]</span></span>","“Nebuchadrezzar king of BabylonDevoured me and discomfited me;He swallowed me like a dragon,He filled his belly with my dainties,And set me down like an empty dish;Then he rinsed me out.krinsed me out Meaning of Heb. uncertain. ",Ninguno
Jeremiah,51,35,"חמסי ושארי עלבבל תאמר ישבת ציון ודמי אלישבי כשדים תאמר ירושל͏ם&nbsp;<span class=""mam-spi-samekh"">{ס}</span>&nbsp;&nbsp;&nbsp;&nbsp;&nbsp;&nbsp;&nbsp;&nbsp;","Let the violence done me and my kindredBe upon Babylon,”Says the inhabitant of Zion;“And let my blood be upon the inhabitants of Chaldea,”Says Jerusalem.",Ninguno
Jeremiah,51,36,לכן כה אמר יהוה הננירב אתריבך ונקמתי אתנקמתך והחרבתי אתימה והבשתי אתמקורה,"Assuredly, thus said  GOD:I am going to uphold your causeAnd take vengeance for you;I will dry up her seaAnd make her fountain run dry.",Ninguno
Jeremiah,51,37,והיתה בבל&thinsp;<small></small>&thinsp;לגלים&thinsp;<small></small>&thinsp;מעוןתנים שמה ושרקה מאין יושב,"Babylon shall become rubble,A den for jackals,An object of horror and hissing,lhissing See note at 18.16. Without inhabitant.",Ninguno
Jeremiah,51,38,יחדו ככפרים ישאגו נערו כגורי אריות,"Like lions, they roar together,They growl like lion cubs.",Ninguno
Jeremiah,51,39,בחמם אשית אתמשתיהם והשכרתים למען יעלזו וישנו שנתעולם ולא יקיצו נאם יהוה,"When they are heated, I will set out their drinkAnd get them drunk, that they may become hilariousmWhen they are heated, I will set out their drink / And get them drunk, that they may become hilarious Emendation yields “With poison [so Syriac] will I set out their drink / And get them drunk till they fall unconscious” (so ancient versions). And then sleep an endless sleep,Never to awake—declares  GOD.",Ninguno
Jeremiah,51,40,אורידם ככרים לטבוח כאילים עםעתודים,"I will bring them down like lambs for slaughter,Like rams and he-goats.",Ninguno
Jeremiah,51,41,איך נלכדה ששך ותתפש תהלת כלהארץ איך היתה לשמה בבל בגוים,"How has SheshachnSheshach See note at 25.26. been captured,The praise of the whole earth been taken!How has Babylon becomeA horror to the nations!",Ninguno
Jeremiah,51,42,עלה עלבבל הים בהמון גליו נכסתה,"The sea has risen over Babylon,She is covered by its roaring waves.",Ninguno
Jeremiah,51,43,היו עריה לשמה ארץ ציה וערבה ארץ לאישב בהן כלאיש ולאיעבר בהן בןאדם,"Her towns are a desolation,A land of desert and steppe,A land nobody at all lives inAnd no human passes through.",Ninguno
Jeremiah,51,44,ופקדתי עלבל בבבל והצאתי אתבלעו מפיו ולאינהרו אליו עוד גוים גםחומת בבל נפלה,"And I will deal with Bel in Babylon,And make him disgorge what he has swallowed,And nations shall no more gaze on him with joy.Even the wall of Babylon shall fall.",Ninguno
Jeremiah,51,45,צאו מתוכה עמי ומלטו איש אתנפשו מחרון אףיהוה,"Depart from there, O My people,Save your lives, each of you,From GOD’s furious anger.",Ninguno
Jeremiah,51,46,ופןירך לבבכם ותיראו בשמועה הנשמעת בארץ ובא בשנה השמועה ואחריו בשנה השמועה וחמס בארץ ומשל עלמשל,"Do not be downhearted or afraidAt the rumors heard in the land:A rumor will come one year,And another rumor the next yearOf violence in the land,And of ruler against ruler.",Ninguno
Jeremiah,51,47,לכן הנה ימים באים ופקדתי עלפסילי בבל וכלארצה תבוש וכלחלליה יפלו בתוכה,"Assuredly, days are coming,When I will deal with Babylon’s images;Her whole land shall be shamed,And all her slain shall fall in her midst.",Ninguno
Jeremiah,51,48,ורננו עלבבל שמים וארץ וכל אשר בהם כי מצפון יבואלה השודדים נאםיהוה,Heavens and earth and all that is in themShall shout over Babylon;For the ravagers shall come upon her from the north—declares  GOD.,Ninguno
Jeremiah,51,49,גםבבל לנפל חללי ישראל גםלבבל נפלו חללי כלהארץ,"Yes, Babylon is to fall[For] the slain of Israel,As the slain of all the earthHave fallen through Babylon.",Ninguno
Jeremiah,51,50,פלטים מחרב הלכו אלתעמדו זכרו מרחוק אתיהוה וירושל͏ם תעלה עללבבכם,"You fugitives from the sword,Go, don’t delay!Remember  GOD from afar,And call Jerusalem to mind.",Ninguno
Jeremiah,51,51,"בשנו כישמענו חרפה כסתה כלמה פנינו כי באו זרים עלמקדשי בית יהוה&nbsp;<span class=""mam-spi-pe"">{פ}</span><br>","“We were shamed, we heard taunts;Humiliation covered our faces,When aliens enteredThe sacred areas of  GOD’s House.”",Ninguno
Jeremiah,51,52,לכן הנהימים באים נאםיהוה ופקדתי עלפסיליה ובכלארצה יאנק חלל,"Assuredly, days are coming—declares  GOD—When I will deal with her images,And throughout her land the dying shall groan.",Ninguno
Jeremiah,51,53,"כיתעלה בבל השמים וכי תבצר מרום עזה מאתי יבאו שדדים לה נאםיהוה&nbsp;<span class=""mam-spi-samekh"">{ס}</span>&nbsp;&nbsp;&nbsp;&nbsp;&nbsp;&nbsp;&nbsp;&nbsp;","Though Babylon should climb to the skies,Though she fortify her strongholds up to heaven,The ravagers would come against her from Me—declares  GOD.",Ninguno
Jeremiah,51,54,קול זעקה מבבל ושבר גדול מארץ כשדים,"Hark! an outcry from Babylon,Great destruction from the land of the Chaldeans.",Ninguno
Jeremiah,51,55,כישדד יהוה אתבבל ואבד ממנה קול גדול והמו גליהם כמים רבים נתן שאון קולם,"For  GOD is ravaging Babylon;He will put an end to her great din,Whose roar is like waves of mighty waters,Whose tumultuous noise resounds.",Ninguno
Jeremiah,51,56,כי בא עליה עלבבל שודד ונלכדו גבוריה חתתה קשתותם כי אל גמלות יהוה שלם ישלם,"For a ravager is coming upon Babylon,Her warriors shall be captured, their bows shall be snapped.For  the ETERNAL is a God of requital—Who deals retribution.",Ninguno
Jeremiah,51,57,"והשכרתי שריה וחכמיה פחותיה וסגניה וגבוריה וישנו שנתעולם ולא יקיצו נאםהמלך יהוה צבאות שמו&nbsp;<span class=""mam-spi-samekh"">{ס}</span>&nbsp;&nbsp;&nbsp;&nbsp;&nbsp;&nbsp;&nbsp;&nbsp;","I will make her officials and her sages drunk,Her governors and prefects and warriors;And they shall sleep an endless sleep,Never to awaken—declares the KingoKing See note at 46.18. whose name is GOD of Hosts.",Ninguno
Jeremiah,51,58,"כהאמר יהוה צבאות חמות בבל הרחבה ערער תתערער ושעריה הגבהים באש יצתו ויגעו עמים בדיריק ולאמים בדיאש ויעפו&nbsp;<span class=""mam-spi-samekh"">{ס}</span>&nbsp;&nbsp;&nbsp;&nbsp;&nbsp;&nbsp;&nbsp;&nbsp;","Thus said  GOD of Hosts:Babylon’s broad wall shall be knocked down,And her high gates set afire.Peoples shall labor for naught,And nations have wearied themselves for fire.",Ninguno
Jeremiah,51,59,הדבר אשרצוה&thinsp;<b></b> ירמיהו הנביא אתשריה בןנריה בןמחסיה בלכתו אתצדקיהו מלךיהודה בבל בשנת הרבעית למלכו ושריה שר מנוחה,"The instructions that the prophet Jeremiah gave to Seraiah son of Neriah son of Mahseiah, when the latter went withpwith Emendation yields “at the instance of.” King Zedekiah of Judah to Babylonia, in the fourth year of [Zedekiah’s] reign. Seraiah was quartermaster.qquartermaster Meaning of Heb. uncertain. ",Ninguno
Jeremiah,51,60,ויכתב ירמיהו את כלהרעה אשרתבוא אלבבל אלספר אחד את כלהדברים האלה הכתבים אלבבל,"Jeremiah wrote down in one scroll all the disaster that would come upon Babylon, all these things that are written concerning Babylon. ",Ninguno
Jeremiah,51,61,ויאמר ירמיהו אלשריה כבאך בבל וראית וקראת את כלהדברים האלה,"And Jeremiah said to Seraiah, “When you get to Babylon, see that you read out all these words. ",Ninguno
Jeremiah,51,62,ואמרת יהוה אתה דברת אלהמקום הזה להכריתו לבלתי היותבו יושב למאדם ועדבהמה כישממות עולם תהיה,"And say, ‘O ETERNAL One, You Yourself have declared concerning this place that it shall be cut off, without inhabitants—humans or animals; that it shall be a desolation for all time.’ ",Ninguno
Jeremiah,51,63,והיה ככלתך לקרא אתהספר הזה תקשר עליו אבן והשלכתו אלתוך פרת,"And when you finish reading this scroll, tie a stone to it and hurl it into the Euphrates. ",Ninguno
Jeremiah,51,64,"ואמרת ככה תשקע בבל ולאתקום מפני הרעה אשר אנכי מביא עליה ויעפו עדהנה דברי ירמיהו&nbsp;<span class=""mam-spi-pe"">{פ}</span><br>","And say, ‘Thus shall Babylon sink and never rise again, because of the disaster that I will bring upon it. And [nations] shall have wearied themselves [for fire].’”r[for fire] Cf. v. 58, last line. Thus far the words of Jeremiah.",Ninguno
Jeremiah,52,1,"בןעשרים ואחת שנה צדקיהו במלכו ואחת עשרה שנה מלך בירושל͏ם ושם אמו <span class=""mam-kq""><span class=""mam-kq-k"">(חמיטל)</span> <span class=""mam-kq-q"">[חמוטל]</span></span> בתירמיהו מלבנה","aFor this chapter cf. chap. 39 above and 2 Kings 24–25. Zedekiah was twenty-one years old when he became king, and he reigned in Jerusalem for eleven years. His mother’s name was Hamutal, daughter of Jeremiah of Libnah. ",Ninguno
Jeremiah,52,2,ויעש הרע בעיני יהוה ככל אשרעשה יהויקם,"He did what was displeasing to GOD, just as Jehoiakim had done. ",Ninguno
Jeremiah,52,3,כי&thinsp;<b></b> עלאף יהוה היתה בירושל͏ם ויהודה עדהשליכו אותם מעל פניו וימרד צדקיהו במלך בבל,"Indeed, Jerusalem and Judah were a cause of anger for GOD, so thatbwere a cause of anger for GOD, so that Meaning of Heb. uncertain. they were cast out from the divine presence.Zedekiah rebelled against the king of Babylon. ",Ninguno
Jeremiah,52,4,ויהי בשנה התשעית למלכו בחדש העשירי בעשור לחדש בא נבוכדראצר מלךבבל הוא וכלחילו עלירושל͏ם ויחנו עליה ויבנו עליה דיק סביב,"And in the ninth year of hischis I.e., Zedekiah’s. reign, on the tenth day of the tenth month, King Nebuchadrezzar moved against Jerusalem with his whole army. They besieged it and built towers against it all around. ",Ninguno
Jeremiah,52,5,ותבא העיר במצור עד עשתי עשרה שנה למלך צדקיהו,The city continued in a state of siege until the eleventh year of King Zedekiah.,Ninguno
Jeremiah,52,6,בחדש הרביעי בתשעה לחדש ויחזק הרעב בעיר ולאהיה לחם לעם הארץ,"By the ninth day of the fourth month, the famine had become acute in the city; there was no food left for the common people.",Ninguno
Jeremiah,52,7,ותבקע העיר וכלאנשי המלחמה יברחו ויצאו מהעיר לילה דרך שער ביןהחמתים אשר עלגן המלך וכשדים עלהעיר סביב וילכו דרך הערבה,"Then [the wall of] the city was breached. All the soldiers fled; they left the city by night through the gate between the double walls, which is near the king’s garden—the Chaldeans were all around the city—and they set out for the Arabah.dset out for the Arabah See note at 39.4. ",Separación (Beyn)
Jeremiah,52,8,וירדפו חילכשדים אחרי המלך וישיגו אתצדקיהו בערבת ירחו וכלחילו נפצו מעליו,"But the Chaldean troops pursued the king, and they overtook Zedekiah in the steppes of Jericho, as his entire force left him and scattered. ",Ninguno
Jeremiah,52,9,ויתפשו אתהמלך ויעלו אתו אלמלך בבל רבלתה בארץ חמת וידבר אתו משפטים,"They captured the king and brought him before the king of Babylon at Riblah, in the region of Hamath; and he put him on trial. ",Ninguno
Jeremiah,52,10,וישחט מלךבבל אתבני צדקיהו לעיניו וגם אתכלשרי יהודה שחט ברבלתה,The king of Babylon had Zedekiah’s sons slaughtered before his eyes; he also had all the officials of Judah slaughtered at Riblah.,Ninguno
Jeremiah,52,11,"ואתעיני צדקיהו עור ויאסרהו בנחשתים ויבאהו מלךבבל בבלה ויתנהו <span class=""mam-kq""><span class=""mam-kq-k"">(בבית)</span> <span class=""mam-kq-q"">[בית]</span></span>הפקדת עדיום מותו","Then the eyes of Zedekiah were put out, and he was chained in bronze fetters. The king of Babylon brought him to Babylon and put him in prison, [where he remained] to the day of his death.",Ninguno
Jeremiah,52,12,ובחדש החמישי בעשור לחדש היא שנת תשעעשרה שנה למלך נבוכדראצר מלךבבל בא נבוזראדן רבטבחים עמד לפני מלךבבל בירושל͏ם,"On the tenth day of the fifth month—that was the nineteenth year of King Nebuchadrezzar, the king of Babylon—Nebuzaradan, the chief of the guards, came to representeto represent Lit. “he stood before.” the king of Babylon in Jerusalem. ",Ninguno
Jeremiah,52,13,וישרף אתביתיהוה ואתבית המלך ואת כלבתי ירושל͏ם ואתכלבית הגדול שרף באש,"He burned the House of GOD, the king’s palace, and all the houses of Jerusalem; he burned down the house of every notable person.fevery notable person Meaning of Heb. uncertain. ",Ninguno
Jeremiah,52,14,ואתכלחמות ירושל͏ם סביב נתצו כלחיל כשדים אשר אתרבטבחים,The entire Chaldean force that was with the chief of the guards tore down all the walls of Jerusalem on every side.,Ninguno
Jeremiah,52,15,ומדלות העם ואתיתר העם&thinsp;<b></b> הנשארים בעיר ואתהנפלים אשר נפלו אלמלך בבל ואת יתר האמון הגלה נבוזראדן רבטבחים,"The remnant of the people left in the city, the defectors who had gone over to the king of Babylon, and what remained of the artisansgwhat remained of the artisans Apparently after the deportation of 2 Kings 24.14; meaning of Heb. uncertain. were taken into exile by Nebuzaradan, the chief of the guards. But some of the poorest elements of the population— ",Ninguno
Jeremiah,52,16,ומדלות הארץ השאיר נבוזראדן רבטבחים לכרמים וליגבים,"some of the poorest in the land—were left by Nebuzaradan, the chief of the guards, to be vine-dressers and field hands.",Ninguno
Jeremiah,52,17,ואתעמודי הנחשת אשר לביתיהוה ואתהמכנות ואתים הנחשת אשר בביתיהוה שברו כשדים וישאו אתכלנחשתם בבלה,"The Chaldeans broke up the bronze columns of the House of GOD, the stands, and the bronze tank that was in the House of GOD; and they carried all the bronze away to Babylon. ",Ninguno
Jeremiah,52,18,ואתהסרות ואתהיעים ואתהמזמרות ואתהמזרקת ואתהכפות ואת כלכלי הנחשת אשרישרתו בהם לקחו,"They also took the pails, scrapers, snuffers, sprinkling bowls, ladles, and all the other bronze vessels used in the service. ",Ninguno
Jeremiah,52,19,ואתהספים ואתהמחתות ואתהמזרקות ואתהסירות ואתהמנרות ואתהכפות ואתהמנקיות אשר זהב זהב ואשרכסף כסף לקח רבטבחים,"The chief of the guards took whatever was of gold and whatever was of silver: basins, fire pans, sprinkling bowls, pails, lampstands, ladles, and jars. ",Ninguno
Jeremiah,52,20,העמודים&thinsp;<b></b> שנים הים אחד והבקר שניםעשר נחשת אשרתחת המכנות אשר עשה המלך שלמה לבית יהוה לאהיה משקל לנחשתם כלהכלים האלה,"The two columns, the one tank and the twelve bronze oxen that supported it, and the stands, which King Solomon had provided for the House of GOD—all these objects contained bronze beyond weighing. ",Ninguno
Jeremiah,52,21,"והעמודים שמנה עשרה אמה <span class=""mam-kq""><span class=""mam-kq-k"">(קומה)</span> <span class=""mam-kq-q"">[קומת]</span></span> העמד האחד וחוט שתיםעשרה אמה יסבנו ועביו ארבע אצבעות נבוב","As for the columns, each was eighteen cubits high and twelve cubits in circumference; it was hollow, and [the metal] was four fingers thick. ",Ninguno
Jeremiah,52,22,וכתרת עליו נחשת וקומת הכתרת האחת חמש אמות ושבכה ורמונים עלהכותרת סביב הכל נחשת וכאלה לעמוד השני ורמונים,"It had a bronze capital above it; the height of each capital was five cubits, and there was a meshwork [decorated] with pomegranates about the capital, all made of bronze; and so for the second column, also with pomegranates. ",Ninguno
Jeremiah,52,23,"ויהיו הרמנים תשעים וששה רוחה כלהרמונים מאה עלהשבכה סביב&nbsp;<span class=""mam-spi-samekh"">{ס}</span>&nbsp;&nbsp;&nbsp;&nbsp;&nbsp;&nbsp;&nbsp;&nbsp;",There were ninety-six pomegranates facing outward;hfacing outward Meaning of Heb. uncertain. all the pomegranates around the meshwork amounted to one hundred.,Ninguno
Jeremiah,52,24,ויקח רבטבחים אתשריה כהן הראש ואתצפניה כהן המשנה ואתשלשת שמרי הסף,"The chief of the guards also took Seraiah the chief priest and Zephaniah, the deputy priest, and the three guardians of the threshold. ",Ninguno
Jeremiah,52,25,ומןהעיר לקח סריס אחד אשרהיה פקיד&thinsp;<b></b> עלאנשי המלחמה ושבעה אנשים מראי פניהמלך אשר נמצאו בעיר ואת ספר שר הצבא המצבא אתעם הארץ וששים איש מעם הארץ הנמצאים בתוך העיר,"And from the city he took a eunuch who was in command of the soldiers; seven royal privy councillors, who were present in the city; the scribe of the army commander, who was in charge of mustering the people of the land; and sixty of the common people who were inside the city. ",Ninguno
Jeremiah,52,26,ויקח אותם נבוזראדן רבטבחים וילך אותם אלמלך בבל רבלתה,"Nebuzaradan, the chief of the guards, took them and brought them to the king of Babylon at Riblah. ",Ninguno
Jeremiah,52,27,"ויכה אותם מלך בבל וימתם ברבלה בארץ חמת ויגל יהודה מעל אדמתו&nbsp;<span class=""mam-spi-samekh"">{ס}</span>&nbsp;&nbsp;&nbsp;&nbsp;&nbsp;&nbsp;&nbsp;&nbsp;","The king of Babylon had them struck down and put to death at Riblah, in the region of Hamath.Thus Judah was exiled from its land. ",Ninguno
Jeremiah,52,28,זה העם אשר הגלה נבוכדראצר בשנתשבע יהודים שלשת אלפים ועשרים ושלשה,"This is the number of those whom Nebuchadrezzar exiled in the seventh year: 3,023 Judeans. ",Ninguno
Jeremiah,52,29,בשנת שמונה עשרה לנבוכדראצר מירושל͏ם נפש שמנה מאות שלשים ושנים,"In the eighteenth year of Nebuchadrezzar, 832 persons [were exiled] from Jerusalem. ",Ninguno
Jeremiah,52,30,"בשנת שלש ועשרים לנבוכדראצר הגלה נבוזראדן רבטבחים יהודים נפש שבע מאות ארבעים וחמשה כלנפש ארבעת אלפים ושש מאות&nbsp;<span class=""mam-spi-samekh"">{ס}</span>&nbsp;&nbsp;&nbsp;&nbsp;&nbsp;&nbsp;&nbsp;&nbsp;","And in the twenty-third year of Nebuchadrezzar, Nebuzaradan, the chief of the guards, exiled 745 Judeans. The total amounted to 4,600 persons.",Ninguno
Jeremiah,52,31,"ויהי בשלשים ושבע שנה לגלות יהויכן מלךיהודה בשנים עשר חדש בעשרים וחמשה לחדש נשא אויל מרדך מלך בבל בשנת מלכתו אתראש יהויכין מלךיהודה ויצא אתו מבית <span class=""mam-kq""><span class=""mam-kq-k"">(הכליא)</span> <span class=""mam-kq-q"">[הכלוא]</span></span>","In the thirty-seventh year of the exile of King Jehoiachin of Judah, on the twenty-fifth day of the twelfth month, King Evil-merodach of Babylon, in the year he became king, took note ofitook note of Lit. “raised the head of.” King Jehoiachin of Judah and released him from prison. ",Ninguno
Jeremiah,52,32,"וידבר אתו טבות ויתן אתכסאו ממעל לכסא <span class=""mam-kq""><span class=""mam-kq-k"">(מלכים)</span> <span class=""mam-kq-q"">[המלכים]</span></span> אשר אתו בבבל","He spoke kindly to him, and gave him a throne above those of other kings who were with him in Babylon. ",Ninguno
Jeremiah,52,33,ושנה את בגדי כלאו ואכל לחם לפניו תמיד כלימי חיו,He removed his prison garments and [Jehoiachin] ate regularly in his presence the rest of his life.,Ninguno
Jeremiah,52,34,וארחתו ארחת תמיד נתנהלו מאת מלךבבל דבריום ביומו עדיום מותו כל ימי חייו,"A regular allotment of food was given him by order of the king of Babylon, an allotment for each day, to the day of his death—all the days of his life.",Ninguno
