Libro,Capitulo,Versiculo,Hebreo_Limpio,Traduccion,Conceptos_Matriz
Joshua,1,1,ויהי אחרי מות משה עבד יהוה ויאמר יהוה אליהושע בןנון משרת משה לאמר,"After the death of Moses the servant of GOD, GOD said to Joshua son of Nun, Moses’ attendant:",Ninguno
Joshua,1,2,משה עבדי מת ועתה קום עבר אתהירדן הזה אתה וכלהעם הזה אלהארץ אשר אנכי נתן להם לבני ישראל,"“My servant Moses is dead. Prepare to cross the Jordan, together with all this people, into the land that I am giving to the Israelites. ",Ninguno
Joshua,1,3,כלמקום אשר תדרך כףרגלכם בו לכם נתתיו כאשר דברתי אלמשה,"Every spot on which your foot treads I give to you, as I promised Moses. ",Ninguno
Joshua,1,4,מהמדבר והלבנון הזה ועדהנהר הגדול נהרפרת כל ארץ החתים ועדהים הגדול מבוא השמש יהיה גבולכם,"Your territory shall extend from the wilderness and the Lebanon to the Great River, the River Euphrates [on the east]—the whole Hittite country—and up to the MediterraneanaMediterranean Heb. “Great.” Sea on the west. ",Ninguno
Joshua,1,5,לאיתיצב איש לפניך כל ימי חייך כאשר הייתי עםמשה אהיה עמך לא ארפך ולא אעזבך,"No one shall be able to resist you as long as you live. As I was with Moses, so I will be with you; I will not fail you or forsake you.",Ninguno
Joshua,1,6,חזק ואמץ כי אתה תנחיל אתהעם הזה אתהארץ אשרנשבעתי לאבותם לתת להם,"“Be strong and resolute, for you shall apportion to this people the land that I swore to their fathersbfathers Abraham, Isaac, and Jacob; see Gen. 24.7; 26.3; 50.24; Deut. 1.8. to assign to them. ",Ninguno
Joshua,1,7,רק חזק ואמץ מאד לשמר לעשות ככלהתורה אשר צוך משה עבדי אלתסור ממנו ימין ושמאול למען תשכיל בכל אשר תלך,"But you must be very strong and resolute to observe faithfully all the Teaching that My servant Moses enjoined upon you. Do not deviate from it to the right or to the left, that you may be successful wherever you go. ",Control/Derecha (Yamin)
Joshua,1,8,לאימוש ספר התורה הזה מפיך והגית בו יומם ולילה למען תשמר לעשות ככלהכתוב בו כיאז תצליח אתדרכך ואז תשכיל,"Let not this Book of the Teaching cease from your lips, but recite it day and night, so that you may observe faithfully all that is written in it. Only then will you prosper in your undertakings and only then will you be successful.",Ninguno
Joshua,1,9,"הלוא צויתיך חזק ואמץ אלתערץ ואלתחת כי עמך יהוה אלהיך בכל אשר תלך&nbsp;<span class=""mam-spi-pe"">{פ}</span><br>","“I charge you: Be strong and resolute; do not be terrified or dismayed, for the ETERNAL your God is with you wherever you go.”",Ninguno
Joshua,1,10,ויצו יהושע אתשטרי העם לאמר,Joshua thereupon gave orders to the officials of the people:,Ninguno
Joshua,1,11,"עברו&thinsp;<b></b> בקרב המחנה וצוו אתהעם לאמר הכינו לכם צידה כי בעוד&thinsp;<b></b> שלשת ימים אתם עברים אתהירדן הזה לבוא לרשת אתהארץ אשר יהוה אלהיכם נתן לכם לרשתה&nbsp;<span class=""mam-spi-pe"">{פ}</span><br>","“Go through the camp and charge the people thus: Get provisions ready, for in three days’ time you are to cross the Jordan, in order to enter and possess the land that the ETERNAL your God is giving you as a possession.”",Ninguno
Joshua,1,12,ולראובני ולגדי ולחצי שבט המנשה אמר יהושע לאמר,"Then Joshua said to the Reubenites, the Gadites, and the half-tribe of Manasseh,cthe Reubenites, the Gadites, and the half-tribe of Manasseh I.e., their leaders or householders. ",Ninguno
Joshua,1,13,זכור אתהדבר אשר צוה אתכם משה עבדיהוה לאמר יהוה אלהיכם מניח לכם ונתן לכם אתהארץ הזאת,"“Remember what Moses the servant of GOD enjoined upon you, when he said, ‘The ETERNAL your God is granting you a haven and assigning this territory to you’: ",Ninguno
Joshua,1,14,נשיכם טפכם ומקניכם ישבו בארץ אשר נתן לכם משה בעבר הירדן ואתם תעברו חמשים לפני אחיכם כל גבורי החיל ועזרתם אותם,"Let your wives, children, and livestock remain in the land that Moses assigned to you on this side ofdon this side of Lit. “across.” the Jordan; but every one of your fighting men shall go across armedearmed Meaning of Heb. uncertain. in the van of your kindred. And you shall assist them ",Ninguno
Joshua,1,15,עד אשריניח יהוה&thinsp;<small></small>&thinsp;לאחיכם ככם וירשו גםהמה אתהארץ אשריהוה אלהיכם נתן להם ושבתם לארץ ירשתכם וירשתם אותה אשר&thinsp;<b></b> נתן לכם משה עבד יהוה בעבר הירדן מזרח השמש,"until GOD has given your kindred a haven, such as you have, and they too have gained possession of the land that the ETERNAL your God has assigned to them. Then you may return to the land on the east side of the Jordan, which Moses the servant of GOD assigned to you as your possession, and you may possess it.”",Ninguno
Joshua,1,16,ויענו אתיהושע לאמר כל אשרצויתנו נעשה ואלכלאשר תשלחנו נלך,"They answered Joshua, “We will do everything you have commanded us and we will go wherever you send us. ",Ninguno
Joshua,1,17,ככל אשרשמענו אלמשה כן נשמע אליך רק יהיה יהוה אלהיך עמך כאשר היה עםמשה,We will obey you just as we obeyed Moses; let but the ETERNAL your God be with you as with Moses!,Ninguno
Joshua,1,18,"כלאיש אשרימרה אתפיך ולאישמע אתדבריך לכל אשרתצונו יומת רק חזק ואמץ&nbsp;<span class=""mam-spi-pe"">{פ}</span><br>",Anyone who flouts your commands and does not obey every order you give him shall be put to death. Only be strong and resolute!”,Ninguno
Joshua,2,1,וישלח יהושעבןנון מןהשטים שניםאנשים מרגלים חרש לאמר לכו ראו אתהארץ ואתיריחו וילכו ויבאו ביתאשה זונה ושמה רחב וישכבושמה,"Joshua son of Nun secretly sent two men from Shittim as spies, saying, “Go, reconnoiter the region of Jericho.” So they set out, and they came to the house of a certain prostitute named Rahab and lodged there. ",Ninguno
Joshua,2,2,ויאמר למלך יריחו לאמר הנה אנשים באו הנה הלילה מבני ישראל לחפר אתהארץ,"The king of Jericho was told, “Some men have come here tonight, Israelites, to spy out the country.” ",Ninguno
Joshua,2,3,וישלח מלך יריחו אלרחב לאמר הוציאי האנשים הבאים אליך אשרבאו לביתך כי לחפר אתכלהארץ באו,"The king of Jericho thereupon sent orders to Rahab: “Produce the men who came to you and entered your house, for they have come to spy out the whole country.” ",Ninguno
Joshua,2,4,ותקח האשה אתשני האנשים ותצפנו ותאמר&thinsp;<b></b> כן באו אלי האנשים ולא ידעתי מאין המה,"The woman, however, had taken the two men and hidden them. “It is true,” she said, “the men did come to me, but I didn’t know where they were from. ",Percepción (Yada)
Joshua,2,5,ויהי השער לסגור בחשך והאנשים יצאו לא ידעתי אנה הלכו האנשים רדפו מהר אחריהם כי תשיגום,"And at dark, when the gate was about to be closed, the men left; and I don’t know where the men went. Quick, go after them, for you can overtake them.”— ",Percepción (Yada)
Joshua,2,6,והיא העלתם הגגה ותטמנם בפשתי העץ הערכות לה עלהגג,Now she had taken them up to the roof and hidden them under some stalks of flax that she had lying on the roof.—,Ninguno
Joshua,2,7,והאנשים רדפו אחריהם דרך הירדן על המעברות והשער סגרו אחרי כאשר יצאו הרדפים אחריהם,So the men pursued them in the direction of the Jordan down to the fords; and no sooner had the pursuers gone out than the gate was shut behind them.,Ninguno
Joshua,2,8,והמה טרם ישכבון והיא עלתה עליהם עלהגג,The spiesaThe spies Heb. “They.” had not yet gone to sleep when she came up to them on the roof. ,Ninguno
Joshua,2,9,ותאמר אלהאנשים ידעתי כינתן יהוה לכם אתהארץ וכינפלה אימתכם עלינו וכי נמגו כלישבי הארץ מפניכם,"She said to the men, “I know that GOD has given the country to you, because dread of you has fallen upon us, and all the inhabitants of the land are quaking before you. ",Percepción (Yada)
Joshua,2,10,כי שמענו את אשרהוביש יהוה אתמי יםסוף מפניכם בצאתכם ממצרים ואשר עשיתם לשני מלכי האמרי אשר בעבר הירדן לסיחן ולעוג אשר החרמתם אותם,"For we have heard how GOD dried up the waters of the Sea of Reeds for you when you left Egypt, and what you did to Sihon and Og, the two Amorite kings across the Jordan, whom you doomed.bdoomed I.e., placed under ḥerem, which meant the annihilation of the inhabitants. Cf. Deut. 2.34ff. ",Ninguno
Joshua,2,11,ונשמע וימס לבבנו ולאקמה עוד רוח באיש מפניכם כי יהוה אלהיכם הוא אלהים בשמים ממעל ועלהארץ מתחת,"When we heard about it, we lost heart, and no one had any more spirit left because of you; for the ETERNAL your God is the only God in heaven above and on earth below. ",Ninguno
Joshua,2,12,ועתה השבעונא לי ביהוה כיעשיתי עמכם חסד ועשיתם גםאתם עםבית אבי חסד ונתתם לי אות אמת,"Now, since I have shown loyalty to you, swear to me by GOD that you in turn will show loyalty to my family.cfamily Lit. “father’s house.” Provide me with a reliable sign ",Ninguno
Joshua,2,13,"והחיתם אתאבי ואתאמי ואתאחי ואת<span class=""mam-kq""><span class=""mam-kq-q"">[אחיותי]</span> <span class=""mam-kq-k"">(אחותי)</span></span> ואת כלאשר להם והצלתם אתנפשתינו ממות","that you will spare the lives of my father and mother, my brothers and sisters, and all who belong to them, and save us from death.” ",Ninguno
Joshua,2,14,ויאמרו לה האנשים נפשנו תחתיכם למות אם לא תגידו אתדברנו זה והיה בתתיהוה לנו אתהארץ ועשינו עמך חסד ואמת,"The men answered her, “Our lives are pledged for yours, even to death! If you do not disclose this mission of ours, we will show you true loyalty when GOD gives us the land.”",Ninguno
Joshua,2,15,ותורדם בחבל בעד החלון כי ביתה בקיר החומה ובחומה היא יושבת,She let them down by a rope through the window—for her dwelling was at the outer side of the city wall and she lived in the actual wall.,Ninguno
Joshua,2,16,ותאמר להם ההרה לכו פןיפגעו בכם הרדפים ונחבתם שמה שלשת ימים עד שוב הרדפים ואחר תלכו לדרככם,"She said to them, “Make for the hills, so that the pursuers may not come upon you. Stay there in hiding three days, until the pursuers return; then go your way.”",Ninguno
Joshua,2,17,ויאמרו אליה האנשים נקים אנחנו משבעתך הזה אשר השבעתנו,"But the men warned her, “We will be released from this oath that you have made us take ",Ninguno
Joshua,2,18,הנה אנחנו באים בארץ אתתקות חוט השני הזה תקשרי בחלון אשר הורדתנו בו ואתאביך ואתאמך ואתאחיך ואת כלבית אביך תאספי אליך הביתה,"[unless,] when we invade the country, you tie this length of crimson cord to the window through which you let us down. Bring your father, your mother, your brothers, and all your family together in your house; ",Ninguno
Joshua,2,19,והיה כל אשריצא מדלתי ביתך&thinsp;<small></small>&thinsp;החוצה דמו בראשו ואנחנו נקים וכל אשר יהיה אתך בבית דמו בראשנו אםיד תהיהבו,"and if anyone ventures outside the doors of your house, their blood will be on their head,dtheir blood will be on their head I.e., they shall be responsible for their own death. and we shall be clear. But if a hand is laid on anyone who remains in the house with you, their blood shall be on our heads. ",Ninguno
Joshua,2,20,ואםתגידי אתדברנו זה והיינו נקים משבעתך אשר השבעתנו,"And if you disclose this mission of ours, we shall likewise be released from the oath that you made us take.” ",Ninguno
Joshua,2,21,ותאמר כדבריכם כןהוא ותשלחם וילכו ותקשר אתתקות השני בחלון,"She replied, “Let it be as you say.”She sent them on their way, and they left; and she tied the crimson cord to the window.",Ninguno
Joshua,2,22,וילכו ויבאו ההרה וישבו שם שלשת ימים עדשבו הרדפים ויבקשו הרדפים בכלהדרך ולא מצאו,"They went straight to the hills and stayed there three days, until the pursuers turned back. And so the pursuers, searching all along the road, did not find them.",Ninguno
Joshua,2,23,וישבו שני האנשים וירדו מההר ויעברו ויבאו אליהושע בןנון ויספרולו את כלהמצאות אותם,Then the two men came down again from the hills and crossed over. They came to Joshua son of Nun and reported to him all that had happened to them.,Ninguno
Joshua,2,24,"ויאמרו אליהושע כינתן יהוה בידנו אתכלהארץ וגםנמגו כלישבי הארץ מפנינו&nbsp;<span class=""mam-spi-samekh"">{ס}</span>&nbsp;&nbsp;&nbsp;&nbsp;&nbsp;&nbsp;&nbsp;&nbsp;","They said to Joshua, “GOD has delivered the whole land into our power; in fact, all the inhabitants of the land are quaking before us.”",Ninguno
Joshua,3,1,וישכם יהושע בבקר ויסעו מהשטים ויבאו עדהירדן הוא וכלבני ישראל וילנו שם טרם יעברו,"Early next morning, Joshua and all the Israelites set out from Shittim and marched to the Jordan. They did not cross immediately, but spent the night there. ",Ninguno
Joshua,3,2,ויהי מקצה שלשת ימים ויעברו השטרים בקרב המחנה,"Three days later, the officials went through the camp ",Ninguno
Joshua,3,3,ויצוו אתהעם לאמר כראתכם את ארון בריתיהוה אלהיכם והכהנים הלוים נשאים אתו ואתם תסעו ממקומכם והלכתם אחריו,"and charged the people as follows: “When you see the Ark of the Covenant of the ETERNAL your God being borne by the levitical priests, you shall move forward. Follow it— ",Ninguno
Joshua,3,4,"אך&thinsp;<b></b> רחוק יהיה ביניכם ובניו כאלפים אמה במדה אלתקרבו אליו למען אשרתדעו אתהדרך אשר תלכובה כי לא עברתם בדרך מתמול שלשום&nbsp;<span class=""mam-spi-pe"">{פ}</span><br>","but keep a distance of some two thousand cubits from it, never coming any closer to it—so that you may know by what route to march, since it is a road you have not traveled before.” ",Ninguno
Joshua,3,5,ויאמר יהושע אלהעם התקדשו כי מחר יעשה יהוה בקרבכם נפלאות,"And Joshua said to the people, “Purify yourselves,aPurify yourselves See Exod. 19.10, 15. for tomorrow GOD will perform wonders in your midst.”",Ninguno
Joshua,3,6,"ויאמר יהושע אלהכהנים לאמר שאו אתארון הברית ועברו לפני העם וישאו אתארון הברית וילכו לפני העם&nbsp;<span class=""mam-spi-samekh"">{ס}</span>&nbsp;&nbsp;&nbsp;&nbsp;&nbsp;&nbsp;&nbsp;&nbsp;","Then Joshua ordered the priests, “Take up the Ark of the Covenant and advance to the head of the people.” And they took up the Ark of the Covenant and marched at the head of the people.",Ninguno
Joshua,3,7,ויאמר יהוה אליהושע היום הזה אחל גדלך בעיני כלישראל אשר ידעון כי כאשר הייתי עםמשה אהיה עמך," 
GOD
 said to Joshua, “This day, for the first time, I will exalt you in the sight of all Israel, so that they shall know that I will be with you as I was with Moses. ",Percepción (Yada)
Joshua,3,8,"ואתה תצוה אתהכהנים נשאי ארוןהברית לאמר כבאכם עדקצה מי הירדן בירדן תעמדו&nbsp;<span class=""mam-spi-pe"">{פ}</span><br>","For your part, command the priests who carry the Ark of the Covenant as follows: When you reach the edge of the waters of the Jordan, make a halt in the Jordan.”",Ninguno
Joshua,3,9,ויאמר יהושע אלבני ישראל גשו הנה ושמעו אתדברי יהוה אלהיכם,"And Joshua said to the Israelites, “Come closer and listen to the words of the ETERNAL your God. ",Ninguno
Joshua,3,10,ויאמר יהושע בזאת תדעון כי אל חי בקרבכם והורש יוריש מפניכם אתהכנעני ואתהחתי ואתהחוי ואתהפרזי ואתהגרגשי והאמרי והיבוסי,"By this,” Joshua continued, “you shall know that a living God is among you, and that [God] will dispossess for you the Canaanites, Hittites, Hivites, Perizzites, Girgashites, Amorites, and Jebusites: ",Ninguno
Joshua,3,11,הנה ארון הברית אדון כלהארץ עבר לפניכם בירדן,the Ark of the Covenant of the Sovereign of all the earth is advancing before you into the Jordan.,Ninguno
Joshua,3,12,ועתה קחו לכם שני עשר איש משבטי ישראל אישאחד אישאחד לשבט,"Now select twelve individuals from the tribes of Israel, one from each tribe. ",Ninguno
Joshua,3,13,והיה כנוח כפות רגלי הכהנים נשאי ארון יהוה אדון כלהארץ במי הירדן מי הירדן יכרתון המים הירדים מלמעלה ויעמדו נד אחד,"When the feet of the priests bearing the Ark of GOD, the Sovereign of all the earth, come to rest in the waters of the Jordan, the waters of the Jordan—the water coming from upstream—will be cut off and will stand in a single heap.”",Ninguno
Joshua,3,14,ויהי בנסע העם מאהליהם לעבר אתהירדן והכהנים נשאי הארון הברית לפני העם,"When the people set out from their encampment to cross the Jordan, the priests bearing the Ark of the Covenant were at the head of the people. ",Ninguno
Joshua,3,15,וכבוא נשאי הארון עדהירדן ורגלי הכהנים נשאי הארון נטבלו בקצה המים והירדן מלא עלכלגדותיו כל ימי קציר,"Now the Jordan keeps flowing over its entire bed throughout the harvest season. But as soon as the bearers of the Ark reached the Jordan, and the feet of the priests bearing the Ark dipped into the water at its edge, ",Ninguno
Joshua,3,16,"ויעמדו המים הירדים מלמעלה קמו נדאחד הרחק מאד <span class=""mam-kq""><span class=""mam-kq-k"">(באדם)</span> <span class=""mam-kq-q"">[מאדם]</span></span> העיר אשר מצד צרתן והירדים על ים הערבה יםהמלח תמו נכרתו והעם עברו נגד יריחו","the waters coming down from upstream piled up in a single heap a great way off, atbat So kethib; qere “from.” Adam, the town next to Zarethan; and those flowing away downstream to the Sea of the Arabah (the Dead Sea) ran out completely. So the people crossed near Jericho. ",Ninguno
Joshua,3,17,ויעמדו הכהנים נשאי הארון בריתיהוה בחרבה בתוך הירדן הכן וכלישראל עברים בחרבה עד אשרתמו כלהגוי לעבר אתהירדן,"The priests who bore the Ark of GOD’s Covenant stood on dry land exactly in the middle of the Jordan, while all Israel crossed over on dry land, until the entire nation had finished crossing the Jordan.",Ninguno
Joshua,4,1,"ויהי כאשרתמו כלהגוי לעבור אתהירדן&nbsp;<span class=""mam-spi-pe"">{פ}</span><br>ויאמר יהוה אליהושע לאמר","When the entire nation had finished crossing the Jordan, GOD said to Joshua, ",Ninguno
Joshua,4,2,קחו לכם מןהעם שנים עשר אנשים אישאחד אישאחד משבט,"“Select twelve individuals from among the people, one from each tribe, ",Ninguno
Joshua,4,3,"וצוו אותם לאמר שאולכם מזה מתוך הירדן ממצב רגלי הכהנים הכין שתיםעשרה אבנים והעברתם אותם עמכם והנחתם אותם במלון אשרתלינו בו הלילה&nbsp;<span class=""mam-spi-samekh"">{ס}</span>&nbsp;&nbsp;&nbsp;&nbsp;&nbsp;&nbsp;&nbsp;&nbsp;","and instruct them as follows: Pick up twelve stones from the spot exactly in the middle of the Jordan, where the priests’ feet are standing; take them along with you and deposit them in the place where you will spend the night.”",Ninguno
Joshua,4,4,ויקרא יהושע אלשנים העשר איש אשר הכין מבני ישראל אישאחד אישאחד משבט,"Joshua summoned the twelve men whom he had designated among the Israelites, one from each tribe; ",Ninguno
Joshua,4,5,ויאמר להם יהושע עברו לפני ארון יהוה אלהיכם אלתוך הירדן והרימו לכם איש אבן אחת עלשכמו למספר שבטי בניישראל,"and Joshua said to them, “Walk up to the Ark of the ETERNAL your God, in the middle of the Jordan, and each of you lift a stone onto his shoulder—corresponding to the number of the tribes of Israel. ",Ninguno
Joshua,4,6,למען תהיה זאת אות בקרבכם כיישאלון בניכם מחר לאמר מה האבנים האלה לכם,"This shall serve as a symbol among you: in time to come, when your children ask, ‘What is the meaning of these stones for you?’ ",Ninguno
Joshua,4,7,ואמרתם להם אשר נכרתו מימי הירדן מפני ארון בריתיהוה בעברו בירדן נכרתו מי הירדן והיו האבנים האלה לזכרון לבני ישראל עדעולם,"you shall tell them, ‘The waters of the Jordan were cut off because of the Ark of GOD’s Covenant; when it passed through the Jordan, the waters of the Jordan were cut off.’ And so these stones shall serve the people of Israel as a memorial for all time.”",Ninguno
Joshua,4,8,ויעשוכן בניישראל כאשר צוה יהושע וישאו שתיעשרה אבנים מתוך הירדן כאשר דבר יהוה אליהושע למספר שבטי בניישראל ויעברום עמם אלהמלון וינחום שם,"The Israelites did as Joshua ordered. They picked up twelve stones, corresponding to the number of the tribes of Israel, from the middle of the Jordan—as GOD had charged Joshua—and they took them along with them to their night encampment and deposited them there.",Ninguno
Joshua,4,9,ושתים עשרה אבנים הקים יהושע בתוך הירדן תחת מצב רגלי הכהנים נשאי ארון הברית ויהיו שם עד היום הזה,"Joshua also set up twelve stones in the middle of the Jordan, at the spot where the feet of the priests bearing the Ark of the Covenant had stood; and they have remained there to this day.",Ninguno
Joshua,4,10,והכהנים נשאי הארון עמדים בתוך הירדן עד תם כלהדבר אשרצוה יהוה אתיהושע לדבר אלהעם ככל אשרצוה משה אתיהושע וימהרו העם ויעברו,"The priests who bore the Ark remained standing in the middle of the Jordan until all the instructions that GOD had ordered Joshua to convey to the people had been carried out. And so the people speedily crossed over, just as Moses had assured Joshua in his charge to him.ajust as Moses had assured Joshua in his charge to him Connection of clause uncertain; cf. Deut. 31.7–8. ",Ninguno
Joshua,4,11,ויהי כאשרתם כלהעם לעבור ויעבר ארוןיהוה והכהנים לפני העם,"And when all the people finished crossing, the Ark of GOD and the priests advanced to the head of the people.",Ninguno
Joshua,4,12,ויעברו בניראובן ובניגד וחצי שבט המנשה חמשים לפני בני ישראל כאשר דבר אליהם משה,"The Reubenites, the Gadites, and the half-tribe of Manasseh went across armedbarmed Meaning of Heb. uncertain. in the van of the Israelites, as Moses had charged them.cas Moses had charged them See Num. 32.20–22. ",Ninguno
Joshua,4,13,"כארבעים אלף חלוצי הצבא עברו לפני יהוה למלחמה אל ערבות יריחו&nbsp;<span class=""mam-spi-samekh"">{ס}</span>&nbsp;&nbsp;&nbsp;&nbsp;&nbsp;&nbsp;&nbsp;&nbsp;","About forty thousand shock troops went across, at GOD’s behest, to the steppes of Jericho for battle.",Ninguno
Joshua,4,14,"ביום ההוא גדל יהוה אתיהושע בעיני כלישראל ויראו אתו כאשר יראו אתמשה כלימי חייו&nbsp;<span class=""mam-spi-pe"">{פ}</span><br>","On that day GOD exalted Joshua in the sight of all Israel, so that they revered him all his days as they had revered Moses.",Ninguno
Joshua,4,15,ויאמר יהוה אליהושע לאמר,"  GOD  said to Joshua, ",Ninguno
Joshua,4,16,צוה אתהכהנים נשאי ארון העדות ויעלו מןהירדן,“Command the priests who bear the Ark of the Pact to come up out of the Jordan.”,Ninguno
Joshua,4,17,ויצו יהושע אתהכהנים לאמר עלו מןהירדן,"So Joshua commanded the priests, “Come up out of the Jordan.” ",Ninguno
Joshua,4,18,"ויהי <span class=""mam-kq""><span class=""mam-kq-k"">(בעלות)</span> <span class=""mam-kq-q"">[כעלות]</span></span> הכהנים נשאי ארון בריתיהוה מתוך הירדן נתקו כפות רגלי הכהנים אל החרבה וישבו מיהירדן למקומם וילכו כתמולשלשום עלכלגדותיו","As soon as the priests who bore the Ark of GOD’s Covenant came up out of the Jordan, and the feet of the priests stepped onto the dry ground, the waters of the Jordan resumed their course, flowing over its entire bed as before.",Ninguno
Joshua,4,19,והעם עלו מןהירדן בעשור לחדש הראשון ויחנו בגלגל בקצה מזרח יריחו,"The people came up from the Jordan on the tenth day of the first month, and encamped at Gilgal on the eastern border of Jericho. ",Ninguno
Joshua,4,20,ואת שתים עשרה האבנים האלה אשר לקחו מןהירדן הקים יהושע בגלגל,And Joshua set up in Gilgal the twelve stones they had taken from the Jordan.,Ninguno
Joshua,4,21,ויאמר אלבני ישראל לאמר אשר ישאלון בניכם מחר אתאבותם לאמר מה האבנים האלה,"He charged the Israelites as follows: “In time to come, when your children ask their parents, ‘What is the meaning of those stones?’ ",Ninguno
Joshua,4,22,והודעתם אתבניכם לאמר ביבשה עבר ישראל אתהירדן הזה,tell your children: ‘Here the Israelites crossed the Jordan on dry land.’,Ninguno
Joshua,4,23,אשרהוביש יהוה אלהיכם אתמי הירדן מפניכם עדעברכם כאשר עשה יהוה אלהיכם ליםסוף אשרהוביש מפנינו עדעברנו,"For the ETERNAL your God dried up the waters of the Jordan before you until you crossed, just as the ETERNAL your God did to the Sea of Reeds, which dried up before us until we crossed. ",Ninguno
Joshua,4,24,"למען דעת כלעמי הארץ אתיד יהוה כי חזקה היא למען יראתם אתיהוה אלהיכם כלהימים&nbsp;<span class=""mam-spi-pe"">{פ}</span><br>","Thus all the peoples of the earth shall know how mighty is GOD’s hand, and you shall fear the ETERNAL your God always.”",Ninguno
Joshua,5,1,"ויהי כשמע כלמלכי האמרי אשר בעבר הירדן ימה וכלמלכי הכנעני אשר עלהים את אשרהוביש יהוה אתמי הירדן מפני בניישראל עד<span class=""mam-kq""><span class=""mam-kq-q"">[עברם]</span> <span class=""mam-kq-k"">(עברנו)</span></span> וימס לבבם ולאהיה בם עוד רוח מפני בני ישראל&nbsp;<span class=""mam-spi-pe"">{פ}</span><br>","When all the kings of the Amorites on the western side of the Jordan, and all the kings of the Canaanites near the Sea, heard how GOD had dried up the waters of the Jordan for the sake of the Israelites until they crossed over, they lost heart, and no spirit was left in them because of the Israelites.",Ninguno
Joshua,5,2,בעת ההיא אמר יהוה אליהושע עשה לך חרבות צרים ושוב מל אתבניישראל שנית,"At that time GOD said to Joshua, “Make flint knives and proceed with a second circumcision of the Israelites.” ",Ninguno
Joshua,5,3,ויעשלו יהושע חרבות צרים וימל אתבני ישראל אלגבעת הערלות,"So Joshua had flint knives made, and the Israelites were circumcised at Gibeath-haaraloth.aGibeath-haaraloth I.e., “the Hill of Foreskins.” ",Ninguno
Joshua,5,4,וזה הדבר אשרמל יהושע כלהעם היצא ממצרים הזכרים כל&thinsp;<b></b> אנשי המלחמה מתו במדבר בדרך בצאתם ממצרים,"This is the reason why Joshua had the circumcision performed: All the people who had come out of Egypt, all the males of military age, had died during the desert wanderings after leaving Egypt. ",Ninguno
Joshua,5,5,כימלים היו כלהעם היצאים וכלהעם הילדים במדבר בדרך בצאתם ממצרים לאמלו,"Now, whereas all such people who came out of Egypt had been circumcised, none of those born after the exodus, during the desert wanderings, had been circumcised. ",Ninguno
Joshua,5,6,כי&thinsp;<b></b> ארבעים שנה הלכו בניישראל במדבר עדתם כלהגוי אנשי המלחמה היצאים ממצרים אשר לאשמעו בקול יהוה אשר נשבע יהוה להם לבלתי הראותם אתהארץ אשר נשבע יהוה לאבותם לתת לנו ארץ זבת חלב ודבש,"For the Israelites had traveled in the wilderness forty years, until the entire nation—the men of military age who had left Egypt—had perished; because they had not obeyed GOD, and GOD had sworn never to let them see the land that GOD had sworn to their fathersbfathers See note at 1.6. to assign to us, a land flowing with milk and honey. ",Ninguno
Joshua,5,7,ואתבניהם הקים תחתם אתם מל יהושע כיערלים היו כי לאמלו אותם בדרך,"But [God] had raised up their sons in their stead; and it was these that Joshua circumcised, for they were uncircumcised, not having been circumcised on the way. ",Ninguno
Joshua,5,8,"ויהי כאשרתמו כלהגוי להמול וישבו תחתם במחנה עד חיותם&nbsp;<span class=""mam-spi-pe"">{פ}</span><br>","After the circumcising of the whole nation was completed, they remained where they were, in the camp, until they recovered.",Ninguno
Joshua,5,9,ויאמר יהוה אליהושע היום גלותי אתחרפת מצרים מעליכם ויקרא שם המקום ההוא גלגל עד היום הזה,"And GOD said to Joshua, “Today I have rolled away from you the disgrace of Egypt.”cdisgrace of Egypt I.e., of the Egyptian bondage. So that place was called Gilgal,dGilgal Interpreted as “rolling.” as it still is.",Ninguno
Joshua,5,10,ויחנו בניישראל בגלגל ויעשו אתהפסח בארבעה עשר יום לחדש בערב בערבות יריחו,"Encamped at Gilgal, in the steppes of Jericho, the Israelites offered the passover sacrifice on the fourteenth day of the month, toward evening.",Ninguno
Joshua,5,11,ויאכלו מעבור הארץ ממחרת הפסח מצות וקלוי בעצם היום הזה,"On the day after the passover offering, on that very day, they ate of the produce of the country, unleavened bread and parched grain. ",Ninguno
Joshua,5,12,"וישבת המן ממחרת באכלם מעבור הארץ ולאהיה עוד לבני ישראל מן ויאכלו מתבואת ארץ כנען בשנה ההיא&nbsp;<span class=""mam-spi-samekh"">{ס}</span>&nbsp;&nbsp;&nbsp;&nbsp;&nbsp;&nbsp;&nbsp;&nbsp;","On that same day,eOn that same day Lit. “on the day after.” when they ate of the produce of the land, the manna ceased. The Israelites got no more manna; that year they ate of the yield of the land of Canaan.",Ninguno
Joshua,5,13,ויהי בהיות יהושע ביריחו וישא עיניו וירא והנהאיש עמד לנגדו וחרבו שלופה בידו וילך יהושע אליו ויאמר לו הלנו אתה אםלצרינו,"Once, when Joshua was near Jericho, he looked up and saw a figure standing before him, drawn sword in hand. Joshua went up to him and asked him, “Are you one of us or of our enemies?” ",Ninguno
Joshua,5,14,ויאמר&thinsp;<b></b> לא כי אני שרצבאיהוה עתה באתי ויפל יהושע אלפניו ארצה וישתחו ויאמר לו מה אדני מדבר אלעבדו,"He replied, “No, I am captain of GOD’s host. Now I have come!” Joshua threw himself face down to the ground and, prostrating himself, said to him, “What does my lord command his servant?” ",Ninguno
Joshua,5,15,ויאמר שרצבא יהוה אליהושע שלנעלך מעל רגלך כי המקום אשר אתה עמד עליו קדש הוא ויעש יהושע כן,"The captain of GOD’s host answered Joshua, “Remove your sandals from your feet, for the place where you stand is holy.” And Joshua did so.",Ninguno
Joshua,6,1,"ויריחו סגרת ומסגרת מפני בני ישראל אין יוצא ואין בא&nbsp;<span class=""mam-spi-samekh"">{ס}</span>&nbsp;&nbsp;&nbsp;&nbsp;&nbsp;&nbsp;&nbsp;&nbsp;",(Now Jericho was shut up tight because of the Israelites; no one could leave or enter.),Ninguno
Joshua,6,2,ויאמר יהוה אליהושע ראה נתתי בידך אתיריחו ואתמלכה גבורי החיל," GOD aGOD I.e., the captain of 5.14–15, on GOD’s behalf; cf. Kimhi. said to Joshua, “See, I will deliver Jericho into your hands—its king and warriors. ",Ninguno
Joshua,6,3,וסבתם אתהעיר כל אנשי המלחמה הקיף אתהעיר פעם אחת כה תעשה ששת ימים,"Let all your troops march around the city and complete one circuit of the city. Do this six days, ",Ninguno
Joshua,6,4,ושבעה כהנים ישאו שבעה שופרות היובלים לפני הארון וביום השביעי תסבו אתהעיר שבע פעמים והכהנים יתקעו בשופרות,"with seven priests carrying seven ram’s horns preceding the Ark. On the seventh day, march around the city seven times, with the priests blowing the horns. ",Ninguno
Joshua,6,5,"והיה במשך&thinsp;<b></b> בקרן היובל <span class=""mam-kq""><span class=""mam-kq-k"">(בשמעכם)</span> <span class=""mam-kq-q"">[כשמעכם]</span></span> אתקול השופר יריעו כלהעם תרועה גדולה ונפלה חומת העיר תחתיה ועלו העם איש נגדו","And when a long blast is sounded on the horn—as soon as you hear that sound of the horn—all the troopsbtroops Lit. “people.” shall give a mighty shout. Thereupon the city wall will collapse, and the troops shall advance, every man straight ahead.”",Ninguno
Joshua,6,6,ויקרא יהושע בןנון אלהכהנים ויאמר אלהם שאו אתארון הברית ושבעה כהנים ישאו שבעה שופרות יובלים לפני ארון יהוה,"Joshua son of Nun summoned the priests and said to them, “Take up the Ark of the Covenant, and let seven priests carrying seven ram’s horns precede the Ark of GOD.” ",Ninguno
Joshua,6,7,"<span class=""mam-kq""><span class=""mam-kq-k"">(ויאמרו)</span> <span class=""mam-kq-q"">[ויאמר]</span></span> אלהעם עברו וסבו אתהעיר והחלוץ יעבר לפני ארון יהוה","And he instructed the troops, “Go forward, march around the city, with the vanguard marching in front of the Ark of GOD.” ",Ninguno
Joshua,6,8,ויהי כאמר יהושע אלהעם ושבעה הכהנים נשאים שבעה שופרות היובלים לפני יהוה עברו ותקעו בשופרות וארון ברית יהוה הלך אחריהם,"When Joshua had instructed the troops, the seven priests carrying seven ram’s horns advanced before GOD, blowing their horns; and the Ark of GOD’s Covenant followed them. ",Ninguno
Joshua,6,9,"והחלוץ הלך לפני הכהנים <span class=""mam-kq""><span class=""mam-kq-k"">(תקעו)</span> <span class=""mam-kq-q"">[תקעי]</span></span> השופרות והמאסף הלך אחרי הארון הלוך ותקוע בשופרות","The vanguard marched in front of the priests who were blowing the horns, and the rear guard marched behind the Ark, with the horns sounding all the time. ",Ninguno
Joshua,6,10,ואתהעם צוה יהושע לאמר לא תריעו ולאתשמיעו אתקולכם ולאיצא מפיכם דבר עד יום אמרי אליכם הריעו והריעתם,"But Joshua’s orders to the rest of the troops were, “Do not shout, do not let your voices be heard, and do not let a sound issue from your lips until the moment that I command you, ‘Shout!’ Then you shall shout.”",Ninguno
Joshua,6,11,"ויסב ארוןיהוה אתהעיר הקף פעם אחת ויבאו המחנה וילינו במחנה&nbsp;<span class=""mam-spi-pe"">{פ}</span><br>",So he had the Ark of GOD go around the city and complete one circuit; then they returned to camp and spent the night in camp.,Ninguno
Joshua,6,12,וישכם יהושע בבקר וישאו הכהנים אתארון יהוה,"Joshua rose early the next day; and the priests took up the Ark of GOD, ",Ninguno
Joshua,6,13,"ושבעה הכהנים נשאים שבעה שופרות היבלים לפני ארון יהוה הלכים הלוך ותקעו בשופרות והחלוץ הלך לפניהם והמאסף הלך אחרי ארון יהוה <span class=""mam-kq""><span class=""mam-kq-k"">(הולך)</span> <span class=""mam-kq-q"">[הלוך]</span></span> ותקוע בשופרות","while the seven priests bearing the seven ram’s horns marched in front of the Ark of GOD, blowing the horns as they marched. The vanguard marched in front of them, and the rear guard marched behind the Ark of GOD, with the horns sounding all the time. ",Ninguno
Joshua,6,14,ויסבו אתהעיר ביום השני פעם אחת וישבו המחנה כה עשו ששת ימים,And so they marched around the city once on the second day and returned to the camp. They did this six days.,Ninguno
Joshua,6,15,ויהי&thinsp;<b></b> ביום השביעי וישכמו כעלות השחר ויסבו אתהעיר כמשפט הזה שבע פעמים רק ביום ההוא סבבו אתהעיר שבע פעמים,"On the seventh day, they rose at daybreak and marched around the city, in the same manner, seven times; that was the only day that they marched around the city seven times. ",Ninguno
Joshua,6,16,ויהי בפעם השביעית תקעו הכהנים בשופרות ויאמר יהושע אלהעם הריעו כינתן יהוה לכם אתהעיר,"On the seventh round, as the priests blew the horns, Joshua commanded the troops, “Shout! For GOD has given you the city. ",Ninguno
Joshua,6,17,והיתה העיר חרם היא וכלאשרבה ליהוה רק רחב הזונה תחיה היא וכלאשר אתה בבית כי החבאתה אתהמלאכים אשר שלחנו,"The city and everything in it are to be proscribed for GOD; only Rahab the prostitute is to be spared, and all who are with her in the house, because she hid the messengers we sent. ",Ninguno
Joshua,6,18,ורקאתם שמרו מןהחרם פןתחרימו ולקחתם מןהחרם ושמתם אתמחנה ישראל לחרם ועכרתם אותו,"But you must beware of that which is proscribed, or else you will be proscribed:cbe proscribed I.e., be put to death; cf. Lev. 27.28–29. if you take anything from that which is proscribed, you will cause the camp of Israel to be proscribed; you will bring calamity upon it. ",Ninguno
Joshua,6,19,וכל&thinsp;<b></b> כסף וזהב וכלי נחשת וברזל קדש הוא ליהוה אוצר יהוה יבוא,All the silver and gold and objects of copper and iron are consecrated to GOD; they must go into the treasury of GOD.”,Ninguno
Joshua,6,20,וירע העם ויתקעו בשפרות ויהי כשמע העם אתקול השופר ויריעו העם תרועה גדולה ותפל החומה תחתיה ויעל העם העירה איש נגדו וילכדו אתהעיר,"So the troops shouted when the horns were sounded. When the troops heard the sound of the horns, they raised a mighty shout and the wall collapsed. The troops rushed into the city, every man straight in front of him, and they captured the city. ",Ninguno
Joshua,6,21,ויחרימו אתכלאשר בעיר מאיש ועדאשה מנער ועדזקן ועד שור ושה וחמור לפיחרב,"They exterminated everything in the city with the sword: man and woman, young and old, ox and sheep and donkey. ",Ninguno
Joshua,6,22,ולשנים האנשים המרגלים אתהארץ אמר יהושע באו ביתהאשה הזונה והוציאו משם אתהאשה ואתכלאשרלה כאשר נשבעתם לה,"But Joshua bade the two men who had spied out the land, “Go into that prostitute’s house and bring out the woman and all that belong to her, as you swore to her.” ",Ninguno
Joshua,6,23,ויבאו הנערים המרגלים ויציאו אתרחב ואתאביה ואתאמה ואתאחיה ואתכלאשרלה ואת כלמשפחותיה הוציאו ויניחום מחוץ למחנה ישראל,"So the young spies went in and brought out Rahab, her father and her mother, her brothers and all that belonged to her—they brought out her whole family and left them outside the camp of Israel.",Ninguno
Joshua,6,24,והעיר שרפו באש וכלאשרבה רק&thinsp;<b></b> הכסף והזהב וכלי הנחשת והברזל נתנו אוצר ביתיהוה,They burned down the city and everything in it. But the silver and gold and the objects of copper and iron were deposited in the treasury of the House of GOD.,Ninguno
Joshua,6,25,"ואתרחב הזונה ואתבית אביה ואתכלאשרלה החיה יהושע ותשב בקרב ישראל עד היום הזה כי החביאה אתהמלאכים אשרשלח יהושע לרגל אתיריחו&nbsp;<span class=""mam-spi-pe"">{פ}</span><br>","Only Rahab the prostitute and her familydfamily Lit. “father’s house.” were spared by Joshua, along with all that belonged to her, and she dwelt among the Israelites—as is still the case. For she had hidden the messengers that Joshua sent to spy out Jericho.",Ninguno
Joshua,6,26,"וישבע יהושע בעת ההיא לאמר ארור האיש לפני יהוה אשר יקום ובנה אתהעיר הזאת אתיריחו בבכרו ייסדנה ובצעירו יציב דלתיה&nbsp;<span class=""mam-spi-samekh"">{ס}</span>&nbsp;&nbsp;&nbsp;&nbsp;&nbsp;&nbsp;&nbsp;&nbsp;","At that time Joshua pronounced this oath: “Anyone who undertakes to fortify this city of Jericho is hereby under GOD’s curse: its foundations shall be laid at the cost of their first-born, and its gates set up at the cost of their youngest.”",Ninguno
Joshua,6,27,ויהי יהוה אתיהושע ויהי שמעו בכלהארץ,"  GOD  was with Joshua, and his fame spread throughout the land.",Ninguno
Joshua,7,1,"וימעלו בניישראל מעל בחרם ויקח עכן בןכרמי בןזבדי בןזרח למטה יהודה מןהחרם ויחראף יהוה בבני ישראל&nbsp;<span class=""mam-spi-samekh"">{ס}</span>&nbsp;&nbsp;&nbsp;&nbsp;&nbsp;&nbsp;&nbsp;&nbsp;","The Israelites, however, violated the proscription: Achan son of Carmi son of Zabdi son of Zerah, of the tribe of Judah, took of that which was proscribed, and GOD was incensed with the Israelites.",Ninguno
Joshua,7,2,וישלח יהושע אנשים מיריחו העי אשר עםבית און מקדם לביתאל ויאמר אליהם לאמר עלו ורגלו אתהארץ ויעלו האנשים וירגלו אתהעי,"Joshua sent some men from Jericho to Ai, which lies close to Beth-aven—east of Bethel—with orders to go up and spy out the country. So the men went up and spied out Ai. ",Ninguno
Joshua,7,3,וישבו אליהושע ויאמרו אליו אליעל כלהעם כאלפים איש או כשלשת אלפים איש יעלו ויכו אתהעי אלתיגעשמה אתכלהעם כי מעט המה,"They returned to Joshua and reported to him, “Not all the troops need go up. Let two or three thousand men go and attack Ai; do not trouble all the troops to go up there, for [the people] there are few.” ",Ninguno
Joshua,7,4,ויעלו מןהעם שמה כשלשת אלפים איש וינסו לפני אנשי העי,So about three thousand of the troops marched up there; but they were routed by the men of Ai.,Ninguno
Joshua,7,5,ויכו מהם אנשי העי כשלשים וששה איש וירדפום לפני השער עדהשברים ויכום במורד וימס לבבהעם ויהי למים,"The men of Ai killed about thirty-six of them, pursuing them outside the gate as far as Shebarim, and cutting them down along the descent. And the heart of the troops sank in utter dismay.asank in utter dismay Lit. “melted and turned to water.” ",Ninguno
Joshua,7,6,ויקרע יהושע שמלתיו ויפל עלפניו ארצה לפני ארון יהוה עדהערב הוא וזקני ישראל ויעלו עפר עלראשם,Joshua thereupon rent his clothes. He and the elders of Israel lay until evening with their faces to the ground in front of the Ark of GOD; and they strewed earth on their heads.,Ninguno
Joshua,7,7,ויאמר יהושע אהה&thinsp;<b></b> אדני יהוה למה העברת העביר אתהעם הזה אתהירדן לתת אתנו ביד האמרי להאבידנו ולו הואלנו ונשב בעבר הירדן,"“Ah, my Sovereign GOD!” cried Joshua. “Why did You lead this people across the Jordan only to deliver us into the hands of the Amorites, to be destroyed by them? If only we had been content to remain on the other side of the Jordan! ",Ninguno
Joshua,7,8,בי אדני מה אמר אחרי אשר הפך ישראל ערף לפני איביו,"O my Sovereign, what can I say after Israel has turned tail before its enemies? ",Ninguno
Joshua,7,9,וישמעו הכנעני וכל ישבי הארץ ונסבו עלינו והכריתו אתשמנו מןהארץ ומהתעשה לשמך הגדול,"When the Canaanites and all the inhabitants of the land hear of this, they will turn upon us and wipe out our very name from the earth. And what will You do about Your great name?”",Ninguno
Joshua,7,10,ויאמר יהוה אליהושע קם לך למה זה אתה נפל עלפניך,But GOD answered Joshua: “Arise! Why do you lie prostrate?,Ninguno
Joshua,7,11,חטא ישראל וגם עברו אתבריתי אשר צויתי אותם וגם לקחו מןהחרם וגם גנבו וגם כחשו וגם שמו בכליהם,Israel has sinned! They have broken the covenant by which I bound them. They have taken of the proscribed and put it in their vessels; they have stolen; they have broken faith!,Ninguno
Joshua,7,12,ולא יכלו בני ישראל לקום לפני איביהם ערף יפנו לפני איביהם כי היו לחרם לא אוסיף להיות עמכם אםלא תשמידו החרם מקרבכם,"Therefore, the Israelites will not be able to hold their ground against their enemies; they will have to turn tail before their enemies, for they have become proscribed. I will not be with you anymore unless you root out from among you what is proscribed. ",Ninguno
Joshua,7,13,קם קדש אתהעם ואמרת התקדשו למחר כי כה אמר יהוה אלהי ישראל חרם בקרבך ישראל לא תוכל לקום לפני איביך עדהסירכם החרם מקרבכם,"Go and purify the people. Order them: Purify yourselves for tomorrow. For thus says the ETERNAL, the God of Israel: Something proscribed is in your midst, O Israel, and you will not be able to stand up to your enemies until you have purged the proscribed from among you. ",Ninguno
Joshua,7,14,ונקרבתם בבקר לשבטיכם והיה השבט אשרילכדנו יהוה יקרב למשפחות והמשפחה אשרילכדנה יהוה תקרב לבתים והבית אשר ילכדנו יהוה יקרב לגברים,"Tomorrow morning you shall present yourselves by tribes. Whichever tribe GOD indicatesbindicates Lit. “catches.” shall come forward by clans; the clan that GOD indicates shall come forward by ancestral houses, and the ancestral house that GOD indicates shall come forward man by man. ",Ninguno
Joshua,7,15,והיה הנלכד בחרם ישרף באש אתו ואתכלאשרלו כי עבר אתברית יהוה וכיעשה נבלה בישראל,"Then he who is indicated for proscription,cindicated for proscription Or “caught in the net.” and all that is his, shall be put to the fire, because he broke the Covenant of GOD and because he committed an outrage in Israel.”",Ninguno
Joshua,7,16,וישכם יהושע בבקר ויקרב אתישראל לשבטיו וילכד שבט יהודה,"Early next morning, Joshua had Israel come forward by tribes; and the tribe of Judah was indicated. ",Ninguno
Joshua,7,17,ויקרב אתמשפחת יהודה וילכד את משפחת הזרחי ויקרב אתמשפחת הזרחי לגברים וילכד זבדי,"He then had the clans of Judah come forward, and the clan of Zerah was indicated. Then he had the clan of Zerah come forward by ancestral houses,dancestral houses So some Heb. mss. and some ancient versions; most mss. and editions have “men.” and Zabdi was indicated. ",Ninguno
Joshua,7,18,ויקרב אתביתו לגברים וילכד עכן בןכרמי בןזבדי בןזרח למטה יהודה,"Finally he had his ancestral house come forward man by man, and Achan son of Carmi, son of Zabdi, son of Zerah, of the tribe of Judah, was indicated.",Ninguno
Joshua,7,19,ויאמר יהושע אלעכן בני שיםנא כבוד ליהוה אלהי ישראל ותןלו תודה והגדנא לי מה עשית אלתכחד ממני,"Then Joshua said to Achan, “My son, pay honor to the ETERNAL, the God of Israel, by making confession. Tell me what you have done; do not hold anything back from me.” ",Ninguno
Joshua,7,20,ויען עכן אתיהושע ויאמר אמנה אנכי חטאתי ליהוה אלהי ישראל וכזאת וכזאת עשיתי,"Achan answered Joshua, “It is true, I have sinned against the ETERNAL, the God of Israel. This is what I did: ",Ninguno
Joshua,7,21,"<span class=""mam-kq""><span class=""mam-kq-k"">(ואראה)</span> <span class=""mam-kq-q"">[וארא]</span></span> בשלל אדרת שנער אחת טובה ומאתים שקלים כסף ולשון זהב אחד חמשים שקלים משקלו ואחמדם ואקחם והנם טמונים בארץ בתוך האהלי והכסף תחתיה","I saw among the spoil a fine Shinar mantle, two hundred shekels of silver, and a wedge of gold weighing fifty shekels, and I coveted them and took them. They are buried in the ground in my tent, with the silver under the mantle.”ethe mantle Heb. “it.” ",Ninguno
Joshua,7,22,וישלח יהושע מלאכים וירצו האהלה והנה טמונה באהלו והכסף תחתיה,"Joshua sent messengers, who hurried to the tent; and there was the mantle,fthe mantle Heb. “it.” buried in his tent, with the silver underneath. ",Ninguno
Joshua,7,23,ויקחום מתוך האהל ויבאום אליהושע ואל כלבני ישראל ויצקם לפני יהוה,"They took them from the tent and brought them to Joshua and all the Israelites, and displayedgdisplayed Meaning of Heb. uncertain. them before GOD. ",Ninguno
Joshua,7,24,ויקח יהושע אתעכן בןזרח ואתהכסף ואתהאדרת ואתלשון הזהב ואתבניו ואתבנתיו ואתשורו ואתחמרו ואתצאנו ואתאהלו ואתכלאשרלו וכלישראל עמו ויעלו אתם עמק עכור,"Then Joshua, and all Israel with him, took Achan son of Zerah—and the silver, the mantle, and the wedge of gold—his sons and daughters, and his ox, his donkey, and his flock, and his tent, and all his belongings, and brought them up to the Valley of Achor. ",Ninguno
Joshua,7,25,ויאמר יהושע מה עכרתנו יעכרך יהוה ביום הזה וירגמו אתו כלישראל אבן וישרפו אתם באש ויסקלו אתם באבנים,"And Joshua said, “What calamity you have brought upon us! GOD will bring calamity upon you this day.” And all Israel pelted him with stones. They put them to the fire and stoned them. ",Ninguno
Joshua,7,26,"ויקימו עליו גלאבנים גדול עד היום הזה וישב יהוה מחרון אפו עלכן קרא שם המקום ההוא עמק עכור עד היום הזה&nbsp;<span class=""mam-spi-pe"">{פ}</span><br>","They raised a huge mound of stones over him, which is still there. Then GOD’s anger subsided. That is why that place was named the Valley of AchorhAchor Connected with ʼakhar “to bring calamity upon”; cf. v. 25.—as is still the case.",Ninguno
Joshua,8,1,ויאמר יהוה אליהושע אלתירא ואלתחת קח עמך את כלעם המלחמה וקום עלה העי ראה&thinsp;<b></b> נתתי בידך אתמלך העי ואתעמו ואתעירו ואתארצו," 
GOD
 said to Joshua, “Do not be frightened or dismayed. Take all the combat troops with you, go and march against Ai. See, I will deliver the king of Ai, his people, his city, and his land into your hands. ",Ninguno
Joshua,8,2,ועשית לעי ולמלכה כאשר עשית ליריחו ולמלכה רקשללה ובהמתה תבזו לכם שיםלך ארב לעיר מאחריה,"You shall treat Ai and its king as you treated Jericho and its king; however, you may take the spoil and the cattle as booty for yourselves. Now set an ambush against the city behind it.”",Ninguno
Joshua,8,3,ויקם יהושע וכלעם המלחמה לעלות העי ויבחר יהושע שלשים אלף איש גבורי החיל וישלחם לילה,"So Joshua and all the combat troops prepared for the march on Ai. Joshua chose thirty thousand men, valiant warriors, and sent them ahead by night. ",Ninguno
Joshua,8,4,ויצו אתם לאמר ראו אתם ארבים לעיר מאחרי העיר אלתרחיקו מןהעיר מאד והייתם כלכם נכנים,"He instructed them as follows: “Mind, you are to lie in ambush behind the city; don’t stay too far from the city, and all of you be on the alert. ",Ninguno
Joshua,8,5,ואני וכלהעם אשר אתי נקרב אלהעיר והיה כייצאו לקראתנו כאשר בראשנה ונסנו לפניהם,"I and all the troops with me will approach the city; and when they come out against us, as they did the first time, we will flee from them. ",Ninguno
Joshua,8,6,ויצאו אחרינו עד התיקנו אותם מןהעיר כי יאמרו נסים לפנינו כאשר בראשנה ונסנו לפניהם,"They will come rushing after us until we have drawn them away from the city. They will think, ‘They are fleeing from us the same as last time’; but while we are fleeing before them, ",Ninguno
Joshua,8,7,ואתם תקמו מהאורב והורשתם אתהעיר ונתנה יהוה אלהיכם בידכם,"you will dash out from your ambush and seize the city, and the ETERNAL your God will deliver it into your hands. ",Ninguno
Joshua,8,8,והיה כתפשכם אתהעיר תציתו אתהעיר באש כדבר יהוה תעשו ראו צויתי אתכם,"And when you take the city, set it on fire. Do as GOD has commanded. Mind, I have given you your orders.”",Ninguno
Joshua,8,9,וישלחם יהושע וילכו אלהמארב וישבו בין ביתאל ובין העי מים לעי וילן יהושע בלילה ההוא בתוך העם,"Joshua then sent them off, and they proceeded to the ambush; they took up a position between Ai and Bethel—west of Ai—while Joshua spent the night with the rest of the troops.",Separación (Beyn)
Joshua,8,10,וישכם יהושע בבקר ויפקד אתהעם ויעל הוא וזקני ישראל לפני העם העי,"Early in the morning, Joshua mustered the troops; then he and the elders of Israel marched upon Ai at the head of the troops. ",Ninguno
Joshua,8,11,"וכלהעם המלחמה אשר אתו עלו ויגשו ויבאו נגד העיר ויחנו מצפון לעי והגי <span class=""mam-kq-trivial"">בינו</span> וביןהעי","All the combat troops that were with him advanced near the city and encamped to the north of Ai, with a hollow between them and Ai.— ",Separación (Beyn)
Joshua,8,12,ויקח כחמשת אלפים איש וישם אותם ארב בין ביתאל ובין העי מים לעיר,"He selected about five thousand men and stationed them as an ambush between Bethel and Ai, west of the city. ",Separación (Beyn)
Joshua,8,13,וישימו העם אתכלהמחנה אשר מצפון לעיר ואתעקבו מים לעיר וילך יהושע בלילה ההוא בתוך העמק,"Thus the main body of the army was disposed on the north of the city, but the far end of it was on the west. (This was after Joshua had spent the nightaspent the night So with some mss. (cf. v. 9); most mss. and editions read “marched.” in the valley.bin the valley Syriac reads “with the troops”; cf. v. 9.)— ",Ninguno
Joshua,8,14,ויהי כראות מלךהעי וימהרו וישכימו ויצאו אנשיהעיר לקראתישראל למלחמה הוא וכלעמו למועד לפני הערבה והוא לא ידע כיארב לו מאחרי העיר,"When the king of Ai saw them, he and all his troops, the townsmen, rushed out in the early morning to the meeting place,cmeeting place Emendation yields “descent”; cf. 7.5. facing the Arabah, to engage the Israelites in battle; for he was unaware that a force was lying in ambush behind the city. ",Percepción (Yada)
Joshua,8,15,וינגעו יהושע וכלישראל לפניהם וינסו דרך המדבר,"Joshua and all Israel fled in the direction of the wilderness, as though routed by them. ",Ninguno
Joshua,8,16,"ויזעקו כלהעם אשר <span class=""mam-kq""><span class=""mam-kq-k"">(בעיר)</span> <span class=""mam-kq-q"">[בעי]</span></span> לרדף אחריהם וירדפו אחרי יהושע וינתקו מןהעיר","All the troops in the city gathered to pursue them; pursuing Joshua, they were drawn out of the city. ",Ninguno
Joshua,8,17,"ולאנשאר איש בעי ובית אל אשר לאיצאו אחרי ישראל ויעזבו אתהעיר פתוחה וירדפו אחרי ישראל&nbsp;<span class=""mam-spi-pe"">{פ}</span><br>","Not a mandNot a man I.e., none of the town’s defenders. was left in Ai or in Bethel who did not go out after Israel; they left the city open while they pursued Israel.",Ninguno
Joshua,8,18,ויאמר יהוה אליהושע נטה בכידון אשרבידך אלהעי כי בידך אתננה ויט יהושע בכידון אשרבידו אלהעיר," 
GOD
 then said to Joshua, “Hold out the javelin in your hand toward Ai, for I will deliver it into your hands.” So Joshua held out the javelin in his hand toward the city. ",Ninguno
Joshua,8,19,והאורב קם מהרה ממקומו וירוצו כנטות ידו ויבאו העיר וילכדוה וימהרו ויציתו אתהעיר באש,"As soon as he held out his hand, the ambush came rushing out of their station. They entered the city and captured it; and they swiftly set fire to the city. ",Ninguno
Joshua,8,20,ויפנו אנשי העי אחריהם ויראו והנה עלה עשן העיר השמימה ולאהיה בהם ידים לנוס הנה והנה והעם הנס המדבר נהפך אלהרודף,The men of Ai looked back and saw the smoke of the city rising to the sky; they had no room for flight in any direction.The people who had been fleeing to the wilderness now became the pursuers.,Ninguno
Joshua,8,21,ויהושע וכלישראל ראו כילכד הארב אתהעיר וכי עלה עשן העיר וישבו ויכו אתאנשי העי,"For when Joshua and all Israel saw that the ambush had captured the city, and that smoke was rising from the city, they turned around and attacked the men of Ai. ",Ninguno
Joshua,8,22,ואלה יצאו מןהעיר לקראתם ויהיו לישראל בתוך אלה מזה ואלה מזה ויכו אותם עדבלתי השאירלו שריד ופליט,"Now the other [Israelites] were coming out of the city against them, so that they were between two bodies of Israelites, one on each side of them. They were slaughtered, so that no one escaped or got away. ",Ninguno
Joshua,8,23,ואתמלך העי תפשו חי ויקרבו אתו אליהושע,The king of Ai was taken alive and brought to Joshua.,Ninguno
Joshua,8,24,ויהי ככלות ישראל להרג אתכלישבי העי בשדה במדבר אשר רדפום בו ויפלו כלם לפיחרב עדתמם וישבו כלישראל העי ויכו אתה לפיחרב,"When Israel had killed all the inhabitants of Ai who had pursued them into the open wilderness, and all of them, to the last man, had fallen by the sword, all the Israelites turned back to Ai and put it to the sword.",Ninguno
Joshua,8,25,ויהי כלהנפלים ביום ההוא מאיש ועדאשה שנים עשר אלף כל אנשי העי,"The total of those who fell that day, men and women, the entire population of Ai, came to twelve thousand.",Ninguno
Joshua,8,26,ויהושע לאהשיב ידו אשר נטה בכידון עד אשר החרים את כלישבי העי,Joshua did not draw back the hand with which he held out his javelin until all the inhabitants of Ai had been exterminated.,Ninguno
Joshua,8,27,רק הבהמה ושלל העיר ההיא בזזו להם ישראל כדבר יהוה אשר צוה אתיהושע,"However, the Israelites took the cattle and the spoil of the city as their booty, in accordance with the instructions that GOD had given to Joshua.",Ninguno
Joshua,8,28,וישרף יהושע אתהעי וישימה תלעולם שממה עד היום הזה,"Then Joshua burned down Ai, and turned it into a mound of ruins for all time, a desolation to this day. ",Ninguno
Joshua,8,29,"ואתמלך העי תלה עלהעץ עדעת הערב וכבוא השמש צוה יהושע וירידו אתנבלתו מןהעץ וישליכו אותה אלפתח שער העיר ויקימו עליו גלאבנים גדול עד היום הזה&nbsp;<span class=""mam-spi-pe"">{פ}</span><br>","And the king of Ai was impaled on a stake until the evening. At sunset, Joshua had the corpse taken down from the stake and it was left lying at the entrance to the city gate. They raised a great heap of stones over it, which is there to this day.",Ninguno
Joshua,8,30,אז יבנה יהושע מזבח ליהוה אלהי ישראל בהר עיבל,"At that time Joshua built an altar to the ETERNAL, the God of Israel, on Mount Ebal, ",Ninguno
Joshua,8,31,כאשר צוה משה עבדיהוה אתבני ישראל ככתוב בספר תורת משה מזבח אבנים שלמות אשר לאהניף עליהן ברזל ויעלו עליו עלות ליהוה ויזבחו שלמים,"as Moses, the servant of GOD, had commanded the Israelites—as is written in the Book of the Teaching of Moseseas is written in the Book of the Teaching of Moses See Deut. 27.3–8.—an altar of unhewn stone upon which no iron had been wielded. They offered on it burnt offerings to GOD, and brought sacrifices of well-being. ",Ninguno
Joshua,8,32,ויכתבשם עלהאבנים את משנה תורת משה אשר כתב לפני בני ישראל,"And there, on the stones, he inscribed a copy of the Teaching that Moses had written for the Israelites. ",Ninguno
Joshua,8,33,וכלישראל וזקניו ושטרים&thinsp;<small></small>&thinsp;ושפטיו עמדים מזה&thinsp;<small></small>&thinsp;ומזה&thinsp;<small></small>&thinsp;לארון נגד הכהנים הלוים נשאי&thinsp;<b></b> ארון בריתיהוה כגר כאזרח חציו אלמול הרגרזים והחציו אלמול הרעיבל כאשר צוה משה עבדיהוה לברך אתהעם ישראל בראשנה,"All Israel—stranger and citizen alike—with their elders, officials, and magistrates, stood on either side of the Ark, facing the levitical priests who carried the Ark of GOD’s Covenant. Half of them faced Mount Gerizim and half of them faced Mount Ebal, as Moses the servant of GOD had commanded them of old, in order to bless the people of Israel. ",Ninguno
Joshua,8,34,ואחריכן קרא אתכלדברי התורה הברכה והקללה ככלהכתוב בספר התורה,"After that, he read all the words of the Teaching, the blessing and the curse, just as is written in the Book of the Teaching.fjust as is written in the Book of the Teaching See Deut. 27.11–28.68. ",Ninguno
Joshua,8,35,לאהיה דבר מכל אשרצוה משה אשר לאקרא יהושע נגד כלקהל ישראל והנשים והטף והגר ההלך בקרבם,"There was not a word of all that Moses had commanded that Joshua failed to read in the presence of the whole congregation of Israel, including the women and children and the strangers who accompanied them.",Ninguno
Joshua,9,1,ויהי כשמע כלהמלכים אשר בעבר הירדן בהר ובשפלה ובכל חוף הים הגדול אלמול הלבנון החתי והאמרי הכנעני הפרזי החוי והיבוסי,"When all the kings west ofawest of Lit. “across.” the Jordan—in the hill country, in the Shephelah, and along the entire coast of the Mediterranean Sea up to the vicinity of Lebanon, the [land of the] Hittites, Amorites, Canaanites, Perizzites, Hivites, and Jebusites—learned of this, ",Ninguno
Joshua,9,2,"ויתקבצו יחדו להלחם עםיהושע ועםישראל פה אחד&nbsp;<span class=""mam-spi-pe"">{פ}</span><br>",they gathered with one accord to fight against Joshua and Israel.,Ninguno
Joshua,9,3,וישבי גבעון שמעו את אשר עשה יהושע ליריחו ולעי,"But when the inhabitants of Gibeon learned how Joshua had treated Jericho and Ai, ",Ninguno
Joshua,9,4,ויעשו גםהמה בערמה וילכו ויצטירו ויקחו שקים בלים לחמוריהם ונאדות יין בלים ומבקעים ומצררים,"they for their part resorted to cunning. They set out in disguise:bin disguise Meaning of Heb. uncertain. they took worn-out sacks for their donkeys, and worn-out waterskins that were cracked and patched; ",Ninguno
Joshua,9,5,ונעלות בלות ומטלאות ברגליהם ושלמות בלות עליהם וכל לחם צידם יבש היה נקדים,"they had worn-out, patched sandals on their feet, and threadbare clothes on their bodies; and all the bread they took as provision was dry and crumbly. ",Ninguno
Joshua,9,6,וילכו אליהושע אלהמחנה הגלגל ויאמרו אליו ואלאיש ישראל מארץ רחוקה באנו ועתה כרתולנו ברית,"And so they went to Joshua in the camp at Gilgal and [in a parley] said to him and to the rest of Israel’s side, “We come from a distant land; we propose that you make a pact with us.” ",Ninguno
Joshua,9,7,"<span class=""mam-kq""><span class=""mam-kq-k"">(ויאמרו)</span> <span class=""mam-kq-q"">[ויאמר]</span></span> אישישראל אלהחוי אולי בקרבי אתה יושב ואיך <span class=""mam-kq""><span class=""mam-kq-k"">(אכרות)</span> <span class=""mam-kq-q"">[אכרת]</span></span>לך ברית","Israel’s side replied to the Hivites, “But perhaps you live among us; how then can we make a pact with you?”chow then can we make a pact with you Cf. Deut. 7.2. ",Ninguno
Joshua,9,8,ויאמרו אליהושע עבדיך אנחנו ויאמר אליהם יהושע מי אתם ומאין תבאו,"They said to Joshua, “We will be your subjects.” But Joshua asked them, “Who are you and where do you come from?” ",Ninguno
Joshua,9,9,ויאמרו אליו מארץ רחוקה מאד באו עבדיך לשם יהוה אלהיך כישמענו שמעו ואת כלאשר עשה במצרים,"They replied, “Your servants have come from a very distant country, because of the fame of the ETERNAL your God. For we heard the report of alldthe report of all Lit. “the report of Him: of all.” that [your God] did in Egypt, ",Ninguno
Joshua,9,10,ואת&thinsp;<b></b> כלאשר עשה לשני מלכי האמרי אשר בעבר הירדן לסיחון מלך חשבון ולעוג מלךהבשן אשר בעשתרות,"and of all that [your God] did to the two Amorite kings on the other side of the Jordan, King Sihon of Heshbon and King Og of Bashan who lived in Ashtaroth. ",Ninguno
Joshua,9,11,ויאמרו אלינו זקינינו וכלישבי ארצנו לאמר קחו בידכם צידה לדרך ולכו לקראתם ואמרתם אליהם עבדיכם אנחנו ועתה כרתולנו ברית,"So our elders and all the inhabitants of our country instructed us as follows, ‘Take along provisions for a trip, and go to them and say: We will be your subjects; come make a pact with us.’ ",Ninguno
Joshua,9,12,זה&thinsp;<b></b> לחמנו חם הצטידנו אתו מבתינו ביום צאתנו ללכת אליכם ועתה הנה יבש והיה נקדים,"This bread of ours, which we took from our houses as provision, was still hot when we set out to come to you; and see how dry and crumbly it has become. ",Ninguno
Joshua,9,13,ואלה נאדות היין אשר מלאנו חדשים והנה התבקעו ואלה שלמותינו ונעלינו בלו מרב הדרך מאד,"These wineskins were new when we filled them, and see how they have cracked. These clothes and sandals of ours are worn out from the very long journey.” ",Ninguno
Joshua,9,14,ויקחו האנשים מצידם ואתפי יהוה לא שאלו,"Those involved took [their word for it] because ofetook [their word for it] because of Meaning of Heb. uncertain. their provisions, and did not inquire of GOD. ",Ninguno
Joshua,9,15,ויעש להם יהושע שלום ויכרת להם ברית לחיותם וישבעו להם נשיאי העדה,"Joshua established friendship with them; he made a pact with them to spare their lives, and the chieftains of the community gave them their oath.",Ninguno
Joshua,9,16,ויהי מקצה שלשת ימים אחרי אשרכרתו להם ברית וישמעו כיקרבים הם אליו ובקרבו הם ישבים,"But when three days had passed after they made this pact with them, they learned that they were neighbors, living among them. ",Ninguno
Joshua,9,17,ויסעו בניישראל ויבאו אלעריהם ביום השלישי ועריהם גבעון והכפירה ובארות וקרית יערים,"So the Israelites set out, and on the third day they came to their towns; these towns were Gibeon, Chephirah, Beeroth, and Kiriath-jearim. ",Ninguno
Joshua,9,18,ולא הכום בני ישראל כינשבעו להם נשיאי העדה ביהוה אלהי ישראל וילנו כלהעדה עלהנשיאים,"But the Israelites did not attack them, since the chieftains of the community had sworn to them by the ETERNAL, the God of Israel. The whole community muttered against the chieftains, ",Ninguno
Joshua,9,19,ויאמרו כלהנשיאים אלכלהעדה אנחנו נשבענו להם ביהוה אלהי ישראל ועתה לא נוכל לנגע בהם,"but all the chieftains answered the whole community, “We swore to them by the ETERNAL, the God of Israel; therefore we cannot touch them. ",Ninguno
Joshua,9,20,זאת נעשה להם והחיה אותם ולאיהיה עלינו קצף עלהשבועה אשרנשבענו להם,"This is what we will do to them: We will spare their lives, so that there may be no wrath against us because of the oath that we swore to them.” ",Ninguno
Joshua,9,21,ויאמרו אליהם הנשיאים יחיו ויהיו חטבי עצים ושאבימים לכלהעדה כאשר דברו להם הנשיאים,"And the chieftains declared concerning them, “They shall live!” And they became hewers of wood and drawers of water for the whole community, as the chieftains had decreed concerning them.",Ninguno
Joshua,9,22,ויקרא להם יהושע וידבר אליהם לאמר למה רמיתם אתנו לאמר רחוקים אנחנו מכם מאד ואתם בקרבנו ישבים,"Joshua summoned them and spoke to them thus: “Why did you deceive us and tell us you lived very far from us, when in fact you live among us? ",Ninguno
Joshua,9,23,ועתה ארורים אתם ולאיכרת מכם עבד וחטבי עצים ושאבי מים לבית אלהי,"Therefore, be accursed! Never shall your descendants cease to be slaves: hewers of wood and drawers of water for the House of my God.” ",Ninguno
Joshua,9,24,ויענו אתיהושע ויאמרו כי הגד הגד לעבדיך את אשר צוה יהוה אלהיך אתמשה עבדו לתת לכם אתכלהארץ ולהשמיד אתכלישבי הארץ מפניכם ונירא מאד לנפשתינו מפניכם ונעשה אתהדבר הזה,"But they replied to Joshua, “You see, your servants had heard that the ETERNAL your God had promised Moses—[God’s] servant—to give you the whole land and to wipe out all the inhabitants of the country on your account; so we were in great fear for our lives on your account. That is why we did this thing. ",Ninguno
Joshua,9,25,ועתה הננו בידך כטוב וכישר בעיניך לעשות לנו עשה,And now we are at your mercy; do with us what you consider right and proper.”,Ninguno
Joshua,9,26,ויעש להם כן ויצל אותם מיד בניישראל ולא הרגום,And he did so; he saved them from being killed by the Israelites.,Ninguno
Joshua,9,27,"ויתנם יהושע ביום ההוא חטבי עצים ושאבי מים לעדה ולמזבח יהוה עדהיום הזה אלהמקום אשר יבחר&nbsp;<span class=""mam-spi-pe"">{פ}</span><br>","That day Joshua made them hewers of wood and drawers of water—as they still are—for the community and for GOD’s altar, in the place that [God] would choose.",Ninguno
Joshua,10,1,ויהי כשמע אדניצדק מלך ירושל͏ם כילכד יהושע אתהעי ויחרימה כאשר עשה ליריחו ולמלכה כןעשה לעי ולמלכה וכי השלימו ישבי גבעון אתישראל ויהיו בקרבם,"When King Adoni-zedek of Jerusalem learned that Joshua had captured Ai and proscribed it, treating Ai and its king as he had treated Jericho and its king, and that, moreover, the inhabitants of Gibeon had come to terms with Israel and remained among them, ",Ninguno
Joshua,10,2,וייראו מאד כי עיר גדולה גבעון כאחת ערי הממלכה וכי היא גדולה מןהעי וכלאנשיה גברים,"he wasahe was Heb. “they were.” very frightened. For Gibeon was a large city, like one of the royal cities—in fact, larger than Ai—and all its men were warriors. ",Ninguno
Joshua,10,3,וישלח אדניצדק מלך ירושל͏ם אלהוהם מלךחברון ואלפראם מלךירמות ואליפיע מלךלכיש ואלדביר מלךעגלון לאמר,"So King Adoni-zedek of Jerusalem sent this message to King Hoham of Hebron, King Piram of Jarmuth, King Japhia of Lachish, and King Debir of Eglon: ",Ninguno
Joshua,10,4,עלואלי ועזרני ונכה אתגבעון כיהשלימה אתיהושע ואתבני ישראל,“Come up and help me defeat Gibeon; for it has come to terms with Joshua and the Israelites.”,Ninguno
Joshua,10,5,ויאספו ויעלו חמשת&thinsp;<b></b> מלכי האמרי מלך ירושל͏ם מלךחברון מלךירמות מלךלכיש מלךעגלון הם וכלמחניהם ויחנו עלגבעון וילחמו עליה,"The five Amorite kings—the king of Jerusalem, the king of Hebron, the king of Jarmuth, the king of Lachish, and the king of Eglon, with all their armies—joined forces and marched on Gibeon, and encamped against it and attacked it. ",Ninguno
Joshua,10,6,וישלחו אנשי גבעון אליהושע אלהמחנה הגלגלה לאמר אלתרף ידיך מעבדיך עלה אלינו מהרה והושיעה לנו ועזרנו כי נקבצו אלינו כלמלכי האמרי ישבי ההר,"The people of Gibeon thereupon sent this message to Joshua in the camp at Gilgal: “Do not fail your servants; come up quickly and aid us and deliver us, for all the Amorite kings of the hill country have gathered against us.” ",Ninguno
Joshua,10,7,"ויעל יהושע מןהגלגל הוא וכלעם המלחמה עמו וכל גבורי החיל&nbsp;<span class=""mam-spi-pe"">{פ}</span><br>",So Joshua marched up from Gilgal with all his combat troops—all the trained warriors.,Ninguno
Joshua,10,8,ויאמר יהוה אליהושע אלתירא מהם כי בידך נתתים לאיעמד איש מהם בפניך,"  GOD  said to Joshua, “Do not be afraid of them, for I will deliver them into your hands; not one of them shall withstand you.” ",Ninguno
Joshua,10,9,ויבא אליהם יהושע פתאם כלהלילה עלה מןהגלגל,"Joshua took them by surprise, marching all night from Gilgal. ",Ninguno
Joshua,10,10,ויהמם יהוה לפני ישראל ויכם מכהגדולה בגבעון וירדפם דרך מעלה ביתחורן ויכם עדעזקה ועדמקדה," GOD threw them into a panic before Israel: [Joshua] inflicted a crushing defeat on them at Gibeon, pursued them in the direction of the Beth-horon ascent, and harried them all the way to Azekah and Makkedah. ",Ninguno
Joshua,10,11,"ויהי בנסם&thinsp;<b></b> מפני ישראל הם במורד ביתחורן ויהוה השליך עליהם אבנים גדלות מןהשמים עדעזקה וימתו רבים אשרמתו באבני הברד מאשר הרגו בני ישראל בחרב&nbsp;<span class=""mam-spi-samekh"">{ס}</span>&nbsp;&nbsp;&nbsp;&nbsp;&nbsp;&nbsp;&nbsp;&nbsp;","While they were fleeing before Israel down the descent from Beth-horon, GOD hurled huge stones on them from the sky, all the way to Azekah, and they perished; more perished from the hailstones than were killed by the Israelite weapons.",Ninguno
Joshua,10,12,אז ידבר יהושע ליהוה ביום תת יהוה אתהאמרי לפני בני ישראל ויאמר&thinsp;<b></b> לעיני ישראל שמש בגבעון דום וירח בעמק אילון,"On that occasion, when GOD routed the Amorites before the Israelites, Joshua addressed GOD; he said in the presence of the Israelites:“Stand still, O sun, at Gibeon,O moon, in the Valley of Aijalon!”",Ninguno
Joshua,10,13,וידם השמש וירח עמד עדיקם גוי איביו הלאהיא כתובה עלספר הישר ויעמד השמש בחצי השמים ולאאץ לבוא כיום תמים,"And the sun stood stillAnd the moon halted,While a nation wreaked judgment on its foes—as is written in the Book of Jashar.bBook of Jashar Presumably a collection of war songs. Thus the sun halted in midheaven, and did not press on to set, for a whole day; ",Ninguno
Joshua,10,14,"ולא היה כיום ההוא לפניו ואחריו לשמע יהוה בקול איש כי יהוה נלחם לישראל&nbsp;<span class=""mam-spi-samekh"">{ס}</span>&nbsp;&nbsp;&nbsp;&nbsp;&nbsp;&nbsp;&nbsp;&nbsp;","for GOD fought for Israel. Neither before nor since has there ever been such a day, when GOD acted on words spoken by someone else.",Ninguno
Joshua,10,15,וישב יהושע וכלישראל עמו אלהמחנה הגלגלה,Then Joshua together with all Israel returned to the camp at Gilgal.,Ninguno
Joshua,10,16,וינסו חמשת המלכים האלה ויחבאו במערה במקדה,"Meanwhile, those five kings fled and hid in a cave at Makkedah. ",Ninguno
Joshua,10,17,ויגד ליהושע לאמר נמצאו חמשת המלכים נחבאים במערה במקדה,"When it was reported to Joshua that the five kings had been found hiding in a cave at Makkedah, ",Ninguno
Joshua,10,18,ויאמר יהושע גלו אבנים גדלות אלפי המערה והפקידו עליה אנשים לשמרם,"Joshua ordered, “Roll large stones up against the mouth of the cave, and post some men over it to keep guard over them. ",Ninguno
Joshua,10,19,ואתם אלתעמדו רדפו אחרי איביכם וזנבתם אותם אלתתנום לבוא אלעריהם כי נתנם יהוה אלהיכם בידכם,"But as for the rest of you, don’t stop, but press on the heels of your enemies and harass them from the rear. Don’t let them reach their towns, for the ETERNAL your God has delivered them into your hands.” ",Ninguno
Joshua,10,20,ויהי ככלות יהושע ובני ישראל להכותם מכה גדולהמאד עדתמם והשרידים שרדו מהם ויבאו אלערי המבצר,"When Joshua and the Israelites had finished dealing them a deadly blow, they were wiped out, except for some fugitives who escaped into the fortified towns. ",Ninguno
Joshua,10,21,וישבו כלהעם אלהמחנה אליהושע מקדה בשלום לאחרץ לבני ישראל לאיש אתלשנו,The whole army returned in safety to Joshua in the camp at Makkedah; no one so much as snarledcsnarl Cf. Exod. 11.7. at the Israelites. ,Ninguno
Joshua,10,22,ויאמר יהושע פתחו אתפי המערה והוציאו אלי אתחמשת המלכים האלה מןהמערה,"And now Joshua ordered, “Open the mouth of the cave, and bring those five kings out of the cave to me.” ",Ninguno
Joshua,10,23,ויעשו כן ויציאו אליו אתחמשת המלכים האלה מןהמערה את&thinsp;<b></b> מלך ירושל͏ם אתמלך חברון אתמלך ירמות אתמלך לכיש אתמלך עגלון,"This was done. Those five kings—the king of Jerusalem, the king of Hebron, the king of Jarmuth, the king of Lachish, and the king of Eglon—were brought out to him from the cave. ",Ninguno
Joshua,10,24,ויהי כהוציאם אתהמלכים האלה אליהושע ויקרא יהושע אלכלאיש ישראל ויאמר אלקציני אנשי המלחמה ההלכוא אתו קרבו שימו אתרגליכם עלצוארי המלכים האלה ויקרבו וישימו אתרגליהם עלצואריהם,"And when the kings were brought out to Joshua, Joshua summoned everyone on Israel’s side and ordered the army officers who had accompanied him, “Come forward and place your feet on the necks of these kings.” They came forward and placed their feet on their necks. ",Ninguno
Joshua,10,25,ויאמר אליהם יהושע אלתיראו ואלתחתו חזקו ואמצו כי ככה יעשה יהוה לכלאיביכם אשר אתם נלחמים אותם,"Joshua said to them, “Do not be frightened or dismayed; be firm and resolute. For this is what GOD is going to do to all the enemies with whom you are at war.” ",Ninguno
Joshua,10,26,ויכם יהושע אחריכן וימיתם ויתלם על חמשה עצים ויהיו תלוים עלהעצים עדהערב,"After that, Joshua had them put to death and impaled on five stakes, and they remained impaled on the stakes until evening. ",Ninguno
Joshua,10,27,"ויהי לעת&thinsp;<b></b> בוא השמש צוה יהושע וירידום מעל העצים וישלכם אלהמערה אשר נחבאושם וישמו אבנים גדלות עלפי המערה עדעצם היום הזה&nbsp;<span class=""mam-spi-samekh"">{ס}</span>&nbsp;&nbsp;&nbsp;&nbsp;&nbsp;&nbsp;&nbsp;&nbsp;","At sunset Joshua ordered them taken down from the poles and thrown into the cave in which they had hidden. Large stones were placed over the mouth of the cave, [and there they are] to this very day.",Ninguno
Joshua,10,28,"ואתמקדה לכד יהושע ביום ההוא ויכה לפיחרב ואתמלכה החרם אותם ואתכלהנפש אשרבה לא השאיר שריד ויעש למלך מקדה כאשר עשה למלך יריחו&nbsp;<span class=""mam-spi-samekh"">{ס}</span>&nbsp;&nbsp;&nbsp;&nbsp;&nbsp;&nbsp;&nbsp;&nbsp;","At that time Joshua captured Makkedah and put it and its king to the sword, proscribing itdit So several mss.; most mss. and the editions read “them.” and every person in it and leaving none that escaped. And he treated the king of Makkedah as he had treated the king of Jericho.",Ninguno
Joshua,10,29,ויעבר יהושע וכלישראל עמו ממקדה לבנה וילחם עםלבנה,"From Makkedah, Joshua proceeded with all Israel to Libnah, and he attacked it. ",Ninguno
Joshua,10,30,"ויתן יהוה גםאותה ביד ישראל ואתמלכה ויכה לפיחרב ואתכלהנפש אשרבה לאהשאיר בה שריד ויעש למלכה כאשר עשה למלך יריחו&nbsp;<span class=""mam-spi-samekh"">{ס}</span>&nbsp;&nbsp;&nbsp;&nbsp;&nbsp;&nbsp;&nbsp;&nbsp;"," GOD delivered it and its king into the hands of Israel; they put it and all the people in it to the sword, letting none escape. And he treated its king as he had treated the king of Jericho.",Ninguno
Joshua,10,31,ויעבר יהושע וכלישראל עמו מלבנה לכישה ויחן עליה וילחם בה,"From Libnah, Joshua proceeded with all Israel to Lachish; he encamped against it and attacked it. ",Ninguno
Joshua,10,32,"ויתן יהוה אתלכיש ביד ישראל וילכדה ביום השני ויכה לפיחרב ואתכלהנפש אשרבה ככל אשרעשה ללבנה&nbsp;<span class=""mam-spi-pe"">{פ}</span><br>"," GOD delivered Lachish into the hands of Israel. They captured it on the second day and put it and all the people in it to the sword, just as they had done to Libnah.",Ninguno
Joshua,10,33,אז עלה הרם מלך גזר לעזר אתלכיש ויכהו יהושע ואתעמו עדבלתי השאירלו שריד,"At that time King Horam of Gezer marched to the help of Lachish; but Joshua defeated him and his army, letting none of them escape.",Ninguno
Joshua,10,34,ויעבר יהושע וכלישראל עמו מלכיש עגלנה ויחנו עליה וילחמו עליה,"From Lachish, Joshua proceeded with all Israel to Eglon; they encamped against it and attacked it. ",Ninguno
Joshua,10,35,"וילכדוה ביום ההוא ויכוה לפיחרב ואת כלהנפש אשרבה ביום ההוא החרים ככל אשרעשה ללכיש&nbsp;<span class=""mam-spi-pe"">{פ}</span><br>","They captured it on the same day and put it to the sword, proscribing all the people that were in it, as they had done to Lachish.",Ninguno
Joshua,10,36,ויעל יהושע וכלישראל עמו מעגלונה חברונה וילחמו עליה,"From Eglon, Joshua marched with all Israel to Hebron and attacked it. ",Ninguno
Joshua,10,37,"וילכדוה ויכוהלפיחרב ואתמלכה ואתכלעריה ואתכלהנפש אשרבה לאהשאיר שריד ככל אשרעשה לעגלון ויחרם אותה ואתכלהנפש אשרבה&nbsp;<span class=""mam-spi-samekh"">{ס}</span>&nbsp;&nbsp;&nbsp;&nbsp;&nbsp;&nbsp;&nbsp;&nbsp;","They captured it and put it, its king, and all its towns, and all the people that were in it, to the sword. He let none escape, proscribing it and all the people in it, just as he had done in the case of Eglon.",Ninguno
Joshua,10,38,וישב יהושע וכלישראל עמו דברה וילחם עליה,Joshua and all Israel with him then turned back to Debir and attacked it.,Ninguno
Joshua,10,39,וילכדה ואתמלכה ואתכלעריה ויכום לפיחרב ויחרימו אתכלנפש אשרבה לא השאיר שריד כאשר עשה לחברון כןעשה לדברה ולמלכה וכאשר עשה ללבנה ולמלכה,"He captured it and its king and all its towns. They put them to the sword and proscribed all the people in it. They let none escape; just as they had done to Hebron, and as they had done to Libnah and its king, so they did to Debir and its king.",Ninguno
Joshua,10,40,ויכה יהושע אתכלהארץ ההר והנגב והשפלה והאשדות ואת כלמלכיהם לא השאיר שריד ואת כלהנשמה החרים כאשר צוה יהוה אלהי ישראל,"Thus Joshua conquered the whole country:ethe whole country I.e., the whole southern part of Canaan. the hill country, the Negeb, the Shephelah, and the slopes, with all their kings; he let none escape, but proscribed everything that breathed—as the ETERNAL, the God of Israel, had commanded. ",Ninguno
Joshua,10,41,ויכם יהושע מקדש ברנע ועדעזה ואת כלארץ גשן ועדגבעון,"Joshua conquered them from Kadesh-barnea to Gaza, all the land of Goshen, and up to Gibeon. ",Ninguno
Joshua,10,42,ואת כלהמלכים האלה ואתארצם לכד יהושע פעם אחת כי יהוה אלהי ישראל נלחם לישראל,"All those kings and their lands were conquered by Joshua at a single stroke, for the ETERNAL, the God of Israel, fought for Israel. ",Ninguno
Joshua,10,43,"וישב יהושע וכלישראל עמו אלהמחנה הגלגלה&nbsp;<span class=""mam-spi-pe"">{פ}</span><br>","Then Joshua, with all Israel, returned to the camp at Gilgal.",Ninguno
Joshua,11,1,ויהי כשמע יבין מלךחצור וישלח אליובב מלך מדון ואלמלך שמרון ואלמלך אכשף,"When the news reached King Jabin of Hazor, he sent messages to King Jobab of Madon, to the king of Shimron, to the king of Achshaph, ",Separación (Beyn)
Joshua,11,2,ואלהמלכים אשר מצפון בהר ובערבה נגב כנרות ובשפלה ובנפות דור מים,"and to the other kings in the north—in the hill country, in the Arabah south of Chinnereth, in the lowlands, and in the districtadistrict Meaning of Heb. uncertain. of Dor on the west; ",Ninguno
Joshua,11,3,הכנעני ממזרח ומים והאמרי והחתי והפרזי והיבוסי בהר והחוי תחת חרמון בארץ המצפה,"to the Canaanites in the east and in the west; to the Amorites, Hittites, Perizzites, and Jebusites in the hill country; and to the Hivites at the foot of Hermon, in the land of Mizpah. ",Ninguno
Joshua,11,4,ויצאו הם וכלמחניהם עמם עםרב כחול אשר עלשפתהים לרב וסוס ורכב רבמאד,"They took the field with all their armies—an enormous host, as numerous as the sands on the seashore—and a vast multitude of horses and chariots. ",Ninguno
Joshua,11,5,"ויועדו כל המלכים האלה ויבאו ויחנו יחדו אלמי מרום להלחם עםישראל&nbsp;<span class=""mam-spi-pe"">{פ}</span><br>",All these kings joined forces; they came and encamped together at the Waters of Merom to give battle to Israel.,Ninguno
Joshua,11,6,ויאמר יהוה אליהושע אלתירא מפניהם כימחר כעת הזאת אנכי נתן אתכלם חללים לפני ישראל אתסוסיהם תעקר ואתמרכבתיהם תשרף באש,"But GOD said to Joshua, “Do not be afraid of them; tomorrow at this time I will have them all lying slain before Israel. You shall hamstring their horses and burn their chariots.” ",Ninguno
Joshua,11,7,ויבא יהושע וכלעם המלחמה עמו עליהם עלמי מרום פתאם ויפלו בהם,"So Joshua, with all his combat troops, came upon them suddenly at the Waters of Merom, and pounced upon them. ",Ninguno
Joshua,11,8,ויתנם יהוה בידישראל ויכום וירדפום עדצידון רבה ועד משרפות מים ועדבקעת מצפה מזרחה ויכם עדבלתי השאירלהם שריד," GOD delivered them into the hands of Israel, and they defeated them and pursued them all the way to Great Sidon and Misrephoth-maim,band Misrephoth-maim Change of vocalization yields “and Misrephoth on the west.” and all the way to the Valley of MizpehcMizpeh Apparently identical with Mizpah in v. 3. on the east; they crushed them, letting none escape. ",Ninguno
Joshua,11,9,"ויעש להם יהושע כאשר אמרלו יהוה אתסוסיהם עקר ואתמרכבתיהם שרף באש&nbsp;<span class=""mam-spi-samekh"">{ס}</span>&nbsp;&nbsp;&nbsp;&nbsp;&nbsp;&nbsp;&nbsp;&nbsp;",And Joshua dealt with them as GOD had ordered him; he hamstrung their horses and burned their chariots.,Ninguno
Joshua,11,10,וישב יהושע בעת ההיא וילכד אתחצור ואתמלכה הכה בחרב כיחצור לפנים היא ראש כלהממלכות האלה,Joshua then turned back and captured Hazor and put its king to the sword.—Hazor was formerly the head of all those kingdoms.—,Ninguno
Joshua,11,11,ויכו אתכלהנפש אשרבה לפיחרב החרם לא נותר כלנשמה ואתחצור שרף באש,"They proscribed and put to the sword every person in it. Not a soul survived, and Hazor itself was burned down. ",Ninguno
Joshua,11,12,ואתכלערי המלכיםהאלה ואתכלמלכיהם לכד יהושע ויכם לפיחרב החרים אותם כאשר צוה משה עבד יהוה,"Joshua captured all those royal cities and their kings. He put them to the sword; he proscribed them in accordance with the charge of Moses, the servant of GOD. ",Ninguno
Joshua,11,13,רק כלהערים העמדות עלתלם לא שרפם ישראל זולתי אתחצור לבדה שרף יהושע,"However, all those towns that are still standing on their mounds were not burned down by Israel; it was Hazor alone that Joshua burned down. ",Ninguno
Joshua,11,14,וכל שלל הערים האלה והבהמה בזזו להם בני ישראל רק אתכלהאדם הכו לפיחרב עדהשמדם אותם לא השאירו כלנשמה,The Israelites kept all the spoil and cattle of the rest of those cities as booty. But they cut down their populations with the sword until they exterminated them; they did not spare a soul.,Ninguno
Joshua,11,15,כאשר צוה יהוה אתמשה עבדו כןצוה משה אתיהושע וכן עשה יהושע לאהסיר דבר מכל אשרצוה יהוה אתמשה,"Just as the ETERNAL had commanded [God’s] servant Moses, so Moses had charged Joshua, and so Joshua did; he left nothing undone of all that GOD had commanded Moses.",Ninguno
Joshua,11,16,ויקח יהושע אתכלהארץ הזאת ההר ואתכלהנגב ואת כלארץ הגשן ואתהשפלה ואתהערבה ואתהר ישראל ושפלתה,"Joshua conquered the whole of this region: the hill country [of Judah], the Negeb, the whole land of Goshen, the Shephelah, the Arabah, and the hill country and coastal plain of Israel— ",Ninguno
Joshua,11,17,מןההר החלק העולה שעיר ועדבעל גד בבקעת הלבנון תחת הרחרמון ואת כלמלכיהם לכד ויכם וימיתם,"[everything] from Mount Halak, which ascends to Seir, all the way to Baal-gad in the Valley of the Lebanondthe Valley of the Lebanon I.e., the valley between the Lebanon and Anti-Lebanon ranges. at the foot of Mount Hermon; and he captured all the kings there and executed them.",Ninguno
Joshua,11,18,ימים רבים עשה יהושע אתכלהמלכים האלה מלחמה,Joshua waged war with all those kings over a long period.,Ninguno
Joshua,11,19,לאהיתה עיר אשר השלימה אלבני ישראל בלתי החוי ישבי גבעון אתהכל לקחו במלחמה,"Apart from the Hivites who dwelt in Gibeon, not a single city made terms with the Israelites; all were taken in battle. ",Ninguno
Joshua,11,20,"כי מאת יהוה&thinsp;<small></small>&thinsp;היתה לחזק אתלבם לקראת המלחמה אתישראל למען החרימם לבלתי היותלהם תחנה כי למען השמידם כאשר צוה יהוה אתמשה&nbsp;<span class=""mam-spi-samekh"">{ס}</span>&nbsp;&nbsp;&nbsp;&nbsp;&nbsp;&nbsp;&nbsp;&nbsp;","For it was GOD’s doing to stiffen their hearts to give battle to Israel, in order that they might be proscribed without quarter and wiped out, as GOD had commanded Moses.",Ninguno
Joshua,11,21,ויבא יהושע בעת ההיא ויכרת אתהענקים מןההר מןחברון מןדבר מןענב ומכל הר יהודה ומכל הר ישראל עםעריהם החרימם יהושע,"At that time, Joshua went and wiped out the Anakites from the hill country, from Hebron, Debir, and Anab, from the entire hill country of Judah, and from the entire hill country of Israel; Joshua proscribed them and their towns. ",Ninguno
Joshua,11,22,לאנותר ענקים בארץ בני ישראל רק בעזה בגת ובאשדוד נשארו,"No Anakites remained in the land of the Israelites; but some remained in Gaza, Gath, and Ashdod.",Ninguno
Joshua,11,23,"ויקח יהושע אתכלהארץ ככל אשר דבר יהוה אלמשה ויתנה יהושע לנחלה לישראל כמחלקתם לשבטיהם והארץ שקטה ממלחמה&nbsp;<span class=""mam-spi-samekh"">{ס}</span>&nbsp;&nbsp;&nbsp;&nbsp;&nbsp;&nbsp;&nbsp;&nbsp;","Thus Joshua conquered the whole country, just as GOD had promised Moses; and Joshua assigned it to Israel to share according to their tribal divisions. And the land had rest from war.",Ninguno
Joshua,12,1,ואלה&thinsp;<b></b> מלכי הארץ אשר הכו בניישראל וירשו אתארצם בעבר הירדן מזרחה השמש מנחל ארנון עדהר חרמון וכלהערבה מזרחה,"The following are the local kings whom the Israelites defeated and whose territories they took possession of:East of the Jordan, from the Wadi Arnon to Mount Hermon, including the eastern half of the Arabah: ",Ninguno
Joshua,12,2,סיחון מלך האמרי היושב בחשבון משל מערוער אשר עלשפתנחל ארנון ותוך הנחל וחצי הגלעד ועד יבק הנחל גבול בני עמון,"aMeaning of this verse and the next uncertain. King Sihon of the Amorites, who resided in Heshbon and ruled over part of Gilead—from Aroer on the bank of the Wadi Arnon and the wadi proper up to the Wadi Jabbok [and] the border of the Ammonites— ",Ninguno
Joshua,12,3,והערבה עדים כנרות מזרחה ועד ים הערבה יםהמלח מזרחה דרך בית הישמות ומתימן תחת אשדות הפסגה,"and over the eastern Arabah up to the Sea of Chinnereth and, southward by way of Beth-jeshimoth at the foot of the slopes of Pisgah on the east, down to the Sea of the Arabah, that is, the Dead Sea. ",Ninguno
Joshua,12,4,וגבול עוג מלך הבשן מיתר הרפאים היושב בעשתרות ובאדרעי,Also the territory of King Og of Bashan—one of the last of the Rephaim—who resided in Ashtaroth and in Edrei,Ninguno
Joshua,12,5,ומשל בהר חרמון ובסלכה ובכלהבשן עדגבול הגשורי והמעכתי וחצי הגלעד גבול סיחון מלךחשבון,"and ruled over Mount Hermon, Salcah, and all of Bashan up to the border of the Geshurites and the Maacathites, as also over part of Gilead [down to] the border of King Sihon of Heshbon. ",Ninguno
Joshua,12,6,"משה עבדיהוה ובני ישראל הכום ויתנה משה עבדיהוה ירשה לראובני ולגדי ולחצי שבט המנשה&nbsp;<span class=""mam-spi-samekh"">{ס}</span>&nbsp;&nbsp;&nbsp;&nbsp;&nbsp;&nbsp;&nbsp;&nbsp;","These were vanquished by Moses, the servant of GOD, and the Israelites; and Moses, the servant of GOD, assigned that territorybthat territory Lit. “it.” as a possession to the Reubenites, the Gadites, and the half-tribe of Manasseh.",Ninguno
Joshua,12,7,ואלה מלכי הארץ אשר הכה יהושע ובני ישראל בעבר הירדן ימה מבעל גד בבקעת הלבנון ועדההר החלק העלה שעירה ויתנה יהושע לשבטי ישראל ירשה כמחלקתם,"And the following are the local kings whom Joshua and the Israelites defeated on the west side of the Jordan—from Baal-gad in the Valley of the Lebanon to Mount Halak, which ascends to Seir—which Joshua assigned as a possession to the tribal divisions of Israel: ",Ninguno
Joshua,12,8,"בהר ובשפלה ובערבה ובאשדות ובמדבר ובנגב החתי האמרי והכנעני הפרזי החוי והיבוסי&nbsp;<span class=""mam-spi-pe"">{פ}</span><br>","in the hill country, in the lowlands, in the Arabah, in the slopes,cthe slopes Of Pisgah; cf. 13.20. in the wilderness, and in the Negeb—[in the land of] the Hittites, the Amorites, the Canaanites, the Perizzites, the Hivites, and the Jebusites. ",Ninguno
Joshua,12,9,מלך יריחו אחד&nbsp;&nbsp;&nbsp;&nbsp;&nbsp;&nbsp;&nbsp;&nbsp;מלך העי אשרמצד ביתאל אחד,"They were:the king of Jericho    1the king of Ai, near Bethel,    1 ",Ninguno
Joshua,12,10,מלך ירושל͏ם אחד&nbsp;&nbsp;&nbsp;&nbsp;&nbsp;&nbsp;&nbsp;&nbsp;מלך חברון אחד,the king of Jerusalem    1the king of Hebron    1,Ninguno
Joshua,12,11,מלך ירמות אחד&nbsp;&nbsp;&nbsp;&nbsp;&nbsp;&nbsp;&nbsp;&nbsp;מלך לכיש אחד,the king of Jarmuth    1the king of Lachish    1,Ninguno
Joshua,12,12,מלך עגלון אחד&nbsp;&nbsp;&nbsp;&nbsp;&nbsp;&nbsp;&nbsp;&nbsp;מלך גזר אחד,the king of Eglon    1the king of Gezer    1,Ninguno
Joshua,12,13,מלך דבר אחד&nbsp;&nbsp;&nbsp;&nbsp;&nbsp;&nbsp;&nbsp;&nbsp;מלך גדר אחד,the king of Debir    1the king of Geder    1,Ninguno
Joshua,12,14,מלך חרמה אחד&nbsp;&nbsp;&nbsp;&nbsp;&nbsp;&nbsp;&nbsp;&nbsp;מלך ערד אחד,the king of Hormah    1the king of Arad    1,Ninguno
Joshua,12,15,מלך לבנה אחד&nbsp;&nbsp;&nbsp;&nbsp;&nbsp;&nbsp;&nbsp;&nbsp;מלך עדלם אחד,the king of Libnah    1the king of Adullam    1,Ninguno
Joshua,12,16,מלך מקדה אחד&nbsp;&nbsp;&nbsp;&nbsp;&nbsp;&nbsp;&nbsp;&nbsp;מלך ביתאל אחד,the king of Makkedah    1the king of Bethel    1,Ninguno
Joshua,12,17,מלך תפוח אחד&nbsp;&nbsp;&nbsp;&nbsp;&nbsp;&nbsp;&nbsp;&nbsp;מלך חפר אחד,the king of Tappuah    1the king of Hepher    1,Ninguno
Joshua,12,18,מלך אפק אחד&nbsp;&nbsp;&nbsp;&nbsp;&nbsp;&nbsp;&nbsp;&nbsp;מלך לשרון אחד,the king of Aphek    1the king of Sharon    1,Ninguno
Joshua,12,19,מלך מדון אחד&nbsp;&nbsp;&nbsp;&nbsp;&nbsp;&nbsp;&nbsp;&nbsp;מלך חצור אחד,the king of Madon    1the king of Hazor    1,Ninguno
Joshua,12,20,מלך שמרון מראון אחד&nbsp;&nbsp;&nbsp;&nbsp;&nbsp;&nbsp;&nbsp;&nbsp;מלך אכשף אחד,the king of Shimron-meron    1the king of Achshaph    1,Ninguno
Joshua,12,21,מלך תענך אחד&nbsp;&nbsp;&nbsp;&nbsp;&nbsp;&nbsp;&nbsp;&nbsp;מלך מגדו אחד,the king of Taanach    1the king of Megiddo    1,Ninguno
Joshua,12,22,מלך קדש אחד&nbsp;&nbsp;&nbsp;&nbsp;&nbsp;&nbsp;&nbsp;&nbsp;מלךיקנעם לכרמל אחד,the king of Kedesh    1the king of Jokneam in the Carmel    1,Ninguno
Joshua,12,23,מלך דור לנפת דור אחד&nbsp;&nbsp;&nbsp;&nbsp;&nbsp;&nbsp;&nbsp;&nbsp;מלךגוים לגלגל אחד,the king of Dor in the districtdin the district Meaning of Heb. uncertain. of Dor    1the king of Goiim in Gilgal    1 ,Ninguno
Joshua,12,24,"מלך תרצה אחד&nbsp;&nbsp;&nbsp;&nbsp;&nbsp;&nbsp;&nbsp;&nbsp;כלמלכים שלשים ואחד&nbsp;<span class=""mam-spi-pe"">{פ}</span><br>",the king of Tirzah    1Total number of kings    31.,Ninguno
Joshua,13,1,ויהושע זקן בא בימים ויאמר יהוה אליו אתה זקנתה באת בימים והארץ נשארה הרבהמאד לרשתה,"Joshua was now old, advanced in years. GOD said to him, “You have grown old, you are advanced in years; and very much of the land still remains to be taken possession of. ",Ninguno
Joshua,13,2,זאת הארץ הנשארת כלגלילות הפלשתים וכלהגשורי,"This is the territory that remains: all the districts of the Philistines and all [those of] the Geshurites, ",Ninguno
Joshua,13,3,מןהשיחור אשר&thinsp;<b></b> עלפני מצרים ועד גבול עקרון צפונה לכנעני תחשב חמשת&thinsp;<b></b> סרני פלשתים העזתי והאשדודי האשקלוני הגתי והעקרוני והעוים,"from the Shihor, which is close to Egypt, to the territory of Ekron on the north, are accounted Canaanite, namely, those of the five lords of the Philistines—the Gazites, the Ashdodites, the Ashkelonites, the Gittites, and the Ekronites—and those of the Avvim ",Ninguno
Joshua,13,4,מתימן כלארץ הכנעני ומערה אשר לצידנים עדאפקה עד גבול האמרי,"on the south; further, all the Canaanite country from Mearah of the Sidonians to Aphek at the Amorite border ",Ninguno
Joshua,13,5,והארץ הגבלי וכלהלבנון מזרח השמש מבעל גד תחת הרחרמון עד לבוא חמת,"and the land of the Gebalites, with the whole [Valley of the] Lebanon, from Baal-gad at the foot of Mount Hermon to Lebo-hamath on the east, ",Ninguno
Joshua,13,6,כלישבי ההר מןהלבנון עדמשרפת מים כלצידנים אנכי אורישם מפני בני ישראל רק הפלה לישראל בנחלה כאשר צויתיך,"with all the inhabitants of the hill country from the [Valley of the] Lebanon to Misrephoth-maim,aMisrephoth-maim See note at 11.8. namely, all the Sidonians. I Myself will dispossess those nationsbthose nations Lit. “them.” for the Israelites; you have only to apportion their landsctheir lands Lit. “it.” by lot among Israel, as I have commanded you. ",Ninguno
Joshua,13,7,ועתה חלק אתהארץ הזאת בנחלה לתשעת השבטים וחצי השבט המנשה,"Therefore, divide this territory into hereditary portions for the nine tribes and the half-tribe of Manasseh.”",Ninguno
Joshua,13,8,עמו הראובני והגדי לקחו נחלתם אשר נתן להם משה בעבר הירדן מזרחה כאשר נתן להם משה עבד יהוה,"Now the Reubenites and the Gadites, along with the other half-tribe,dthe other half-tribe Lit. “it.” had already received the shares that Moses assigned to them on the east side of the Jordan—as assigned to them by Moses the servant of GOD: ",Ninguno
Joshua,13,9,מערוער אשר עלשפתנחל ארנון והעיר אשר בתוךהנחל וכלהמישר מידבא עדדיבון,"from Aroer on the edge of the Wadi Arnon and the town in the middle of the wadi, the entire Tableland [from] Medeba to Dibon, ",Ninguno
Joshua,13,10,וכל ערי סיחון מלך האמרי אשר מלך בחשבון עדגבול בני עמון,"embracing all the towns of King Sihon of the Amorites, who had reigned in Heshbon, up to the border of the Ammonites; ",Ninguno
Joshua,13,11,והגלעד וגבול הגשורי והמעכתי וכל הר חרמון וכלהבשן עדסלכה,"further, Gilead, the territories of the Geshurites and the Maacathites, and all of Mount Hermon, and the whole of Bashan up to Salcah— ",Ninguno
Joshua,13,12,כלממלכות עוג בבשן אשרמלך בעשתרות ובאדרעי הוא נשאר מיתר הרפאים ויכם משה וירשם,"the entire kingdom of Og, who had reigned over Bashan at Ashtaroth and at Edrei. (He was the last of the remaining Rephaim.) These were defeated and dispossessed by Moses; ",Ninguno
Joshua,13,13,ולא הורישו בני ישראל אתהגשורי ואתהמעכתי וישב גשור ומעכת בקרב ישראל עד היום הזה,"but the Israelites failed to dispossess the Geshurites and the Maacathites, and Geshur and Maacath remain among Israel to this day. ",Ninguno
Joshua,13,14,"רק לשבט הלוי לא נתן נחלה אשי יהוה אלהי ישראל הוא נחלתו כאשר דברלו&nbsp;<span class=""mam-spi-pe"">{פ}</span><br>","No hereditary portion, however, was assigned to the tribe of Levi, their portion being the fire offerings of the ETERNAL, the God of Israel, as [God] spoke concerning them.eas [God] spoke concerning them See Deut. 18.1. ",Ninguno
Joshua,13,15,ויתן משה למטה בניראובן למשפחתם,"And so Moses assigned [the following] to the tribe of the Reubenites, for their various clans, ",Ninguno
Joshua,13,16,ויהי להם הגבול מערוער אשר עלשפתנחל ארנון והעיר אשר בתוךהנחל וכלהמישר עלמידבא,"and it became theirs: The territory from Aroer, on the edge of the Wadi Arnon and the town in the middle of the wadi, up to Medeba—the entire Tableland— ",Ninguno
Joshua,13,17,חשבון וכלעריה אשר במישר דיבן ובמות בעל ובית בעל מעון,"Heshbon and all its towns in the Tableland: Dibon, Bamoth-baal, Beth-baal-meon, ",Ninguno
Joshua,13,18,ויהצה וקדמת ומפעת,"Jahaz, Kedemoth, Mephaath, ",Ninguno
Joshua,13,19,וקריתים ושבמה וצרת השחר בהר העמק,"Kiriathaim, Sibmah, and Zereth-shahar in the hill of the valley,fin the hill of the valley Emendation yields “in the hill country; and in the Valley…” ",Ninguno
Joshua,13,20,ובית פעור ואשדות הפסגה ובית הישמות,"Beth-peor, the slopes of Pisgah, and Beth-jeshimoth— ",Ninguno
Joshua,13,21,וכל ערי המישר וכלממלכות סיחון מלך האמרי אשר מלך בחשבון אשר הכה משה אתו&thinsp;<b></b> ואתנשיאי מדין אתאוי ואתרקם ואתצור ואתחור ואתרבע נסיכי סיחון ישבי הארץ,"all the towns of the Tableland and the entire kingdom of Sihon, the king of the Amorites, who had reigned in Heshbon. (For Moses defeated him and the Midianite chiefs Evi, Rekem, Zur, Hur, and Reba, who had dwelt in the land as princes of Sihon. ",Ninguno
Joshua,13,22,ואתבלעם בןבעור הקוסם הרגו בניישראל בחרב אלחלליהם,"Together with the others that they slew, the Israelites put Balaam son of Beor, the augur, to the sword.) ",Ninguno
Joshua,13,23,"ויהי גבול בני ראובן הירדן וגבול זאת נחלת בניראובן למשפחותם הערים וחצריהן&nbsp;<span class=""mam-spi-pe"">{פ}</span><br>",The boundary of the Reubenites was the edge of the Jordan. That was the portion of the Reubenites for their various clans—those towns with their villages.,Ninguno
Joshua,13,24,ויתן משה למטהגד לבניגד למשפחתם,"To the tribe of Gad, for the various Gadite clans, Moses assigned [the following], ",Ninguno
Joshua,13,25,ויהי להם הגבול יעזר וכלערי הגלעד וחצי ארץ בני עמון עדערוער אשר עלפני רבה,"and it became their territory: Jazer, all the towns of Gilead, part of the country of the Ammonites up to Aroer, which is close to Rabbah, ",Ninguno
Joshua,13,26,ומחשבון עדרמת המצפה ובטנים וממחנים עדגבול לדבר,"and from Heshbon to Ramath-mizpeh and Betonim, and from Mahanaim to the border of Lidbir;gLidbir Change of vocalization yields “Lo-debar”; cf. 2 Sam. 9.4, 5; 17.27. ",Ninguno
Joshua,13,27,ובעמק בית הרם ובית נמרה וסכות וצפון יתר ממלכות סיחון מלך חשבון הירדן וגבל עדקצה יםכנרת עבר הירדן מזרחה,"and in the Valley, Beth-haram, Beth-nimrah, Succoth, and Zaphon—the rest of the kingdom of Sihon, the king of Heshbon—down to the edge of the Jordan and up to the tip of the Sea of Chinnereth on the east side of the Jordan. ",Ninguno
Joshua,13,28,"זאת נחלת בניגד למשפחתם הערים וחצריהם&nbsp;<span class=""mam-spi-samekh"">{ס}</span>&nbsp;&nbsp;&nbsp;&nbsp;&nbsp;&nbsp;&nbsp;&nbsp;","That was the portion of the Gadites, for their various clans—those towns with their villages.",Ninguno
Joshua,13,29,ויתן משה לחצי שבט מנשה ויהי לחצי מטה בנימנשה למשפחותם,"And to the half-tribe of Manasseh Moses assigned [the following], so that it went to the half-tribe of Manasseh, for its various clans, ",Ninguno
Joshua,13,30,ויהי גבולם ממחנים כלהבשן כלממלכות&thinsp;<b></b> עוג מלךהבשן וכלחות יאיר אשר בבשן ששים עיר,"and became their territory: Mahanaim,hMahanaim Lit. “from Mahanaim.” all of Bashan, the entire kingdom of Og, king of Bashan, and all of Havvoth-jairiHavvoth-jair See note at Num. 32.41. in Bashan, sixty towns; ",Ninguno
Joshua,13,31,וחצי הגלעד ועשתרות ואדרעי ערי ממלכות עוג בבשן לבני מכיר בןמנשה לחצי בנימכיר למשפחותם,"and part of Gilead, and Ashtaroth and Edrei, the royal cities of Og in Bashan, were assigned to the descendants of Machir son of Manasseh—to a part of the descendants of Machir—for their various clans.",Ninguno
Joshua,13,32,"אלה אשרנחל משה בערבות מואב מעבר לירדן יריחו מזרחה&nbsp;<span class=""mam-spi-pe"">{פ}</span><br>","Those, then, were the portions that Moses assigned in the steppes of Moab, on the east side of the Jordan. ",Ninguno
Joshua,13,33,"ולשבט הלוי לאנתן משה נחלה יהוה אלהי ישראל הוא נחלתם כאשר דבר להם&nbsp;<span class=""mam-spi-samekh"">{ס}</span>&nbsp;&nbsp;&nbsp;&nbsp;&nbsp;&nbsp;&nbsp;&nbsp;","But no portion was assigned by Moses to the tribe of Levi; the ETERNAL, the God of Israel, is their portion—as [God] spoke concerning them.jas [God] spoke concerning them See Deut. 18.1. ",Ninguno
Joshua,14,1,ואלה אשרנחלו בניישראל בארץ כנען אשר נחלו אותם אלעזר הכהן ויהושע בןנון וראשי אבות המטות לבני ישראל,"And these are the allotments of the Israelites in the land of Canaan, that were apportioned to them by the priest Eleazar, by Joshua son of Nun, and by the family heads of the Israelite tribes, ",Ninguno
Joshua,14,2,בגורל נחלתם כאשר צוה יהוה בידמשה לתשעת המטות וחצי המטה,"the portions that fell to them by lot, as GOD had commanded through Moses for the nine and a half tribes. ",Ninguno
Joshua,14,3,כינתן משה נחלת שני המטות וחצי המטה מעבר לירדן וללוים לאנתן נחלה בתוכם,For the portion of the other two and a half tribes had been assigned to them by Moses on the other side of the Jordan. He had not assigned any portion among them to the Levites;,Ninguno
Joshua,14,4,כיהיו בנייוסף שני מטות מנשה ואפרים ולאנתנו חלק ללוים בארץ כי אםערים לשבת ומגרשיהם למקניהם ולקנינם,"for whereas the descendants of Joseph constituted two tribes, Manasseh and Ephraim, the Levites were assigned no share in the land, but only some towns to live in, with the pastures for their livestock and cattle. ",Ninguno
Joshua,14,5,"כאשר צוה יהוה אתמשה כן עשו בני ישראל ויחלקו אתהארץ&nbsp;<span class=""mam-spi-pe"">{פ}</span><br>","Just as GOD had commanded Moses, so the Israelites did when they apportioned the land.",Ninguno
Joshua,14,6,ויגשו בנייהודה אליהושע בגלגל ויאמר אליו כלב בןיפנה הקנזי אתה ידעת אתהדבר אשרדבר יהוה אלמשה אישהאלהים על אדותי ועל אדותיך בקדש ברנע,"The Judahites approached Joshua at Gilgal, and Caleb son of Jephunneh the Kenizzite said to him: “You know what instructions GOD gave at Kadesh-barnea to Moses, the agent of God, concerning you and me. ",Percepción (Yada)
Joshua,14,7,בןארבעים שנה אנכי בשלח משה עבדיהוה אתי מקדש ברנע לרגל אתהארץ ואשב אתו דבר כאשר עםלבבי,"I was forty years old when Moses the servant of GOD sent me from Kadesh-barnea to spy out the land, and I gave him a forthright report. ",Ninguno
Joshua,14,8,ואחי אשר עלו עמי המסיו אתלב העם ואנכי מלאתי אחרי יהוה אלהי,"While my companions who went up with me took the heart out of the people, I was loyal to my ETERNAL God. ",Ninguno
Joshua,14,9,וישבע משה ביום ההוא לאמר אםלא הארץ אשר דרכה רגלך בה לך תהיה לנחלה ולבניך עדעולם כי מלאת אחרי יהוה אלהי,"On that day, Moses promised on oath, ‘The land on which your foot trod shall be a portion for you and your descendants forever, because you were loyal to my ETERNAL God.’ ",Ninguno
Joshua,14,10,ועתה הנה החיה יהוה&thinsp;<small></small>&thinsp;אותי כאשר דבר זה ארבעים וחמש שנה מאז דבר יהוה אתהדבר הזה אלמשה אשרהלך ישראל במדבר ועתה הנה אנכי היום בןחמש ושמנים שנה,"Now GOD has preserved me, just as promised. It is forty-five years since GOD made this promise to Moses, when Israel was journeying through the wilderness; and here I am today, eighty-five years old. ",Ninguno
Joshua,14,11,עודני היום חזק כאשר ביום שלח אותי משה ככחי אז וככחי עתה למלחמה ולצאת ולבוא,"I am still as strong today as on the day that Moses sent me; my strength is the same now as it was then, for battle and for activity.aand for activity Lit. “and to go out and come in.” ",Ninguno
Joshua,14,12,ועתה תנהלי אתההר הזה אשרדבר יהוה ביום ההוא כי אתהשמעת ביום ההוא כיענקים שם וערים גדלות בצרות אולי יהוה אותי והורשתים כאשר דבר יהוה,"So assign to me this hill country as GOD promised on that day.bas GOD promised on that day Cf. Num. 14.24. Though you too heard on that day that Anakites are there and great fortified cities, if only GOD is with me, I will dispossess them, as GOD promised.”",Ninguno
Joshua,14,13,ויברכהו יהושע ויתן אתחברון לכלב בןיפנה לנחלה,So Joshua blessed Caleb son of Jephunneh and assigned Hebron to him as his portion.,Ninguno
Joshua,14,14,עלכן היתהחברון לכלב בןיפנה הקנזי לנחלה עד היום הזה יען אשר מלא אחרי יהוה אלהי ישראל,"Thus Hebron became the portion of Caleb son of Jephunneh the Kenizzite, as it still is, because he was loyal to the ETERNAL, the God of Israel.— ",Ninguno
Joshua,14,15,"ושם חברון לפנים קרית ארבע האדם הגדול בענקים הוא והארץ שקטה ממלחמה&nbsp;<span class=""mam-spi-pe"">{פ}</span><br>",The name of Hebron was formerly Kiriath-arba: [Arba] was the great man among the Anakites.And the land had rest from war.,Ninguno
Joshua,15,1,ויהי הגורל למטה בני יהודה למשפחתם אלגבול אדום מדברצן נגבה מקצה תימן,"The portion that fell by lot to the various clans of the tribe of Judah lay farthest south, down to the border of Edom, which is the Wilderness of Zin. ",Ninguno
Joshua,15,2,ויהי להם גבול נגב מקצה ים המלח מןהלשן הפנה נגבה,"Their southern boundary began from the tip of the Dead Sea, from the tongue that projects southward. ",Ninguno
Joshua,15,3,ויצא אלמנגב למעלה עקרבים ועבר צנה ועלה מנגב לקדש ברנע ועבר חצרון ועלה אדרה ונסב הקרקעה,"It proceeded to the south of the Ascent of Akrabbim, passed on to Zin, ascended to the south of Kadesh-barnea, passed on to Hezron, ascended to Addar, and made a turn to Karka. ",Ninguno
Joshua,15,4,"ועבר עצמונה ויצא נחל מצרים <span class=""mam-kq""><span class=""mam-kq-k"">(והיה)</span> <span class=""mam-kq-q"">[והיו]</span></span> תצאות הגבול ימה זהיהיה לכם גבול נגב",From there it passed on to Azmon and proceeded to the Wadi of Egypt; and the boundary ran on to the Sea. That shall be your southern boundary.,Ninguno
Joshua,15,5,וגבול קדמה ים המלח עדקצה הירדן וגבול לפאת צפונה מלשון הים מקצה הירדן,"The boundary on the east was the Dead Sea up to the mouth of the Jordan. On the northern side, the boundary began at the tongue of the Sea at the mouth of the Jordan. ",Ninguno
Joshua,15,6,ועלה הגבול בית חגלה ועבר מצפון לבית הערבה ועלה הגבול אבן בהן בןראובן,The boundary ascended to Beth-hoglah and passed north of Beth-arabah; then the boundary ascended to the Stone of Bohan son of Reuben.,Ninguno
Joshua,15,7,ועלה הגבול&thinsp;<small></small>&thinsp;דברה מעמק עכור וצפונה פנה אלהגלגל אשרנכח למעלה אדמים אשר מנגב לנחל ועבר הגבול אלמיעין שמש והיו תצאתיו אלעין רגל,"The boundary ascended from the Valley of Achor to Debir and turned northafrom the Valley of Achor to Debir and turned north Meaning of Heb. uncertain. to Gilgal,bGilgal Apparently identical with Geliloth, 18.17. facing the Ascent of Adummim that is south of the wadi; from there the boundary continued to the Waters of En-shemesh and ran on to En-rogel. ",Ninguno
Joshua,15,8,ועלה הגבול גי בןהנם אלכתף היבוסי מנגב היא ירושל͏ם ועלה הגבול אלראש ההר אשר עלפני גיהנם ימה אשר בקצה עמקרפאים צפונה,"Then the boundary ascended into the Valley of Ben-hinnom, along the southern flank of the Jebusites—that is, Jerusalem. The boundary then ran up to the top of the hill that flanks the Valley of Hinnom on the west, at the northern end of the Valley of Rephaim. ",Ninguno
Joshua,15,9,ותאר הגבול מראש ההר אלמעין מי נפתוח ויצא אלערי הרעפרון ותאר הגבול בעלה היא קרית יערים,"From that hilltop the boundary curved to the fountain of the Waters of Nephtoah and ran on to the towns of Mount Ephron; then the boundary curved to Baalah—that is, Kiriath-jearim. ",Ninguno
Joshua,15,10,ונסב הגבול מבעלה ימה אלהר שעיר ועבר אלכתף הריערים מצפונה היא כסלון וירד ביתשמש ועבר תמנה,"From Baalah the boundary turned westward to Mount Seir,cSeir Not the Seir of Edom. passed north of the slope of Mount Jearim—that is, Chesalon—descended to Beth-shemesh, and passed on to Timnah. ",Ninguno
Joshua,15,11,ויצא הגבול אלכתף עקרון צפונה ותאר הגבול שכרונה ועבר הרהבעלה ויצא יבנאל והיו תצאות הגבול ימה,"The boundary then proceeded to the northern flank of Ekron; the boundary curved to Shikkeron, passed on to Mount Baalah, and proceeded to Jabneel; and the boundary ran on to the Sea. ",Ninguno
Joshua,15,12,וגבול ים הימה הגדול וגבול זה גבול בנייהודה סביב למשפחתם,And the western boundary was the edge of the Mediterranean Sea. Those were the boundaries of the various clans of the Judahites on all sides.,Ninguno
Joshua,15,13,ולכלב בןיפנה נתן חלק בתוך בנייהודה אלפי יהוה ליהושע אתקרית ארבע אבי הענק היא חברון,"In accordance with GOD’s command to Joshua, Caleb son of Jephunneh was given a portion among the Judahites, namely, Kiriath-arba—that is, Hebron. ([Arba] was the father of Anak.) ",Ninguno
Joshua,15,14,וירש משם כלב אתשלושה בני הענק אתששי ואתאחימן ואתתלמי ילידי הענק,"Caleb dislodged from there the three Anakites: Sheshai, Ahiman, and Talmai, descendants of Anak. ",Ninguno
Joshua,15,15,ויעל משם אלישבי דבר ושםדבר לפנים קריתספר,From there he marched against the inhabitants of Debir—the name of Debir was formerly Kiriath-sepher—,Ninguno
Joshua,15,16,ויאמר כלב אשריכה אתקריתספר ולכדה ונתתי לו אתעכסה בתי לאשה,"and Caleb announced, “I will give my daughter Achsah in marriage to the man who attacks and captures Kiriath-sepher.” ",Ninguno
Joshua,15,17,וילכדה עתניאל בןקנז אחי כלב ויתןלו אתעכסה בתו לאשה,"His kinsmandkinsman Or “brother.” Othniel the KenizziteeKenizzite Cf. 14.6, 14. captured it; and Caleb gave him his daughter Achsah in marriage.",Ninguno
Joshua,15,18,ויהי&thinsp;<b></b> בבואה ותסיתהו לשאול מאתאביה שדה ותצנח מעל החמור ויאמרלה כלב מהלך,"When she came [to him], she induced himfWhen she came [to him], she induced him Meaning of Heb. uncertain. Some Greek mss. read “he induced her”; cf. Judg. 1.14. to ask her father for some property. She dismounted from her donkey, and Caleb asked her, “What is the matter?” ",Ninguno
Joshua,15,19,"ותאמר תנהלי ברכה כי ארץ הנגב נתתני ונתתה לי גלת מים ויתןלה את גלת עליות ואת גלת תחתיות&nbsp;<span class=""mam-spi-pe"">{פ}</span><br>","She replied, “Give me a present; for you have given me away as Negeb-land;gNegeb-land I.e., as a dry land, that is, without a dowry. so give me springs of water.” And he gave her Upper and Lower Gulloth.hGulloth I.e., “springs.” ",Ninguno
Joshua,15,20,זאת נחלת מטה בנייהודה למשפחתם,This was the portion of the tribe of the Judahites by their clans:,Ninguno
Joshua,15,21,ויהיו הערים מקצה למטה בנייהודה אלגבול אדום בנגבה קבצאל ועדר ויגור,"The towns at the far end of the tribe of Judah, near the border of Edom, in the Negeb, were: Kabzeel, Eder, Jagur, ",Ninguno
Joshua,15,22,וקינה ודימונה ועדעדה,"Kinah, Dimonah, Adadah, ",Ninguno
Joshua,15,23,וקדש וחצור ויתנן,"Kedesh, Hazor, Ithnan, ",Ninguno
Joshua,15,24,זיף וטלם ובעלות,"Ziph, Telem, Bealoth, ",Ninguno
Joshua,15,25,וחצור&thinsp;<small></small>&thinsp;חדתה וקריות חצרון היא חצור,"Hazor-hadattah, Kerioth-hezron—that is, Hazor— ",Ninguno
Joshua,15,26,אמם ושמע ומולדה,"Amam, Shema, Moladah, ",Ninguno
Joshua,15,27,וחצר גדה וחשמון ובית פלט,"Hazar-gaddah, Heshmon, Beth-pelet, ",Ninguno
Joshua,15,28,וחצר שועל ובאר שבע ובזיותיה,"Hazar-shual, Beer-sheba, Biziothiah, ",Ninguno
Joshua,15,29,בעלה ועיים ועצם,"Baalah, Iim, Ezem, ",Ninguno
Joshua,15,30,ואלתולד וכסיל וחרמה,"Eltolad, Chesil, Hormah, ",Ninguno
Joshua,15,31,וצקלג ומדמנה וסנסנה,"Ziklag, Madmannah, Sansannah, ",Ninguno
Joshua,15,32,"ולבאות ושלחים ועין ורמון כלערים עשרים ותשע וחצריהן&nbsp;<span class=""mam-spi-samekh"">{ס}</span>&nbsp;&nbsp;&nbsp;&nbsp;&nbsp;&nbsp;&nbsp;&nbsp;","Lebaoth, Shilhim,iLebaoth, Shilhim Cf. below 19.6. Ain and Rimmon.jAin and Rimmon Cf. Ain, Rimmon, 19.7 below, and 1 Chron. 4.32; En-rimmon, Neh. 11.29. Total: 29k29 The number is uncertain. Some of the same towns are listed under Simeon, cf. 19.1–9; so Rashi. towns, with their villages.",Ninguno
Joshua,15,33,בשפלה אשתאול וצרעה ואשנה,"In the Lowland: Eshtaol, Zorah, Ashnah, ",Ninguno
Joshua,15,34,וזנוח ועין גנים תפוח והעינם,"Zanoah, En-gannim, Tappuah, Enam, ",Ninguno
Joshua,15,35,ירמות ועדלם שוכה ועזקה,"Jarmuth, Adullam, Socoh, Azekah, ",Ninguno
Joshua,15,36,"ושערים ועדיתים והגדרה וגדרתים ערים ארבעעשרה וחצריהן&nbsp;<span class=""mam-spi-samekh"">{ס}</span>&nbsp;&nbsp;&nbsp;&nbsp;&nbsp;&nbsp;&nbsp;&nbsp;","Shaaraim, Adithaim, Gederah, and Gederothaim—14l14 The number is uncertain. Tappuah and Enam may have been one place; so Rashi on basis of 17.7. towns, with their villages.",Ninguno
Joshua,15,37,צנן וחדשה ומגדלגד,"Zenan, Hadashah, Migdal-gad, ",Ninguno
Joshua,15,38,ודלען והמצפה ויקתאל,"Dilan, Mizpeh, Joktheel, ",Ninguno
Joshua,15,39,לכיש ובצקת ועגלון,"Lachish, Bozkath, Eglon, ",Ninguno
Joshua,15,40,וכבון ולחמס וכתליש,"Cabbon, Lahmas, Chithlish, ",Ninguno
Joshua,15,41,"וגדרות ביתדגון ונעמה ומקדה ערים ששעשרה וחצריהן&nbsp;<span class=""mam-spi-samekh"">{ס}</span>&nbsp;&nbsp;&nbsp;&nbsp;&nbsp;&nbsp;&nbsp;&nbsp;","Gederoth, Beth-dagon, Naamah, and Makkedah: 16 towns, with their villages.",Ninguno
Joshua,15,42,לבנה ועתר ועשן,"Libnah, Ether, Ashan, ",Ninguno
Joshua,15,43,ויפתח ואשנה ונציב,"Iphtah, Ashnah, Nezib, ",Ninguno
Joshua,15,44,"וקעילה ואכזיב ומראשה ערים תשע וחצריהן&nbsp;<span class=""mam-spi-samekh"">{ס}</span>&nbsp;&nbsp;&nbsp;&nbsp;&nbsp;&nbsp;&nbsp;&nbsp;","Keilah, Achzib, and Mareshah: 9 towns, with their villages.",Ninguno
Joshua,15,45,עקרון ובנתיה וחצריה,"Ekron, with its dependencies and villages. ",Ninguno
Joshua,15,46,"מעקרון וימה כל אשרעליד אשדוד וחצריהן&nbsp;<span class=""mam-spi-samekh"">{ס}</span>&nbsp;&nbsp;&nbsp;&nbsp;&nbsp;&nbsp;&nbsp;&nbsp;","From Ekron westward, all the towns in the vicinity of Ashdod, with their villages— ",Ninguno
Joshua,15,47,"אשדוד בנותיה וחצריה עזה בנותיה וחצריה עדנחל מצרים והים <span class=""mam-kq""><span class=""mam-kq-k"">(הגבול)</span> <span class=""mam-kq-q"">[הגדול]</span></span> וגבול&nbsp;<span class=""mam-spi-samekh"">{ס}</span>&nbsp;&nbsp;&nbsp;&nbsp;&nbsp;&nbsp;&nbsp;&nbsp;","Ashdod, its dependencies and its villages—Gaza, its dependencies and its villages, all the way to the Wadi of Egypt and the edge of the Mediterranean Sea.",Ninguno
Joshua,15,48,ובהר שמיר ויתיר ושוכה,"And in the hill country: Shamir, Jattir, Socoh, ",Ninguno
Joshua,15,49,"ודנה וקריתסנה היא דבר&nbsp;<span class=""mam-spi-samekh"">{ס}</span>&nbsp;&nbsp;&nbsp;&nbsp;&nbsp;&nbsp;&nbsp;&nbsp;","Dannah, Kiriath-sannahmKiriath-sannah Emendation yields “Kiriath-sepher”; cf. Septuagint.—that is, Debir— ",Ninguno
Joshua,15,50,וענב ואשתמה וענים,"Anab, Eshtemoh, Anim, ",Ninguno
Joshua,15,51,"וגשן וחלן וגלה ערים אחתעשרה וחצריהן&nbsp;<span class=""mam-spi-samekh"">{ס}</span>&nbsp;&nbsp;&nbsp;&nbsp;&nbsp;&nbsp;&nbsp;&nbsp;","Goshen, Holon, and Giloh: 11 towns, with their villages.",Ninguno
Joshua,15,52,ארב ורומה ואשען,"Arab, Dumah, Eshan, ",Ninguno
Joshua,15,53,"<span class=""mam-kq""><span class=""mam-kq-k"">(וינים)</span> <span class=""mam-kq-q"">[וינום]</span></span> וביתתפוח ואפקה","Janum, Beth-tappuah, Aphekah, ",Ninguno
Joshua,15,54,"וחמטה וקרית ארבע היא חברון וציער ערים תשע וחצריהן&nbsp;<span class=""mam-spi-samekh"">{ס}</span>&nbsp;&nbsp;&nbsp;&nbsp;&nbsp;&nbsp;&nbsp;&nbsp;","Humtah, Kiriath-arba—that is, Hebron—and Zior: 9 towns, with their villages.",Ninguno
Joshua,15,55,מעון&thinsp;<small></small>&thinsp;כרמל וזיף ויוטה,"Maon, Carmel, Ziph, Juttah, ",Ninguno
Joshua,15,56,ויזרעאל ויקדעם וזנוח,"Jezreel, Jokdeam, Zanoah, ",Ninguno
Joshua,15,57,"הקין גבעה ותמנה ערים עשר וחצריהן&nbsp;<span class=""mam-spi-samekh"">{ס}</span>&nbsp;&nbsp;&nbsp;&nbsp;&nbsp;&nbsp;&nbsp;&nbsp;","Kain, Gibeah, and Timnah: 10 towns, with their villages.",Ninguno
Joshua,15,58,חלחול ביתצור וגדור,"Halhul, Beth-zur, Gedor, ",Ninguno
Joshua,15,59,"ומערת וביתענות ואלתקן ערים שש וחצריהן&nbsp;<span class=""mam-spi-pe"">{פ}</span><br>","Maarath, Beth-anoth, and Eltekon: 6 towns, with their villages.nSeptuagint adds: “Tekoa, Ephrathah—that is, Bethlehem—Peor, Etam, Kulon, Tatam, Sores, Karem, Gallim, Bether, and Manach—11 towns, with their villages.” ",Ninguno
Joshua,15,60,"קריתבעל היא קרית יערים והרבה ערים שתים וחצריהן&nbsp;<span class=""mam-spi-samekh"">{ס}</span>&nbsp;&nbsp;&nbsp;&nbsp;&nbsp;&nbsp;&nbsp;&nbsp;","Kiriath-baal—that is, Kiriath-jearim—and Rabbah: 2 towns, with their villages.",Ninguno
Joshua,15,61,במדבר בית הערבה מדין וסככה,"In the wilderness: Beth-arabah, Middin, Secacah, ",Ninguno
Joshua,15,62,והנבשן ועירהמלח ועין גדי ערים שש וחצריהן,"Nibshan, Ir-melah,oIr-melah Or “the City of Salt.” and En-gedi: 6 towns, with their villages.",Ninguno
Joshua,15,63,"ואתהיבוסי יושבי ירושל͏ם לא<span class=""mam-kq""><span class=""mam-kq-q"">[יכלו]</span> <span class=""mam-kq-k"">(יוכלו)</span></span> בנייהודה להורישם וישב היבוסי אתבני יהודה בירושל͏ם עד היום הזה&nbsp;<span class=""mam-spi-pe"">{פ}</span><br>","But the Judahites could not dispossess the Jebusites, the inhabitants of Jerusalem; so the Judahites dwell with the Jebusites in Jerusalem to this day.",Ninguno
Joshua,16,1,ויצא הגורל לבני יוסף מירדן יריחו למי יריחו מזרחה המדבר עלה מיריחו בהר ביתאל,The portion that fell by lot to the Josephites ran from the Jordan at Jericho—from the Waters of Jericho east of the wilderness. From Jericho it ascended through the hill country to Bethel.,Ninguno
Joshua,16,2,ויצא מביתאל לוזה ועבר אלגבול הארכי עטרות,"From Bethel it ran to Luz and passed on to the territory of the Archites at Ataroth, ",Ninguno
Joshua,16,3,"וירדימה אלגבול היפלטי עד גבול ביתחורן תחתון ועדגזר והיו <span class=""mam-kq-trivial"">תצאתו</span> ימה","descended westward to the territory of the Japhletites as far as the border of Lower Beth-horon and Gezer, and ran on to the Sea. ",Ninguno
Joshua,16,4,וינחלו בנייוסף מנשה ואפרים,"Thus the Josephites—that is, Manasseh and Ephraim—received their portion.",Ninguno
Joshua,16,5,ויהי גבול בניאפרים למשפחתם ויהי גבול נחלתם מזרחה עטרות אדר עדבית חורן עליון,"The territory of the Ephraimites, by their clans, was as follows: The boundary of their portion ran from Atroth-addar on the east to Upper Beth-horon, ",Ninguno
Joshua,16,6,ויצא הגבול הימה המכמתת מצפון ונסב הגבול מזרחה תאנת שלה ועבר אותו ממזרח ינוחה,"and the boundary ran on to the Sea. And on the north, the boundary proceeded from Michmethath to the east of Taanath-shiloh and passed beyond it up to the east of Janoah; ",Ninguno
Joshua,16,7,וירד מינוחה עטרות ונערתה ופגע ביריחו ויצא הירדן,"from Janoah it descended to Ataroth and Naarath, touched on Jericho, and ran on to the Jordan. ",Ninguno
Joshua,16,8,מתפוח ילך הגבול ימה נחל קנה והיו תצאתיו הימה זאת נחלת מטה בניאפרים למשפחתם,"Westward, the boundary proceeded from Tappuah to the Wadi Kanah and ran on to the Sea. This was the portion of the tribe of the Ephraimites, by their clans, ",Ninguno
Joshua,16,9,והערים המבדלות לבני אפרים בתוך נחלת בנימנשה כלהערים וחצריהן,together with the towns marked offamarked off Meaning of Heb. uncertain. for the Ephraimites within the territory of the Manassites—all those towns with their villages. ,Ninguno
Joshua,16,10,"ולא הורישו אתהכנעני היושב בגזר וישב הכנעני בקרב אפרים עדהיום הזה ויהי למסעבד&nbsp;<span class=""mam-spi-pe"">{פ}</span><br>","However, they failed to dispossess the Canaanites who dwelt in Gezer; so the Canaanites remained in the midst of Ephraim, as is still the case. But they had to perform forced labor.",Ninguno
Joshua,17,1,ויהי הגורל למטה מנשה כיהוא בכור יוסף למכיר בכור מנשה אבי הגלעד כי הוא היה איש מלחמה ויהילו הגלעד והבשן,"And this is the portion that fell by lot to the tribe of Manasseh—for he was Joseph’s first-born. Since Machir, the first-born of Manasseh and the father of Gilead, was a valiant warrior, Gilead and Bashan were assigned to him. ",Ninguno
Joshua,17,2,ויהי לבני מנשה הנותרים למשפחתם לבני אביעזר ולבניחלק ולבני אשריאל ולבנישכם ולבניחפר ולבני שמידע אלה בני מנשה בןיוסף הזכרים למשפחתם,"And now assignments were made to the remaining Manassites, by their clans: the descendants of Abiezer, Helek, Asriel, Shechem, Hepher, and Shemida. Those were the male descendants of Manasseh son of Joseph, by their clans.",Percepción (Yada)
Joshua,17,3,ולצלפחד בןחפר בןגלעד בןמכיר בןמנשה לאהיו לו בנים כי אםבנות ואלה שמות בנתיו מחלה ונעה חגלה מלכה ותרצה,"aCf. Num. 27.1–11. Now Zelophehad son of Hepher son of Gilead son of Machir son of Manasseh had no sons, but only daughters. The names of his daughters were Mahlah, Noah, Hoglah, Milcah, and Tirzah. ",Ninguno
Joshua,17,4,ותקרבנה לפני אלעזר הכהן ולפני&thinsp;<b></b> יהושע בןנון ולפני הנשיאים לאמר יהוה צוה אתמשה לתתלנו נחלה בתוך אחינו ויתן להם אלפי יהוה נחלה בתוך אחי אביהן,"They appeared before the priest Eleazar, Joshua son of Nun, and the chieftains, saying: “GOD commanded Moses to grant us a portion among our male kinsmen.” So, in accordance with GOD’s instructions, they were granted a portion among their father’s kinsmen. ",Ninguno
Joshua,17,5,ויפלו חבלימנשה עשרה לבד מארץ הגלעד והבשן אשר מעבר לירדן,"Ten districts fell to Manasseh, apart from the lands of Gilead and Bashan, which are across the Jordan. ",Ninguno
Joshua,17,6,כי בנות מנשה נחלו נחלה בתוך בניו וארץ הגלעד היתה לבנימנשה הנותרים,"Manasseh’s daughters inherited a portion in these together with his sons, while the land of Gilead was assigned to the rest of Manasseh’s descendants.",Ninguno
Joshua,17,7,ויהי גבולמנשה מאשר המכמתת אשר עלפני שכם והלך הגבול אלהימין אלישבי עין תפוח,"The boundary of Manasseh ran from Asher to Michmethath, which lies near Shechem. The boundary continued to the right, toward the inhabitants of En-tappuah.— ",Control/Derecha (Yamin)
Joshua,17,8,למנשה היתה ארץ תפוח ותפוח אלגבול מנשה לבני אפרים,"The region of Tappuah belonged to Manasseh; but Tappuah, on the border of Manasseh, belonged to the Ephraimites.— ",Ninguno
Joshua,17,9,וירד הגבול נחל קנה נגבה לנחל ערים האלה לאפרים בתוך ערי מנשה וגבול מנשה מצפון לנחל ויהי תצאתיו הימה,Then the boundary descended to the Wadi Kanah. Those towns to the south of the wadi belonged to Ephraim as an enclave among the towns of Manasseh. The boundary of Manasseh lay north of the wadi and ran on to the Sea.,Ninguno
Joshua,17,10,נגבה לאפרים וצפונה למנשה ויהי הים גבולו ובאשר יפגעון מצפון וביששכר ממזרח,"What lay to the south belonged to Ephraim, and what lay to the north belonged to Manasseh, with the Sea as its boundary. [This territory] was contiguous with Asher on the north and with Issachar on the east. ",Ninguno
Joshua,17,11,ויהי למנשה ביששכר ובאשר ביתשאן ובנותיה ויבלעם ובנותיה ואתישבי דאר ובנותיה וישבי עיןדר ובנותיה וישבי תענך ובנתיה וישבי מגדו ובנותיה שלשת הנפת,"Within Issachar and Asher, Manasseh possessed Beth-shean and its dependencies, Ibleam and its dependencies, the inhabitants of Dor and its dependencies, the inhabitants of En-dor and its dependencies, the inhabitants of Taanach and its dependencies, and the inhabitants of Megiddo and its dependencies: these constituted three regions.bthese constituted three regions Meaning of Heb. uncertain. ",Ninguno
Joshua,17,12,ולא יכלו בני מנשה להוריש אתהערים האלה ויואל הכנעני לשבת בארץ הזאת,"The Manassites could not dispossess [the inhabitants of] these towns, and the Canaanites stubbornly remained in this region. ",Ninguno
Joshua,17,13,"ויהי כי חזקו בני ישראל ויתנו אתהכנעני למס והורש לא הורישו&nbsp;<span class=""mam-spi-samekh"">{ס}</span>&nbsp;&nbsp;&nbsp;&nbsp;&nbsp;&nbsp;&nbsp;&nbsp;","When the Israelites became stronger, they imposed tribute on the Canaanites; but they did not dispossess them.",Ninguno
Joshua,17,14,וידברו בני יוסף אתיהושע לאמר מדוע נתתה לי נחלה גורל אחד וחבל אחד ואני עםרב עד אשרעדכה ברכני יהוה,"The Josephites complained to Joshua, saying, “Why have you assigned as our portion a single allotment and a single district, seeing that we are a numerous people whom GOD has blessed so greatly?” ",Ninguno
Joshua,17,15,ויאמר אליהם יהושע אםעםרב אתה עלה לך היערה ובראת לך שם בארץ הפרזי והרפאים כיאץ לך הראפרים,"“If you are a numerous people,” Joshua answered them, “go up to the forest country and clear an area for yourselves there, in the territory of the Perizzites and the Rephaim, seeing that you are cramped in the hill country of Ephraim.” ",Ninguno
Joshua,17,16,ויאמרו בני יוסף לאימצא לנו ההר ורכב ברזל בכלהכנעני הישב בארץהעמק לאשר בביתשאן ובנותיה ולאשר בעמק יזרעאל,"“The hill country is not enough for us,” the Josephites replied, “and all the Canaanites who live in the valley area have iron chariots, both those in Beth-shean and its dependencies and those in the Valley of Jezreel.” ",Ninguno
Joshua,17,17,ויאמר יהושע אלבית יוסף לאפרים ולמנשה לאמר עםרב אתה וכח גדול לך לאיהיה לך גורל אחד,"But Joshua declared to the House of Joseph, to Ephraim and Manasseh, “You are indeed a numerous people, possessed of great strength; you shall not have one allotment only. ",Ninguno
Joshua,17,18,"כי הר יהיהלך כייער הוא ובראתו והיה לך תצאתיו כיתוריש אתהכנעני כי רכב ברזל לו כי חזק הוא&nbsp;<span class=""mam-spi-pe"">{פ}</span><br>","The hill country shall be yours as well; true, it is forest land, but you will clear it and possess it to its farthest limits. And you shall also dispossess the Canaanites, even though they have iron chariots and even though they are strong.”",Ninguno
Joshua,18,1,ויקהלו כלעדת בניישראל שלה וישכינו שם אתאהל מועד והארץ נכבשה לפניהם,"The whole community of Israelitesawhole community of Israelites Presumably the leaders, on the community’s behalf. assembled at Shiloh, and set up the Tent of Meeting there. The land was now under their control; ",Ninguno
Joshua,18,2,ויותרו בבני ישראל אשר לאחלקו אתנחלתם שבעה שבטים,but there remained seven tribes of the Israelites that had not yet received their portions.,Ninguno
Joshua,18,3,ויאמר יהושע אלבני ישראל עדאנה אתם מתרפים לבוא לרשת אתהארץ אשר נתן לכם יהוה אלהי אבותיכם,"So Joshua said to the Israelites, “How long will you be slack about going and taking possession of the land that the ETERNAL, the God of your ancestors, has assigned to you? ",Ninguno
Joshua,18,4,הבו לכם שלשה אנשים לשבט ואשלחם ויקמו ויתהלכו בארץ ויכתבו אותה לפי נחלתם ויבאו אלי,"Appoint three representatives from each tribe; I will send them out to go through the country and write down a description of it for purposes of apportionment, and then come back to me. ",Ninguno
Joshua,18,5,והתחלקו אתה לשבעה חלקים יהודה יעמד עלגבולו מנגב ובית יוסף יעמדו עלגבולם מצפון,"They shall divide it into seven parts—Judah shall remain by its territory in the south, and the house of Joseph shall remain by its territory in the north.— ",Ninguno
Joshua,18,6,ואתם תכתבו אתהארץ שבעה חלקים והבאתם אלי הנה ויריתי לכם גורל פה לפני יהוה אלהינו,"When you have written down the description of the land in seven parts, bring it here to me. Then I will cast lots for you here before the ETERNAL our God. ",Ninguno
Joshua,18,7,כי איןחלק ללוים בקרבכם כיכהנת יהוה נחלתו וגד וראובן וחצי שבט המנשה לקחו נחלתם מעבר לירדן מזרחה אשר נתן להם משה עבד יהוה,"For the Levites have no share among you, since GOD’s priesthood is their portion; and Gad and Reuben and the half-tribe of Manasseh have received the portions that were assigned to them by Moses the servant of GOD, on the eastern side of the Jordan.”",Ninguno
Joshua,18,8,ויקמו האנשים וילכו ויצו יהושע אתההלכים לכתב אתהארץ לאמר לכו והתהלכו בארץ וכתבו אותה ושובו אלי ופה אשליך לכם גורל לפני יהוה בשלה,"The men set out on their journeys: Joshua ordered those who were leaving to write down a description of the land—“Go, traverse the country and write down a description of it. Then return to me, and I will cast lots for you here at Shiloh before GOD.”",Ninguno
Joshua,18,9,וילכו האנשים ויעברו בארץ ויכתבוה לערים לשבעה חלקים עלספר ויבאו אליהושע אלהמחנה שלה,"So the men went and traversed the land; they described it in a document, town by town, in seven parts, and they returned to Joshua in the camp at Shiloh. ",Ninguno
Joshua,18,10,"וישלך להם יהושע גורל בשלה לפני יהוה ויחלקשם יהושע אתהארץ לבני ישראל כמחלקתם&nbsp;<span class=""mam-spi-pe"">{פ}</span><br>","Joshua cast lots for them at Shiloh before GOD, and there Joshua apportioned the land among the Israelites according to their divisions.",Ninguno
Joshua,18,11,ויעל גורל מטה בניבנימן למשפחתם ויצא גבול גורלם בין בני יהודה ובין בני יוסף,"The lot of the tribe of the Benjaminites, by their clans, came out first. The territory that fell to their lot lay between the Judahites and the Josephites. ",Separación (Beyn)
Joshua,18,12,"ויהי להם הגבול לפאת צפונה מןהירדן ועלה הגבול אלכתף יריחו מצפון ועלה בהר ימה <span class=""mam-kq""><span class=""mam-kq-k"">(והיה)</span> <span class=""mam-kq-q"">[והיו]</span></span> תצאתיו מדברה בית און","The boundary on their northern rim began at the Jordan; the boundary ascended to the northern flank of Jericho, ascended westward into the hill country and ran on to the Wilderness of Beth-aven. ",Ninguno
Joshua,18,13,ועבר משם הגבול לוזה אלכתף לוזה נגבה היא ביתאל וירד הגבול עטרות אדר עלההר אשר מנגב לביתחרון תחתון,"From there the boundary passed on southward to Luz, to the flank of Luz—that is, Bethel; then the boundary descended to Atroth-addar [and] to the hill south of Lower Beth-horon. ",Ninguno
Joshua,18,14,"ותאר הגבול ונסב לפאתים נגבה מןההר אשר עלפני ביתחרון נגבה <span class=""mam-kq""><span class=""mam-kq-k"">(והיה)</span> <span class=""mam-kq-q"">[והיו]</span></span> תצאתיו אלקריתבעל היא קרית יערים עיר בני יהודה זאת פאתים","The boundary now turned and curved onto the western rim; and the boundary ran southward from the hill on the south side of Beth-horon till it ended at Kiriath-baal—that is, Kiriath-jearim—a town of the Judahites. That was the western rim. ",Ninguno
Joshua,18,15,ופאתנגבה מקצה קרית יערים ויצא הגבול ימה ויצא אלמעין מי נפתוח,"The southern rim: From the outskirts of Kiriath-jearim, the boundary passed westwardbwestward Emendation yields “eastward.” and ran on to the fountain of the Waters of Nephtoah. ",Ninguno
Joshua,18,16,וירד הגבול אלקצה ההר אשר עלפני גי בןהנם אשר בעמק רפאים צפונה וירד גי הנם אלכתף היבוסי נגבה וירד עין רגל,Then the boundary descended to the foot of the hill by the Valley of Ben-hinnom at the northern end of the Valley of Rephaim; then it ran down the Valley of Hinnom along the southern flank of the Jebusites to En-rogel.,Ninguno
Joshua,18,17,ותאר מצפון ויצא עין שמש ויצא אלגלילות אשרנכח מעלה אדמים וירד אבן בהן בןראובן,"Curving northward, it ran on to En-shemesh and ran on to Geliloth, facing the Ascent of Adummim, and descended to the Stone of Bohan son of Reuben. ",Ninguno
Joshua,18,18,ועבר אלכתף מולהערבה צפונה וירד הערבתה,It continued northward to the edge of the Arabah and descended into the Arabah.,Ninguno
Joshua,18,19,"ועבר הגבול אלכתף ביתחגלה צפונה <span class=""mam-kq""><span class=""mam-kq-k"">(והיה)</span> <span class=""mam-kq-q"">[והיו&thinsp;<b></b>]</span></span> <span class=""mam-kq""><span class=""mam-kq-k"">(תצאותיו)</span> <span class=""mam-kq-q"">[תצאות]</span></span> הגבול אללשון יםהמלח צפונה אלקצה הירדן נגבה זה גבול נגב","The boundary passed on to the northern flank of Beth-hoglah, and the boundary ended at the northern tongue of the Dead Sea, at the southern end of the Jordan. That was the southern boundary. ",Ninguno
Joshua,18,20,"והירדן יגבלאתו לפאתקדמה זאת נחלת בני בנימן לגבולתיה סביב למשפחתם&nbsp;<span class=""mam-spi-pe"">{פ}</span><br>","On their eastern rim, finally, the Jordan was their boundary. That was the portion of the Benjaminites, by their clans, according to its boundaries on all sides.",Ninguno
Joshua,18,21,והיו הערים למטה בני בנימן למשפחותיהם יריחו וביתחגלה ועמק קציץ,"And the towns of the tribe of the Benjaminites, by its clans, were: Jericho, Beth-hoglah, Emek-keziz, ",Ninguno
Joshua,18,22,ובית הערבה וצמרים וביתאל,"Beth-arabah, Zemaraim, Bethel, ",Ninguno
Joshua,18,23,והעוים והפרה ועפרה,"Avvim, Parah, Ophrah, ",Ninguno
Joshua,18,24,"וכפר <span class=""mam-kq""><span class=""mam-kq-k"">(העמני)</span> <span class=""mam-kq-q"">[העמנה]</span></span> והעפני וגבע ערים שתיםעשרה וחצריהן","Chephar-ammonah, Ophni, and Geba—12 towns, with their villages. ",Ninguno
Joshua,18,25,גבעון והרמה ובארות,"Also Gibeon, Ramah, Beeroth, ",Ninguno
Joshua,18,26,והמצפה והכפירה והמצה,"Mizpeh, Chephirah, Mozah, ",Ninguno
Joshua,18,27,ורקם וירפאל ותראלה,"Rekem, Irpeel, Taralah, ",Ninguno
Joshua,18,28,"וצלע האלף והיבוסי היא ירושל͏ם גבעת קרית ערים ארבעעשרה וחצריהן זאת נחלת בניבנימן למשפחתם&nbsp;<span class=""mam-spi-pe"">{פ}</span><br>","Zela, Eleph, and JebuscJebus Heb. “the Jebusite.”—that is, Jerusalem—Gibeath [and] Kiriath:dKiriath Emendation yields “and Kiriath-jearim.” 14 towns, with their villages. That was the portion of the Benjaminites, by their clans.",Ninguno
Joshua,19,1,ויצא הגורל השני לשמעון למטה בנישמעון למשפחותם ויהי נחלתם בתוך נחלת בנייהודה,"The second lot fell to Simeon. The portion of the tribe of the Simeonites, by their clans, lay inside the portion of the Judahites. ",Ninguno
Joshua,19,2,ויהי להם בנחלתם בארשבע ושבע ומולדה,"Their portion comprised: Beer-sheba—or Sheba—Moladah, ",Ninguno
Joshua,19,3,וחצר שועל ובלה ועצם,"Hazar-shual, Balah, Ezem, ",Ninguno
Joshua,19,4,ואלתולד ובתול וחרמה,"Eltolad, Bethul,aBethul Cf. 15.30 “Chesil.” Hormah, ",Ninguno
Joshua,19,5,וצקלג וביתהמרכבות וחצר סוסה,"Ziklag, Beth-marcaboth, Hazar-susah, ",Ninguno
Joshua,19,6,ובית לבאות ושרוחן ערים שלשעשרה וחצריהן,"Beth-lebaoth, and SharuhenbSharuhen Cf. 15.32 “Shilhim.”—13 towns, with their villages. ",Ninguno
Joshua,19,7,עין&thinsp;<small></small>&thinsp;רמון ועתר ועשן ערים ארבע וחצריהן,"Ain, Rimmon, Ether, and Ashan: 4 towns, with their villages— ",Ninguno
Joshua,19,8,וכלהחצרים אשר סביבות הערים האלה עדבעלת באר ראמת נגב זאת נחלת מטה בנישמעון למשפחתם,"together with all the villages in the vicinity of those towns, down to Baalath-beer [and] Ramath-negeb. That was the portion of the tribe of the Simeonites, by their clans. ",Ninguno
Joshua,19,9,"מחבל בני יהודה נחלת בני שמעון כיהיה חלק בנייהודה רב מהם וינחלו בנישמעון בתוך נחלתם&nbsp;<span class=""mam-spi-pe"">{פ}</span><br>","The portion of the Simeonites was part of the territory of the Judahites; since the share of the Judahites was larger than they needed, the Simeonites received a portion inside their portion.",Ninguno
Joshua,19,10,ויעל הגורל השלישי לבני זבולן למשפחתם ויהי גבול נחלתם עדשריד,"The third lot emerged for the Zebulunites, by their clans. The boundary of their portion: Starting at Sarid, ",Ninguno
Joshua,19,11,ועלה גבולם&thinsp;<small></small>&thinsp;לימה ומרעלה ופגע בדבשת ופגע אלהנחל אשר עלפני יקנעם,"their boundaryctheir boundary I.e., the southern one. ascended westward to Maralah, touching Dabbesheth and touching the wadi alongside Jokneam. ",Ninguno
Joshua,19,12,ושב משריד קדמה מזרח השמש עלגבול כסלת תבר ויצא אלהדברת ועלה יפיע,"And it also ran from Sarid along the eastern side, where the sun rises, past the territory of Chisloth-tabor and on to Daberath and ascended to Japhia. ",Ninguno
Joshua,19,13,ומשם עבר קדמה מזרחה גתה חפר עתה קצין ויצא רמון המתאר הנעה,"From there it ran [back] to the east, toward the sunrise, to Gath-hepher, to Eth-kazin, and on to Rimmon, where it curved to Neah. ",Ninguno
Joshua,19,14,ונסב אתו הגבול מצפון חנתן והיו תצאתיו גי יפתחאל,"Then it turned—that is, the boundary on the north—to Hannathon. Its extreme limitsdextreme limits I.e., the northwest corner, opposite the starting point, Sarid. were the Valley of Iphtah-el, ",Ninguno
Joshua,19,15,וקטת ונהלל ושמרון וידאלה ובית לחם ערים שתיםעשרה וחצריהן,"Kattath, Nahalal, Shimron, Idalah, and Bethlehem: 12 towns, with their villages. ",Ninguno
Joshua,19,16,"זאת נחלת בניזבולן למשפחותם הערים האלה וחצריהן&nbsp;<span class=""mam-spi-pe"">{פ}</span><br>","That was the portion of the Zebulunites by their clans—those towns, with their villages.",Ninguno
Joshua,19,17,ליששכר יצא הגורל הרביעי לבני יששכר למשפחותם,"The fourth lot fell to Issachar, the Issacharites by their clans. ",Ninguno
Joshua,19,18,ויהי גבולם יזרעאלה והכסולת ושונם,"Their territory comprised: Jezreel, Chesulloth, Shunem, ",Ninguno
Joshua,19,19,וחפרים ושיאן ואנחרת,"Hapharaim, Shion, Anaharath, ",Ninguno
Joshua,19,20,והרבית וקשיון ואבץ,"Rabbith, Kishion, Ebez, ",Ninguno
Joshua,19,21,ורמת ועיןגנים ועין חדה ובית פצץ,"Remeth, En-gannim, En-haddah, and Beth-pazzez. ",Ninguno
Joshua,19,22,"ופגע הגבול בתבור <span class=""mam-kq""><span class=""mam-kq-k"">(ושחצומה)</span> <span class=""mam-kq-q"">[ושחצימה]</span></span> ובית שמש והיו תצאות גבולם הירדן ערים ששעשרה וחצריהן","The boundary touched Tabor, Shahazimah, and Beth-shemesh; and their boundary ran to the Jordan: 16 towns, with their villages. ",Ninguno
Joshua,19,23,"זאת נחלת מטה בנייששכר למשפחתם הערים וחצריהן&nbsp;<span class=""mam-spi-pe"">{פ}</span><br>","That was the portion of the tribe of the Issacharites, by their clans—the towns with their villages.",Ninguno
Joshua,19,24,ויצא הגורל החמישי למטה בניאשר למשפחותם,"The fifth lot fell to the tribe of the Asherites, by their clans. ",Ninguno
Joshua,19,25,ויהי גבולם חלקת וחלי ובטן ואכשף,"Their boundaryeTheir boundary I.e., the southern one. ran along Helkath, Hali, Beten, Achshaph, ",Ninguno
Joshua,19,26,ואלמלך ועמעד ומשאל ופגע בכרמל הימה ובשיחור לבנת,"Allammelech, Amad, and Mishal; and it touched Carmel on the west, and Shihor-libnath. ",Ninguno
Joshua,19,27,ושב מזרח השמש בית דגן ופגע בזבלון ובגי יפתחאל צפונה בית העמק ונעיאל ויצא אלכבול משמאל,"It also ranfIt also ran From Helkath, v. 25. along the east side to Beth-dagon, and touched Zebulun and the Valley of Iphtah-el to the north, [as also] Beth-emek and Neiel; then it ran to Cabul on the north,gthen it ran to Cabul on the north Meaning of Heb. uncertain. ",Caos/Izquierda (Smol)
Joshua,19,28,ועברן ורחב וחמון וקנה עד צידון רבה,"Ebron,hEbron Some Heb. mss., as well as Josh. 21.30 and 1 Chron. 6.59, read “Abdon.” Rehob, Hammon, and Kanah, up to Great Sidon. ",Ninguno
Joshua,19,29,"ושב הגבול הרמה ועדעיר מבצרצר ושב הגבול חסה <span class=""mam-kq""><span class=""mam-kq-k"">(ויהיו)</span> <span class=""mam-kq-q"">[והיו]</span></span> תצאתיו הימה מחבל אכזיבה","The boundary turned to Ramah and on to the fortified city of Tyre; then the boundary turned to Hosah and it ran on westward to Mehebel,iand it ran on westward to Mehebel Meaning of Heb. uncertain. Achzib, ",Ninguno
Joshua,19,30,ועמה ואפק ורחב ערים עשרים ושתים וחצריהן,"Ummah, Aphek, and Rehob: 22 towns, with their villages. ",Ninguno
Joshua,19,31,"זאת נחלת מטה בניאשר למשפחתם הערים האלה וחצריהן&nbsp;<span class=""mam-spi-pe"">{פ}</span><br>","That was the portion of the tribe of the Asherites, by their clans—those towns, with their villages.",Ninguno
Joshua,19,32,לבני נפתלי יצא הגורל הששי לבני נפתלי למשפחתם,"The sixth lot fell to the Naphtalites, the Naphtalites by their clans. ",Ninguno
Joshua,19,33,ויהי גבולם מחלף מאלון בצעננים ואדמי הנקב ויבנאל עדלקום ויהי תצאתיו הירדן,"jThe geography of vv. 33–35 is unclear in part. Their boundary ran from Heleph, Elon-bezaanannim, Adami-nekeb, and Jabneel to Lakkum, and it ended at the Jordan. ",Ninguno
Joshua,19,34,ושב הגבול ימה אזנות תבור ויצא משם חוקקה ופגע בזבלון מנגב ובאשר פגע מים וביהודה הירדן מזרח השמש,"The boundary then turned westward to Aznoth-tabor and ran from there to Hukok. It touched Zebulun on the south, and it touched Asher on the west, and Judah at the Jordan on the east. ",Ninguno
Joshua,19,35,וערי מבצר הצדים צר וחמת רקת וכנרת,"Its fortified towns were Ziddim, Zer, Hammath, Rakkath, Chinnereth, ",Ninguno
Joshua,19,36,ואדמה והרמה וחצור,"Adamah, Ramah, Hazor, ",Ninguno
Joshua,19,37,וקדש ואדרעי ועין חצור,"Kedesh, Edrei, En-hazor, ",Ninguno
Joshua,19,38,ויראון ומגדלאל חרם וביתענת ובית שמש ערים תשעעשרה וחצריהן,"Iron, Migdal-el, Horem, Beth-anath, and Beth-shemesh: 19 towns, with their villages. ",Ninguno
Joshua,19,39,"זאת נחלת מטה בנינפתלי למשפחתם הערים וחצריהן&nbsp;<span class=""mam-spi-pe"">{פ}</span><br>","That was the portion of the tribe of the Naphtalites, by their clans—the towns, with their villages.",Ninguno
Joshua,19,40,למטה בנידן למשפחתם יצא הגורל השביעי,"The seventh lot fell to the tribe of the Danites, by their clans. ",Ninguno
Joshua,19,41,ויהי גבול נחלתם צרעה ואשתאול ועיר שמש,"Their allotted territory comprised: Zorah, Eshtaol, Ir-shemesh, ",Ninguno
Joshua,19,42,ושעלבין ואילון ויתלה,"Shaalabbin, Aijalon, Ithlah, ",Separación (Beyn)
Joshua,19,43,ואילון ותמנתה ועקרון,"Elon, Timnah, Ekron, ",Ninguno
Joshua,19,44,ואלתקה וגבתון ובעלת,"Eltekeh, Gibbethon, Baalath, ",Ninguno
Joshua,19,45,ויהד ובניברק וגתרמון,"Jehud, Bene-berak, Gath-rimmon, ",Ninguno
Joshua,19,46,ומי הירקון והרקון עםהגבול מול יפו,"Me-jarkon, and Rakkon, at the border near Joppa. ",Ninguno
Joshua,19,47,ויצא גבולבנידן מהם ויעלו בנידן וילחמו עםלשם וילכדו אותה&thinsp;<b></b> ויכו אותה לפיחרב וירשו אותה וישבו בה ויקראו ללשם דן כשם דן אביהם,"But the territory of the Danites slipped from their grasp. So the Danites migrated and made war on Leshem.kLeshem Called Laish in Judg. 18.7ff. They captured it and put it to the sword; they took possession of it and settled in it. And they changed the name of Leshem to Dan, after their ancestor Dan. ",Ninguno
Joshua,19,48,"זאת נחלת מטה בנידן למשפחתם הערים האלה וחצריהן&nbsp;<span class=""mam-spi-samekh"">{ס}</span>&nbsp;&nbsp;&nbsp;&nbsp;&nbsp;&nbsp;&nbsp;&nbsp;","That was the portion of the tribe of the Danites, by their clans—those towns, with their villages.",Ninguno
Joshua,19,49,ויכלו לנחלאתהארץ לגבולתיה ויתנו בניישראל נחלה ליהושע בןנון בתוכם,"When they had finished allotting the land by its boundaries, the Israelites gave a portion in their midst to Joshua son of Nun. ",Ninguno
Joshua,19,50,עלפי יהוה נתנו לו אתהעיר אשר שאל אתתמנתסרח בהר אפרים ויבנה אתהעיר וישב בה,"At GOD’s command they gave him the town that he asked for, Timnath-serah in the hill country of Ephraim; he fortified the town and settled in it.",Ninguno
Joshua,19,51,"אלה הנחלת אשר נחלו אלעזר הכהן&thinsp;<small></small>&thinsp;ויהושע בןנון וראשי האבות למטות בניישראל&thinsp;<small></small>&thinsp;בגורל&thinsp;<small></small>&thinsp;בשלה לפני יהוה פתח אהל מועד ויכלו מחלק אתהארץ&nbsp;<span class=""mam-spi-pe"">{פ}</span><br>","These are the portions assigned by lot to the tribes of Israel by the priest Eleazar, Joshua son of Nun, and the family heads,lassigned by lot … family heads Or “allotted by the priest Eleazar, Joshua son of Nun, and the family heads of the Israelite tribes, by lot”; cf. 14.1. before GOD at Shiloh, at the entrance of the Tent of Meeting.When they had finished dividing the land,",Ninguno
Joshua,20,1,וידבר יהוה אליהושע לאמר," 
GOD
 said to Joshua: ",Ninguno
Joshua,20,2,דבר אלבני ישראל לאמר תנו לכם אתערי המקלט אשרדברתי אליכם בידמשה,“Speak to the Israelites: Designate the cities of refuge—about which I commanded you through Moses—,Ninguno
Joshua,20,3,לנוס שמה רוצח מכהנפש בשגגה בבלידעת והיו לכם למקלט מגאל הדם,"to which a manslayer who kills a person by mistake, unintentionally, may flee.amanslayer … may flee I.e., regardless of the victim’s gender. As for a female culprit, the case may have been more complex. They shall serve you as a refuge from the blood avenger. ",Percepción (Yada)
Joshua,20,4,ונס אלאחת&thinsp;<b></b> מהערים האלה ועמד פתח שער העיר ודבר באזני זקניהעיר ההיא אתדבריו ואספו אתו העירה אליהם ונתנולו מקום וישב עמם,"[The slayer] shall flee to one of those cities, stand at the entrance to the city gate, and plead the case before the elders of that city; and they shall offer admission to the city and provide a place in which to live among them. ",Ninguno
Joshua,20,5,וכי ירדף גאל הדם אחריו ולאיסגרו אתהרצח בידו כי בבלידעת הכה אתרעהו ולאשנא הוא לו מתמול שלשום,"Should the blood avenger come in pursuit, they shall not give up the manslayer, since the other person was killed without intent and had not been an enemy in the past. ",Percepción (Yada)
Joshua,20,6,וישב&thinsp;<b></b> בעיר ההיא עדעמדו לפני העדה למשפט עדמות הכהן הגדול אשר יהיה בימים ההם אז&thinsp;<b></b> ישוב הרוצח ובא אלעירו ואלביתו אלהעיר אשרנס משם,"[The slayer] shall live in that city until there is a trial before the assembly, [and remain there] until the death of the high priest who is in office at that time. Thereafter, the manslayer may return home, to the town from which that person fled.”",Ninguno
Joshua,20,7,ויקדשו אתקדש בגליל בהר נפתלי ואתשכם בהר אפרים ואתקרית ארבע היא חברון בהר יהודה,"So they set aside Kedesh in the hill country of Naphtali in Galilee, Shechem in the hill country of Ephraim, and Kiriath-arba—that is, Hebron—in the hill country of Judah. ",Ninguno
Joshua,20,8,"ומעבר לירדן יריחו מזרחה נתנו אתבצר במדבר במישר ממטה ראובן ואתראמת בגלעד ממטהגד ואת<span class=""mam-kq""><span class=""mam-kq-q"">[גולן]</span> <span class=""mam-kq-k"">(גלון)</span></span> בבשן ממטה מנשה","And across the Jordan, east of Jericho, they assigned Bezer in the wilderness, in the Tableland, from the tribe of Reuben; Ramoth in Gilead from the tribe of Gad; and Golan in Bashan from the tribe of Manasseh. ",Ninguno
Joshua,20,9,"אלה היו ערי המועדה לכל&thinsp;<b></b> בני ישראל ולגר הגר בתוכם לנוס שמה כלמכהנפש בשגגה ולא ימות ביד גאל הדם עדעמדו לפני העדה&nbsp;<span class=""mam-spi-pe"">{פ}</span><br>","Those were the towns designatedbdesignated Meaning of Heb. uncertain. for all the Israelites and for the resident aliens among them, to which anyone who killed a person unintentionally might flee, and not die by the hand of the blood avenger before standing trial by the assembly.",Ninguno
Joshua,21,1,ויגשו ראשי אבות הלוים אלאלעזר הכהן ואליהושע בןנון ואלראשי אבות המטות לבני ישראל,"The family heads of the Levites approached the priest Eleazar, Joshua son of Nun, and the family heads of the Israelite tribes, ",Ninguno
Joshua,21,2,"וידברו אליהם בשלה בארץ כנען לאמר יהוה צוה בידמשה לתתלנו ערים לשבת ומגרשיהן לבהמתנו&nbsp;<span class=""mam-spi-pe"">{פ}</span><br>","and spoke to them at Shiloh in the land of Canaan, as follows: “GOD commanded through Moses that we be given towns to live in, along with their pastures for our livestock.” ",Ninguno
Joshua,21,3,ויתנו בניישראל ללוים מנחלתם אלפי יהוה אתהערים האלה ואתמגרשיהן,"So the Israelites, in accordance with GOD’s command, assigned to the Levites, out of their own portions, the following towns with their pastures:",Ninguno
Joshua,21,4,"ויצא הגורל למשפחת הקהתי ויהי לבני אהרן הכהן מןהלוים ממטה יהודה וממטה השמעני וממטה בנימן בגורל ערים שלש עשרה&nbsp;<span class=""mam-spi-samekh"">{ס}</span>&nbsp;&nbsp;&nbsp;&nbsp;&nbsp;&nbsp;&nbsp;&nbsp;","The [first] lot among the Levites fell to the Kohathite clans. To the descendants of the priest Aaron, there fell by lot 13 towns from the tribe of Judah, the tribe of Simeon, and the tribe of Benjamin; ",Ninguno
Joshua,21,5,"ולבני קהת הנותרים ממשפחת מטהאפרים וממטהדן ומחצי מטה מנשה בגורל ערים עשר&nbsp;<span class=""mam-spi-samekh"">{ס}</span>&nbsp;&nbsp;&nbsp;&nbsp;&nbsp;&nbsp;&nbsp;&nbsp;","and to the remaining Kohathites [there fell] by lot 10 towns from the clans of the tribe of Ephraim, the tribe of Dan, and the half-tribe of Manasseh.",Ninguno
Joshua,21,6,"ולבני גרשון ממשפחות מטהיששכר וממטהאשר וממטה נפתלי ומחצי מטה מנשה בבשן בגורל ערים שלש עשרה&nbsp;<span class=""mam-spi-samekh"">{ס}</span>&nbsp;&nbsp;&nbsp;&nbsp;&nbsp;&nbsp;&nbsp;&nbsp;","To the Gershonites [there fell] by lot 13 towns from the clans of the tribe of Issachar, the tribe of Asher, the tribe of Naphtali, and the half-tribe of Manasseh in Bashan.",Ninguno
Joshua,21,7,"לבני מררי למשפחתם ממטה ראובן וממטהגד וממטה זבולן ערים שתים עשרה&nbsp;<span class=""mam-spi-samekh"">{ס}</span>&nbsp;&nbsp;&nbsp;&nbsp;&nbsp;&nbsp;&nbsp;&nbsp;","[And] to the Merarites, by their clans—12 towns from the tribe of Reuben, the tribe of Gad, and the tribe of Zebulun. ",Ninguno
Joshua,21,8,"ויתנו בניישראל ללוים אתהערים האלה ואתמגרשיהן כאשר צוה יהוה בידמשה בגורל&nbsp;<span class=""mam-spi-pe"">{פ}</span><br>",The Israelites assigned those towns with their pastures by lot to the Levites—as GOD had commanded through Moses.,Ninguno
Joshua,21,9,ויתנו ממטה בני יהודה וממטה בני שמעון את הערים האלה אשריקרא אתהן בשם,"From the tribe of the Judahites and the tribe of the Simeonites were assigned the following towns, which will be listed by name; ",Ninguno
Joshua,21,10,ויהי לבני אהרן ממשפחות הקהתי מבני לוי כי להם היה הגורל ראישנה,"they went to the descendants of Aaron among the Kohathite clans of the Levites, for the first lot had fallen to them. ",Ninguno
Joshua,21,11,ויתנו להם אתקרית ארבע אבי הענוק היא חברון בהר יהודה ואתמגרשה סביבתיה,"To them were assigned in the hill country of Judah Kiriath-arba—that is, Hebron—together with the pastures around it. [Arba was] the father of the Anokites.aAnokites Elsewhere “Anakites”; cf. Num. 13.22; Deut. 9.2. ",Ninguno
Joshua,21,12,"ואתשדה העיר ואתחצריה נתנו לכלב בןיפנה באחזתו&nbsp;<span class=""mam-spi-samekh"">{ס}</span>&nbsp;&nbsp;&nbsp;&nbsp;&nbsp;&nbsp;&nbsp;&nbsp;",They gave the fields and the villages of the town to Caleb son of Jephunneh as his holding.,Ninguno
Joshua,21,13,ולבני&thinsp;<b></b> אהרן הכהן נתנו אתעיר מקלט הרצח אתחברון ואתמגרשה ואתלבנה ואתמגרשה,"But to the descendants of Aaron the priest they assigned Hebron—the city of refuge for manslayersbcity of refuge for manslayers See note at 20.3.—together with its pastures, Libnah with its pastures, ",Ninguno
Joshua,21,14,ואתיתר ואתמגרשה ואתאשתמע ואתמגרשה,"Jattir with its pastures, Eshtemoa with its pastures, ",Ninguno
Joshua,21,15,ואתחלן ואתמגרשה ואתדבר ואתמגרשה,"Holon with its pastures, Debir with its pastures, ",Ninguno
Joshua,21,16,"ואתעין ואתמגרשה ואתיטה ואתמגרשה אתבית שמש ואתמגרשה ערים תשע מאת שני השבטים האלה&nbsp;<span class=""mam-spi-samekh"">{ס}</span>&nbsp;&nbsp;&nbsp;&nbsp;&nbsp;&nbsp;&nbsp;&nbsp;","Ain with its pastures, Juttah with its pastures, and Beth-shemesh with its pastures—9 towns from those two tribes. ",Ninguno
Joshua,21,17,וממטה בנימין אתגבעון ואתמגרשה אתגבע ואתמגרשה,"And from the tribe of Benjamin: Gibeon with its pastures, Geba with its pastures, ",Control/Derecha (Yamin)
Joshua,21,18,אתענתות ואתמגרשה ואתעלמון ואתמגרשה ערים ארבע,"Anathoth with its pastures, and Almon with its pastures—4 towns. ",Ninguno
Joshua,21,19,"כלערי בניאהרן הכהנים שלשעשרה ערים ומגרשיהן&nbsp;<span class=""mam-spi-samekh"">{ס}</span>&nbsp;&nbsp;&nbsp;&nbsp;&nbsp;&nbsp;&nbsp;&nbsp;","All the towns of the descendants of the priest Aaron, 13 towns with their pastures.",Ninguno
Joshua,21,20,ולמשפחות בניקהת הלוים הנותרים מבני קהת ויהי ערי גורלם ממטה אפרים,"cExplicating v. 5. As for the other clans of the Kohathites, the remaining Levites descended from Kohath, the towns in their lot were: From the tribe of Ephraim ",Ninguno
Joshua,21,21,ויתנו להם אתעיר מקלט הרצח אתשכם ואתמגרשה בהר אפרים ואתגזר ואתמגרשה,"they were given, in the hill country of Ephraim, Shechem—the city of refuge for manslayers—with its pastures, Gezer with its pastures, ",Ninguno
Joshua,21,22,"ואתקבצים ואתמגרשה ואתבית חורן ואתמגרשה ערים ארבע&nbsp;<span class=""mam-spi-samekh"">{ס}</span>&nbsp;&nbsp;&nbsp;&nbsp;&nbsp;&nbsp;&nbsp;&nbsp;","Kibzaim with its pastures, and Beth-horon with its pastures—4 towns. ",Ninguno
Joshua,21,23,וממטהדן אתאלתקא ואתמגרשה אתגבתון ואתמגרשה,"From the tribe of Dan, Elteke with its pastures, Gibbethon with its pastures, ",Ninguno
Joshua,21,24,אתאילון ואתמגרשה אתגתרמון ואתמגרשה ערים ארבע,"Aijalon with its pastures, and Gath-rimmon with its pastures—4 towns. ",Ninguno
Joshua,21,25,וממחצית מטה מנשה אתתענך ואתמגרשה ואתגת רמון ואתמגרשה ערים שתים,"And from the half-tribe of Manasseh, Taanach with its pastures, and Gath-rimmon with its pastures—2 towns. ",Ninguno
Joshua,21,26,"כלערים עשר ומגרשיהן למשפחות בניקהת הנותרים&nbsp;<span class=""mam-spi-samekh"">{ס}</span>&nbsp;&nbsp;&nbsp;&nbsp;&nbsp;&nbsp;&nbsp;&nbsp;","All the towns for the remaining clans of the Kohathites came to 10, with their pastures.",Ninguno
Joshua,21,27,"ולבני גרשון ממשפחת הלוים מחצי מטה מנשה אתעיר מקלט הרצח את<span class=""mam-kq""><span class=""mam-kq-q"">[גולן]</span> <span class=""mam-kq-k"">(גלון)</span></span> בבשן ואתמגרשה ואתבעשתרה ואתמגרשה ערים שתים&nbsp;<span class=""mam-spi-samekh"">{ס}</span>&nbsp;&nbsp;&nbsp;&nbsp;&nbsp;&nbsp;&nbsp;&nbsp;","To the Gershonites of the Levitical clans: From the half-tribe of Manasseh, Golan in Bashan—the city of refuge for manslayers—with its pastures, and Beeshterah with its pastures—2 towns. ",Ninguno
Joshua,21,28,וממטה יששכר אתקשיון ואתמגרשה אתדברת ואתמגרשה,"From the tribe of Issachar: Kishion with its pastures, Dobrath with its pastures, ",Ninguno
Joshua,21,29,"אתירמות ואתמגרשה אתעין גנים ואתמגרשה ערים ארבע&nbsp;<span class=""mam-spi-samekh"">{ס}</span>&nbsp;&nbsp;&nbsp;&nbsp;&nbsp;&nbsp;&nbsp;&nbsp;","Jarmuth with its pastures, and En-gannim with its pastures—4 towns. ",Ninguno
Joshua,21,30,וממטה אשר אתמשאל ואתמגרשה אתעבדון ואתמגרשה,"From the tribe of Asher: Mishal with its pastures, Abdon with its pastures, ",Ninguno
Joshua,21,31,"אתחלקת ואתמגרשה ואתרחב ואתמגרשה ערים ארבע&nbsp;<span class=""mam-spi-samekh"">{ס}</span>&nbsp;&nbsp;&nbsp;&nbsp;&nbsp;&nbsp;&nbsp;&nbsp;","Helkath with its pastures, and Rehob with its pastures—4 towns. ",Ninguno
Joshua,21,32,וממטה נפתלי אתעיר&thinsp;<b></b> מקלט הרצח אתקדש בגליל ואתמגרשה ואתחמת דאר ואתמגרשה ואתקרתן ואתמגרשה ערים שלש,"From the tribe of Naphtali, Kedesh in Galilee—the city of refuge for manslayers—with its pastures, Hammoth-dor with its pastures, and Kartan with its pastures—3 towns. ",Ninguno
Joshua,21,33,"כלערי הגרשני למשפחתם שלשעשרה עיר ומגרשיהן&nbsp;<span class=""mam-spi-samekh"">{ס}</span>&nbsp;&nbsp;&nbsp;&nbsp;&nbsp;&nbsp;&nbsp;&nbsp;","All the towns of the Gershonites, by their clans, came to 13 towns, with their pastures.",Ninguno
Joshua,21,34,ולמשפחות בנימררי הלוים הנותרים מאת מטה זבולן אתיקנעם ואתמגרשה אתקרתה ואתמגרשה,"To the remaining Levites, the clans of the Merarites: From the tribe of Zebulun, Jokneam with its pastures, Kartah with its pastures, ",Ninguno
Joshua,21,35,"אתדמנה ואתמגרשה אתנהלל ואתמגרשה ערים ארבע&nbsp;<span class=""mam-spi-samekh"">{ס}</span>&nbsp;&nbsp;&nbsp;&nbsp;&nbsp;&nbsp;&nbsp;&nbsp;","Dimnah with its pastures, and Nahalal with its pastures—4 towns.dSome mss. and editions add the following (cf. 1 Chron. 6.63–64): “And from the tribe of Reuben: Bezer with its pastures, Jahaz with its pastures, Kedemoth with its pastures, and Mephaath with its pastures—4 towns.” ",Ninguno
Joshua,21,36,—,--,Ninguno
Joshua,21,37,—,--,Ninguno
Joshua,21,38,וממטהגד אתעיר מקלט הרצח אתרמת בגלעד ואתמגרשה ואתמחנים ואתמגרשה,"From the tribe of Gad, Ramoth in Gilead—the city of refuge for manslayers—with its pastures, Mahanaim with its pastures, ",Ninguno
Joshua,21,39,אתחשבון ואתמגרשה אתיעזר ואתמגרשה כלערים ארבע,"Heshbon with its pastures, and Jazer with its pastures—4 towns in all. ",Ninguno
Joshua,21,40,כלהערים לבני מררי למשפחתם הנותרים ממשפחות הלוים ויהי גורלם ערים שתים עשרה,"All the towns that went by lot to the Merarites, by their clans—the rest of the Levitical clans—came to 12 towns. ",Ninguno
Joshua,21,41,כל ערי הלוים בתוך אחזת בניישראל ערים ארבעים ושמנה ומגרשיהן,"All the towns of the Levites within the holdings of the Israelites came to 48 towns, with their pastures. ",Ninguno
Joshua,21,42,"תהיינה הערים האלה עיר עיר ומגרשיה סביבתיה כן לכלהערים האלה&nbsp;<span class=""mam-spi-samekh"">{ס}</span>&nbsp;&nbsp;&nbsp;&nbsp;&nbsp;&nbsp;&nbsp;&nbsp;","eMeaning of verse uncertain. Thus those towns were assigned, every town with its surrounding pasture; and so it was with all those towns.",Ninguno
Joshua,21,43,ויתן יהוה לישראל אתכלהארץ אשר נשבע לתת לאבותם וירשוה וישבו בה,Israel was given the whole country that GOD had sworn to their fathersffathers See note at 1.6. to assign them; they took possession of it and settled in it. ,Ninguno
Joshua,21,44,וינח יהוה להם מסביב ככל אשרנשבע לאבותם ולאעמד איש בפניהם מכלאיביהם את כלאיביהם נתן יהוה בידם,"GOD gave them rest on all sides, just as had been promised to their fathersgfathers See note at 1.6. on oath. Not one of all their enemies withstood them; GOD delivered all their enemies into their hands. ",Ninguno
Joshua,21,45,"לאנפל דבר מכל הדבר הטוב אשרדבר יהוה אלבית ישראל הכל בא&nbsp;<span class=""mam-spi-pe"">{פ}</span><br>",Not one of the good things that GOD had promised to the House of Israel was lacking. Everything was fulfilled.,Ninguno
Joshua,22,1,אז יקרא יהושע לראובני ולגדי ולחצי מטה מנשה,"Then Joshua summoned the Reubenites, the Gadites, and the half-tribe of Manasseh, ",Ninguno
Joshua,22,2,ויאמר אליהם אתם שמרתם את כלאשר צוה אתכם משה עבד יהוה ותשמעו בקולי לכל אשרצויתי אתכם,"and said to them, “You have observed all that Moses the servant of GOD commanded you, and have obeyed me in everything that I commanded you. ",Ninguno
Joshua,22,3,לאעזבתם אתאחיכם זה ימים רבים עד היום הזה ושמרתם אתמשמרת מצות יהוה אלהיכם,"You have not forsaken your kindred through the long years down to this day, but have faithfully observed the Instruction of the ETERNAL your God. ",Ninguno
Joshua,22,4,ועתה הניח יהוה אלהיכם לאחיכם כאשר דבר להם ועתה פנו ולכו לכם לאהליכם אלארץ אחזתכם אשר&thinsp;<b></b> נתן לכם משה עבד יהוה בעבר הירדן,"Now the ETERNAL your God has given your kindred rest, as [God] promised them. Therefore turn and go to your homes, to the land of your holdings beyond the Jordan that Moses the servant of GOD assigned to you. ",Ninguno
Joshua,22,5,רק&thinsp;<b></b> שמרו מאד לעשות אתהמצוה ואתהתורה אשר צוה אתכם משה עבדיהוה לאהבה אתיהוה אלהיכם וללכת בכלדרכיו ולשמר מצותיו ולדבקהבו ולעבדו בכללבבכם ובכלנפשכם,"But be very careful to fulfill the Instruction and the Teaching that Moses the servant of GOD enjoined upon you: to love the ETERNAL your God, to walk in godly ways, to keep the commandments, and to hold fast to [God]—and to render service with all your heart and soul.” ",Ninguno
Joshua,22,6,"ויברכם יהושע וישלחם וילכו אלאהליהם&nbsp;<span class=""mam-spi-pe"">{פ}</span><br>","Then Joshua blessed them and dismissed them, and they went to their homes.",Ninguno
Joshua,22,7,"ולחצי&thinsp;<b></b> שבט המנשה נתן משה בבשן ולחציו נתן יהושע עםאחיהם <span class=""mam-kq""><span class=""mam-kq-k"">(מעבר)</span> <span class=""mam-kq-q"">[בעבר]</span></span> הירדן ימה וגם כישלחם יהושע אלאהליהם ויברכם","To the one half-tribe of Manasseh Moses had assigned territory in Bashan, and to the other Joshua assigned [territory] on the west side of the Jordan, with their kindred.atheir kindred I.e., the other nine tribes. Furthermore, when Joshua sent the two and a half tribesbthe two and a half tribes Heb. “them.” off to their homes, he blessed them ",Ninguno
Joshua,22,8,"ויאמר אליהם לאמר בנכסים רבים שובו אלאהליכם ובמקנה רבמאד בכסף ובזהב ובנחשת ובברזל ובשלמות הרבה מאד חלקו שללאיביכם עםאחיכם&nbsp;<span class=""mam-spi-pe"">{פ}</span><br>","and said to them, “Return to your homes with great wealth—with very much livestock, with silver and gold, with copper and iron, and with a great quantity of clothing. Share the spoil of your enemies with your kin.” ",Ninguno
Joshua,22,9,וישבו וילכו בניראובן ובניגד וחצי&thinsp;<b></b> שבט המנשה מאת בני ישראל משלה אשר בארץכנען ללכת אלארץ הגלעד אלארץ אחזתם אשר נאחזובה עלפי יהוה בידמשה,"So the Reubenites, the Gadites, and the half-tribe of Manasseh left the Israelites at Shiloh, in the land of Canaan, and made their way back to the land of Gilead, the land of their own holding, which they had acquired by GOD’s command through Moses. ",Ninguno
Joshua,22,10,ויבאו אלגלילות הירדן אשר בארץ כנען ויבנו בניראובן ובניגד וחצי שבט המנשה שם מזבח עלהירדן מזבח גדול למראה,"When they came to the region of the Jordan in the land of Canaan, the Reubenites and the Gadites and the half-tribe of Manasseh built an altar there by the Jordan, a great conspicuous altar.",Ninguno
Joshua,22,11,וישמעו בניישראל לאמר הנה בנו בניראובן ובניגד וחצי שבט המנשה אתהמזבח אלמול ארץ כנען אלגלילות הירדן אלעבר בני ישראל,"A report reached the Israelites: “The Reubenites, the Gadites, and the half-tribe of Manasseh have built an altar opposite the land of Canaan, in the region of the Jordan, across from the Israelites.” ",Ninguno
Joshua,22,12,"וישמעו בני ישראל ויקהלו כלעדת בניישראל שלה לעלות עליהם לצבא&nbsp;<span class=""mam-spi-pe"">{פ}</span><br>","When the Israelites heard this, the whole community of the Israelitescwhole community of the Israelites I.e., the leadership or the militia, on the community’s behalf. assembled at Shiloh to make war on them. ",Ninguno
Joshua,22,13,וישלחו בניישראל אלבניראובן ואלבניגד ואלחצי שבטמנשה אלארץ הגלעד אתפינחס בןאלעזר הכהן,"But [first] the Israelites sent the priest Phinehas son of Eleazar to the Reubenites, the Gadites, and the half-tribe of Manasseh in the land of Gilead, ",Ninguno
Joshua,22,14,ועשרה נשאים עמו נשיא אחד נשיא אחד לבית אב לכל מטות ישראל ואיש ראש ביתאבותם המה לאלפי ישראל,"accompanied by ten chieftains, one chieftain from each of the tribal families of Israel, every one of them a family head among the contingents of Israel. ",Ninguno
Joshua,22,15,ויבאו אלבניראובן ואלבניגד ואלחצי שבטמנשה אלארץ הגלעד וידברו אתם לאמר,"When they came to the Reubenites, the Gadites, and the half-tribe of Manasseh in the land of Gilead, they spoke to them as follows:",Ninguno
Joshua,22,16,כה אמרו כל&thinsp;<b></b> עדת יהוה מההמעל הזה אשר מעלתם באלהי ישראל לשוב היום מאחרי יהוה בבנותכם לכם מזבח למרדכם היום ביהוה,"“Thus said all of GOD’s community: What is this treachery that you have committed this day against the God of Israel, turning away from GOD, building yourselves an altar and rebelling this day against GOD! ",Ninguno
Joshua,22,17,המעטלנו אתעון פעור אשר לאהטהרנו ממנו עד היום הזה ויהי הנגף בעדת יהוה,"Is the sin of Peor, which brought a plague upon GOD’s community, such a small thing to us? We have not purified ourselves from it to this very day; ",Ninguno
Joshua,22,18,ואתם תשבו היום מאחרי יהוה והיה אתם תמרדו היום ביהוה ומחר אלכלעדת ישראל יקצף,"and now you would turn away from GOD! If you rebel against GOD today, tomorrow the divine wrath will be directed at the whole community of Israel. ",Ninguno
Joshua,22,19,ואך אםטמאה ארץ אחזתכם עברו לכם אלארץ אחזת יהוה אשר שכןשם משכן יהוה והאחזו בתוכנו וביהוה אלתמרדו ואתנו אלתמרדו בבנתכם לכם מזבח מבלעדי מזבח יהוה אלהינו,"If it is because the land of your holding is impure, cross over into the land of GOD’s own holding, where the Tabernacle of GOD abides, and acquire holdings among us. But do not rebel against GOD, and do not rebel against us by building for yourselves an altar other than the altar of the ETERNAL our God. ",Ninguno
Joshua,22,20,"הלוא&thinsp;<b></b> עכן בןזרח מעל מעל בחרם ועלכלעדת ישראל היה קצף והוא איש אחד לא גוע בעונו&nbsp;<span class=""mam-spi-samekh"">{ס}</span>&nbsp;&nbsp;&nbsp;&nbsp;&nbsp;&nbsp;&nbsp;&nbsp;","When Achan son of Zerah violated the proscription, anger struck the whole community of Israel; he was not the only one who perished for that sin.”dhe was not the only one who perished for that sin Or “—and he was [just] one man! Did he not perish for his sin?” ",Ninguno
Joshua,22,21,ויענו בניראובן ובניגד וחצי שבט המנשה וידברו אתראשי אלפי ישראל,"The Reubenites, the Gadites, and the half-tribe of Manasseh replied to the heads of the contingents of Israel: They said, ",Ninguno
Joshua,22,22,אל&thinsp;<small></small>&thinsp;אלהים&thinsp;<small></small>&thinsp;יהוה אל&thinsp;<small></small>&thinsp;אלהים&thinsp;<small></small>&thinsp;יהוה הוא ידע וישראל הוא ידע אםבמרד ואםבמעל ביהוה אלתושיענו היום הזה,"“God, the ETERNAL God! God, the ETERNAL God, surely knows, and Israel too shall know! If we acted in rebellion or in treachery against GOD, do not vindicate us this day! ",Percepción (Yada)
Joshua,22,23,לבנות לנו מזבח לשוב מאחרי יהוה ואםלהעלות עליו עולה ומנחה ואםלעשות עליו זבחי שלמים יהוה הוא יבקש,"If we built an altar to turn away from GOD, if it was to offer burnt offerings or grain offerings upon it, or to present sacrifices of well-being upon it, may GOD be the one to demand [a reckoning]. ",Ninguno
Joshua,22,24,ואםלא מדאגה מדבר עשינו אתזאת לאמר מחר יאמרו בניכם לבנינו לאמר מהלכם וליהוה אלהי ישראל,"We did this thing only out of our concern that, in time to come, your children might say to our children, ‘What have you to do with the ETERNAL, the God of Israel? ",Ninguno
Joshua,22,25,וגבול נתןיהוה ביננו וביניכם בניראובן ובניגד אתהירדן איןלכם חלק ביהוה והשביתו בניכם אתבנינו לבלתי ירא אתיהוה,"GOD has made the Jordan a boundary between you and us, O Reubenites and Gadites; you have no share in GOD!’ Thus your children might prevent our children from worshiping GOD. ",Ninguno
Joshua,22,26,ונאמר נעשהנא לנו לבנות אתהמזבח לא לעולה ולא לזבח,"So we decided to provide [a witness] for ourselves by building an altar—not for burnt offerings or [other] sacrifices, ",Ninguno
Joshua,22,27,כי עד הוא בינינו וביניכם ובין דרותינו אחרינו לעבד אתעבדת יהוה לפניו בעלותינו ובזבחינו ובשלמינו ולאיאמרו בניכם מחר לבנינו איןלכם חלק ביהוה,"but as a witness between you and us, and between the generations to come—that we may perform the service of GOD at Shiloheat Shiloh Lit. “before Him.” with our burnt offerings, our sacrifices, and our offerings of well-being; and that your children should not say to our children in time to come, ‘You have no share in GOD.’ ",Separación (Beyn)
Joshua,22,28,ונאמר והיה כייאמרו אלינו ואלדרתינו מחר ואמרנו ראו אתתבנית מזבח יהוה אשרעשו אבותינו לא לעולה ולא לזבח כיעד הוא בינינו וביניכם,"We reasoned: should they speak thus to us and to our children in time to come, we would reply, ‘See the replica of GOD’s altar,fGOD’s altar At Shiloh. which our fathers made—not for burnt offerings or sacrifices, but as a witness between you and us.’ ",Ninguno
Joshua,22,29,"חלילה לנו ממנו למרד ביהוה ולשוב היום מאחרי יהוה לבנות מזבח לעלה למנחה ולזבח מלבד מזבח יהוה אלהינו אשר לפני משכנו&nbsp;<span class=""mam-spi-pe"">{פ}</span><br>","Far be it from us to rebel against GOD, or to turn away this day from GOD and build an altar for burnt offerings, grain offerings, and sacrifices other than the altar of the ETERNAL our God that stands before the Tabernacle.”",Ninguno
Joshua,22,30,וישמע פינחס הכהן ונשיאי העדה וראשי אלפי ישראל אשר אתו אתהדברים אשר דברו בניראובן ובניגד ובני מנשה וייטב בעיניהם,"When the priest Phinehas and the chieftains of the community—the heads of the contingents of Israel—who were with him heard the explanation given by the Reubenites, the Gadites, and the Manassites, they approved. ",Ninguno
Joshua,22,31,ויאמר פינחס בןאלעזר הכהן אלבניראובן ואלבניגד ואלבני מנשה היום&thinsp;<small></small>&thinsp;ידענו כיבתוכנו יהוה אשר לאמעלתם ביהוה המעל הזה אז הצלתם אתבני ישראל מיד יהוה,"The priest Phinehas son of Eleazar said to the Reubenites, the Gadites, and the Manassites, “Now we know that GOD is in our midst, since you have not committed such treachery against GOD. You have indeed saved the Israelites from punishment by GOD.”",Percepción (Yada)
Joshua,22,32,וישב פינחס בןאלעזר הכהן&thinsp;<small></small>&thinsp;והנשיאים מאת בניראובן ומאת בניגד מארץ הגלעד אלארץ כנען אלבני ישראל וישבו אותם דבר,"Then the priest Phinehas son of Eleazar and the chieftains returned from the Reubenites and the Gadites in the land of Gilead to the Israelites in the land of Canaan, and gave them their report. ",Ninguno
Joshua,22,33,וייטב הדבר בעיני בני ישראל ויברכו אלהים בני ישראל ולא אמרו לעלות עליהם לצבא לשחת אתהארץ אשר בניראובן ובניגד ישבים בה,"The Israelites were pleased, and the Israelites praised God; and they spoke no more of going to war against them, to ravage the land in which the Reubenites and Gadites dwelt.",Ninguno
Joshua,22,34,"ויקראו בניראובן ובניגד למזבח כי עד הוא בינתינו כי יהוה האלהים&nbsp;<span class=""mam-spi-pe"">{פ}</span><br>","The Reubenites and the Gadites named the altar [“Witness”], meaning, “It is a witness between us and them that the ETERNAL is [our] God.”",Ninguno
Joshua,23,1,ויהי מימים רבים אחרי אשרהניח יהוה לישראל מכלאיביהם מסביב ויהושע זקן בא בימים,"Much later, after GOD had given Israel rest from all the enemies around them, and when Joshua was old and well advanced in years, ",Ninguno
Joshua,23,2,ויקרא יהושע לכלישראל לזקניו ולראשיו ולשפטיו ולשטריו ויאמר אלהם אני זקנתי באתי בימים,"Joshua summoned all Israel, their elders and commanders, their magistrates and officials, and said to them: “I have grown old and am advanced in years. ",Ninguno
Joshua,23,3,ואתם ראיתם את כלאשר עשה יהוה אלהיכם לכלהגוים האלה מפניכם כי יהוה אלהיכם הוא הנלחם לכם,"You have seen all that the ETERNAL your God has done to all those nations on your account, for it was the ETERNAL your God who fought for you. ",Ninguno
Joshua,23,4,ראו הפלתי לכם אתהגוים הנשארים האלה בנחלה לשבטיכם מןהירדן וכלהגוים אשר הכרתי והים הגדול מבוא השמש,"See, I have allotted to you, by your tribes, [the territory of] these nations that still remain, and that of all the nations that I have destroyed, from the Jordan to the Mediterranean Sea in the west. ",Ninguno
Joshua,23,5,ויהוה אלהיכם הוא יהדפם מפניכם והוריש אתם מלפניכם וירשתם אתארצם כאשר דבר יהוה אלהיכם לכם,"It is the ETERNAL your God who will thrust them out on your account and drive them out to make way for you, and you shall possess their land as the ETERNAL your God promised you.",Ninguno
Joshua,23,6,וחזקתם מאד לשמר ולעשות את כלהכתוב בספר תורת משה לבלתי סורממנו ימין ושמאול,"“But be most resolute to observe faithfully all that is written in the Book of the Teaching of Moses, without ever deviating from it to the right or to the left, ",Control/Derecha (Yamin)
Joshua,23,7,לבלתיבא בגוים האלה הנשארים האלה אתכם ובשם אלהיהם לאתזכירו ולא תשביעו ולא תעבדום ולא תשתחוו להם,and without intermingling with these nations that are left among you. Do not utter the names of their gods or swear by them; do not serve them or bow down to them.,Ninguno
Joshua,23,8,כי אםביהוה אלהיכם תדבקו כאשר עשיתם עד היום הזה,But hold fast to the ETERNAL your God as you have done to this day.,Ninguno
Joshua,23,9,ויורש יהוה מפניכם גוים גדלים ועצומים ואתם לאעמד איש בפניכם עד היום הזה,"“GOD has driven out great, powerful nations on your account, and no one has withstood you to this day. ",Ninguno
Joshua,23,10,אישאחד מכם ירדףאלף כי&thinsp;<b></b> יהוה אלהיכם הוא הנלחם לכם כאשר דבר לכם,"A single one of you would put a thousand to flight, for the ETERNAL your God has been fighting for you, just as you were promised. ",Ninguno
Joshua,23,11,ונשמרתם מאד לנפשתיכם לאהבה אתיהוה אלהיכם,"For your own sakes, therefore, be most mindful to love the ETERNAL your God. ",Ninguno
Joshua,23,12,כי&thinsp;<b></b> אםשוב תשובו ודבקתם ביתר הגוים האלה הנשארים האלה אתכם והתחתנתם בהם ובאתם בהם והם בכם,"For should you turn away and attach yourselves to the remnant of those nations—to those that are left among you—and intermarry with them, you joining them and they joining you, ",Ninguno
Joshua,23,13,ידוע תדעו כי לא יוסיף יהוה אלהיכם להוריש אתהגוים האלה מלפניכם והיו לכם לפח ולמוקש ולשטט בצדיכם ולצננים בעיניכם עדאבדכם מעל האדמה הטובה הזאת אשר נתן לכם יהוה אלהיכם,"know for certain that the ETERNAL your God will not continue to drive these nations out before you; they shall become a snare and a trap for you, a scourge to your sides and thorns in your eyes, until you perish from this good land that the ETERNAL your God has given you.",Ninguno
Joshua,23,14,והנה אנכי הולך היום בדרך כלהארץ וידעתם בכללבבכם ובכלנפשכם כי לאנפל דבר אחד מכל&thinsp;<b></b> הדברים הטובים אשר דבר יהוה אלהיכם עליכם הכל באו לכם לאנפל ממנו דבר אחד,"“I am now going the way of all the earth. Acknowledge with all your heart and soul that not one of the good things that the ETERNAL your God promised you has failed to happen; they have all come true for you, not a single one has failed. ",Percepción (Yada)
Joshua,23,15,והיה כאשרבא עליכם כלהדבר הטוב אשר דבר יהוה אלהיכם אליכם כן יביא יהוה עליכם את כלהדבר הרע עדהשמידו אותכם מעל האדמה הטובה הזאת אשר נתן לכם יהוה אלהיכם,"But just as every good thing that the ETERNAL your God promised you has been fulfilled for you, so GOD can bring upon you every evil thing until you have been wiped off this good land that the ETERNAL your God has given you. ",Ninguno
Joshua,23,16,"בעברכם אתברית יהוה אלהיכם אשר צוה אתכם והלכתם ועבדתם אלהים אחרים והשתחויתם להם וחרה אףיהוה בכם ואבדתם מהרה מעל הארץ הטובה אשר נתן לכם&nbsp;<span class=""mam-spi-pe"">{פ}</span><br>","If you break the covenant that the ETERNAL your God enjoined upon you, and go and serve other gods and bow down to them, then GOD’s anger will burn against you, and you shall quickly perish from the good land that you have been given.”",Ninguno
Joshua,24,1,ויאסף יהושע אתכלשבטי ישראל שכמה ויקרא לזקני ישראל ולראשיו ולשפטיו ולשטריו ויתיצבו לפני האלהים,"Joshua assembled all the tribes of Israel at Shechem. He summoned Israel’s elders and commanders, magistrates and officers; and they presented themselves before God. ",Ninguno
Joshua,24,2,ויאמר יהושע אלכלהעם כהאמר יהוה אלהי ישראל בעבר הנהר ישבו אבותיכם מעולם תרח אבי אברהם ואבי נחור ויעבדו אלהים אחרים,"Then Joshua said to all the people,aall the people I.e., the leaders of v. 1, representing the people. (And so throughout this chapter.) “Thus said the ETERNAL, the God of Israel: In olden times, your ancestors—Terah, father of Abraham and father of Nahor—lived beyond the Euphrates and worshiped other gods. ",Ninguno
Joshua,24,3,"ואקח אתאביכם אתאברהם מעבר הנהר ואולך אתו בכלארץ כנען <span class=""mam-kq""><span class=""mam-kq-k"">(וארב)</span> <span class=""mam-kq-q"">[וארבה]</span></span> אתזרעו ואתןלו אתיצחק","But I took your ancestor Abraham from beyond the Euphrates and led him through the whole land of Canaan and multiplied his offspring. I gave him Isaac, ",Ninguno
Joshua,24,4,ואתן ליצחק אתיעקב ואתעשו ואתן לעשו אתהר שעיר לרשת אותו ויעקב ובניו ירדו מצרים,"and to Isaac I gave Jacob and Esau. I gave Esau the hill country of Seir as his possession, while Jacob and his children went down to Egypt.",Ninguno
Joshua,24,5,ואשלח אתמשה ואתאהרן ואגף אתמצרים כאשר עשיתי בקרבו ואחר הוצאתי אתכם,"“Then I sent Moses and Aaron, and I plagued Egypt with [the wonders] that I wrought in their midst, after which I freed you— ",Ninguno
Joshua,24,6,ואוציא אתאבותיכם ממצרים ותבאו הימה וירדפו מצרים אחרי אבותיכם ברכב ובפרשים יםסוף,"I freed your ancestors—from Egypt, and you came to the Sea. But the Egyptians pursued your ancestors to the Sea of Reeds with chariots and riders. ",Ninguno
Joshua,24,7,ויצעקו אליהוה וישם מאפל ביניכם&thinsp;<b></b> ובין המצרים ויבא עליו אתהים ויכסהו ותראינה עיניכם את אשרעשיתי במצרים ותשבו במדבר ימים רבים,"They cried out to GOD, who put darkness between you and the Egyptians; then [God] brought the Sea upon them, and it covered them. Your own eyes saw what I did to the Egyptians.“After you had lived a long time in the wilderness, ",Separación (Beyn)
Joshua,24,8,"<span class=""mam-kq""><span class=""mam-kq-k"">(ואבאה)</span> <span class=""mam-kq-q"">[ואביא]</span></span> אתכם אלארץ האמרי היושב בעבר הירדן וילחמו אתכם ואתן אותם בידכם ותירשו אתארצם ואשמידם מפניכם","I brought you to the land of the Amorites who lived beyond the Jordan. They gave battle to you, but I delivered them into your hands; I annihilated them for you, and you took possession of their land. ",Ninguno
Joshua,24,9,ויקם בלק בןצפור מלך מואב וילחם בישראל וישלח ויקרא לבלעם בןבעור לקלל אתכם,"Thereupon Balak son of Zippor, the king of Moab, made ready to attack Israel. He sent for Balaam son of Beor to curse you, ",Ninguno
Joshua,24,10,ולא אביתי לשמע לבלעם ויברך ברוך אתכם ואצל אתכם מידו,"but I refused to listen to Balaam; he had to bless you, and thus I saved you from him.",Ninguno
Joshua,24,11,ותעברו אתהירדן ותבאו אליריחו וילחמו בכם בעלייריחו האמרי והפרזי והכנעני והחתי והגרגשי החוי והיבוסי ואתן אותם בידכם,"“Then you crossed the Jordan and you came to Jericho. The citizens of Jericho and the Amorites, Perizzites, Canaanites, Hittites, Girgashites, Hivites, and Jebusites fought you, but I delivered them into your hands. ",Ninguno
Joshua,24,12,ואשלח לפניכם אתהצרעה ותגרש אותם מפניכם שני מלכי האמרי לא בחרבך ולא בקשתך,"I sent a plaguebplague See note at Exod. 23.28. ahead of you, and it drove them out before you—[just like] the two Amorite kings—not by your sword or by your bow. ",Ninguno
Joshua,24,13,ואתן לכם ארץ&thinsp;<b></b> אשר לאיגעת בה וערים אשר לאבניתם ותשבו בהם כרמים וזיתים אשר לאנטעתם אתם אכלים,"I have given you a land for which you did not labor and towns that you did not build, and you have settled in them; you are enjoying vineyards and olive groves that you did not plant.",Ninguno
Joshua,24,14,ועתה יראו אתיהוה ועבדו אתו בתמים ובאמת והסירו אתאלהים אשר עבדו אבותיכם בעבר הנהר ובמצרים ועבדו אתיהוה,"“Now, therefore, revere GOD and render service with undivided loyalty; put away the gods that your ancestors served beyond the Euphrates and in Egypt, and serve GOD. ",Ninguno
Joshua,24,15,"ואם רע בעיניכם לעבד אתיהוה בחרו לכם היום אתמי תעבדון אם אתאלהים אשרעבדו אבותיכם אשר <span class=""mam-kq""><span class=""mam-kq-k"">(בעבר)</span> <span class=""mam-kq-q"">[מעבר]</span></span> הנהר ואם אתאלהי האמרי אשר אתם ישבים בארצם ואנכי וביתי נעבד אתיהוה&nbsp;<span class=""mam-spi-pe"">{פ}</span><br>","Or, if you are loath to serve GOD, choose this day which ones you are going to serve—the gods that your ancestors served beyond the Euphrates, or those of the Amorites in whose land you are settled; but I and my household will serve GOD.”",Ninguno
Joshua,24,16,ויען העם ויאמר חלילה לנו מעזב אתיהוה לעבד אלהים אחרים,"In reply, the people declared, “Far be it from us to forsake the ETERNAL and serve other gods! ",Ninguno
Joshua,24,17,כי יהוה אלהינו הוא המעלה אתנו ואתאבותינו מארץ מצרים מבית עבדים ואשר עשה לעינינו אתהאתות הגדלות האלה וישמרנו בכלהדרך אשר הלכנו בה ובכל העמים אשר עברנו בקרבם,"For it was the ETERNAL our God who brought us and our ancestors up from the land of Egypt, the house of bondage, and who wrought those wondrous signs before our very eyes, and guarded us all along the way that we traveled and among all the peoples through whose midst we passed. ",Ninguno
Joshua,24,18,ויגרש יהוה אתכלהעמים ואתהאמרי ישב הארץ מפנינו גםאנחנו נעבד אתיהוה כיהוא אלהינו,And then GOD drove out before us all the peoples—the Amorites—that inhabited the country. We too will serve the ETERNAL—who is our God.”,Ninguno
Joshua,24,19,ויאמר יהושע אלהעם לא תוכלו לעבד אתיהוה כיאלהים קדשים הוא אלקנוא הוא לאישא לפשעכם ולחטאותיכם,"Joshua, however, said to the people, “You will not be able to serve the ETERNAL—who is a holy God, a jealous one—who will not forgive your transgressions and your sins. ",Ninguno
Joshua,24,20,כי תעזבו אתיהוה ועבדתם אלהי נכר ושב והרע לכם וכלה אתכם אחרי אשרהיטיב לכם,"If you forsake the ETERNAL and serve alien gods, [God] will turn and deal harshly with you and make an end of you, after having been gracious to you.” ",Ninguno
Joshua,24,21,ויאמר העם אליהושע לא כי אתיהוה נעבד,"But the people replied to Joshua, “No, we will serve the ETERNAL!” ",Ninguno
Joshua,24,22,ויאמר יהושע אלהעם עדים אתם בכם כיאתם בחרתם לכם אתיהוה לעבד אותו ויאמרו עדים,"Thereupon Joshua said to the people, “You are witnesses against yourselves that you have by your own act chosen to serve the ETERNAL.” “Yes, we are!” they responded. ",Ninguno
Joshua,24,23,ועתה הסירו אתאלהי הנכר אשר בקרבכם והטו אתלבבכם אליהוה אלהי ישראל,"“Then put away the alien gods that you have among you and direct your hearts to the ETERNAL, the God of Israel.” ",Ninguno
Joshua,24,24,ויאמרו העם אליהושע אתיהוה אלהינו נעבד ובקולו נשמע,"And the people declared to Joshua, “It is the ETERNAL our God whom we will serve—and whom we will obey.”",Ninguno
Joshua,24,25,ויכרת יהושע ברית לעם ביום ההוא וישם לו חק ומשפט בשכם,"On that day at Shechem, Joshua made a covenant for the people and he made a fixed rule for them. ",Ninguno
Joshua,24,26,"ויכתב יהושע אתהדברים האלה בספר תורת אלהים ויקח אבן גדולה ויקימה שם תחת האלה אשר במקדש יהוה&nbsp;<span class=""mam-spi-pe"">{פ}</span><br>",Joshua recorded all this in a book of divine instruction. He took a great stone and set it up at the foot of the oak in the sacred precinct of GOD;,Ninguno
Joshua,24,27,ויאמר יהושע אלכלהעם הנה האבן הזאת תהיהבנו לעדה כיהיא שמעה את כלאמרי יהוה אשר דבר עמנו והיתה בכם לעדה פןתכחשון באלהיכם,"and Joshua said to all the people, “See, this very stone shall be a witness against us, for it heard all the words that GOD spoke to us; it shall be a witness against you, lest you break faith with your God.” ",Ninguno
Joshua,24,28,"וישלח יהושע אתהעם איש לנחלתו&nbsp;<span class=""mam-spi-pe"">{פ}</span><br>",Joshua then dismissed the people to their allotted portions.,Ninguno
Joshua,24,29,ויהי אחרי הדברים האלה וימת יהושע בןנון עבד יהוה בןמאה ועשר שנים,"After these events, Joshua son of Nun, the servant of GOD, died at the age of one hundred and ten years. ",Ninguno
Joshua,24,30,ויקברו אתו בגבול נחלתו בתמנתסרח אשר בהראפרים מצפון להרגעש,"They buried him on his own property, at Timnath-serah in the hill country of Ephraim, north of Mount Gaash. ",Ninguno
Joshua,24,31,ויעבד ישראל אתיהוה כל ימי יהושע וכל&thinsp;<b></b> ימי הזקנים אשר האריכו ימים אחרי יהושע ואשר ידעו את כלמעשה יהוה אשר עשה לישראל,"Israel served GOD during the lifetime of Joshua and the lifetime of the elders who lived on after Joshua, and who had experienced all the deeds that GOD had wrought for Israel.",Percepción (Yada)
Joshua,24,32,ואתעצמות יוסף אשרהעלו בניישראל&thinsp;<small></small>&thinsp;ממצרים קברו בשכם בחלקת השדה אשר קנה יעקב מאת בניחמור אבישכם במאה קשיטה ויהיו לבנייוסף לנחלה,"The bones of Joseph, which the Israelites had brought up from Egypt, were buried at Shechem, in the piece of ground that Jacob had bought for a hundred kesitahsckesitahs See note at Gen. 33.19. from the children of Hamor, Shechem’s father, and which had become a heritage of the Josephites.",Ninguno
Joshua,24,33,ואלעזר בןאהרן מת ויקברו אתו בגבעת פינחס בנו אשר נתןלו בהר אפרים,"Eleazar son of Aaron also died, and they buried him on the hill of his son Phinehas, which had been assigned to him in the hill country of Ephraim.",Ninguno
