Libro,Capitulo,Versiculo,Hebreo_Limpio,Traduccion,Conceptos_Matriz
I_Chronicles,1,1,<big>א</big>דם שת אנוש,"Adam, Seth, Enosh; ",Ninguno
I_Chronicles,1,2,קינן מהללאל ירד,"Kenan, Mahalalel, Jared; ",Ninguno
I_Chronicles,1,3,חנוך מתושלח למך,"Enoch, Methuselah, Lamech; ",Ninguno
I_Chronicles,1,4,"נח שם חם ויפת&nbsp;<span class=""mam-spi-samekh"">{ס}</span>&nbsp;&nbsp;&nbsp;&nbsp;&nbsp;&nbsp;&nbsp;&nbsp;","Noah, Shem, Ham, and Japheth.",Ninguno
I_Chronicles,1,5,"בני יפת גמר ומגוג ומדי ויון ותבל ומשך ותירס&nbsp;<span class=""mam-spi-samekh"">{ס}</span>&nbsp;&nbsp;&nbsp;&nbsp;&nbsp;&nbsp;&nbsp;&nbsp;","aCf. Gen. 10.1–30. The sons of Japheth: Gomer, Magog, Madai, Javan, Tubal, Meshech, and Tiras. ",Ninguno
I_Chronicles,1,6,"ובני גמר אשכנז ודיפת ותוגרמה&nbsp;<span class=""mam-spi-samekh"">{ס}</span>&nbsp;&nbsp;&nbsp;&nbsp;&nbsp;&nbsp;&nbsp;&nbsp;","The sons of Gomer: Ashkenaz, Diphath, and Togarmah. ",Ninguno
I_Chronicles,1,7,"ובני יון אלישה ותרשישה כתים ורודנים&nbsp;<span class=""mam-spi-samekh"">{ס}</span>&nbsp;&nbsp;&nbsp;&nbsp;&nbsp;&nbsp;&nbsp;&nbsp;","The sons of Javan: Elishah, Tarshish, Kittim, and Rodanim.",Ninguno
I_Chronicles,1,8,בני חם כוש ומצרים פוט וכנען,"The sons of Ham: Cush, Mizraim, Put, and Canaan. ",Ninguno
I_Chronicles,1,9,"ובני כוש סבא וחוילה וסבתא ורעמא וסבתכא ובני רעמא שבא ודדן&nbsp;<span class=""mam-spi-samekh"">{ס}</span>&nbsp;&nbsp;&nbsp;&nbsp;&nbsp;&nbsp;&nbsp;&nbsp;","The sons of Cush: Seba, Havilah, Sabta, Raama, and Sabteca. The sons of Raama: Sheba and Dedan. ",Ninguno
I_Chronicles,1,10,"וכוש ילד אתנמרוד הוא החל להיות גבור בארץ&nbsp;<span class=""mam-spi-samekh"">{ס}</span>&nbsp;&nbsp;&nbsp;&nbsp;&nbsp;&nbsp;&nbsp;&nbsp;",Cush begot Nimrod; he was the first mighty one on earth.,Ninguno
I_Chronicles,1,11,"ומצרים ילד את<span class=""mam-kq""><span class=""mam-kq-q"">[לודים]</span> <span class=""mam-kq-k"">(לודיים)</span></span> ואתענמים ואתלהבים ואתנפתחים","Mizraim begot the Ludim, the Anamim, the Lehabim, the Naphtuhim, ",Ninguno
I_Chronicles,1,12,"ואתפתרסים ואתכסלחים אשר יצאו משם פלשתים ואתכפתרים&nbsp;<span class=""mam-spi-samekh"">{ס}</span>&nbsp;&nbsp;&nbsp;&nbsp;&nbsp;&nbsp;&nbsp;&nbsp;","the Pathrusim, the Casluhim (from whom the Philistines came), and the Caphtorim.",Ninguno
I_Chronicles,1,13,וכנען ילד אתצידון בכרו ואתחת,"Canaan begot Sidon his first-born, and Heth, ",Ninguno
I_Chronicles,1,14,ואתהיבוסי ואתהאמרי ואת הגרגשי,"and the Jebusites, the Amorites, the Girgashites, ",Ninguno
I_Chronicles,1,15,ואתהחוי ואתהערקי ואתהסיני,"the Hivites, the Arkites, the Sinites, ",Ninguno
I_Chronicles,1,16,"ואתהארודי ואתהצמרי ואתהחמתי&nbsp;<span class=""mam-spi-samekh"">{ס}</span>&nbsp;&nbsp;&nbsp;&nbsp;&nbsp;&nbsp;&nbsp;&nbsp;","the Arvadites, the Zemarites, and the Hamathites.",Ninguno
I_Chronicles,1,17,"בני שם עילם ואשור וארפכשד ולוד וארם ועוץ וחול וגתר ומשך&nbsp;<span class=""mam-spi-samekh"">{ס}</span>&nbsp;&nbsp;&nbsp;&nbsp;&nbsp;&nbsp;&nbsp;&nbsp;","The sons of Shem: Elam, Asshur, Arpachshad, Lud, Aram, Uz, Hul, Gether, and Meshech. ",Ninguno
I_Chronicles,1,18,וארפכשד ילד אתשלח ושלח ילד אתעבר,Arpachshad begot Shelah; and Shelah begot Eber.,Ninguno
I_Chronicles,1,19,ולעבר ילד שני בנים שם האחד פלג כי בימיו נפלגה הארץ ושם אחיו יקטן,"Two sons were born to Eber: the name of the one was Peleg (for in his days the earth was divided), and the name of his brother Joktan. ",Ninguno
I_Chronicles,1,20,ויקטן ילד אתאלמודד ואתשלף ואתחצרמות ואתירח,"Joktan begot Almodad, Sheleph, Hazarmaveth, Jerah, ",Ninguno
I_Chronicles,1,21,ואתהדורם ואתאוזל ואתדקלה,"Hadoram, Uzal, Diklah, ",Ninguno
I_Chronicles,1,22,ואתעיבל ואתאבימאל ואתשבא,"Ebal, Abimael, Sheba, ",Ninguno
I_Chronicles,1,23,"ואתאופיר ואתחוילה ואתיובב כלאלה בני יקטן&nbsp;<span class=""mam-spi-samekh"">{ס}</span>&nbsp;&nbsp;&nbsp;&nbsp;&nbsp;&nbsp;&nbsp;&nbsp;","Ophir, Havilah, and Jobab; all these were the sons of Joktan.",Ninguno
I_Chronicles,1,24,שם&thinsp;<small></small>&thinsp;ארפכשד שלח,"Shem, Arpachshad, Shelah; ",Ninguno
I_Chronicles,1,25,עבר פלג רעו,"Eber, Peleg, Reu; ",Ninguno
I_Chronicles,1,26,שרוג נחור תרח,"Serug, Nahor, Terah; ",Ninguno
I_Chronicles,1,27,"אברם הוא אברהם&nbsp;<span class=""mam-spi-samekh"">{ס}</span>&nbsp;&nbsp;&nbsp;&nbsp;&nbsp;&nbsp;&nbsp;&nbsp;","Abram, that is, Abraham.",Ninguno
I_Chronicles,1,28,"בני אברהם יצחק וישמעאל&nbsp;<span class=""mam-spi-samekh"">{ס}</span>&nbsp;&nbsp;&nbsp;&nbsp;&nbsp;&nbsp;&nbsp;&nbsp;",bCf. Gen. 25.1–16. The sons of Abraham: Isaac and Ishmael. ,Ninguno
I_Chronicles,1,29,אלה תלדותם בכור ישמעאל נביות וקדר ואדבאל ומבשם,"This is their line: The first-born of Ishmael, Nebaioth; and Kedar, Abdeel, Mibsam, ",Ninguno
I_Chronicles,1,30,משמע ודומה משא חדד ותימא,"Mishma, Dumah, Massa, Hadad, Tema, ",Ninguno
I_Chronicles,1,31,"יטור נפיש וקדמה אלה הם בני ישמעאל&nbsp;<span class=""mam-spi-samekh"">{ס}</span>&nbsp;&nbsp;&nbsp;&nbsp;&nbsp;&nbsp;&nbsp;&nbsp;","Jetur, Naphish, and Kedmah. These are the sons of Ishmael. ",Ninguno
I_Chronicles,1,32,"ובני קטורה פילגש אברהם ילדה אתזמרן ויקשן ומדן ומדין וישבק ושוח ובני יקשן שבא ודדן&nbsp;<span class=""mam-spi-samekh"">{ס}</span>&nbsp;&nbsp;&nbsp;&nbsp;&nbsp;&nbsp;&nbsp;&nbsp;","The sons of Keturah, Abraham’s concubine: she bore Zimran, Jokshan, Medan, Midian, Ishbak, and Shuah. The sons of Jokshan: Sheba and Dedan. ",Ninguno
I_Chronicles,1,33,"ובני מדין עיפה ועפר וחנוך ואבידע ואלדעה כלאלה בני קטורה&nbsp;<span class=""mam-spi-samekh"">{ס}</span>&nbsp;&nbsp;&nbsp;&nbsp;&nbsp;&nbsp;&nbsp;&nbsp;","The sons of Midian: Ephah, Epher, Enoch, Abida, and Eldaah. All these were the descendants of Keturah.",Percepción (Yada)
I_Chronicles,1,34,"ויולד אברהם אתיצחק בני יצחק עשו וישראל&nbsp;<span class=""mam-spi-samekh"">{ס}</span>&nbsp;&nbsp;&nbsp;&nbsp;&nbsp;&nbsp;&nbsp;&nbsp;",Abraham begot Isaac. The sons of Isaac: Esau and Israel.,Ninguno
I_Chronicles,1,35,"בני עשו אליפז רעואל ויעוש ויעלם וקרח&nbsp;<span class=""mam-spi-samekh"">{ס}</span>&nbsp;&nbsp;&nbsp;&nbsp;&nbsp;&nbsp;&nbsp;&nbsp;","The sons of Esau: Eliphaz, Reuel, Jeush, Jalam, and Korah. ",Ninguno
I_Chronicles,1,36,"בני אליפז תימן ואומר צפי וגעתם קנז ותמנע ועמלק&nbsp;<span class=""mam-spi-samekh"">{ס}</span>&nbsp;&nbsp;&nbsp;&nbsp;&nbsp;&nbsp;&nbsp;&nbsp;","The sons of Eliphaz: Teman, Omar, Zephi, Gatam, Kenaz, Timna, and Amalek. ",Ninguno
I_Chronicles,1,37,"בני רעואל נחת זרח שמה ומזה&nbsp;<span class=""mam-spi-samekh"">{ס}</span>&nbsp;&nbsp;&nbsp;&nbsp;&nbsp;&nbsp;&nbsp;&nbsp;","The sons of Reuel: Nahath, Zerah, Shammah, and Mizzah.",Ninguno
I_Chronicles,1,38,"ובני שעיר לוטן ושובל וצבעון וענה ודישן ואצר ודישן&nbsp;<span class=""mam-spi-samekh"">{ס}</span>&nbsp;&nbsp;&nbsp;&nbsp;&nbsp;&nbsp;&nbsp;&nbsp;","The sons of Seir: Lotan, Shobal, Zibeon, Anah, Dishon, Ezer, and Dishan. ",Ninguno
I_Chronicles,1,39,"ובני לוטן חרי והומם ואחות לוטן תמנע&nbsp;<span class=""mam-spi-samekh"">{ס}</span>&nbsp;&nbsp;&nbsp;&nbsp;&nbsp;&nbsp;&nbsp;&nbsp;",The sons of Lotan: Hori and Homam; and Lotan’s sister was Timna.,Ninguno
I_Chronicles,1,40,"בני שובל עלין ומנחת ועיבל שפי ואונם ובני צבעון איה וענה&nbsp;<span class=""mam-spi-samekh"">{ס}</span>&nbsp;&nbsp;&nbsp;&nbsp;&nbsp;&nbsp;&nbsp;&nbsp;","The sons of Shobal: Alian, Manahath, Ebal, Shephi, and Onam. The sons of Zibeon: Aiah and Anah. ",Ninguno
I_Chronicles,1,41,בני ענה דישון ובני דישון חמרן ואשבן ויתרן וכרן,"The sons of Anah: Dishon. The sons of Dishon: Hamran, Eshban, Ithran, and Cheran. ",Ninguno
I_Chronicles,1,42,"בניאצר בלהן וזעון יעקן בני דישון עוץ וארן&nbsp;<span class=""mam-spi-pe"">{פ}</span><br>","The sons of Ezer: Bilhan, Zaavan, and Jaakan. The sons of Dishan: Uz and Aran.",Ninguno
I_Chronicles,1,43,ואלה המלכים אשר מלכו בארץ אדום לפני מלךמלך לבני ישראל בלע בןבעור ושם עירו דנהבה,"cCf. Gen. 36.31–43. These are the kings who reigned in the land of Edom before any king reigned over the Israelites: Bela son of Beor, and the name of his city was Dinhabah. ",Ninguno
I_Chronicles,1,44,וימת בלע וימלך תחתיו יובב בןזרח מבצרה,"When Bela died, Jobab son of Zerah from Bozrah succeeded him as king. ",Ninguno
I_Chronicles,1,45,וימת יובב וימלך תחתיו חושם מארץ התימני,"When Jobab died, Husham of the land of the Temanites succeeded him as king. ",Ninguno
I_Chronicles,1,46,"וימת חושם וימלך תחתיו הדד בןבדד המכה אתמדין בשדה מואב ושם עירו <span class=""mam-kq""><span class=""mam-kq-k"">(עיות)</span> <span class=""mam-kq-q"">[עוית]</span></span>","When Husham died, Hadad son of Bedad, who defeated the Midianites in the country of Moab, succeeded him as king, and the name of his city was Avith. ",Ninguno
I_Chronicles,1,47,וימת הדד וימלך תחתיו שמלה ממשרקה,"When Hadad died, Samlah of Masrekah succeeded him as king. ",Ninguno
I_Chronicles,1,48,וימת שמלה וימלך תחתיו שאול מרחבות הנהר,"When Samlah died, Saul of Rehoboth-on-the-River succeeded him as king. ",Ninguno
I_Chronicles,1,49,וימת שאול וימלך תחתיו בעל חנן בןעכבור,"When Saul died, Baal-hanan son of Achbor succeeded him as king. ",Ninguno
I_Chronicles,1,50,וימת בעל חנן וימלך תחתיו הדד ושם עירו פעי ושם אשתו מהיטבאל בתמטרד בת מי זהב,"When Baal-hanan died, Hadad succeeded him as king; and the name of his city was Pai, and his wife’s name Mehetabel daughter of Matred daughter of Me-zahab. ",Ninguno
I_Chronicles,1,51,"וימת הדד&nbsp;<span class=""mam-spi-pe"">{פ}</span><br>ויהיו אלופי אדום אלוף תמנע אלוף <span class=""mam-kq""><span class=""mam-kq-k"">(עליה)</span> <span class=""mam-kq-q"">[עלוה]</span></span> אלוף יתת","And Hadad died.The clans of Edom were the clans of Timna, Alvah, Jetheth, ",Ninguno
I_Chronicles,1,52,אלוף אהליבמה אלוף אלה אלוף פינן,"Oholibamah, Elah, Pinon, ",Ninguno
I_Chronicles,1,53,אלוף קנז אלוף תימן אלוף מבצר,"Kenaz, Teman, Mibzar, ",Ninguno
I_Chronicles,1,54,"אלוף מגדיאל אלוף עירם אלה אלופי אדום&nbsp;<span class=""mam-spi-pe"">{פ}</span><br>","Magdiel, and Iram; these are the clans of Edom.",Ninguno
I_Chronicles,2,1,אלה בני ישראל ראובן שמעון לוי ויהודה יששכר וזבלון,"These are the sons of Israel: Reuben, Simeon, Levi, Judah, Issachar, Zebulun, ",Ninguno
I_Chronicles,2,2,"דן יוסף ובנימן נפתלי גד ואשר&nbsp;<span class=""mam-spi-pe"">{פ}</span><br>","Dan, Joseph, Benjamin, Naphtali, Gad, and Asher. ",Ninguno
I_Chronicles,2,3,"בני יהודה ער ואונן ושלה שלושה נולד לו מבתשוע הכנענית ויהי ער&thinsp;<b></b> בכור יהודה רע בעיני יהוה וימיתהו&nbsp;<span class=""mam-spi-samekh"">{ס}</span>&nbsp;&nbsp;&nbsp;&nbsp;&nbsp;&nbsp;&nbsp;&nbsp;","The sons of Judah: Er, Onan, and Shelah; these three, Bath-shua the Canaanite bore to him. But Er, Judah’s first-born, was displeasing to GOD, who took his life. ",Ninguno
I_Chronicles,2,4,"ותמר כלתו ילדה לו אתפרץ ואתזרח כלבני יהודה חמשה&nbsp;<span class=""mam-spi-samekh"">{ס}</span>&nbsp;&nbsp;&nbsp;&nbsp;&nbsp;&nbsp;&nbsp;&nbsp;",His daughter-in-law Tamar also bore him Perez and Zerah. Judah’s sons were five in all.,Ninguno
I_Chronicles,2,5,"בניפרץ חצרון וחמול&nbsp;<span class=""mam-spi-samekh"">{ס}</span>&nbsp;&nbsp;&nbsp;&nbsp;&nbsp;&nbsp;&nbsp;&nbsp;",The sons of Perez: Hezron and Hamul.,Ninguno
I_Chronicles,2,6,"ובני זרח זמרי ואיתן והימן וכלכל ודרע כלם חמשה&nbsp;<span class=""mam-spi-samekh"">{ס}</span>&nbsp;&nbsp;&nbsp;&nbsp;&nbsp;&nbsp;&nbsp;&nbsp;","The sons of Zerah: Zimri, Ethan, Heman, Calcol, and Dara, five in all. ",Ninguno
I_Chronicles,2,7,"ובני כרמי עכר עוכר ישראל אשר מעל בחרם&nbsp;<span class=""mam-spi-samekh"">{ס}</span>&nbsp;&nbsp;&nbsp;&nbsp;&nbsp;&nbsp;&nbsp;&nbsp;","The sons of Carmi: Achar, the troubler of Israel, who committed a trespass against the proscribed thing; ",Ninguno
I_Chronicles,2,8,"ובני איתן עזריה&nbsp;<span class=""mam-spi-samekh"">{ס}</span>&nbsp;&nbsp;&nbsp;&nbsp;&nbsp;&nbsp;&nbsp;&nbsp;",and Ethan’s son was Azariah.,Ninguno
I_Chronicles,2,9,ובני חצרון אשר נולדלו אתירחמאל ואתרם ואתכלובי,"The sons of Hezron that were born to him: Jerahmeel, Ram, and Chelubai. ",Ninguno
I_Chronicles,2,10,ורם הוליד אתעמינדב ועמינדב הוליד אתנחשון נשיא בני יהודה,"Ram begot Amminadab, and Amminadab begot Nahshon, prince of the sons of Judah. ",Ninguno
I_Chronicles,2,11,ונחשון הוליד אתשלמא ושלמא הוליד אתבעז,"Nahshon was the father of Salma, Salma of Boaz, ",Ninguno
I_Chronicles,2,12,ובעז הוליד אתעובד ועובד הוליד אתישי,"Boaz of Obed, Obed of Jesse. ",Ninguno
I_Chronicles,2,13,ואישי הוליד אתבכרו אתאליאב ואבינדב השני ושמעא השלשי,"Jesse begot Eliab his first-born, Abinadab the second, Shimea the third, ",Ninguno
I_Chronicles,2,14,נתנאל הרביעי רדי החמישי,"Nethanel the fourth, Raddai the fifth, ",Ninguno
I_Chronicles,2,15,אצם הששי דויד השבעי,"Ozem the sixth, David the seventh; ",Ninguno
I_Chronicles,2,16,ואחיתיהם צרויה ואביגיל ובני צרויה אבשי ויואב ועשהאל שלשה,"their sisters were Zeruiah and Abigail. The sons of Zeruiah: Abishai, Joab, and Asahel, three. ",Ninguno
I_Chronicles,2,17,ואביגיל ילדה אתעמשא ואבי עמשא יתר הישמעאלי,"Abigail bore Amasa, and the father of Amasa was Jether the Ishmaelite.",Ninguno
I_Chronicles,2,18,וכלב בןחצרון הוליד אתעזובה אשה ואתיריעות ואלה בניה ישר ושובב וארדון,"Caleb son of Hezron had children by his wife Azubah, and by Jerioth; these were her sons: Jesher, Shobab, and Ardon. ",Ninguno
I_Chronicles,2,19,ותמת עזובה ויקחלו כלב אתאפרת ותלד לו אתחור,"When Azubah died, Caleb married Ephrath, who bore him Hur. ",Ninguno
I_Chronicles,2,20,"וחור הוליד אתאורי ואורי הוליד אתבצלאל&nbsp;<span class=""mam-spi-samekh"">{ס}</span>&nbsp;&nbsp;&nbsp;&nbsp;&nbsp;&nbsp;&nbsp;&nbsp;","Hur begot Uri, and Uri begot Bezalel.",Ninguno
I_Chronicles,2,21,ואחר בא חצרון אלבתמכיר אבי גלעד והוא לקחה והוא בןששים שנה ותלד לו אתשגוב,Afterward Hezron had relations with the daughter of Machir father of Gilead—he had married her when he was sixty years old—and she bore him Segub;,Ninguno
I_Chronicles,2,22,"ושגוב הוליד אתיאיר ויהילו עשרים ושלוש ערים בארץ הגלעד&nbsp;<span class=""mam-spi-samekh"">{ס}</span>&nbsp;&nbsp;&nbsp;&nbsp;&nbsp;&nbsp;&nbsp;&nbsp;",and Segub begot Jair; he had twenty-three cities in the land of Gilead.,Ninguno
I_Chronicles,2,23,ויקח גשורוארם אתחות יאיר מאתם אתקנת ואתבנתיה ששים עיר כלאלה בני מכיר אביגלעד,"But Geshur and Aram took from them Havvoth-jair, Kenath and its dependencies, sixty towns. All these were the sons of Machir, the father of Gilead. ",Ninguno
I_Chronicles,2,24,"ואחר מותחצרון בכלב אפרתה ואשת חצרון אביה ותלד לו אתאשחור אבי תקוע&nbsp;<span class=""mam-spi-samekh"">{ס}</span>&nbsp;&nbsp;&nbsp;&nbsp;&nbsp;&nbsp;&nbsp;&nbsp;","After the death of Hezron, in Caleb-ephrathah, Abijah, wife of Hezron, bore Ashhur, the father of Tekoa.",Ninguno
I_Chronicles,2,25,ויהיו בניירחמאל בכור חצרון הבכור&thinsp;<small></small>&thinsp;רם ובונה וארן ואצם אחיה,"The sons of Jerahmeel the first-born of Hezron: Ram his first-born, Bunah, Oren, Ozem, and Ahijah. ",Ninguno
I_Chronicles,2,26,"ותהי אשה אחרת לירחמאל ושמה עטרה היא אם אונם&nbsp;<span class=""mam-spi-samekh"">{ס}</span>&nbsp;&nbsp;&nbsp;&nbsp;&nbsp;&nbsp;&nbsp;&nbsp;","Jerahmeel had another wife, whose name was Atarah; she was the mother of Onam. ",Ninguno
I_Chronicles,2,27,ויהיו בנירם בכור ירחמאל מעץ וימין ועקר,"The sons of Ram the first-born of Jerahmeel: Maaz, Jamin, and Eker. ",Control/Derecha (Yamin)
I_Chronicles,2,28,ויהיו בניאונם שמי וידע ובני שמי נדב ואבישור,The sons of Onam: Shammai and Jada. The sons of Shammai: Nadab and Abishur.,Percepción (Yada)
I_Chronicles,2,29,ושם אשת אבישור אביהיל ותלד לו אתאחבן ואתמוליד,"The name of Abishur’s wife was Abihail, and she bore him Ahban and Molid. ",Ninguno
I_Chronicles,2,30,ובני נדב סלד ואפים וימת סלד לא בנים,The sons of Nadab: Seled and Appaim; Seled died childless.,Ninguno
I_Chronicles,2,31,ובני אפים ישעי ובני ישעי ששן ובני ששן אחלי,The sons of Appaim: Ishi. The sons of Ishi: Sheshan. The sons of Sheshan: Ahlai.,Ninguno
I_Chronicles,2,32,"ובני ידע אחי שמי יתר ויונתן וימת יתר לא בנים&nbsp;<span class=""mam-spi-samekh"">{ס}</span>&nbsp;&nbsp;&nbsp;&nbsp;&nbsp;&nbsp;&nbsp;&nbsp;","The sons of Jada, Shammai’s brother: Jether and Jonathan; Jether died childless. ",Percepción (Yada)
I_Chronicles,2,33,ובני יונתן פלת וזזא אלה היו בני ירחמאל,The sons of Jonathan: Peleth and Zaza. These were the descendants of Jerahmeel.,Ninguno
I_Chronicles,2,34,ולאהיה לששן בנים כי אםבנות ולששן עבד מצרי ושמו ירחע,"Sheshan had no sons, only daughters; Sheshan had an Egyptian slave, whose name was Jarha. ",Ninguno
I_Chronicles,2,35,ויתן ששן אתבתו לירחע עבדו לאשה ותלד לו אתעתי,So Sheshan gave his daughter in marriage to Jarha his slave; and she bore him Attai.,Ninguno
I_Chronicles,2,36,ועתי הליד אתנתן ונתן הוליד אתזבד,"Attai begot Nathan, and Nathan begot Zabad. ",Ninguno
I_Chronicles,2,37,וזבד הוליד אתאפלל ואפלל הוליד אתעובד,"Zabad begot Ephlal, and Ephlal begot Obed. ",Ninguno
I_Chronicles,2,38,ועובד הוליד אתיהוא ויהוא הליד אתעזריה,"Obed begot Jehu, and Jehu begot Azariah. ",Ninguno
I_Chronicles,2,39,ועזריה הליד אתחלץ וחלץ הליד אתאלעשה,"Azariah begot Helez, and Helez begot Eleasah. ",Ninguno
I_Chronicles,2,40,ואלעשה הליד אתססמי וססמי הליד אתשלום,"Eleasah begot Sisamai, and Sisamai begot Shallum. ",Ninguno
I_Chronicles,2,41,"ושלום הוליד אתיקמיה ויקמיה הליד אתאלישמע&nbsp;<span class=""mam-spi-samekh"">{ס}</span>&nbsp;&nbsp;&nbsp;&nbsp;&nbsp;&nbsp;&nbsp;&nbsp;","Shallum begot Jekamiah, and Jekamiah begot Elishama.",Ninguno
I_Chronicles,2,42,ובני כלב אחי ירחמאל מישע בכרו הוא אביזיף ובני מרשה אבי חברון,"The sons of Caleb brother of Jerahmeel: Meshah his first-born, who was the father of Ziph. The sons of Mareshah father of Hebron. ",Ninguno
I_Chronicles,2,43,ובני חברון קרח ותפח ורקם ושמע,"The sons of Hebron: Korah, Tappuah, Rekem, and Shema. ",Ninguno
I_Chronicles,2,44,ושמע הוליד אתרחם אבי ירקעם ורקם הוליד אתשמי,"Shema begot Raham the father of Jorkeam, and Rekem begot Shammai. ",Ninguno
I_Chronicles,2,45,ובןשמי מעון ומעון אבי ביתצור,"The son of Shammai: Maon, and Maon begot Bethzur. ",Ninguno
I_Chronicles,2,46,"ועיפה פילגש כלב ילדה אתחרן ואתמוצא ואתגזז וחרן הליד אתגזז&nbsp;<span class=""mam-spi-samekh"">{ס}</span>&nbsp;&nbsp;&nbsp;&nbsp;&nbsp;&nbsp;&nbsp;&nbsp;","Ephah, Caleb’s concubine, bore Haran, Moza, and Gazez; Haran begot Gazez. ",Ninguno
I_Chronicles,2,47,ובני יהדי רגם ויותם וגישן ופלט ועיפה ושעף,"The sons of Jahdai: Regem, Jotham, Geshan, Pelet, Ephah, and Shaaph. ",Ninguno
I_Chronicles,2,48,פילגש כלב מעכה ילד שבר ואתתרחנה,"Maacah, Caleb’s concubine, bore Sheber and Tirhanah. ",Ninguno
I_Chronicles,2,49,"ותלד שעף אבי מדמנה אתשוא אבי מכבנה ואבי גבעא ובתכלב עכסה&nbsp;<span class=""mam-spi-samekh"">{ס}</span>&nbsp;&nbsp;&nbsp;&nbsp;&nbsp;&nbsp;&nbsp;&nbsp;","She also bore Shaaph father of Madmannah, Sheva father of Machbenah and father of Gibea; the daughter of Caleb was Achsah. ",Ninguno
I_Chronicles,2,50,אלה היו בני כלב בןחור בכור אפרתה שובל אבי קרית יערים,"These were the descendants of Caleb.The sons of Hur the first-born of Ephrathah: Shobal father of Kiriath-jearim, ",Ninguno
I_Chronicles,2,51,שלמא אבי ביתלחם חרף אבי ביתגדר,"Salma father of Bethlehem, Hareph father of Beth-gader. ",Ninguno
I_Chronicles,2,52,ויהיו בנים לשובל אבי קרית יערים הראה חצי המנחות,"Shobal father of Kiriath-jearim had sons: Haroeh, half of the Menuhoth. ",Ninguno
I_Chronicles,2,53,"ומשפחות קרית יערים היתרי והפותי והשמתי והמשרעי מאלה יצאו הצרעתי והאשתאלי&nbsp;<span class=""mam-spi-samekh"">{ס}</span>&nbsp;&nbsp;&nbsp;&nbsp;&nbsp;&nbsp;&nbsp;&nbsp;","And the families of Kiriath-jearim: the Ithrites, the Puthites, the Shumathites, and the Mishraites; from these came the Zorathites and the Eshtaolites. ",Ninguno
I_Chronicles,2,54,בני שלמא בית לחם ונטופתי עטרות בית יואב וחצי המנחתי הצרעי,"The sons of Salma: Bethlehem, the Netophathites, Atroth-beth-joab, and half of the Manahathites, the Zorites. ",Ninguno
I_Chronicles,2,55,"ומשפחות ספרים <span class=""mam-kq""><span class=""mam-kq-k"">(ישבו)</span> <span class=""mam-kq-q"">[ישבי]</span></span> יעבץ תרעתים שמעתים שוכתים המה הקינים הבאים מחמת אבי ביתרכב&nbsp;<span class=""mam-spi-samekh"">{ס}</span>&nbsp;&nbsp;&nbsp;&nbsp;&nbsp;&nbsp;&nbsp;&nbsp;","The families of the scribes that dwelt at Jabez: the Tirathites, the Shimeathites, the Sucathites; these are the Kenites who came from Hammath, father of the house of Rechab.",Ninguno
I_Chronicles,3,1,ואלה היו בני דויד אשר נולדלו בחברון הבכור&thinsp;<b></b> אמנן לאחינעם היזרעאלית שני דניאל לאביגיל הכרמלית,"These are the sons of David who were born to him in Hebron: the first-born Amnon, by Ahinoam the Jezreelite; the second Daniel, by Abigail the Carmelite; ",Ninguno
I_Chronicles,3,2,השלשי לאבשלום בןמעכה בתתלמי מלך גשור הרביעי אדניה בןחגית,"the third Absalom, son of Maacah daughter of King Talmai of Geshur; the fourth Adonijah, son of Haggith; ",Ninguno
I_Chronicles,3,3,החמישי שפטיה לאביטל הששי יתרעם לעגלה אשתו,"the fifth Shephatiah, by Abital; the sixth Ithream, by his wife Eglah; ",Ninguno
I_Chronicles,3,4,"ששה נולדלו בחברון וימלךשם שבע שנים וששה חדשים ושלשים ושלוש שנה מלך בירושל͏ם&nbsp;<span class=""mam-spi-samekh"">{ס}</span>&nbsp;&nbsp;&nbsp;&nbsp;&nbsp;&nbsp;&nbsp;&nbsp;","six were born to him in Hebron. He reigned there seven years and six months, and in Jerusalem he reigned thirty-three years. ",Ninguno
I_Chronicles,3,5,ואלה נולדולו בירושלים שמעא ושובב ונתן ושלמה ארבעה לבתשוע בתעמיאל,"aCf. 14.4–7. These were born to him in Jerusalem: Shimea, Shobab, Nathan, and Solomon, four by Bath-shua daughter of Ammiel; ",Ninguno
I_Chronicles,3,6,ויבחר ואלישמע ואליפלט,"then Ibhar, Elishama, Eliphelet, ",Ninguno
I_Chronicles,3,7,ונגה ונפג ויפיע,"Nogah, Nepheg, Japhia, ",Ninguno
I_Chronicles,3,8,ואלישמע ואלידע ואליפלט תשעה,"Elishama, Eliada, and Eliphelet—nine. ",Percepción (Yada)
I_Chronicles,3,9,"כל בני דויד מלבד בניפילגשים ותמר אחותם&nbsp;<span class=""mam-spi-pe"">{פ}</span><br>","All were David’s sons, besides the sons of the concubines; and Tamar was their sister.",Ninguno
I_Chronicles,3,10,ובןשלמה רחבעם אביה בנו אסא בנו יהושפט בנו,"The son of Solomon: Rehoboam; his son Abijah, his son Asa, his son Jehoshaphat, ",Ninguno
I_Chronicles,3,11,יורם בנו אחזיהו בנו יואש בנו,"his son Joram, his son Ahaziah, his son Joash, ",Ninguno
I_Chronicles,3,12,אמציהו בנו עזריה בנו יותם בנו,"his son Amaziah, his son Azariah, his son Jotham, ",Ninguno
I_Chronicles,3,13,אחז בנו חזקיהו בנו מנשה בנו,"his son Ahaz, his son Hezekiah, his son Manasseh, ",Ninguno
I_Chronicles,3,14,אמון בנו יאשיהו בנו,"his son Amon, and his son Josiah. ",Ninguno
I_Chronicles,3,15,ובני יאשיהו הבכור יוחנן השני יהויקים השלשי צדקיהו הרביעי שלום,"The sons of Josiah: Johanan the first-born, the second Jehoiakim, the third Zedekiah, the fourth Shallum. ",Ninguno
I_Chronicles,3,16,ובני יהויקים יכניה בנו צדקיה בנו,"The descendants of Jehoiakim: his son Jeconiah, his son Zedekiah; ",Ninguno
I_Chronicles,3,17,ובני יכניה אסר שאלתיאל בנו,"and the sons of Jeconiah, the captive: Shealtiel his son, ",Ninguno
I_Chronicles,3,18,ומלכירם ופדיה ושנאצר יקמיה הושמע ונדביה,"Malchiram, Pedaiah, Shenazzar, Jekamiah, Hoshama, and Nedabiah; ",Ninguno
I_Chronicles,3,19,ובני פדיה זרבבל ושמעי ובןזרבבל משלם וחנניה ושלמית אחותם,"the sons of Pedaiah: Zerubbabel and Shimei; the son[s] of Zerubbabel: Meshullam and Hananiah, and Shelomith was their sister; ",Ninguno
I_Chronicles,3,20,וחשבה ואהל וברכיה וחסדיה יושב חסד חמש,"Hashubah, Ohel, Berechiah, Hasadiah, and Jushab-hesed—five. ",Ninguno
I_Chronicles,3,21,ובןחנניה פלטיה וישעיה בני רפיה בני ארנן בני עבדיה בני שכניה,And the son[s] of Hananiah: Pelatiah and Jeshaiah; the sons of [Jeshaiah]: Rephaiah; the sons of [Rephaiah]: Arnan; the sons of [Arnan]: Obadiah; the sons of [Obadiah]: Shecaniah.,Ninguno
I_Chronicles,3,22,ובני שכניה שמעיה ובני שמעיה חטוש ויגאל ובריח ונעריה ושפט ששה,"And the sons of Shecaniah: Shemaiah; and the sons of Shemaiah: Hattush, and Igal, and Bariah, and Neariah, and Shaphat—six. ",Ninguno
I_Chronicles,3,23,"ובןנעריה אליועיני וחזקיה ועזריקם שלשה&nbsp;<span class=""mam-spi-samekh"">{ס}</span>&nbsp;&nbsp;&nbsp;&nbsp;&nbsp;&nbsp;&nbsp;&nbsp;","And the son[s] of Neariah: Elioenai, and Hizkiah, and Azrikam—three. ",Ninguno
I_Chronicles,3,24,"ובני אליועיני <span class=""mam-kq""><span class=""mam-kq-k"">(הודיוהו)</span> <span class=""mam-kq-q"">[הודויהו]</span></span> ואלישיב ופליה ועקוב ויוחנן ודליה וענני שבעה&nbsp;<span class=""mam-spi-samekh"">{ס}</span>&nbsp;&nbsp;&nbsp;&nbsp;&nbsp;&nbsp;&nbsp;&nbsp;","And the sons of Elioenai: Hodaviah, and Eliashib, and Pelaiah, and Akkub, and Johanan, and Delaiah, and Anani—seven.",Ninguno
I_Chronicles,4,1,בני יהודה פרץ חצרון וכרמי וחור ושובל,"The sons of Judah: Perez, Hezron, Carmi, Hur, and Shobal. ",Ninguno
I_Chronicles,4,2,"וראיה בןשובל הליד אתיחת ויחת הליד אתאחומי ואתלהד אלה משפחות הצרעתי&nbsp;<span class=""mam-spi-samekh"">{ס}</span>&nbsp;&nbsp;&nbsp;&nbsp;&nbsp;&nbsp;&nbsp;&nbsp;","Reaiah son of Shobal begot Jahath, and Jahath begot Ahumai and Lahad. These were the families of the Zorathites. ",Ninguno
I_Chronicles,4,3,ואלה אבי עיטם יזרעאל וישמא וידבש ושם אחותם הצללפוני,"These were [the sons of] the father of Etam: Jezreel, Ishma, and Idbash; and the name of their sister was Hazlelponi, ",Ninguno
I_Chronicles,4,4,ופנואל אבי גדר ועזר אבי חושה אלה בניחור בכור אפרתה אבי בית לחם,"and Penuel was the father of Gedor, and Ezer the father of Hushah. These were the sons of Hur, the first-born of Ephrathah, the father of Bethlehem. ",Ninguno
I_Chronicles,4,5,ולאשחור אבי תקוע היו שתי נשים חלאה ונערה,"Ashhur the father of Tekoa had two wives, Helah and Naarah; ",Ninguno
I_Chronicles,4,6,ותלד לו נערה אתאחזם ואתחפר ואתתימני ואתהאחשתרי אלה בני נערה,"Naarah bore him Ahuzam, Hepher, Temeni, and Ahashtari. These were the sons of Naarah. ",Ninguno
I_Chronicles,4,7,"ובני חלאה צרת <span class=""mam-kq""><span class=""mam-kq-k"">(יצחר)</span> <span class=""mam-kq-q"">[וצחר]</span></span> ואתנן","The sons of Helah: Zereth, Zohar, and Ethnan. ",Ninguno
I_Chronicles,4,8,וקוץ הוליד אתענוב ואתהצבבה ומשפחת אחרחל בןהרום,"Koz was the father of Anub, Zobebah, and the families of Aharhel son of Harum. ",Ninguno
I_Chronicles,4,9,ויהי יעבץ נכבד מאחיו ואמו קראה שמו יעבץ לאמר כי ילדתי בעצב,"Jabez was more esteemed than his brothers; and his mother named him Jabez, “Because,” she said, “I bore him in pain.”apain Heb. ʻoṣeb, connected with “Jabez.” ",Ninguno
I_Chronicles,4,10,"ויקרא יעבץ לאלהי ישראל לאמר אםברך תברכני והרבית אתגבולי והיתה ידך עמי ועשית מרעה לבלתי עצבי ויבא אלהים את אשרשאל&nbsp;<span class=""mam-spi-samekh"">{ס}</span>&nbsp;&nbsp;&nbsp;&nbsp;&nbsp;&nbsp;&nbsp;&nbsp;","Jabez invoked the God of Israel, saying, “Oh, bless me, enlarge my territory, stand by me, and make me not suffer pain from misfortune!” And God granted what he asked. ",Ninguno
I_Chronicles,4,11,וכלוב אחישוחה הוליד אתמחיר הוא אבי אשתון,"Chelub the brother of Shuhah begot Mehir, who was the father of Eshton. ",Ninguno
I_Chronicles,4,12,"ואשתון הוליד אתבית רפא ואתפסח ואתתחנה אבי עיר נחש אלה אנשי רכה&nbsp;<span class=""mam-spi-samekh"">{ס}</span>&nbsp;&nbsp;&nbsp;&nbsp;&nbsp;&nbsp;&nbsp;&nbsp;","Eshton begot Bethrapha, Paseah, and Tehinnah father of Ir-nahash. These were the men of Recah. ",Ninguno
I_Chronicles,4,13,ובני קנז עתניאל ושריה ובני עתניאל חתת,The sons of Kenaz: Othniel and Seraiah; and the sons of Othniel: Hathath,Ninguno
I_Chronicles,4,14,"ומעונתי הוליד אתעפרה ושריה הוליד אתיואב אבי גיא חרשים כי חרשים היו&nbsp;<span class=""mam-spi-pe"">{פ}</span><br>","and Meonothai. He begot Ophrah. Seraiah begot Joab father of Ge-harashim,bGe-harashim Lit. “the valley of the artisans.” so-called because they were artisans. ",Ninguno
I_Chronicles,4,15,ובני כלב בןיפנה עירו אלה ונעם ובני אלה וקנז,"The sons of Caleb son of Jephunneh: Iru, Elah, and Naam; and the sons of Elah: Kenaz. ",Ninguno
I_Chronicles,4,16,ובני יהללאל זיף וזיפה תיריא ואשראל,"The sons of Jehallelel: Ziph, Ziphah, Tiria, and Asarel. ",Ninguno
I_Chronicles,4,17,ובןעזרה יתר ומרד ועפר וילון ותהר אתמרים ואתשמי ואתישבח אבי אשתמע,"The son[s] of Ezrah: Jether, Mered, Epher, and Jalon. ShecShe Apparently Bithiah; cf. v. 18. conceived and bore Miriam, Shammai, and Ishbah father of Eshtemoa. ",Ninguno
I_Chronicles,4,18,"ואשתו היהדיה ילדה אתירד אבי גדור ואתחבר אבי שוכו ואתיקותיאל אבי זנוח ואלה בני בתיה בתפרעה אשר לקח מרד&nbsp;<span class=""mam-spi-samekh"">{ס}</span>&nbsp;&nbsp;&nbsp;&nbsp;&nbsp;&nbsp;&nbsp;&nbsp;","And his Judahite wife bore Jered father of Gedor, Heber father of Soco, and Jekuthiel father of Zanoah. These were the sons of Bithiah daughter of Pharaoh, whom Mered married. ",Ninguno
I_Chronicles,4,19,ובני אשת הודיה אחות נחם אבי קעילה הגרמי ואשתמע המעכתי,The sons of Hodiah’s wife—a sister of Naham—were the fathers of Keilah the Garmite and Eshtemoa the Maacathite.,Ninguno
I_Chronicles,4,20,"ובני שימון אמנון ורנה בןחנן <span class=""mam-kq""><span class=""mam-kq-k"">(ותולון)</span> <span class=""mam-kq-q"">[ותילון]</span></span> ובני ישעי זוחת ובןזוחת","The sons of Shimon: Amnon, Rinnah, Ben-hanan, and Tilon. The sons of Ishi: Zoheth and Ben-zoheth. ",Ninguno
I_Chronicles,4,21,בני שלה בןיהודה ער אבי לכה ולעדה אבי מרשה ומשפחות ביתעבדת הבץ לבית אשבע,"The sons of Shelah son of Judah: Er father of Lecah, Laadah father of Mareshah, and the families of the linen factory at Beth-ashbea; ",Ninguno
I_Chronicles,4,22,ויוקים ואנשי כזבא ויואש ושרף אשרבעלו למואב וישבי לחם והדברים עתיקים,"and Jokim, and the men of Cozeba and Joash, and Saraph, who married into Moab and Jashubi Lehem (the records are ancient). ",Ninguno
I_Chronicles,4,23,"המה היוצרים וישבי נטעים וגדרה עםהמלך במלאכתו ישבו שם&nbsp;<span class=""mam-spi-samekh"">{ס}</span>&nbsp;&nbsp;&nbsp;&nbsp;&nbsp;&nbsp;&nbsp;&nbsp;",These were the potters who dwelt at Netaim and Gederah; they dwelt there in the king’s service.,Ninguno
I_Chronicles,4,24,בני שמעון נמואל וימין יריב זרח שאול,"The sons of Simeon: Nemuel, Jamin, Jarib, Zerah, Shaul; ",Control/Derecha (Yamin)
I_Chronicles,4,25,שלם בנו מבשם בנו משמע בנו,"his son Shallum, his son Mibsam, his son Mishma. ",Ninguno
I_Chronicles,4,26,ובני משמע חמואל בנו זכור בנו שמעי בנו,"The sons of Mishma: his son Hammuel, his son Zaccur, his son Shimei. ",Ninguno
I_Chronicles,4,27,"ולשמעי בנים ששה עשר ובנות שש ולאחיו אין בנים רבים וכל משפחתם לא הרבו עדבני יהודה&nbsp;<span class=""mam-spi-samekh"">{ס}</span>&nbsp;&nbsp;&nbsp;&nbsp;&nbsp;&nbsp;&nbsp;&nbsp;","Shimei had sixteen sons and six daughters; but his brothers had not many children; in all, their families were not as prolific as the Judahites. ",Ninguno
I_Chronicles,4,28,וישבו בבארשבע ומולדה וחצר שועל,"They dwelt in Beer-sheba, Moladah, Hazar-shual, ",Ninguno
I_Chronicles,4,29,ובבלהה ובעצם ובתולד,"Bilhah, Ezem, Tolad, ",Ninguno
I_Chronicles,4,30,ובבתואל ובחרמה ובציקלג,"Bethuel, Hormah, Ziklag, ",Ninguno
I_Chronicles,4,31,ובבית מרכבות ובחצר סוסים ובבית בראי ובשערים אלה עריהם עדמלך דויד,"Beth-marcaboth, Hazar-susim, Beth-biri, and Shaaraim. These were their towns until David became king, ",Ninguno
I_Chronicles,4,32,וחצריהם עיטם ועין רמון ותכן ועשן ערים חמש,"together with their villages, Etam, Ain, Rimmon, Tochen, and Ashan—five towns, ",Ninguno
I_Chronicles,4,33,"וכלחצריהם אשר סביבות הערים האלה עדבעל&nbsp;<span class=""mam-spi-samekh"">{ס}</span>&nbsp;&nbsp;&nbsp;&nbsp;&nbsp;&nbsp;&nbsp;&nbsp;זאת מושבתם והתיחשם להם",along with all their villages that were around these towns as far as Baal; such were their settlements.Registered in their genealogy were:,Ninguno
I_Chronicles,4,34,ומשובב וימלך ויושה בןאמציה,"Meshobab, Jamlech, Joshah son of Amaziah, ",Ninguno
I_Chronicles,4,35,ויואל ויהוא בןיושביה בןשריה בןעשיאל,"Joel, Jehu son of Joshibiah son of Seraiah son of Asiel. ",Ninguno
I_Chronicles,4,36,ואליועיני ויעקבה וישוחיה ועשיה ועדיאל וישימאל ובניה,"Elioenai, Jaakobah, Jeshohaiah, Asaiah, Adiel, Jesimiel, Benaiah, ",Ninguno
I_Chronicles,4,37,וזיזא בןשפעי בןאלון בןידיה בןשמרי בןשמעיה,Ziza son of Shiphi son of Allon son of Jedaiah son of Shimri son of Shemaiah—,Ninguno
I_Chronicles,4,38,אלה הבאים בשמות נשיאים במשפחותם ובית אבותיהם פרצו לרוב,"these mentioned by name were chiefs in their families, and their clans increased greatly. ",Ninguno
I_Chronicles,4,39,וילכו למבוא גדר עד למזרח הגיא לבקש מרעה לצאנם,"They went to the approaches to Gedor, to the eastern side of the valley, in search of pasture for their flocks. ",Ninguno
I_Chronicles,4,40,וימצאו מרעה שמן וטוב והארץ רחבת ידים ושקטת ושלוה כי מןחם הישבים שם לפנים,"They found rich, good pasture, and the land was ample, quiet, and peaceful. The former inhabitants were of Ham; ",Ninguno
I_Chronicles,4,41,"ויבאו אלה הכתובים בשמות בימי&thinsp;<b></b> יחזקיהו מלךיהודה ויכו אתאהליהם ואת<span class=""mam-kq""><span class=""mam-kq-q"">[המעונים]</span> <span class=""mam-kq-k"">(המעינים)</span></span> אשר נמצאושמה ויחרימם עדהיום הזה וישבו תחתיהם כימרעה לצאנם שם","those recorded by name came in the days of King Hezekiah of Judah, and attacked their encampments and the Meunim who were found there, and wiped them out forever, and settled in their place, because there was pasture there for their flocks. ",Ninguno
I_Chronicles,4,42,ומהם&thinsp;<b></b> מןבני שמעון הלכו להר שעיר אנשים חמש מאות ופלטיה ונעריה ורפיה ועזיאל בני ישעי בראשם,"And some of them, five hundred of the Simeonites, went to Mount Seir, with Pelatiah, Neariah, Rephaiah, and Uzziel, sons of Ishi, at their head, ",Ninguno
I_Chronicles,4,43,"ויכו אתשארית הפלטה לעמלק וישבו שם עד היום הזה&nbsp;<span class=""mam-spi-pe"">{פ}</span><br>","and they destroyed the last surviving Amalekites, and they live there to this day.",Ninguno
I_Chronicles,5,1,ובני ראובן בכורישראל כי הוא הבכור ובחללו יצועי אביו נתנה בכרתו לבני יוסף בןישראל ולא להתיחש לבכרה,"The sons of Reuben the first-born of Israel. (He was the first-born; but when he defiled his father’s bed, his birthright was given to the sons of Joseph son of Israel, so he is not reckoned as first-born in the genealogy; ",Ninguno
I_Chronicles,5,2,"כי יהודה גבר באחיו ולנגיד ממנו והבכרה ליוסף&nbsp;<span class=""mam-spi-samekh"">{ס}</span>&nbsp;&nbsp;&nbsp;&nbsp;&nbsp;&nbsp;&nbsp;&nbsp;","though Judah became more powerful than his brothers and a leader came from him, yet the birthright belonged to Joseph.) ",Ninguno
I_Chronicles,5,3,בני ראובן בכור ישראל חנוך ופלוא חצרון וכרמי,"The sons of Reuben, the first-born of Israel: Enoch, Pallu, Hezron, and Carmi. ",Ninguno
I_Chronicles,5,4,בני יואל שמעיה בנו גוג בנו שמעי בנו,"The sons of Joel: his son Shemaiah, his son Gog, his son Shimei, ",Ninguno
I_Chronicles,5,5,מיכה בנו ראיה בנו בעל בנו,"his son Micah, his son Reaiah, his son Baal, ",Ninguno
I_Chronicles,5,6,בארה בנו אשר הגלה תלגת פלנאסר מלך אשר הוא נשיא לראובני,his son Beerah—whom King Tillegath-pilneser of Assyria exiled—was chieftain of the Reubenites.,Ninguno
I_Chronicles,5,7,ואחיו למשפחתיו בהתיחש לתלדותם הראש יעיאל וזכריהו,"And his kindred, by their families, according to their lines in the genealogy: the head, Jeiel, and Zechariah, ",Ninguno
I_Chronicles,5,8,ובלע בןעזז בןשמע בןיואל הוא יושב בערער ועדנבו ובעל מעון,and Bela son of Azaz son of Shema son of Joel; he dwelt in Aroer as far as Nebo and Baal-meon.,Ninguno
I_Chronicles,5,9,ולמזרח ישב עדלבוא מדברה למןהנהר פרת כי מקניהם רבו בארץ גלעד,"He also dwelt to the east as far as the fringe of the wilderness this side of the Euphrates, because their cattle had increased in the land of Gilead. ",Ninguno
I_Chronicles,5,10,"ובימי שאול עשו מלחמה עםההגראים ויפלו בידם וישבו באהליהם עלכלפני מזרח לגלעד&nbsp;<span class=""mam-spi-samekh"">{ס}</span>&nbsp;&nbsp;&nbsp;&nbsp;&nbsp;&nbsp;&nbsp;&nbsp;","And in the days of Saul they made war on the Hagrites, who fell by their hand; and they occupied their tents throughout all the region east of Gilead.",Ninguno
I_Chronicles,5,11,ובניגד לנגדם ישבו בארץ הבשן עדסלכה,The sons of Gad dwelt facing them in the land of Bashan as far as Salcah:,Ninguno
I_Chronicles,5,12,יואל הראש ושפם המשנה ויעני ושפט בבשן,"Joel the chief, Shapham the second, Janai, and Shaphat in Bashan. ",Ninguno
I_Chronicles,5,13,"ואחיהם לבית אבותיהם מיכאל ומשלם ושבע ויורי ויעכן וזיע ועבר שבעה&nbsp;<span class=""mam-spi-samekh"">{ס}</span>&nbsp;&nbsp;&nbsp;&nbsp;&nbsp;&nbsp;&nbsp;&nbsp;","And by clans: Michael, Meshullam, Sheba, Jorai, Jacan, Zia, and Eber—seven. ",Ninguno
I_Chronicles,5,14,אלה&thinsp;<b></b> בני אביחיל בןחורי בןירוח בןגלעד בןמיכאל בןישישי בןיחדו בןבוז,These were the sons of Abihail son of Huri son of Jaroah son of Gilead son of Michael son of Jeshishai son of Jahdo son of Buz;,Ninguno
I_Chronicles,5,15,אחי בןעבדיאל בןגוני ראש לבית אבותם,"Ahi son of Abdiel son of Guni was chief of their clan, ",Ninguno
I_Chronicles,5,16,וישבו בגלעד בבשן ובבנתיה ובכלמגרשי שרון עלתוצאותם,"and they dwelt in Gilead, in Bashan, and in its dependencies, and in all the pasturelands of Sharon, to their limits. ",Ninguno
I_Chronicles,5,17,"כלם התיחשו בימי יותם מלךיהודה ובימי ירבעם מלךישראל&nbsp;<span class=""mam-spi-pe"">{פ}</span><br>","All of them were registered by genealogies in the days of King Jotham of Judah, and in the days of King Jeroboam of Israel.",Ninguno
I_Chronicles,5,18,בניראובן וגדי וחצי שבטמנשה מןבניחיל אנשים נשאי מגן וחרב ודרכי קשת ולמודי מלחמה ארבעים וארבעה אלף ושבעמאות וששים יצאי צבא,"The Reubenites, the Gadites, and the half-tribe of Manasseh had warriors who carried shield and sword, drew the bow, and were experienced at war—44,760, ready for service. ",Ninguno
I_Chronicles,5,19,ויעשו מלחמה עםההגריאים ויטור ונפיש ונודב,"They made war on the Hagrites—Jetur, Naphish, and Nodab. ",Ninguno
I_Chronicles,5,20,ויעזרו עליהם וינתנו בידם ההגריאים וכל שעמהם כי לאלהים זעקו במלחמה ונעתור להם כיבטחו בו,"They prevailed against them; the Hagrites and all who were with them were delivered into their hands, for in the battle they cried to God—who responded to their entreaty because they trusted in [God]. ",Ninguno
I_Chronicles,5,21,וישבו מקניהם גמליהם חמשים אלף וצאן מאתים וחמשים אלף וחמורים אלפים ונפש אדם מאה אלף,"They carried off their livestock: 50,000 of their camels, 250,000 sheep, 2,000 donkeys, and 100,000 people. ",Ninguno
I_Chronicles,5,22,"כיחללים רבים נפלו כי מהאלהים המלחמה וישבו תחתיהם עדהגלה&nbsp;<span class=""mam-spi-pe"">{פ}</span><br>","For many fell slain, because it was God’s battle. And they dwelt in their place until the exile.",Ninguno
I_Chronicles,5,23,ובני חצי שבט מנשה ישבו בארץ מבשן עדבעל חרמון ושניר והרחרמון המה רבו,"The members of the half-tribe of Manasseh dwelt in the land; they were very numerous from Bashan to Baal-hermon, Senir, and Mount Hermon. ",Ninguno
I_Chronicles,5,24,ואלה ראשי ביתאבותם ועפר וישעי ואליאל ועזריאל וירמיה והודויה ויחדיאל אנשים גבורי חיל אנשי שמות ראשים לבית אבותם,"These were the chiefs of their clans: Epher, Ishi, Eliel, Azriel, Jeremiah, Hodaviah, and Jahdiel, men of substance, famous men, chiefs of their clans. ",Ninguno
I_Chronicles,5,25,וימעלו באלהי אבתיהם ויזנו אחרי אלהי עמיהארץ אשרהשמיד אלהים מפניהם,"But they trespassed against the God of their ancestors by going astray after the gods of the peoples of the land, whom God had destroyed before them. ",Ninguno
I_Chronicles,5,26,"ויער אלהי ישראל אתרוח&thinsp;<b></b> פול מלךאשור ואתרוח תלגת פלנסר מלך אשור ויגלם לראובני ולגדי ולחצי שבט מנשה ויביאם לחלח וחבור והרא ונהר גוזן עד היום הזה&nbsp;<span class=""mam-spi-pe"">{פ}</span><br>","So the God of Israel roused the spirit of King Pul of Assyria—the spirit of King Tillegath-pilneser of Assyria—and he carried them away, namely, the Reubenites, the Gadites, and the half-tribe of Manasseh, and brought them to Halah, Habor, Hara, and the river Gozan, to this day.",Ninguno
I_Chronicles,5,27,בני לוי גרשון קהת ומררי,"aIn some editions, chap. 6 begins here. The sons of Levi: Gershom, Kohath, and Merari. ",Ninguno
I_Chronicles,5,28,"ובני קהת עמרם יצהר וחברון ועזיאל&nbsp;<span class=""mam-spi-samekh"">{ס}</span>&nbsp;&nbsp;&nbsp;&nbsp;&nbsp;&nbsp;&nbsp;&nbsp;","The sons of Kohath: Amram, Izhar, Hebron, and Uzziel. ",Ninguno
I_Chronicles,5,29,"ובני עמרם אהרן ומשה ומרים&nbsp;<span class=""mam-spi-samekh"">{ס}</span>&nbsp;&nbsp;&nbsp;&nbsp;&nbsp;&nbsp;&nbsp;&nbsp;ובני אהרן נדב ואביהוא אלעזר ואיתמר","The children of Amram: Aaron, Moses, and Miriam. The sons of Aaron: Nadab, Abihu, Eleazar, and Ithamar. ",Ninguno
I_Chronicles,5,30,אלעזר הוליד אתפינחס פינחס הליד אתאבישוע,"Eleazar begot Phinehas, Phinehas begot Abishua, ",Ninguno
I_Chronicles,5,31,ואבישוע הוליד אתבקי ובקי הוליד אתעזי,"Abishua begot Bukki, Bukki begot Uzzi, ",Ninguno
I_Chronicles,5,32,ועזי הוליד אתזרחיה וזרחיה הוליד אתמריות,"Uzzi begot Zerahiah, Zerahiah begot Meraioth, ",Ninguno
I_Chronicles,5,33,מריות הוליד אתאמריה ואמריה הוליד אתאחיטוב,"Meraioth begot Amariah, Amariah begot Ahitub, ",Ninguno
I_Chronicles,5,34,ואחיטוב הוליד אתצדוק וצדוק הוליד אתאחימעץ,"Ahitub begot Zadok, Zadok begot Ahimaaz, ",Ninguno
I_Chronicles,5,35,ואחימעץ הוליד אתעזריה ועזריה הוליד אתיוחנן,"Ahimaaz begot Azariah, Azariah begot Johanan, ",Ninguno
I_Chronicles,5,36,ויוחנן הוליד אתעזריה הוא אשר כהן בבית אשרבנה שלמה בירושל͏ם,and Johanan begot Azariah (it was he who served as priest in the House that Solomon built in Jerusalem).,Ninguno
I_Chronicles,5,37,ויולד עזריה אתאמריה ואמריה הוליד אתאחיטוב,"Azariah begot Amariah, Amariah begot Ahitub, ",Ninguno
I_Chronicles,5,38,ואחיטוב הוליד אתצדוק וצדוק הוליד אתשלום,"Ahitub begot Zadok, Zadok begot Shallum, ",Ninguno
I_Chronicles,5,39,ושלום הוליד אתחלקיה וחלקיה הוליד אתעזריה,"Shallum begot Hilkiah, Hilkiah begot Azariah, ",Ninguno
I_Chronicles,5,40,ועזריה הוליד אתשריה ושריה הוליד אתיהוצדק,"Azariah begot Seraiah, Seraiah begot Jehozadak; ",Ninguno
I_Chronicles,5,41,"ויהוצדק הלך בהגלות יהוה אתיהודה וירושל͏ם ביד נבכדנאצר&nbsp;<span class=""mam-spi-pe"">{פ}</span><br>",and Jehozadak went into exile when GOD exiled Judah and Jerusalem by the hand of Nebuchadnezzar.,Ninguno
I_Chronicles,6,1,בני לוי גרשם קהת ומררי,"The sons of Levi: Gershom, Kohath, and Merari. ",Ninguno
I_Chronicles,6,2,ואלה שמות בניגרשום לבני ושמעי,And these are the names of the sons of Gershom: Libni and Shimei.,Ninguno
I_Chronicles,6,3,"ובני קהת עמרם ויצהר וחברון ועזיאל&nbsp;<span class=""mam-spi-samekh"">{ס}</span>&nbsp;&nbsp;&nbsp;&nbsp;&nbsp;&nbsp;&nbsp;&nbsp;","The sons of Kohath: Amram, Izhar, Hebron, and Uzziel. ",Ninguno
I_Chronicles,6,4,בני מררי מחלי ומשי ואלה משפחות הלוי לאבתיהם,The sons of Merari: Mahli and Mushi. These were the families of the Levites according to their clans.,Ninguno
I_Chronicles,6,5,לגרשום לבני בנו יחת בנו זמה בנו,"Of Gershom: his son Libni, his son Jahath, his son Zimmah, ",Ninguno
I_Chronicles,6,6,יואח בנו עדו בנו זרח בנו יאתרי בנו,"his son Joah, his son Iddo, his son Zerah, his son Jeatherai. ",Ninguno
I_Chronicles,6,7,בני קהת עמינדב בנו קרח בנו אסיר בנו,"The sons of Kohath: his son Amminadab, his son Korah, his son Assir, ",Ninguno
I_Chronicles,6,8,אלקנה בנו ואביסף בנו ואסיר בנו,"his son Elkanah, his son Ebiasaph, his son Assir, ",Ninguno
I_Chronicles,6,9,תחת בנו אוריאל בנו עזיה בנו ושאול בנו,"his son Tahath, his son Uriel, his son Uzziah, and his son Shaul. ",Ninguno
I_Chronicles,6,10,ובני אלקנה עמשי ואחימות,"The sons of Elkanah: Amasai and Ahimoth, ",Ninguno
I_Chronicles,6,11,"אלקנה <span class=""mam-kq""><span class=""mam-kq-k"">(בנו)</span> <span class=""mam-kq-q"">[בני]</span></span> אלקנה צופי בנו ונחת בנו","his son Elkanah, his son Zophai, his son Nahath, ",Ninguno
I_Chronicles,6,12,אליאב בנו ירחם בנו אלקנה בנו,"his son Eliab, his son Jeroham, his son Elkanah. ",Ninguno
I_Chronicles,6,13,"ובני שמואל הבכר ושני ואביה&nbsp;<span class=""mam-spi-samekh"">{ס}</span>&nbsp;&nbsp;&nbsp;&nbsp;&nbsp;&nbsp;&nbsp;&nbsp;","The sons of Samuel: his first-born Vashni, andaVashni, and Some ancient versions read “Joel, and the second”; cf. 1 Sam. 8.2. Abijah. ",Ninguno
I_Chronicles,6,14,בני מררי מחלי לבני בנו שמעי בנו עזה בנו,"The sons of Merari: Mahli, his son Libni, his son Shimei, his son Uzzah, ",Ninguno
I_Chronicles,6,15,"שמעא בנו חגיה בנו עשיה בנו&nbsp;<span class=""mam-spi-pe"">{פ}</span><br>","his son Shimea, his son Haggiah, and his son Asaiah.",Ninguno
I_Chronicles,6,16,ואלה אשר העמיד דויד עלידישיר בית יהוה ממנוח הארון,"These were appointed by David to be in charge of song in the House of GOD, from the time the Ark came to rest. ",Ninguno
I_Chronicles,6,17,ויהיו משרתים לפני משכן אהלמועד בשיר עדבנות שלמה אתבית יהוה בירושל͏ם ויעמדו כמשפטם עלעבודתם,They served at the Tabernacle of the Tent of Meeting with song until Solomon built the House of GOD in Jerusalem; and they carried out their duties as prescribed for them.,Ninguno
I_Chronicles,6,18,ואלה העמדים ובניהם מבני הקהתי הימן המשורר בןיואל בןשמואל,"Those were the appointed ones; and their sons were: the Kohathites: Heman the singer, son of Joel son of Samuel ",Ninguno
I_Chronicles,6,19,בןאלקנה בןירחם בןאליאל בןתוח,son of Elkanah son of Jeroham son of Eliel son of Toah,Ninguno
I_Chronicles,6,20,"בן<span class=""mam-kq""><span class=""mam-kq-q"">[צוף]</span> <span class=""mam-kq-k"">(ציף)</span></span> בןאלקנה בןמחת בןעמשי",son of Zuph son of Elkanah son of Mahath son of Amasai,Ninguno
I_Chronicles,6,21,בןאלקנה בןיואל בןעזריה בןצפניה,son of Elkanah son of Joel son of Azariah son of Zephaniah,Ninguno
I_Chronicles,6,22,בןתחת בןאסיר בןאביסף בןקרח,son of Tahath son of Assir son of Ebiasaph son of Korah,Ninguno
I_Chronicles,6,23,"בןיצהר בןקהת בןלוי בןישראל&nbsp;<span class=""mam-spi-samekh"">{ס}</span>&nbsp;&nbsp;&nbsp;&nbsp;&nbsp;&nbsp;&nbsp;&nbsp;",son of Izhar son of Kohath son of Levi son of Israel;,Ninguno
I_Chronicles,6,24,ואחיו אסף העמד עלימינו אסף בןברכיהו בןשמעא,"and his kinsman Asaph, who stood on his right, namely, Asaph son of Berechiah son of Shimea ",Ninguno
I_Chronicles,6,25,בןמיכאל בןבעשיה בןמלכיה,son of Michael son of Baaseiah son of Malchijah,Ninguno
I_Chronicles,6,26,בןאתני בןזרח בןעדיה,son of Ethni son of Zerah son of Adaiah,Ninguno
I_Chronicles,6,27,בןאיתן בןזמה בןשמעי,son of Ethan son of Zimmah son of Shimei,Ninguno
I_Chronicles,6,28,"בןיחת בןגרשם בןלוי&nbsp;<span class=""mam-spi-samekh"">{ס}</span>&nbsp;&nbsp;&nbsp;&nbsp;&nbsp;&nbsp;&nbsp;&nbsp;",son of Jahath son of Gershom son of Levi.,Ninguno
I_Chronicles,6,29,ובני מררי אחיהם עלהשמאול איתן בןקישי בןעבדי בןמלוך,On the left were their kindred: the sons of Merari: Ethan son of Kishi son of Abdi son of Malluch,Ninguno
I_Chronicles,6,30,בןחשביה בןאמציה בןחלקיה,son of Hashabiah son of Amaziah son of Hilkiah,Ninguno
I_Chronicles,6,31,בןאמצי בןבני בןשמר,son of Amzi son of Bani son of Shemer,Ninguno
I_Chronicles,6,32,"בןמחלי בןמושי בןמררי בןלוי&nbsp;<span class=""mam-spi-samekh"">{ס}</span>&nbsp;&nbsp;&nbsp;&nbsp;&nbsp;&nbsp;&nbsp;&nbsp;",son of Mahli son of Mushi son of Merari son of Levi;,Ninguno
I_Chronicles,6,33,ואחיהם הלוים נתונים לכלעבודת משכן בית האלהים,and their kindred the Levites were appointed for all the service of the Tabernacle of the House of God.,Ninguno
I_Chronicles,6,34,"ואהרן ובניו מקטירים עלמזבח העולה ועלמזבח הקטרת לכל מלאכת קדש הקדשים ולכפר עלישראל ככל אשר צוה משה עבד האלהים&nbsp;<span class=""mam-spi-pe"">{פ}</span><br>","But Aaron and his sons made offerings upon the altar of burnt offering and upon the altar of incense, performing all the tasks of the most holy place, to make atonement for Israel, according to all that Moses the servant of God had commanded. ",Ninguno
I_Chronicles,6,35,ואלה בני אהרן אלעזר בנו פינחס בנו אבישוע בנו,"These are the sons of Aaron: his son Eleazar, his son Phinehas, his son Abishua, ",Ninguno
I_Chronicles,6,36,בקי בנו עזי בנו זרחיה בנו,"his son Bukki, his son Uzzi, his son Zerahiah, ",Ninguno
I_Chronicles,6,37,מריות בנו אמריה בנו אחיטוב בנו,"his son Meraioth, his son Amariah, his son Ahitub, ",Ninguno
I_Chronicles,6,38,"צדוק בנו אחימעץ בנו&nbsp;<span class=""mam-spi-samekh"">{ס}</span>&nbsp;&nbsp;&nbsp;&nbsp;&nbsp;&nbsp;&nbsp;&nbsp;","his son Zadok, his son Ahimaaz. ",Ninguno
I_Chronicles,6,39,ואלה מושבותם לטירותם בגבולם לבני אהרן למשפחת הקהתי כי להם היה הגורל,"bCf. Josh. 21.3–42. These are their dwelling-places according to their settlements within their borders: to the sons of Aaron of the families of Kohathites, for theirs was the [first] lot; ",Ninguno
I_Chronicles,6,40,ויתנו להם אתחברון בארץ יהודה ואתמגרשיה סביבתיה,"they gave them Hebron in the land of Judah and its surrounding pasturelands, ",Ninguno
I_Chronicles,6,41,"ואתשדה העיר ואתחצריה נתנו לכלב בןיפנה&nbsp;<span class=""mam-spi-samekh"">{ס}</span>&nbsp;&nbsp;&nbsp;&nbsp;&nbsp;&nbsp;&nbsp;&nbsp;",but the fields of the city and its villages they gave to Caleb son of Jephunneh.,Ninguno
I_Chronicles,6,42,ולבני אהרן נתנו אתערי המקלט אתחברון ואתלבנה ואתמגרשיה ואתיתר ואתאשתמע ואתמגרשיה,"To the sons of Aaron they gave the citiesccities Cf. Josh. 21.13, “city.” of refuge: Hebron and Libnah with its pasturelands, Jattir and Eshtemoa with its pasturelands, ",Ninguno
I_Chronicles,6,43,ואתחילז ואתמגרשיה אתדביר ואתמגרשיה,"HilendHilen So some mss.; most read “Hilez.” Cf. Josh. 21.15, “Holon.” with its pasturelands, Debir with its pasturelands, ",Ninguno
I_Chronicles,6,44,"ואתעשן ואתמגרשיה ואתבית שמש ואתמגרשיה&nbsp;<span class=""mam-spi-samekh"">{ס}</span>&nbsp;&nbsp;&nbsp;&nbsp;&nbsp;&nbsp;&nbsp;&nbsp;","Ashan with its pasturelands, and Beth-shemesh with its pasturelands. ",Ninguno
I_Chronicles,6,45,"וממטה בנימן אתגבע ואתמגרשיה ואתעלמת ואתמגרשיה ואתענתות ואתמגרשיה כלעריהם שלשעשרה עיר במשפחותיהם&nbsp;<span class=""mam-spi-samekh"">{ס}</span>&nbsp;&nbsp;&nbsp;&nbsp;&nbsp;&nbsp;&nbsp;&nbsp;","From the tribe of Benjamin, Geba with its pasturelands, Alemeth with its pasturelands, and Anathoth with its pasturelands. All their cities throughout their families were thirteen.",Ninguno
I_Chronicles,6,46,"ולבני קהת הנותרים ממשפחת המטה ממחצית מטה חצי מנשה בגורל ערים עשר&nbsp;<span class=""mam-spi-pe"">{פ}</span><br>","To the remaining Kohathites were given by lot out of the family of the tribe, out of the half-tribe, the half of Manasseh, ten cities. ",Ninguno
I_Chronicles,6,47,"ולבני גרשום למשפחותם ממטה יששכר וממטה אשר וממטה נפתלי וממטה מנשה בבשן ערים שלש עשרה&nbsp;<span class=""mam-spi-samekh"">{ס}</span>&nbsp;&nbsp;&nbsp;&nbsp;&nbsp;&nbsp;&nbsp;&nbsp;","To the Gershomites according to their families were allotted thirteen cities out of the tribes of Issachar, Asher, Naphtali, and Manasseh in Bashan. ",Ninguno
I_Chronicles,6,48,"לבני מררי למשפחותם ממטה ראובן וממטהגד וממטה זבלון בגורל ערים שתים עשרה&nbsp;<span class=""mam-spi-samekh"">{ס}</span>&nbsp;&nbsp;&nbsp;&nbsp;&nbsp;&nbsp;&nbsp;&nbsp;","To the Merarites according to their families were allotted twelve cities out of the tribes of Reuben, Gad, and Zebulun. ",Ninguno
I_Chronicles,6,49,ויתנו בניישראל ללוים אתהערים ואתמגרשיהם,So the people of Israel gave the Levites the cities with their pasturelands.,Ninguno
I_Chronicles,6,50,"ויתנו בגורל ממטה בנייהודה וממטה בנישמעון וממטה בני בנימן את הערים האלה אשריקראו אתהם בשמות&nbsp;<span class=""mam-spi-samekh"">{ס}</span>&nbsp;&nbsp;&nbsp;&nbsp;&nbsp;&nbsp;&nbsp;&nbsp;","They gave them by lot out of the tribe of the Judahites these cities that are mentioned by name, and out of the tribe of the Simeonites, and out of the tribe of the Benjaminites.",Ninguno
I_Chronicles,6,51,וממשפחות בני קהת ויהי ערי גבולם ממטה אפרים,And some of the families of the sons of Kohath had cities of their territory out of the tribe of Ephraim.,Ninguno
I_Chronicles,6,52,ויתנו להם אתערי המקלט אתשכם ואתמגרשיה בהר אפרים ואתגזר ואתמגרשיה,"They gave them the cities of refuge: Shechem with its pasturelands in the hill country of Ephraim, Gezer with its pasturelands, ",Ninguno
I_Chronicles,6,53,ואתיקמעם ואתמגרשיה ואתבית חורון ואתמגרשיה,"Jokmeam with its pasturelands, Beth-horon with its pasturelands, ",Ninguno
I_Chronicles,6,54,ואתאילון ואתמגרשיה ואתגתרמון ואתמגרשיה,"Aijalon with its pasturelands, Gath-rimmon with its pasturelands; ",Ninguno
I_Chronicles,6,55,"וממחצית מטה מנשה אתענר ואתמגרשיה ואתבלעם ואתמגרשיה למשפחת לבניקהת הנותרים&nbsp;<span class=""mam-spi-pe"">{פ}</span><br>","and out of the half-tribe of Manasseh: Aner with its pasturelands, and Bileam with its pasturelands, for the rest of the families of the Kohathites.",Ninguno
I_Chronicles,6,56,לבני גרשום ממשפחת חצי מטה מנשה אתגולן בבשן ואתמגרשיה ואתעשתרות ואתמגרשיה,To the Gershomites; out of the half-tribe of Manasseh: Golan in Bashan with its pasturelands and Ashtaroth with its pasturelands;,Ninguno
I_Chronicles,6,57,וממטה יששכר אתקדש ואתמגרשיה אתדברת ואתמגרשיה,"and out of the tribe of Issachar: Kedesh with its pasturelands, Dobrath with its pasturelands, ",Ninguno
I_Chronicles,6,58,"ואתראמות ואתמגרשיה ואתענם ואתמגרשיה&nbsp;<span class=""mam-spi-samekh"">{ס}</span>&nbsp;&nbsp;&nbsp;&nbsp;&nbsp;&nbsp;&nbsp;&nbsp;","Ramoth with its pasturelands, and Anem with its pasturelands; ",Ninguno
I_Chronicles,6,59,וממטה אשר אתמשל ואתמגרשיה ואתעבדון ואתמגרשיה,"out of the tribe of Asher: Mashal with its pasturelands, Abdon with its pasturelands, ",Ninguno
I_Chronicles,6,60,"ואתחוקק ואתמגרשיה ואתרחב ואתמגרשיה&nbsp;<span class=""mam-spi-samekh"">{ס}</span>&nbsp;&nbsp;&nbsp;&nbsp;&nbsp;&nbsp;&nbsp;&nbsp;","Hukok with its pasturelands, and Rehob with its pasturelands; ",Ninguno
I_Chronicles,6,61,"וממטה נפתלי אתקדש בגליל ואתמגרשיה ואתחמון ואתמגרשיה ואתקריתים ואתמגרשיה&nbsp;<span class=""mam-spi-samekh"">{ס}</span>&nbsp;&nbsp;&nbsp;&nbsp;&nbsp;&nbsp;&nbsp;&nbsp;","and out of the tribe of Naphtali: Kedesh in Galilee with its pasturelands; Hammon with its pasturelands, and Kiriathaim with its pasturelands. ",Ninguno
I_Chronicles,6,62,לבני מררי הנותרים ממטה זבלון אתרמונו ואתמגרשיה אתתבור ואתמגרשיה,"To the rest of the Merarites, out of the tribe of Zebulun: Rimmono with its pasturelands, Tabor with its pasturelands; ",Ninguno
I_Chronicles,6,63,ומעבר לירדן ירחו למזרח הירדן ממטה ראובן אתבצר במדבר ואתמגרשיה ואתיהצה ואתמגרשיה,"and beyond the Jordan at Jericho, on the east side of the Jordan, out of the tribe of Reuben: Bezer in the wilderness with its pasturelands, Jahaz with its pasturelands, ",Ninguno
I_Chronicles,6,64,ואתקדמות ואתמגרשיה ואתמיפעת ואתמגרשיה,"Kedemoth with its pasturelands, and Mephaath with its pasturelands; ",Ninguno
I_Chronicles,6,65,וממטהגד אתראמות בגלעד ואתמגרשיה ואתמחנים ואתמגרשיה,"and out of the tribe of Gad: Ramoth in Gilead with its pasturelands, Mahanaim with its pasturelands, ",Ninguno
I_Chronicles,6,66,"ואתחשבון ואתמגרשיה ואתיעזיר ואתמגרשיה&nbsp;<span class=""mam-spi-samekh"">{ס}</span>&nbsp;&nbsp;&nbsp;&nbsp;&nbsp;&nbsp;&nbsp;&nbsp;","Heshbon with its pasturelands, and Jazer with its pasturelands.",Ninguno
I_Chronicles,7,1,"ולבני יששכר תולע ופואה <span class=""mam-kq""><span class=""mam-kq-k"">(ישיב)</span> <span class=""mam-kq-q"">[ישוב]</span></span> ושמרון ארבעה&nbsp;<span class=""mam-spi-samekh"">{ס}</span>&nbsp;&nbsp;&nbsp;&nbsp;&nbsp;&nbsp;&nbsp;&nbsp;","The sons of Issachar: Tola, Puah, Jashub, and Shimron—four. ",Ninguno
I_Chronicles,7,2,"ובני תולע עזי ורפיה ויריאל ויחמי ויבשם ושמואל ראשים לביתאבותם לתולע גבורי חיל לתלדותם מספרם בימי דויד עשריםושנים אלף ושש מאות&nbsp;<span class=""mam-spi-samekh"">{ס}</span>&nbsp;&nbsp;&nbsp;&nbsp;&nbsp;&nbsp;&nbsp;&nbsp;","The sons of Tola: Uzzi, Rephaiah, Jeriel, Jahmai, Ibsam, Shemuel, chiefs of their clans, men of substance according to their lines; their number in the days of David was 22,600. ",Ninguno
I_Chronicles,7,3,ובני עזי יזרחיה ובני יזרחיה מיכאל ועבדיה ויואל ישיה חמשה ראשים כלם,"The sons of Uzzi: Izrahiah. And the sons of Izrahiah: Michael, Obadiah, Joel, and Isshiah—five. All of them were chiefs. ",Ninguno
I_Chronicles,7,4,ועליהם לתלדותם לבית אבותם גדודי צבא מלחמה שלשים וששה אלף כיהרבו נשים ובנים,"And together with them, by their lines, according to their clans, were units of the fighting force, 36,000, for they had many wives and sons. ",Ninguno
I_Chronicles,7,5,"ואחיהם לכל משפחות יששכר גבורי חילים שמונים ושבעה אלף התיחשם לכל&nbsp;<span class=""mam-spi-samekh"">{ס}</span>&nbsp;&nbsp;&nbsp;&nbsp;&nbsp;&nbsp;&nbsp;&nbsp;","Their kindred belonging to all the families of Issachar were in all 87,000 men of substance; they were all registered by genealogy.",Ninguno
I_Chronicles,7,6,בנימן בלע ובכר וידיעאל שלשה,"[The sons of] Benjamin: Bela, Becher, and Jediael—three. ",Ninguno
I_Chronicles,7,7,ובני בלע אצבון ועזי ועזיאל וירימות ועירי חמשה ראשי בית אבות גבורי חילים והתיחשם עשרים ושנים אלף ושלשים וארבעה,"The sons of Bela: Ezbon, Uzzi, Uzziel, Jerimoth, and Iri—five, chiefs of clans, men of substance, registered by genealogy—22,034. ",Ninguno
I_Chronicles,7,8,ובני בכר זמירה ויועש ואליעזר ואליועיני ועמרי וירמות ואביה וענתות ועלמת כלאלה בניבכר,"The sons of Becher: Zemirah, Joash, Eliezer, Elioenai, Omri, Jeremoth, Abijah, Anathoth, and Alemeth. All these were the sons of Becher; ",Ninguno
I_Chronicles,7,9,והתיחשם לתלדותם ראשי בית אבותם גבורי חיל עשרים אלף ומאתים,"and they were registered by genealogy according to their lines, as chiefs of their clans, men of substance—20,200. ",Ninguno
I_Chronicles,7,10,"ובני ידיעאל בלהן ובני בלהן <span class=""mam-kq""><span class=""mam-kq-k"">(יעיש)</span> <span class=""mam-kq-q"">[יעוש]</span></span> ובנימן ואהוד וכנענה וזיתן ותרשיש ואחישחר","The sons of Jediael: Bilhan. And the sons of Bilhan: Jeush, Benjamin, Ehud, Chenaanah, Zethan, Tarshish, and Ahishahar. ",Ninguno
I_Chronicles,7,11,כלאלה בני ידיעאל לראשי האבות גבורי חילים שבעהעשר אלף ומאתים יצאי צבא למלחמה,"All these were the sons of Jediael, chiefs of the clans, men of substance—17,200, who made up the fighting force. ",Ninguno
I_Chronicles,7,12,ושפם וחפם בני עיר חשם בני אחר,And Shuppim and Huppim were the sons of Ir; Hushim the sons of Aher.,Ninguno
I_Chronicles,7,13,"בני נפתלי יחציאל וגוני ויצר ושלום בני בלהה&nbsp;<span class=""mam-spi-pe"">{פ}</span><br>","The sons of Naphtali: Jahziel, Guni, Jezer, and Shallum, the descendants of Bilhah.",Ninguno
I_Chronicles,7,14,בני מנשה אשריאל אשר ילדה פילגשו הארמיה ילדה אתמכיר אבי גלעד,"The sons of Manasseh: Asriel, whom his Aramean concubine bore; she bore Machir the father of Gilead. ",Ninguno
I_Chronicles,7,15,ומכיר לקח אשה לחפים ולשפים ושם אחתו מעכה ושם השני צלפחד ותהינה לצלפחד בנות,And Machir took wives for Huppim and for Shuppim. The name of his sister was Maacah. And the name of the second was Zelophehad; and Zelophehad had daughters.,Ninguno
I_Chronicles,7,16,ותלד מעכה אשתמכיר בן ותקרא שמו פרש ושם אחיו שרש ובניו אולם ורקם,"And Maacah the wife of Machir bore a son, and she named him Peresh; and the name of his brother was Sheresh; and his sons were Ulam and Rekem. ",Ninguno
I_Chronicles,7,17,ובני אולם בדן אלה בני גלעד בןמכיר בןמנשה,The sons of Ulam: Bedan. These were the sons of Gilead son of Machir son of Manasseh.,Ninguno
I_Chronicles,7,18,ואחתו המלכת ילדה אתאישהוד ואתאביעזר ואתמחלה,"And his sister Hammolecheth bore Ishhod, Abiezer, and Mahlah. ",Ninguno
I_Chronicles,7,19,"ויהיו בני שמידע אחין ושכם ולקחי ואניעם&nbsp;<span class=""mam-spi-pe"">{פ}</span><br>","The sons of Shemida were Ahian, Shechem, Likhi, and Aniam.",Percepción (Yada)
I_Chronicles,7,20,ובני אפרים שותלח וברד בנו ותחת בנו ואלעדה בנו ותחת בנו,"The sons of Ephraim: Shuthelah, his son Bered, his son Tahath, his son Eleadah, his son Tahath, ",Ninguno
I_Chronicles,7,21,וזבד בנו ושותלח בנו ועזר ואלעד והרגום אנשיגת הנולדים בארץ כי ירדו לקחת אתמקניהם,"his son Zabad, his son Shuthelah, also Ezer and Elead. The residents of Gath, born in the land, killed them because they had gone down to take their cattle. ",Ninguno
I_Chronicles,7,22,ויתאבל אפרים אביהם ימים רבים ויבאו אחיו לנחמו,"And Ephraim their father mourned many days, and his brothers came to comfort him. ",Ninguno
I_Chronicles,7,23,ויבא אלאשתו ותהר ותלד בן ויקרא אתשמו בריעה כי ברעה היתה בביתו,"He cohabited with his wife, who conceived and bore a son; and she named him Beriah, because it occurred when there was misfortuneamisfortune Heb. beraʻah. in his house. ",Ninguno
I_Chronicles,7,24,ובתו שארה ותבן אתביתחורון התחתון ואתהעליון ואת אזן שארה,"His daughter was Sheerah, who built both Lower and Upper Beth-horon, and Uzzen-sheerah. ",Ninguno
I_Chronicles,7,25,ורפח בנו ורשף ותלח בנו ותחן בנו,"His son Rephah, his son Resheph, his son Telah, his son Tahan, ",Ninguno
I_Chronicles,7,26,לעדן בנו עמיהוד בנו אלישמע בנו,"his son Ladan, his son Ammihud, his son Elishama, ",Ninguno
I_Chronicles,7,27,נון בנו יהושע בנו,"his son Non, his son Joshua. ",Ninguno
I_Chronicles,7,28,ואחזתם ומשבותם ביתאל ובנתיה ולמזרח נערן ולמערב גזר ובנתיה ושכם ובנתיה עדעיה ובנתיה,"Their possessions and settlements were Bethel and its dependencies, and on the east Naaran, and on the west Gezer and its dependencies, Shechem and its dependencies, and Aiah and its dependencies; ",Ninguno
I_Chronicles,7,29,"ועלידי בנימנשה ביתשאן ובנתיה תענך ובנתיה מגדו ובנותיה דור ובנותיה באלה ישבו בני יוסף בןישראל&nbsp;<span class=""mam-spi-pe"">{פ}</span><br>","also along the borders of the Manassites, Beth-shean and its dependencies, Taanach and its dependencies, Megiddo and its dependencies, Dor and its dependencies. In these dwelt the sons of Joseph son of Israel.",Ninguno
I_Chronicles,7,30,בני אשר ימנה וישוה וישוי ובריעה ושרח אחותם,"The sons of Asher: Imnah, Ishvah, Ishvi, Beriah, and their sister Serah. ",Ninguno
I_Chronicles,7,31,"ובני בריעה חבר ומלכיאל הוא אבי <span class=""mam-kq""><span class=""mam-kq-k"">(ברזות)</span> <span class=""mam-kq-q"">[ברזית]</span></span>","The sons of Beriah: Heber and Malchiel, who was the father of Birzaith. ",Ninguno
I_Chronicles,7,32,וחבר הוליד אתיפלט ואתשומר ואתחותם ואת שועא אחותם,"Heber begot Japhlet, Shomer, Hotham, and their sister, Shua. ",Ninguno
I_Chronicles,7,33,ובני יפלט פסך ובמהל ועשות אלה בני יפלט,"The sons of Japhlet: Pasach, Bimhal, and Ashvath. These were the sons of Japhlet. ",Ninguno
I_Chronicles,7,34,"ובני שמר אחי <span class=""mam-kq""><span class=""mam-kq-k"">(ורוהגה)</span> <span class=""mam-kq-q"">[ורהגה]</span></span> <span class=""mam-kq""><span class=""mam-kq-k"">(יחבה)</span> <span class=""mam-kq-q"">[וחבה]</span></span> וארם","The sons of Shemer: Ahi, Rohgah, Hubbah, and Aram. ",Ninguno
I_Chronicles,7,35,ובןהלם אחיו צופח וימנע ושלש ועמל,"The son[s] of Helem his brother: Zophah, Imna, Shelesh, and Amal. ",Ninguno
I_Chronicles,7,36,בני צופח סוח וחרנפר ושועל וברי וימרה,"The sons of Zophah: Suah, Harnepher, Shual, Beri, Imrah, ",Ninguno
I_Chronicles,7,37,בצר והוד ושמא ושלשה ויתרן ובארא,"Bezer, Hod, Shamma, Shilshah, Ithran, and Beera. ",Ninguno
I_Chronicles,7,38,ובני יתר יפנה ופספה וארא,"The sons of Jether: Jephunneh, Pispa, and Ara. ",Ninguno
I_Chronicles,7,39,ובני עלא ארח וחניאל ורציא,"The sons of Ulla: Arah, Hanniel, and Rizia. ",Ninguno
I_Chronicles,7,40,"כלאלה בניאשר ראשי ביתהאבות ברורים גבורי חילים ראשי הנשיאים והתיחשם בצבא במלחמה מספרם אנשים עשרים וששה אלף&nbsp;<span class=""mam-spi-samekh"">{ס}</span>&nbsp;&nbsp;&nbsp;&nbsp;&nbsp;&nbsp;&nbsp;&nbsp;","All of these men of Asher, chiefs of the clans, select men, men of substance, heads of the chieftains. And they were registered by genealogy according to fighting force; these men numbered 26,000.",Ninguno
I_Chronicles,8,1,ובנימן הוליד אתבלע בכרו אשבל השני ואחרח השלישי,"Benjamin begot Bela his first-born, Ashbel the second, Aharah the third, ",Ninguno
I_Chronicles,8,2,נוחה הרביעי ורפא החמישי,"Nohah the fourth, and Rapha the fifth. ",Ninguno
I_Chronicles,8,3,ויהיו בנים לבלע אדר וגרא ואביהוד,"And Bela had sons: Addar, Gera, Abihud, ",Ninguno
I_Chronicles,8,4,ואבישוע ונעמן ואחוח,"Abishua, Naaman, Ahoah, ",Ninguno
I_Chronicles,8,5,וגרא ושפופן וחורם,"Gera, Shephuphan, and Huram. ",Ninguno
I_Chronicles,8,6,ואלה בני אחוד אלה הם ראשי אבות ליושבי גבע ויגלום אלמנחת,"These were the sons of Ehud—they were chiefs of clans of the inhabitants of Geba, and they were exiled to Manahath: ",Ninguno
I_Chronicles,8,7,ונעמן ואחיה וגרא הוא הגלם והוליד אתעזא ואתאחיחד,"Naaman, Ahijah, and Gera—he exiled them and begot Uzza and Ahihud. ",Ninguno
I_Chronicles,8,8,ושחרים הוליד בשדה מואב מןשלחו אתם חושים ואתבערא נשיו,And Shaharaim had sons in the country of Moab after he had sent away Hushim and Baara his wives.,Ninguno
I_Chronicles,8,9,ויולד מןחדש אשתו אתיובב ואתצביא ואתמישא ואתמלכם,"He had sons by Hodesh his wife: Jobab, Zibia, Mesha, Malcam, ",Ninguno
I_Chronicles,8,10,ואתיעוץ ואתשכיה ואתמרמה אלה בניו ראשי אבות,"Jeuz, Sachiah, and Mirmah. These were his sons, chiefs of clans. ",Ninguno
I_Chronicles,8,11,ומחשים הוליד אתאביטוב ואתאלפעל,He also begot by Hushim: Abitub and Elpaal.,Ninguno
I_Chronicles,8,12,ובני אלפעל עבר ומשעם ושמד הוא בנה אתאונו ואתלד ובנתיה,"The sons of Elpaal: Eber, Misham, and Shemed, who built Ono and Lod with its dependencies, ",Ninguno
I_Chronicles,8,13,וברעה ושמע המה ראשי האבות ליושבי אילון המה הבריחו אתיושבי גת,"and Beriah and Shema—they were chiefs of clans of the inhabitants of Aijalon, who put to flight the inhabitants of Gath; ",Ninguno
I_Chronicles,8,14,ואחיו ששק וירמות,"and Ahio, Shashak, and Jeremoth. ",Ninguno
I_Chronicles,8,15,וזבדיה וערד ועדר,"Zebadiah, Arad, Eder, ",Ninguno
I_Chronicles,8,16,ומיכאל וישפה ויוחא בני בריעה,"Michael, Ishpah, and Joha were sons of Beriah. ",Ninguno
I_Chronicles,8,17,וזבדיה ומשלם וחזקי וחבר,"Zebadiah, Meshullam, Hizki, Heber, ",Ninguno
I_Chronicles,8,18,וישמרי ויזליאה ויובב בני אלפעל,"Ishmerai, Izliah, and Jobab were the sons of Elpaal. ",Ninguno
I_Chronicles,8,19,ויקים וזכרי וזבדי,"Jakim, Zichri, Zabdi, ",Ninguno
I_Chronicles,8,20,ואליעיני וצלתי ואליאל,"Elienai, Zillethai, Eliel, ",Ninguno
I_Chronicles,8,21,ועדיה ובראיה ושמרת בני שמעי,"Adaiah, Beraiah, and Shimrath were the sons of Shimei. ",Ninguno
I_Chronicles,8,22,וישפן ועבר ואליאל,"Ishpan, Eber, Eliel, ",Ninguno
I_Chronicles,8,23,ועבדון וזכרי וחנן,"Abdon, Zichri, Hanan, ",Ninguno
I_Chronicles,8,24,וחנניה ועילם וענתתיה,"Hananiah, Elam, Anthothiah, ",Ninguno
I_Chronicles,8,25,"ויפדיה <span class=""mam-kq""><span class=""mam-kq-k"">(ופניאל)</span> <span class=""mam-kq-q"">[ופנואל]</span></span> בני ששק","Iphdeiah, and Penuel were the sons of Shashak. ",Ninguno
I_Chronicles,8,26,ושמשרי ושחריה ועתליה,"Shamsherai, Shehariah, Athaliah, ",Ninguno
I_Chronicles,8,27,ויערשיה ואליה וזכרי בני ירחם,"Jaareshiah, Elijah, and Zichri were the sons of Jeroham. ",Ninguno
I_Chronicles,8,28,אלה ראשי אבות לתלדותם ראשים אלה ישבו בירושל͏ם,"These were the chiefs of the clans, according to their lines. These chiefs dwelt in Jerusalem.",Ninguno
I_Chronicles,8,29,ובגבעון ישבו אבי גבעון ושם אשתו מעכה,"The father of Gibeon dwelt in Gibeon, and the name of his wife was Maacah. ",Ninguno
I_Chronicles,8,30,ובנו הבכור עבדון וצור וקיש ובעל ונדב,"His first-born son: Abdon; then Zur, Kish, Baal, Nadab, ",Ninguno
I_Chronicles,8,31,וגדור ואחיו וזכר,"Gedor, Ahio, Zecher. ",Ninguno
I_Chronicles,8,32,"ומקלות הוליד אתשמאה ואףהמה נגד אחיהם ישבו בירושל͏ם עםאחיהם&nbsp;<span class=""mam-spi-samekh"">{ס}</span>&nbsp;&nbsp;&nbsp;&nbsp;&nbsp;&nbsp;&nbsp;&nbsp;","Mikloth begot Shimeah. And they dwelt in Jerusalem opposite their kindred, with their kindred. ",Ninguno
I_Chronicles,8,33,ונר הוליד אתקיש וקיש הוליד אתשאול ושאול הוליד אתיהונתן ואתמלכישוע ואתאבינדב ואתאשבעל,"Ner begot Kish, Kish begot Saul, Saul begot Jonathan, Malchi-shua, Abinadab, and Eshbaal; ",Ninguno
I_Chronicles,8,34,ובןיהונתן מריב בעל ומריב בעל הוליד אתמיכה,and the son of Jonathan was Merib-baal; and Merib-baal begot Micah.,Ninguno
I_Chronicles,8,35,ובני מיכה פיתון ומלך ותארע ואחז,"The sons of Micah: Pithon, Melech, Taarea, and Ahaz. ",Ninguno
I_Chronicles,8,36,ואחז הוליד אתיהועדה ויהועדה הוליד אתעלמת ואתעזמות ואתזמרי וזמרי הוליד אתמוצא,"Ahaz begot Jehoaddah; and Jehoaddah begot Alemeth, Azmaveth, and Zimri; Zimri begot Moza. ",Ninguno
I_Chronicles,8,37,ומוצא הוליד אתבנעא רפה בנו אלעשה בנו אצל בנו,"Moza begot Binea; his son Raphah; his son Eleasah, his son Azel. ",Ninguno
I_Chronicles,8,38,ולאצל ששה בנים ואלה שמותם עזריקם&thinsp;<small></small>&thinsp;בכרו וישמעאל ושעריה ועבדיה וחנן כלאלה בני אצל,"Azel had six sons, and these are their names: Azrikam, Bocheru, Ishmael, Sheariah, Obadiah, and Hanan. All these were the sons of Azel. ",Ninguno
I_Chronicles,8,39,ובני עשק אחיו אולם בכרו יעוש השני ואליפלט השלשי,"The sons of Eshek his brother: Ulam his first-born, Jeush the second, and Eliphelet the third. ",Ninguno
I_Chronicles,8,40,"ויהיו בניאולם אנשים גבוריחיל דרכי קשת ומרבים בנים ובני בנים מאה וחמשים כלאלה מבני בנימן&nbsp;<span class=""mam-spi-pe"">{פ}</span><br>","The descendants of Ulam—men of substance, who drew the bow, had many children and grandchildren—one hundred and fifty; all these were Benjaminites.",Ninguno
I_Chronicles,9,1,"וכלישראל התיחשו והנם כתובים עלספר מלכי ישראל ויהודה הגלו לבבל במעלם&nbsp;<span class=""mam-spi-samekh"">{ס}</span>&nbsp;&nbsp;&nbsp;&nbsp;&nbsp;&nbsp;&nbsp;&nbsp;",All Israel was registered by genealogies; and these are in the book of the kings of Israel. And Judah was taken into exile in Babylon because of their trespass.,Ninguno
I_Chronicles,9,2,והיושבים הראשנים אשר באחזתם בעריהם ישראל הכהנים הלוים והנתינים,"aCf. Neh. 11.3–19. The first to settle in their towns, on their property, were Israelites, priests, Levites, and temple servants, ",Ninguno
I_Chronicles,9,3,ובירושל͏ם ישבו מןבני יהודה ומןבני בנימן ומןבני אפרים ומנשה,while some of the Judahites and some of the Benjaminites and some of the Ephraimites and Manassehites settled in Jerusalem;,Ninguno
I_Chronicles,9,4,"עותי בןעמיהוד בןעמרי בןאמרי בן<span class=""mam-kq""><span class=""mam-kq-k"">(בנימן)</span><span class=""mam-kq-q"">[בני מן]</span></span>בניפרץ בןיהודה&nbsp;<span class=""mam-spi-samekh"">{ס}</span>&nbsp;&nbsp;&nbsp;&nbsp;&nbsp;&nbsp;&nbsp;&nbsp;","Uthai son of Ammihud son of Omri son of Imri son of Bani, from the sons of Perez son of Judah; ",Ninguno
I_Chronicles,9,5,ומןהשילוני עשיה הבכור ובניו,and of the Shilonites: Asaiah the first-born and his sons.,Ninguno
I_Chronicles,9,6,ומןבניזרח יעואל ואחיהם ששמאות ותשעים,Of the sons of Zerah: Jeuel and their kindred—690.,Ninguno
I_Chronicles,9,7,ומןבני בנימן סלוא בןמשלם בןהודויה בןהסנאה,"Of the Benjaminites: Sallu son of Meshullam son of Hodaviah son of Hassenuah, ",Ninguno
I_Chronicles,9,8,ויבניה בןירחם ואלה בןעזי בןמכרי ומשלם בןשפטיה בןרעואל בןיבניה,"Ibneiah son of Jeroham, Elah son of Uzzi son of Michri, and Meshullam son of Shephatiah son of Reuel son of Ibneiah; ",Ninguno
I_Chronicles,9,9,"ואחיהם לתלדותם תשע מאות וחמשים וששה כלאלה אנשים ראשי אבות לבית אבתיהם&nbsp;<span class=""mam-spi-samekh"">{ס}</span>&nbsp;&nbsp;&nbsp;&nbsp;&nbsp;&nbsp;&nbsp;&nbsp;","and their kindred, according to their lines—956. All these were chiefs of their ancestral clans.",Ninguno
I_Chronicles,9,10,ומןהכהנים ידעיה ויהויריב ויכין,"Of the priests: Jedaiah, Jehoiarib, Jachin, ",Percepción (Yada)
I_Chronicles,9,11,"ועזריה בןחלקיה בןמשלם בןצדוק בןמריות בןאחיטוב נגיד בית האלהים&nbsp;<span class=""mam-spi-samekh"">{ס}</span>&nbsp;&nbsp;&nbsp;&nbsp;&nbsp;&nbsp;&nbsp;&nbsp;","and Azariah son of Hilkiah son of Meshullam son of Zadok son of Meraioth son of Ahitub, chief officer of the House of God; ",Ninguno
I_Chronicles,9,12,ועדיה בןירחם בןפשחור בןמלכיה ומעשי בןעדיאל בןיחזרה בןמשלם בןמשלמית בןאמר,"and Adaiah son of Jeroham son of Pashhur son of Malchijah, and Maasai son of Adiel son of Jahzerah son of Meshullam son of Meshillemith son of Immer, ",Ninguno
I_Chronicles,9,13,ואחיהם ראשים לבית אבותם אלף ושבע מאות וששים גבורי חיל מלאכת עבודת ביתהאלהים,"together with their kindred, chiefs of their clans—1,760, men of substance for the work of the service of the House of God.",Ninguno
I_Chronicles,9,14,ומןהלוים שמעיה בןחשוב בןעזריקם בןחשביה מןבני מררי,"Of the Levites: Shemaiah son of Hasshub son of Azrikam son of Hashabiah, of the sons of Merari; ",Ninguno
I_Chronicles,9,15,ובקבקר חרש וגלל ומתניה בןמיכא בןזכרי בןאסף,"and Bakbakkar, Heresh, Galal, and Mattaniah son of Mica son of Zichri son of Asaph; ",Ninguno
I_Chronicles,9,16,ועבדיה בןשמעיה בןגלל בןידותון וברכיה בןאסא בןאלקנה היושב בחצרי נטופתי,"and Obadiah son of Shemaiah son of Galal son of Jeduthun, and Berechiah son of Asa son of Elkanah, who dwelt in the villages of the Netophathites.",Ninguno
I_Chronicles,9,17,והשערים שלום ועקוב וטלמן ואחימן ואחיהם שלום הראש,"The gatekeepers were: Shallum, Akkub, Talmon, Ahiman; and their kinsman Shallum was the chief ",Ninguno
I_Chronicles,9,18,ועדהנה בשער המלך מזרחה המה השערים למחנות בני לוי,hitherto in the King’s Gate on the east. They were the keepers belonging to the Levite camp.,Ninguno
I_Chronicles,9,19,ושלום בןקורא בןאביסף בןקרח ואחיו לביתאביו הקרחים על מלאכת העבודה שמרי הספים לאהל ואבתיהם עלמחנה יהוה שמרי המבוא,"Shallum son of Kore son of Ebiasaph son of Korah, and his kindred of his clan, the Korahites, were in charge of the work of the service, guards of the threshold of the Tent; their ancestors had been guards of the entrance to GOD’s camp. ",Ninguno
I_Chronicles,9,20,ופינחס בןאלעזר נגיד היה עליהם לפנים יהוה&thinsp;<small></small>&thinsp;עמו,And Phinehas son of Eleazar was the chief officer over them in time past; GOD was with him.,Ninguno
I_Chronicles,9,21,זכריה בן משלמיה שער פתח לאהל מועד,Zechariah the son of Meshelemiah was gatekeeper at the entrance of the Tent of Meeting.,Ninguno
I_Chronicles,9,22,כלם הברורים לשערים בספים מאתים ושנים עשר המה בחצריהם התיחשם המה יסד דויד ושמואל הראה באמונתם,"All these, who were selected as gatekeepers at the thresholds, were 212. They were selected by genealogies in their villages. David and Samuel the seer established them in their office of trust. ",Ninguno
I_Chronicles,9,23,והם ובניהם עלהשערים לביתיהוה לבית האהל למשמרות,"They and their descendants were in charge of the gates of the House of GOD, that is, the House of the Tent, as guards. ",Ninguno
I_Chronicles,9,24,לארבע רוחות יהיו השערים מזרח ימה צפונה ונגבה,"The gatekeepers were on the four sides, east, west, north, and south; ",Ninguno
I_Chronicles,9,25,ואחיהם בחצריהם לבוא לשבעת הימים מעת אלעת עםאלה,"and their kindred in their villages were obliged to join them every seven days, according to a fixed schedule. ",Ninguno
I_Chronicles,9,26,כי באמונה המה ארבעת גברי השערים הם הלוים והיו עלהלשכות ועל האצרות בית האלהים,"The four chief gatekeepers, who were Levites, were entrusted to be over the chambers and the treasuries of the House of God. ",Ninguno
I_Chronicles,9,27,וסביבות ביתהאלהים ילינו כיעליהם משמרת והם עלהמפתח ולבקר לבקר,"They spent the night near the House of God; for they had to do guard duty, and they were in charge of opening it every morning.",Ninguno
I_Chronicles,9,28,ומהם עלכלי העבודה כיבמספר יביאום ובמספר יוציאום,"Some of them had charge of the service vessels, for they were counted when they were brought back and taken out. ",Ninguno
I_Chronicles,9,29,ומהם ממנים עלהכלים ועל כלכלי הקדש ועלהסלת והיין והשמן והלבונה והבשמים,"Some of them were in charge of the vessels and all the holy vessels, and of the flour, wine, oil, incense, and spices. ",Ninguno
I_Chronicles,9,30,ומןבני הכהנים רקחי המרקחת לבשמים,Some of the priests blended the compound of spices.,Ninguno
I_Chronicles,9,31,ומתתיה מןהלוים הוא הבכור לשלם הקרחי באמונה על מעשה החבתים,"Mattithiah, one of the Levites, the first-born of Shallum the Korahite, was entrusted with making the flat cakes. ",Ninguno
I_Chronicles,9,32,ומןבני הקהתי מןאחיהם עללחם המערכת להכין שבת שבת,"Also some of their Kohathite kindred had charge of the rows of bread, to prepare them for each sabbath.",Ninguno
I_Chronicles,9,33,"ואלה המשררים ראשי אבות ללוים בלשכת <span class=""mam-kq""><span class=""mam-kq-k"">(פטירים)</span> <span class=""mam-kq-q"">[פטורים]</span></span> כייומם ולילה עליהם במלאכה","Now these are the singers, the chiefs of Levitical clans who remained in the chambers free of other service, for they were on duty day and night. ",Ninguno
I_Chronicles,9,34,"אלה ראשי האבות ללוים לתלדותם ראשים אלה ישבו בירושל͏ם&nbsp;<span class=""mam-spi-samekh"">{ס}</span>&nbsp;&nbsp;&nbsp;&nbsp;&nbsp;&nbsp;&nbsp;&nbsp;","These were chiefs of Levitical clans, according to their lines; these chiefs lived in Jerusalem.",Ninguno
I_Chronicles,9,35,"ובגבעון ישבו אביגבעון <span class=""mam-kq""><span class=""mam-kq-k"">(יעואל)</span> <span class=""mam-kq-q"">[יעיאל]</span></span> ושם אשתו מעכה","The father of Gibeon, Jeiel, lived in Gibeon, and the name of his wife was Maacah. ",Ninguno
I_Chronicles,9,36,ובנו הבכור עבדון וצור וקיש ובעל ונר ונדב,"His first-born son, Abdon; then Zur, Kish, Baal, Ner, Nadab, ",Ninguno
I_Chronicles,9,37,וגדור ואחיו וזכריה ומקלות,"Gedor, Ahio, Zechariah, and Mikloth; ",Ninguno
I_Chronicles,9,38,"ומקלות הוליד אתשמאם ואףהם נגד אחיהם ישבו בירושל͏ם עםאחיהם&nbsp;<span class=""mam-spi-samekh"">{ס}</span>&nbsp;&nbsp;&nbsp;&nbsp;&nbsp;&nbsp;&nbsp;&nbsp;","Mikloth begot Shimeam; and they lived in Jerusalem opposite their kindred, with their kindred. ",Ninguno
I_Chronicles,9,39,ונר הוליד אתקיש וקיש הוליד אתשאול ושאול הוליד אתיהונתן ואתמלכישוע ואתאבינדב ואתאשבעל,"Ner begot Kish, Kish begot Saul, Saul begot Jonathan, Malchi-shua, Abinadab, and Eshbaal; ",Ninguno
I_Chronicles,9,40,ובןיהונתן מריב בעל ומריבעל הוליד אתמיכה,and the son of Jonathan was Merib-baal; and Merib-baal begot Micah.,Ninguno
I_Chronicles,9,41,ובני מיכה פיתן ומלך ותחרע,"The sons of Micah: Pithon, Melech, Taharea; ",Ninguno
I_Chronicles,9,42,ואחז הוליד אתיערה ויערה הוליד אתעלמת ואתעזמות ואתזמרי וזמרי הוליד אתמוצא,"Ahaz begot Jarah, and Jarah begot Alemeth, Azmaveth, and Zimri; Zimri begot Moza. ",Ninguno
I_Chronicles,9,43,ומוצא הוליד אתבנעא ורפיה בנו אלעשה בנו אצל בנו,"Moza begot Binea; his son was Rephaiah, his son Eleasah, his son Azel. ",Ninguno
I_Chronicles,9,44,"ולאצל ששה בנים ואלה שמותם עזריקם&thinsp;<small></small>&thinsp;בכרו וישמעאל ושעריה ועבדיה וחנן אלה בני אצל&nbsp;<span class=""mam-spi-pe"">{פ}</span><br>","Azel had six sons and these were their names: Azrikam, Bocheru, Ishmael, Sheariah, Obadiah, and Hanan. These were the sons of Azel.",Ninguno
I_Chronicles,10,1,ופלשתים נלחמו בישראל וינס אישישראל מפני פלשתים ויפלו חללים בהר גלבע,"aCf. 1 Sam. 31.1–13. The Philistines attacked Israel, and Israel’s side fled before the Philistines—and [many] fell on Mount Gilboa. ",Ninguno
I_Chronicles,10,2,וידבקו פלשתים אחרי שאול ואחרי בניו ויכו פלשתים אתיונתן ואתאבינדב ואתמלכישוע בני שאול,"The Philistines pursued Saul and his sons, and the Philistines struck down Jonathan, Abinadab, and Malchi-shua, sons of Saul. ",Ninguno
I_Chronicles,10,3,ותכבד המלחמה עלשאול וימצאהו המורים בקשת ויחל מןהיורים,"The battle raged around Saul, and the archers hit him, and he was woundedbwounded Meaning of Heb. uncertain. by the archers. ",Ninguno
I_Chronicles,10,4,"ויאמר שאול אלנשא כליו שלף חרבך&thinsp;<b></b> ודקרני בה פןיבאו הערלים האלה והתעללובי ולא אבה נשא כליו כי ירא מאד&nbsp;<span class=""mam-spi-samekh"">{ס}</span>&nbsp;&nbsp;&nbsp;&nbsp;&nbsp;&nbsp;&nbsp;&nbsp;ויקח שאול אתהחרב ויפל עליה","Saul said to his arms-bearer, “Draw your sword and run me through, so that these uncircumcised may not come and make sport of me.” But his arms-bearer, out of great awe, refused; whereupon Saul grasped the sword and fell upon it. ",Ninguno
I_Chronicles,10,5,"וירא נשאכליו כי מת שאול ויפל גםהוא עלהחרב וימת&nbsp;<span class=""mam-spi-samekh"">{ס}</span>&nbsp;&nbsp;&nbsp;&nbsp;&nbsp;&nbsp;&nbsp;&nbsp;","When the arms-bearer saw that Saul was dead, he too fell on his sword and died. ",Ninguno
I_Chronicles,10,6,וימת שאול ושלשת בניו וכלביתו יחדו מתו,Thus Saul and his three sons and his entire house died together.,Ninguno
I_Chronicles,10,7,"ויראו כלאיש ישראל אשרבעמק כי נסו וכימתו שאול ובניו ויעזבו עריהם וינסו ויבאו פלשתים וישבו בהם&nbsp;<span class=""mam-spi-samekh"">{ס}</span>&nbsp;&nbsp;&nbsp;&nbsp;&nbsp;&nbsp;&nbsp;&nbsp;","And when everyone on Israel’s side in the valley saw that their armyctheir army Heb. “they.” had fled and that Saul and his sons were dead, they abandoned their towns and fled; the Philistines then came and occupied them.",Ninguno
I_Chronicles,10,8,ויהי ממחרת ויבאו פלשתים לפשט אתהחללים וימצאו אתשאול ואתבניו נפלים בהר גלבע,"The next day the Philistines came to strip the slain, and they found Saul and his sons lying on Mount Gilboa. ",Ninguno
I_Chronicles,10,9,ויפשיטהו וישאו אתראשו ואתכליו וישלחו בארץפלשתים סביב לבשר אתעצביהם ואתהעם,"They stripped him, and carried off his head and his armor, and sent them throughout the land of the Philistines to spread the news to their idols and among the people. ",Ninguno
I_Chronicles,10,10,"וישימו אתכליו בית אלהיהם ואתגלגלתו תקעו בית דגון&nbsp;<span class=""mam-spi-samekh"">{ס}</span>&nbsp;&nbsp;&nbsp;&nbsp;&nbsp;&nbsp;&nbsp;&nbsp;","They placed his armor in the temple of their god, and they impaled his head in the temple of Dagan. ",Ninguno
I_Chronicles,10,11,וישמעו כל יביש גלעד את כלאשרעשו פלשתים לשאול,"When all Jabesh-gilead heard everything that the Philistines had done to Saul, ",Ninguno
I_Chronicles,10,12,ויקומו כלאיש חיל וישאו אתגופת שאול ואת גופת בניו ויביאום יבישה ויקברו אתעצמותיהם תחת האלה ביבש ויצומו שבעת ימים,"the stalwarts among them set out, removed the bodies of Saul and his sons, and brought them to Jabesh. They buried the bones under the oak tree in Jabesh, and they fasted for seven days. ",Ninguno
I_Chronicles,10,13,וימת שאול במעלו אשר מעל ביהוה עלדבר יהוה אשר לאשמר וגםלשאול באוב לדרוש,"Saul died for the trespass that he had committed against GOD in not having fulfilled GOD’s command. Moreover, he had consulted a ghost to seek advice, ",Ninguno
I_Chronicles,10,14,"ולאדרש ביהוה וימיתהו ויסב אתהמלוכה לדויד בןישי&nbsp;<span class=""mam-spi-pe"">{פ}</span><br>","and did not seek advice of GOD, who had him slain—and had the kingdom transferred to David son of Jesse.",Ninguno
I_Chronicles,11,1,ויקבצו כלישראל אלדויד חברונה לאמר הנה עצמך ובשרך אנחנו,"aCf. 2 Sam. 5.1–10. All Israel gathered to David at Hebron and said, “We are your own flesh and blood. ",Ninguno
I_Chronicles,11,2,גםתמול גםשלשום גם בהיות שאול מלך אתה המוציא והמביא אתישראל ויאמר יהוה אלהיך לך אתה תרעה אתעמי אתישראל ואתה תהיה נגיד על עמי ישראל,"Long before now, even when Saul was king, you were the leader of Israel; and the ETERNAL your God said to you: You shall shepherd My people Israel; you shall be ruler of My people Israel.” ",Ninguno
I_Chronicles,11,3,"ויבאו כלזקני ישראל אלהמלך חברונה ויכרת להם דויד ברית בחברון לפני יהוה וימשחו אתדויד למלך עלישראל כדבר יהוה בידשמואל&nbsp;<span class=""mam-spi-samekh"">{ס}</span>&nbsp;&nbsp;&nbsp;&nbsp;&nbsp;&nbsp;&nbsp;&nbsp;","All the elders of Israel came to the king at Hebron, and David made a pact with them in Hebron before GOD. And they anointed David king over Israel, according to the word of GOD through Samuel.",Ninguno
I_Chronicles,11,4,וילך דויד וכלישראל ירושל͏ם היא יבוס ושם היבוסי ישבי הארץ,"David and all Israel set out for Jerusalem, that is Jebus, where the Jebusite inhabitants of the land lived. ",Ninguno
I_Chronicles,11,5,ויאמרו ישבי יבוס לדויד לא תבוא הנה וילכד דויד אתמצדת ציון היא עיר דויד,"David was told by the inhabitants of Jebus, “You will never get in here!” But David captured the stronghold of Zion; it is now the City of David. ",Ninguno
I_Chronicles,11,6,ויאמר דויד כלמכה יבוסי בראשונה יהיה לראש ולשר ויעל בראשונה יואב בןצרויה ויהי לראש,"David said, “Whoever attacks the Jebusites first will be the chief officer”; Joab son of Zeruiah attacked first, and became the chief.",Ninguno
I_Chronicles,11,7,וישב דויד במצד עלכן קראולו עיר דויד,David occupied the stronghold; therefore it was renamed the City of David.,Ninguno
I_Chronicles,11,8,ויבן העיר מסביב מןהמלוא ועדהסביב ויואב יחיה אתשאר העיר,"David also fortified the surrounding area, from the Millo round about, and Joab rebuilt the rest of the city. ",Ninguno
I_Chronicles,11,9,"וילך דויד הלוך וגדול ויהוה צבאות עמו&nbsp;<span class=""mam-spi-pe"">{פ}</span><br>","David kept growing stronger, for GOD of Hosts was with him.",Ninguno
I_Chronicles,11,10,"ואלה ראשי הגברים אשר לדויד המתחזקים עמו במלכותו עםכלישראל להמליכו כדבר יהוה עלישראל&nbsp;<span class=""mam-spi-samekh"">{ס}</span>&nbsp;&nbsp;&nbsp;&nbsp;&nbsp;&nbsp;&nbsp;&nbsp;","And these were David’s chief warriors who strongly supported him in his kingdom, together with all Israel, to make him king, according to the word of GOD concerning Israel.",Ninguno
I_Chronicles,11,11,"ואלה מספר הגברים אשר לדויד ישבעם בןחכמוני ראש <span class=""mam-kq""><span class=""mam-kq-k"">(השלושים)</span> <span class=""mam-kq-q"">[השלישים]</span></span> הואעורר אתחניתו עלשלשמאות חלל בפעם אחת","bCf. 2 Sam. 23.8–39. This is the list of David’s warriors: Jashobeam son of Hachmoni, the chief officer; he wielded his spear against three hundred and slew them all on one occasion. ",Ninguno
I_Chronicles,11,12,ואחריו אלעזר בןדודו האחוחי הוא בשלושה הגברים,"Next to him was Eleazar son of Dodo, the Ahohite; he was one of the three warriors. ",Ninguno
I_Chronicles,11,13,הואהיה עםדויד בפס דמים והפלשתים נאספושם למלחמה ותהי חלקת השדה מלאה שעורים והעם נסו מפני פלשתים,"He was with David at Pas Dammim when the Philistines gathered there for battle. There was a plot of ground full of barley there; the troops had fled from the Philistines, ",Ninguno
I_Chronicles,11,14,ויתיצבו בתוךהחלקה ויצילוה ויכו אתפלשתים ויושע יהוה תשועה גדולה,"but they took their stand in the middle of the plot and defended it, and they routed the Philistines. Thus GOD wrought a great victory.",Ninguno
I_Chronicles,11,15,וירדו שלושה מןהשלושים ראש עלהצר אלדויד אלמערת עדלם ומחנה פלשתים חנה בעמק רפאים,"Three of the thirty chiefs went down to the rock to David, at the cave of Adullam, while a force of Philistines was encamped in the Valley of Rephaim. ",Ninguno
I_Chronicles,11,16,ודויד אז במצודה ונציב פלשתים אז בבית לחם,"David was then in the stronghold, and a Philistine garrison was then at Bethlehem. ",Ninguno
I_Chronicles,11,17,ויתאו דויד ויאמר מי ישקני מים מבור ביתלחם אשר בשער,"David felt a craving and said, “If only I could get a drink of water from the cistern that is by the gate of Bethlehem!” ",Ninguno
I_Chronicles,11,18,ויבקעו השלשה במחנה פלשתים וישאבומים מבור ביתלחם אשר בשער וישאו ויבאו אלדויד ולאאבה דויד לשתותם וינסך אתם ליהוה,"So the three got through the Philistine camp, and drew water from the cistern that is by the gate of Bethlehem, and they carried it back to David. But David would not drink it, and he poured it out as a libation to GOD. ",Ninguno
I_Chronicles,11,19,ויאמר חלילה לי מאלהי מעשות זאת הדם האנשים האלה אשתה בנפשותם כי בנפשותם הביאום ולא אבה לשתותם אלה עשו שלשת הגבורים,"For he said, “God forbid that I should do this! Can I drink the blood of these men who risked their lives?”—for they had brought it at the risk of their lives, and he would not drink it. Such were the exploits of the three warriors.",Ninguno
I_Chronicles,11,20,"ואבשי אחייואב הוא היה ראש השלושה והוא עורר אתחניתו עלשלש מאות חלל <span class=""mam-kq""><span class=""mam-kq-k"">(ולא)</span> <span class=""mam-kq-q"">[ולו]</span></span>שם בשלושה","Abshai, the brother of Joab, was head of another three. He once wielded his spear against three hundred and slew them. He won a name among the three; ",Ninguno
I_Chronicles,11,21,"מןהשלושה בשנים נכבד ויהי להם לשר ועדהשלושה לאבא&nbsp;<span class=""mam-spi-samekh"">{ס}</span>&nbsp;&nbsp;&nbsp;&nbsp;&nbsp;&nbsp;&nbsp;&nbsp;","among the three he was more highly regarded than the other two, and so he became their commander. However, he did not attain to the other three.",Ninguno
I_Chronicles,11,22,בניה בןיהוידע בןאישחיל רבפעלים מןקבצאל הוא הכה את שני אריאל מואב והוא ירד והכה אתהארי בתוך הבור ביום השלג,"Benaiah son of Jehoiada from Kabzeel was a brave soldierca brave soldier Heb. “the son of a brave soldier.” who performed great deeds. He killed the two [sons] of Ariel of Moab. Once, on a snowy day, he went down into a pit and killed a lion. ",Percepción (Yada)
I_Chronicles,11,23,והואהכה אתהאיש המצרי איש מדה&thinsp;<b></b> חמש באמה וביד המצרי חנית כמנור ארגים וירד אליו בשבט ויגזל אתהחנית מיד המצרי ויהרגהו בחניתו,"He also killed an Egyptian,dan Egyptian Or “the Egyptian champion”; cf. 1 Sam. 17.4–9. a giant of a man five cubits tall. The Egyptian had a spear in his hand, like a weaver’s beam, yet [Benaiah] went down against him with a club, wrenched the spear out of the Egyptian’s hand, and killed him with his own spear. ",Ninguno
I_Chronicles,11,24,אלה עשה בניהו בןיהוידע ולושם בשלושה הגברים,Such were the exploits of Benaiah son of Jehoiada; and he won a name among the three warriors.,Percepción (Yada)
I_Chronicles,11,25,"מןהשלושים הנו נכבד הוא ואלהשלשה לאבא וישימהו דויד עלמשמעתו&nbsp;<span class=""mam-spi-samekh"">{ס}</span>&nbsp;&nbsp;&nbsp;&nbsp;&nbsp;&nbsp;&nbsp;&nbsp;","He was highly regarded among the thirty, but he did not attain to the three. David put him in charge of his bodyguard.ebodyguard Meaning of Heb. uncertain. ",Ninguno
I_Chronicles,11,26,"וגבורי החילים עשהאל אחי יואב&nbsp;<span class=""mam-spi-samekh"">{ס}</span>&nbsp;&nbsp;&nbsp;&nbsp;&nbsp;&nbsp;&nbsp;&nbsp;אלחנן בןדודו מבית לחם&nbsp;<span class=""mam-spi-samekh"">{ס}</span>&nbsp;&nbsp;&nbsp;&nbsp;&nbsp;&nbsp;&nbsp;&nbsp;","The valiant warriors: Asahel brother of Joab, Elhanan son of Dodo from Bethlehem, ",Ninguno
I_Chronicles,11,27,"שמות ההרורי&nbsp;<span class=""mam-spi-samekh"">{ס}</span>&nbsp;&nbsp;&nbsp;&nbsp;&nbsp;&nbsp;&nbsp;&nbsp;חלץ הפלוני&nbsp;<span class=""mam-spi-samekh"">{ס}</span>&nbsp;&nbsp;&nbsp;&nbsp;&nbsp;&nbsp;&nbsp;&nbsp;","Shammoth the Harorite, Helez the Pelonite, ",Ninguno
I_Chronicles,11,28,"עירא בןעקש התקועי&nbsp;<span class=""mam-spi-samekh"">{ס}</span>&nbsp;&nbsp;&nbsp;&nbsp;&nbsp;&nbsp;&nbsp;&nbsp;אביעזר הענתותי&nbsp;<span class=""mam-spi-samekh"">{ס}</span>&nbsp;&nbsp;&nbsp;&nbsp;&nbsp;&nbsp;&nbsp;&nbsp;","Ira son of Ikkesh from Tekoa, Abiezer of Anathoth, ",Ninguno
I_Chronicles,11,29,"סבכי החשתי&nbsp;<span class=""mam-spi-samekh"">{ס}</span>&nbsp;&nbsp;&nbsp;&nbsp;&nbsp;&nbsp;&nbsp;&nbsp;עילי האחוחי&nbsp;<span class=""mam-spi-samekh"">{ס}</span>&nbsp;&nbsp;&nbsp;&nbsp;&nbsp;&nbsp;&nbsp;&nbsp;","Sibbecai the Hushathite, Ilai the Ahohite, ",Ninguno
I_Chronicles,11,30,"מהרי הנטפתי&nbsp;<span class=""mam-spi-samekh"">{ס}</span>&nbsp;&nbsp;&nbsp;&nbsp;&nbsp;&nbsp;&nbsp;&nbsp;חלד בןבענה הנטופתי&nbsp;<span class=""mam-spi-samekh"">{ס}</span>&nbsp;&nbsp;&nbsp;&nbsp;&nbsp;&nbsp;&nbsp;&nbsp;","Mahrai the Netophathite, Heled son of Baanah the Netophathite, ",Ninguno
I_Chronicles,11,31,"איתי בןריבי מגבעת בני בנימן&nbsp;<span class=""mam-spi-samekh"">{ס}</span>&nbsp;&nbsp;&nbsp;&nbsp;&nbsp;&nbsp;&nbsp;&nbsp;בניה הפרעתני&nbsp;<span class=""mam-spi-samekh"">{ס}</span>&nbsp;&nbsp;&nbsp;&nbsp;&nbsp;&nbsp;&nbsp;&nbsp;","Ittai son of Ribai from Gibeah of the Benjaminites, Benaiah of Pirathon, ",Ninguno
I_Chronicles,11,32,"חורי מנחלי געש&nbsp;<span class=""mam-spi-samekh"">{ס}</span>&nbsp;&nbsp;&nbsp;&nbsp;&nbsp;&nbsp;&nbsp;&nbsp;אביאל הערבתי&nbsp;<span class=""mam-spi-samekh"">{ס}</span>&nbsp;&nbsp;&nbsp;&nbsp;&nbsp;&nbsp;&nbsp;&nbsp;","Hurai of Nahale-gaash, Abiel the Arbathite, ",Ninguno
I_Chronicles,11,33,"עזמות הבחרומי&nbsp;<span class=""mam-spi-samekh"">{ס}</span>&nbsp;&nbsp;&nbsp;&nbsp;&nbsp;&nbsp;&nbsp;&nbsp;אליחבא השעלבני&nbsp;<span class=""mam-spi-samekh"">{ס}</span>&nbsp;&nbsp;&nbsp;&nbsp;&nbsp;&nbsp;&nbsp;&nbsp;","Azmaveth the Bahrumite, Eliahba of Shaalbon, ",Ninguno
I_Chronicles,11,34,"בני השם הגזוני&nbsp;<span class=""mam-spi-samekh"">{ס}</span>&nbsp;&nbsp;&nbsp;&nbsp;&nbsp;&nbsp;&nbsp;&nbsp;יונתן בןשגה ההררי&nbsp;<span class=""mam-spi-samekh"">{ס}</span>&nbsp;&nbsp;&nbsp;&nbsp;&nbsp;&nbsp;&nbsp;&nbsp;","the sons of Hashem the Gizonite, Jonathan son of Shageh the Hararite, ",Ninguno
I_Chronicles,11,35,"אחיאם בןשכר ההררי&nbsp;<span class=""mam-spi-samekh"">{ס}</span>&nbsp;&nbsp;&nbsp;&nbsp;&nbsp;&nbsp;&nbsp;&nbsp;אליפל בןאור&nbsp;<span class=""mam-spi-samekh"">{ס}</span>&nbsp;&nbsp;&nbsp;&nbsp;&nbsp;&nbsp;&nbsp;&nbsp;","Ahiam son of Sacar the Hararite, Eliphal son of Ur, ",Ninguno
I_Chronicles,11,36,"חפר המכרתי אחיה הפלני&nbsp;<span class=""mam-spi-samekh"">{ס}</span>&nbsp;&nbsp;&nbsp;&nbsp;&nbsp;&nbsp;&nbsp;&nbsp;","Hepher the Mecherathite, Ahijah the Pelonite, ",Ninguno
I_Chronicles,11,37,"חצרו הכרמלי&nbsp;<span class=""mam-spi-samekh"">{ס}</span>&nbsp;&nbsp;&nbsp;&nbsp;&nbsp;&nbsp;&nbsp;&nbsp;נערי בןאזבי&nbsp;<span class=""mam-spi-samekh"">{ס}</span>&nbsp;&nbsp;&nbsp;&nbsp;&nbsp;&nbsp;&nbsp;&nbsp;","Hezro the Carmelite, Naarai son of Ezbai, ",Ninguno
I_Chronicles,11,38,"יואל אחי נתן&nbsp;<span class=""mam-spi-samekh"">{ס}</span>&nbsp;&nbsp;&nbsp;&nbsp;&nbsp;&nbsp;&nbsp;&nbsp;מבחר בןהגרי&nbsp;<span class=""mam-spi-samekh"">{ס}</span>&nbsp;&nbsp;&nbsp;&nbsp;&nbsp;&nbsp;&nbsp;&nbsp;","Joel brother of Nathan, Mibhar son of Hagri, ",Ninguno
I_Chronicles,11,39,"צלק העמוני נחרי הברתי נשא כלי יואב בןצרויה&nbsp;<span class=""mam-spi-samekh"">{ס}</span>&nbsp;&nbsp;&nbsp;&nbsp;&nbsp;&nbsp;&nbsp;&nbsp;","Zelek the Ammonite, Naharai the Berothite—the arms-bearer of Joab son of Zeruiah— ",Ninguno
I_Chronicles,11,40,"עירא היתרי&nbsp;<span class=""mam-spi-samekh"">{ס}</span>&nbsp;&nbsp;&nbsp;&nbsp;&nbsp;&nbsp;&nbsp;&nbsp;גרב היתרי&nbsp;<span class=""mam-spi-samekh"">{ס}</span>&nbsp;&nbsp;&nbsp;&nbsp;&nbsp;&nbsp;&nbsp;&nbsp;","Ira the Ithrite, Gareb the Ithrite, ",Ninguno
I_Chronicles,11,41,"אוריה החתי&nbsp;<span class=""mam-spi-samekh"">{ס}</span>&nbsp;&nbsp;&nbsp;&nbsp;&nbsp;&nbsp;&nbsp;&nbsp;זבד בןאחלי&nbsp;<span class=""mam-spi-samekh"">{ס}</span>&nbsp;&nbsp;&nbsp;&nbsp;&nbsp;&nbsp;&nbsp;&nbsp;","Uriah the Hittite, Zabad son of Ahlai. ",Ninguno
I_Chronicles,11,42,"עדינא בןשיזא הראובני ראש לראובני ועליו שלשים&nbsp;<span class=""mam-spi-samekh"">{ס}</span>&nbsp;&nbsp;&nbsp;&nbsp;&nbsp;&nbsp;&nbsp;&nbsp;","Adina son of Shiza the Reubenite, a chief of the Reubenites, and thirty with him; ",Ninguno
I_Chronicles,11,43,"חנן בןמעכה ויושפט המתני&nbsp;<span class=""mam-spi-samekh"">{ס}</span>&nbsp;&nbsp;&nbsp;&nbsp;&nbsp;&nbsp;&nbsp;&nbsp;","Hanan son of Maacah, and Joshaphat the Mithnite; ",Ninguno
I_Chronicles,11,44,"עזיא העשתרתי&nbsp;<span class=""mam-spi-samekh"">{ס}</span>&nbsp;&nbsp;&nbsp;&nbsp;&nbsp;&nbsp;&nbsp;&nbsp;שמע <span class=""mam-kq""><span class=""mam-kq-k"">(ויעואל)</span> <span class=""mam-kq-q"">[ויעיאל]</span></span> בני חותם הערערי&nbsp;<span class=""mam-spi-samekh"">{ס}</span>&nbsp;&nbsp;&nbsp;&nbsp;&nbsp;&nbsp;&nbsp;&nbsp;","Uzziah the Ashterathite, Shama and Jeiel sons of Hotham the Aroerite; ",Ninguno
I_Chronicles,11,45,"ידיעאל בןשמרי ויחא אחיו התיצי&nbsp;<span class=""mam-spi-samekh"">{ס}</span>&nbsp;&nbsp;&nbsp;&nbsp;&nbsp;&nbsp;&nbsp;&nbsp;","Jedaiael son of Shimri, and Joha his brother, the Tizite; ",Ninguno
I_Chronicles,11,46,"אליאל המחוים ויריבי ויושויה בני אלנעם&nbsp;<span class=""mam-spi-samekh"">{ס}</span>&nbsp;&nbsp;&nbsp;&nbsp;&nbsp;&nbsp;&nbsp;&nbsp;ויתמה המואבי","Eliel the Mahavite, and Jeribai and Joshaviah sons of Elnaam, and Ithmah the Moabite; ",Ninguno
I_Chronicles,11,47,"אליאל ועובד&nbsp;<span class=""mam-spi-samekh"">{ס}</span>&nbsp;&nbsp;&nbsp;&nbsp;&nbsp;&nbsp;&nbsp;&nbsp;ויעשיאל המצביה&nbsp;<span class=""mam-spi-pe"">{פ}</span><br>","Eliel, Obed, and Jaassiel the Mezobaite.",Ninguno
I_Chronicles,12,1,ואלה הבאים אלדויד לציקלג עוד עצור מפני שאול בןקיש והמה בגבורים עזרי המלחמה,The following joined David at Ziklag while he was still in hiding from Saul son of Kish; these were the warriors who gave support in battle;,Ninguno
I_Chronicles,12,2,נשקי קשת מימינים ומשמאלים באבנים ובחצים בקשת מאחי שאול מבנימן,they were armed with the bow and could use both right hand and left hand to sling stones or shoot arrows with the bow; they were kindred of Saul from Benjamin.,Caos/Izquierda (Smol)
I_Chronicles,12,3,"הראש אחיעזר ויואש בני השמעה הגבעתי <span class=""mam-kq""><span class=""mam-kq-k"">(ויזואל)</span> <span class=""mam-kq-q"">[ויזיאל]</span></span> ופלט בני עזמות וברכה ויהוא הענתתי","At the head were Ahiezer and Joash, sons of Shemaah of Gibeah; and Jeziel and Pelet, sons of Azmaveth; and Beracah and Jehu of Anathoth; ",Ninguno
I_Chronicles,12,4,וישמעיה הגבעוני גבור בשלשים ועלהשלשים,"Ishmaiah of Gibeon, a warrior among the thirty, leading the thirty; ",Ninguno
I_Chronicles,12,5,"וירמיה ויחזיאל ויוחנן ויוזבד הגדרתי&nbsp;<span class=""mam-spi-samekh"">{ס}</span>&nbsp;&nbsp;&nbsp;&nbsp;&nbsp;&nbsp;&nbsp;&nbsp;","Jeremiah, Jahaziel, Johanan, and Jozabad of Gederah; ",Ninguno
I_Chronicles,12,6,"אלעוזי וירימות ובעליה ושמריהו ושפטיהו <span class=""mam-kq""><span class=""mam-kq-k"">(החריפי)</span> <span class=""mam-kq-q"">[החרופי]</span></span>","Eluzai, Jerimoth, Bealiah, Shemariah, and Shephatiah the Hariphite; ",Ninguno
I_Chronicles,12,7,אלקנה וישיהו ועזראל ויועזר וישבעם הקרחים,"Elkanah, Isshiah, Azarel, Joezer, and Jashobeam the Korahites; ",Ninguno
I_Chronicles,12,8,ויועאלה וזבדיה בני ירחם מןהגדור,"Joelah and Zebadiah, sons of Jeroham of Gedor.aGedor Or, “the troop,” reading Heb. gedud with several mss. ",Ninguno
I_Chronicles,12,9,ומןהגדי נבדלו אלדויד למצד מדברה גברי החיל אנשי צבא למלחמה ערכי צנה ורמח ופני אריה פניהם וכצבאים עלההרים למהר,"Of the Gadites, there withdrew to follow David to the wilderness stronghold valiant warriors, fighters fit for battle, armed with shield and spear; they had the appearance of lions, and were as swift as gazelles upon the mountains: ",Ninguno
I_Chronicles,12,10,עזר הראש עבדיה השני אליאב השלשי,"Ezer the chief, Obadiah the second, Eliab the third, ",Ninguno
I_Chronicles,12,11,משמנה הרביעי ירמיה החמשי,"Mashmannah the fourth, Jeremiah the fifth, ",Ninguno
I_Chronicles,12,12,עתי הששי אליאל השבעי,"Attai the sixth, Eliel the seventh, ",Ninguno
I_Chronicles,12,13,יוחנן השמיני אלזבד התשיעי,"Johanan the eighth, Elzabad the ninth, ",Ninguno
I_Chronicles,12,14,"ירמיהו העשירי מכבני עשתי עשר&nbsp;<span class=""mam-spi-samekh"">{ס}</span>&nbsp;&nbsp;&nbsp;&nbsp;&nbsp;&nbsp;&nbsp;&nbsp;","Jeremiah the tenth, Machbannai the eleventh. ",Ninguno
I_Chronicles,12,15,אלה מבניגד ראשי הצבא אחד למאה הקטן והגדול לאלף,"Those were the Gadites, heads of the army. The least was equal to a hundred, the greatest to a thousand. ",Ninguno
I_Chronicles,12,16,"אלה הם אשר עברו אתהירדן בחדש הראשון והוא ממלא עלכל<span class=""mam-kq""><span class=""mam-kq-q"">[גדותיו]</span> <span class=""mam-kq-k"">(גדיתיו)</span></span> ויבריחו אתכלהעמקים למזרח ולמערב&nbsp;<span class=""mam-spi-pe"">{פ}</span><br>","These were the ones who crossed the Jordan in the first month, when it was at its crest, and they put to flight all the lowlanders to the east and west. ",Ninguno
I_Chronicles,12,17,ויבאו מןבני בנימן ויהודה עדלמצד לדויד,"Some of the Benjaminites and Judahites came to the stronghold to David, ",Ninguno
I_Chronicles,12,18,"ויצא דויד לפניהם ויען ויאמר להם אםלשלום באתם אלי לעזרני יהיהלי עליכם לבב ליחד ואםלרמותני לצרי בלא חמס בכפי ירא אלהי אבותינו ויוכח&nbsp;<span class=""mam-spi-samekh"">{ס}</span>&nbsp;&nbsp;&nbsp;&nbsp;&nbsp;&nbsp;&nbsp;&nbsp;","and David went out to meet them, saying to them, “If you come on a peaceful errand, to support me, then I will make common cause with you, but if to betray me to my foes, for no injustice on my part, then let the God of our ancestors take notice and give judgment.” ",Ninguno
I_Chronicles,12,19,"ורוח לבשה אתעמשי ראש <span class=""mam-kq""><span class=""mam-kq-k"">(השלושים)</span> <span class=""mam-kq-q"">[השלישים]</span></span> לך דויד ועמך בןישי שלום&thinsp;<small></small>&thinsp;שלום לך ושלום לעזרך כי עזרך אלהיך ויקבלם דויד ויתנם בראשי הגדוד&nbsp;<span class=""mam-spi-pe"">{פ}</span><br>","Then the spirit seized Amasai, chief of the captains:“We are yours, David,On your side, son of Jesse;At peace, at peace with you,And at peace with him who supports you,For your God supports you.”So David accepted them, and placed them at the head of his band.",Ninguno
I_Chronicles,12,20,וממנשה נפלו עלדויד בבאו עםפלשתים עלשאול למלחמה ולא עזרם כי בעצה שלחהו סרני פלשתים לאמר בראשינו יפול אלאדניו שאול,"Some Manassites went over to David’s side when he came with the Philistines to make war against Saul, but they were of no help to them, because the lords of the Philistines in council dismissed him, saying, “He will go over to the side of his lord, Saul, and it will cost us our heads”; ",Ninguno
I_Chronicles,12,21,בלכתו אלציקלג נפלו עליו&thinsp;<small></small>&thinsp;ממנשה עדנח ויוזבד וידיעאל ומיכאל ויוזבד ואליהוא וצלתי ראשי האלפים אשר למנשה,"when he went to Ziklag, these Manassites went over to his side—Adnah, Jozabad, Jediael, Michael, Jozabad, Elihu, and Zillethai, chiefs of the clans of Manasseh.",Ninguno
I_Chronicles,12,22,והמה עזרו עםדויד עלהגדוד כיגבורי חיל כלם ויהיו שרים בצבא,"It was they who gave support to David against the band [of Amalekite raiders],bthe band [of Amalekite raiders] Cf. 1 Sam. 30.8, 15. for all were valiant warriors; and they were officers of the force.",Ninguno
I_Chronicles,12,23,"כי לעתיום ביום יבאו עלדויד לעזרו עדלמחנה גדול כמחנה אלהים&nbsp;<span class=""mam-spi-pe"">{פ}</span><br>","Day in day out, people came to David to give him support, until there was an army as vast as the army of God.",Ninguno
I_Chronicles,12,24,"ואלה מספרי ראשי החלוץ לצבא באו עלדויד חברונה להסב מלכות שאול אליו כפי יהוה&nbsp;<span class=""mam-spi-samekh"">{ס}</span>&nbsp;&nbsp;&nbsp;&nbsp;&nbsp;&nbsp;&nbsp;&nbsp;","These are the numbers of the [men of the] armed bands who joined David at Hebron to transfer Saul’s kingdom to him, in accordance with the word of GOD:",Ninguno
I_Chronicles,12,25,"בני יהודה נשאי צנה ורמח ששת אלפים ושמונה מאות חלוצי צבא&nbsp;<span class=""mam-spi-samekh"">{ס}</span>&nbsp;&nbsp;&nbsp;&nbsp;&nbsp;&nbsp;&nbsp;&nbsp;","Judahites, equipped with shield and spear—6,800 armed men; ",Ninguno
I_Chronicles,12,26,"מןבני שמעון גבורי חיל לצבא שבעת אלפים ומאה&nbsp;<span class=""mam-spi-samekh"">{ס}</span>&nbsp;&nbsp;&nbsp;&nbsp;&nbsp;&nbsp;&nbsp;&nbsp;","Simeonites, valiant warriors, combat troops—7,100; ",Ninguno
I_Chronicles,12,27,"מןבני הלוי ארבעת אלפים ושש מאות&nbsp;<span class=""mam-spi-samekh"">{ס}</span>&nbsp;&nbsp;&nbsp;&nbsp;&nbsp;&nbsp;&nbsp;&nbsp;","of the Levites—4,600; ",Ninguno
I_Chronicles,12,28,"ויהוידע הנגיד לאהרן ועמו שלשת אלפים ושבע מאות&nbsp;<span class=""mam-spi-samekh"">{ס}</span>&nbsp;&nbsp;&nbsp;&nbsp;&nbsp;&nbsp;&nbsp;&nbsp;","Jehoiada, chief officer of the Aaronites; with him, 3,700; ",Percepción (Yada)
I_Chronicles,12,29,"וצדוק נער גבור חיל וביתאביו שרים עשרים ושנים&nbsp;<span class=""mam-spi-samekh"">{ס}</span>&nbsp;&nbsp;&nbsp;&nbsp;&nbsp;&nbsp;&nbsp;&nbsp;","Zadok, a valiant young warrior, with his clan—22 officers; ",Ninguno
I_Chronicles,12,30,"ומןבני בנימן אחי שאול שלשת אלפים ועדהנה מרביתם שמרים משמרת בית שאול&nbsp;<span class=""mam-spi-samekh"">{ס}</span>&nbsp;&nbsp;&nbsp;&nbsp;&nbsp;&nbsp;&nbsp;&nbsp;","of the Benjaminites, kindred of Saul, 3,000 in their great numbers, hitherto protecting the interests of the house of Saul; ",Ninguno
I_Chronicles,12,31,"ומןבני אפרים עשרים אלף ושמונה מאות גבורי חיל אנשי שמות לבית אבותם&nbsp;<span class=""mam-spi-samekh"">{ס}</span>&nbsp;&nbsp;&nbsp;&nbsp;&nbsp;&nbsp;&nbsp;&nbsp;","of the Ephraimites, 20,800 valiant warriors, famous men in their clans; ",Ninguno
I_Chronicles,12,32,"ומחצי מטה מנשה שמונה עשר אלף אשר נקבו בשמות לבוא להמליך אתדויד&nbsp;<span class=""mam-spi-samekh"">{ס}</span>&nbsp;&nbsp;&nbsp;&nbsp;&nbsp;&nbsp;&nbsp;&nbsp;","of the half-tribe of Manasseh, 18,000, who were designated by name to come and make David king; ",Ninguno
I_Chronicles,12,33,"ומבני יששכר יודעי בינה לעתים לדעת מהיעשה ישראל ראשיהם מאתים וכלאחיהם עלפיהם&nbsp;<span class=""mam-spi-samekh"">{ס}</span>&nbsp;&nbsp;&nbsp;&nbsp;&nbsp;&nbsp;&nbsp;&nbsp;","of the Issacharites, men who knew how to interpret the signs of the times, to determine how Israel should act; their chiefs were 200, and all their kindred followed them; ",Ninguno
I_Chronicles,12,34,"מזבלון יוצאי צבא ערכי מלחמה בכלכלי מלחמה חמשים אלף ולעדר בלאלב ולב&nbsp;<span class=""mam-spi-samekh"">{ס}</span>&nbsp;&nbsp;&nbsp;&nbsp;&nbsp;&nbsp;&nbsp;&nbsp;","of Zebulun, those ready for service, able to man a battle line with all kinds of weapons, 50,000, giving support wholeheartedly; ",Ninguno
I_Chronicles,12,35,"ומנפתלי שרים אלף ועמהם בצנה וחנית שלשים ושבעה אלף&nbsp;<span class=""mam-spi-samekh"">{ס}</span>&nbsp;&nbsp;&nbsp;&nbsp;&nbsp;&nbsp;&nbsp;&nbsp;","of Naphtali, 1,000 chieftains with their shields and lances—37,000; ",Ninguno
I_Chronicles,12,36,"ומןהדני ערכי מלחמה עשריםושמונה אלף ושש מאות&nbsp;<span class=""mam-spi-samekh"">{ס}</span>&nbsp;&nbsp;&nbsp;&nbsp;&nbsp;&nbsp;&nbsp;&nbsp;","of the Danites, able to man the battle line—28,600; ",Ninguno
I_Chronicles,12,37,"ומאשר יוצאי צבא לערך מלחמה ארבעים אלף&nbsp;<span class=""mam-spi-samekh"">{ס}</span>&nbsp;&nbsp;&nbsp;&nbsp;&nbsp;&nbsp;&nbsp;&nbsp;","of Asher, those ready for service to man the battle line—40,000; ",Ninguno
I_Chronicles,12,38,"ומעבר לירדן מןהראובני והגדי וחצי&thinsp;<b></b> שבט מנשה בכל כלי צבא מלחמה מאה ועשרים אלף&nbsp;<span class=""mam-spi-samekh"">{ס}</span>&nbsp;&nbsp;&nbsp;&nbsp;&nbsp;&nbsp;&nbsp;&nbsp;","from beyond the Jordan, of the Reubenites, the Gadites, and the half-tribe of Manasseh, together with all kinds of military weapons—120,000.",Ninguno
I_Chronicles,12,39,כלאלה אנשי מלחמה עדרי מערכה בלבב שלם באו חברונה להמליך אתדויד עלכלישראל וגם כלשרית ישראל לב אחד להמליך אתדויד,"All these—warriors, manning the battle line with whole heart—came to Hebron to make David king over all Israel. Likewise, all the rest of Israel was of one mind to make David king.",Ninguno
I_Chronicles,12,40,ויהיושם עםדויד ימים שלושה אכלים ושותים כיהכינו להם אחיהם,"They were there with David three days, eating and drinking, for their kindred had provided for them.",Ninguno
I_Chronicles,12,41,"וגם הקרוביםאליהם עדיששכר וזבלון ונפתלי מביאים לחם בחמורים ובגמלים ובפרדים&thinsp;<small></small>&thinsp;ובבקר מאכל קמח דבלים וצמוקים וייןושמן ובקר וצאן לרב כי שמחה בישראל&nbsp;<span class=""mam-spi-pe"">{פ}</span><br>","And also, their relatives as far away as Issachar, Zebulun, and Naphtali brought food by donkey, camel, mule, and ox—provisions of flour, cakes of figs, raisin cakes, wine, oil, cattle, and sheep in abundance, for there was joy in Israel.",Ninguno
I_Chronicles,13,1,ויועץ דויד עםשרי האלפים והמאות לכלנגיד,"Then David consulted with the officers of the thousands and the hundreds, with every chief officer. ",Ninguno
I_Chronicles,13,2,ויאמר דויד לכל&thinsp;<b></b> קהל ישראל אםעליכם טוב ומןיהוה אלהינו נפרצה נשלחה עלאחינו הנשארים בכל ארצות ישראל ועמהם הכהנים והלוים בערי מגרשיהם ויקבצו אלינו,"David said to the entire assembly of Israel, “If you approve, and if the ETERNAL our God concurs,aconcurs Meaning of Heb. uncertain. let us send far and wide to our remaining kindred throughout the territories of Israel, including the priests and Levites in the towns where they have pasturelands, that they should gather together to us ",Ninguno
I_Chronicles,13,3,ונסבה אתארון אלהינו אלינו כילא דרשנהו בימי שאול,"in order to transfer the Ark of our God to us, for throughout the days of Saul we paid no regard to it.” ",Ninguno
I_Chronicles,13,4,ויאמרו כלהקהל לעשות כן כיישר הדבר בעיני כלהעם,"The entire assembly agreed to do so, for the proposal pleased all the people. ",Ninguno
I_Chronicles,13,5,ויקהל דויד אתכלישראל מןשיחור מצרים ועדלבוא חמת להביא אתארון האלהים מקרית יערים,"David then assembled all Israel from Shihor of Egypt to Lebo-hamath, in order to bring the Ark of God from Kiriath-jearim. ",Ninguno
I_Chronicles,13,6,ויעל דויד וכלישראל בעלתה אלקרית יערים אשר ליהודה להעלות משם את ארון האלהים&thinsp;<small></small>&thinsp;יהוה יושב הכרובים אשרנקרא שם,"bCf. 2 Sam. 6.2–11. David and all Israel went up to Baalah, Kiriath-jearim of Judah, to bring up from there the Ark of God, the ETERNAL, Enthroned on the Cherubim, to which the Name was attached. ",Ninguno
I_Chronicles,13,7,וירכיבו אתארון האלהים עלעגלה חדשה מבית אבינדב ועזא ואחיו נהגים בעגלה,"They transported the Ark of God on a new cart from the house of Abinadab; Uzza and Ahio guided the cart, ",Ninguno
I_Chronicles,13,8,ודויד וכלישראל משחקים לפני האלהים בכלעז ובשירים ובכנרות ובנבלים ובתפים ובמצלתים ובחצצרות,"and David and all Israel danced before God with all their might—with songs, lyres, harps, hand-drums, cymbals, and trumpets. ",Ninguno
I_Chronicles,13,9,ויבאו עדגרן כידן וישלח עזא אתידו לאחז אתהארון כי שמטו הבקר,"But when they came to the threshing floor of Chidon, Uzza put out his hand to hold the Ark of God because the oxen had stumbled.cstumbled Meaning of Heb. uncertain. ",Ninguno
I_Chronicles,13,10,ויחראף יהוה בעזא ויכהו על אשרשלח ידו עלהארון וימת שם לפני אלהים,"GOD was incensed at Uzza, and struck him down, because he laid a hand on the Ark; and so he died there before God. ",Ninguno
I_Chronicles,13,11,ויחר לדויד כיפרץ יהוה פרץ בעזא ויקרא למקום ההוא פרץ עזא עד היום הזה,"David was distressed because GOD had burst outdhad burst out Heb. paraṣ…pereṣ. against Uzza; and that place was named Perez-uzza, as it is still called.",Ninguno
I_Chronicles,13,12,ויירא דויד אתהאלהים ביום ההוא לאמר היך אביא אלי את ארון האלהים,"David was afraid of God that day; he said, “How can I bring the Ark of God here?” ",Ninguno
I_Chronicles,13,13,ולאהסיר דויד אתהארון אליו אלעיר דויד ויטהו אלבית עבדאדם הגתי,"So David did not remove the Ark to his place in the City of David; instead, he diverted it to the house of Obed-edom the Gittite. ",Ninguno
I_Chronicles,13,14,"וישב ארון האלהים עםבית עבד אדם בביתו שלשה חדשים ויברך יהוה אתבית עבדאדם ואתכלאשרלו&nbsp;<span class=""mam-spi-samekh"">{ס}</span>&nbsp;&nbsp;&nbsp;&nbsp;&nbsp;&nbsp;&nbsp;&nbsp;","The Ark of God remained in the house of Obed-edom, in its own abode, three months, and GOD blessed the house of Obed-edom and all he had.",Ninguno
I_Chronicles,14,1,"וישלח <span class=""mam-kq""><span class=""mam-kq-k"">(חירם)</span> <span class=""mam-kq-q"">[חורם]</span></span> מלךצר מלאכים אלדויד ועצי ארזים וחרשי קיר וחרשי עצים לבנות לו בית","aCf. 2 Sam. 5.11–25. King Hiram of Tyre sent envoys to David with cedar logs, stonemasons, and carpenters to build a palace for him. ",Ninguno
I_Chronicles,14,2,"וידע דויד כיהכינו יהוה למלך עלישראל כינשאת למעלה מלכותו בעבור עמו ישראל&nbsp;<span class=""mam-spi-samekh"">{ס}</span>&nbsp;&nbsp;&nbsp;&nbsp;&nbsp;&nbsp;&nbsp;&nbsp;","Thus David knew that GOD had established him as king over Israel, and that his kingship was highly exalted for the sake of Israel—God’s people.",Percepción (Yada)
I_Chronicles,14,3,ויקח דויד עוד נשים בירושל͏ם ויולד דויד עוד בנים ובנות,"David took more wives in Jerusalem, and David begot more sons and daughters. ",Ninguno
I_Chronicles,14,4,ואלה שמות הילודים אשר היולו בירושל͏ם שמוע ושובב נתן ושלמה,"bCf. 3.5–8. These are the names of the children born to him in Jerusalem: Shammua, Shobab, Nathan, and Solomon; ",Ninguno
I_Chronicles,14,5,ויבחר ואלישוע ואלפלט,"Ibhar, Elishua, and Elpelet; ",Ninguno
I_Chronicles,14,6,ונגה ונפג ויפיע,"Nogah, Nepheg, and Japhia; ",Ninguno
I_Chronicles,14,7,"ואלישמע ובעלידע ואליפלט&nbsp;<span class=""mam-spi-pe"">{פ}</span><br>","Elishama, Beeliada, and Eliphelet.",Percepción (Yada)
I_Chronicles,14,8,וישמעו פלשתים כינמשח דויד למלך עלכלישראל ויעלו כלפלשתים לבקש אתדויד וישמע דויד ויצא לפניהם,"When the Philistines heard that David had been anointed king over all Israel, all the Philistines went up in search of David; but David heard of it, and he went out to them. ",Ninguno
I_Chronicles,14,9,ופלשתים באו ויפשטו בעמק רפאים,The Philistines came and raided the Valley of Rephaim.,Ninguno
I_Chronicles,14,10,"וישאל דויד באלהים לאמר האעלה על<span class=""mam-kq""><span class=""mam-kq-q"">[פלשתים]</span> <span class=""mam-kq-k"">(פלשתיים)</span></span> ונתתם בידי ויאמר לו יהוה עלה ונתתים בידך","David inquired of God, “Shall I go up against the Philistines? Will You deliver them into my hands?” And GOD answered him, “Go up, and I will deliver them into your hands.” ",Ninguno
I_Chronicles,14,11,ויעלו בבעלפרצים ויכם שם דויד ויאמר דויד פרץ האלהים אתאויבי בידי כפרץ מים עלכן קראו שםהמקום ההוא בעל פרצים,"Thereupon David ascended Baal-perazim, and David defeated them there. David said, “God burst outcburst out Heb. paraṣ. against my enemies by my hands as waters burst out.” That is why that place was named Baal-perazim. ",Ninguno
I_Chronicles,14,12,"ויעזבו שם אתאלהיהם ויאמר דויד וישרפו באש&nbsp;<span class=""mam-spi-pe"">{פ}</span><br>","They abandoned their gods there, and David ordered these to be burned.",Ninguno
I_Chronicles,14,13,ויסיפו עוד פלשתים ויפשטו בעמק,Once again the Philistines raided the valley.,Ninguno
I_Chronicles,14,14,וישאל עוד דויד באלהים ויאמר לו האלהים לא תעלה אחריהם הסב מעליהם ובאת להם ממול הבכאים,"David inquired of God once more, and God answered, “Do not go up after them, but circle around them and confront them at the bacadbaca Meaning of Heb. uncertain. trees. ",Ninguno
I_Chronicles,14,15,ויהי כשמעך אתקול הצעדה בראשי הבכאים אז תצא במלחמה כייצא האלהים לפניך להכות אתמחנה פלשתים,"And when you hear the sound of marching in the tops of the baca trees, then go out to battle, for God will be going in front of you to attack the Philistine forces.” ",Ninguno
I_Chronicles,14,16,ויעש דויד כאשר צוהו האלהים ויכו אתמחנה פלשתים מגבעון ועדגזרה,David did as God had commanded him; and they routed the Philistines from Gibeon all the way to Gezer.,Ninguno
I_Chronicles,14,17,ויצא שםדויד בכלהארצות ויהוה נתן אתפחדו עלכלהגוים,"David became famous throughout the lands, and GOD put the fear of him in all the nations.",Ninguno
I_Chronicles,15,1,ויעשלו בתים בעיר דויד ויכן מקום לארון האלהים ויטלו אהל,"He had houses made for himself in the City of David, and he prepared a place for the Ark of God, and pitched a tent for it. ",Ninguno
I_Chronicles,15,2,"אז אמר דויד לא לשאת אתארון האלהים כי אםהלוים כיבם&thinsp;<b></b> בחר יהוה לשאת אתארון יהוה ולשרתו עדעולם&nbsp;<span class=""mam-spi-pe"">{פ}</span><br>","Then David gave orders that none but the Levites were to carry the Ark of God, for GOD had chosen them to carry the Ark of GOD and to render service forever. ",Ninguno
I_Chronicles,15,3,ויקהל דויד אתכלישראל אלירושל͏ם להעלות אתארון יהוה אלמקומו אשרהכין לו,"David assembled all Israel in Jerusalem to bring up the Ark of GOD to its place, which he had prepared for it. ",Ninguno
I_Chronicles,15,4,"ויאסף דויד אתבני אהרן ואתהלוים&nbsp;<span class=""mam-spi-samekh"">{ס}</span>&nbsp;&nbsp;&nbsp;&nbsp;&nbsp;&nbsp;&nbsp;&nbsp;",Then David gathered together the Aaronites and the Levites:,Ninguno
I_Chronicles,15,5,"לבני קהת אוריאל השר ואחיו מאה ועשרים&nbsp;<span class=""mam-spi-samekh"">{ס}</span>&nbsp;&nbsp;&nbsp;&nbsp;&nbsp;&nbsp;&nbsp;&nbsp;",the sons of Kohath: Uriel the officer and his kindred—120;,Ninguno
I_Chronicles,15,6,"לבני מררי עשיה השר ואחיו מאתים ועשרים&nbsp;<span class=""mam-spi-samekh"">{ס}</span>&nbsp;&nbsp;&nbsp;&nbsp;&nbsp;&nbsp;&nbsp;&nbsp;",the sons of Merari: Asaiah the officer and his kindred—220;,Ninguno
I_Chronicles,15,7,"לבני גרשום יואל השר ואחיו מאה ושלשים&nbsp;<span class=""mam-spi-samekh"">{ס}</span>&nbsp;&nbsp;&nbsp;&nbsp;&nbsp;&nbsp;&nbsp;&nbsp;",the sons of Gershom: Joel the officer and his kindred—130;,Ninguno
I_Chronicles,15,8,"לבני אליצפן שמעיה השר ואחיו מאתים&nbsp;<span class=""mam-spi-samekh"">{ס}</span>&nbsp;&nbsp;&nbsp;&nbsp;&nbsp;&nbsp;&nbsp;&nbsp;",the sons of Elizaphan: Shemaiah the officer and his kindred—200;,Ninguno
I_Chronicles,15,9,"לבני חברון אליאל השר ואחיו שמונים&nbsp;<span class=""mam-spi-samekh"">{ס}</span>&nbsp;&nbsp;&nbsp;&nbsp;&nbsp;&nbsp;&nbsp;&nbsp;",the sons of Hebron: Eliel the officer and his kindred—80;,Ninguno
I_Chronicles,15,10,"לבני עזיאל עמינדב השר ואחיו מאה ושנים עשר&nbsp;<span class=""mam-spi-pe"">{פ}</span><br>",the sons of Uzziel: Amminadab the officer and his kindred—112.,Ninguno
I_Chronicles,15,11,"ויקרא דויד לצדוק ולאביתר הכהנים וללוים לאוריאל עשיה ויואל שמעיה ואליאל ועמינדב&nbsp;<span class=""mam-spi-samekh"">{ס}</span>&nbsp;&nbsp;&nbsp;&nbsp;&nbsp;&nbsp;&nbsp;&nbsp;","David sent for Zadok and Abiathar the priests, and for the Levites: Uriel, Asaiah, Joel, Shemaiah, Eliel, and Amminadab. ",Ninguno
I_Chronicles,15,12,ויאמר להם אתם ראשי האבות ללוים התקדשו אתם ואחיכם והעליתם את ארון יהוה אלהי ישראל אלהכינותי לו,"He said to them, “You are the heads of the clans of the Levites; sanctify yourselves, you and your kindred, and bring up the Ark of the ETERNAL God of Israel to [the place] I have prepared for it. ",Ninguno
I_Chronicles,15,13,כי למבראשונה לא אתם פרץ יהוה אלהינו בנו כילא דרשנהו כמשפט,"By your not having been there the first time,aBy your not having been there the first time Meaning of Heb. uncertain. we did not show due regard for the ETERNAL our God—who burst out against us.”",Ninguno
I_Chronicles,15,14,ויתקדשו הכהנים והלוים להעלות אתארון יהוה אלהי ישראל,The priests and Levites sanctified themselves in order to bring up the Ark of the ETERNAL God of Israel.,Ninguno
I_Chronicles,15,15,"וישאו בניהלוים את ארון האלהים כאשר צוה משה כדבר יהוה בכתפם במטות עליהם&nbsp;<span class=""mam-spi-pe"">{פ}</span><br>","The Levites carried the Ark of God by means of poles on their shoulders, as Moses had commanded in accordance with the word of GOD. ",Ninguno
I_Chronicles,15,16,"ויאמר דויד לשרי הלוים להעמיד אתאחיהם המשררים בכלישיר נבלים וכנרות ומצלתים משמיעים להריםבקול לשמחה&nbsp;<span class=""mam-spi-pe"">{פ}</span><br>","David ordered the officers of the Levites to install their kindred, the singers, with musical instruments, harps, lyres, and cymbals, joyfully making their voices heard. ",Ninguno
I_Chronicles,15,17,"ויעמידו הלוים את הימן בןיואל ומןאחיו אסף בןברכיהו&nbsp;<span class=""mam-spi-samekh"">{ס}</span>&nbsp;&nbsp;&nbsp;&nbsp;&nbsp;&nbsp;&nbsp;&nbsp;ומןבני מררי אחיהם איתן בןקושיהו","So the Levites installed Heman son of Joel and, of his kindred, Asaph son of Berechiah; and, of the sons of Merari their kindred, Ethan son of Kushaiah. ",Ninguno
I_Chronicles,15,18,ועמהם אחיהם המשנים זכריהו בן ויעזיאל ושמירמות ויחיאל&thinsp;<small></small>&thinsp;ועני אליאב ובניהו ומעשיהו ומתתיהו ואליפלהו ומקניהו ועבד אדם ויעיאל השערים,"Together with them were their kindred of second rank, Zechariah, Ben, Jaaziel, Shemiramoth, Jehiel, Unni, Eliab, Benaiah, Maaseiah, Mattithiah, Eliphalehu, Mikneiah, Obed-edom and Jeiel the gatekeepers. ",Ninguno
I_Chronicles,15,19,והמשררים הימן אסף ואיתן במצלתים נחשת להשמיע,"Also the singers Heman, Asaph, and Ethan to sound the bronze cymbals, ",Ninguno
I_Chronicles,15,20,וזכריה ועזיאל ושמירמות ויחיאל ועני ואליאב ומעשיהו ובניהו בנבלים עלעלמות,"and Zechariah, Aziel, Shemiramoth, Jehiel, Unni, Eliab, Maaseiah, and Benaiah with harps on alamoth;bon alamoth Meaning of Heb. uncertain. ",Ninguno
I_Chronicles,15,21,ומתתיהו ואליפלהו ומקניהו ועבד אדם ויעיאל ועזזיהו בכנרות עלהשמינית לנצח,"also Mattithiah, Eliphalehu, Mikneiah, Obed-edom, Jeiel, and Azaziah, with lyres to lead on the sheminith;con the sheminith Meaning of Heb. uncertain. ",Ninguno
I_Chronicles,15,22,וכנניהו שרהלוים במשא יסר במשא כי מבין הוא,"also Chenaniah, officer of the Levites in song;dsong Meaning of Heb. uncertain. he was in charge of the songesong Meaning of Heb. uncertain. because he was a master. ",Separación (Beyn)
I_Chronicles,15,23,וברכיה ואלקנה שערים לארון,Berechiah and Elkanah were gatekeepers for the Ark.,Ninguno
I_Chronicles,15,24,"ושבניהו ויושפט ונתנאל ועמשי וזכריהו ובניהו ואליעזר הכהנים <span class=""mam-kq""><span class=""mam-kq-k"">(מחצצרים)</span> <span class=""mam-kq-q"">[מחצרים]</span></span> בחצצרות לפני ארון האלהים ועבד אדם ויחיה שערים לארון","Shebaniah, Joshaphat, Nethanel, Amasai, Zechariah, Benaiah, and Eliezer the priests sounded the trumpets before the Ark of God, and Obededom and Jehiah were gatekeepers for the Ark. ",Ninguno
I_Chronicles,15,25,"ויהי דויד וזקני ישראל ושרי האלפים ההלכים להעלות אתארון בריתיהוה מןבית עבדאדם בשמחה&nbsp;<span class=""mam-spi-pe"">{פ}</span><br>",fThis passage is found also in 2 Sam. 6.12–16. Then David and the elders of Israel and the officers of the thousands who were going to bring up the Ark of the Covenant of GOD from the house of Obed-edom were joyful. ,Ninguno
I_Chronicles,15,26,ויהי בעזר האלהים אתהלוים נשאי ארון בריתיהוה ויזבחו שבעהפרים ושבעה אילים,"Since God helped the Levites who were carrying the Ark of the Covenant of GOD, they sacrificed seven bulls and seven rams. ",Ninguno
I_Chronicles,15,27,ודויד מכרבל&thinsp;<b></b> במעיל בוץ וכלהלוים הנשאים אתהארון והמשררים וכנניה השר המשא המשררים ועלדויד אפוד בד,"Now David and all the Levites who were carrying the Ark, and the singers and Chenaniah, officer of song of the singers, were wrappedgwrapped Meaning of Heb. uncertain. in robes of fine linen, and David wore a linen ephod. ",Ninguno
I_Chronicles,15,28,וכלישראל מעלים אתארון בריתיהוה בתרועה ובקול שופר ובחצצרות ובמצלתים משמעים בנבלים וכנרות,"All Israel brought up the Ark of the Covenant of GOD with shouts and with blasts of the horn, with trumpets and cymbals, playing on harps and lyres. ",Ninguno
I_Chronicles,15,29,"ויהי ארון ברית יהוה בא עדעיר דויד ומיכל בתשאול נשקפה&thinsp;<b></b> בעד החלון ותרא אתהמלך דויד מרקד ומשחק ותבז לו בלבה&nbsp;<span class=""mam-spi-pe"">{פ}</span><br>","As the Ark of the Covenant of GOD arrived at the City of David, Michal daughter of Saul looked out of the window and saw King David leaping and dancing, and she despised him for it.",Ninguno
I_Chronicles,16,1,ויביאו אתארון האלהים ויציגו אתו בתוך האהל אשר נטהלו דויד ויקריבו עלות ושלמים לפני האלהים,"aCf. 2 Sam. 6.17–19. They brought in the Ark of God and set it up inside the tent that David had pitched for it, and they sacrificed burnt offerings and offerings of well-being before God. ",Ninguno
I_Chronicles,16,2,ויכל דויד מהעלות העלה והשלמים ויברך אתהעם בשם יהוה,"When David finished sacrificing the burnt offerings and the offerings of well-being, he blessed the people in the name of GOD. ",Ninguno
I_Chronicles,16,3,ויחלק לכלאיש ישראל מאיש ועדאשה לאיש ככרלחם ואשפר ואשישה,"And he distributed to the entire body of Israel—man and woman alike—to each a loaf of bread, a cake made in a pan, and a raisin cake.ba cake made in a pan, and a raisin cake Meaning of Heb. uncertain. ",Ninguno
I_Chronicles,16,4,"ויתן לפני ארון יהוה מןהלוים משרתים ולהזכיר ולהודות ולהלל ליהוה אלהי ישראל&nbsp;<span class=""mam-spi-samekh"">{ס}</span>&nbsp;&nbsp;&nbsp;&nbsp;&nbsp;&nbsp;&nbsp;&nbsp;","He appointed Levites to minister before the Ark of GOD, to invoke, to praise, and to extol the ETERNAL God of Israel: ",Ninguno
I_Chronicles,16,5,אסף הראש ומשנהו זכריה יעיאל ושמירמות ויחיאל ומתתיה ואליאב ובניהו ועבד אדם ויעיאל בכלי נבלים ובכנרות ואסף במצלתים משמיע,"Asaph the chief, Zechariah second in rank, Jeiel, Shemiramoth, Jehiel, Mattithiah, Eliab, Benaiah, Obed-edom, and Jeiel, with harps and lyres, and Asaph sounding the cymbals, ",Ninguno
I_Chronicles,16,6,ובניהו ויחזיאל הכהנים בחצצרות תמיד לפני ארון בריתהאלהים,"and Benaiah and Jahaziel the priests, with trumpets, regularly before the Ark of the Covenant of God. ",Ninguno
I_Chronicles,16,7,"ביום ההוא אז נתן דויד בראש להדות ליהוה בידאסף ואחיו&nbsp;<span class=""mam-spi-pe"">{פ}</span><br>","Then, on that day, David first commissioned Asaph and his kindred to give praise to GOD:",Ninguno
I_Chronicles,16,8,הודו ליהוה קראו בשמו&nbsp;&nbsp;&nbsp;&nbsp;&nbsp;&nbsp;&nbsp;&nbsp;הודיעו בעמים עלילתיו,cCf. Ps. 105.1–15. “Praise GOD;call on this name;proclaim God’s deeds among the peoples.,Ninguno
I_Chronicles,16,9,שירו לו זמרולו&nbsp;&nbsp;&nbsp;&nbsp;&nbsp;&nbsp;&nbsp;&nbsp;שיחו בכלנפלאתיו,Sing out praises;speak of all those wondrous acts.,Ninguno
I_Chronicles,16,10,התהללו בשם קדשו&nbsp;&nbsp;&nbsp;&nbsp;&nbsp;&nbsp;&nbsp;&nbsp;ישמח לב מבקשי יהוה,Exult in this holy name;let all who seek GOD rejoice.,Ninguno
I_Chronicles,16,11,דרשו יהוה ועזו&nbsp;&nbsp;&nbsp;&nbsp;&nbsp;&nbsp;&nbsp;&nbsp;בקשו פניו תמיד,"Turn to GOD, to divine might;ddivine might I.e., the Ark; cf. Ps. 78.61; 132.8. seek God’s presence constantly.",Ninguno
I_Chronicles,16,12,זכרו נפלאתיו אשר עשה&nbsp;&nbsp;&nbsp;&nbsp;&nbsp;&nbsp;&nbsp;&nbsp;מפתיו ומשפטיפיהו,"Remember the wonders that have been done;the portents and judgments pronounced,",Ninguno
I_Chronicles,16,13,זרע ישראל עבדו&nbsp;&nbsp;&nbsp;&nbsp;&nbsp;&nbsp;&nbsp;&nbsp;בני יעקב בחיריו,"O offspring of Israel, God’s servant,O descendants of Jacob, the chosen ones.",Ninguno
I_Chronicles,16,14,הוא יהוה אלהינו&nbsp;&nbsp;&nbsp;&nbsp;&nbsp;&nbsp;&nbsp;&nbsp;בכלהארץ משפטיו,"The ETERNAL is our God,whose judgments are throughout the earth.",Ninguno
I_Chronicles,16,15,זכרו לעולם בריתו&nbsp;&nbsp;&nbsp;&nbsp;&nbsp;&nbsp;&nbsp;&nbsp;דבר צוה לאלף דור,"Be ever mindful of God’s covenant,the promise given for a thousand generations,",Ninguno
I_Chronicles,16,16,אשר כרת אתאברהם&nbsp;&nbsp;&nbsp;&nbsp;&nbsp;&nbsp;&nbsp;&nbsp;ושבועתו ליצחק,"that was made with Abraham,sworn to Isaac,",Ninguno
I_Chronicles,16,17,ויעמידה ליעקב לחק&nbsp;&nbsp;&nbsp;&nbsp;&nbsp;&nbsp;&nbsp;&nbsp;לישראל ברית עולם,"and confirmed in a decree for Jacob,for Israel, as an eternal covenant,",Ninguno
I_Chronicles,16,18,לאמר לך אתן ארץכנען&nbsp;&nbsp;&nbsp;&nbsp;&nbsp;&nbsp;&nbsp;&nbsp;חבל נחלתכם,"saying, ‘To you I will give the land of Canaanas your allotted heritage.’",Ninguno
I_Chronicles,16,19,בהיותכם מתי מספר&nbsp;&nbsp;&nbsp;&nbsp;&nbsp;&nbsp;&nbsp;&nbsp;כמעט וגרים בה,"You were then few in number,a handful, merely sojourning there,",Ninguno
I_Chronicles,16,20,ויתהלכו מגוי אלגוי&nbsp;&nbsp;&nbsp;&nbsp;&nbsp;&nbsp;&nbsp;&nbsp;ומממלכה אלעם אחר,"wandering from nation to nation,from one kingdom to another.",Ninguno
I_Chronicles,16,21,לאהניח לאיש לעשקם&nbsp;&nbsp;&nbsp;&nbsp;&nbsp;&nbsp;&nbsp;&nbsp;ויוכח עליהם מלכים,"No one was allowed to oppress them;kings were reproved on their account,",Ninguno
I_Chronicles,16,22,"אלתגעו במשיחי&nbsp;&nbsp;&nbsp;&nbsp;&nbsp;&nbsp;&nbsp;&nbsp;ובנביאי אלתרעו&nbsp;<span class=""mam-spi-pe"">{פ}</span><br>",‘Do not touch My anointed ones;do not harm My prophets.’,Ninguno
I_Chronicles,16,23,שירו ליהוה כלהארץ&nbsp;&nbsp;&nbsp;&nbsp;&nbsp;&nbsp;&nbsp;&nbsp;בשרו מיוםאליום ישועתו,"eCf. Ps. 96.1–13. “Sing to GOD, all the earth,proclaim God’s victory day after day.",Ninguno
I_Chronicles,16,24,ספרו בגוים אתכבודו&nbsp;&nbsp;&nbsp;&nbsp;&nbsp;&nbsp;&nbsp;&nbsp;בכלהעמים נפלאתיו,"Tell of this glory among the nations,God’s wondrous deeds among all peoples.",Ninguno
I_Chronicles,16,25,כי גדול יהוה ומהלל מאד&nbsp;&nbsp;&nbsp;&nbsp;&nbsp;&nbsp;&nbsp;&nbsp;ונורא הוא עלכלאלהים,"For GOD is great and much acclaimed,and is held in awe by all divine beings.",Ninguno
I_Chronicles,16,26,כי כלאלהי העמים אלילים&nbsp;&nbsp;&nbsp;&nbsp;&nbsp;&nbsp;&nbsp;&nbsp;ויהוה שמים עשה,"All the gods of the peoples are mere idols,but the ETERNAL made the heavens.",Ninguno
I_Chronicles,16,27,הוד והדר לפניו&nbsp;&nbsp;&nbsp;&nbsp;&nbsp;&nbsp;&nbsp;&nbsp;עז וחדוה במקמו,Glory and majesty are present;strength and joy are in the holy temple.,Ninguno
I_Chronicles,16,28,הבו ליהוה משפחות עמים&nbsp;&nbsp;&nbsp;&nbsp;&nbsp;&nbsp;&nbsp;&nbsp;הבו ליהוה כבוד ועז,"“Ascribe to GOD, O families of the peoples,ascribe to GOD glory and strength.",Ninguno
I_Chronicles,16,29,הבו ליהוה כבוד שמו&nbsp;&nbsp;&nbsp;&nbsp;&nbsp;&nbsp;&nbsp;&nbsp;שאו מנחה ובאו לפניו השתחוו ליהוה בהדרתקדש&nbsp;&nbsp;&nbsp;&nbsp;&nbsp;&nbsp;&nbsp;&nbsp;,"Ascribe to GOD the glory of this name,bring tribute and enter the divine presence,bow down to GOD, majestic in holiness.",Ninguno
I_Chronicles,16,30,חילו מלפניו כלהארץ אףתכון תבל בלתמוט&nbsp;&nbsp;&nbsp;&nbsp;&nbsp;&nbsp;&nbsp;&nbsp;,"Tremble in the divine presence, all the earth!The world stands firm; it cannot be shaken.",Ninguno
I_Chronicles,16,31,ישמחו השמים ותגל הארץ ויאמרו בגוים יהוה מלך&nbsp;&nbsp;&nbsp;&nbsp;&nbsp;&nbsp;&nbsp;&nbsp;,"Let the heavens rejoice and the earth exult;let them declare among the nations, ‘GOD is Sovereign!”",Ninguno
I_Chronicles,16,32,ירעם הים ומלואו יעלץ השדה וכלאשרבו&nbsp;&nbsp;&nbsp;&nbsp;&nbsp;&nbsp;&nbsp;&nbsp;,"Let the sea and all within it thunder,the fields and everything in them exult;",Ninguno
I_Chronicles,16,33,אז ירננו עצי היער מלפני יהוה כיבא לשפוט אתהארץ&nbsp;&nbsp;&nbsp;&nbsp;&nbsp;&nbsp;&nbsp;&nbsp;,"then shall all the trees of the forest shout for joyat the presence of GOD,who is coming to rule the earth.",Ninguno
I_Chronicles,16,34,הודו ליהוה כי טוב כי לעולם חסדו&nbsp;&nbsp;&nbsp;&nbsp;&nbsp;&nbsp;&nbsp;&nbsp;,"Praise GOD, who is good—whose steadfast love is eternal.",Ninguno
I_Chronicles,16,35,ואמרו הושיענו אלהי ישענו וקבצנו והצילנו מןהגוים&nbsp;&nbsp;&nbsp;&nbsp;&nbsp;&nbsp;&nbsp;&nbsp;להדות לשם קדשך להשתבח בתהלתך&nbsp;&nbsp;&nbsp;&nbsp;&nbsp;&nbsp;&nbsp;&nbsp;,"Declare:Deliver us, O God, our deliverer,and gather us and save us from the nations,to acclaim Your holy name,to glory in Your praise.",Ninguno
I_Chronicles,16,36,"ברוך יהוה אלהי ישראל מןהעולם ועד העלם ויאמרו כלהעם אמן&nbsp;&nbsp;&nbsp;&nbsp;&nbsp;&nbsp;&nbsp;&nbsp;והלל ליהוה&nbsp;<span class=""mam-spi-pe"">{פ}</span><br>","“Blessed is the ETERNAL, God of Israel, from eternity to eternity.” And all the people said, “Amen” and “Praise GOD.”fCf. Ps. 106.47–48. ",Ninguno
I_Chronicles,16,37,ויעזבשם לפני ארון בריתיהוה לאסף ולאחיו לשרת לפני הארון תמיד לדבריום ביומו,"He left Asaph and his kindred there before the Ark of the Covenant of GOD to minister before the Ark regularly as each day required, ",Ninguno
I_Chronicles,16,38,"ועבד אדם ואחיהם ששים ושמונה&nbsp;<span class=""mam-spi-samekh"">{ס}</span>&nbsp;&nbsp;&nbsp;&nbsp;&nbsp;&nbsp;&nbsp;&nbsp;ועבד אדם בןידיתון וחסה לשערים",as well as Obed-edom with their kindred—68; also Obed-edom son of Jedithun and Hosah as gatekeepers;,Ninguno
I_Chronicles,16,39,ואת&thinsp;<b></b> צדוק הכהן ואחיו הכהנים לפני משכן יהוה בבמה אשר בגבעון,also Zadok the priest and his fellow priests before the Tabernacle of GOD at the shrine that was in Gibeon;,Ninguno
I_Chronicles,16,40,להעלות עלות ליהוה עלמזבח העלה תמיד לבקר ולערב ולכלהכתוב בתורת יהוה אשר צוה עלישראל,"to sacrifice burnt offerings to GOD on the altar of the burnt offering regularly, morning and evening, in accordance with what was prescribed in the Teaching of GOD with which Israel was charged. ",Ninguno
I_Chronicles,16,41,ועמהם הימן וידותון ושאר הברורים אשר נקבו בשמות להדות ליהוה כי לעולם חסדו,"With them were Heman and Jeduthun and the other selected men designated by name to give praise to GOD, “whose steadfast love is eternal.”gwhose steadfast love is eternal Cf. Ps. 106; 107; 118; 136. ",Ninguno
I_Chronicles,16,42,ועמהם הימן וידותון חצצרות ומצלתים למשמיעים וכלי שיר האלהים ובני ידותון לשער,"Heman and Jeduthun had with them trumpets and cymbals to sound, and instruments for the songs of God; and the sons of Jeduthun were to be at the gate. ",Ninguno
I_Chronicles,16,43,"וילכו כלהעם איש לביתו ויסב דויד לברך אתביתו&nbsp;<span class=""mam-spi-pe"">{פ}</span><br>","Then all the people went home, and David returned to greet his household.",Ninguno
I_Chronicles,17,1,ויהי כאשר ישב דויד בביתו ויאמר דויד אלנתן הנביא הנה אנכי יושב בבית הארזים וארון בריתיהוה תחת יריעות,"aCf. 2 Sam. 7. When David settled in his palace, David said to the prophet Nathan, “Here I am dwelling in a house of cedar, while the Ark of the Covenant of GOD is under tent-cloths.” ",Ninguno
I_Chronicles,17,2,"ויאמר נתן אלדויד כל אשר בלבבך עשה כי האלהים עמך&nbsp;<span class=""mam-spi-samekh"">{ס}</span>&nbsp;&nbsp;&nbsp;&nbsp;&nbsp;&nbsp;&nbsp;&nbsp;","Nathan said to David, “Do whatever you have in mind, for God is with you.”",Ninguno
I_Chronicles,17,3,ויהי בלילה ההוא ויהי דבראלהים אלנתן לאמר,But that same night the word of God came to Nathan:,Ninguno
I_Chronicles,17,4,לך ואמרת אלדויד עבדי כה אמר יהוה לא אתה תבנהלי הבית לשבת,“Go and say to My servant David: Thus said GOD: You are not the one to build a house for Me to dwell in.,Ninguno
I_Chronicles,17,5,כי לא ישבתי בבית מןהיום אשר העליתי אתישראל עד היום הזה ואהיה מאהל אלאהל וממשכן,"From the day that I brought out Israel to this day, I have not dwelt in a house, but have [gone] from tent to tent and from one Tabernacle [to another]. ",Ninguno
I_Chronicles,17,6,בכל אשרהתהלכתי בכלישראל הדבר דברתי אתאחד שפטי ישראל אשר צויתי לרעות אתעמי לאמר למה לאבניתם לי בית ארזים,"As I moved about wherever Israel went, did I ever reproach any of the judges of Israel whom I appointed to care for My people Israel: Why have you not built Me a house of cedar?",Ninguno
I_Chronicles,17,7,"ועתה כהתאמר לעבדי לדויד&nbsp;<span class=""mam-spi-samekh"">{ס}</span>&nbsp;&nbsp;&nbsp;&nbsp;&nbsp;&nbsp;&nbsp;&nbsp;כה אמר יהוה צבאות אני לקחתיך מןהנוה מןאחרי הצאן להיות נגיד על עמי ישראל","“Further, say thus to My servant David: Thus said GOD of Hosts: I took you from the pasture, from following the flock, to be ruler of My people Israel, ",Ninguno
I_Chronicles,17,8,ואהיה עמך בכל אשר הלכת ואכרית אתכלאויביך מפניך ועשיתי לך שם כשם הגדולים אשר בארץ,"and I have been with you wherever you went, and have cut down all your enemies before you. Moreover, I will give you renown like that of the greatest men on earth. ",Ninguno
I_Chronicles,17,9,ושמתי מקום לעמי ישראל ונטעתיהו ושכן תחתיו ולא ירגז עוד ולאיוסיפו בניעולה לבלתו כאשר בראשונה,"I will establish a home for My people Israel and will plant them firm, so that they shall dwell secure and shall tremble no more. Iniquitous people shall not wear them down anymore as in the past, ",Ninguno
I_Chronicles,17,10,ולמימים אשר צויתי שפטים עלעמי ישראל והכנעתי אתכלאויביך ואגד לך ובית יבנהלך יהוה,"ever since I appointed judges over My people Israel. I will subdue all your enemies.“And I declare to you: GOD will build a housebhouse I.e., a dynasty; play on “house” (i.e., temple) in v. 4. for you. ",Ninguno
I_Chronicles,17,11,והיה כימלאו ימיך ללכת עםאבתיך והקימותי אתזרעך אחריך אשר יהיה מבניך והכינותי אתמלכותו,"When your days are done and you follow your ancestors, I will raise up your offspring after you, one of your own sons, and I will establish his kingship. ",Ninguno
I_Chronicles,17,12,הוא יבנהלי בית וכננתי אתכסאו עדעולם,"He shall build a house for Me, and I will establish his throne forever. ",Ninguno
I_Chronicles,17,13,אני אהיהלו לאב והוא יהיהלי לבן וחסדי לאאסיר מעמו כאשר הסירותי מאשר היה לפניך,"I will be a father to him, and he shall be a son to Me, but I will never withdraw My favor from him as I withdrew it from your predecessor. ",Ninguno
I_Chronicles,17,14,והעמדתיהו בביתי ובמלכותי עדהעולם וכסאו יהיה נכון עדעולם,"I will install him in My house and in My kingship forever, and his throne shall be established forever.”",Ninguno
I_Chronicles,17,15,"ככל הדברים האלה וככל החזון הזה כן דבר נתן אלדויד&nbsp;<span class=""mam-spi-pe"">{פ}</span><br>",Nathan spoke to David in accordance with all these words and all this prophecy.,Ninguno
I_Chronicles,17,16,ויבא המלך דויד וישב לפני יהוה ויאמר מיאני יהוה אלהים ומי ביתי כי הביאתני עדהלם,"Then King David came and sat before GOD, and he said, “What am I, O my ETERNAL God, and what is my family, that You have brought me thus far? ",Ninguno
I_Chronicles,17,17,ותקטן זאת בעיניך אלהים ותדבר עלביתעבדך למרחוק וראיתני כתור האדם המעלה יהוה אלהים,"Yet even this, O God, has seemed too little to You; for You have spoken of Your servant’s house for the future. You regard me as a man of distinction,cYou regard me as a man of distinction Meaning of Heb. uncertain. O my ETERNAL God. ",Ninguno
I_Chronicles,17,18,מהיוסיף עוד דויד אליך לכבוד אתעבדך ואתה אתעבדך ידעת,What more can David add regarding the honoring of Your servant? You know Your servant.,Percepción (Yada)
I_Chronicles,17,19,יהוה בעבור עבדך וכלבך עשית את כלהגדולה הזאת להדיע אתכלהגדלות,"O ETERNAL One, for Your servant’s sake, and of Your own accord,dfor Your servant’s sake, and of Your own accord Meaning of Heb. uncertain. You have wrought this great thing, and made known all these great things. ",Ninguno
I_Chronicles,17,20,יהוה אין כמוך ואין אלהים זולתך בכל אשרשמענו באזנינו,"O ETERNAL One, there is none like You, and there is no other God but You, as we have always heard. ",Ninguno
I_Chronicles,17,21,ומי כעמך ישראל גוי אחד בארץ אשר הלך האלהים לפדות לו עם לשום לך שם גדלות ונראות לגרש מפני עמך אשרפדית ממצרים גוים,"And who is like Your people Israel, a unique nation on earth, whom You,eYou Heb. 3rd person. God, went and redeemed as YourfYour See previous note. people, winning renown for Yourself for great and marvelous deeds, driving out nations before Your people whom You redeemed from Egypt. ",Ninguno
I_Chronicles,17,22,ותתן אתעמך ישראל&thinsp;<small></small>&thinsp;לך לעם עדעולם ואתה יהוה היית להם לאלהים,"You have established Your people Israel as Your very own people forever; and You, O ETERNAL, have become their God.",Ninguno
I_Chronicles,17,23,ועתה יהוה הדבר אשר דברת עלעבדך ועלביתו יאמן עדעולם ועשה כאשר דברת,"“And now, O ETERNAL One, let Your promise concerning Your servant and his house be fulfilled forever; and do as You have promised. ",Ninguno
I_Chronicles,17,24,ויאמן ויגדל שמך עדעולם לאמר יהוה צבאות אלהי ישראל אלהים לישראל וביתדויד עבדך נכון לפניך,"Let it be fulfilled that Your name be glorified forever, in that people will say, ‘GOD of Hosts, God of Israel, is Israel’s God’; and may the house of Your servant David be established before You. ",Ninguno
I_Chronicles,17,25,כי&thinsp;<b></b> אתה אלהי גלית אתאזן עבדך לבנות לו בית עלכן מצא עבדך להתפלל לפניך,"Because You, my God, have revealed to Your servant that You will build a house for him, Your servant has ventured to pray to You. ",Ninguno
I_Chronicles,17,26,ועתה יהוה אתההוא האלהים ותדבר עלעבדך הטובה הזאת,"And now, O ETERNAL One, You are God and You have made this gracious promise to Your servant. ",Ninguno
I_Chronicles,17,27,"ועתה הואלת לברך אתבית עבדך להיות לעולם לפניך כיאתה יהוה ברכת ומברך לעולם&nbsp;<span class=""mam-spi-pe"">{פ}</span><br>","Now, it has pleased You to bless Your servant’s house, that it abide before You forever; for You, O ETERNAL One, have blessed and are blessed forever.”",Ninguno
I_Chronicles,18,1,ויהי אחריכן ויך דויד אתפלשתים ויכניעם ויקח אתגת ובנתיה מיד פלשתים,"aCf. 2 Sam. 8. Sometime afterward, David attacked the Philistines and subdued them; and David took Gath and its dependencies from the Philistines. ",Ninguno
I_Chronicles,18,2,ויך אתמואב ויהיו מואב עבדים לדויד נשאי מנחה,He also defeated the Moabites; the Moabites became tributary vassals of David.,Ninguno
I_Chronicles,18,3,ויך דויד אתהדדעזר מלךצובה חמתה בלכתו להציב ידו בנהרפרת,"David defeated Hadadezer, king of Zobah-hamath, who was on his way to set up his monument at the Euphrates River. ",Ninguno
I_Chronicles,18,4,וילכד דויד ממנו אלף רכב ושבעת אלפים פרשים ועשרים אלף איש רגלי ויעקר דויד אתכלהרכב ויותר ממנו מאה רכב,"David captured 1,000 chariots and 7,000 cavalry and 20,000 foot soldiers of his force; and David hamstrung all the chariot horses except for 100, which he retained. ",Ninguno
I_Chronicles,18,5,ויבא ארם דרמשק לעזור להדדעזר מלך צובה ויך דויד בארם עשריםושנים אלף איש,"And when the Arameans of Damascus came to the aid of King Hadadezer of Zobah, David struck down 22,000 of the Arameans. ",Ninguno
I_Chronicles,18,6,וישם דויד בארם דרמשק ויהי ארם לדויד עבדים נשאי מנחה ויושע יהוה לדויד בכל אשר הלך,"David stationed [garrisons] in Aram of Damascus, and the Arameans became tributary vassals of David. GOD gave David victory wherever he went. ",Ninguno
I_Chronicles,18,7,ויקח דויד את שלטי הזהב אשר היו על עבדי הדדעזר ויביאם ירושל͏ם,David took the gold shieldsbshields Or “quivers.” carried by Hadadezer’s retinue and brought them to Jerusalem; ,Ninguno
I_Chronicles,18,8,"ומטבחת ומכון ערי הדדעזר לקח דויד נחשת רבה מאד בה&thinsp;<b></b> עשה שלמה אתים הנחשת ואתהעמודים ואת כלי הנחשת&nbsp;<span class=""mam-spi-pe"">{פ}</span><br>","and from Tibbath and Cun, towns of Hadadezer, David took a vast amount of copper, from which Solomon made the bronze tank, the columns, and the bronze vessels.",Ninguno
I_Chronicles,18,9,וישמע תעו מלך חמת כי הכה דויד אתכלחיל הדדעזר מלךצובה,"When King Tou of Hamath heard that David had defeated the entire army of King Hadadezer of Zobah, ",Ninguno
I_Chronicles,18,10,"וישלח אתהדורםבנו אלהמלךדויד <span class=""mam-kq""><span class=""mam-kq-k"">(לשאול)</span> <span class=""mam-kq-q"">[לשאל]</span></span>לו לשלום ולברכו על אשר נלחם בהדדעזר ויכהו כיאיש מלחמות תעו היה הדדעזר וכל כלי זהב וכסף ונחשת","he sent his son Hadoram to King David to greet him and to congratulate him on his military victory over Hadadezer—for Hadadezer had been at war with Tou; [he brought with him] all manner of gold, silver, and copper objects. ",Ninguno
I_Chronicles,18,11,גםאתם הקדיש המלך דויד ליהוה עםהכסף והזהב אשר נשא מכלהגוים מאדום וממואב ומבני עמון ומפלשתים ומעמלק,"King David dedicated these to GOD, along with the other silver and gold that he had taken from all the nations: from Edom, Moab, and Ammon; from the Philistines and the Amalekites.",Ninguno
I_Chronicles,18,12,ואבשי בןצרויה הכה אתאדום בגיא המלח שמונה עשר אלף,"Abshai son of Zeruiah struck down Edom in the Valley of Salt, 18,000 in all. ",Ninguno
I_Chronicles,18,13,וישם באדום נציבים ויהיו כלאדום עבדים לדויד ויושע יהוה אתדויד בכל אשר הלך,"He stationed garrisons in Edom, and all the Edomites became vassals of David. GOD gave David victory wherever he went.",Ninguno
I_Chronicles,18,14,וימלך דויד עלכלישראל ויהי עשה משפט וצדקה לכלעמו,"David reigned over all Israel, and David executed true justice among all his people. ",Ninguno
I_Chronicles,18,15,ויואב בןצרויה עלהצבא ויהושפט בןאחילוד מזכיר,Joab son of Zeruiah was commander of the army; Jehoshaphat son of Ahilud was recorder;,Ninguno
I_Chronicles,18,16,וצדוק בןאחיטוב ואבימלך בןאביתר כהנים ושושא סופר,Zadok son of Ahitub and Abimelech son of Abiathar were priests; Shavsha was scribe;,Ninguno
I_Chronicles,18,17,"ובניהו בןיהוידע עלהכרתי והפלתי ובנידויד הראשנים ליד המלך&nbsp;<span class=""mam-spi-pe"">{פ}</span><br>",Benaiah son of Jehoiada was commander of the Cherethites and the Pelethites; and David’s sons were first ministers of the king.,Percepción (Yada)
I_Chronicles,19,1,ויהי אחריכן וימת נחש מלך בניעמון וימלך בנו תחתיו,"aCf. 2 Sam. 10. Sometime afterward, Nahash the king of the Ammonites died, and his son succeeded him as king. ",Ninguno
I_Chronicles,19,2,ויאמר דויד אעשהחסד&thinsp;<b></b> עםחנון בןנחש כיעשה אביו עמי חסד וישלח דויד מלאכים לנחמו עלאביו ויבאו עבדי דויד אלארץ בניעמון אלחנון לנחמו,"David said, “I will keep faith with Hanun son of Nahash, since his father kept faith with me.” David sent messengers with condolences to him over his father. But when David’s courtiers came to the land of Ammon to Hanun, with condolences, ",Ninguno
I_Chronicles,19,3,ויאמרו שרי בניעמון לחנון המכבד דויד אתאביך בעיניך כישלח לך מנחמים הלא בעבור לחקר ולהפך ולרגל הארץ באו עבדיו אליך,"the Ammonite officials said to Hanun, “Do you think David is really honoring your father just because he sent you consolers? Why, it is to explore, to subvert, and to spy out the land that his courtiers have come to you.” ",Ninguno
I_Chronicles,19,4,ויקח חנון אתעבדי דויד ויגלחם ויכרת אתמדויהם בחצי עדהמפשעה וישלחם,"So Hanun seized David’s courtiers, shaved them, and cut away half of their garments up to the buttocks, and sent them off. ",Ninguno
I_Chronicles,19,5,"וילכו ויגידו לדויד עלהאנשים וישלח לקראתם כיהיו האנשים נכלמים מאד ויאמר המלך שבו בירחו עד אשריצמח זקנכם ושבתם&nbsp;<span class=""mam-spi-samekh"">{ס}</span>&nbsp;&nbsp;&nbsp;&nbsp;&nbsp;&nbsp;&nbsp;&nbsp;","When David was told about the men, he dispatched others to meet them, for they were greatly embarrassed. And the king gave orders, “Stay in Jericho until your beards grow back; then you can return.”",Ninguno
I_Chronicles,19,6,ויראו בני עמון כי התבאשו עםדויד וישלח חנון ובני עמון אלף ככרכסף לשכר להם מןארם נהרים ומןארם מעכה ומצובה רכב ופרשים,"The Ammonites realized that they had incurred the wrath of David; so Hanun and the Ammonites sent 1,000 silver talents to hire chariots and riders from Aram-naharaim, Aram-maacah, and Zobah. ",Ninguno
I_Chronicles,19,7,"וישכרו להם שנים ושלשים אלף רכב ואתמלך מעכה ואתעמו ויבאו ויחנו לפני מידבא&nbsp;<span class=""mam-spi-samekh"">{ס}</span>&nbsp;&nbsp;&nbsp;&nbsp;&nbsp;&nbsp;&nbsp;&nbsp;ובני עמון נאספו מעריהם ויבאו למלחמה&nbsp;<span class=""mam-spi-samekh"">{ס}</span>&nbsp;&nbsp;&nbsp;&nbsp;&nbsp;&nbsp;&nbsp;&nbsp;","They hired 32,000 chariots, the king of Maacah, and his army, who came and encamped before Medeba. The Ammonites were mobilized from their cities and came to do battle.",Ninguno
I_Chronicles,19,8,וישמע דויד וישלח אתיואב ואת כלצבא הגבורים,"On learning this, David sent out Joab and the entire army of mighty soldiers. ",Ninguno
I_Chronicles,19,9,ויצאו בני עמון ויערכו מלחמה פתח העיר והמלכים אשרבאו לבדם בשדה,"The Ammonites marched out and took up their battle position at the entrance of the city, while the kings who came [took their stand] separately in the open. ",Ninguno
I_Chronicles,19,10,וירא יואב כיהיתה פניהמלחמה אליו פנים ואחור ויבחר מכלבחור בישראל ויערך לקראת ארם,"Joab saw that there was a battle line against him both front and rear. So he made a selection from all the best soldiers of Israel and arrayed them against the Arameans, ",Ninguno
I_Chronicles,19,11,ואת יתר העם נתן ביד אבשי אחיו ויערכו לקראת בני עמון,and the rest of the troops he put under the command of his brother Abishai and arrayed them against the Ammonites.,Ninguno
I_Chronicles,19,12,"ויאמר אםתחזק ממני ארם והיית לי לתשועה&nbsp;<span class=""mam-spi-samekh"">{ס}</span>&nbsp;&nbsp;&nbsp;&nbsp;&nbsp;&nbsp;&nbsp;&nbsp;ואםבני עמון יחזקו ממך והושעתיך","Joab said, “If the Arameans prove too strong for me, you come to my aid; and if the Ammonites prove too strong for you, I will come to your aid. ",Ninguno
I_Chronicles,19,13,חזק ונתחזקה בעדעמנו ובעד ערי אלהינו ויהוה הטוב בעיניו יעשה,Let us be strong and resolute for the sake of our people and the towns of our God; and accept the outcome that GOD deems right.”,Ninguno
I_Chronicles,19,14,ויגש יואב והעם אשרעמו לפני ארם למלחמה וינוסו מפניו,"Joab and the troops with him marched into battle against the Arameans, who fled before him. ",Ninguno
I_Chronicles,19,15,"ובני עמון ראו כינס ארם וינוסו גםהם מפני אבשי אחיו ויבאו העירה ויבא יואב ירושל͏ם&nbsp;<span class=""mam-spi-samekh"">{ס}</span>&nbsp;&nbsp;&nbsp;&nbsp;&nbsp;&nbsp;&nbsp;&nbsp;","And when the Ammonites saw that the Arameans had fled, they too fled before his brother Abishai, and withdrew into the city. So Joab went to Jerusalem.",Ninguno
I_Chronicles,19,16,וירא ארם כי נגפו לפני ישראל וישלחו מלאכים ויוציאו אתארם אשר מעבר הנהר ושופך שרצבא הדדעזר לפניהם,"When the Arameans saw that they had been routed by Israel, they sent messengers to bring out the Arameans from across the Euphrates; Shophach, Hadadezer’s army commander, led them. ",Ninguno
I_Chronicles,19,17,ויגד לדויד ויאסף אתכלישראל ויעבר הירדן ויבא אלהם ויערך אלהם ויערך דויד לקראת ארם מלחמה וילחמו עמו,"David was informed of it; he assembled all Israel, crossed the Jordan, and came and took up positions against them. David drew up his forces against Aram; and they fought with him. ",Ninguno
I_Chronicles,19,18,וינס ארם מלפני ישראל ויהרג דויד מארם שבעת אלפים רכב וארבעים אלף איש רגלי ואת שופך שרהצבא המית,"But the Arameans were put to flight by Israel. David killed 7,000 Aramean chariot teams and 40,000 foot soldiers; he also killed Shophach, the army commander. ",Ninguno
I_Chronicles,19,19,"ויראו עבדי הדדעזר כי נגפו לפני ישראל וישלימו עםדויד ויעבדהו ולאאבה ארם להושיע אתבניעמון עוד&nbsp;<span class=""mam-spi-samekh"">{ס}</span>&nbsp;&nbsp;&nbsp;&nbsp;&nbsp;&nbsp;&nbsp;&nbsp;","And when all the vassals of Hadadezer saw that they had been routed by Israel, they submitted to David and became his vassals. And the Arameans would not help the Ammonites anymore.",Ninguno
I_Chronicles,20,1,ויהי לעת תשובת השנה לעת&thinsp;<b></b> צאת המלכים וינהג יואב אתחיל הצבא וישחת&thinsp;<b></b> אתארץ בניעמון ויבא ויצר אתרבה ודויד ישב בירושל͏ם ויך יואב אתרבה ויהרסה,"aCf. 2 Sam. 11.1; 12.30–31. At the turn of the year, the season when kings go out [to battle], Joab led out the army force and devastated the land of Ammon, and then besieged Rabbah, while David remained in Jerusalem; Joab reduced Rabbah and left it in ruins. ",Ninguno
I_Chronicles,20,2,ויקח דויד אתעטרתמלכם מעל ראשו וימצאה&thinsp;<b></b> משקל ככרזהב ובה אבן יקרה ותהי עלראש דויד ושלל העיר הוציא הרבה מאד,"David took the crown from the head of their king; he found that it weighed a talent of gold, and in it were precious stones. It was placed on David’s head. He also carried off a vast amount of booty from the city. ",Ninguno
I_Chronicles,20,3,"ואתהעם אשרבה הוציא וישר במגרה ובחריצי הברזל ובמגרות וכן יעשה דויד לכל ערי בניעמון וישב דויד וכלהעם ירושל͏ם&nbsp;<span class=""mam-spi-samekh"">{ס}</span>&nbsp;&nbsp;&nbsp;&nbsp;&nbsp;&nbsp;&nbsp;&nbsp;","He led out the people who lived there and he hacked thembhe hacked them Meaning of Heb. uncertain; cf. 2 Sam. 12.31, “set them to work.” with saws and iron threshing boards and axes;caxes Heb. megeroth; cf. 2 Sam. 12.31 magzeroth, “axes.” David did thus to all the towns of Ammon. Then David and all the troops returned to Jerusalem. ",Ninguno
I_Chronicles,20,4,ויהי אחריכן ותעמד מלחמה בגזר עםפלשתים אז הכה סבכי החשתי אתספי מילידי הרפאים ויכנעו,"After this, fighting broke out with the Philistines at Gezer; that was when Sibbecai the Hushathite killed Sippai, a descendant of the Rephaim, and they were humbled.",Ninguno
I_Chronicles,20,5,"ותהיעוד מלחמה אתפלשתים ויך אלחנן בן<span class=""mam-kq""><span class=""mam-kq-q"">[יעיר]</span> <span class=""mam-kq-k"">(יעור)</span></span> אתלחמי אחי גלית הגתי ועץ חניתו כמנור ארגים&nbsp;<span class=""mam-spi-samekh"">{ס}</span>&nbsp;&nbsp;&nbsp;&nbsp;&nbsp;&nbsp;&nbsp;&nbsp;","Again there was fighting with the Philistines, and Elhanan son of Jair killed Lahmi, the brother of Goliath the Gittite; his spear had a shaft like a weaver’s beam. ",Ninguno
I_Chronicles,20,6,ותהיעוד מלחמה בגת ויהי&thinsp;<b></b> איש מדה ואצבעתיו ששושש עשרים וארבע וגםהוא נולד להרפא,"Once again there was fighting at Gath. There was a giant of a man who had twenty-four fingers [and toes], six [on each hand] and six [on each foot]; he too was descended from the Raphah. ",Ninguno
I_Chronicles,20,7,ויחרף אתישראל ויכהו יהונתן בןשמעא אחי דויד,"When he taunted Israel, Jonathan son of David’s brother Shimea killed him. ",Ninguno
I_Chronicles,20,8,"אל נולדו להרפא בגת ויפלו בידדויד ובידעבדיו&nbsp;<span class=""mam-spi-pe"">{פ}</span><br>","These were descended from the Raphah in Gath, and they fell by the hands of David and his men.",Percepción (Yada)
I_Chronicles,21,1,ויעמד שטן עלישראל ויסת אתדויד למנות אתישראל,aCf. 2 Sam. 24. Satan arose against Israel and incited David to number Israel. ,Ninguno
I_Chronicles,21,2,ויאמר דויד אליואב ואלשרי העם לכו ספרו אתישראל מבאר שבע ועדדן והביאו אלי ואדעה אתמספרם,"David said to Joab and to the commanders of the army, “Go and count Israel from Beer-sheba to Dan and bring me information as to their number.” ",Ninguno
I_Chronicles,21,3,ויאמר יואב יוסף יהוה עלעמו&thinsp;<small></small>&thinsp;כהם מאה פעמים הלא אדני המלך כלם לאדני לעבדים למה יבקש זאת אדני למה יהיה לאשמה לישראל,"Joab answered, “May GOD increase the people a hundredfold; my lord king, are they not all subjects of my lord? Why should my lord require this? Why should it be a cause of guilt for Israel?”",Ninguno
I_Chronicles,21,4,ודברהמלך חזק עליואב ויצא יואב ויתהלך בכלישראל ויבא ירושל͏ם,"However, the king’s command to Joab remained firm, so Joab set out and traversed all Israel; he then came to Jerusalem. ",Ninguno
I_Chronicles,21,5,ויתן יואב אתמספר מפקדהעם אלדויד ויהי כלישראל אלף אלפים ומאה אלף איש שלף חרב ויהודה ארבע מאות ושבעים אלף איש שלףחרב,"Joab reported to David the number of the people that had been recorded. All Israel comprised 1,100,000 ready to draw the sword, while in Judah there were 470,000 ready to draw the sword. ",Ninguno
I_Chronicles,21,6,ולוי ובנימן לא פקד בתוכם כינתעב דברהמלך אתיואב,"He did not record among them Levi and Benjamin, because the king’s command had become repugnant to Joab. ",Ninguno
I_Chronicles,21,7,"וירע בעיני האלהים עלהדבר הזה ויך אתישראל&nbsp;<span class=""mam-spi-samekh"">{ס}</span>&nbsp;&nbsp;&nbsp;&nbsp;&nbsp;&nbsp;&nbsp;&nbsp;","God, being displeased about this matter, struck Israel.",Ninguno
I_Chronicles,21,8,"ויאמר דויד אלהאלהים חטאתי מאד אשר עשיתי אתהדבר הזה ועתה העברנא אתעוון עבדך כי נסכלתי מאד&nbsp;<span class=""mam-spi-pe"">{פ}</span><br>","David said to God, “I have sinned grievously in having done this thing; please remit the guilt of Your servant, for I have acted foolishly.” ",Ninguno
I_Chronicles,21,9,וידבר יהוה אלגד חזה דויד לאמר,"GOD ordered Gad, David’s seer: ",Ninguno
I_Chronicles,21,10,לך ודברת אלדויד לאמר כה אמר יהוה שלוש אני נטה עליך בחרלך אחת מהנה ואעשהלך,“Go and tell David: Thus said GOD: I offer you three things; choose one of them and I will bring it upon you.”,Ninguno
I_Chronicles,21,11,ויבא גד אלדויד ויאמר לו כהאמר יהוה קבללך,"Gad came to David and told him, “Thus said GOD: Select for yourself ",Ninguno
I_Chronicles,21,12,"אםשלוש שנים רעב ואםשלשה חדשים נספה מפניצריך וחרב אויביך&thinsp;<small></small>&thinsp;למשגת ואםשלשת ימים חרב יהוה ודבר בארץ ומלאך יהוה משחית בכלגבול ישראל ועתה ראה מהאשיב אתשלחי דבר&nbsp;<span class=""mam-spi-samekh"">{ס}</span>&nbsp;&nbsp;&nbsp;&nbsp;&nbsp;&nbsp;&nbsp;&nbsp;","a three-year famine; or that you be swept away three months before your adversaries with the sword of your enemies overtaking you; or three days of the sword of GOD, pestilence in the land, the angel of GOD wreaking destruction throughout the territory of Israel. Now consider what reply I shall take back to the One who sent me.” ",Ninguno
I_Chronicles,21,13,ויאמר דויד אלגד צרלי מאד אפלהנא בידיהוה כירבים רחמיו מאד ובידאדם אלאפל,"David said to Gad, “I am in great distress. Let me fall into the hands of GOD, whose compassion is very great; and let me not fall into human hands.”",Ninguno
I_Chronicles,21,14,ויתן יהוה דבר בישראל ויפל מישראל שבעים אלף איש,"
GOD
 sent a pestilence upon Israel, and 70,000 fell in Israel. ",Ninguno
I_Chronicles,21,15,"וישלח האלהים&thinsp;<small></small>&thinsp;מלאך&thinsp;<small></small>&thinsp;לירושל͏ם להשחיתה וכהשחית ראה יהוה וינחם עלהרעה ויאמר למלאך המשחית רב עתה הרף ידך ומלאך יהוה עמד עםגרן ארנן היבוסי&nbsp;<span class=""mam-spi-samekh"">{ס}</span>&nbsp;&nbsp;&nbsp;&nbsp;&nbsp;&nbsp;&nbsp;&nbsp;","God sent an angel to Jerusalem to destroy it, but as he was about to wreak destruction, GOD saw and renounced further punishment and said to the destroying angel, “Enough! Stay your hand!” The angel of GOD was then standing by the threshing floor of Ornan the Jebusite. ",Ninguno
I_Chronicles,21,16,וישא דויד אתעיניו וירא אתמלאך יהוה עמד בין הארץ ובין השמים וחרבו שלופה בידו נטויה עלירושל͏ם ויפל דויד והזקנים מכסים בשקים עלפניהם,"David looked up and saw the angel of GOD standing between heaven and earth, with a drawn sword in his hand directed against Jerusalem. David and the elders, covered in sackcloth, threw themselves on their faces. ",Separación (Beyn)
I_Chronicles,21,17,"ויאמר דויד אלהאלהים הלא אני אמרתי למנות בעם ואניהוא אשרחטאתי והרע הרעותי ואלה הצאן מה עשו יהוה אלהי תהי נא ידך בי ובבית אבי ובעמך לא למגפה&nbsp;<span class=""mam-spi-samekh"">{ס}</span>&nbsp;&nbsp;&nbsp;&nbsp;&nbsp;&nbsp;&nbsp;&nbsp;","David said to God, “Was it not I alone who ordered the numbering of the people? I alone am guilty, and have caused severe harm; but these sheep, what have they done? O my ETERNAL God, let Your hand fall upon me and my father’s house, and let not Your people be plagued!” ",Ninguno
I_Chronicles,21,18,ומלאך יהוה אמר אלגד לאמר לדויד כי&thinsp;<b></b> יעלה דויד להקים מזבח ליהוה בגרן ארנן היבסי,The angel of GOD told Gad to inform David that David should go and set up an altar to GOD on the threshing floor of Ornan the Jebusite.,Ninguno
I_Chronicles,21,19,ויעל דויד בדברגד אשר דבר בשם יהוה,"David went up, following Gad’s instructions, which he had delivered in the name of GOD. ",Ninguno
I_Chronicles,21,20,וישב ארנן וירא אתהמלאך וארבעת בניו עמו מתחבאים וארנן דש חטים,Ornan too saw the angel; his four sons who were with him hid themselves while Ornan kept on threshing wheat.,Ninguno
I_Chronicles,21,21,ויבא דויד עדארנן ויבט ארנן וירא אתדויד ויצא מןהגרן וישתחו לדויד אפים ארצה,"David came to Ornan; when Ornan looked up, he saw David and came off the threshing floor and bowed low to David, with his face to the ground. ",Ninguno
I_Chronicles,21,22,ויאמר דויד אלארנן תנהלי מקום הגרן ואבנהבו מזבח ליהוה בכסף מלא תנהו לי ותעצר המגפה מעל העם,"David said to Ornan, “Sell me the site of the threshing floor, that I may build on it an altar to GOD. Sell it to me at the full price, that the plague against the people will be checked.” ",Ninguno
I_Chronicles,21,23,ויאמר ארנן אלדויד קחלך ויעש אדני המלך הטוב בעיניו ראה נתתי הבקר לעלות והמורגים לעצים והחטים למנחה הכל נתתי,"Ornan said to David, “Take it and let my lord the king do whatever he sees fit. See, I donate oxen for burnt offerings, and the threshing boards for wood, as well as wheat for a grain offering—I donate all of it.” ",Ninguno
I_Chronicles,21,24,ויאמר המלך דויד לארנן לא כיקנה אקנה בכסף מלא כי לאאשא אשרלך ליהוה והעלות עולה חנם,"But King David replied to Ornan, “No, I will buy them at the full price. I cannot make a present to GOD of what belongs to you, or sacrifice a burnt offering that has cost me nothing.” ",Ninguno
I_Chronicles,21,25,ויתן דויד לארנן במקום שקלי זהב משקל שש מאות,So David paid Ornan for the site 600 shekels’ worth of gold.,Ninguno
I_Chronicles,21,26,"ויבן שם דויד מזבח ליהוה ויעל עלות ושלמים ויקרא אליהוה ויענהו באש מןהשמים על מזבח העלה&nbsp;<span class=""mam-spi-samekh"">{ס}</span>&nbsp;&nbsp;&nbsp;&nbsp;&nbsp;&nbsp;&nbsp;&nbsp;","And David built there an altar to GOD and sacrificed burnt offerings and offerings of well-being. He invoked GOD, who answered him with fire from heaven on the altar of burnt offerings. ",Ninguno
I_Chronicles,21,27,ויאמר יהוה למלאך וישב חרבו אלנדנה,GOD ordered the angel to return his sword to its sheath.,Ninguno
I_Chronicles,21,28,בעת ההיא בראות דויד כיענהו יהוה בגרן ארנן היבוסי ויזבח שם,"At that time, when David saw that GOD answered him at the threshing floor of Ornan the Jebusite, then he sacrificed there— ",Ninguno
I_Chronicles,21,29,ומשכן יהוה אשרעשה משה במדבר ומזבח העולה בעת ההיא בבמה בגבעון,"for the Tabernacle of GOD, which Moses had made in the wilderness, and the altar of burnt offerings were at that time in the shrine at Gibeon, ",Ninguno
I_Chronicles,21,30,"ולאיכל דויד ללכת לפניו לדרש אלהים כי נבעת מפני חרב מלאך יהוה&nbsp;<span class=""mam-spi-samekh"">{ס}</span>&nbsp;&nbsp;&nbsp;&nbsp;&nbsp;&nbsp;&nbsp;&nbsp;",and David was unable to go to it to worship God because he was terrified by the sword of the angel of GOD.,Ninguno
I_Chronicles,22,1,"ויאמר דויד זה הוא בית יהוה האלהים וזהמזבח לעלה לישראל&nbsp;<span class=""mam-spi-pe"">{פ}</span><br>","David said, “Here will be the House of GOD and here the altar of burnt offerings for Israel.”",Ninguno
I_Chronicles,22,2,ויאמר דויד לכנוס אתהגרים אשר בארץ ישראל ויעמד חצבים לחצוב אבני גזית לבנות בית האלהים,"David gave orders to assemble the resident aliens in the land of Israel, and assigned them to be hewers, to quarry and dress stones for building the House of God. ",Ninguno
I_Chronicles,22,3,וברזל&thinsp;<small></small>&thinsp;לרב למסמרים לדלתות השערים ולמחברות הכין דויד ונחשת לרב אין משקל,"Much iron for nails for the doors of the gates and for clasps did David lay aside, and so much copper it could not be weighed, ",Ninguno
I_Chronicles,22,4,"ועצי ארזים לאין מספר כיהביאו הצידנים והצרים עצי ארזים לרב לדויד&nbsp;<span class=""mam-spi-pe"">{פ}</span><br>",and cedar logs without number—for the Sidonians and the Tyrians brought many cedar logs to David.,Ninguno
I_Chronicles,22,5,ויאמר דויד שלמה בני נער ורך והבית לבנות ליהוה להגדיל&thinsp;<small></small>&thinsp;למעלה לשם ולתפארת לכלהארצות אכינה נא לו ויכן דויד לרב לפני מותו,"For David thought, “My son Solomon is an untried youth, and the House to be built for GOD is to be made exceedingly great to win fame and glory throughout all the lands; let me then lay aside material for him.” So David laid aside much material before he died. ",Ninguno
I_Chronicles,22,6,"ויקרא לשלמה בנו ויצוהו לבנות בית ליהוה אלהי ישראל&nbsp;<span class=""mam-spi-samekh"">{ס}</span>&nbsp;&nbsp;&nbsp;&nbsp;&nbsp;&nbsp;&nbsp;&nbsp;",Then he summoned his son Solomon and charged him with building the House for the ETERNAL God of Israel.,Ninguno
I_Chronicles,22,7,"ויאמר דויד לשלמה <span class=""mam-kq""><span class=""mam-kq-k"">(בנו)</span> <span class=""mam-kq-q"">[בני]</span></span> אני היה עםלבבי לבנות בית לשם יהוה אלהי","David said to Solomon, “My son, I wanted to build a House for the name of my ETERNAL God. ",Ninguno
I_Chronicles,22,8,ויהי עלי דבריהוה לאמר דם לרב שפכת ומלחמות גדלות עשית לאתבנה בית לשמי כי דמים רבים שפכת ארצה לפני,"But the word of GOD came to me, saying, ‘You have shed much blood and fought great battles; you shall not build a House for My name, for you have shed much blood on the earth in My sight. ",Ninguno
I_Chronicles,22,9,הנהבן נולד לך הוא יהיה איש מנוחה והניחותי לו מכלאויביו מסביב כי שלמה יהיה שמו ושלום ושקט אתן עלישראל בימיו,"But you will have a son who will be a man at rest, for I will give him rest from all his enemies on all sides; SolomonaSolomon Heb. Shelomoh. will be his name and I shall confer peacebpeace Heb. shalom. and quiet on Israel in his time. ",Ninguno
I_Chronicles,22,10,הואיבנה בית לשמי והוא יהיהלי לבן ואנילו לאב והכינותי כסא מלכותו עלישראל עדעולם,"He will build a House for My name; he shall be a son to Me and I to him a father, and I will establish his throne of kingship over Israel forever.’ ",Ninguno
I_Chronicles,22,11,עתה בני יהי יהוה עמך והצלחת ובנית בית יהוה אלהיך כאשר דבר עליך,"Now, my son, may GOD be with you, and may you succeed in building the House of the ETERNAL your God as you were promised. ",Ninguno
I_Chronicles,22,12,אך יתןלך יהוה שכל ובינה ויצוך עלישראל ולשמור אתתורת יהוה אלהיך,Only let God give you sense and understanding and put you in charge of Israel and the observance of the Teaching of the ETERNAL your God.,Ninguno
I_Chronicles,22,13,אז תצליח אםתשמור לעשות אתהחקים ואתהמשפטים אשר צוה יהוה אתמשה עלישראל חזק ואמץ אלתירא ואלתחת,"Then you shall succeed, if you observantly carry out the laws and the rules that GOD charged Moses to lay upon Israel. Be strong and of good courage; do not be afraid or dismayed. ",Ninguno
I_Chronicles,22,14,והנה בעניי הכינותי לביתיהוה זהב ככרים מאהאלף וכסף אלף אלפים ככרים ולנחשת ולברזל אין משקל כי לרב היה ועצים ואבנים הכינותי ועליהם תוסיף,"See, by denying myself,cby denying myself With Targum; or “in my poverty.” I have laid aside for the House of GOD one hundred thousand talents of gold and one million talents of silver, and so much copper and iron it cannot be weighed; I have also laid aside wood and stone, and you shall add to them. ",Ninguno
I_Chronicles,22,15,ועמך לרב עשי מלאכה חצבים וחרשי אבן ועץ וכלחכם בכלמלאכה,"An abundance of workers is at your disposal—hewers, workers in stone and wood, and every kind of skilled worker in every kind of material— ",Ninguno
I_Chronicles,22,16,לזהב לכסף ולנחשת ולברזל אין מספר קום ועשה ויהי יהוה עמך,"gold, silver, copper, and iron without limit. Go and do it, and may GOD be with you.”",Ninguno
I_Chronicles,22,17,"ויצו דויד לכלשרי ישראל לעזר לשלמה בנו&nbsp;<span class=""mam-spi-samekh"">{ס}</span>&nbsp;&nbsp;&nbsp;&nbsp;&nbsp;&nbsp;&nbsp;&nbsp;","David charged all the officers of Israel to support his son Solomon, ",Ninguno
I_Chronicles,22,18,הלא יהוה אלהיכם עמכם והניח לכם מסביב כי&thinsp;<b></b> נתן בידי את ישבי הארץ ונכבשה הארץ לפני יהוה ולפני עמו,"“See, the ETERNAL your God is with you and will give you rest on every side—having delivered the inhabitants of the land into my hand so that the land lies conquered before GOD and before this people. ",Ninguno
I_Chronicles,22,19,"עתה תנו לבבכם ונפשכם לדרוש ליהוה אלהיכם וקומו ובנו אתמקדש יהוה האלהים להביא אתארון בריתיהוה וכלי קדש האלהים לבית הנבנה לשםיהוה&nbsp;<span class=""mam-spi-pe"">{פ}</span><br>","Now, set your minds and hearts on worshiping the ETERNAL your God, and go build the Sanctuary of the ETERNAL your God so that you may bring the Ark of the Covenant of GOD and the holy vessels of God to the house that is built for the name of GOD.”",Ninguno
I_Chronicles,23,1,ודויד זקן ושבע ימים וימלך אתשלמה בנו עלישראל,"When David reached a ripe old age, he made his son Solomon king over Israel. ",Ninguno
I_Chronicles,23,2,ויאסף אתכלשרי ישראל והכהנים והלוים,Then David assembled all the officers of Israel and the priests and the Levites.,Ninguno
I_Chronicles,23,3,ויספרו הלוים מבן שלשים שנה ומעלה ויהי מספרם לגלגלתם לגברים שלשים ושמונה אלף,"The Levites, from the age of thirty and upward, were counted; the head-count of their males was 38,000: ",Ninguno
I_Chronicles,23,4,מאלה לנצח עלמלאכת ביתיהוה עשרים וארבעה אלף ושטרים ושפטים ששת אלפים,"of these there were 24,000 in charge of the work of the House of GOD, 6,000 officers and magistrates, ",Ninguno
I_Chronicles,23,5,"וארבעת אלפים שערים וארבעת אלפים מהללים ליהוה בכלים אשר עשיתי להלל&nbsp;<span class=""mam-spi-samekh"">{ס}</span>&nbsp;&nbsp;&nbsp;&nbsp;&nbsp;&nbsp;&nbsp;&nbsp;","4,000 gatekeepers, and 4,000 for praising GOD “with instruments I devised for singing praises.” ",Ninguno
I_Chronicles,23,6,"ויחלקם דויד מחלקות&nbsp;<span class=""mam-spi-samekh"">{ס}</span>&nbsp;&nbsp;&nbsp;&nbsp;&nbsp;&nbsp;&nbsp;&nbsp;לבני לוי לגרשון קהת ומררי&nbsp;<span class=""mam-spi-samekh"">{ס}</span>&nbsp;&nbsp;&nbsp;&nbsp;&nbsp;&nbsp;&nbsp;&nbsp;","David formed them into divisions:The sons of Levi: Gershon, Kohath, and Merari. ",Ninguno
I_Chronicles,23,7,"לגרשני לעדן ושמעי&nbsp;<span class=""mam-spi-samekh"">{ס}</span>&nbsp;&nbsp;&nbsp;&nbsp;&nbsp;&nbsp;&nbsp;&nbsp;",The Gershonites: Ladan and Shimei.,Ninguno
I_Chronicles,23,8,"בני לעדן הראש יחיאל וזתם ויואל שלשה&nbsp;<span class=""mam-spi-samekh"">{ס}</span>&nbsp;&nbsp;&nbsp;&nbsp;&nbsp;&nbsp;&nbsp;&nbsp;","The sons of Ladan: Jehiel the chief, Zetham, and Joel—3. ",Ninguno
I_Chronicles,23,9,"בני שמעי <span class=""mam-kq""><span class=""mam-kq-k"">(שלמות)</span> <span class=""mam-kq-q"">[שלמית]</span></span> וחזיאל והרן שלשה אלה ראשי האבות ללעדן&nbsp;<span class=""mam-spi-samekh"">{ס}</span>&nbsp;&nbsp;&nbsp;&nbsp;&nbsp;&nbsp;&nbsp;&nbsp;","The sons of Shimei: Shelomith, Haziel, and Haran—3. These were the chiefs of the clans of the Ladanites. ",Ninguno
I_Chronicles,23,10,ובני שמעי יחת זינא ויעוש ובריעה אלה בנישמעי ארבעה,"And the sons of Shimei: Jahath, Zina, Jeush, and Beriah; these were the sons of Shimei—4. ",Ninguno
I_Chronicles,23,11,"ויהייחת הראש וזיזה השני ויעוש ובריעה לאהרבו בנים ויהיו לבית אב לפקדה אחת&nbsp;<span class=""mam-spi-samekh"">{ס}</span>&nbsp;&nbsp;&nbsp;&nbsp;&nbsp;&nbsp;&nbsp;&nbsp;","Jahath was the chief and Zizah the second, but Jeush and Beriah did not have many children, so they were enrolled together as a single clan. ",Ninguno
I_Chronicles,23,12,"בני קהת עמרם יצהר חברון ועזיאל ארבעה&nbsp;<span class=""mam-spi-samekh"">{ס}</span>&nbsp;&nbsp;&nbsp;&nbsp;&nbsp;&nbsp;&nbsp;&nbsp;","The sons of Kohath: Amram, Izhar, Hebron, and Uzziel—4. ",Ninguno
I_Chronicles,23,13,בני עמרם אהרן ומשה ויבדל אהרן להקדישו קדש קדשים הואובניו עדעולם להקטיר לפני יהוה לשרתו ולברך בשמו עדעולם,"The sons of Amram: Aaron and Moses. Aaron was set apart, he and his sons, forever, to be consecrated as most holy, to make burnt offerings to GOD and render service and pronounce blessings in God’s name forever. ",Ninguno
I_Chronicles,23,14,"ומשה איש האלהים בניו יקראו עלשבט הלוי&nbsp;<span class=""mam-spi-samekh"">{ס}</span>&nbsp;&nbsp;&nbsp;&nbsp;&nbsp;&nbsp;&nbsp;&nbsp;","As for Moses, the agent of God, his sons were named after the tribe of Levi. ",Ninguno
I_Chronicles,23,15,בני משה גרשום ואליעזר,The sons of Moses: Gershom and Eliezer.,Ninguno
I_Chronicles,23,16,בני גרשום שבואל הראש,The sons of Gershom: Shebuel the chief.,Ninguno
I_Chronicles,23,17,"ויהיו בניאליעזר רחביה הראש ולאהיה לאליעזר בנים אחרים ובני רחביה רבו למעלה&nbsp;<span class=""mam-spi-samekh"">{ס}</span>&nbsp;&nbsp;&nbsp;&nbsp;&nbsp;&nbsp;&nbsp;&nbsp;","And the sons of Eliezer were: Rehabiah the chief. Eliezer had no other sons, but the sons of Rehabiah were very numerous. ",Ninguno
I_Chronicles,23,18,בני יצהר שלמית הראש,The sons of Izhar: Shelomith the chief.,Ninguno
I_Chronicles,23,19,בני חברון יריהו הראש אמריה השני יחזיאל השלישי ויקמעם הרביעי,"The sons of Hebron: Jeriah the chief, Amariah the second, Jahaziel the third, and Jekameam the fourth. ",Ninguno
I_Chronicles,23,20,בני עזיאל מיכה הראש וישיה השני,The sons of Uzziel: Micah the chief and Isshiah the second.,Ninguno
I_Chronicles,23,21,בני מררי מחלי ומושי בני מחלי אלעזר וקיש,The sons of Merari: Mahli and Mushi. The sons of Mahli: Eleazar and Kish.,Ninguno
I_Chronicles,23,22,וימת אלעזר ולאהיו לו בנים כי אםבנות וישאום בניקיש אחיהם,"Eleazar died having no sons but only daughters; the sons of Kish, their kindred, married them. ",Ninguno
I_Chronicles,23,23,"בני מושי מחלי ועדר וירמות שלושה&nbsp;<span class=""mam-spi-samekh"">{ס}</span>&nbsp;&nbsp;&nbsp;&nbsp;&nbsp;&nbsp;&nbsp;&nbsp;","The sons of Mushi: Mahli, Eder, and Jeremoth—3.",Ninguno
I_Chronicles,23,24,אלה בנילוי לבית אבותיהם ראשי האבות לפקודיהם במספר שמות לגלגלתם עשה המלאכה לעבדת בית יהוה מבן עשרים שנה ומעלה,"These are the sons of Levi by clans, with their clan chiefs as they were enrolled, with a list of their names by heads, who did the work of the service of the House of GOD from the age of twenty and upward. ",Ninguno
I_Chronicles,23,25,כי אמר דויד הניח יהוה אלהיישראל לעמו וישכן בירושל͏ם עדלעולם,"For David said, “The ETERNAL God of Israel has given rest to this people and will dwell in Jerusalem forever. ",Ninguno
I_Chronicles,23,26,וגם ללוים איןלשאת אתהמשכן ואתכלכליו לעבדתו,Therefore the Levites need not carry the Tabernacle and all its various service vessels.”,Ninguno
I_Chronicles,23,27,כי בדברי דויד האחרונים המה מספר בנילוי מבן עשרים שנה ולמעלה,Among the last acts of David was the counting of the Levites from the age of twenty and upward.,Ninguno
I_Chronicles,23,28,כי מעמדם לידבני אהרן לעבדת בית יהוה עלהחצרות ועלהלשכות ועלטהרת לכלקדש ומעשה עבדת בית האלהים,"For their appointment was alongside the Aaronites for the service of the House of GOD, to look after the courts and the chambers, and the purity of all the holy things, and the performance of the service of the House of God, ",Ninguno
I_Chronicles,23,29,וללחם המערכת ולסלת למנחה ולרקיקי המצות ולמחבת ולמרבכת ולכלמשורה ומדה,"and the rows of bread, and the fine flour for the grain offering, and the unleavened wafers, and the cakes made on the griddle and soaked, and every measure of capacity and length; ",Ninguno
I_Chronicles,23,30,ולעמד בבקר בבקר להדות ולהלל ליהוה וכן לערב,"and to be present every morning to praise and extol GOD, and at evening too, ",Ninguno
I_Chronicles,23,31,ולכל העלות עלות ליהוה לשבתות לחדשים ולמעדים במספר כמשפט עליהם תמיד לפני יהוה,"and whenever offerings were made to GOD, according to the quantities prescribed for them, on sabbaths, new moons and holidays, regularly, before GOD; ",Ninguno
I_Chronicles,23,32,"ושמרו אתמשמרת אהלמועד ואת משמרת הקדש ומשמרת בני אהרן אחיהם לעבדת בית יהוה&nbsp;<span class=""mam-spi-pe"">{פ}</span><br>","and so to keep watch over the Tent of Meeting, over the holy things, and over the Aaronites their kindred, for the service of the House of GOD.",Ninguno
I_Chronicles,24,1,ולבני אהרן מחלקותם בני אהרן נדב ואביהוא אלעזר ואיתמר,"The divisions of the Aaronites were:The sons of Aaron: Nadab and Abihu, Eleazar and Ithamar. ",Ninguno
I_Chronicles,24,2,וימת נדב ואביהוא לפני אביהם ובנים לאהיו להם ויכהנו אלעזר ואיתמר,"Nadab and Abihu died in the lifetime of their father, and they had no children, so Eleazar and Ithamar served as priests.",Ninguno
I_Chronicles,24,3,ויחלקם דויד וצדוק מןבני אלעזר ואחימלך מןבני איתמר לפקדתם בעבדתם,"David, Zadok of the sons of Eleazar, and Ahimelech of the sons of Ithamar divided them into offices by their tasks. ",Ninguno
I_Chronicles,24,4,וימצאו בניאלעזר רבים לראשי הגברים מןבני איתמר ויחלקום לבני אלעזר ראשים לביתאבות ששה עשר ולבני איתמר לבית אבותם שמונה,"The sons of Eleazar turned out to be more numerous by male heads than the sons of Ithamar, so they divided the sons of Eleazar into sixteen chiefs of clans and the sons of Ithamar into eight clans. ",Ninguno
I_Chronicles,24,5,"ויחלקום בגורלות אלה עםאלה כיהיו שריקדש ושרי האלהים מבני אלעזר ובבני איתמר&nbsp;<span class=""mam-spi-samekh"">{ס}</span>&nbsp;&nbsp;&nbsp;&nbsp;&nbsp;&nbsp;&nbsp;&nbsp;","They divided them by lot, both on an equal footing, since they were all sanctuary officers and officers of God—the sons of Eleazar and the sons of Ithamar. ",Ninguno
I_Chronicles,24,6,"ויכתבם שמעיה בןנתנאל הסופר מןהלוי לפני המלך והשרים וצדוק הכהן ואחימלך בןאביתר וראשי האבות לכהנים וללוים ביתאב אחד אחז לאלעזר ואחז&thinsp;<small></small>&thinsp;אחז לאיתמר&nbsp;<span class=""mam-spi-pe"">{פ}</span><br>","Shemaiah son of Nathanel, the scribe, who was of the Levites, registered them under the eye of the king, the officers, and Zadok the priest, and Ahimelech son of Abiathar, and the chiefs of clans of the priests and Levites—one clan more taken for Eleazar for each one taken of Ithamar.aone clan more taken for Eleazar for each one taken of Ithamar Meaning of Heb. uncertain. ",Ninguno
I_Chronicles,24,7,"ויצא הגורל הראשון ליהויריב&nbsp;<span class=""mam-spi-samekh"">{ס}</span>&nbsp;&nbsp;&nbsp;&nbsp;&nbsp;&nbsp;&nbsp;&nbsp;לידעיה השני&nbsp;<span class=""mam-spi-samekh"">{ס}</span>&nbsp;&nbsp;&nbsp;&nbsp;&nbsp;&nbsp;&nbsp;&nbsp;",The first lot fell on Jehoiarib; the second on Jedaiah;,Percepción (Yada)
I_Chronicles,24,8,"לחרם השלישי&nbsp;<span class=""mam-spi-samekh"">{ס}</span>&nbsp;&nbsp;&nbsp;&nbsp;&nbsp;&nbsp;&nbsp;&nbsp;לשערים הרבעי&nbsp;<span class=""mam-spi-samekh"">{ס}</span>&nbsp;&nbsp;&nbsp;&nbsp;&nbsp;&nbsp;&nbsp;&nbsp;",the third on Harim; the fourth on Seorim;,Ninguno
I_Chronicles,24,9,"למלכיה החמישי&nbsp;<span class=""mam-spi-samekh"">{ס}</span>&nbsp;&nbsp;&nbsp;&nbsp;&nbsp;&nbsp;&nbsp;&nbsp;למימן הששי&nbsp;<span class=""mam-spi-samekh"">{ס}</span>&nbsp;&nbsp;&nbsp;&nbsp;&nbsp;&nbsp;&nbsp;&nbsp;",the fifth on Malchijah; the sixth on Mijamin;,Ninguno
I_Chronicles,24,10,"להקוץ השבעי&nbsp;<span class=""mam-spi-samekh"">{ס}</span>&nbsp;&nbsp;&nbsp;&nbsp;&nbsp;&nbsp;&nbsp;&nbsp;לאביה השמיני&nbsp;<span class=""mam-spi-samekh"">{ס}</span>&nbsp;&nbsp;&nbsp;&nbsp;&nbsp;&nbsp;&nbsp;&nbsp;",the seventh on Hakkoz; the eighth on Abijah;,Ninguno
I_Chronicles,24,11,"לישוע התשעי&nbsp;<span class=""mam-spi-samekh"">{ס}</span>&nbsp;&nbsp;&nbsp;&nbsp;&nbsp;&nbsp;&nbsp;&nbsp;לשכניהו העשרי&nbsp;<span class=""mam-spi-samekh"">{ס}</span>&nbsp;&nbsp;&nbsp;&nbsp;&nbsp;&nbsp;&nbsp;&nbsp;",the ninth on Jeshua; the tenth on Shecaniah;,Ninguno
I_Chronicles,24,12,"לאלישיב עשתי עשר&nbsp;<span class=""mam-spi-samekh"">{ס}</span>&nbsp;&nbsp;&nbsp;&nbsp;&nbsp;&nbsp;&nbsp;&nbsp;ליקים שנים עשר&nbsp;<span class=""mam-spi-samekh"">{ס}</span>&nbsp;&nbsp;&nbsp;&nbsp;&nbsp;&nbsp;&nbsp;&nbsp;",the eleventh on Eliashib; the twelfth on Jakim;,Ninguno
I_Chronicles,24,13,"לחפה שלשה עשר&nbsp;<span class=""mam-spi-samekh"">{ס}</span>&nbsp;&nbsp;&nbsp;&nbsp;&nbsp;&nbsp;&nbsp;&nbsp;לישבאב ארבעה עשר&nbsp;<span class=""mam-spi-samekh"">{ס}</span>&nbsp;&nbsp;&nbsp;&nbsp;&nbsp;&nbsp;&nbsp;&nbsp;",the thirteenth on Huppah; the fourteenth on Jeshebeab;,Ninguno
I_Chronicles,24,14,"לבלגה חמשה עשר&nbsp;<span class=""mam-spi-samekh"">{ס}</span>&nbsp;&nbsp;&nbsp;&nbsp;&nbsp;&nbsp;&nbsp;&nbsp;לאמר ששה עשר&nbsp;<span class=""mam-spi-samekh"">{ס}</span>&nbsp;&nbsp;&nbsp;&nbsp;&nbsp;&nbsp;&nbsp;&nbsp;",the fifteenth on Bilgah; the sixteenth on Immer;,Ninguno
I_Chronicles,24,15,"לחזיר שבעה עשר&nbsp;<span class=""mam-spi-samekh"">{ס}</span>&nbsp;&nbsp;&nbsp;&nbsp;&nbsp;&nbsp;&nbsp;&nbsp;להפצץ שמונה עשר&nbsp;<span class=""mam-spi-samekh"">{ס}</span>&nbsp;&nbsp;&nbsp;&nbsp;&nbsp;&nbsp;&nbsp;&nbsp;",the seventeenth on Hezir; the eighteenth on Happizzez;,Ninguno
I_Chronicles,24,16,"לפתחיה תשעה עשר&nbsp;<span class=""mam-spi-samekh"">{ס}</span>&nbsp;&nbsp;&nbsp;&nbsp;&nbsp;&nbsp;&nbsp;&nbsp;ליחזקאל העשרים&nbsp;<span class=""mam-spi-samekh"">{ס}</span>&nbsp;&nbsp;&nbsp;&nbsp;&nbsp;&nbsp;&nbsp;&nbsp;",the nineteenth on Pethahiah; the twentieth on Jehezkel;,Ninguno
I_Chronicles,24,17,"ליכין אחד ועשרים&nbsp;<span class=""mam-spi-samekh"">{ס}</span>&nbsp;&nbsp;&nbsp;&nbsp;&nbsp;&nbsp;&nbsp;&nbsp;לגמול שנים ועשרים&nbsp;<span class=""mam-spi-samekh"">{ס}</span>&nbsp;&nbsp;&nbsp;&nbsp;&nbsp;&nbsp;&nbsp;&nbsp;",the twenty-first on Jachin; the twenty-second on Gamul;,Ninguno
I_Chronicles,24,18,"לדליהו שלשה ועשרים&nbsp;<span class=""mam-spi-samekh"">{ס}</span>&nbsp;&nbsp;&nbsp;&nbsp;&nbsp;&nbsp;&nbsp;&nbsp;למעזיהו ארבעה ועשרים&nbsp;<span class=""mam-spi-pe"">{פ}</span><br>",the twenty-third on Delaiah; the twenty-fourth on Maaziah.,Ninguno
I_Chronicles,24,19,"אלה פקדתם לעבדתם לבוא לביתיהוה כמשפטם ביד אהרן אביהם כאשר צוהו יהוה אלהי ישראל&nbsp;<span class=""mam-spi-pe"">{פ}</span><br>","According to this allocation of offices by tasks, they were to enter the House of GOD as was laid down for them by Aaron their father, as the ETERNAL God of Israel had commanded him.",Ninguno
I_Chronicles,24,20,"ולבני לוי הנותרים לבני עמרם שובאל לבני שובאל יחדיהו&nbsp;<span class=""mam-spi-samekh"">{ס}</span>&nbsp;&nbsp;&nbsp;&nbsp;&nbsp;&nbsp;&nbsp;&nbsp;",The remaining Levites: the sons of Amram: Shubael; the sons of Shubael: Jehdeiah;,Ninguno
I_Chronicles,24,21,"לרחביהו לבני רחביהו הראש ישיה&nbsp;<span class=""mam-spi-samekh"">{ס}</span>&nbsp;&nbsp;&nbsp;&nbsp;&nbsp;&nbsp;&nbsp;&nbsp;","Rehabiah. The sons of Rehabiah: Isshiah, the chief. ",Ninguno
I_Chronicles,24,22,"ליצהרי שלמות לבני שלמות יחת&nbsp;<span class=""mam-spi-samekh"">{ס}</span>&nbsp;&nbsp;&nbsp;&nbsp;&nbsp;&nbsp;&nbsp;&nbsp;",Izharites: Shelomoth. The sons of Shelomoth: Jahath,Ninguno
I_Chronicles,24,23,"ובני יריהו אמריהו השני יחזיאל השלישי יקמעם הרביעי&nbsp;<span class=""mam-spi-samekh"">{ס}</span>&nbsp;&nbsp;&nbsp;&nbsp;&nbsp;&nbsp;&nbsp;&nbsp;","and Benai, Jeriah; the second, Amariah; the third, Jahaziel; the fourth, Jekameam. ",Ninguno
I_Chronicles,24,24,"בני עזיאל מיכה לבני מיכה <span class=""mam-kq""><span class=""mam-kq-k"">(שמור)</span> <span class=""mam-kq-q"">[שמיר]</span></span>",The sons of Uzziel: Micah. The sons of Micah: Shamir.,Ninguno
I_Chronicles,24,25,"אחי מיכה ישיה&nbsp;<span class=""mam-spi-samekh"">{ס}</span>&nbsp;&nbsp;&nbsp;&nbsp;&nbsp;&nbsp;&nbsp;&nbsp;לבני ישיה זכריהו&nbsp;<span class=""mam-spi-samekh"">{ס}</span>&nbsp;&nbsp;&nbsp;&nbsp;&nbsp;&nbsp;&nbsp;&nbsp;",The brother of Micah: Isshiah. The sons of Isshiah: Zechariah.,Ninguno
I_Chronicles,24,26,"בני מררי מחלי ומושי&nbsp;<span class=""mam-spi-samekh"">{ס}</span>&nbsp;&nbsp;&nbsp;&nbsp;&nbsp;&nbsp;&nbsp;&nbsp;בני יעזיהו בנו&nbsp;<span class=""mam-spi-samekh"">{ס}</span>&nbsp;&nbsp;&nbsp;&nbsp;&nbsp;&nbsp;&nbsp;&nbsp;","The sons of Merari: Mahli and Mushi. The sons of Jaazaiah, his son— ",Ninguno
I_Chronicles,24,27,"בני מררי ליעזיהו בנו ושהם וזכור ועברי&nbsp;<span class=""mam-spi-samekh"">{ס}</span>&nbsp;&nbsp;&nbsp;&nbsp;&nbsp;&nbsp;&nbsp;&nbsp;","the sons of Merari by Jaazaiah his son: Shoham, Zakkur, and Ibri. ",Ninguno
I_Chronicles,24,28,"למחלי אלעזר ולאהיה לו בנים&nbsp;<span class=""mam-spi-samekh"">{ס}</span>&nbsp;&nbsp;&nbsp;&nbsp;&nbsp;&nbsp;&nbsp;&nbsp;",Mahli: Eleazar; he had no sons.,Ninguno
I_Chronicles,24,29,"לקיש בניקיש ירחמאל&nbsp;<span class=""mam-spi-samekh"">{ס}</span>&nbsp;&nbsp;&nbsp;&nbsp;&nbsp;&nbsp;&nbsp;&nbsp;",Kish: the sons of Kish: Jerahmeel.,Ninguno
I_Chronicles,24,30,ובני מושי מחלי ועדר וירימות אלה בני הלוים לבית אבתיהם,"The sons of Mushi: Mahli, Eder, and Jerimoth. These were the sons of the Levites by their clans.",Ninguno
I_Chronicles,24,31,"ויפילו גםהם גורלות לעמת&thinsp;<b></b> אחיהם בניאהרן לפני דויד המלך וצדוק ואחימלך וראשי האבות לכהנים וללוים אבות הראש לעמת אחיו הקטן&nbsp;<span class=""mam-spi-samekh"">{ס}</span>&nbsp;&nbsp;&nbsp;&nbsp;&nbsp;&nbsp;&nbsp;&nbsp;","These too cast lots corresponding to their kindred, the sons of Aaron, under the eye of King David and Zadok and Ahimelech and the chiefs of the clans of the priests and Levites, on the principle of “chief and youngest brother alike.”",Ninguno
I_Chronicles,25,1,"ויבדל דויד ושרי הצבא לעבדה לבני אסף והימן וידותון <span class=""mam-kq""><span class=""mam-kq-k"">(הנביאים)</span> <span class=""mam-kq-q"">[הנבאים]</span></span> בכנרות בנבלים ובמצלתים ויהי מספרם אנשי מלאכה לעבדתם","David and the officers of the army set apart for service the sons of Asaph, of Heman, and of Jeduthun, who prophesied to the accompaniment of lyres, harps, and cymbals. The list of those who performed this work, according to their service, was:",Ninguno
I_Chronicles,25,2,לבני אסף זכור ויוסף ונתניה ואשראלה בני אסף על ידאסף הנבא עלידי המלך,"Sons of Asaph: Zaccur, Joseph, Nethaniah, and Asarelah—sons of Asaph under the charge of Asaph, who prophesied by order of the king. ",Ninguno
I_Chronicles,25,3,"לידותון בני ידותון גדליהו וצרי וישעיהו חשביהו ומתתיהו ששה על ידי אביהם ידותון בכנור הנבא עלהדות והלל ליהוה&nbsp;<span class=""mam-spi-samekh"">{ס}</span>&nbsp;&nbsp;&nbsp;&nbsp;&nbsp;&nbsp;&nbsp;&nbsp;","Jeduthun—the sons of Jeduthun: Gedaliah, Zeri, Jeshaiah, Hashabiah, Mattithiah—6, under the charge of their father Jeduthun, who, accompanied on the harp, prophesied, praising and extolling GOD. ",Ninguno
I_Chronicles,25,4,להימן בני הימן בקיהו מתניהו עזיאל שבואל וירימות חנניה חנני אליאתה גדלתי ורממתי עזר ישבקשה מלותי הותיר מחזיאת,"Heman—the sons of Heman: Bukkiah, Mattaniah, Uzziel, Shebuel, Jerimoth, Hananiah, Hanani, Eliathah, Giddalti, Romamti-ezer, Joshbekashah, Mallothi, Hothir, and Mahazioth; ",Ninguno
I_Chronicles,25,5,כלאלה בנים להימן חזה המלך בדברי האלהים להרים קרן ויתן האלהים להימן בנים ארבעה עשר ובנות שלוש,"all these were sons of Heman, the seer of the king, [who uttered] prophecies for God’s greater glory. (God gave Heman fourteen sons and three daughters.) ",Ninguno
I_Chronicles,25,6,כלאלה עלידי אביהם בשיר בית יהוה במצלתים נבלים וכנרות לעבדת בית האלהים על ידי המלך אסף וידותון והימן,"All these were under the charge of their father for the singing in the House of GOD, to the accompaniment of cymbals, harps, and lyres, for the service of the House of God by order of the king. Asaph, Jeduthun, and Heman— ",Ninguno
I_Chronicles,25,7,ויהי מספרם עםאחיהם מלמדישיר ליהוה כלהמבין מאתים שמונים ושמונה,"their total number with their kindred, trained singers of GOD—all the masters, 288.",Separación (Beyn)
I_Chronicles,25,8,"ויפילו גורלות משמרת לעמת כקטן כגדול מבין עםתלמיד&nbsp;<span class=""mam-spi-pe"">{פ}</span><br>","They cast lots for shifts on the principle of “small and great alike, like master like apprentice.”",Separación (Beyn)
I_Chronicles,25,9,"ויצא הגורל הראשון לאסף ליוסף&nbsp;<span class=""mam-spi-samekh"">{ס}</span>&nbsp;&nbsp;&nbsp;&nbsp;&nbsp;&nbsp;&nbsp;&nbsp;גדליהו השני הואואחיו ובניו שנים עשר&nbsp;<span class=""mam-spi-samekh"">{ס}</span>&nbsp;&nbsp;&nbsp;&nbsp;&nbsp;&nbsp;&nbsp;&nbsp;","The first lot fell to Asaph—to Joseph; the second, to Gedaliah, he and his brothers and his sons—12; ",Ninguno
I_Chronicles,25,10,"השלשי זכור בניו ואחיו שנים עשר&nbsp;<span class=""mam-spi-samekh"">{ס}</span>&nbsp;&nbsp;&nbsp;&nbsp;&nbsp;&nbsp;&nbsp;&nbsp;","the third, to Zaccur: his sons and his brothers—12; ",Ninguno
I_Chronicles,25,11,"הרביעי ליצרי בניו ואחיו שנים עשר&nbsp;<span class=""mam-spi-samekh"">{ס}</span>&nbsp;&nbsp;&nbsp;&nbsp;&nbsp;&nbsp;&nbsp;&nbsp;","the fourth, to Izri: his sons and his brothers—12; ",Ninguno
I_Chronicles,25,12,"החמישי נתניהו בניו ואחיו שנים עשר&nbsp;<span class=""mam-spi-samekh"">{ס}</span>&nbsp;&nbsp;&nbsp;&nbsp;&nbsp;&nbsp;&nbsp;&nbsp;","the fifth, to Nethaniah: his sons and his brothers—12; ",Ninguno
I_Chronicles,25,13,"הששי בקיהו בניו ואחיו שנים עשר&nbsp;<span class=""mam-spi-samekh"">{ס}</span>&nbsp;&nbsp;&nbsp;&nbsp;&nbsp;&nbsp;&nbsp;&nbsp;","the sixth, to Bukkiah: his sons and his brothers—12; ",Ninguno
I_Chronicles,25,14,"השבעי ישראלה בניו ואחיו שנים עשר&nbsp;<span class=""mam-spi-samekh"">{ס}</span>&nbsp;&nbsp;&nbsp;&nbsp;&nbsp;&nbsp;&nbsp;&nbsp;","the seventh, to Jesarelah: his sons and his brothers—12; ",Ninguno
I_Chronicles,25,15,"השמיני ישעיהו בניו ואחיו שנים עשר&nbsp;<span class=""mam-spi-samekh"">{ס}</span>&nbsp;&nbsp;&nbsp;&nbsp;&nbsp;&nbsp;&nbsp;&nbsp;","the eighth, to Jeshaiah: his sons and his brothers—12; ",Ninguno
I_Chronicles,25,16,"התשיעי מתניהו בניו ואחיו שנים עשר&nbsp;<span class=""mam-spi-samekh"">{ס}</span>&nbsp;&nbsp;&nbsp;&nbsp;&nbsp;&nbsp;&nbsp;&nbsp;","the ninth, to Mattaniah: his sons and his brothers—12; ",Ninguno
I_Chronicles,25,17,"העשירי שמעי בניו ואחיו שנים עשר&nbsp;<span class=""mam-spi-samekh"">{ס}</span>&nbsp;&nbsp;&nbsp;&nbsp;&nbsp;&nbsp;&nbsp;&nbsp;","the tenth, to Shimei: his sons and his brothers—12; ",Ninguno
I_Chronicles,25,18,"עשתיעשר עזראל בניו ואחיו שנים עשר&nbsp;<span class=""mam-spi-samekh"">{ס}</span>&nbsp;&nbsp;&nbsp;&nbsp;&nbsp;&nbsp;&nbsp;&nbsp;",the eleventh to Azarel: his sons and his brothers—12;,Ninguno
I_Chronicles,25,19,"השנים עשר לחשביה בניו ואחיו שנים עשר&nbsp;<span class=""mam-spi-samekh"">{ס}</span>&nbsp;&nbsp;&nbsp;&nbsp;&nbsp;&nbsp;&nbsp;&nbsp;","the twelfth, to Hashabiah: his sons and his brothers—12; ",Ninguno
I_Chronicles,25,20,"לשלשה עשר שובאל בניו ואחיו שנים עשר&nbsp;<span class=""mam-spi-samekh"">{ס}</span>&nbsp;&nbsp;&nbsp;&nbsp;&nbsp;&nbsp;&nbsp;&nbsp;","the thirteenth, to Shubael: his sons and his brothers—12; ",Ninguno
I_Chronicles,25,21,"לארבעה עשר מתתיהו בניו ואחיו שנים עשר&nbsp;<span class=""mam-spi-samekh"">{ס}</span>&nbsp;&nbsp;&nbsp;&nbsp;&nbsp;&nbsp;&nbsp;&nbsp;","the fourteenth, to Mattithiah: his sons and his brothers—12; ",Ninguno
I_Chronicles,25,22,"לחמשה עשר לירמות בניו ואחיו שנים עשר&nbsp;<span class=""mam-spi-samekh"">{ס}</span>&nbsp;&nbsp;&nbsp;&nbsp;&nbsp;&nbsp;&nbsp;&nbsp;","the fifteenth, to Jeremoth: his sons and his brothers—12; ",Ninguno
I_Chronicles,25,23,"לששה עשר לחנניהו בניו ואחיו שנים עשר&nbsp;<span class=""mam-spi-samekh"">{ס}</span>&nbsp;&nbsp;&nbsp;&nbsp;&nbsp;&nbsp;&nbsp;&nbsp;","the sixteenth, to Hananiah: his sons and his brothers—12; ",Ninguno
I_Chronicles,25,24,"לשבעה עשר לישבקשה בניו ואחיו שנים עשר&nbsp;<span class=""mam-spi-samekh"">{ס}</span>&nbsp;&nbsp;&nbsp;&nbsp;&nbsp;&nbsp;&nbsp;&nbsp;","the seventeenth, to Joshbekashah: his sons and his brothers—12; ",Ninguno
I_Chronicles,25,25,"לשמונה עשר לחנני בניו ואחיו שנים עשר&nbsp;<span class=""mam-spi-samekh"">{ס}</span>&nbsp;&nbsp;&nbsp;&nbsp;&nbsp;&nbsp;&nbsp;&nbsp;","the eighteenth, to Hanani: his sons and his brothers—12; ",Ninguno
I_Chronicles,25,26,"לתשעה עשר למלותי בניו ואחיו שנים עשר&nbsp;<span class=""mam-spi-samekh"">{ס}</span>&nbsp;&nbsp;&nbsp;&nbsp;&nbsp;&nbsp;&nbsp;&nbsp;","the nineteenth, to Mallothi: his sons and his brothers—12; ",Ninguno
I_Chronicles,25,27,"לעשרים לאליתה בניו ואחיו שנים עשר&nbsp;<span class=""mam-spi-samekh"">{ס}</span>&nbsp;&nbsp;&nbsp;&nbsp;&nbsp;&nbsp;&nbsp;&nbsp;","the twentieth, to Eliathah: his sons and his brothers—12; ",Ninguno
I_Chronicles,25,28,"לאחד ועשרים להותיר בניו ואחיו שנים עשר&nbsp;<span class=""mam-spi-samekh"">{ס}</span>&nbsp;&nbsp;&nbsp;&nbsp;&nbsp;&nbsp;&nbsp;&nbsp;","the twenty-first, to Hothir: his sons and his brothers—12; ",Ninguno
I_Chronicles,25,29,"לשנים ועשרים לגדלתי בניו ואחיו שנים עשר&nbsp;<span class=""mam-spi-samekh"">{ס}</span>&nbsp;&nbsp;&nbsp;&nbsp;&nbsp;&nbsp;&nbsp;&nbsp;","the twenty-second, to Giddalti: his sons and his brothers—12; ",Ninguno
I_Chronicles,25,30,"לשלשה ועשרים למחזיאות בניו ואחיו שנים עשר&nbsp;<span class=""mam-spi-samekh"">{ס}</span>&nbsp;&nbsp;&nbsp;&nbsp;&nbsp;&nbsp;&nbsp;&nbsp;","the twenty-third, to Mahazioth: his sons and his brothers—12; ",Ninguno
I_Chronicles,25,31,"לארבעה ועשרים לרוממתי עזר בניו ואחיו שנים עשר&nbsp;<span class=""mam-spi-pe"">{פ}</span><br>","the twenty-fourth, to Romamti-ezer: his sons and his brothers—12.",Ninguno
I_Chronicles,26,1,למחלקות לשערים לקרחים משלמיהו בןקרא מןבני אסף,"The divisions of the gatekeepers: Korahites: Meshelemiah son of Kore, of the sons of Asaph. ",Ninguno
I_Chronicles,26,2,ולמשלמיהו בנים זכריהו הבכור ידיעאל השני זבדיהו השלישי יתניאל הרביעי,"Sons of Meshelemiah: Zechariah the first-born, Jediael the second, Zebadiah the third, Jathniel the fourth, ",Ninguno
I_Chronicles,26,3,עילם החמישי יהוחנן הששי אליהועיני השביעי,"Elam the fifth, Jehohanan the sixth, Eliehoenai the seventh. ",Ninguno
I_Chronicles,26,4,ולעבד אדם בנים שמעיה הבכור יהוזבד השני יואח השלשי ושכר הרביעי ונתנאל החמישי,"Sons of Obed-edom: Shemaiah the first-born, Jehozabad the second, Joah the third, Sacar the fourth, Nethanel the fifth, ",Ninguno
I_Chronicles,26,5,"עמיאל הששי יששכר השביעי פעלתי השמיני כי ברכו אלהים&nbsp;<span class=""mam-spi-samekh"">{ס}</span>&nbsp;&nbsp;&nbsp;&nbsp;&nbsp;&nbsp;&nbsp;&nbsp;","Ammiel the sixth, Issachar the seventh, Peullethai the eighth—for God had blessed him. ",Ninguno
I_Chronicles,26,6,ולשמעיה בנו נולד בנים הממשלים לבית אביהם כיגבורי חיל המה,To his son Shemaiah were born sons who exercised authority in their clans because they were men of substance.,Ninguno
I_Chronicles,26,7,בני שמעיה עתני ורפאל ועובד אלזבד אחיו בניחיל אליהו וסמכיהו,"The sons of Shemaiah: Othni, Rephael, Obed, Elzabad—his brothers, men of ability, were Elihu and Semachiah. ",Ninguno
I_Chronicles,26,8,כלאלה מבני&thinsp;<b></b> עבד אדם המה ובניהם ואחיהם אישחיל בכח לעבדה ששים ושנים לעבד אדם,"All these, sons of Obed-edom; they and their sons and brothers, strong and able men for the service—62 of Obed-edom. ",Ninguno
I_Chronicles,26,9,"ולמשלמיהו בנים ואחים בניחיל שמונה עשר&nbsp;<span class=""mam-spi-samekh"">{ס}</span>&nbsp;&nbsp;&nbsp;&nbsp;&nbsp;&nbsp;&nbsp;&nbsp;","Meshelemiah had sons and brothers, able men—18. ",Ninguno
I_Chronicles,26,10,ולחסה מןבנימררי בנים שמרי הראש כי לאהיה בכור וישימהו אביהו לראש,"Hosah of the Merarites had sons: Shimri the chief (he was not the first-born, but his father designated him chief), ",Ninguno
I_Chronicles,26,11,חלקיהו השני טבליהו השלשי זכריהו הרבעי כלבנים ואחים לחסה שלשה עשר,"Hilkiah the second, Tebaliah the third, Zechariah the fourth. All the sons and brothers of Hosah—13.",Ninguno
I_Chronicles,26,12,לאלה מחלקות השערים לראשי הגברים משמרות לעמת אחיהם לשרת בבית יהוה,"These are the divisions of the gatekeepers, by their chief men, [who worked in] shifts corresponding to their kindred, ministering in the House of GOD. ",Ninguno
I_Chronicles,26,13,"ויפילו גורלות כקטן כגדול לבית אבותם לשער ושער&nbsp;<span class=""mam-spi-pe"">{פ}</span><br>","They cast lots, small and great alike, by clans, for each gate.",Ninguno
I_Chronicles,26,14,ויפל הגורל מזרחה לשלמיהו וזכריהו בנו יועץ&thinsp;<b></b> בשכל הפילו גורלות ויצא גורלו צפונה,"The lot for the east [gate] fell to Shelemiah. Then they cast lots [for] Zechariah his son, a prudent counselor, and his lot came out to be the north [gate]. ",Ninguno
I_Chronicles,26,15,לעבד אדם נגבה ולבניו בית האספים,"For Obed-edom, the south [gate], and for his sons, the vestibule. ",Ninguno
I_Chronicles,26,16,"לשפים ולחסה למערב עם שער שלכת במסלה העולה משמר לעמת משמר&nbsp;<span class=""mam-spi-samekh"">{ס}</span>&nbsp;&nbsp;&nbsp;&nbsp;&nbsp;&nbsp;&nbsp;&nbsp;","For Shuppim and for Hosah, the west [gate], with the Shallecheth gate on the ascending highway. Watch corresponded to watch: ",Ninguno
I_Chronicles,26,17,"למזרח הלוים ששה לצפונה ליום ארבעה לנגבה ליום ארבעה&nbsp;<span class=""mam-spi-samekh"">{ס}</span>&nbsp;&nbsp;&nbsp;&nbsp;&nbsp;&nbsp;&nbsp;&nbsp;ולאספים שנים שנים",At the east—six Levites; at the north—four daily; at the south—four daily; at the vestibule—two by two;,Ninguno
I_Chronicles,26,18,לפרבר למערב ארבעה למסלה שנים לפרבר,at the colonnade on the west—four at the causeway and two at the colonnade.,Ninguno
I_Chronicles,26,19,אלה מחלקות השערים לבני הקרחי ולבני מררי,These were the divisions of the gatekeepers of the sons of Korah and the sons of Merari.,Ninguno
I_Chronicles,26,20,"והלוים אחיה עלאוצרות בית האלהים ולאצרות הקדשים&nbsp;<span class=""mam-spi-samekh"">{ס}</span>&nbsp;&nbsp;&nbsp;&nbsp;&nbsp;&nbsp;&nbsp;&nbsp;",And the Levites: Ahijah over the treasuries of the House of God and the treasuries of the dedicated things.,Ninguno
I_Chronicles,26,21,"בני לעדן בני הגרשני ללעדן ראשי האבות ללעדן הגרשני יחיאלי&nbsp;<span class=""mam-spi-samekh"">{ס}</span>&nbsp;&nbsp;&nbsp;&nbsp;&nbsp;&nbsp;&nbsp;&nbsp;","The sons of Ladan: the sons of the Gershonites belonging to Ladan; the chiefs of the clans of Ladan, the Gershonite—Jehieli. ",Ninguno
I_Chronicles,26,22,"בני יחיאלי זתם ויואל אחיו עלאצרות בית יהוה&nbsp;<span class=""mam-spi-samekh"">{ס}</span>&nbsp;&nbsp;&nbsp;&nbsp;&nbsp;&nbsp;&nbsp;&nbsp;",The sons of Jehieli: Zetham and Joel; his brother was over the treasuries of the House of GOD.,Ninguno
I_Chronicles,26,23,לעמרמי ליצהרי לחברוני לעזיאלי,"Of the Amramites, the Izharites, the Hebronites, the Uzzielites: ",Ninguno
I_Chronicles,26,24,"ושבאל בןגרשום בןמשה נגיד עלהאצרות&nbsp;<span class=""mam-spi-samekh"">{ס}</span>&nbsp;&nbsp;&nbsp;&nbsp;&nbsp;&nbsp;&nbsp;&nbsp;",Shebuel son of Gershom son of Moses was the chief officer over the treasuries.,Ninguno
I_Chronicles,26,25,"ואחיו לאליעזר רחביהו בנו וישעיהו בנו וירם בנו וזכרי בנו <span class=""mam-kq""><span class=""mam-kq-k"">(ושלמות)</span> <span class=""mam-kq-q"">[ושלמית]</span></span> בנו","And his brothers: Eliezer, his son Rehabiah, his son Jeshaiah, his son Joram, his son Zichri, his son Shelomith— ",Ninguno
I_Chronicles,26,26,הוא שלמות ואחיו על כלאצרות הקדשים אשר הקדיש דויד המלך וראשי האבות לשריהאלפים והמאות ושרי הצבא,"that Shelomith and his brothers were over all the treasuries of dedicated things that were dedicated by King David and the chiefs of the clans, and the officers of thousands and hundreds and the other army officers; ",Ninguno
I_Chronicles,26,27,מןהמלחמות ומןהשלל הקדישו לחזק לבית יהוה,they dedicated some of the booty of the wars to maintain the House of GOD.,Ninguno
I_Chronicles,26,28,"וכל ההקדיש שמואל הראה ושאול בןקיש ואבנר בןנר ויואב בןצרויה כל המקדיש על ידשלמית ואחיו&nbsp;<span class=""mam-spi-pe"">{פ}</span><br>","All that Samuel the seer had dedicated, and Saul son of Kish, and Abner son of Ner, and Joab son of Zeruiah—or [what] any other man had dedicated, was under the charge of Shelomith and his brothers.",Ninguno
I_Chronicles,26,29,ליצהרי כנניהו ובניו למלאכה החיצונה עלישראל לשטרים ולשפטים,The Izharites: Chenaniah and his sons were over Israel as clerks and magistrates for affairs outside [the sanctuary].,Ninguno
I_Chronicles,26,30,לחברוני חשביהו ואחיו בניחיל אלף ושבעמאות על פקדת ישראל מעבר לירדן מערבה לכל מלאכת יהוה ולעבדת המלך,"The Hebronites: Hashabiah and his brothers, capable men, 1,700, supervising Israel on the west side of the Jordan in all matters of GOD and the service of the king. ",Ninguno
I_Chronicles,26,31,לחברוני יריה הראש לחברוני לתלדתיו לאבות בשנת הארבעים למלכות דויד נדרשו וימצא בהם גבורי חיל ביעזיר גלעד,"The Hebronites: Jeriah, the chief of the Hebronites—they were investigated in the fortieth year of David’s reign by clans of all their lines, and men of substance were found among them in Jazer-gilead. ",Ninguno
I_Chronicles,26,32,"ואחיו בניחיל אלפים ושבע מאות ראשי האבות ויפקידם דויד המלך עלהראובני והגדי וחצי שבט המנשי לכלדבר האלהים ודבר המלך&nbsp;<span class=""mam-spi-pe"">{פ}</span><br>","His brothers, able men, 2,700, chiefs of clans—David put them in charge of the Reubenites, the Gadites, and the half-tribe of Manasseh in all matters of God and matters of the king.",Ninguno
I_Chronicles,27,1,"ובני ישראל&thinsp;<small></small>&thinsp;למספרם ראשי האבות ושרי האלפים&thinsp;<small></small>&thinsp;והמאות ושטריהם המשרתים אתהמלך לכל&thinsp;<b></b> דבר המחלקות הבאה והיצאת חדש בחדש לכל חדשי השנה המחלקת האחת עשרים וארבעה אלף&nbsp;<span class=""mam-spi-pe"">{פ}</span><br>","The number of Israelites—chiefs of clans, officers of thousands and hundreds and their clerks, who served the king in all matters of the divisions, who worked in monthly shifts during all the months of the year—each division, 24,000. ",Ninguno
I_Chronicles,27,2,"על המחלקת הראשונה לחדש הראשון ישבעם בןזבדיאל ועל מחלקתו עשרים וארבעה אלף&nbsp;<span class=""mam-spi-samekh"">{ס}</span>&nbsp;&nbsp;&nbsp;&nbsp;&nbsp;&nbsp;&nbsp;&nbsp;","Over the first division for the first month—Jashobeam son of Zabdiel; his division had 24,000. ",Ninguno
I_Chronicles,27,3,"מןבניפרץ הראש לכלשרי הצבאות לחדש הראשון&nbsp;<span class=""mam-spi-samekh"">{ס}</span>&nbsp;&nbsp;&nbsp;&nbsp;&nbsp;&nbsp;&nbsp;&nbsp;","Of the sons of Perez, he, the chief of all the officers of the army, [served] for the first month. ",Ninguno
I_Chronicles,27,4,"ועל מחלקת&thinsp;<b></b> החדש השני דודי האחוחי ומחלקתו ומקלות הנגיד ועל מחלקתו עשרים וארבעה אלף&nbsp;<span class=""mam-spi-samekh"">{ס}</span>&nbsp;&nbsp;&nbsp;&nbsp;&nbsp;&nbsp;&nbsp;&nbsp;","Over the division of the second month—Dodai the Ahohite; Mikloth was chief officer of his division; his division had 24,000. ",Ninguno
I_Chronicles,27,5,שר הצבא השלישי לחדש השלישי בניהו בןיהוידע הכהן ראש ועל מחלקתו עשרים וארבעה אלף,"The third army officer for the third month—Benaiah son of Jehoiada, the chief priest; his division had 24,000. ",Percepción (Yada)
I_Chronicles,27,6,"הוא בניהו גבור השלשים ועלהשלשים ומחלקתו עמיזבד בנו&nbsp;<span class=""mam-spi-samekh"">{ס}</span>&nbsp;&nbsp;&nbsp;&nbsp;&nbsp;&nbsp;&nbsp;&nbsp;","That was Benaiah, one of the warriors of the thirty and over the thirty; and [over] his division was Ammizabad his son. ",Ninguno
I_Chronicles,27,7,"הרביעי לחדש הרביעי עשהאל אחי יואב וזבדיה בנו אחריו ועל מחלקתו עשרים וארבעה אלף&nbsp;<span class=""mam-spi-samekh"">{ס}</span>&nbsp;&nbsp;&nbsp;&nbsp;&nbsp;&nbsp;&nbsp;&nbsp;","The fourth, for the fourth month, Asahel brother of Joab, and his son Zebadiah after him; his division had 24,000. ",Ninguno
I_Chronicles,27,8,"החמישי לחדש החמישי השר שמהות היזרח ועל מחלקתו עשרים וארבעה אלף&nbsp;<span class=""mam-spi-samekh"">{ס}</span>&nbsp;&nbsp;&nbsp;&nbsp;&nbsp;&nbsp;&nbsp;&nbsp;","The fifth, for the fifth month, the officer Shamhut the Izrahite; his division had 24,000. ",Ninguno
I_Chronicles,27,9,"הששי לחדש הששי עירא בןעקש התקועי ועל מחלקתו עשרים וארבעה אלף&nbsp;<span class=""mam-spi-samekh"">{ס}</span>&nbsp;&nbsp;&nbsp;&nbsp;&nbsp;&nbsp;&nbsp;&nbsp;","The sixth, for the sixth month, Ira son of Ikkesh the Tekoite; his division had 24,000. ",Ninguno
I_Chronicles,27,10,"השביעי לחדש השביעי חלץ הפלוני מןבני אפרים ועל מחלקתו עשרים וארבעה אלף&nbsp;<span class=""mam-spi-samekh"">{ס}</span>&nbsp;&nbsp;&nbsp;&nbsp;&nbsp;&nbsp;&nbsp;&nbsp;","The seventh, for the seventh month, Helez the Pelonite, of the Ephraimites; his division had 24,000. ",Ninguno
I_Chronicles,27,11,"השמיני לחדש השמיני סבכי החשתי לזרחי ועל מחלקתו עשרים וארבעה אלף&nbsp;<span class=""mam-spi-samekh"">{ס}</span>&nbsp;&nbsp;&nbsp;&nbsp;&nbsp;&nbsp;&nbsp;&nbsp;","The eighth, for the eighth month, Sibbecai the Hushathite, of Zerah; his division had 24,000. ",Ninguno
I_Chronicles,27,12,"התשיעי לחדש התשיעי אביעזר הענתותי <span class=""mam-kq""><span class=""mam-kq-k"">(לבנימיני)</span> <span class=""mam-kq-q"">[לבן&thinsp;<small></small>&thinsp;ימיני]</span></span> ועל מחלקתו עשרים וארבעה אלף&nbsp;<span class=""mam-spi-samekh"">{ס}</span>&nbsp;&nbsp;&nbsp;&nbsp;&nbsp;&nbsp;&nbsp;&nbsp;","The ninth, for the ninth month, Abiezer the Anathothite, of Benjamin; his division had 24,000. ",Ninguno
I_Chronicles,27,13,"העשירי לחדש העשירי מהרי הנטופתי לזרחי ועל מחלקתו עשרים וארבעה אלף&nbsp;<span class=""mam-spi-samekh"">{ס}</span>&nbsp;&nbsp;&nbsp;&nbsp;&nbsp;&nbsp;&nbsp;&nbsp;","The tenth, for the tenth month, Mahrai the Netophathite, of Zerah; his division had 24,000. ",Ninguno
I_Chronicles,27,14,"עשתיעשר לעשתי עשר החדש בניה הפרעתוני מןבני אפרים ועל מחלקתו עשרים וארבעה אלף&nbsp;<span class=""mam-spi-samekh"">{ס}</span>&nbsp;&nbsp;&nbsp;&nbsp;&nbsp;&nbsp;&nbsp;&nbsp;","The eleventh, for the eleventh month, Benaiah the Pirathonite, of the Ephraimites; his division had 24,000. ",Ninguno
I_Chronicles,27,15,"השנים עשר לשנים עשר החדש חלדי הנטופתי לעתניאל ועל מחלקתו עשרים וארבעה אלף&nbsp;<span class=""mam-spi-pe"">{פ}</span><br>","The twelfth, for the twelfth month, Heldai the Netophathite, of Othniel; his division had 24,000.",Ninguno
I_Chronicles,27,16,"ועל שבטי ישראל לראובני נגיד אליעזר בןזכרי&nbsp;<span class=""mam-spi-samekh"">{ס}</span>&nbsp;&nbsp;&nbsp;&nbsp;&nbsp;&nbsp;&nbsp;&nbsp;לשמעוני שפטיהו בןמעכה&nbsp;<span class=""mam-spi-samekh"">{ס}</span>&nbsp;&nbsp;&nbsp;&nbsp;&nbsp;&nbsp;&nbsp;&nbsp;","Over the tribes of Israel: Reuben: the chief officer, Eliezer son of Zichri. Simeon: Shephatiah son of Maacah. ",Ninguno
I_Chronicles,27,17,"ללוי חשביה בןקמואל לאהרן צדוק&nbsp;<span class=""mam-spi-samekh"">{ס}</span>&nbsp;&nbsp;&nbsp;&nbsp;&nbsp;&nbsp;&nbsp;&nbsp;",Levi: Hashabiah son of Kemuel. Aaron: Zadok.,Ninguno
I_Chronicles,27,18,"ליהודה אליהו מאחי דויד&nbsp;<span class=""mam-spi-samekh"">{ס}</span>&nbsp;&nbsp;&nbsp;&nbsp;&nbsp;&nbsp;&nbsp;&nbsp;ליששכר עמרי בןמיכאל&nbsp;<span class=""mam-spi-samekh"">{ס}</span>&nbsp;&nbsp;&nbsp;&nbsp;&nbsp;&nbsp;&nbsp;&nbsp;","Judah: Elihu, of the brothers of David. Issachar: Omri son of Michael. ",Ninguno
I_Chronicles,27,19,"לזבולן ישמעיהו בןעבדיהו&nbsp;<span class=""mam-spi-samekh"">{ס}</span>&nbsp;&nbsp;&nbsp;&nbsp;&nbsp;&nbsp;&nbsp;&nbsp;לנפתלי ירימות בןעזריאל&nbsp;<span class=""mam-spi-samekh"">{ס}</span>&nbsp;&nbsp;&nbsp;&nbsp;&nbsp;&nbsp;&nbsp;&nbsp;",Zebulun: Ishmaiah son of Obadiah. Naphtali: Jerimoth son of Azriel.,Ninguno
I_Chronicles,27,20,"לבני אפרים הושע בןעזזיהו לחצי שבט מנשה יואל בןפדיהו&nbsp;<span class=""mam-spi-samekh"">{ס}</span>&nbsp;&nbsp;&nbsp;&nbsp;&nbsp;&nbsp;&nbsp;&nbsp;",Ephraimites: Hoshea son of Azaziah. The half-tribe of Manasseh: Joel son of Pedaiah.,Ninguno
I_Chronicles,27,21,"לחצי המנשה גלעדה ידו בןזכריהו&nbsp;<span class=""mam-spi-samekh"">{ס}</span>&nbsp;&nbsp;&nbsp;&nbsp;&nbsp;&nbsp;&nbsp;&nbsp;לבנימן יעשיאל בןאבנר&nbsp;<span class=""mam-spi-samekh"">{ס}</span>&nbsp;&nbsp;&nbsp;&nbsp;&nbsp;&nbsp;&nbsp;&nbsp;",Half Manasseh in Gilead: Iddo son of Zechariah. Benjamin: Jaasiel son of Abner.,Ninguno
I_Chronicles,27,22,לדן עזראל בןירחם אלה שרי שבטי ישראל,Dan: Azarel son of Jeroham. These were the officers of the tribes of Israel.,Ninguno
I_Chronicles,27,23,ולאנשא דויד מספרם למבן עשרים שנה ולמטה כי אמר יהוה להרבות אתישראל ככוכבי השמים,"David did not take a census of those under twenty years of age, for GOD had promised to make Israel as numerous as the stars of heaven. ",Ninguno
I_Chronicles,27,24,"יואב בןצרויה החל למנות ולא כלה ויהי בזאת קצף עלישראל ולא עלה המספר במספר דבריהימים למלך דויד&nbsp;<span class=""mam-spi-samekh"">{ס}</span>&nbsp;&nbsp;&nbsp;&nbsp;&nbsp;&nbsp;&nbsp;&nbsp;","Joab son of Zeruiah did begin to count them, but he did not finish; wrath struck Israel on account of this, and the census was not entered into the account of the chronicles of King David.",Ninguno
I_Chronicles,27,25,"ועל אצרות המלך עזמות בןעדיאל&nbsp;<span class=""mam-spi-samekh"">{ס}</span>&nbsp;&nbsp;&nbsp;&nbsp;&nbsp;&nbsp;&nbsp;&nbsp;ועל האצרות בשדה בערים ובכפרים ובמגדלות יהונתן בןעזיהו&nbsp;<span class=""mam-spi-samekh"">{ס}</span>&nbsp;&nbsp;&nbsp;&nbsp;&nbsp;&nbsp;&nbsp;&nbsp;","Over the royal treasuries: Azmaveth son of Adiel. Over the treasuries in the country—in the towns, the hamlets, and the citadels: Jonathan son of Uzziah. ",Ninguno
I_Chronicles,27,26,"ועל עשי מלאכת השדה לעבדת האדמה עזרי בןכלוב&nbsp;<span class=""mam-spi-samekh"">{ס}</span>&nbsp;&nbsp;&nbsp;&nbsp;&nbsp;&nbsp;&nbsp;&nbsp;",Over the field laborers in agricultural work: Ezri son of Chelub.,Ninguno
I_Chronicles,27,27,"ועלהכרמים שמעי הרמתי&nbsp;<span class=""mam-spi-samekh"">{ס}</span>&nbsp;&nbsp;&nbsp;&nbsp;&nbsp;&nbsp;&nbsp;&nbsp;ועל שבכרמים לאצרות היין זבדי השפמי&nbsp;<span class=""mam-spi-samekh"">{ס}</span>&nbsp;&nbsp;&nbsp;&nbsp;&nbsp;&nbsp;&nbsp;&nbsp;",Over the vineyards: Shimei the Ramathite. And over the produce in the vineyards for wine cellars: Zabdi the Shiphmite.,Ninguno
I_Chronicles,27,28,"ועלהזיתים והשקמים אשר בשפלה בעל חנן הגדרי&nbsp;<span class=""mam-spi-samekh"">{ס}</span>&nbsp;&nbsp;&nbsp;&nbsp;&nbsp;&nbsp;&nbsp;&nbsp;ועלאצרות השמן יועש&nbsp;<span class=""mam-spi-samekh"">{ס}</span>&nbsp;&nbsp;&nbsp;&nbsp;&nbsp;&nbsp;&nbsp;&nbsp;",Over the olive trees and the sycamores in the Shephelah: Baal-hanan the Gederite. Over the oil-stores: Joash.,Ninguno
I_Chronicles,27,29,"ועלהבקר הרעים בשרון <span class=""mam-kq""><span class=""mam-kq-k"">(שטרי)</span> <span class=""mam-kq-q"">[שרטי]</span></span> השרוני&nbsp;<span class=""mam-spi-samekh"">{ס}</span>&nbsp;&nbsp;&nbsp;&nbsp;&nbsp;&nbsp;&nbsp;&nbsp;ועלהבקר בעמקים שפט בןעדלי&nbsp;<span class=""mam-spi-samekh"">{ס}</span>&nbsp;&nbsp;&nbsp;&nbsp;&nbsp;&nbsp;&nbsp;&nbsp;",Over the cattle pasturing in Sharon: Shirtai the Sharonite. And over the cattle in the valleys: Shaphat son of Adlai.,Ninguno
I_Chronicles,27,30,"ועלהגמלים אוביל הישמעלי&nbsp;<span class=""mam-spi-samekh"">{ס}</span>&nbsp;&nbsp;&nbsp;&nbsp;&nbsp;&nbsp;&nbsp;&nbsp;ועלהאתנות יחדיהו המרנתי&nbsp;<span class=""mam-spi-samekh"">{ס}</span>&nbsp;&nbsp;&nbsp;&nbsp;&nbsp;&nbsp;&nbsp;&nbsp;",Over the camels: Obil the Ishmaelite. And over the jennies: Jehdeiah the Meronothite.,Ninguno
I_Chronicles,27,31,"ועלהצאן יזיז ההגרי כלאלה שרי הרכוש אשר למלך דויד&nbsp;<span class=""mam-spi-samekh"">{ס}</span>&nbsp;&nbsp;&nbsp;&nbsp;&nbsp;&nbsp;&nbsp;&nbsp;",Over the flocks: Jaziz the Hagrite. All these were stewards of the property of King David.,Ninguno
I_Chronicles,27,32,"ויהונתן דודדויד יועץ אישמבין וסופר הוא ויחיאל בןחכמוני עםבני המלך&nbsp;<span class=""mam-spi-samekh"">{ס}</span>&nbsp;&nbsp;&nbsp;&nbsp;&nbsp;&nbsp;&nbsp;&nbsp;","Jonathan, David’s uncle, was a counselor, a master, and a scribe: Jehiel son of Hachmoni was with the king’s sons. ",Separación (Beyn)
I_Chronicles,27,33,"ואחיתפל יועץ למלך וחושי הארכי רע המלך&nbsp;<span class=""mam-spi-samekh"">{ס}</span>&nbsp;&nbsp;&nbsp;&nbsp;&nbsp;&nbsp;&nbsp;&nbsp;",Ahitophel was a counselor to the king. Hushai the Archite was the king’s friend.,Ninguno
I_Chronicles,27,34,"ואחרי אחיתפל יהוידע בןבניהו ואביתר ושרצבא למלך יואב&nbsp;<span class=""mam-spi-pe"">{פ}</span><br>",After Ahitophel were Jehoiada son of Benaiah and Abiathar. The commander of the king’s army was Joab.,Percepción (Yada)
I_Chronicles,28,1,ויקהל דויד אתכלשרי ישראל שרי השבטים ושרי המחלקות המשרתים אתהמלך ושרי האלפים ושרי המאות ושרי כלרכושומקנה&thinsp;<small></small>&thinsp;למלך ולבניו עםהסריסים והגבורים ולכלגבור חיל אלירושל͏ם,"David assembled all the officers of Israel—the tribal officers, the divisional officers who served the king, the captains of thousands and the captains of hundreds, and the stewards of all the property and cattle of the king and his sons, with the eunuchs and the warriors, all the men of substance—to Jerusalem. ",Ninguno
I_Chronicles,28,2,ויקם דויד המלך עלרגליו ויאמר שמעוני אחי ועמי אני עםלבבי לבנות בית מנוחה לארון בריתיהוה ולהדם רגלי אלהינו והכינותי לבנות,"King David rose to his feet and said, “Hear me, my brothers, my people! I wanted to build a resting-place for the Ark of the Covenant of GOD, for the footstool of our God, and I laid aside material for building. ",Ninguno
I_Chronicles,28,3,והאלהים אמר לי לאתבנה בית לשמי כי איש מלחמות אתה ודמים שפכת,"But God said to me, ‘You will not build a house for My name, for you are a man of battles and have shed blood.’ ",Ninguno
I_Chronicles,28,4,ויבחר יהוה אלהי ישראל בי מכל ביתאבי להיות למלך עלישראל לעולם כי ביהודה בחר לנגיד ובבית יהודה בית אבי ובבני אבי בי רצה להמליך עלכלישראל,"The ETERNAL God of Israel chose me of all my father’s house to be king over Israel forever. For [God] chose Judah to be ruler, and of the family of Judah, my father’s house; and of my father’s sons, I was the preferred choice to be crowned king over all Israel; ",Ninguno
I_Chronicles,28,5,ומכלבני כי רבים בנים נתן לי יהוה ויבחר בשלמה בני לשבת עלכסא מלכות יהוה עלישראל,and of all my sons—for many are the sons GOD gave me—my son Solomon was chosen to sit on the throne of the kingdom of GOD over Israel.,Ninguno
I_Chronicles,28,6,ויאמר לי שלמה בנך הואיבנה ביתי וחצרותי כיבחרתי בו לי לבן ואני אהיהלו לאב,"I was told, ‘It will be your son Solomon who will build My House and My courts, for I have chosen him to be a son to Me, and I will be a father to him.aI will be a father to him See note at 2 Sam. 7.14. ",Ninguno
I_Chronicles,28,7,והכינותי אתמלכותו עדלעולם אםיחזק לעשות מצותי ומשפטי כיום הזה,"I will establish his kingdom forever, if he keeps firmly to the observance of My commandments and rules as he does now.’ ",Ninguno
I_Chronicles,28,8,ועתה לעיני כלישראל קהליהוה ובאזני אלהינו שמרו ודרשו כלמצות יהוה אלהיכם למען תירשו אתהארץ הטובה והנחלתם לבניכם אחריכם עדעולם,"And now, in the sight of all Israel, the congregation of GOD, and in the hearing of our God, [I say:] Observe and apply yourselves to all the commandments of the ETERNAL your God in order that you may possess this good land and bequeath it to your children after you forever.",Ninguno
I_Chronicles,28,9,ואתה שלמהבני דע אתאלהי אביך ועבדהו בלב שלם ובנפש חפצה כי כללבבות דורש יהוה וכליצר מחשבות מבין אםתדרשנו ימצא לך ואםתעזבנו יזניחך לעד,"“And you, my son Solomon, know the God of your father, and render service with single mind and fervent heart, for GOD searches all minds and discerns the design of every thought; if you reach out, [God] will be available to you, but if you stop trying, [God] will abandon you forever. ",Separación (Beyn)
I_Chronicles,28,10,"ראה&thinsp;<b></b> עתה כייהוה בחר בך לבנותבית למקדש חזק ועשה&nbsp;<span class=""mam-spi-pe"">{פ}</span><br>","See then, GOD chose you to build a house as the sanctuary; be strong and do it.”",Ninguno
I_Chronicles,28,11,ויתן דויד לשלמה בנו אתתבנית האולם ואתבתיו וגנזכיו ועליתיו וחדריו הפנימים ובית הכפרת,"David gave his son Solomon the plan of the porch and its houses, its storerooms and its upper chambers and inner chambers; and of the place of the Ark-cover; ",Ninguno
I_Chronicles,28,12,ותבנית כל אשר היה ברוח עמו לחצרות ביתיהוה ולכלהלשכות סביב לאצרות בית האלהים ולאצרות הקדשים,"and the plan of all that he had by the spirit: of the courts of the House of GOD and all its surrounding chambers, and of the treasuries of the House of God and of the treasuries of the holy things; ",Ninguno
I_Chronicles,28,13,ולמחלקות הכהנים והלוים ולכלמלאכת עבודת ביתיהוה ולכלכלי עבודת ביתיהוה,the divisions of priests and Levites for all the work of the service of the House of GOD and all the vessels of the service of the House of GOD;,Ninguno
I_Chronicles,28,14,לזהב במשקל לזהב לכלכלי עבודה ועבודה לכל כלי הכסף במשקל לכלכלי עבודה ועבודה,"and gold, the weight of gold for vessels of every sort of use; silver for all the vessels of silver by weight, for all the vessels of every kind of service; ",Ninguno
I_Chronicles,28,15,ומשקל למנרות הזהב ונרתיהם זהב במשקלמנורה ומנורה ונרתיה ולמנרות הכסף במשקל למנורה ונרתיה כעבודת מנורה ומנורה,"the weight of the gold lampstands and their gold lamps, and the weight of the silver lampstands, each lampstand and its silver lamps, according to the use of every lampstand; ",Ninguno
I_Chronicles,28,16,ואתהזהב משקל לשלחנות המערכת לשלחן ושלחן וכסף לשלחנות הכסף,"and the weight of gold for the tables of the rows of bread, for each table, and of silver for the silver tables; ",Ninguno
I_Chronicles,28,17,והמזלגות והמזרקות והקשות זהב טהור ולכפורי הזהב במשקל לכפור וכפור ולכפורי הכסף במשקל לכפור וכפור,"and of the pure gold for the forks and the basins and the jars; and the weight of the gold bowls, every bowl; and the weight of the silver bowls, each and every bowl; ",Ninguno
I_Chronicles,28,18,ולמזבח הקטרת זהב מזקק במשקל ולתבנית המרכבה הכרובים זהב לפרשים וסככים עלארון בריתיהוה,the weight of refined gold for the incense altar and the gold for the figure of the chariot—the cherubim—those with outspread wings screening the Ark of the Covenant of GOD.,Ninguno
I_Chronicles,28,19,"הכל בכתב מיד יהוה עלי השכיל כל מלאכות התבנית&nbsp;<span class=""mam-spi-pe"">{פ}</span><br>","“All this that GOD made me understand by God’s hand on me, I give you in writing—the plan of all the works.”",Ninguno
I_Chronicles,28,20,ויאמר דויד לשלמה בנו חזק ואמץ ועשה אלתירא ואלתחת כי יהוה אלהים אלהי עמך לא ירפך ולא יעזבך עדלכלות כלמלאכת עבודת ביתיהוה,"David said to his son Solomon, “Be strong and of good courage and do it; do not be afraid or dismayed, for my ETERNAL God is with you—and will not fail you or forsake you till all the work on the House of GOD is done. ",Ninguno
I_Chronicles,28,21,"והנה מחלקות הכהנים והלוים לכלעבודת בית האלהים ועמך בכלמלאכה לכלנדיב בחכמה לכלעבודה והשרים וכלהעם לכלדבריך&nbsp;<span class=""mam-spi-samekh"">{ס}</span>&nbsp;&nbsp;&nbsp;&nbsp;&nbsp;&nbsp;&nbsp;&nbsp;","Here are the divisions of the priests and Levites for all kinds of service of the House of God, and with you in all the work are others devoted to it, skilled in all sorts of tasks; also the officers and all the people are at your command.”",Ninguno
I_Chronicles,29,1,ויאמר דויד המלך לכלהקהל שלמה בני אחד בחרבו אלהים נער ורך והמלאכה גדולה כי לא לאדם הבירה כי ליהוה אלהים,"King David said to the entire assemblage, “God has chosen my son Solomon alone, an untried lad, although the work to be done is vast—for the templeatemple Lit. “fortress.” is not for mortals but for the ETERNAL God. ",Ninguno
I_Chronicles,29,2,וככלכחי הכינותי לביתאלהי הזהב&thinsp;<small></small>&thinsp;לזהב והכסף לכסף והנחשת לנחשת הברזל לברזל והעצים לעצים אבנישהם ומלואים אבניפוך ורקמה וכל אבן יקרה ואבנישיש לרב,"I have spared no effort to lay up for the House of my God gold for golden objects, silver for silver, copper for copper, iron for iron, wood for wooden, onyx-stone and inlay-stone, stone of antimony and variegated colors—every kind of precious stone and much marble. ",Ninguno
I_Chronicles,29,3,ועוד ברצותי בבית אלהי ישלי סגלה זהב וכסף נתתי לביתאלהי למעלה מכלהכינותי לבית הקדש,"Besides, out of my solicitude for the House of my God, I gave over my private hoard of gold and silver to the House of my God—in addition to all that I laid aside for the holy House: ",Ninguno
I_Chronicles,29,4,שלשת אלפים ככרי זהב מזהב אופיר ושבעת אלפים ככרכסף מזקק לטוח קירות הבתים,"3,000 gold talents of Ophir gold, and 7,000 talents of refined silver for covering the walls of the houses ",Ninguno
I_Chronicles,29,5,לזהב לזהב ולכסף לכסף ולכלמלאכה ביד חרשים ומי מתנדב למלאות ידו היום ליהוה,"(gold for golden objects, silver for silver for all the work)—into the hands of artisans. Now who [among you] are going to make a freewill offering and devote themselves today to GOD?”",Ninguno
I_Chronicles,29,6,ויתנדבו שרי האבות ושרי&thinsp;<b></b> שבטי ישראל ושרי האלפים והמאות ולשרי מלאכת המלך,"The officers of the clans and the officers of the tribes of Israel and the captains of thousands and hundreds and the supervisors of the king’s work made freewill offerings, ",Ninguno
I_Chronicles,29,7,ויתנו לעבודת ביתהאלהים זהב ככרים חמשתאלפים ואדרכנים רבו וכסף ככרים עשרת אלפים ונחשת רבו ושמונת אלפים ככרים וברזל מאהאלף ככרים,"giving for the work of the House of God: 5,000 talents of gold, 10,000 darics, 10,000 talents of silver, 18,000 talents of copper, 100,000 talents of iron. ",Ninguno
I_Chronicles,29,8,והנמצא אתו אבנים נתנו לאוצר ביתיהוה על ידיחיאל הגרשני,Whoever had stones in his possession gave them to the treasury of the House of GOD in the charge of Jehiel the Gershonite.,Ninguno
I_Chronicles,29,9,"וישמחו העם עלהתנדבם כי בלב שלם התנדבו ליהוה וגם דויד המלך שמח שמחה גדולה&nbsp;<span class=""mam-spi-pe"">{פ}</span><br>","The people rejoiced over the freewill offerings they made, for with a whole heart they made freewill offerings to GOD; King David also rejoiced very much.",Ninguno
I_Chronicles,29,10,ויברך דויד אתיהוה לעיני כלהקהל ויאמר דויד ברוך אתה יהוה אלהי ישראל אבינו מעולם ועדעולם,"David blessed GOD in front of all the assemblage; David said, “Blessed are You, ETERNAL One, God of Israel our father, from eternity to eternity. ",Ninguno
I_Chronicles,29,11,לך יהוה הגדלה והגבורה והתפארת והנצח וההוד כיכל בשמים ובארץ לך יהוה הממלכה והמתנשא לכל&thinsp;<small></small>&thinsp;לראש,"Yours, ETERNAL One, are greatness, might, splendor, triumph, and majesty—yes, all that is in heaven and on earth; to You, ETERNAL One, belong kingship and preeminence above all. ",Ninguno
I_Chronicles,29,12,והעשר והכבוד מלפניך ואתה מושל בכל ובידך כח וגבורה ובידך לגדל ולחזק לכל,"Riches and honor are Yours to dispense; You have dominion over all; with You are strength and might, and it is in Your power to make anyone great and strong. ",Ninguno
I_Chronicles,29,13,ועתה אלהינו מודים אנחנו לך ומהללים לשם תפארתך,"Now, God, we praise You and extol Your glorious name. ",Ninguno
I_Chronicles,29,14,וכי מי אני ומי עמי כינעצר כח להתנדב כזאת כיממך הכל ומידך נתנו לך,"Who am I and who are my people, that we should have the means to make such a freewill offering; but all is from You, and it is Your gift that we have given to You. ",Ninguno
I_Chronicles,29,15,כיגרים אנחנו לפניך ותושבים ככלאבתינו כצל&thinsp;<small></small>&thinsp;ימינו עלהארץ ואין מקוה,"For we are sojourners with You, mere transients like our ancestors; our days on earth are like a shadow, with nothing in prospect. ",Ninguno
I_Chronicles,29,16,"יהוה אלהינו כל ההמון הזה אשר הכיננו לבנותלך בית לשם קדשך מידך <span class=""mam-kq""><span class=""mam-kq-k"">(היא)</span> <span class=""mam-kq-q"">[הוא]</span></span> ולך הכל","O ETERNAL One our God, all this great mass that we have laid aside to build You a House for Your holy name is from You, and it is all Yours. ",Ninguno
I_Chronicles,29,17,וידעתי אלהי כי אתה בחן לבב ומישרים תרצה אני בישר לבבי התנדבתי כלאלה ועתה עמך הנמצאופה ראיתי בשמחה להתנדבלך,"I know, God, that You search the heart and desire uprightness; I, with upright heart, freely offered all these things; now Your people, who are present here—I saw them joyously making freewill offerings. ",Percepción (Yada)
I_Chronicles,29,18,יהוה אלהי אברהם יצחק וישראל אבתינו שמרהזאת לעולם ליצר מחשבות לבב עמך והכן לבבם אליך,"O ETERNAL One God of Abraham, Isaac, and Israel, our fathers, remember this to the eternal credit of the thoughts of Your people’s hearts, and make their hearts constant toward You. ",Ninguno
I_Chronicles,29,19,"ולשלמה בני תן לבב שלם לשמור מצותיך עדותיך וחקיך ולעשות הכל ולבנות הבירה אשרהכינותי&nbsp;<span class=""mam-spi-pe"">{פ}</span><br>","As to my son Solomon, give him a whole heart to observe Your commandments, Your admonitions, and Your laws, and to fulfill them all, and to build this templebtemple Lit. “fortress.” for which I have made provision.”",Ninguno
I_Chronicles,29,20,ויאמר דויד לכלהקהל ברכו נא אתיהוה אלהיכם ויברכו כלהקהל ליהוה אלהי אבתיהם ויקדו וישתחוו ליהוה ולמלך,"David said to the whole assemblage, “Now bless the ETERNAL your God.” All the assemblage blessed the ETERNAL God of their ancestors, and bowed their heads low to GOD and the king. ",Ninguno
I_Chronicles,29,21,ויזבחו ליהוה&thinsp;<small></small>&thinsp;זבחים ויעלו עלות ליהוה למחרת היום ההוא פרים אלף אלים אלף כבשים אלף ונסכיהם וזבחים לרב לכלישראל,"They offered sacrifices to GOD and made burnt offerings to GOD on the morrow of that day: 1,000 bulls, 1,000 rams, 1,000 lambs, with their libations; [they made] sacrifices in great number for all Israel, ",Ninguno
I_Chronicles,29,22,ויאכלו וישתו לפני יהוה ביום ההוא בשמחה גדולה וימליכו שנית לשלמה בןדויד וימשחו ליהוה לנגיד ולצדוק לכהן,"and they ate and drank in GOD’s presence on that day with great joy. They again proclaimed Solomon son of David king, and they anointed him as ruler before GOD, and Zadok as high priest. ",Ninguno
I_Chronicles,29,23,וישב שלמה עלכסא יהוה&thinsp;<small></small>&thinsp;למלך תחתדויד אביו ויצלח וישמעו אליו כלישראל,"Solomon successfully took over the throne of GOD as king instead of his father David, and all went well with him. All Israel accepted him; ",Ninguno
I_Chronicles,29,24,וכלהשרים והגברים וגם כלבני המלך דויד נתנו יד תחת שלמה המלך,"all the officials and the warriors, and the sons of King David as well, gave their hand in support of King Solomon. ",Ninguno
I_Chronicles,29,25,"ויגדל יהוה אתשלמה למעלה לעיני כלישראל ויתן עליו הוד מלכות אשר לאהיה עלכלמלך לפניו עלישראל&nbsp;<span class=""mam-spi-pe"">{פ}</span><br>","GOD made Solomon exceedingly great in the eyes of all Israel, and endowed him with a regal majesty that no king of Israel before him ever had.",Ninguno
I_Chronicles,29,26,ודויד בןישי מלך עלכלישראל,Thus David son of Jesse reigned over all Israel;,Ninguno
I_Chronicles,29,27,והימים אשר מלך עלישראל ארבעים שנה בחברון מלך שבע שנים ובירושל͏ם מלך שלשים ושלוש,the length of his reign over Israel was forty years: he reigned seven years in Hebron and thirty-three years in Jerusalem.,Ninguno
I_Chronicles,29,28,וימת בשיבה טובה שבע ימים עשר וכבוד וימלך שלמה בנו תחתיו,"He died at a ripe old age, having enjoyed long life, riches and honor, and his son Solomon reigned in his stead. ",Ninguno
I_Chronicles,29,29,ודברי דויד המלך הראשנים והאחרנים הנם כתובים עלדברי שמואל הראה ועלדברי נתן הנביא ועלדברי גד החזה,"The acts of King David, early and late, are recorded in the history of Samuel the seer, the history of Nathan the prophet, and the history of Gad the seer, ",Ninguno
I_Chronicles,29,30,"עם כלמלכותו וגבורתו והעתים אשר עברו עליו ועלישראל ועל כלממלכות הארצות&nbsp;<span class=""mam-spi-pe"">{פ}</span><br>",together with all the mighty deeds of his kingship and the events that befell him and Israel and all the kingdoms of the earth.,Ninguno
