Libro,Capitulo,Versiculo,Hebreo_Limpio,Traduccion,Conceptos_Matriz
Daniel,1,1,בשנת שלוש למלכות יהויקים מלךיהודה בא נבוכדנאצר מלךבבל ירושל͏ם ויצר עליה,"In the third year of the reign of King Jehoiakim of Judah, King Nebuchadnezzar of Babylon came to Jerusalem and laid siege to it. ",Ninguno
Daniel,1,2,ויתן אדני בידו אתיהויקים מלךיהודה ומקצת כלי ביתהאלהים ויביאם ארץשנער בית אלהיו ואתהכלים הביא בית אוצר אלהיו,"The Sovereign delivered King Jehoiakim of Judah into his power, together with some of the vessels of the House of God, and he brought them to the land of Shinar to the house of his god; he deposited the vessels in the treasury of his god. ",Ninguno
Daniel,1,3,ויאמר המלך לאשפנז רב סריסיו להביא מבני ישראל ומזרע המלוכה ומןהפרתמים,"Then the king ordered Ashpenaz, his chief officer, to bring some Israelites of royal descent and of the nobility— ",Ninguno
Daniel,1,4,"ילדים אשר איןבהם כל<span class=""mam-kq-trivial"">מאום</span> וטובי מראה ומשכלים בכלחכמה וידעי דעת ומביני מדע ואשר כח בהם לעמד בהיכל המלך וללמדם ספר ולשון כשדים","youths without blemish, handsome, proficient in all wisdom, knowledgeable and intelligent, and capable of serving in the royal palace—and teach them the writings and the language of the Chaldeans. ",Percepción (Yada)
Daniel,1,5,וימן להם המלך דבריום ביומו מפתבג המלך ומיין משתיו ולגדלם שנים שלוש ומקצתם יעמדו לפני המלך,"The king allotted daily rations to them from the king’s food and from the wine he drank. They were to be educated for three years, at the end of which theyaat the end of which they Or “and some of them.” were to enter the king’s service.",Ninguno
Daniel,1,6,ויהי בהם מבני יהודה דניאל חנניה מישאל ועזריה,"Among them were the Judahites Daniel, Hananiah, Mishael, and Azariah. ",Ninguno
Daniel,1,7,וישם להם שר הסריסים שמות וישם לדניאל בלטשאצר ולחנניה שדרך ולמישאל מישך ולעזריה עבד נגו,"The chief officer gave them new names; he named Daniel Belteshazzar, Hananiah Shadrach, Mishael Meshach, and Azariah Abed-nego. ",Ninguno
Daniel,1,8,וישם דניאל עללבו אשר לאיתגאל בפתבג המלך וביין משתיו ויבקש משר הסריסים אשר לא יתגאל,"Daniel resolved not to defile himself with the king’s food or the wine he drank, so he sought permission of the chief officer not to defile himself, ",Ninguno
Daniel,1,9,ויתן האלהים אתדניאל לחסד ולרחמים לפני שר הסריסים,and God disposed the chief officer to be kind and compassionate toward Daniel. ,Ninguno
Daniel,1,10,ויאמר שר הסריסים לדניאל ירא אני אתאדני המלך אשר מנה אתמאכלכם ואתמשתיכם אשר למה יראה אתפניכם זעפים מןהילדים אשר כגילכם וחיבתם אתראשי למלך,"The chief officer said to Daniel, “I fear that my lord the king, who allotted food and drink to you, will notice that you look out of sorts, unlike the other youths of your age—and you will put my lifeblife Lit. “head.” in jeopardy with the king.” ",Ninguno
Daniel,1,11,ויאמר דניאל אלהמלצר אשר מנה שר הסריסים עלדניאל חנניה מישאל ועזריה,"Daniel replied to the guard whom the chief officer had put in charge of Daniel, Hananiah, Mishael, and Azariah, ",Ninguno
Daniel,1,12,נסנא אתעבדיך ימים עשרה ויתנולנו מןהזרעים ונאכלה ומים ונשתה,"“Please test your servants for ten days, giving us legumes to eat and water to drink. ",Ninguno
Daniel,1,13,ויראו לפניך מראינו ומראה הילדים האכלים את פתבג המלך וכאשר תראה עשה עםעבדיך,"Then compare our appearance with that of the youths who eat of the king’s food, and do with your servants as you see fit.” ",Ninguno
Daniel,1,14,וישמע להם לדבר הזה וינסם ימים עשרה,"He agreed to this plan of theirs, and tested them for ten days. ",Ninguno
Daniel,1,15,ומקצת ימים עשרה נראה מראיהם טוב ובריאי בשר מןכלהילדים האכלים את פתבג המלך,"When the ten days were over, they looked better and healthier than all the youths who were eating of the king’s food. ",Ninguno
Daniel,1,16,ויהי המלצר נשא אתפתבגם ויין משתיהם ונתן להם זרענים,"So the guard kept on removing their food, and the wine they were supposed to drink, and gave them legumes. ",Ninguno
Daniel,1,17,והילדים האלה ארבעתם נתן להם האלהים מדע והשכל בכלספר וחכמה ודניאל הבין בכלחזון וחלמות,"God made all four of these young men intelligent and proficient in all writings and wisdom, and Daniel had understanding of visions and dreams of all kinds. ",Separación (Beyn)
Daniel,1,18,ולמקצת הימים אשראמר המלך להביאם ויביאם שר הסריסים לפני נבכדנצר,"When the time the king had set for their presentation had come, the chief officer presented them to Nebuchadnezzar. ",Ninguno
Daniel,1,19,וידבר אתם המלך ולא נמצא מכלם כדניאל חנניה מישאל ועזריה ויעמדו לפני המלך,"The king spoke with them, and of them all none was equal to Daniel, Hananiah, Mishael, and Azariah; so these entered the king’s service. ",Ninguno
Daniel,1,20,וכל דבר חכמת בינה אשרבקש מהם המלך וימצאם עשר ידות על כלהחרטמים האשפים אשר בכלמלכותו,"Whenever the king put a question to them requiring wisdom and understanding, he found them to be ten times better than all the magicians and exorcists throughout his realm. ",Ninguno
Daniel,1,21,"ויהי דניאל עדשנת אחת לכורש המלך&nbsp;<span class=""mam-spi-samekh"">{ס}</span>&nbsp;&nbsp;&nbsp;&nbsp;&nbsp;&nbsp;&nbsp;&nbsp;",Daniel was there until the first year of King Cyrus.,Ninguno
Daniel,2,1,ובשנת שתים למלכות נבכדנצר חלם נבכדנצר חלמות ותתפעם רוחו ושנתו נהיתה עליו,"In the second year of the reign of Nebuchadnezzar, Nebuchadnezzar had a dream; his spirit was agitated, yet he was overcome byayet he was overcome by Meaning of Heb. uncertain; in contrast to others “and he could not.” sleep. ",Ninguno
Daniel,2,2,ויאמר המלך לקרא לחרטמים ולאשפים ולמכשפים ולכשדים להגיד למלך חלמתיו ויבאו ויעמדו לפני המלך,"The king ordered the magicians, exorcists, sorcerers, and Chaldeans to be summoned in order to tell the king what he had dreamed. They came and stood before the king, ",Ninguno
Daniel,2,3,ויאמר להם המלך חלום חלמתי ותפעם רוחי לדעת אתהחלום,"and the king said to them, “I have had a dream and I am full of anxiety to know what I have dreamed.” ",Ninguno
Daniel,2,4,"וידברו הכשדים למלך ארמית מלכא לעלמין חיי אמר חלמא <span class=""mam-kq""><span class=""mam-kq-k"">(לעבדיך)</span> <span class=""mam-kq-q"">[לעבדך]</span></span> ופשרא נחוא","The Chaldeans spoke to the king in Aramaic, “O king, live forever! Relate the dream to your servants, and we will tell its meaning.” ",Ninguno
Daniel,2,5,"ענה מלכא ואמר <span class=""mam-kq""><span class=""mam-kq-k"">(לכשדיא)</span> <span class=""mam-kq-q"">[לכשדאי]</span></span> מלתה מני אזדא הן לא תהודעונני חלמא ופשרה הדמין תתעבדון ובתיכון נולי יתשמון","The king said in reply to the Chaldeans, “I hereby decree: If you will not make the dream and its meaning known to me, you shall be torn limb from limb and your houses confiscated.bconfiscated Meaning uncertain; or “turned into ruins.” ",Ninguno
Daniel,2,6,והן חלמא ופשרה תהחון מתנן ונבזבה ויקר שגיא תקבלון מןקדמי להן חלמא ופשרה החוני,"But if you tell the dream and its meaning, you shall receive from me gifts, presents, and great honor; therefore, tell me the dream and its meaning.” ",Ninguno
Daniel,2,7,ענו תנינות ואמרין מלכא חלמא יאמר לעבדוהי ופשרה נהחוה,"Once again they answered, “Let the king relate the dream to his servants, and we will tell its meaning.” ",Ninguno
Daniel,2,8,ענה מלכא ואמר מןיציב ידע אנה די עדנא אנתון זבנין כלקבל די חזיתון די אזדא מני מלתא,"The king said in reply, “It is clear to me that you are playing for time, since you see that I have decreed ",Percepción (Yada)
Daniel,2,9,"די הןחלמא לא תהודענני חדההיא דתכון ומלה כדבה ושחיתה <span class=""mam-kq""><span class=""mam-kq-k"">(הזמנתון)</span> <span class=""mam-kq-q"">[הזדמנתון]</span></span> למאמר קדמי עד די עדנא ישתנא להן חלמא אמרו לי ואנדע די פשרה תהחונני","that if you do not make the dream known to me, there is but one verdict for you. You have conspired to tell me something false and fraudulent until circumstances change; so relate the dream to me, and I will then know that you can tell its meaning.” ",Ninguno
Daniel,2,10,"ענו <span class=""mam-kq""><span class=""mam-kq-k"">(כשדיא)</span> <span class=""mam-kq-q"">[כשדאי]</span></span> קדםמלכא ואמרין לאאיתי אנש עליבשתא די מלת מלכא יוכל להחויה כלקבל די כלמלך רב ושליט מלה כדנה לא שאל לכלחרטם ואשף וכשדי","The Chaldeans said in reply to the king, “There is no one on earth who can satisfy the king’s demand,csatisfy the king’s demand Lit. “tell the king’s matter.” for great king or ruler—none has ever asked such a thing of any magician, exorcist, or Chaldean. ",Ninguno
Daniel,2,11,ומלתא דימלכה שאל יקירה ואחרן לא איתי די יחונה קדם מלכא להן אלהין די מדרהון עםבשרא לא איתוהי,The thing asked by the king is difficult; there is no one who can tell it to the king except the gods whose abode is not among mortals.”dmortals Lit. “flesh.” ,Ninguno
Daniel,2,12,כלקבל דנה מלכא בנס וקצף שגיא ואמר להובדה לכל חכימי בבל,"Whereupon the king flew into a violent rage, and gave an order to do away with all the sages of Babylon.",Ninguno
Daniel,2,13,"ודתא נפקת וחכימיא מתקטלין ובעו דניאל וחברוהי להתקטלה&nbsp;<span class=""mam-spi-samekh"">{ס}</span>&nbsp;&nbsp;&nbsp;&nbsp;&nbsp;&nbsp;&nbsp;&nbsp;",The decree condemning the sages to death was issued. Daniel and his companions were about to be put to death ,Ninguno
Daniel,2,14,באדין דניאל התיב עטא וטעם לאריוך רבטבחיא די מלכא די נפק לקטלה לחכימי בבל,"when Daniel remonstrated with Arioch, the captain of the royal guard who had set out to put the sages of Babylon to death. ",Ninguno
Daniel,2,15,ענה ואמר לאריוך שליטא דימלכא עלמה דתא מהחצפה מןקדם מלכא אדין מלתא הודע אריוך לדניאל,"He spoke up and said to Arioch, the royal officer, “Why is the decree of the king so urgent?” Thereupon Arioch informed Daniel of the matter. ",Ninguno
Daniel,2,16,"ודניאל על ובעה מןמלכא די זמן ינתןלה ופשרא להחויה למלכא&nbsp;<span class=""mam-spi-samekh"">{ס}</span>&nbsp;&nbsp;&nbsp;&nbsp;&nbsp;&nbsp;&nbsp;&nbsp;","So Daniel went to ask the king for time, that he might tell the meaning to the king. ",Ninguno
Daniel,2,17,אדין דניאל לביתה אזל ולחנניה מישאל ועזריה חברוהי מלתא הודע,"Then Daniel went to his house and informed his companions, Hananiah, Mishael, and Azariah, of the matter, ",Ninguno
Daniel,2,18,ורחמין למבעא מןקדם אלה שמיא עלרזא דנה די לא יהובדון דניאל וחברוהי עםשאר חכימי בבל,"that they might implore the God of Heaven for help regarding this mystery, so that Daniel and his colleagues would not be put to death together with the other sages of Babylon.",Ninguno
Daniel,2,19,אדין לדניאל בחזוא דיליליא רזא גלי אדין דניאל ברך לאלה שמיא,The mystery was revealed to Daniel in a night vision; then Daniel blessed the God of Heaven. ,Ninguno
Daniel,2,20,ענה דניאל ואמר להוא שמה דיאלהא מברך מןעלמא ועד עלמא די חכמתא וגבורתא די לההיא,"Daniel spoke up and said:“Let the name of God be blessed forever and ever,For wisdom and power are God’s—",Ninguno
Daniel,2,21,והוא מהשנא עדניא וזמניא מהעדה מלכין ומהקים מלכין יהב חכמתא לחכימין ומנדעא לידעי בינה,"Who changes times and seasons,Removes kings and installs kings;Who gives the wise their wisdomAnd knowledge to those who know;","Control/Derecha (Yamin), Percepción (Yada)"
Daniel,2,22,"הוא גלא עמיקתא ומסתרתא ידע מה בחשוכא <span class=""mam-kq""><span class=""mam-kq-k"">(ונהירא)</span> <span class=""mam-kq-q"">[ונהורא]</span></span> עמה שרא","Who reveals deep and hidden things,Knows what is in the darkness—With whom light dwells.",Percepción (Yada)
Daniel,2,23,לך&thinsp;<b></b> אלה אבהתי מהודא ומשבח אנה די חכמתא וגבורתא יהבת לי וכען הודעתני דיבעינא מנך דימלת מלכא הודעתנא,"I acknowledge and praise You,O God of my ancestors,You who have given me wisdom and power,For now You have let me know what we asked of You;You have let us know what concerns the king.”",Ninguno
Daniel,2,24,"כלקבל דנה דניאל על עלאריוך די מני מלכא להובדה לחכימי בבל אזל&thinsp;<b></b> וכן אמרלה לחכימי בבל אלתהובד העלני קדם מלכא ופשרא למלכא אחוא&nbsp;<span class=""mam-spi-samekh"">{ס}</span>&nbsp;&nbsp;&nbsp;&nbsp;&nbsp;&nbsp;&nbsp;&nbsp;","Thereupon Daniel went to Arioch, whom the king had appointed to do away with the sages of Babylon; he came and said to him as follows, “Do not do away with the sages of Babylon; bring me to the king and I will tell the king the meaning!” ",Ninguno
Daniel,2,25,אדין אריוך בהתבהלה הנעל לדניאל קדם מלכא וכן אמרלה דיהשכחת גבר מןבני גלותא די יהוד די פשרא למלכא יהודע,"So Arioch rushed Daniel into the king’s presence and said to him, “I have found among the exiles of Judah a man who can make the meaning known to the king!” ",Ninguno
Daniel,2,26,"ענה מלכא ואמר לדניאל די שמה בלטשאצר <span class=""mam-kq""><span class=""mam-kq-k"">(האיתיך)</span> <span class=""mam-kq-q"">[האיתך]</span></span> כהל להודעתני חלמא דיחזית ופשרה","The king said in reply to Daniel (who was called Belteshazzar), “Can you really make known to me the dream that I saw and its meaning?” ",Ninguno
Daniel,2,27,ענה דניאל קדם מלכא ואמר רזא דימלכא שאל לא חכימין אשפין חרטמין גזרין יכלין להחויה למלכא,"Daniel answered the king and said, “The mystery about which the king has inquired—sages, exorcists, magicians, and diviners cannot tell to the king. ",Control/Derecha (Yamin)
Daniel,2,28,"ברם איתי אלה בשמיא גלא רזין והודע למלכא נבוכדנצר מה די להוא באחרית יומיא חלמך וחזוי ראשך עלמשכבך דנה הוא&nbsp;<span class=""mam-spi-samekh"">{ס}</span>&nbsp;&nbsp;&nbsp;&nbsp;&nbsp;&nbsp;&nbsp;&nbsp;","But there is a God in heaven who reveals mysteries, who has made known to King Nebuchadnezzar what is to be at the end of days. This is your dream and the vision that entered your mind in bed: ",Ninguno
Daniel,2,29,"<span class=""mam-kq""><span class=""mam-kq-k"">(אנתה)</span> <span class=""mam-kq-q"">[אנת]</span></span> מלכא רעיונך עלמשכבך סלקו מה די להוא אחרי דנה וגלא רזיא הודעך מהדי להוא","O king, the thoughts that came to your mind in your bed are about future events; the Revealer of Mysteries has let you know what is to happen. ",Ninguno
Daniel,2,30,"ואנה לא בחכמה דיאיתי בי מןכלחייא רזא דנה גלי לי להן עלדברת די פשרא למלכא יהודעון ורעיוני לבבך תנדע&nbsp;<span class=""mam-spi-samekh"">{ס}</span>&nbsp;&nbsp;&nbsp;&nbsp;&nbsp;&nbsp;&nbsp;&nbsp;","Not because my wisdom is greater than that of other creatures has this mystery been revealed to me, but in order that the meaning should be made known to the king, and that you may know the thoughts of your mind.",Ninguno
Daniel,2,31,"<span class=""mam-kq""><span class=""mam-kq-k"">(אנתה)</span> <span class=""mam-kq-q"">[אנת]</span></span> מלכא חזה הוית ואלו צלם חד שגיא צלמא דכן רב וזיוה יתיר קאם לקבלך ורוה דחיל","“O king, as you looked on, there appeared a great statue. This statue, which was huge and its brightness surpassing, stood before you, and its appearance was awesome. ",Ninguno
Daniel,2,32,הוא צלמא ראשה דידהב טב חדוהי ודרעוהי די כסף מעוהי וירכתה די נחש,"The head of that statue was of fine gold; its breast and arms were of silver; its belly and thighs, of bronze; ",Ninguno
Daniel,2,33,"שקוהי די פרזל רגלוהי <span class=""mam-kq""><span class=""mam-kq-k"">(מנהון)</span> <span class=""mam-kq-q"">[מנהין]</span></span> די פרזל <span class=""mam-kq""><span class=""mam-kq-k"">(ומנהון)</span> <span class=""mam-kq-q"">[ומנהין]</span></span> די חסף","its legs were of iron, and its feet part iron and part clay. ",Ninguno
Daniel,2,34,חזה הוית עד די התגזרת אבן דילא בידין ומחת לצלמא עלרגלוהי די פרזלא וחספא והדקת המון,"As you looked on, a stone was hewn out, not by hands, and struck the statue on its feet of iron and clay and crushed them. ",Ninguno
Daniel,2,35,באדין דקו כחדה פרזלא חספא נחשא כספא ודהבא והוו כעור מןאדריקיט ונשא המון רוחא וכלאתר לאהשתכח להון ואבנא&thinsp;<b></b> דימחת לצלמא הות לטור רב ומלאת כלארעא,"All at once, the iron, clay, bronze, silver, and gold were crushed, and became like chaff of the threshing floors of summer; a wind carried them off until no trace of them was left. But the stone that struck the statue became a great mountain and filled the whole earth.",Ninguno
Daniel,2,36,דנה חלמא ופשרה נאמר קדםמלכא,"“Such was the dream, and we will now tell the king its meaning. ",Ninguno
Daniel,2,37,"<span class=""mam-kq""><span class=""mam-kq-k"">(אנתה)</span> <span class=""mam-kq-q"">[אנת]</span></span> מלכא מלך מלכיא די אלה שמיא מלכותא חסנא ותקפא ויקרא יהבלך","You, O king—king of kings, to whom the God of Heaven has given kingdom, power, might, and glory; ",Ninguno
Daniel,2,38,"ובכלדי <span class=""mam-kq""><span class=""mam-kq-k"">(דארין)</span> <span class=""mam-kq-q"">[דירין]</span></span> בניאנשא חיות ברא ועוףשמיא יהב בידך והשלטך בכלהון <span class=""mam-kq""><span class=""mam-kq-k"">(אנתה)</span> <span class=""mam-kq-q"">[אנת]</span></span>הוא ראשה די דהבא","into whose hands have been given humans, wild animals, and the fowl of heaven, wherever they may dwell; and to whom has been given dominion over them all—you are the head of gold. ",Ninguno
Daniel,2,39,"ובתרך תקום מלכו אחרי <span class=""mam-kq""><span class=""mam-kq-k"">(ארעא)</span> <span class=""mam-kq-q"">[ארע]</span></span> מנך ומלכו <span class=""mam-kq""><span class=""mam-kq-k"">(תליתיא)</span> <span class=""mam-kq-q"">[תליתאה]</span></span> אחרי די נחשא די תשלט בכלארעא","But another kingdom will arise after you, inferior to yours; then yet a third kingdom, of bronze, which will rule over the whole earth. ",Ninguno
Daniel,2,40,"ומלכו <span class=""mam-kq""><span class=""mam-kq-k"">(רביעיה)</span> <span class=""mam-kq-q"">[רביעאה]</span></span> תהוא תקיפה כפרזלא כלקבל די פרזלא מהדק וחשל כלא וכפרזלא דימרעע כלאלן תדק ותרע",But the fourth kingdom will be as strong as iron; just as iron crushes and shatters everything—and like iron that smashes—so will it crush and smash all these. ,Ninguno
Daniel,2,41,"ודיחזיתה רגליא ואצבעתא <span class=""mam-kq""><span class=""mam-kq-k"">(מנהון)</span> <span class=""mam-kq-q"">[מנהן]</span></span> חסף דיפחר <span class=""mam-kq""><span class=""mam-kq-k"">(ומנהון)</span> <span class=""mam-kq-q"">[ומנהין]</span></span> פרזל מלכו פליגה תהוה ומןנצבתא דיפרזלא להואבה כלקבל די חזיתה פרזלא מערב בחסף טינא","You saw the feet and the toes, part potter’s clay and part iron; that means it will be a divided kingdom; it will have only some of the stability of iron, inasmuch as you saw iron mixed with common clay. ",Ninguno
Daniel,2,42,"ואצבעת רגליא <span class=""mam-kq""><span class=""mam-kq-k"">(מנהון)</span> <span class=""mam-kq-q"">[מנהין]</span></span> פרזל <span class=""mam-kq""><span class=""mam-kq-k"">(ומנהון)</span> <span class=""mam-kq-q"">[ומנהין]</span></span> חסף מןקצת מלכותא תהוה תקיפה ומנה תהוא תבירה",And the toes were part iron and part clay; that [means] the kingdom will be in part strong and in part brittle. ,Ninguno
Daniel,2,43,"<span class=""mam-kq""><span class=""mam-kq-k"">(די)</span> <span class=""mam-kq-q"">[ודי]</span></span> חזית פרזלא מערב בחסף טינא מתערבין להון בזרע אנשא ולאלהון דבקין דנה עםדנה האכדי פרזלא לא מתערב עםחספא","You saw iron mixed with common clay; that means: they shall intermingle through marriage,ethrough marriage Lit. “by human seed”; meaning uncertain. but shall not hold together, just as iron does not mix with clay. ",Separación (Beyn)
Daniel,2,44,וביומיהון די מלכיא אנון יקים אלה שמיא מלכו די לעלמין לא תתחבל ומלכותה לעם אחרן לא תשתבק תדק ותסיף כלאלין מלכותא והיא תקום לעלמיא,"And in the time of those kings, the God of Heaven will establish a kingdom that shall never be destroyed, a kingdom that shall not be transferred to another people. It will crush and wipe out all these kingdoms, but shall itself last forever— ",Ninguno
Daniel,2,45,"כלקבל דיחזית די מטורא אתגזרת אבן דילא בידין והדקת פרזלא נחשא חספא כספא ודהבא אלה רב הודע למלכא מה די להוא אחרי דנה ויציב חלמא ומהימן פשרה&nbsp;<span class=""mam-spi-samekh"">{ס}</span>&nbsp;&nbsp;&nbsp;&nbsp;&nbsp;&nbsp;&nbsp;&nbsp;","just as you saw how a stone was hewn from the mountain, not by hands, and crushed the iron, bronze, clay, silver, and gold. The great God has made known to the king what will happen in the future. The dream is sure and its interpretation reliable.”",Ninguno
Daniel,2,46,באדין מלכא נבוכדנצר נפל עלאנפוהי ולדניאל סגד ומנחה וניחחין אמר לנסכה לה,Then King Nebuchadnezzar prostrated himself and paid homage to Daniel and ordered that a grain offering and pleasing offerings be made to him. ,Ninguno
Daniel,2,47,ענה מלכא לדניאל ואמר מןקשט די אלהכון הוא אלה אלהין ומרא מלכין וגלה רזין די יכלת למגלא רזא דנה,"The king said in reply to Daniel, “Truly your God must be the God of gods and Sovereign of kings and the revealer of mysteries to have enabled you to reveal this mystery.” ",Ninguno
Daniel,2,48,אדין מלכא לדניאל רבי ומתנן רברבן שגיאן יהבלה והשלטה על כלמדינת בבל ורבסגנין על כלחכימי בבל,"The king then elevated Daniel and gave him very many gifts, and made him governor of the whole province of Babylon and chief prefect of all the sages of Babylon. ",Ninguno
Daniel,2,49,"ודניאל בעא מןמלכא ומני על עבידתא די מדינת בבל לשדרך מישך ועבד נגו ודניאל בתרע מלכא&nbsp;<span class=""mam-spi-pe"">{פ}</span><br>","At Daniel’s request, the king appointed Shadrach, Meshach, and Abed-nego to administer the province of Babylon; while Daniel himself was at the king’s court.",Ninguno
Daniel,3,1,נבוכדנצר מלכא עבד צלם דידהב רומה אמין שתין פתיה אמין שת אקימה בבקעת דורא במדינת בבל,King Nebuchadnezzar made a statue of gold sixty cubits high and six cubits broad. He set it up in the plain of Dura in the province of Babylon. ,Ninguno
Daniel,3,2,ונבוכדנצר מלכא שלח למכנש&thinsp;<b></b> לאחשדרפניא סגניא ופחותא אדרגזריא גדבריא דתבריא תפתיא וכל שלטני מדינתא למתא לחנכת צלמא די הקים נבוכדנצר מלכא,"King Nebuchadnezzar then sent word to gather the satraps, prefects, governors, counselors, treasurers, judges, officers, and all the provincial officials to attend the dedication of the statue that King Nebuchadnezzar had set up. ",Ninguno
Daniel,3,3,"באדין מתכנשין אחשדרפניא סגניא ופחותא אדרגזריא גדבריא דתבריא תפתיא וכל שלטני מדינתא לחנכת צלמא די הקים נבוכדנצר מלכא <span class=""mam-kq""><span class=""mam-kq-k"">(וקאמין)</span> <span class=""mam-kq-q"">[וקימין]</span></span> לקבל צלמא די הקים נבכדנצר","So the satraps, prefects, governors, counselors, treasurers, judges, officers, and all the provincial officials assembled for the dedication of the statue that King Nebuchadnezzar had set up, and stood before the statue that Nebuchadnezzar had set up. ",Control/Derecha (Yamin)
Daniel,3,4,וכרוזא קרא בחיל לכון אמרין עממיא אמיא ולשניא,"The herald proclaimed in a loud voice, “You are commanded, O peoples and nations of every language, ",Ninguno
Daniel,3,5,"בעדנא דיתשמעון קל קרנא משרוקיתא <span class=""mam-kq""><span class=""mam-kq-k"">(קיתרס)</span> <span class=""mam-kq-q"">[קתרוס]</span></span> שבכא פסנתרין סומפניא וכל זני זמרא תפלון ותסגדון לצלם דהבא די הקים נבוכדנצר מלכא","when you hear the sound of the horn, pipe, zither, lyre, psaltery, bagpipe, and all other types of instruments, to fall down and worship the statue of gold that King Nebuchadnezzar has set up. ",Ninguno
Daniel,3,6,ומןדילא יפל ויסגד בהשעתא יתרמא לגואאתון נורא יקדתא,Whoever will not fall down and worship shall at once be thrown into a burning fiery furnace.” ,Ninguno
Daniel,3,7,"כלקבל דנה בהזמנא כדי שמעין כלעממיא קל קרנא משרוקיתא <span class=""mam-kq""><span class=""mam-kq-k"">(קיתרס)</span> <span class=""mam-kq-q"">[קתרוס]</span></span> שבכא פסנטרין וכל זני זמרא נפלין כלעממיא אמיא ולשניא סגדין לצלם דהבא די הקים נבוכדנצר מלכא","And so, as soon as all the peoples heard the sound of the horn, pipe, zither, lyre, psaltery, and all other types of instruments, all peoples and nations of every language fell down and worshiped the statue of gold that King Nebuchadnezzar had set up.",Ninguno
Daniel,3,8,כלקבל דנה בהזמנא קרבו גברין כשדאין ואכלו קרציהון די יהודיא,"Seizing the occasion, certain Chaldeans came forward to slander the Jews. ",Ninguno
Daniel,3,9,ענו ואמרין לנבוכדנצר מלכא מלכא לעלמין חיי,"They spoke up and said to King Nebuchadnezzar, “O king, live forever! ",Ninguno
Daniel,3,10,"<span class=""mam-kq""><span class=""mam-kq-k"">(אנתה)</span> <span class=""mam-kq-q"">[אנת]</span></span> מלכא שמת טעם די כלאנש דיישמע קל קרנא משרקיתא <span class=""mam-kq""><span class=""mam-kq-k"">(קיתרס)</span> <span class=""mam-kq-q"">[קתרוס]</span></span> שבכא פסנתרין <span class=""mam-kq""><span class=""mam-kq-k"">(וסיפניה)</span> <span class=""mam-kq-q"">[וסופניה]</span></span> וכל זני זמרא יפל ויסגד לצלם דהבא","You, O king, gave an order that everyone who hears the horn, pipe, zither, lyre, psaltery, bagpipe, and all types of instruments must fall down and worship the golden statue, ",Ninguno
Daniel,3,11,ומןדילא יפל ויסגד יתרמא לגואאתון נורא יקדתא,and whoever does not fall down and worship shall be thrown into a burning fiery furnace. ,Ninguno
Daniel,3,12,"איתי גברין יהודאין דימנית יתהון עלעבידת מדינת בבל שדרך מישך ועבד נגו גבריא אלך לאשמו <span class=""mam-kq""><span class=""mam-kq-k"">(עליך)</span> <span class=""mam-kq-q"">[עלך]</span></span> מלכא טעם <span class=""mam-kq""><span class=""mam-kq-k"">(לאלהיך)</span> <span class=""mam-kq-q"">[לאלהך]</span></span> לא פלחין ולצלם דהבא די הקימת לא סגדין","There are certain Jews whom you appointed to administer the province of Babylon, Shadrach, Meshach, and Abed-nego; those men pay no heed to you, O king; they do not serve your god or worship the statue of gold that you have set up.”",Ninguno
Daniel,3,13,באדין נבוכדנצר ברגז וחמא אמר להיתיה לשדרך מישך ועבד נגו באדין גבריא אלך היתיו קדם מלכא,"Then Nebuchadnezzar, in raging fury, ordered Shadrach, Meshach, and Abed-nego to be brought; so those men were brought before the king. ",Ninguno
Daniel,3,14,ענה נבוכדנצר ואמר להון הצדא שדרך מישך ועבד נגו לאלהי לא איתיכון פלחין ולצלם דהבא די הקימת לא סגדין,"Nebuchadnezzar spoke to them and said, “Is it true, Shadrach, Meshach, and Abed-nego, that you do not serve my god or worship the statue of gold that I have set up? ",Ninguno
Daniel,3,15,"כען הן איתיכון עתידין די בעדנא דיתשמעון קל קרנא משרוקיתא <span class=""mam-kq""><span class=""mam-kq-k"">(קיתרס)</span> <span class=""mam-kq-q"">[קתרוס]</span></span> שבכא פסנתרין וסומפניה וכל&thinsp;<b></b> זני זמרא תפלון ותסגדון לצלמא דיעבדת והן לא תסגדון בהשעתא תתרמון לגואאתון נורא יקדתא ומןהוא אלה די ישיזבנכון מןידי","Now if you are ready to fall down and worship the statue that I have made when you hear the sound of the horn, pipe, zither, lyre, psaltery, and bagpipe, and all other types of instruments, [well and good]; but if you will not worship, you shall at once be thrown into a burning fiery furnace, and what god is there that can save you from my power?” ",Ninguno
Daniel,3,16,ענו שדרך מישך ועבד נגו ואמרין למלכא נבוכדנצר לאחשחין אנחנא עלדנה פתגם להתבותך,"Shadrach, Meshach, and Abed-nego said in reply to the king, “O Nebuchadnezzar, we have no need to answer you in this matter, ",Ninguno
Daniel,3,17,הן איתי אלהנא דיאנחנא פלחין יכל לשיזבותנא מןאתון נורא יקדתא ומןידך מלכא ישיזב,"for if so it must be, our God whom we serve is able to save us from the burning fiery furnace—and will save us from your power, O king. ",Ninguno
Daniel,3,18,"והן לא ידיע להואלך מלכא די <span class=""mam-kq""><span class=""mam-kq-k"">(לאלהיך)</span> <span class=""mam-kq-q"">[לאלהך]</span></span> לא<span class=""mam-kq""><span class=""mam-kq-q"">[איתנא]</span> <span class=""mam-kq-k"">(איתינא)</span></span> פלחין ולצלם דהבא די הקימת לא נסגד&nbsp;<span class=""mam-spi-pe"">{פ}</span><br>","But even if [our God] does not, be it known to you, O king, that we will not serve your god or worship the statue of gold that you have set up.”",Ninguno
Daniel,3,19,"באדין נבוכדנצר התמלי חמא וצלם אנפוהי <span class=""mam-kq""><span class=""mam-kq-k"">(אשתנו)</span> <span class=""mam-kq-q"">[אשתני]</span></span> עלשדרך מישך ועבד נגו ענה ואמר למזא לאתונא חדשבעה על די חזה למזיה","Nebuchadnezzar was so filled with rage at Shadrach, Meshach, and Abed-nego that his visage was distorted, and he gave an order to heat up the furnace to seven times its usual heat. ",Ninguno
Daniel,3,20,ולגברין גבריחיל די בחילה אמר לכפתה לשדרך מישך ועבד נגו למרמא לאתון נורא יקדתא,"He commanded some of the strongest men of his army to bind Shadrach, Meshach, and Abed-nego, and to throw them into the burning fiery furnace. ",Ninguno
Daniel,3,21,"באדין גבריא אלך כפתו בסרבליהון <span class=""mam-kq""><span class=""mam-kq-k"">(פטישיהון)</span> <span class=""mam-kq-q"">[פטשיהון]</span></span> וכרבלתהון ולבשיהון ורמיו לגואאתון נורא יקדתא","So these men, in their shirts, trousers, hats, and other garments, were bound and thrown into the burning fiery furnace. ",Ninguno
Daniel,3,22,כלקבל דנה מןדי מלת מלכא מחצפה ואתונא אזה יתירה גבריא אלך די הסקו לשדרך מישך ועבד נגו קטל המון שביבא די נורא,"Because the king’s order was urgent, and the furnace was heated to excess, a tongue of flame killed the men who carried up Shadrach, Meshach, and Abed-nego. ",Ninguno
Daniel,3,23,"וגבריא אלך תלתהון שדרך מישך ועבד נגו נפלו לגואאתוןנורא יקדתא מכפתין&nbsp;<span class=""mam-spi-pe"">{פ}</span><br>","But those three men, Shadrach, Meshach, and Abed-nego, dropped, bound, into the burning fiery furnace.",Ninguno
Daniel,3,24,אדין נבוכדנצר מלכא תוה וקם בהתבהלה ענה ואמר להדברוהי הלא גברין תלתה רמינא לגואנורא מכפתין ענין ואמרין למלכא יציבא מלכא,"Then King Nebuchadnezzar was astonished and, rising in haste, addressed his companions, saying, “Did we not throw three men, bound, into the fire?” They spoke in reply, “Surely, O king.” ",Ninguno
Daniel,3,25,"ענה ואמר האאנה חזה גברין ארבעה שרין מהלכין בגואנורא וחבל לאאיתי בהון ורוה די <span class=""mam-kq""><span class=""mam-kq-k"">(רביעיא)</span> <span class=""mam-kq-q"">[רביעאה]</span></span> דמה לבראלהין","He answered, “But I see four figures walking about unbound and unharmed in the fire and the fourth looks like a divine being.” ",Ninguno
Daniel,3,26,"באדין קרב נבוכדנצר לתרע אתון נורא יקדתא ענה ואמר שדרך מישך ועבדנגו עבדוהי דיאלהא <span class=""mam-kq""><span class=""mam-kq-k"">(עליא)</span> <span class=""mam-kq-q"">[עלאה]</span></span> פקו ואתו באדין נפקין שדרך מישך ועבד נגו מןגוא נורא","Nebuchadnezzar then approached the hatch of the burning fiery furnace and called, “Shadrach, Meshach, Abed-nego, servants of the Most High God, come out!” So Shadrach, Meshach, and Abed-nego came out of the fire. ",Ninguno
Daniel,3,27,ומתכנשין אחשדרפניא סגניא ופחותא והדברי מלכא חזין לגבריא אלך די לאשלט נורא בגשמהון ושער ראשהון לא התחרך וסרבליהון לא שנו וריח נור לא עדת בהון,"The satraps, the prefects, the governors, and the royal companions gathered around to look at those men, on whose bodies the fire had had no effect, the hair of whose heads had not been singed, whose shirts looked no different, to whom not even the odor of fire clung. ",Ninguno
Daniel,3,28,"ענה נבוכדנצר ואמר בריך אלההון דישדרך מישך ועבד נגו דישלח מלאכה ושיזב לעבדוהי די התרחצו עלוהי ומלת מלכא שניו ויהבו <span class=""mam-kq""><span class=""mam-kq-k"">(גשמיהון)</span> <span class=""mam-kq-q"">[גשמהון]</span></span> די לאיפלחון ולאיסגדון לכלאלה להן לאלההון","Nebuchadnezzar spoke up and said, “Blessed be the God of Shadrach, Meshach, and Abed-nego—in whom they placed their trust—and who sent an angel to save these servants, who flouted the king’s decree at the risk of their lives rather than serve or worship any god but their own God. ",Ninguno
Daniel,3,29,"ומני שים טעם די כלעם אמה ולשן דייאמר <span class=""mam-kq""><span class=""mam-kq-k"">(שלה)</span> <span class=""mam-kq-q"">[שלו]</span></span> על אלההון דישדרך מישך ועבד נגוא הדמין יתעבד וביתה נולי ישתוה כלקבל די לא איתי אלה אחרן דייכל להצלה כדנה","I hereby give an order that [anyone of] any people or nation of whatever language who blasphemes the God of Shadrach, Meshach, and Abed-nego shall be torn limb from limb, and their house confiscated, for there is no other God who is able to save in this way.”",Ninguno
Daniel,3,30,"באדין מלכא הצלח לשדרך מישך ועבד נגו במדינת בבל&nbsp;<span class=""mam-spi-pe"">{פ}</span><br>","Thereupon the king promoted Shadrach, Meshach, and Abed-nego in the province of Babylon.",Ninguno
Daniel,3,31,"נבוכדנצר מלכא לכלעממיא אמיא ולשניא די<span class=""mam-kq""><span class=""mam-kq-q"">[דירין]</span> <span class=""mam-kq-k"">(דארין)</span></span> בכלארעא שלמכון ישגא",“King Nebuchadnezzar to all people and nations of every language that inhabit the whole earth: May your well-being abound! ,Ninguno
Daniel,3,32,"אתיא ותמהיא די עבד עמי אלהא <span class=""mam-kq""><span class=""mam-kq-k"">(עליא)</span> <span class=""mam-kq-q"">[עלאה]</span></span> שפר קדמי להחויה",The signs and wonders that the Most High God has worked for me I am pleased to relate. ,Ninguno
Daniel,3,33,אתוהי כמה רברבין ותמהוהי כמה תקיפין מלכותה מלכות עלם ושלטנה עםדר ודר,"How great are God’s signs; how mighty God’s wonders! God’s kingdom is an everlasting kingdom, and God’s dominion endures throughout the generations.”",Separación (Beyn)
Daniel,4,1,אנה נבוכדנצר שלה הוית בביתי ורענן בהיכלי,"I, Nebuchadnezzar, was living serenely in my house, flourishing in my palace. ",Ninguno
Daniel,4,2,חלם חזית וידחלנני והרהרין עלמשכבי וחזוי ראשי יבהלנני,"I had a dream that frightened me, and my thoughts in bed and the vision of my mind alarmed me. ",Ninguno
Daniel,4,3,ומני שים טעם להנעלה קדמי לכל חכימי בבל דיפשר חלמא יהודענני,I gave an order to bring all the sages of Babylon before me to let me know the meaning of the dream. ,Ninguno
Daniel,4,4,"באדין <span class=""mam-kq""><span class=""mam-kq-k"">(עללין)</span> <span class=""mam-kq-q"">[עלין]</span></span> חרטמיא אשפיא <span class=""mam-kq""><span class=""mam-kq-k"">(כשדיא)</span> <span class=""mam-kq-q"">[כשדאי]</span></span> וגזריא וחלמא אמר אנה קדמיהון ופשרה לאמהודעין לי","The magicians, exorcists, Chaldeans, and diviners came, and I related the dream to them, but they could not make its meaning known to me. ",Ninguno
Daniel,4,5,ועד אחרין על קדמי דניאל דישמה בלטשאצר כשם אלהי ודי רוחאלהין קדישין בה וחלמא קדמוהי אמרת,"Finally, Daniel, called Belteshazzar after the name of my god, in whom the spirit of the holy gods was, came to me, and I related the dream to him, [saying], ",Ninguno
Daniel,4,6,בלטשאצר רב חרטמיא די&thinsp;<b></b> אנה ידעת די רוח אלהין קדישין בך וכלרז לאאנס לך חזוי חלמי דיחזית ופשרה אמר,"“Belteshazzar, chief magician, in whom I know the spirit of the holy gods to be, and whom no mystery baffles, tell me the meaning of my dream vision that I have seen. ",Percepción (Yada)
Daniel,4,7,וחזוי ראשי עלמשכבי חזה הוית ואלו אילן בגוא ארעא ורומה שגיא,In the visions of my mind in bedI saw a tree of great height in the midst of the earth;,Ninguno
Daniel,4,8,רבה אילנא ותקף ורומה ימטא לשמיא וחזותה לסוף כלארעא,"The tree grew and became mighty;Its top reached heaven,And it was visible to the ends of the earth.",Ninguno
Daniel,4,9,"עפיה שפיר ואנבה שגיא ומזון לכלאבה תחתוהי תטלל&thinsp;<b></b> חיות ברא ובענפוהי <span class=""mam-kq""><span class=""mam-kq-k"">(ידרון)</span> <span class=""mam-kq-q"">[ידורן]</span></span> צפרי שמיא ומנה יתזין כלבשרא","Its foliage was beautifulAnd its fruit abundant;There was food for all in it.Beneath it the beasts of the field found shade,And the birds of the sky dwelt on its branches;All creatures fed on it.",Ninguno
Daniel,4,10,חזה הוית בחזוי ראשי עלמשכבי ואלו עיר וקדיש מןשמיא נחת,"In the vision of my mind in bed, I looked and saw a holy Watcher coming down from heaven— ",Ninguno
Daniel,4,11,קרא בחיל וכן אמר גדו אילנא וקצצו ענפוהי אתרו עפיה ובדרו אנבה תנד חיותא מןתחתוהי וצפריא מןענפוהי,"who called loudly and said:‘Hew down the tree, lop off its branches,Strip off its foliage, scatter its fruit.Let the beasts of the field flee from beneath itAnd the birds from its branches,",Ninguno
Daniel,4,12,ברם עקר שרשוהי בארעא שבקו ובאסור דיפרזל ונחש בדתאא די ברא ובטל שמיא יצטבע ועםחיותא חלקה בעשב ארעא,"But leave the stump with its roots in the ground.In fetters of iron and bronzeIn the grass of the field,Let him be drenched with the dew of heaven,And share earth’s verdure with the beasts.",Ninguno
Daniel,4,13,"לבבה מן<span class=""mam-kq""><span class=""mam-kq-q"">[אנשא]</span> <span class=""mam-kq-k"">(אנושא)</span></span> ישנון ולבב חיוה יתיהב לה ושבעה עדנין יחלפון עלוהי","Let his mind be altered from that of a human,And let him be given the mind of a beast,And let seven seasons pass over him.",Ninguno
Daniel,4,14,"בגזרת עירין פתגמא ומאמר קדישין שאלתא עדדברת די ינדעון חייא דישליט <span class=""mam-kq""><span class=""mam-kq-k"">(עליא)</span> <span class=""mam-kq-q"">[עלאה]</span></span> במלכות <span class=""mam-kq""><span class=""mam-kq-k"">(אנושא)</span> <span class=""mam-kq-q"">[אנשא]</span></span> ולמןדי יצבא יתננה ושפל אנשים יקים <span class=""mam-kq""><span class=""mam-kq-k"">(עליה)</span> <span class=""mam-kq-q"">[עלה]</span></span>","This sentence is decreed by the Watchers;This verdict is commanded by the Holy OnesSo that all creatures may knowThat the Most High is sovereign over human dominion,And gives it out at will,Perhaps setting over it even the lowest of human beings.’",Ninguno
Daniel,4,15,"דנה חלמא חזית אנה מלכא נבוכדנצר <span class=""mam-kq""><span class=""mam-kq-k"">(ואנתה)</span> <span class=""mam-kq-q"">[ואנת]</span></span> בלטשאצר פשרא&thinsp;<b></b> אמר כלקבל די&thinsp;<b></b> כלחכימי מלכותי לאיכלין פשרא להודעותני <span class=""mam-kq""><span class=""mam-kq-k"">(ואנתה)</span> <span class=""mam-kq-q"">[ואנת]</span></span> כהל די רוחאלהין קדישין בך","“I, King Nebuchadnezzar, had this dream; now you, Belteshazzar, tell me its meaning, since all the sages of my kingdom are not able to make its meaning known to me, but you are able, for the spirit of the holy gods is in you.”",Ninguno
Daniel,4,16,"אדין דניאל דישמה בלטשאצר אשתומם כשעה חדה ורעינהי יבהלנה ענה מלכא ואמר בלטשאצר חלמא ופשרא אליבהלך ענה בלטשאצר ואמר מראי חלמא <span class=""mam-kq""><span class=""mam-kq-k"">(לשנאיך)</span> <span class=""mam-kq-q"">[לשנאך]</span></span> ופשרה <span class=""mam-kq""><span class=""mam-kq-k"">(לעריך)</span> <span class=""mam-kq-q"">[לערך]</span></span>","Then Daniel, called Belteshazzar, was perplexed for a while, and alarmed by his thoughts. The king addressed him, “Let the dream and its meaning not alarm you.” Belteshazzar replied, “My lord, would that the dream were for your enemy and its meaning for your foe! ",Ninguno
Daniel,4,17,אילנא די חזית די רבה ותקף ורומה ימטא לשמיא וחזותה לכלארעא,"The tree that you saw grow and become mighty, whose top reached heaven, which was visible throughout the earth, ",Ninguno
Daniel,4,18,ועפיה שפיר ואנבה שגיא ומזון לכלאבה תחתוהי תדור חיות ברא ובענפוהי ישכנן צפרי שמיא,"whose foliage was beautiful, whose fruit was so abundant that there was food for all in it, beneath which the beasts of the field dwelt, and in whose branches the birds of the sky lodged— ",Ninguno
Daniel,4,19,"<span class=""mam-kq""><span class=""mam-kq-k"">(אנתה)</span> <span class=""mam-kq-q"">[אנת]</span></span>הוא מלכא די <span class=""mam-kq""><span class=""mam-kq-k"">(רבית)</span> <span class=""mam-kq-q"">[רבת]</span></span> ותקפת ורבותך רבת ומטת לשמיא ושלטנך לסוף ארעא","it is you, O king, you who have grown and become mighty, whose greatness has grown to reach heaven, and whose dominion is to the end of the earth. ",Ninguno
Daniel,4,20,ודי חזה מלכא עיר וקדיש נחת&thinsp;<small></small>&thinsp;מןשמיא ואמר גדו אילנא וחבלוהי ברם עקר שרשוהי בארעא שבקו ובאסור דיפרזל ונחש בדתאא די ברא ובטל שמיא יצטבע ועםחיות ברא חלקה עד דישבעה עדנין יחלפון עלוהי,"The holy Watcher whom the king saw descend from heaven and say,Hew down the tree and destroy it,But leave the stump with its roots in the ground.In fetters of iron and bronzeIn the grass of the field,Let him be drenched with the dew of heaven,And share the lot of the beasts of the fieldUntil seven seasons pass over him—",Ninguno
Daniel,4,21,"דנה פשרא מלכא וגזרת <span class=""mam-kq""><span class=""mam-kq-k"">(עליא)</span> <span class=""mam-kq-q"">[עלאה]</span></span> היא די מטת על<span class=""mam-kq-trivial"">מראי</span> מלכא","this is its meaning, O king; it is the decree of the Most High that has overtaken my lord the king. ",Ninguno
Daniel,4,22,"ולך טרדין מןאנשא ועםחיות ברא להוה מדרך ועשבא כתורין&thinsp;<b></b> לך יטעמון ומטל שמיא לך מצבעין ושבעה עדנין יחלפון <span class=""mam-kq""><span class=""mam-kq-k"">(עליך)</span> <span class=""mam-kq-q"">[עלך]</span></span> עד דיתנדע דישליט <span class=""mam-kq""><span class=""mam-kq-k"">(עליא)</span> <span class=""mam-kq-q"">[עלאה]</span></span> במלכות אנשא ולמןדי יצבא יתננה","You will be driven away from society and have your habitation with the beasts of the field. You will be fed grass like cattle, and be drenched with the dew of heaven; seven seasons will pass over you until you come to know that the Most High is sovereign over human dominion, and gives it out at will. ",Ninguno
Daniel,4,23,ודי אמרו למשבק עקר שרשוהי די אילנא מלכותך לך קימא מןדי תנדע די שלטן שמיא,And the meaning of the command to leave the stump of the tree with its roots is that the kingdom will remain yours from the time you come to know that Heaven is sovereign. ,Ninguno
Daniel,4,24,"להן מלכא מלכי ישפר <span class=""mam-kq""><span class=""mam-kq-k"">(עליך)</span> <span class=""mam-kq-q"">[עלך]</span></span> <span class=""mam-kq""><span class=""mam-kq-k"">(וחטיך)</span> <span class=""mam-kq-q"">[וחטאך]</span></span> בצדקה פרק ועויתך במחן ענין הן תהוה ארכה לשלותך","Therefore, O king, may my advice be acceptable to you: Redeem your sins by beneficence and your iniquities by generosity to the poor; then your serenity may be extended.”",Ninguno
Daniel,4,25,"כלא מטא עלנבוכדנצר מלכא&nbsp;<span class=""mam-spi-pe"">{פ}</span><br>",All this befell King Nebuchadnezzar. ,Ninguno
Daniel,4,26,לקצת ירחין תריעשר עלהיכל מלכותא די בבל מהלך הוה,"Twelve months later, as he was walking on the roof of the royal palace at Babylon, ",Ninguno
Daniel,4,27,ענה מלכא ואמר הלא דאהיא בבל רבתא דיאנה בניתה לבית מלכו בתקף חסני וליקר הדרי,"the king exclaimed, “There is great Babylon, which I have built by my vast power to be a royal residence for the glory of my majesty!” ",Ninguno
Daniel,4,28,עוד מלתא בפם מלכא קל מןשמיא נפל לך אמרין נבוכדנצר מלכא מלכותא עדת מנך,"The words were still on the king’s lips, when a voice fell from heaven, “It has been decreed for you, O King Nebuchadnezzar: The kingdom has passed out of your hands. ",Ninguno
Daniel,4,29,"ומןאנשא לך טרדין ועםחיות ברא מדרך עשבא כתורין לך יטעמון ושבעה עדנין יחלפון <span class=""mam-kq""><span class=""mam-kq-k"">(עליך)</span> <span class=""mam-kq-q"">[עלך]</span></span> עד דיתנדע דישליט <span class=""mam-kq""><span class=""mam-kq-k"">(עליא)</span> <span class=""mam-kq-q"">[עלאה]</span></span> במלכות אנשא ולמןדי יצבא יתננה","You are being driven away from society, and your habitation is to be with the beasts of the field. You are to be fed grass like cattle, and seven seasons will pass over you until you come to know that the Most High is sovereign over human dominion and gives it out at will.” ",Ninguno
Daniel,4,30,בהשעתא מלתא ספת עלנבוכדנצר ומןאנשא טריד ועשבא כתורין יאכל ומטל שמיא גשמה יצטבע עד די שערה כנשרין רבה וטפרוהי כצפרין,"There and then the sentence was carried out upon Nebuchadnezzar. He was driven away from society, he ate grass like cattle, and his body was drenched with the dew of heaven until his hair grew like eagle’s [feathers] and his nails like [the talons of] birds.",Ninguno
Daniel,4,31,"ולקצת יומיא אנה נבוכדנצר עיני&thinsp;<b></b> לשמיא נטלת ומנדעי עלי יתוב <span class=""mam-kq""><span class=""mam-kq-k"">(ולעליא)</span> <span class=""mam-kq-q"">[ולעלאה]</span></span> ברכת ולחי עלמא שבחת והדרת די שלטנה שלטן עלם ומלכותה עםדר ודר","“When the time had passed, I, Nebuchadnezzar, lifted my eyes to heaven, and my reason was restored to me. I blessed the Most High, and praised and glorified the Ever-Living One,Whose dominion is an everlasting dominionAnd whose kingdom endures throughout the generations.",Ninguno
Daniel,4,32,"וכל<span class=""mam-kq""><span class=""mam-kq-q"">[דירי]</span> <span class=""mam-kq-k"">(דארי)</span></span> ארעא כלה חשיבין וכמצביה עבד בחיל שמיא <span class=""mam-kq""><span class=""mam-kq-k"">(ודארי)</span> <span class=""mam-kq-q"">[ודירי]</span></span> ארעא ולא איתי דיימחא בידה ויאמר לה מה עבדת","All the inhabitants of the earth are of no account.[God] deals at will with the host of heaven,And with the inhabitants of the earth.There is none to stay God’s handOr to ask, ‘What have You done?’",Separación (Beyn)
Daniel,4,33,בהזמנא מנדעי&thinsp;<b></b> יתוב עלי וליקר מלכותי הדרי וזיוי יתוב עלי ולי הדברי ורברבני יבעון ועלמלכותי התקנת ורבו יתירה הוספת לי,"There and then my reason was restored to me, and my majesty and splendor were restored to me for the glory of my kingdom. My companions and nobles sought me out, and I was reestablished over my kingdom, and added greatness was given me. ",Ninguno
Daniel,4,34,"כען אנה נבכדנצר משבח ומרומם ומהדר למלך שמיא די כלמעבדוהי קשט וארחתה דין ודי מהלכין בגוה יכל להשפלה&nbsp;<span class=""mam-spi-pe"">{פ}</span><br>","So now I, Nebuchadnezzar, praise, exalt, and glorify the Ruler of Heaven, all of whose works are just and whose ways are right, and who is able to humble those who behave arrogantly.”",Ninguno
Daniel,5,1,בלשאצר מלכא עבד לחם רב לרברבנוהי אלף ולקבל אלפא חמרא שתה,"King Belshazzar gave a great banquet for his thousand nobles, and in the presence of the thousand he drank wine. ",Ninguno
Daniel,5,2,בלשאצר אמר&thinsp;<b></b> בטעם חמרא להיתיה למאני דהבא וכספא די הנפק נבוכדנצר אבוהי מןהיכלא די בירושלם וישתון בהון מלכא ורברבנוהי שגלתה ולחנתה,"Under the influence of the wine, Belshazzar ordered the gold and silver vessels that his father Nebuchadnezzar had taken out of the temple at Jerusalem to be brought so that the king and his nobles, his consorts, and his concubines could drink from them. ",Ninguno
Daniel,5,3,באדין היתיו מאני דהבא די הנפקו מןהיכלא דיבית אלהא די בירושלם ואשתיו בהון מלכא ורברבנוהי שגלתה ולחנתה,"The golden vessels that had been taken out of the sanctuary of the House of God in Jerusalem were then brought, and the king, his nobles, his consorts, and his concubines drank from them. ",Ninguno
Daniel,5,4,אשתיו חמרא ושבחו לאלהי דהבא וכספא נחשא פרזלא אעא ואבנא,"They drank wine and praised the gods of gold and silver, bronze, iron, wood, and stone. ",Ninguno
Daniel,5,5,"בהשעתה <span class=""mam-kq""><span class=""mam-kq-k"">(נפקו)</span> <span class=""mam-kq-q"">[נפקה]</span></span> אצבען די ידאנש וכתבן לקבל נברשתא עלגירא דיכתל היכלא די מלכא ומלכא חזה פס ידא די כתבה","Just then, the fingers of a human hand appeared and wrote on the plaster of the wall of the king’s palace opposite the lampstand, so that the king could see the hand as it wrote. ",Ninguno
Daniel,5,6,אדין מלכא זיוהי שנוהי ורעינהי יבהלונה וקטרי חרצה משתרין וארכבתה דא לדא נקשן,"The king’s face darkened, and his thoughts alarmed him; the joints of his loins were loosened and his knees knocked together. ",Ninguno
Daniel,5,7,"קרא מלכא בחיל להעלה לאשפיא <span class=""mam-kq""><span class=""mam-kq-k"">(כשדיא)</span> <span class=""mam-kq-q"">[כשדאי]</span></span> וגזריא ענה מלכא ואמר&thinsp;<b></b> לחכימי בבל די כלאנש דייקרה כתבה דנה ופשרה יחונני ארגונא ילבש <span class=""mam-kq""><span class=""mam-kq-k"">(והמנוכא)</span> <span class=""mam-kq-q"">[והמניכא]</span></span> דידהבא עלצוארה ותלתי במלכותא ישלט&nbsp;<span class=""mam-spi-samekh"">{ס}</span>&nbsp;&nbsp;&nbsp;&nbsp;&nbsp;&nbsp;&nbsp;&nbsp;","The king called loudly for the exorcists, Chaldeans, and diviners to be brought. The king addressed the sages of Babylon, “Whoever can read this writing and tell me its meaning shall be clothed in purple and wear a golden chain on his neck, and shall rule as one of threeaone of three Cf. 6.3; or “third in rank.” in the kingdom.”",Ninguno
Daniel,5,8,"אדין <span class=""mam-kq""><span class=""mam-kq-k"">(עללין)</span> <span class=""mam-kq-q"">[עלין]</span></span> כל חכימי מלכא ולאכהלין כתבא למקרא <span class=""mam-kq""><span class=""mam-kq-k"">(ופשרא)</span> <span class=""mam-kq-q"">[ופשרה]</span></span> להודעה למלכא","Then all the king’s sages came, but they could not read the writing or make known its meaning to the king. ",Ninguno
Daniel,5,9,אדין מלכא בלשאצר שגיא מתבהל וזיוהי שנין עלוהי ורברבנוהי משתבשין,"King Belshazzar grew exceedingly alarmed and his face darkened, and his nobles were dismayed. ",Ninguno
Daniel,5,10,"מלכתא לקבל מלי מלכא ורברבנוהי לבית משתיא <span class=""mam-kq""><span class=""mam-kq-k"">(עללת)</span> <span class=""mam-kq-q"">[עלת]</span></span> ענת מלכתא ואמרת מלכא לעלמין חיי אליבהלוך רעיונך <span class=""mam-kq""><span class=""mam-kq-k"">(וזיויך)</span> <span class=""mam-kq-q"">[וזיוך]</span></span> אלישתנו","Because of the state of the king and his nobles, the queen came to the banquet hall. The queen spoke up and said, “O king, live forever! Let your thoughts not alarm you or your face darken. ",Ninguno
Daniel,5,11,איתי גבר במלכותך די רוח אלהין קדישין בה וביומי אבוך נהירו ושכלתנו וחכמה כחכמתאלהין השתכחת בה ומלכא נבכדנצר אבוך רב חרטמין אשפין כשדאין גזרין הקימה אבוך מלכא,"There is a man in your kingdom who has the spirit of the holy gods in him; in your father’s time, illumination, understanding, and wisdom like that of the gods were to be found in him, and your father, King Nebuchadnezzar, appointed him chief of the magicians, exorcists, Chaldeans, and diviners. ",Ninguno
Daniel,5,12,"כלקבל די רוח&thinsp;<small></small>&thinsp;יתירה ומנדע ושכלתנו מפשר חלמין ואחוית אחידן ומשרא קטרין השתכחת בה בדניאל דימלכא שםשמה בלטשאצר כען דניאל יתקרי ופשרה יהחוה&nbsp;<span class=""mam-spi-pe"">{פ}</span><br>","Seeing that there is to be found in Daniel (whom the king called Belteshazzar) extraordinary spirit, knowledge, and understanding to interpret dreams, to explain riddles and solve problems, let Daniel now be called to tell the meaning [of the writing].”",Ninguno
Daniel,5,13,"באדין דניאל העל קדם מלכא ענה מלכא ואמר לדניאל <span class=""mam-kq""><span class=""mam-kq-k"">(אנתה)</span> <span class=""mam-kq-q"">[אנת]</span></span>הוא דניאל דימןבני גלותא די יהוד די היתי מלכא אבי מןיהוד","Daniel was then brought before the king. The king addressed Daniel, “You are Daniel, one of the exiles of Judah whom my father, the king, brought from Judah. ",Ninguno
Daniel,5,14,"ושמעת <span class=""mam-kq""><span class=""mam-kq-k"">(עליך)</span> <span class=""mam-kq-q"">[עלך]</span></span> די רוח אלהין בך ונהירו ושכלתנו וחכמה יתירה השתכחת בך","I have heard about you that you have the spirit of the gods in you, and that illumination, knowledge, and extraordinary wisdom are to be found in you. ",Ninguno
Daniel,5,15,וכען העלו קדמי חכימיא אשפיא דיכתבה דנה יקרון ופשרה להודעתני ולאכהלין פשרמלתא להחויה,Now the sages and exorcists have been brought before me to read this writing and to make known its meaning to me. But they could not tell what it meant. ,Ninguno
Daniel,5,16,"ואנה שמעת <span class=""mam-kq""><span class=""mam-kq-k"">(עליך)</span> <span class=""mam-kq-q"">[עלך]</span></span> די<span class=""mam-kq""><span class=""mam-kq-q"">[תכול]</span> <span class=""mam-kq-k"">(תוכל)</span></span> פשרין למפשר וקטרין למשרא כען הן <span class=""mam-kq""><span class=""mam-kq-k"">(תוכל)</span> <span class=""mam-kq-q"">[תכול]</span></span> כתבא למקרא ופשרה להודעותני ארגונא תלבש <span class=""mam-kq""><span class=""mam-kq-k"">(והמונכא)</span> <span class=""mam-kq-q"">[והמניכא]</span></span> דידהבא עלצוארך ותלתא במלכותא תשלט&nbsp;<span class=""mam-spi-pe"">{פ}</span><br>","I have heard about you, that you can give interpretations and solve problems. Now if you can read the writing and make known its meaning to me, you shall be clothed in purple and wear a golden chain on your neck and rule as one of three in the kingdom.”",Ninguno
Daniel,5,17,באדין ענה דניאל ואמר קדם מלכא מתנתך לך להוין ונבזביתך לאחרן הב ברם כתבא אקרא למלכא ופשרא אהודענה,"Then Daniel said in reply to the king, “You may keep your gifts for yourself, and give your presents to others. But I will read the writing for the king, and make its meaning known to him. ",Ninguno
Daniel,5,18,"<span class=""mam-kq""><span class=""mam-kq-k"">(אנתה)</span> <span class=""mam-kq-q"">[אנת]</span></span> מלכא אלהא <span class=""mam-kq""><span class=""mam-kq-k"">(עליא)</span> <span class=""mam-kq-q"">[עלאה]</span></span> מלכותא ורבותא ויקרא והדרא יהב לנבכדנצר אבוך","O king, the Most High God bestowed kingship, grandeur, glory, and majesty upon your father Nebuchadnezzar. ",Ninguno
Daniel,5,19,"ומןרבותא די יהבלה כל עממיא אמיא ולשניא הוו <span class=""mam-kq""><span class=""mam-kq-k"">(זאעין)</span> <span class=""mam-kq-q"">[זיעין]</span></span> ודחלין מןקדמוהי דיהוא צבא הוה קטל ודיהוה צבא הוה מחא ודיהוה צבא הוה מרים ודיהוא צבא הוא משפל","And because of the grandeur that [God] bestowed upon him, all the peoples and nations of every language trembled in fear of him. He put to death whom he wished, and whom he wished he let live; he raised high whom he wished and whom he wished he brought low. ",Ninguno
Daniel,5,20,וכדי רם לבבה ורוחה תקפת להזדה הנחת מןכרסא מלכותה ויקרה העדיו מנה,"But when he grew haughty and willfully presumptuous, he was deposed from his royal throne and his glory was removed from him. ",Ninguno
Daniel,5,21,"ומןבני אנשא טריד ולבבה&thinsp;<b></b> עםחיותא <span class=""mam-kq""><span class=""mam-kq-k"">(שוי)</span> <span class=""mam-kq-q"">[שויו]</span></span> ועםערדיא מדרה עשבא כתורין יטעמונה ומטל שמיא גשמה יצטבע עד דיידע דישליט אלהא <span class=""mam-kq""><span class=""mam-kq-k"">(עליא)</span> <span class=""mam-kq-q"">[עלאה]</span></span> במלכות אנשא ולמןדי יצבא יהקים <span class=""mam-kq""><span class=""mam-kq-k"">(עליה)</span> <span class=""mam-kq-q"">[עלה]</span></span>","He was driven away from society, and his mind made like that of a beast, and his habitation was with wild asses. He was fed grass like cattle, and his body was drenched with the dew of heaven until he came to know that the Most High God is sovereign over human dominion, and sets rulers over it at will. ",Percepción (Yada)
Daniel,5,22,"<span class=""mam-kq""><span class=""mam-kq-k"">(ואנתה)</span> <span class=""mam-kq-q"">[ואנת]</span></span> ברה בלשאצר לא השפלת לבבך כלקבל די כלדנה ידעת","But you, Belshazzar his son, did not humble yourself although you knew all this. ",Percepción (Yada)
Daniel,5,23,"ועל מראשמיא&thinsp;<small></small>&thinsp;התרוממת ולמאניא דיביתה היתיו <span class=""mam-kq""><span class=""mam-kq-k"">(קדמיך)</span> <span class=""mam-kq-q"">[קדמך]</span></span> <span class=""mam-kq""><span class=""mam-kq-k"">(ואנתה)</span> <span class=""mam-kq-q"">[ואנת]</span></span> <span class=""mam-kq""><span class=""mam-kq-k"">(ורברבניך)</span> <span class=""mam-kq-q"">[ורברבנך]</span></span> שגלתך ולחנתך חמרא שתין בהון ולאלהי כספאודהבא נחשא פרזלא אעא ואבנא די לאחזין ולאשמעין ולא ידעין שבחת ולאלהא דינשמתך בידה וכלארחתך לה לא הדרת","You exalted yourself against the Sovereign of Heaven, whose temple vessels you had brought to you. You and your nobles, your consorts, and your concubines drank wine from them and praised the gods of silver and gold, bronze and iron, wood and stone, which do not see, hear, or understand; but the God who controls your lifebreath and every move you make—this One you did not glorify! ",Percepción (Yada)
Daniel,5,24,באדין מןקדמוהי שליח פסא דיידא וכתבא דנה רשים,"He therefore made the hand appear, and caused the writing to be inscribed. ",Ninguno
Daniel,5,25,ודנה כתבא די רשים מנא מנא תקל ופרסין,This is the writing that is inscribed: MENE MENE TEKEL UPHARSIN. ,Ninguno
Daniel,5,26,דנה פשרמלתא מנא מנהאלהא מלכותך והשלמה,And this is its meaning: MENE—God has numberedbnumbered Aramaic mena. [the days of] your kingdom and brought it to an end; ,Ninguno
Daniel,5,27,תקל תקילת במאזניא והשתכחת חסיר,TEKEL—you have been weighedcyou have been weighed Aramaic tekilta. in the balance and found wanting; ,Ninguno
Daniel,5,28,פרס פריסת מלכותך ויהיבת למדי ופרס,PERES—your kingdom has been divideddhas been divided Aramaic perisat. and given to the Medes and the Persians.” ,Ninguno
Daniel,5,29,"באדין&thinsp;<b></b> אמר בלשאצר והלבשו לדניאל ארגונא <span class=""mam-kq""><span class=""mam-kq-k"">(והמנוכא)</span> <span class=""mam-kq-q"">[והמניכא]</span></span> דידהבא עלצוארה והכרזו עלוהי דילהוא שליט תלתא במלכותא","Then, at Belshazzar’s command, they clothed Daniel in purple, placed a golden chain on his neck, and proclaimed that he should rule as one of three in the kingdom.",Ninguno
Daniel,5,30,"בה בליליא קטיל בלאשצר מלכא <span class=""mam-kq""><span class=""mam-kq-k"">(כשדיא)</span> <span class=""mam-kq-q"">[כשדאה]</span></span>&nbsp;<span class=""mam-spi-pe"">{פ}</span><br>","That very night, Belshazzar, the Chaldean king, was killed,",Ninguno
Daniel,6,1,"ודריוש <span class=""mam-kq""><span class=""mam-kq-k"">(מדיא)</span> <span class=""mam-kq-q"">[מדאה]</span></span> קבל מלכותא כבר שנין שתין ותרתין","and Darius the Mede received the kingdom, being about sixty-two years old. ",Ninguno
Daniel,6,2,שפר קדם דריוש והקים עלמלכותא לאחשדרפניא מאה ועשרין די להון בכלמלכותא,It pleased Darius to appoint over the kingdom one hundred and twenty satraps to be in charge of the whole kingdom; ,Ninguno
Daniel,6,3,ועלא מנהון סרכין תלתה די דניאל חדמנהון דילהון אחשדרפניא אלין יהבין להון טעמא ומלכא לאלהוא נזק,"over them were three ministers, one of them Daniel, to whom these satraps reported, in order that the king not be troubled. ",Separación (Beyn)
Daniel,6,4,אדין דניאל דנה הוא מתנצח עלסרכיא ואחשדרפניא כלקבל די רוח יתירא בה ומלכא עשית להקמותה עלכלמלכותא,"This man Daniel surpassed the other ministers and satraps by virtue of his extraordinary spirit, and the king considered setting him over the whole kingdom. ",Ninguno
Daniel,6,5,אדין סרכיא ואחשדרפניא הוו בעין עלה להשכחה לדניאל מצד מלכותא וכלעלה ושחיתה לאיכלין להשכחה כלקבל דימהימן הוא וכלשלו ושחיתה לא השתכחת עלוהי,"The ministers and satraps looked for some fault in Daniel’s conduct in matters of state, but they could find neither fault nor corruption, inasmuch as he was trustworthy, and no negligence or corruption was to be found in him. ",Ninguno
Daniel,6,6,"אדין גבריא אלך אמרין די לא נהשכח לדניאל דנה כלעלה להן השכחנא עלוהי בדת אלהה&nbsp;<span class=""mam-spi-samekh"">{ס}</span>&nbsp;&nbsp;&nbsp;&nbsp;&nbsp;&nbsp;&nbsp;&nbsp;","Those men then said, “We are not going to find any fault with this Daniel, unless we find something against him in connection with the laws of his God.” ",Ninguno
Daniel,6,7,אדין סרכיא ואחשדרפניא אלן הרגשו עלמלכא וכן אמרין לה דריוש מלכא לעלמין חיי,"Then these ministers and satraps came thronging in to the king and said to him, “O King Darius, live forever! ",Ninguno
Daniel,6,8,אתיעטו כל&thinsp;<b></b> סרכי מלכותא סגניא ואחשדרפניא הדבריא ופחותא לקימה קים מלכא ולתקפה אסר די כלדייבעא בעו מןכלאלה ואנש עדיומין תלתין להן מנך מלכא יתרמא לגב אריותא,"All the ministers of the kingdom, the prefects, satraps, companions, and governors are in agreement that a royal ban should be issued under sanction of an oath that whoever shall address a petition to anyone, divine or human, besides you, O king, during the next thirty days shall be thrown into a lions’ den. ",Ninguno
Daniel,6,9,כען מלכא תקים אסרא ותרשם כתבא די לא להשניה כדתמדי ופרס דילא תעדא,"So issue the ban, O king, and put it in writing so that it be unalterable as a law of the Medes and Persians that may not be abrogated.” ",Ninguno
Daniel,6,10,כלקבל דנה מלכא דריוש רשם כתבא ואסרא,Thereupon King Darius put the ban in writing.,Ninguno
Daniel,6,11,"ודניאל כדי ידע דירשים כתבא על לביתה וכוין פתיחן לה בעליתה נגד ירושלם וזמנין תלתה ביומא הוא&thinsp;<b></b> ברך עלברכוהי ומצלא ומודא קדם אלהה כלקבל דיהוא עבד מןקדמת דנה&nbsp;<span class=""mam-spi-samekh"">{ס}</span>&nbsp;&nbsp;&nbsp;&nbsp;&nbsp;&nbsp;&nbsp;&nbsp;","When Daniel learned that it had been put in writing, he went to his house, in whose upper chamber he had had windows made facing Jerusalem, and three times a day he knelt down, prayed, and made confession to his God, as he had always done. ",Percepción (Yada)
Daniel,6,12,אדין גבריא אלך הרגשו והשכחו לדניאל בעה ומתחנן קדם אלהה,Then those men came thronging in and found Daniel petitioning his God in supplication. ,Ninguno
Daniel,6,13,באדין קרבו ואמרין קדםמלכא עלאסר מלכא הלא אסר רשמת די כלאנש דייבעא מןכלאלה ואנש עדיומין תלתין להן מנך מלכא יתרמא לגוב אריותא ענה מלכא ואמר יציבא מלתא כדתמדי ופרס דילא תעדא,"They then approached the king and reminded him of the royal ban: “Did you not put in writing a ban that whoever addresses a petition to anyone, divine or human, besides you, O king, during the next thirty days, shall be thrown into a lions’ den?” The king said in reply, “The order stands firm, as a law of the Medes and Persians that may not be abrogated.” ",Ninguno
Daniel,6,14,"באדין ענו ואמרין קדם מלכא די דניאל די מןבני גלותא די יהוד לאשם <span class=""mam-kq""><span class=""mam-kq-k"">(עליך)</span> <span class=""mam-kq-q"">[עלך]</span></span> מלכא טעם ועלאסרא די רשמת וזמנין תלתה ביומא בעא בעותה&nbsp;<span class=""mam-spi-pe"">{פ}</span><br>","Thereupon they said to the king, “Daniel, one of the exiles of Judah, pays no heed to you, O king, or to the ban that you put in writing; three times a day he offers his petitions [to his God].” ",Ninguno
Daniel,6,15,"אדין מלכא כדי מלתא שמע שגיא באש עלוהי ועל דניאל שם בל לשיזבותה ועד מעלי שמשא הוא משתדר להצלותה&nbsp;<span class=""mam-spi-samekh"">{ס}</span>&nbsp;&nbsp;&nbsp;&nbsp;&nbsp;&nbsp;&nbsp;&nbsp;","Upon hearing that, the king was very disturbed, and he set his heart upon saving Daniel, and until the sun set made every effort to rescue him. ",Ninguno
Daniel,6,16,באדין גבריא אלך הרגשו עלמלכא ואמרין למלכא דע מלכא דידת למדי ופרס דיכלאסר וקים דימלכא יהקים לא להשניה,"Then those men came thronging in to the king and said to the king, “Know, O king, that it is a law of the Medes and Persians that any ban that the king issues under sanction of oath is unalterable.” ",Ninguno
Daniel,6,17,"באדין מלכא אמר והיתיו לדניאל ורמו לגבא די אריותא ענה מלכא ואמר לדניאל אלהך די <span class=""mam-kq""><span class=""mam-kq-k"">(אנתה)</span> <span class=""mam-kq-q"">[אנת]</span></span> פלחלה בתדירא הוא ישיזבנך","By the king’s order, Daniel was then brought and thrown into the lions’ den. The king spoke to Daniel and said, “Your God, whom you serve so regularly, will deliver you.” ",Ninguno
Daniel,6,18,והיתית אבן חדה ושמת עלפם גבא וחתמה מלכא בעזקתה ובעזקת רברבנוהי די לאתשנא צבו בדניאל,"A rock was brought and placed over the mouth of the den; the king sealed it with his signet and with the signet of his nobles, so that nothing might be altered concerning Daniel.",Ninguno
Daniel,6,19,אדין אזל מלכא להיכלה ובת טות ודחון לאהנעל קדמוהי ושנתה נדת עלוהי,"The king then went to his palace and spent the night fasting; no diversions were brought to him, and his sleep fled from him. ",Ninguno
Daniel,6,20,באדין מלכא בש<small>פ</small>ר<big>פ</big>רא יקום בנגהא ובהתבהלה לגבא דיאריותא אזל,"Then, at the first light of dawn, the king arose and rushed to the lions’ den. ",Ninguno
Daniel,6,21,"וכמקרבה לגבא לדניאל בקל עציב זעק ענה מלכא ואמר לדניאל דניאל עבד אלהא חיא אלהך די <span class=""mam-kq""><span class=""mam-kq-k"">(אנתה)</span> <span class=""mam-kq-q"">[אנת]</span></span> פלחלה בתדירא היכל לשיזבותך מןאריותא","As he approached the den, he cried to Daniel in a mournful voice; the king said to Daniel, “Daniel, servant of the living God, was the God whom you served so regularly able to deliver you from the lions?” ",Ninguno
Daniel,6,22,אדין דניאל עםמלכא מלל מלכא לעלמין חיי,"Daniel then talked with the king, “O king, live forever! ",Ninguno
Daniel,6,23,"אלהי שלח מלאכה וסגר פם אריותא ולא חבלוני כלקבל די קדמוהי זכו השתכחת לי ואף <span class=""mam-kq""><span class=""mam-kq-k"">(קדמיך)</span> <span class=""mam-kq-q"">[קדמך]</span></span> מלכא חבולה לא עבדת","My God sent an angel, who shut the mouths of the lions so that they did not injure me, inasmuch as I was deemed to be innocent, nor have I, O king, done you any injury.” ",Ninguno
Daniel,6,24,באדין מלכא שגיא טאב עלוהי ולדניאל אמר להנסקה מןגבא והסק דניאל מןגבא וכלחבל לאהשתכח בה די הימן באלהה,"The king was very glad, and ordered Daniel to be brought up out of the den. Daniel was brought up out of the den, and no injury was found on him, for he had trusted in his God. ",Ninguno
Daniel,6,25,ואמר מלכא והיתיו גבריא אלך דיאכלו קרצוהי די דניאל ולגוב אריותא רמו אנון בניהון ונשיהון ולאמטו לארעית גבא עד דישלטו בהון אריותא וכלגרמיהון הדקו,"Then, by order of the king, those men who had slandered Daniel were brought and, together with their children and wives, were thrown into the lions’ den. They had hardly reached the bottom of the den when the lions overpowered them and crushed all their bones.",Ninguno
Daniel,6,26,"באדין דריוש מלכא כתב לכלעממיא אמיא ולשניא די<span class=""mam-kq""><span class=""mam-kq-q"">[דירין]</span> <span class=""mam-kq-k"">(דארין)</span></span> בכלארעא שלמכון ישגא","Then King Darius wrote to all peoples and nations of every language that inhabit the earth, “May your well-being abound! ",Ninguno
Daniel,6,27,"מןקדמי שים טעם די&thinsp;<b></b> בכלשלטן מלכותי להון <span class=""mam-kq""><span class=""mam-kq-k"">(זאעין)</span> <span class=""mam-kq-q"">[זיעין]</span></span> ודחלין מןקדם אלהה דידניאל דיהוא&thinsp;<b></b> אלהא חיא וקים לעלמין ומלכותה דילא תתחבל ושלטנה עדסופא","I have hereby given an order that throughout my royal domain everyone must tremble in fear before the God of Daniel, for this is the living God who endures forever; whose kingdom is indestructible, and whose dominion is to the end of time; ",Ninguno
Daniel,6,28,משיזב ומצל ועבד אתין ותמהין בשמיא ובארעא די שיזב לדניאל מןיד אריותא,"who delivers and saves, and performs signs and wonders in heaven and on earth, by having delivered Daniel from the power of the lions.” ",Ninguno
Daniel,6,29,"ודניאל דנה הצלח במלכות דריוש ובמלכות כורש <span class=""mam-kq""><span class=""mam-kq-k"">(פרסיא)</span> <span class=""mam-kq-q"">[פרסאה]</span></span>&nbsp;<span class=""mam-spi-pe"">{פ}</span><br>",Thus Daniel prospered during the reign of Darius and during the reign of Cyrus the Persian.,Ninguno
Daniel,7,1,בשנת חדה לבלאשצר מלך בבל דניאל חלם חזה וחזוי ראשה עלמשכבה באדין חלמא כתב ראש מלין אמר,"In the first year of King Belshazzar of Babylon, Daniel saw a dream and a vision of his mind in bed; afterward he wrote down the dream. Beginning the account, ",Ninguno
Daniel,7,2,ענה דניאל ואמר חזה הוית בחזוי עםליליא וארו ארבע רוחי שמיא מגיחן לימא רבא,"Daniel related the following:“In my vision at night, I saw the four winds of heaven stirring up the great sea. ",Ninguno
Daniel,7,3,וארבע חיון רברבן סלקן מןימא שנין דא מןדא,Four mighty beasts different from each other emerged from the sea. ,Ninguno
Daniel,7,4,"קדמיתא כאריה וגפין דינשר לה חזה הוית עד דימריטו <span class=""mam-kq""><span class=""mam-kq-k"">(גפיה)</span> <span class=""mam-kq-q"">[גפה]</span></span> ונטילת מןארעא ועלרגלין כאנש הקימת ולבב אנש יהיב לה","The first was like a lion but had eagles’ wings. As I looked on, its wings were plucked off, and it was lifted off the ground and set on its feet like a human and given a human mind. ",Ninguno
Daniel,7,5,"וארו חיוה אחרי תנינה דמיה לדב ולשטרחד הקמת ותלת עלעין בפמה בין <span class=""mam-kq""><span class=""mam-kq-k"">(שניה)</span> <span class=""mam-kq-q"">[שנה]</span></span> וכן אמרין לה קומי אכלי בשר שגיא","Then I saw a second, different beast, which was like a bear but raised on one side, and with three fangs in its mouth among its teeth; it was told, ‘Arise, eat much meat!’ ",Separación (Beyn)
Daniel,7,6,"באתר דנה חזה הוית וארו אחרי כנמר ולה גפין ארבע דיעוף על<span class=""mam-kq""><span class=""mam-kq-q"">[גבה]</span> <span class=""mam-kq-k"">(גביה)</span></span> וארבעה ראשין לחיותא ושלטן יהיב לה","After that, as I looked on, there was another one, like a leopard, and it had on its back four wings like those of a bird; the beast had four heads, and dominion was given to it. ",Ninguno
Daniel,7,7,"באתר דנה חזה הוית בחזוי ליליא וארו חיוה <span class=""mam-kq""><span class=""mam-kq-k"">(רביעיה)</span> <span class=""mam-kq-q"">[רביעאה]</span></span> דחילה ואימתני ותקיפא יתירה ושנין דיפרזל לה רברבן אכלה ומדקה ושארא <span class=""mam-kq""><span class=""mam-kq-k"">(ברגליה)</span> <span class=""mam-kq-q"">[ברגלה]</span></span> רפסה והיא משניה מןכלחיותא די <span class=""mam-kq""><span class=""mam-kq-k"">(קדמיה)</span> <span class=""mam-kq-q"">[קדמה]</span></span> וקרנין עשר לה","After that, as I looked on in the night vision, there was a fourth beast—fearsome, dreadful, and very powerful, with great iron teeth—that devoured and crushed, and stamped the remains with its feet. It was different from all the other beasts that had gone before it; and it had ten horns. ",Ninguno
Daniel,7,8,"משתכל הוית בקרניא ואלו קרן אחרי זעירה סלקת <span class=""mam-kq""><span class=""mam-kq-k"">(ביניהון)</span> <span class=""mam-kq-q"">[ביניהן]</span></span> ותלת מןקרניא קדמיתא <span class=""mam-kq""><span class=""mam-kq-k"">(אתעקרו)</span> <span class=""mam-kq-q"">[אתעקרה]</span></span> מן<span class=""mam-kq""><span class=""mam-kq-q"">[קדמה]</span> <span class=""mam-kq-k"">(קדמיה)</span></span> ואלו עינין כעיני אנשא בקרנאדא ופם ממלל רברבן","While I was gazing upon these horns, a new little horn sprouted up among them; three of the older horns were uprooted to make room for it. There were eyes in this horn like those of a human, and a mouth that spoke arrogantly. ",Ninguno
Daniel,7,9,חזה הוית עד די כרסון רמיו ועתיק יומין יתב לבושה&thinsp;<b></b> כתלג חור ושער ראשה כעמר נקא כרסיה שבבין דינור גלגלוהי נור דלק,"As I looked on,Thrones were set in place,And the Ancient of Days took a seat—Wearing a garment like white snow,And with hair like lamb’salamb’s Or “clean.” wool.This throne was tongues of flame;Its wheels were blazing fire;",Separación (Beyn)
Daniel,7,10,"נהר דינור נגד ונפק מןקדמוהי אלף <span class=""mam-kq""><span class=""mam-kq-k"">(אלפים)</span> <span class=""mam-kq-q"">[אלפין]</span></span> ישמשונה ורבו <span class=""mam-kq""><span class=""mam-kq-k"">(רבון)</span> <span class=""mam-kq-q"">[רבבן]</span></span> קדמוהי יקומון דינא יתב וספרין פתיחו",A river of fire streamed forth from it.Thousands upon thousands rendered service;Myriads upon myriads stood in attendance;The court sat and the books were opened.,Ninguno
Daniel,7,11,חזה הוית באדין מןקל מליא רברבתא די קרנא ממללה חזה הוית עד די קטילת חיותא והובד גשמה ויהיבת ליקדת אשא,"I looked on. Then, because of the arrogant words that the horn spoke, the beast was killed as I looked on; its body was destroyed and it was consigned to the flames. ",Ninguno
Daniel,7,12,ושאר חיותא העדיו שלטנהון וארכה בחיין יהיבת להון עדזמן ועדן,"The dominion of the other beasts was taken away, but an extension of life was given to them for a time and season. ",Ninguno
Daniel,7,13,חזה הוית בחזוי ליליא וארו עםענני שמיא כבר אנש אתה הוא ועדעתיק יומיא מטה וקדמוהי הקרבוהי,"As I looked on, in the night vision,One like a human beingCame with the clouds of heaven;He reached the Ancient of DaysAnd was given an audience.",Ninguno
Daniel,7,14,"ולה יהב שלטן ויקר ומלכו וכל עממיא אמיא ולשניא לה יפלחון שלטנה שלטן עלם דילא יעדה ומלכותה דילא תתחבל&nbsp;<span class=""mam-spi-pe"">{פ}</span><br>","Dominion, glory, and kingship were given to him;All peoples and nations of every language must serve him.His dominion is an everlasting dominion that shall not pass away,And his kingship, one that shall not be destroyed.",Ninguno
Daniel,7,15,אתכרית רוחי אנה דניאל בגוא נדנה וחזוי ראשי יבהלנני,"As for me, Daniel, my spirit was disturbed within me and the vision of my mind alarmed me. ",Ninguno
Daniel,7,16,קרבת עלחד מןקאמיא ויציבא אבעאמנה עלכלדנה ואמרלי ופשר מליא יהודענני,I approached one of the attendants and asked him the true meaning of all this. He gave me this interpretation of the matter: ,Ninguno
Daniel,7,17,אלין חיותא רברבתא די אנין ארבע ארבעה מלכין יקומון מןארעא,"‘These great beasts, four in number [mean] four kingdomsbkingdoms Lit. “kings.” will arise out of the earth; ",Ninguno
Daniel,7,18,ויקבלון מלכותא קדישי עליונין ויחסנון מלכותא עדעלמא ועד עלם עלמיא,"then holy ones of the Most High will receive the kingdom, and will possess the kingdom forever—forever and ever.’ ",Ninguno
Daniel,7,19,"אדין צבית ליצבא עלחיותא רביעיתא דיהות שניה מן<span class=""mam-kq""><span class=""mam-kq-q"">[כלהין]</span> <span class=""mam-kq-k"">(כלהון)</span></span> דחילה יתירה <span class=""mam-kq""><span class=""mam-kq-k"">(שניה)</span> <span class=""mam-kq-q"">[שנה]</span></span> דיפרזל <span class=""mam-kq""><span class=""mam-kq-k"">(וטפריה)</span> <span class=""mam-kq-q"">[וטפרה]</span></span> דינחש אכלה מדקה ושארא <span class=""mam-kq""><span class=""mam-kq-k"">(ברגליה)</span> <span class=""mam-kq-q"">[ברגלה]</span></span> רפסה","Then I wanted to ascertain the true meaning of the fourth beast, which was different from them all, very fearsome, with teeth of iron, claws of bronze, that devoured and crushed, and stamped the remains; ",Ninguno
Daniel,7,20,"ועלקרניא עשר די בראשה ואחרי די סלקת <span class=""mam-kq""><span class=""mam-kq-k"">(ונפלו)</span> <span class=""mam-kq-q"">[ונפלה]</span></span> מן<span class=""mam-kq""><span class=""mam-kq-q"">[קדמה]</span> <span class=""mam-kq-k"">(קדמיה)</span></span> תלת וקרנא דכן ועינין לה ופם ממלל רברבן וחזוה רב מןחברתה","and of the ten horns on its head; and of the new one that sprouted, to make room for which three fell—the horn that had eyes, and a mouth that spoke arrogantly, and which was more conspicuous than its fellows. ",Ninguno
Daniel,7,21,חזה הוית וקרנא דכן עבדה קרב עםקדישין ויכלה להן,"(I looked on as that horn made war with the holy ones and overcame them, ",Ninguno
Daniel,7,22,עד דיאתה עתיק יומיא ודינא יהב לקדישי עליונין וזמנא מטה ומלכותא החסנו קדישין,"until the Ancient of Days came and judgment was rendered in favor of the holy ones of the Most High, for the time had come, and the holy ones took possession of the kingdom.) ",Ninguno
Daniel,7,23,"כן אמר חיותא רביעיתא מלכו <span class=""mam-kq""><span class=""mam-kq-k"">(רביעיה)</span> <span class=""mam-kq-q"">[רביעאה]</span></span> תהוא בארעא די תשנא מןכלמלכותא ותאכל כלארעא ותדושנה ותדקנה","This is what he said: ‘The fourth beast [means]—there will be a fourth kingdom upon the earth that will be different from all the kingdoms; it will devour the whole earth, tread it down, and crush it. ",Ninguno
Daniel,7,24,וקרניא עשר מנה מלכותא עשרה מלכין יקמון ואחרן יקום אחריהן והוא ישנא מןקדמיא ותלתה מלכין יהשפל,"And the ten horns [mean]—from that kingdom, ten kings will arise, and after them another will arise. He will be different from the former ones, and will bring low three kings. ",Ninguno
Daniel,7,25,"ומלין לצד <span class=""mam-kq""><span class=""mam-kq-k"">(עליא)</span> <span class=""mam-kq-q"">[עלאה]</span></span> ימלל ולקדישי עליונין יבלא ויסבר להשניה זמנין ודת ויתיהבון בידה עדעדן ועדנין ופלג עדן","He will speak words against the Most High, and will harass the holy ones of the Most High. He will think of changing times and laws, and they will be delivered into his power for a time, times, and half a time.ctime, times, and half a time I.e., a year, two years, and a half a year. ",Ninguno
Daniel,7,26,ודינא יתב ושלטנה יהעדון להשמדה ולהובדה עדסופא,"Then the court will sit and his dominion will be taken away, to be destroyed and abolished for all time. ",Ninguno
Daniel,7,27,ומלכותא ושלטנא ורבותא די מלכות תחות כלשמיא יהיבת לעם קדישי עליונין מלכותה מלכות עלם וכל שלטניא לה יפלחון וישתמעון,"The kingship and dominion and grandeur belonging to all the kingdoms under Heaven will be given to the people of the holy ones of the Most High. Their kingdom shall be an everlasting kingdom, and all dominions shall serve and obey them.’” ",Ninguno
Daniel,7,28,"עדכה סופא דימלתא אנה דניאל שגיא&thinsp;<b></b> רעיוני יבהלנני וזיוי ישתנון עלי ומלתא בלבי נטרת&nbsp;<span class=""mam-spi-pe"">{פ}</span><br>","Here the account ends.I, Daniel, was very alarmed by my thoughts, and my face darkened; and I could not put the matter out of my mind.",Ninguno
Daniel,8,1,בשנת שלוש למלכות בלאשצר המלך חזון נראה אלי אני דניאל אחרי הנראה אלי בתחלה,"In the third year of the reign of King Belshazzar, a vision appeared to me, to me, Daniel, after the one that had appeared to me earlier. ",Ninguno
Daniel,8,2,ואראה בחזון ויהי בראתי ואני בשושן הבירה אשר בעילם המדינה ואראה בחזון ואני הייתי עלאובל אולי,"I saw in the vision—at the time I saw it I was in the fortress of Shushan, in the province of Elam—I saw in the vision that I was beside the Ulai River. ",Ninguno
Daniel,8,3,ואשא עיני ואראה והנה&thinsp;<b></b> איל אחד עמד לפני האבל ולו קרנים והקרנים גבהות והאחת גבהה מןהשנית והגבהה עלה באחרנה,"I looked and saw a ram standing between me and the river; he had two horns; the horns were high, with one higher than the other, and the higher sprouting last. ",Ninguno
Daniel,8,4,ראיתי אתהאיל מנגח ימה וצפונה ונגבה וכלחיות לאיעמדו לפניו ואין מציל מידו ועשה כרצנו והגדיל,"I saw the ram butting westward, northward, and southward. No beast could withstand him, and there was none to deliver from his power. He did as he pleased and grew great. ",Ninguno
Daniel,8,5,ואני&thinsp;<b></b> הייתי מבין והנה צפירהעזים בא מןהמערב עלפני כלהארץ ואין נוגע בארץ והצפיר קרן חזות בין עיניו,"As I looked on, a he-goat came from the west, passing over the entire earth without touching the ground. The goat had a conspicuous horn on its forehead. ",Separación (Beyn)
Daniel,8,6,ויבא עדהאיל בעל הקרנים אשר ראיתי עמד לפני האבל וירץ אליו בחמת כחו,He came up to the two-horned ram that I had seen standing between me and the river and charged at him with furious force. ,Ninguno
Daniel,8,7,וראיתיו מגיע&thinsp;<b></b> אצל האיל ויתמרמר אליו ויך אתהאיל וישבר אתשתי קרניו ולאהיה כח באיל לעמד לפניו וישליכהו ארצה וירמסהו ולאהיה מציל לאיל מידו,"I saw him reach the ram and rage at him; he struck the ram and broke its two horns, and the ram was powerless to withstand him. He threw him to the ground and trampled him, and there was none to deliver the ram from his power. ",Ninguno
Daniel,8,8,וצפיר העזים הגדיל עדמאד וכעצמו נשברה הקרן הגדלה ותעלנה חזות ארבע תחתיה לארבע רוחות השמים,"Then the he-goat grew very great, but at the peak of his power his big horn was broken. In its place, four conspicuous horns sprouted toward the four winds of heaven. ",Ninguno
Daniel,8,9,ומןהאחת מהם יצא קרןאחת מצעירה ותגדליתר אלהנגב ואלהמזרח ואלהצבי,"From one of them emerged a small horn, which extended itself greatly toward the south, toward the east, and toward the beautiful land. ",Ninguno
Daniel,8,10,ותגדל עדצבא השמים ותפל ארצה מןהצבא ומןהכוכבים ותרמסם,It grew as high as the host of heaven and it hurled some stars of the [heavenly] host to the ground and trampled them. ,Ninguno
Daniel,8,11,"ועד שרהצבא הגדיל וממנו <span class=""mam-kq""><span class=""mam-kq-k"">(הרים)</span> <span class=""mam-kq-q"">[הורם]</span></span> התמיד והשלך מכון מקדשו","It vaunted itself against the very chief of the host; on its account the regular offering was suspended, and God’s holy place was abandoned. ",Ninguno
Daniel,8,12,וצבא תנתן עלהתמיד בפשע ותשלך אמת ארצה ועשתה והצליחה,An army was arrayed iniquitously against the regular offering;aAn army was arrayed iniquitously against the regular offering Meaning of Heb. uncertain. it hurled truth to the ground and prospered in what it did.,Ninguno
Daniel,8,13,ואשמעה אחדקדוש מדבר ויאמר אחד קדוש לפלמוני המדבר עדמתי החזון התמיד והפשע שמם תת וקדש וצבא מרמס,"Then I heard a holy being speaking, and another holy being said to whoever it was who was speaking, “How long will [what was seen in] the vision last—the regular offering be forsaken because of transgression; the sanctuary be surrendered and the [heavenly] host be trampled?”bthe regular offering … be trampled Meaning of Heb. uncertain. ",Ninguno
Daniel,8,14,ויאמר אלי עד ערב בקר אלפים ושלש מאות ונצדק קדש,"Came the reply,cCame the reply Lit. “He said to me”; several ancient versions “He said to him.” “For twenty-three hundred evenings and mornings; then the sanctuary shall be cleansed.” ",Ninguno
Daniel,8,15,ויהי בראתי אני דניאל אתהחזון ואבקשה בינה והנה עמד לנגדי כמראהגבר,"While I, Daniel, was seeing the vision, and trying to understand it, there appeared before me one who looked like a man. ",Ninguno
Daniel,8,16,ואשמע קולאדם בין אולי ויקרא ויאמר גבריאל הבן להלז אתהמראה,"I heard a human voice from the middle of Ulai calling out, “Gabriel, make that man understand the vision.” ",Separación (Beyn)
Daniel,8,17,ויבא אצל עמדי ובבאו נבעתי ואפלה עלפני ויאמר אלי הבן בןאדם כי לעתקץ החזון,"He came near to where I was standing, and as he came I was terrified, and fell prostrate. He said to me, “Understand, O mortal, that the vision refers to the time of the end.” ",Ninguno
Daniel,8,18,ובדברו עמי נרדמתי עלפני ארצה ויגעבי ויעמידני עלעמדי,"When he spoke with me, I was overcome by a deep sleep as I lay prostrate on the ground. Then he touched me and made me stand up, ",Ninguno
Daniel,8,19,ויאמר הנני מודיעך את אשריהיה באחרית הזעם כי למועד קץ,"and said, “I am going to inform you of what will happen when wrath is at an end, for [it refers] to the time appointed for the end.",Ninguno
Daniel,8,20,האיל אשרראית בעל הקרנים מלכי מדי ופרס,“The two-horned ram that you saw [signifies] the kings of Media and Persia; ,Ninguno
Daniel,8,21,והצפיר השעיר מלך יון והקרן הגדולה אשר ביןעיניו הוא המלך הראשון,"and the buck, the he-goat—the king of Greece; and the large horn on his forehead, that is the first king. ",Separación (Beyn)
Daniel,8,22,והנשברת ותעמדנה ארבע תחתיה ארבע מלכיות מגוי יעמדנה ולא בכחו,"One was broken and four came in its stead—that [means]: four kingdoms will arise out of a nation, but without its power. ",Ninguno
Daniel,8,23,ובאחרית מלכותם כהתם הפשעים יעמד מלך עזפנים ומבין חידות,"When their kingdoms are at an end, when the measure of transgressiondtransgression Lit. “transgressors.” has been filled, then a king will arise, impudent and versed in intrigue. ",Separación (Beyn)
Daniel,8,24,ועצם כחו ולא בכחו ונפלאות ישחית והצליח ועשה והשחית עצומים ועםקדשים,"He will have great strength, but not through his own strength. He will be extraordinarily destructive; he will prosper in what he does, and destroy the mighty and the people of holy ones. ",Ninguno
Daniel,8,25,ועלשכלו והצליח מרמה בידו ובלבבו יגדיל ובשלוה ישחית רבים ועל שרשרים יעמד ובאפס יד ישבר,"By his cunning, he will use deceit successfully. He will make great plans, will destroy many, taking them unawares, and will rise up against the chief of chiefs, but will be broken, not by [human] hands. ",Ninguno
Daniel,8,26,ומראה הערב והבקר אשר נאמר אמת הוא ואתה סתם החזון כי לימים רבים,"What was said in the vision about evenings and mornings is true. Now you keep the vision a secret, for it pertains to far-off days.” ",Ninguno
Daniel,8,27,"ואני דניאל נהייתי ונחליתי ימים ואקום ואעשה אתמלאכת המלך ואשתומם עלהמראה ואין מבין&nbsp;<span class=""mam-spi-pe"">{פ}</span><br>","So I, Daniel, was stricken,ewas stricken Meaning of Heb. uncertain. and languished many days. Then I arose and attended to the king’s business, but I was dismayed by the vision and no one could explain it.",Separación (Beyn)
Daniel,9,1,בשנת אחת לדריוש בןאחשורוש מזרע מדי אשר המלך על מלכות כשדים,"In the first year of Darius son of Ahasuerus, of Median descent, who was made king over the kingdom of the Chaldeans— ",Ninguno
Daniel,9,2,בשנת אחת למלכו אני דניאל בינתי בספרים מספר השנים אשר היה דבריהוה אלירמיה הנביא למלאות לחרבות ירושל͏ם שבעים שנה,"in the first year of his reign, I, Daniel, consulted the books concerning the number of years that, according to the word of GOD that had come to Jeremiah the prophet, were to be the term of Jerusalem’s desolation—seventy years. ",Ninguno
Daniel,9,3,ואתנה אתפני אלאדני האלהים לבקש תפלה ותחנונים בצום ושק ואפר,"I turned my face to the Sovereign God, devoting myself to prayer and supplication, in fasting, in sackcloth and ashes. ",Ninguno
Daniel,9,4,ואתפללה ליהוה אלהי ואתודה ואמרה אנא אדני האל הגדול והנורא שמר הברית והחסד לאהביו ולשמרי מצותיו,"I prayed to the ETERNAL my God, making confession thus: “O Sovereign, great and awesome God, who stays faithful to the covenant with those who show love and keep the commandments! ",Ninguno
Daniel,9,5,"חטאנו ועוינו <span class=""mam-kq""><span class=""mam-kq-k"">(והרשענו)</span> <span class=""mam-kq-q"">[הרשענו]</span></span> ומרדנו וסור ממצותך וממשפטיך","We have sinned; we have gone astray; we have acted wickedly; we have been rebellious and have deviated from Your commandments and Your rules, ",Ninguno
Daniel,9,6,ולא שמענו אלעבדיך הנביאים אשר דברו בשמך אלמלכינו שרינו ואבתינו ואל כלעם הארץ,"and have not obeyed Your servants the prophets who spoke in Your name to our kings, our officers, our ancestors, and all the people of the land. ",Ninguno
Daniel,9,7,לך אדני הצדקה ולנו בשת הפנים כיום הזה לאיש יהודה ולישבי ירושל͏ם ולכלישראל הקרבים והרחקים בכלהארצות אשר הדחתם שם במעלם אשר מעלובך,"With You, O Sovereign, is the right, and the shame is on us to this very day, on the citizenry of Judah and the inhabitants of Jerusalem, all Israel, near and far, in all the lands where You have banished them, for the trespass they committed against You. ",Ninguno
Daniel,9,8,יהוה לנו בשת הפנים למלכינו לשרינו ולאבתינו אשר חטאנו לך,"The shame, O ETERNAL One, is on us, on our kings, our officers, and our ancestors, because we have sinned against You. ",Ninguno
Daniel,9,9,לאדני אלהינו הרחמים והסלחות כי מרדנו בו,"To our Sovereign God belong mercy and forgiveness, for we were rebellious, ",Ninguno
Daniel,9,10,ולא שמענו בקול יהוה אלהינו ללכת בתורתיו אשר נתן לפנינו ביד עבדיו הנביאים,and did not obey the ETERNAL our God by following the teachings that were set before us through the prophets—God’s servants. ,Ninguno
Daniel,9,11,וכלישראל עברו אתתורתך וסור לבלתי שמוע בקלך ותתך עלינו האלה והשבעה אשר כתובה בתורת משה עבדהאלהים כי חטאנו לו,"All Israel has violated Your teaching and gone astray, disobeying You; so the curse and the oath written in the Teaching of Moses, the servant of God, have been poured down upon us, for we have sinned. ",Ninguno
Daniel,9,12,"ויקם את<span class=""mam-kq""><span class=""mam-kq-q"">[דברו&thinsp;<b></b>]</span> <span class=""mam-kq-k"">(דבריו)</span></span> אשרדבר עלינו ועל שפטינו אשר שפטונו להביא עלינו רעה גדלה אשר לאנעשתה תחת כלהשמים כאשר נעשתה בירושל͏ם","YouaYou Heb. 3rd person. carried out the threat YoubYou Heb. 3rd person. made against us, and against our rulers who ruled us, to bring upon us great misfortune; under the whole heaven there has never been done the like of what was done to Jerusalem. ",Ninguno
Daniel,9,13,כאשר כתוב בתורת משה את כלהרעה הזאת באה עלינו ולאחלינו אתפני&thinsp;<b></b> יהוה אלהינו לשוב מעוננו ולהשכיל באמתך,"All that calamity, just as is written in the Teaching of Moses, came upon us, yet we did not supplicate the ETERNAL our God, did not repent of our iniquity or become wise through Your truth. ",Ninguno
Daniel,9,14,וישקד יהוה עלהרעה ויביאה עלינו כיצדיק יהוה אלהינו עלכלמעשיו אשר עשה ולא שמענו בקלו,"Hence GOD was intent upon bringing calamity upon us, for the ETERNAL our God is in the right in all that has been done, but we have not been obedient.",Ninguno
Daniel,9,15,ועתה&thinsp;<b></b> אדני אלהינו אשר הוצאת אתעמך מארץ מצרים ביד חזקה ותעשלך שם כיום הזה חטאנו רשענו,"“Now, O our Sovereign God—You who brought Your people out of the land of Egypt with a mighty hand, winning fame for Yourself to this very day—we have sinned, we have acted wickedly. ",Ninguno
Daniel,9,16,אדני ככלצדקתך ישבנא אפך וחמתך מעירך ירושל͏ם הרקדשך כי בחטאינו ובעונות אבתינו ירושל͏ם ועמך לחרפה לכלסביבתינו,"O my Sovereign, as befits Your abundant benevolence, let Your wrathful fury turn back from Your city Jerusalem, Your holy mountain; for because of our sins and the iniquities of our fathers, Jerusalem and Your people have become a mockery among all who are around us.",Ninguno
Daniel,9,17,ועתה&thinsp;<b></b> שמע אלהינו אלתפלת עבדך ואלתחנוניו והאר פניך עלמקדשך השמם למען אדני,"“O our God, hear now the prayer of Your servant and his plea, and show Your favor to Your desolate sanctuary, for [Your] sake, O my Sovereign. ",Ninguno
Daniel,9,18,"הטה אלהי&thinsp;<small></small>&thinsp;אזנך ושמע <span class=""mam-kq""><span class=""mam-kq-k"">(פקחה)</span> <span class=""mam-kq-q"">[פקח]</span></span> עיניך וראה שממתינו והעיר אשרנקרא שמך עליה כי&thinsp;<b></b> לא עלצדקתינו אנחנו מפילים תחנונינו לפניך כי עלרחמיך הרבים","Incline Your ear, O my God, and hear; open Your eyes and see our desolation and the city to which Your name is attached. Not because of any merit of ours do we lay our plea before You but because of Your abundant mercies. ",Ninguno
Daniel,9,19,אדני&thinsp;<small></small>&thinsp;שמעה אדני&thinsp;<small></small>&thinsp;סלחה אדני הקשיבה ועשה אלתאחר למענך אלהי כישמך נקרא עלעירך ועלעמך,"O my Sovereign, hear! O my Sovereign, forgive! O my Sovereign, listen, and act without delay for Your own sake, O my God; for Your name is attached to Your city and Your people!”",Ninguno
Daniel,9,20,ועוד אני מדבר ומתפלל ומתודה חטאתי וחטאת עמי ישראל ומפיל תחנתי לפני יהוה אלהי על הרקדש אלהי,"While I was speaking, praying, and confessing my sin and the sin of my people Israel, and laying my supplication before the ETERNAL my God in behalf of the holy mountain of my God— ",Ninguno
Daniel,9,21,ועוד אני מדבר בתפלה והאיש גבריאל אשר ראיתי בחזון בתחלה מעף ביעף נגע אלי כעת מנחתערב,"while I was uttering my prayer, the figure whom I had previously seen in the vision, Gabriel, was sent forth in flight, and reached me about the time of the evening offering. ",Ninguno
Daniel,9,22,ויבן וידבר עמי ויאמר דניאל עתה יצאתי להשכילך בינה,"He made me understand by speaking to me and saying, “Daniel, I have just come forth to give you understanding. ",Ninguno
Daniel,9,23,בתחלת תחנוניך יצא דבר ואני באתי להגיד כי חמודות אתה ובין בדבר והבן במראה,"A word went forth as you began your plea, and I have come to tell it, for you are precious; so mark the word and understand the vision.",Separación (Beyn)
Daniel,9,24,"שבעים שבעים נחתך עלעמך&thinsp;<b></b> ועלעיר קדשך לכלא הפשע <span class=""mam-kq""><span class=""mam-kq-k"">(ולחתם)</span> <span class=""mam-kq-q"">[ולהתם]</span></span> <span class=""mam-kq""><span class=""mam-kq-k"">(חטאות)</span> <span class=""mam-kq-q"">[חטאת]</span></span> ולכפר עון ולהביא צדק עלמים ולחתם חזון ונביא ולמשח קדש קדשים","“Seventy weekscweeks Of years. have been decreed for your people and your holy city until the measure of transgression is filled and that of sin complete, until iniquity is expiated, and eternal righteousness ushered in; and prophetic vision ratified,dratified Lit. “sealed.” and the Holy of Holies anointed. ",Ninguno
Daniel,9,25,ותדע ותשכל מןמצא דבר להשיב ולבנות ירושל͏ם עדמשיח נגיד שבעים שבעה ושבעים ששים ושנים תשוב ונבנתה רחוב וחרוץ ובצוק העתים,"You must know and understand: From the issuance of the word to restore and rebuild Jerusalem until the [time of the] anointed leader is seven weeks; and for sixty-two weeks it will be rebuilt, square and moat, but in a time of distress. ",Ninguno
Daniel,9,26,ואחרי השבעים ששים ושנים יכרת משיח ואין לו והעיר והקדש ישחית עם נגיד הבא וקצו בשטף ועד קץ מלחמה נחרצת שממות,"And after those sixty-two weeks, the anointed one will disappear and vanish.evanish Meaning of Heb. uncertain. The army of a leader who is to come will destroy the city and the sanctuary, but its end will come through a flood. Desolation is decreed until the end of war. ",Ninguno
Daniel,9,27,"והגביר ברית לרבים שבוע אחד וחצי השבוע ישבית&thinsp;<b></b> זבח ומנחה ועל כנף שקוצים משמם ועדכלה ונחרצה תתך עלשמם&nbsp;<span class=""mam-spi-samekh"">{ס}</span>&nbsp;&nbsp;&nbsp;&nbsp;&nbsp;&nbsp;&nbsp;&nbsp;",During one week he will make a firm covenant with many. For half a week he will put a stop to the sacrifice and the grain offering. At the corner [of the altar]fcorner [of the altar] Meaning of Heb. uncertain. will be an appalling abomination until the decreed destruction will be poured down upon the appalling thing.”,Ninguno
Daniel,10,1,בשנת שלוש לכורש מלך פרס דבר נגלה לדניאל אשרנקרא שמו בלטאשצר ואמת הדבר וצבא גדול ובין אתהדבר ובינה לו במראה,"In the third year of King Cyrus of Persia, an oracle was revealed to Daniel, who was called Belteshazzar. That oracle was true, but it was a great task to understand the prophecy; understanding came to him through the vision.abut it was a great task … through the vision Meaning of Heb. uncertain. ",Separación (Beyn)
Daniel,10,2,בימים ההם אני דניאל הייתי מתאבל שלשה שבעים ימים,"At that time, I, Daniel, kept three full weeks of mourning. ",Ninguno
Daniel,10,3,"לחם חמדות לא אכלתי ובשר ויין לאבא אלפי וסוך לאסכתי עדמלאת שלשת שבעים ימים&nbsp;<span class=""mam-spi-pe"">{פ}</span><br>","I ate no tasty food, nor did any meat or wine enter my mouth. I did not anoint myself until the three weeks were over. ",Ninguno
Daniel,10,4,וביום עשרים וארבעה לחדש הראשון ואני הייתי על יד הנהר הגדול הוא חדקל,"It was on the twenty-fourth day of the first month, when I was on the bank of the great river—the Tigris— ",Ninguno
Daniel,10,5,ואשא אתעיני וארא והנה אישאחד לבוש בדים ומתניו חגרים בכתם אופז,"that I looked and saw a figure dressed in linen, his loins girt in fine gold.bfine gold Or “gold of Uphaz.” ",Ninguno
Daniel,10,6,וגויתו כתרשיש ופניו כמראה ברק ועיניו כלפידי אש וזרעתיו ומרגלתיו כעין נחשת קלל וקול דבריו כקול המון,"His body was like beryl, his face had the appearance of lightning, his eyes were like flaming torches, his arms and legs had the color of burnished bronze, and the sound of his speech was like the noise of a multitude.",Ninguno
Daniel,10,7,וראיתי אני דניאל לבדי אתהמראה והאנשים אשר היו עמי לא ראו אתהמראה אבל חרדה גדלה נפלה עליהם ויברחו בהחבא,"I, Daniel, alone saw the vision; the others who were with me did not see the vision, yet they were seized with a great terror and fled into hiding. ",Ninguno
Daniel,10,8,ואני נשארתי לבדי ואראה אתהמראה הגדלה הזאת ולא נשארבי כח והודי נהפך עלי למשחית ולא עצרתי כח,"So I was left alone to see this great vision. I was drained of strength, my vigor was destroyed, and I could not summon up strength. ",Ninguno
Daniel,10,9,ואשמע אתקול דבריו וכשמעי אתקול דבריו ואני הייתי נרדם עלפני ופני ארצה,"I heard him speaking; and when I heard him speaking, overcome by a deep sleep, I lay prostrate on the ground. ",Ninguno
Daniel,10,10,והנהיד נגעה בי ותניעני עלברכי וכפות ידי,"Then a hand touched me, and shook me onto my hands and knees. ",Ninguno
Daniel,10,11,ויאמר אלי דניאל אישחמדות הבן בדברים אשר אנכי דבר אליך ועמד עלעמדך כי עתה שלחתי אליך ובדברו עמי אתהדבר הזה עמדתי מרעיד,"He said to me, “O Daniel, precious one, mark what I say to you and stand up, for I have been sent to you.” After he said this to me, I stood up, trembling. ",Ninguno
Daniel,10,12,ויאמר אלי אלתירא דניאל כי&thinsp;<b></b> מןהיום הראשון אשר נתת אתלבך להבין ולהתענות לפני אלהיך נשמעו דבריך ואניבאתי בדבריך,"He then said to me, “Have no fear, Daniel, for from the first day that you set your mind to get understanding—practicing self-denialcpracticing self-denial Cf. v. 3. before your God—your prayer was heard, and I have come because of your prayer. ",Separación (Beyn)
Daniel,10,13,ושר&thinsp;<b></b> מלכות פרס עמד לנגדי עשרים ואחד יום והנה מיכאל אחד השרים הראשנים בא לעזרני ואני נותרתי שם אצל מלכי פרס,"However, the prince of the Persian kingdom opposed me for twenty-one days; now Michael, a prince of the first rank, has come to my aid, after I was detained there with the kings of Persia. ",Ninguno
Daniel,10,14,ובאתי להבינך את אשריקרה לעמך באחרית הימים כיעוד חזון לימים,"So I have come to make you understand what is to befall your people in the days to come, for there is yet a vision for those days.”",Ninguno
Daniel,10,15,ובדברו עמי כדברים האלה נתתי פני ארצה ונאלמתי,"While he was saying these things to me, I looked down and kept silent. ",Ninguno
Daniel,10,16,והנה כדמות בני אדם נגע עלשפתי ואפתחפי ואדברה ואמרה אלהעמד לנגדי אדני במראה נהפכו צירי עלי ולא עצרתי כח,"Then [this figure] who looked human touched my lips, and I opened my mouth and spoke, saying to him who stood before me, “My lord, because of the vision, I have been seized with pangs and cannot summon strength. ",Ninguno
Daniel,10,17,והיך יוכל עבד אדני זה לדבר עםאדני זה ואני מעתה לאיעמדבי כח ונשמה לא נשארהבי,"How can this servant of my lord speak with my lord, seeing that my strength has failed and no spirit is left in me?” ",Ninguno
Daniel,10,18,ויסף ויגעבי כמראה אדם ויחזקני,"The one who looked human touched me again, and strengthened me. ",Ninguno
Daniel,10,19,ויאמר אלתירא אישחמדות שלום לך חזק וחזק וכדברו עמי התחזקתי ואמרה ידבר אדני כי חזקתני,"He said, “Have no fear, precious one, all will be well with you; be strong, be strong!” As he spoke with me, I was strengthened, and said, “Speak on, my lord, for you have strengthened me!” ",Ninguno
Daniel,10,20,ויאמר הידעת למהבאתי אליך ועתה אשוב להלחם עםשר פרס ואני יוצא והנה שריון בא,"Then he said, “Do you know why I have come to you? Now I must go back to fight the prince of Persia. When I go off, the prince of Greece will come in. ",Percepción (Yada)
Daniel,10,21,"אבל אגיד לך אתהרשום בכתב אמת ואין אחד מתחזק עמי עלאלה כי אםמיכאל שרכם&nbsp;<span class=""mam-spi-pe"">{פ}</span><br>","dSentences transposed for clarity. No one is helping me against them except your prince, Michael. However, I will tell you what is recorded in the book of truth.",Ninguno
Daniel,11,1,ואני בשנת אחת לדריוש המדי עמדי למחזיק ולמעוז לו,"“In the first year of Darius the Mede, I took my stand to strengthen and fortify him. ",Ninguno
Daniel,11,2,ועתה אמת אגיד לך הנהעוד שלשה מלכים עמדים לפרס והרביעי יעשיר עשרגדול מכל וכחזקתו בעשרו יעיר הכל את מלכות יון,"And now I will tell you the truth: Persia will have three more kings, and the fourth will be wealthier than them all; by the power he obtains through his wealth, he will stir everyone up against the kingdom of Greece. ",Ninguno
Daniel,11,3,ועמד מלך גבור ומשל ממשל רב ועשה כרצונו,Then a warrior king will appear who will have an extensive dominion and do as he pleases. ,Ninguno
Daniel,11,4,וכעמדו תשבר מלכותו ותחץ לארבע רוחות השמים ולא לאחריתו ולא כמשלו אשר משל כי תנתש מלכותו ולאחרים מלבדאלה,"But after his appearance, his kingdom will be broken up and scattered to the four winds of heaven, but not for any of his posterity, nor with dominion like that which he had; for his kingdom will be uprooted and belong to others beside these.",Ninguno
Daniel,11,5,ויחזק מלךהנגב ומןשריו ויחזק עליו ומשל ממשל רב ממשלתו,"“The king of the south will grow powerful; however, one of his officers will overpower him and rule, having an extensive dominion. ",Ninguno
Daniel,11,6,ולקץ שנים יתחברו ובת מלךהנגב תבוא אלמלך הצפון לעשות מישרים ולאתעצר כוח הזרוע ולא יעמד וזרעו ותנתן היא ומביאיה והילדה ומחזקה בעתים,"After some years, an alliance will be made, and the daughter of the king of the south will come to the king of the north to effect the agreement, but she will not maintain her strength, nor will his strength endure. She will be surrendered together with those who escorted her and the one who begot her and helped her during those times. ",Ninguno
Daniel,11,7,ועמד מנצר שרשיה כנו ויבא אלהחיל ויבא במעוז מלך הצפון ועשה בהם והחזיק,"A shoot from her stock will appear in his place, will come against the army and enter the fortress of the king of the north; he will fight and overpower them. ",Ninguno
Daniel,11,8,וגם אלהיהם עםנסכיהם עםכלי חמדתם כסף וזהב בשבי יבא מצרים והוא שנים יעמד ממלך הצפון,"He will also take their gods with their molten images and their precious vessels of silver and gold back to Egypt as booty. For some years he will leave the king of the north alone, ",Ninguno
Daniel,11,9,ובא במלכות מלך הנגב ושב אלאדמתו,"who will [later] invade the realm of the king of the south, but will go back to his land.",Ninguno
Daniel,11,10,"<span class=""mam-kq-trivial"">ובנו</span> יתגרו ואספו המון חילים רבים ובא בוא ושטף ועבר וישב <span class=""mam-kq""><span class=""mam-kq-k"">(ויתגרו)</span> <span class=""mam-kq-q"">[ויתגרה]</span></span> עד<span class=""mam-kq-trivial"">מעזה</span>","“His sons will wage war, collecting a multitude of great armies; he will advance and sweep through as a flood, and will again wage war as far as his stronghold. ",Ninguno
Daniel,11,11,ויתמרמר מלך הנגב ויצא ונלחם עמו עםמלך הצפון והעמיד המון רב ונתן ההמון בידו,"Then the king of the south, in a rage, will go out to do battle with him, with the king of the north. He will muster a great multitude, but the multitude will be delivered into his [foe’s] power. ",Ninguno
Daniel,11,12,"ונשא ההמון <span class=""mam-kq""><span class=""mam-kq-k"">(ירום)</span> <span class=""mam-kq-q"">[ורם]</span></span> לבבו והפיל רבאות ולא יעוז","But when the multitude is carried off, he will grow arrogant; he will cause myriads to perish, but will not prevail. ",Ninguno
Daniel,11,13,ושב מלך הצפון והעמיד המון רב מןהראשון ולקץ העתים שנים יבוא בוא בחיל גדול וברכוש רב,"Then the king of the north will again muster a multitude even greater than the first. After a time, a matter of years, he will advance with a great army and much baggage. ",Ninguno
Daniel,11,14,ובעתים ההם רבים יעמדו עלמלך הנגב ובני&thinsp;<b></b> פריצי עמך ינשאו להעמיד חזון ונכשלו,"In those times, many will resist the king of the south, and the lawless sons of your people will assert themselves to confirm the vision, but they will fail. ",Ninguno
Daniel,11,15,ויבא מלך הצפון וישפך סוללה ולכד עיר מבצרות וזרעות הנגב לא יעמדו ועם מבחריו ואין כח לעמד,"The king of the north will advance and throw up siege ramps and capture a fortress city, and the forces of the south will not hold out; even the elite of his army will be powerless to resist. ",Ninguno
Daniel,11,16,ויעש הבא אליו כרצונו ואין עומד לפניו ויעמד בארץהצבי וכלה בידו,"His opponent will do as he pleases, for none will hold out against him; he will install himself in the beautiful land with destruction within his reach. ",Ninguno
Daniel,11,17,וישם&thinsp;<small></small>&thinsp;פניו לבוא בתקף כלמלכותו וישרים עמו ועשה ובת הנשים יתןלו להשחיתה ולא תעמד ולאלו תהיה,"He will set his mind upon invading the strongholds throughout his [foe’s] kingdom, but in order to destroy it he will effect an agreement with him and give him a daughter in marriage; he will not succeed at it and it will not come about. ",Ninguno
Daniel,11,18,"<span class=""mam-kq""><span class=""mam-kq-k"">(וישב)</span> <span class=""mam-kq-q"">[וישם]</span></span>&thinsp;<small></small>&thinsp;פניו לאיים ולכד רבים והשבית קצין חרפתו לו בלתי חרפתו ישיב לו","He will turn to the coastlands and capture many; but a consul will put an end to his insults, nay pay him back for his insults. ",Ninguno
Daniel,11,19,וישב פניו למעוזי ארצו ונכשל ונפל ולא ימצא,"He will head back to the strongholds of his own land, but will stumble, and fall, and vanish. ",Ninguno
Daniel,11,20,ועמד עלכנו מעביר נוגש הדר מלכות ובימים אחדים ישבר ולא באפים ולא במלחמה,"His place will be taken by one who will dispatch an officer to exact tribute for royal glory, but he will be broken in a few days, not by wrath or by war. ",Ninguno
Daniel,11,21,ועמד עלכנו נבזה ולאנתנו עליו הוד מלכות ובא בשלוה והחזיק מלכות בחלקלקות,"His place will be taken by a contemptible man, on whom royal majesty was not conferred; he will come in unawares and seize the kingdom through trickery. ",Ninguno
Daniel,11,22,וזרעות השטף ישטפו מלפניו וישברו וגם נגיד ברית,"The forces of the flood will be overwhelmed by him and will be broken, and so too the covenant leader. ",Ninguno
Daniel,11,23,ומןהתחברות אליו יעשה מרמה ועלה ועצם במעטגוי,"And, from the time an alliance is made with him, he will practice deceit; and he will rise to power with a small band. ",Ninguno
Daniel,11,24,בשלוה ובמשמני מדינה יבוא ועשה אשר לאעשו אבתיו ואבות אבתיו בזה ושלל ורכוש להם יבזור ועל מבצרים יחשב מחשבתיו ועדעת,"He will invade the richest of provinces unawares, and will do what his father and forefathers never did, lavishing on his followersahis followers Heb. “them.” spoil, booty, and wealth; he will have designs upon strongholds, but only for a time.",Ninguno
Daniel,11,25,ויער כחו ולבבו עלמלך הנגב בחיל גדול ומלך הנגב יתגרה למלחמה בחילגדול ועצום עדמאד ולא יעמד כייחשבו עליו מחשבות,"“He will muster his strength and courage against the king of the south with a great army. The king of the south will wage war with a very great and powerful army but will not stand fast, for they will devise plans against him. ",Ninguno
Daniel,11,26,ואכלי פתבגו ישברוהו וחילו ישטוף ונפלו חללים רבים,"Those who eat of his food will ruin him. His army will be overwhelmed, and many will fall slain. ",Ninguno
Daniel,11,27,ושניהם המלכים לבבם למרע ועלשלחן אחד כזב ידברו ולא תצלח כיעוד קץ למועד,"The minds of both kings will be bent on evil; while sitting at the table together, they will lie to each other, but to no avail, for there is yet an appointed term. ",Ninguno
Daniel,11,28,וישב ארצו ברכוש גדול ולבבו עלברית קדש ועשה ושב לארצו,"He will return to his land with great wealth, his mind set against the holy covenant. Having done his pleasure, he will return to his land. ",Ninguno
Daniel,11,29,למועד ישוב ובא בנגב ולאתהיה כראשנה וכאחרונה,"At the appointed time, he will again invade the south, but the second time will not be like the first. ",Ninguno
Daniel,11,30,ובאו בו ציים כתים ונכאה ושב וזעם עלבריתקודש ועשה ושב ויבן עלעזבי ברית קדש,"Ships from Kittim will come against him. He will be checked, and will turn back, raging against the holy covenant. Having done his pleasure, he will then attend to those who forsake the holy covenant. ",Ninguno
Daniel,11,31,וזרעים ממנו יעמדו וחללו המקדש המעוז והסירו התמיד ונתנו השקוץ משמם,"Forces will be levied by him; they will desecrate the temple, the fortress; they will abolish the regular offering and set up the appalling abomination. ",Ninguno
Daniel,11,32,ומרשיעי ברית יחניף בחלקות ועם ידעי אלהיו יחזקו ועשו,"He will flatter with smooth words those who act wickedly toward the covenant, but the people devoted to their God will stand firm. ",Percepción (Yada)
Daniel,11,33,ומשכילי עם יבינו לרבים ונכשלו בחרב ובלהבה בשבי ובבזה ימים,"The knowledgeable among the people will make the many understand; and for a while they shall fall by sword and flame, suffer captivity and spoliation. ",Ninguno
Daniel,11,34,ובהכשלם יעזרו עזר מעט ונלוו עליהם רבים בחלקלקות,"In defeat, they will receive a little help, and many will join them insincerely. ",Ninguno
Daniel,11,35,ומןהמשכילים יכשלו לצרוף בהם ולברר וללבן עדעת קץ כיעוד למועד,"Some of the knowledgeable will fall, that they may be refined and purged and whitened until the time of the end, for an interval still remains until the appointed time.",Ninguno
Daniel,11,36,ועשה כרצנו המלך ויתרומם ויתגדל עלכלאל ועל אל אלים ידבר נפלאות והצליח עדכלה זעם כי נחרצה נעשתה,"“The king will do as he pleases; he will exalt and magnify himself above every god, and he will speak awful things against the God of gods. He will prosper until wrath is spent, and what has been decreed is accomplished. ",Ninguno
Daniel,11,37,ועלאלהי אבתיו לא יבין ועלחמדת נשים ועלכלאלוה לא יבין כי עלכל יתגדל,"He will not have regard for the god of his ancestors or for the one dear to women; he will not have regard for any god, but will magnify himself above all. ",Separación (Beyn)
Daniel,11,38,ולאלה מעזים עלכנו יכבד ולאלוה אשר לאידעהו אבתיו יכבד בזהב ובכסף ובאבן יקרה ובחמדות,"He will honor the god of fortresses on his stand; he will honor with gold and silver, with precious stones and costly things, a god that his ancestors never knew. ",Percepción (Yada)
Daniel,11,39,"ועשה למבצרי מעזים עםאלוה נכר אשר <span class=""mam-kq""><span class=""mam-kq-k"">(הכיר)</span> <span class=""mam-kq-q"">[יכיר]</span></span> ירבה כבוד והמשילם ברבים ואדמה יחלק במחיר","He will deal with fortified strongholds with the help of an alien god. He will heap honor on those who acknowledge him, and will make them master over many; he will distribute land for a price. ",Ninguno
Daniel,11,40,ובעת קץ יתנגח עמו מלך הנגב וישתער עליו מלך הצפון ברכב ובפרשים ובאניות רבות ובא בארצות ושטף ועבר,"At the time of the end, the king of the south will lock horns with him, but the king of the north will attack him with chariots and riders and many ships. He will invade lands, sweeping through them like a flood; ",Ninguno
Daniel,11,41,ובא בארץ הצבי ורבות יכשלו ואלה ימלטו מידו אדום ומואב וראשית בני עמון,"he will invade the beautiful land, too, and many will fall, but these will escape his clutches: Edom, Moab, and the chief part of the Ammonites. ",Ninguno
Daniel,11,42,וישלח ידו בארצות וארץ מצרים לא תהיה לפליטה,He will lay his hands on lands; not even the land of Egypt will escape. ,Ninguno
Daniel,11,43,ומשל במכמני הזהב והכסף ובכל חמדות מצרים ולבים וכשים במצעדיו,"He will gain control over treasures of gold and silver and over all the precious things of Egypt, and the Libyans and Cushites will follow at his heel. ",Ninguno
Daniel,11,44,ושמעות יבהלהו ממזרח ומצפון ויצא בחמא גדלה להשמיד ולהחרים רבים,"But reports from east and north will alarm him, and he will march forth in a great fury to destroy and annihilate many. ",Ninguno
Daniel,11,45,ויטע אהלי אפדנו בין ימים להרצביקדש ובא עדקצו ואין עוזר לו,"He will pitch his royal pavilion between the sea and the beautiful holy mountain, and he will meet his doom with no one to help him.",Separación (Beyn)
Daniel,12,1,ובעת ההיא יעמד מיכאל השר הגדול העמד עלבני עמך והיתה עת צרה אשר לאנהיתה מהיות גוי עד העת ההיא ובעת ההיא ימלט עמך כלהנמצא כתוב בספר,"“At that time, the great prince, Michael, who stands beside the sons of your people, will appear. It will be a time of trouble, the like of which has never been since the nation came into being. At that time, your people will be rescued, all who are found inscribed in the book. ",Ninguno
Daniel,12,2,ורבים מישני אדמתעפר יקיצו אלה לחיי עולם ואלה לחרפות לדראון עולם,"Many of those that sleep in the dust of the earth will awake, some to eternal life, others to reproaches, to everlasting abhorrence. ",Ninguno
Daniel,12,3,"והמשכלים יזהרו כזהר הרקיע ומצדיקי הרבים ככוכבים לעולם ועד&nbsp;<span class=""mam-spi-pe"">{פ}</span><br>","And the knowledgeable will be radiant like the bright expanse of sky, and those who lead the many to righteousness will be like the stars forever and ever.",Ninguno
Daniel,12,4,ואתה דניאל סתם הדברים וחתם הספר עדעת קץ ישטטו רבים ותרבה הדעת,"“But you, Daniel, keep the words secret, and seal the book until the time of the end. Many will range far and wide and knowledge will increase.”",Ninguno
Daniel,12,5,וראיתי אני דניאל והנה שנים אחרים עמדים אחד הנה לשפת היאר ואחד הנה לשפת היאר,"Then I, Daniel, looked and saw two others standing, one on one bank of the river, the other on the other bank of the river. ",Ninguno
Daniel,12,6,ויאמר לאיש לבוש הבדים אשר ממעל למימי היאר עדמתי קץ הפלאות,"One said to that figure clothed in linen, who was above the water of the river, “How long until the end of these awful things?” ",Ninguno
Daniel,12,7,ואשמע אתהאיש&thinsp;<b></b> לבוש הבדים אשר ממעל למימי היאר וירם ימינו ושמאלו אלהשמים וישבע בחי העולם כי למועד מועדים וחצי וככלות נפץ ידעםקדש תכלינה כלאלה,"Then I heard the figure clothed in linen, who was above the water of the river, swear by the Ever-Living One as he lifted his right hand and his left hand to heaven: “For a time, times, and half a time;atime, times, and half a time See note at 7.25. and when the breaking of the power of the holy people comes to an end, then shall all these things be fulfilled.”","Caos/Izquierda (Smol), Percepción (Yada)"
Daniel,12,8,ואני שמעתי ולא אבין ואמרה אדני מה אחרית אלה,"I heard and did not understand, so I said, “My lord, what will be the outcome of these things?” ",Separación (Beyn)
Daniel,12,9,ויאמר לך דניאל כיסתמים וחתמים הדברים עדעת קץ,"He said, “Go, Daniel, for these words are secret and sealed to the time of the end. ",Ninguno
Daniel,12,10,יתבררו ויתלבנו ויצרפו רבים והרשיעו רשעים ולא יבינו כלרשעים והמשכלים יבינו,Many will be purified and purged and refined; the wicked will act wickedly and none of the wicked will understand; but the knowledgeable will understand. ,Ninguno
Daniel,12,11,ומעת הוסר התמיד ולתת שקוץ שמם ימים אלף מאתים ותשעים,"(From the time the regular offering is abolished, and an appalling abomination is set up—it will be a thousand two hundred and ninety days. ",Ninguno
Daniel,12,12,אשרי המחכה ויגיע לימים אלף שלש מאות שלשים וחמשה,Happy the one who waits and reaches one thousand three hundred and thirty-five days.) ,Ninguno
Daniel,12,13,ואתה לך לקץ ותנוח ותעמד לגרלך לקץ הימין,"But you, go on to the end; you shall rest, and arise to your destiny at the end of the days.”",Control/Derecha (Yamin)
