Libro,Capitulo,Versiculo,Hebreo_Limpio,Traduccion,Conceptos_Matriz
I_Samuel,1,1,ויהי איש אחד מןהרמתים צופים מהר אפרים ושמו אלקנה בןירחם בןאליהוא בןתחו בןצוף אפרתי,"There was a man from Ramathaim of the Zuphites,aRamathaim of the Zuphites Heb. “Ramathaim-zophim.” In 1.19; 2.11; 7.17; 15.34; 19.18, etc., the town is called Ramah; and 9.5ff. shows that it was in the district of Zuph. in the hill country of Ephraim, whose name was Elkanah son of Jeroham son of Elihu son of Tohu son of Zuph, an Ephraimite. ",Ninguno
I_Samuel,1,2,ולו שתי נשים שם אחת חנה ושם השנית פננה ויהי לפננה ילדים ולחנה אין ילדים,"He had two wives, one named Hannah and the other Peninnah; Peninnah had children, but Hannah was childless. ",Ninguno
I_Samuel,1,3,ועלה האיש ההוא מעירו מימים&thinsp;<small></small>&thinsp;ימימה להשתחות ולזבח ליהוה צבאות בשלה ושם שני בניעלי חפני ופנחס כהנים ליהוה,"This manbThis man I.e., he with his household. used to go up from his town every year to worship and to offer sacrifice to GOD of Hosts at Shiloh.—Hophni and Phinehas, the two sons of Eli, were priests of GOD there.",Ninguno
I_Samuel,1,4,ויהי היום ויזבח אלקנה ונתן לפננה אשתו ולכלבניה ובנותיה מנות,"One such day, Elkanah offered a sacrifice. He used to give portions to his wife Peninnah and to all her sons and daughters; ",Ninguno
I_Samuel,1,5,ולחנה יתן מנה אחת אפים כי אתחנה אהב ויהוה סגר רחמה,but to Hannah he would give one portion only—thoughconly—though Meaning of Heb. uncertain. Hannah was his favorite—for GOD had closed her womb. ,Ninguno
I_Samuel,1,6,וכעסתה צרתה גםכעס בעבור הרעמה כיסגר יהוה בעד רחמה,"Moreover, her rival, to make her miserable, would taunt her that GOD had closed her womb. ",Ninguno
I_Samuel,1,7,וכן יעשה שנה בשנה מדי עלתה בבית יהוה כן תכעסנה ותבכה ולא תאכל,"This happeneddThis happened Lit. “Thus he did.” year after year: Every time she went up to the House of GOD, the other would taunt her, so that she wept and would not eat. ",Ninguno
I_Samuel,1,8,ויאמר לה אלקנה אישה חנה למה תבכי ולמה לא תאכלי ולמה ירע לבבך הלוא אנכי טוב לך מעשרה בנים,"Her husband Elkanah said to her, “Hannah, why are you crying and why aren’t you eating? Why are you so sad? Am I not more devoted to you than ten sons?”",Ninguno
I_Samuel,1,9,ותקם חנה אחרי אכלה בשלה ואחרי שתה ועלי הכהן ישב עלהכסא עלמזוזת היכל יהוה,"After they had eaten and drunk at Shiloh, Hannah rose.erose Septuagint adds “and stood before GOD.”—The priest Eli was sitting on the seat near the doorpost of the temple of GOD.— ",Ninguno
I_Samuel,1,10,והיא מרת נפש ותתפלל עליהוה ובכה תבכה,"In her wretchedness, she prayed to GOD, weeping all the while. ",Ninguno
I_Samuel,1,11,ותדר נדר ותאמר יהוה צבאות אםראה תראה&thinsp;<b></b> בעני אמתך וזכרתני ולאתשכח אתאמתך ונתתה לאמתך זרע אנשים ונתתיו ליהוה כלימי חייו ומורה לאיעלה עלראשו,"And she made this vow: “O GOD of Hosts, if You will look upon the suffering of Your maidservant and will remember me and not forget Your maidservant, and if You will grant Your maidservant a child like the othersfthe others I.e., Peninah and Elkanah; cf. Josephus. have, I will dedicate it to GOD for all the days of its life; and no razor shall ever touch its head.”ga child … its head Or “a male child, I will dedicate him to GOD for all the days of his life; and no razor shall ever touch his head.” ",Ninguno
I_Samuel,1,12,והיה כי הרבתה להתפלל לפני יהוה ועלי שמר אתפיה,"As she kept on praying before GOD, Eli watched her mouth. ",Ninguno
I_Samuel,1,13,וחנה היא מדברת עללבה רק שפתיה נעות וקולה לא ישמע ויחשבה עלי לשכרה,"Now Hannah was praying in her heart; only her lips moved, but her voice could not be heard. So Eli thought she was drunk. ",Ninguno
I_Samuel,1,14,ויאמר אליה עלי עדמתי תשתכרין הסירי אתיינך מעליך,"Eli said to her, “How long will you make a drunken spectacle of yourself? Sober up!”hSober up Lit. “Remove your wine from you.” ",Ninguno
I_Samuel,1,15,ותען חנה ותאמר לא אדני אשה קשתרוח אנכי ויין ושכר לא שתיתי ואשפך אתנפשי לפני יהוה,"And Hannah replied, “Oh no, my lord! I am a very unhappy woman. I have drunk no wine or other strong drink, but I have been pouring out my heart to GOD. ",Ninguno
I_Samuel,1,16,אלתתן אתאמתך לפני בתבליעל כימרב שיחי וכעסי דברתי עדהנה,Do not take your maidservant for a worthless woman; I have only been speaking all this time out of my great anguish and distress.”,Ninguno
I_Samuel,1,17,ויען עלי ויאמר לכי לשלום ואלהי ישראל יתן אתשלתך אשר שאלת מעמו,"“Then go in peace,” said Eli, “and may the God of Israel grant you what you have asked.” ",Ninguno
I_Samuel,1,18,ותאמר תמצא שפחתך חן בעיניך ותלך האשה לדרכה ותאכל ופניה לאהיולה עוד,"She answered, “You are most kind to your handmaid.” So the woman left, and she ate, and was no longer downcast. ",Ninguno
I_Samuel,1,19,וישכמו בבקר וישתחוו לפני יהוה וישבו ויבאו אלביתם הרמתה וידע אלקנה אתחנה אשתו ויזכרה יהוה,"Early next morning they bowed low before GOD, and they went back home to Ramah. Elkanah knewiknew Cf. note at Gen. 4.1. his wife Hannah and GOD remembered her. ",Percepción (Yada)
I_Samuel,1,20,ויהי לתקפות הימים ותהר חנה ותלד בן ותקרא אתשמו שמואל כי מיהוה שאלתיו,"Hannah conceived, and at the turn of the year bore a son. She named him Samuel,jSamuel Connected with shaʼul me-ʼEl “asked of God”; cf. vv. 17, 27–28. meaning, “I asked GOD for him.” ",Ninguno
I_Samuel,1,21,ויעל האיש אלקנה וכלביתו לזבח ליהוה אתזבח הימים ואתנדרו,"And when this man Elkanah and all his household were going up to offer to GOD the annual sacrifice and his votive sacrifice, ",Ninguno
I_Samuel,1,22,וחנה לא עלתה כיאמרה לאישה עד יגמל הנער והבאתיו ונראה אתפני יהוה וישב שם עדעולם,"Hannah did not go up. She said to her husband, “When the child is weaned, I will bring him. For when he has appeared before GOD, he must remain there for good.” ",Ninguno
I_Samuel,1,23,ויאמר לה אלקנה אישה עשי הטוב בעיניך שבי עדגמלך אתו אך יקם יהוה אתדברו ותשב האשה ותינק אתבנה עדגמלה אתו,"Her husband Elkanah said to her, “Do as you think best. Stay home until you have weaned him. May GOD’s word be fulfilled.”kGOD’s word Septuagint and 4QSamᵃ (a Samuel fragment from Qumran) read “the utterance of your mouth.” So the woman stayed home and nursed her son until she weaned him.",Ninguno
I_Samuel,1,24,ותעלהו עמה כאשר גמלתו בפרים שלשה ואיפה אחת קמח ונבל יין ותבאהו ביתיהוה שלו והנער נער,"When she had weaned him, she took him up with her, along with three bulls,lthree bulls Septuagint and 4QSamᵃ read “a three-year-old [cf. Gen. 15.9] bull and bread”; cf. v. 25. one ephah of flour, and a jar of wine. And though the boy was still very young,mthough the boy was still very young Meaning of Heb. uncertain. she brought him to the House of GOD at Shiloh. ",Ninguno
I_Samuel,1,25,וישחטו אתהפר ויבאו אתהנער אלעלי,"After slaughtering the bull, they brought the boy to Eli. ",Ninguno
I_Samuel,1,26,ותאמר בי אדני חי נפשך אדני אני האשה הנצבת עמכה בזה להתפלל אליהוה,"She said, “Please, my lord! As you live, my lord, I am the woman who stood here beside you and prayed to GOD. ",Ninguno
I_Samuel,1,27,אלהנער הזה התפללתי ויתן יהוה לי אתשאלתי אשר שאלתי מעמו,It was this boy I prayed for; and GOD has granted me what I asked.,Ninguno
I_Samuel,1,28,"וגם אנכי השאלתהו ליהוה כלהימים אשר היה הוא שאול ליהוה וישתחו שם ליהוה&nbsp;<span class=""mam-spi-samekh"">{ס}</span>&nbsp;&nbsp;&nbsp;&nbsp;&nbsp;&nbsp;&nbsp;&nbsp;","I, in turn, hereby lendnlend From the same root as that of the verb rendered “asked for” in v. 20. him to GOD. For as long as he lives he is lent to GOD.” And theyothey Heb. “he”; cf. 2.11. A reading in the Talmud (Berakhot 61a) implies that Elkanah was there. bowed low there before GOD.",Ninguno
I_Samuel,2,1,ותתפלל חנה ותאמר עלץ לבי ביהוה רמה קרני ביהוה רחב פי עלאויבי כי שמחתי בישועתך,And Hannah prayed:My heart exults in  GOD;I have triumphedaI have triumphed Lit. “My horn is high.” through GOD.I gloatbI gloat Lit. “My mouth is wide.” over my enemies;I rejoice in Your deliverance.,Ninguno
I_Samuel,2,2,איןקדוש כיהוה כי אין בלתך ואין צור כאלהינו,"There is no holy one like  GOD,Truly, there is none beside You;There is no rock like our God.",Ninguno
I_Samuel,2,3,"אלתרבו תדברו גבהה גבהה יצא עתק מפיכם כי אל דעות יהוה <span class=""mam-kq""><span class=""mam-kq-k"">(ולא)</span> <span class=""mam-kq-q"">[ולו]</span></span> נתכנו עללות","Talk no more with lofty pride,Let no arrogance cross your lips!For  the ETERNAL is an all-knowing God,By whom actions are measured.",Ninguno
I_Samuel,2,4,קשת גברים חתים ונכשלים אזרו חיל,"The bows of the mighty are broken,And the faltering are girded with strength.",Ninguno
I_Samuel,2,5,שבעים בלחם נשכרו ורעבים חדלו עדעקרה ילדה שבעה ורבת בנים אמללה,"The sated are hired out for bread;The starving hunger no more.While the infertile woman bears seven,The mother of many is forlorn.",Ninguno
I_Samuel,2,6,יהוה ממית ומחיה מוריד שאול ויעל,"  GOD   deals death and gives life,Casts down into Sheol and raises up.",Ninguno
I_Samuel,2,7,יהוה מוריש ומעשיר משפיל אףמרומם,"  GOD   makes poor and makes rich,Casts down, and also lifts high—",Ninguno
I_Samuel,2,8,מקים מעפר דל מאשפת ירים אביון להושיב עםנדיבים וכסא כבוד ינחלם כי ליהוה מצקי ארץ וישת עליהם תבל,"Raising the poor from the dust,Lifting up the needy from the dunghill,To set them with nobles,Granting them seats of honor.For the pillars of the earth belong to  GOD,Who has set the world upon them.",Ninguno
I_Samuel,2,9,רגלי חסידו ישמר ורשעים בחשך ידמו כילא בכח יגבראיש,"[God] guards the steps of the faithful,But the wicked perish in darkness—For none shall prevail by strength.",Ninguno
I_Samuel,2,10,"יהוה יחתו <span class=""mam-kq-trivial"">מריבו</span> <span class=""mam-kq-trivial"">עלו</span> בשמים ירעם יהוה ידין אפסיארץ ויתןעז למלכו וירם קרן משיחו&nbsp;<span class=""mam-spi-pe"">{פ}</span><br>","GOD’s foes  shall be shattered—Thundered against from the heavens.  GOD   will judge the ends of the earth—Giving power to the king,And triumph tocAnd triumph to Lit. “And will raise the horn of.” the anointed one.",Ninguno
I_Samuel,2,11,וילך אלקנה הרמתה עלביתו והנער היה משרת אתיהוה אתפני עלי הכהן,Then ElkanahdElkanah See the second note at 1.28. [and Hannah] went home to Ramah; and the boy entered the service of GOD under the priest Eli.,Ninguno
I_Samuel,2,12,ובני עלי בני בליעל לא ידעו אתיהוה,Now Eli’s sons were scoundrels; they paid no heed toepaid no heed to Lit. “did not know.” GOD. ,Percepción (Yada)
I_Samuel,2,13,ומשפט הכהנים אתהעם כלאיש זבח זבח ובא נער הכהן כבשל הבשר והמזלג שלש השנים בידו,"This is how the priests used to deal with the people: Whenever anyone brought a sacrifice, the priest’s boy would come along with a three-pronged fork while the meat was boiling, ",Ninguno
I_Samuel,2,14,והכה בכיור או בדוד או בקלחת או בפרור כל אשר יעלה המזלג יקח הכהן בו ככה יעשו לכלישראל הבאים שם בשלה,"and he would thrust it into cauldron, or the kettle, or the great pot, or the small cooking-pot;fcauldron … or … cooking-pot These vessels have not been distinguished precisely. and whatever the fork brought up, the priest would take away on it.gon it Targum and Septuagint add “for himself.” This was the practice at Shiloh with all the Israelites who came there. ",Ninguno
I_Samuel,2,15,גם בטרם יקטרון אתהחלב ובא&thinsp;<b></b> נער הכהן ואמר לאיש הזבח תנה בשר לצלות לכהן ולאיקח ממך בשר מבשל כי אםחי,"[But now] even before the suet was turned into smoke, the priest’s boy would come and say to the party that was sacrificing, “Hand over some meat to roast for the priest; for he won’t accept boiled meat from you, only raw.” ",Ninguno
I_Samuel,2,16,"ויאמר אליו האיש קטר יקטירון כיום החלב וקחלך כאשר תאוה נפשך ואמר&thinsp;<small></small>&thinsp;<span class=""mam-kq""><span class=""mam-kq-q"">[לא]</span> <span class=""mam-kq-k"">(לו)</span></span> כי עתה תתן ואםלא לקחתי בחזקה","And if the response to this was, “Let them first turn the suet into smoke, and then take as much as you want,” he would reply, “No, hand it over at once or I’ll take it by force.” ",Ninguno
I_Samuel,2,17,ותהי חטאת הנערים גדולה מאד אתפני יהוה כי נאצו האנשים את מנחת יהוה,"The sin of the young men against GOD was very great, for those men treated GOD’s offerings impiously.",Ninguno
I_Samuel,2,18,ושמואל משרת אתפני יהוה נער חגור אפוד בד,"Samuel was engaged in the service of GOD as an attendant, girded with a linen ephod. ",Ninguno
I_Samuel,2,19,ומעיל קטן תעשהלו אמו והעלתה לו מימים&thinsp;<small></small>&thinsp;ימימה בעלותה אתאישה לזבח אתזבח הימים,"His mother would also make a little robe for him and bring it up to him every year, when she made the pilgrimage with her husband to offer the annual sacrifice. ",Ninguno
I_Samuel,2,20,וברך עלי אתאלקנה ואתאשתו ואמר ישם יהוה לך זרע מןהאשה הזאת תחת השאלה אשר שאל ליהוה והלכו למקומו,"Eli would bless Elkanah and his wife, and say, “May GOD granthgrant 4QSamᵃ and Septuagint read “repay.” you offspring by this woman in place of the loan she made to GOD.” Then they would return home. ",Ninguno
I_Samuel,2,21,"כיפקד יהוה אתחנה ותהר ותלד שלשהבנים ושתי בנות ויגדל הנער שמואל עםיהוה&nbsp;<span class=""mam-spi-samekh"">{ס}</span>&nbsp;&nbsp;&nbsp;&nbsp;&nbsp;&nbsp;&nbsp;&nbsp;",ForiFor 4QSamᵃ reads “And.” GOD took note of Hannah; she conceived and bore three sons and two daughters. Young Samuel meanwhile grew up in the service of GOD.,Ninguno
I_Samuel,2,22,ועלי זקן מאד ושמע את כלאשר יעשון בניו לכלישראל ואת אשרישכבון אתהנשים הצבאות פתח אהל מועד,"Now Eli was very old. When he heard all that his sons were doing to all Israel, and how they lay with the women who performed tasksjperformed tasks Meaning of Heb. uncertain. at the entrance of the Tent of Meeting, ",Ninguno
I_Samuel,2,23,ויאמר להם למה תעשון כדברים האלה אשר אנכי שמע אתדבריכם רעים מאת כלהעם אלה,"he said to them, “Why do you do such things? I get evil reports about you from the people on all hands. ",Ninguno
I_Samuel,2,24,אל בני כי לואטובה השמעה אשר אנכי שמע מעברים עםיהוה,"Don’t, my sons! It is no favorable report I hear GOD’s people spreading about. ",Ninguno
I_Samuel,2,25,אםיחטא איש לאיש ופללו אלהים ואם ליהוה יחטאאיש מי יתפלללו ולא ישמעו לקול אביהם כיחפץ יהוה להמיתם,"If someone sins against another person, God may grant a pardon;kpardon Meaning of Heb. uncertain. but if someone offends against GOD, who can obtain a pardon?”lobtain a pardon Meaning of Heb. uncertain. But they ignored their father’s plea; for GOD was resolved that they should die. ",Ninguno
I_Samuel,2,26,"והנער שמואל הלך וגדל וטוב גם עםיהוה וגם עםאנשים&nbsp;<span class=""mam-spi-pe"">{פ}</span><br>","Young Samuel, meanwhile, grew in esteem and favor both with God and with other people.",Ninguno
I_Samuel,2,27,ויבא אישאלהים אלעלי ויאמר אליו כה אמר יהוה הנגלה נגליתי אלבית אביך בהיותם במצרים לבית פרעה,"An agent of God came to Eli, and he said to him, “Thus said GOD: Lo, I revealed Myself to your father’s house in Egypt when they were subject to the House of Pharaoh, ",Ninguno
I_Samuel,2,28,ובחר אתו מכלשבטי ישראל לי לכהן לעלות עלמזבחי להקטיר קטרת לשאת אפוד לפני ואתנה לבית אביך אתכלאשי בני ישראל,"and I chose them from among all the tribes of Israel to be My priests—to ascend My altar, to burn incense, [and] to carry an ephodmephod Here a device for obtaining oracles (cf. 14.3; 23.6, 9–12), not a garment as in v. 18 above. before Me—and I assigned to your father’s house all offerings by fire of the Israelites. ",Ninguno
I_Samuel,2,29,למה תבעטו בזבחי ובמנחתי אשר צויתי מעון ותכבד אתבניך ממני להבריאכם מראשית כלמנחת ישראל לעמי,"Why, then, do you maliciously trample upon the sacrifices and offerings that I have commanded?nmaliciously trample … commanded Meaning of Heb. uncertain. Emendation yields “gaze [cf. Septuagint] grudgingly upon the sacrifices and offerings that I have commanded” (connecting maʻon with ʻoyen, “keeping a jealous eye”; see 1 Sam. 18.9); cf. v. 32 and note there. You have honored your sons more than Me, feeding on the first portions of every offering of My people Israel.oSee vv. 15–16. ",Ninguno
I_Samuel,2,30,לכן נאםיהוה אלהי ישראל אמור אמרתי ביתך ובית אביך יתהלכו לפני עדעולם ועתה נאםיהוה חלילה לי כימכבדי אכבד ובזי יקלו,"Assuredly—declares the ETERNAL, the God of Israel—I intended for you and your father’s house to remain in My service forever. But now—declares GOD—far be it from Me! For I honor those who honor Me, but those who spurn Me shall be dishonored. ",Ninguno
I_Samuel,2,31,הנה ימים באים וגדעתי אתזרעך ואתזרע בית אביך מהיות זקן בביתך,"A time is coming when I will break your power and that of your father’s house, and there shall be no elder in your house. ",Ninguno
I_Samuel,2,32,והבטת צר מעון בכל אשרייטיב אתישראל ולאיהיה זקן בביתך כלהימים,"You will gaze grudginglypgrudgingly Cf. first note at v. 29. at all the bounty that will be bestowed on Israel, but there shall never be an elder in your house. ",Ninguno
I_Samuel,2,33,ואיש לאאכרית לך מעם מזבחי לכלות אתעיניך ולאדיב אתנפשך וכלמרבית ביתך ימותו אנשים,"qMeaning of verse uncertain. I shall not cut off all your offspring from My altar; [but,] to make your eyes pine and your spirit languish, all the increase in your house shall die as [ordinary] men.ras [ordinary] men Or “en masse,” while allowing one survivor; cf. 22.18–20. ",Ninguno
I_Samuel,2,34,וזהלך האות אשר יבא אלשני בניך אלחפני ופינחס ביום אחד ימותו שניהם,And this shall be a sign for you: The fate of your two sons Hophni and Phinehas—they shall both die on the same day.,Ninguno
I_Samuel,2,35,והקימתי לי כהן נאמן כאשר בלבבי ובנפשי יעשה ובניתי לו בית נאמן והתהלך לפנימשיחי כלהימים,"And I will raise up for Myself a faithful priest, who will act in accordance with My wishes and My purposes. I will build for him an enduring house, and he shall walk before My anointed evermore. ",Ninguno
I_Samuel,2,36,"והיה כלהנותר בביתך יבוא להשתחות לו לאגורת כסף וככרלחם ואמר ספחני נא אלאחת הכהנות לאכל פתלחם&nbsp;<span class=""mam-spi-pe"">{פ}</span><br>","And all the survivors of your house shall come and bow low to him for the sake of a money fee and a loaf of bread, and shall say, ‘Please, assign me to one of the priestly duties, that I may have a morsel of bread to eat.’”",Ninguno
I_Samuel,3,1,"והנער שמואל משרת אתיהוה לפני עלי ודבריהוה היה יקר בימים ההם אין חזון נפרץ&nbsp;<span class=""mam-spi-samekh"">{ס}</span>&nbsp;&nbsp;&nbsp;&nbsp;&nbsp;&nbsp;&nbsp;&nbsp;",Young Samuel was in the service of GOD under Eli. In those days the word of GOD was rare; prophecy was not widespread.,Ninguno
I_Samuel,3,2,"ויהי ביום ההוא ועלי שכב במקומו <span class=""mam-kq-trivial"">ועינו</span> החלו כהות לא יוכל לראות","One day, Eli was asleep in his usual place; his eyes had begun to fail and he could barely see. ",Ninguno
I_Samuel,3,3,"ונר אלהים טרם יכבה ושמואל שכב בהיכל יהוה אשרשם ארון אלהים&nbsp;<span class=""mam-spi-pe"">{פ}</span><br>","The lamp of God had not yet gone out, and Samuel was sleeping in the temple of GOD where the Ark of God was. ",Ninguno
I_Samuel,3,4,ויקרא יהוה אלשמואל ויאמר הנני," GOD called out to Samuel, and he answered, “I’m coming.” ",Ninguno
I_Samuel,3,5,"וירץ אלעלי ויאמר הנני כיקראת לי ויאמר לאקראתי שוב שכב וילך וישכב&nbsp;<span class=""mam-spi-samekh"">{ס}</span>&nbsp;&nbsp;&nbsp;&nbsp;&nbsp;&nbsp;&nbsp;&nbsp;","He ran to Eli and said, “Here I am; you called me.” But he replied, “I didn’t call you; go back to sleep.” So he went back and lay down. ",Ninguno
I_Samuel,3,6,ויסף יהוה קרא עוד שמואל ויקם שמואל וילך אלעלי ויאמר הנני כי קראת לי ויאמר לאקראתי בני שוב שכב,"Again GOD called, “Samuel!” Samuel rose and went to Eli and said, “Here I am; you called me.” But he replied, “I didn’t call, my son; go back to sleep.”— ",Ninguno
I_Samuel,3,7,ושמואל טרם ידע אתיהוה וטרם יגלה אליו דבריהוה,Now Samuel had not yet experienced GOD; the word of GOD had not yet been revealed to him.—,Percepción (Yada)
I_Samuel,3,8,ויסף יהוה קראשמואל בשלישת ויקם וילך אלעלי ויאמר הנני כי קראת לי ויבן עלי כי יהוה קרא לנער,"GOD called Samuel again, a third time, and he rose and went to Eli and said, “Here I am; you called me.” Then Eli understood that GOD was calling the boy. ",Ninguno
I_Samuel,3,9,ויאמר עלי לשמואל לך&thinsp;<small></small>&thinsp;שכב והיה אםיקרא אליך ואמרת דבר יהוה כי שמע עבדך וילך שמואל וישכב במקומו,"And Eli said to Samuel, “Go lie down. If you are called again, say, ‘Speak, GOD, for Your servant is listening.’” And Samuel went to his place and lay down.",Ninguno
I_Samuel,3,10,"ויבא יהוה ויתיצב ויקרא כפעםבפעם שמואל&thinsp;<small></small>&thinsp;שמואל ויאמר שמואל דבר כי שמע עבדך&nbsp;<span class=""mam-spi-pe"">{פ}</span><br>"," 
GOD
 started communicating,astarted communicating Lit. “came and stood there”; cf. Abravanel. calling as before: “Samuel! Samuel!” And Samuel answered, “Speak, for Your servant is listening.” ",Ninguno
I_Samuel,3,11,ויאמר יהוה אלשמואל הנה אנכי עשה דבר בישראל אשר כלשמעו תצלינה שתי אזניו,GOD said to Samuel: “I am going to do in Israel such a thing that both ears of anyone who hears about it will tingle.,Ninguno
I_Samuel,3,12,ביום ההוא אקים אלעלי את כלאשר דברתי אלביתו החל וכלה,"In that day I will fulfill against Eli all that I spoke concerning his house, from beginning to end. ",Ninguno
I_Samuel,3,13,והגדתי לו כישפט אני אתביתו עדעולם בעון אשרידע כימקללים להם בניו ולא כהה בם,And I declare to him that I sentence his house to endless punishment for the iniquity he knew about—how his sons committed sacrilege at willbat will Meaning of Heb. uncertain. Septuagint reads “against God.”—and he did not rebuke them. ,Percepción (Yada)
I_Samuel,3,14,ולכן נשבעתי לבית עלי אםיתכפר עון ביתעלי בזבח ובמנחה עדעולם,"Assuredly, I swear concerning the house of Eli that the iniquity of the house of Eli will never be expiated by sacrifice or offering.”",Ninguno
I_Samuel,3,15,וישכב שמואל עדהבקר ויפתח אתדלתות ביתיהוה ושמואל ירא מהגיד אתהמראה אלעלי,"Samuel lay there until morning; and then he opened the doors of the House of GOD. Samuel was afraid to report the vision to Eli, ",Ninguno
I_Samuel,3,16,ויקרא עלי אתשמואל ויאמר שמואל בני ויאמר הנני,"but Eli summoned Samuel and said, “Samuel, my son”; and he answered, “Here.” ",Ninguno
I_Samuel,3,17,ויאמר מה הדבר אשר דבר אליך אלנא תכחד ממני כה יעשהלך אלהים וכה יוסיף אםתכחד ממני דבר מכלהדבר אשרדבר אליך,"And [Eli] asked, “What did [God] say to you? Keep nothing from me. Thus and more may God do to youcThus and more may God do to you A formula of adjuration. if you keep from me a single word of all that was said to you!” ",Ninguno
I_Samuel,3,18,"ויגדלו שמואל אתכלהדברים ולא כחד ממנו ויאמר יהוה הוא הטוב <span class=""mam-kq-trivial"">בעינו</span> יעשה&nbsp;<span class=""mam-spi-pe"">{פ}</span><br>","Samuel then told him everything, withholding nothing from him. And [Eli] said, “GOD will always do what is right.”",Ninguno
I_Samuel,3,19,ויגדל שמואל ויהוה היה עמו ולאהפיל מכלדבריו ארצה,Samuel grew up and GOD was with him—not leaving any of his predictions unfulfilled.,Ninguno
I_Samuel,3,20,"וידע כלישראל מדן ועדבאר שבע כי נאמן שמואל לנביא ליהוה&nbsp;<span class=""mam-spi-samekh"">{ס}</span>&nbsp;&nbsp;&nbsp;&nbsp;&nbsp;&nbsp;&nbsp;&nbsp;","All Israel, from Dan to Beer-sheba, knew that Samuel was trustworthy as a prophet of GOD. ",Percepción (Yada)
I_Samuel,3,21,"ויסף יהוה להראה בשלה כינגלה יהוה אלשמואל בשלו בדבר יהוה&nbsp;<span class=""mam-spi-pe"">{פ}</span><br>",And GOD continued to appeardappear Or “make contact.” at Shiloh—GOD being revealed to Samuel at Shiloh with the word of GOD;,Ninguno
I_Samuel,4,1,ויהי דברשמואל לכלישראל ויצא ישראל לקראת פלשתים למלחמה ויחנו עלהאבן העזר ופלשתים חנו באפק,"and Samuel’s word went forth to all Israel.aPreceding this, Septuagint has “In those days, the Philistines gathered for war against Israel.” Israel marched out to engage the Philistines in battle; they encamped near Eben-ezer, while the Philistines encamped at Aphek. ",Ninguno
I_Samuel,4,2,ויערכו פלשתים לקראת ישראל ותטש המלחמה וינגף ישראל לפני פלשתים ויכו במערכה בשדה כארבעת אלפים איש,"The Philistines arrayed themselves against Israel; and when the battle was fought,bfought Meaning of Heb. uncertain. Israel was routed by the Philistines, who slew about four thousand men on the field of battle. ",Ninguno
I_Samuel,4,3,ויבא העם אלהמחנה ויאמרו זקני ישראל למה נגפנו יהוה היום לפני פלשתים נקחה אלינו משלה אתארון ברית יהוה ויבא בקרבנו וישענו מכף איבינו,"When the [Israelite] troops returned to the camp, the elders of Israel asked, “Why did GOD put us to rout today before the Philistines? Let us fetch the Ark of the Covenant of GOD from Shiloh; thus [God] will be present among us and will deliver us from the hands of our enemies.” ",Ninguno
I_Samuel,4,4,וישלח העם שלה וישאו משם את ארון בריתיהוה צבאות ישב הכרבים ושם שני בניעלי עםארון ברית האלהים חפני ופינחס,"So the troops sent a message to Shiloh; there Eli’s two sons, Hophni and Phinehas, were in charge of the Ark of the Covenant of God, and they brought down from there the Ark of the Covenant of GOD of Hosts Enthroned on the Cherubim.",Ninguno
I_Samuel,4,5,ויהי כבוא ארון בריתיהוה אלהמחנה וירעו כלישראל תרועה גדולה ותהם הארץ,"When the Ark of the Covenant of GOD entered the camp, all Israel burst into a great shout, so that the earth resounded. ",Ninguno
I_Samuel,4,6,וישמעו פלשתים אתקול התרועה ויאמרו מה קול התרועה הגדולה הזאת במחנה העברים וידעו כי ארון יהוה בא אלהמחנה,"The Philistines heard the noise of the shouting and they wondered, “Why is there such a loud shouting in the camp of the Hebrews?” And when they learned that the Ark of GOD had come to the camp, ",Percepción (Yada)
I_Samuel,4,7,ויראו הפלשתים כי אמרו בא אלהים אלהמחנה ויאמרו אוי לנו כי לא היתה כזאת אתמול שלשם,"the Philistines were frightened; for they said, “God has come to the camp.” And they cried, “Woe to us! Nothing like this has ever happened before. ",Ninguno
I_Samuel,4,8,אוי לנו מי יצילנו מיד האלהים האדירים האלה אלה הם האלהים המכים אתמצרים בכלמכה במדבר,Woe to us! Who will save us from the power of this mighty God—the same God who struck the Egyptians with every kind of plague in the wilderness?,Ninguno
I_Samuel,4,9,התחזקו והיו לאנשים פלשתים פן תעבדו לעברים כאשר עבדו לכם והייתם לאנשים ונלחמתם,"Brace yourselves and be resolute,cbe resolute Or “be men.” O Philistines! Or you will become slaves to the Hebrews as they were slaves to you. Be resolutedBe resolute See previous note. and fight!” ",Ninguno
I_Samuel,4,10,וילחמו פלשתים וינגף ישראל וינסו איש לאהליו ותהי המכה גדולה מאד ויפל מישראל שלשים אלף רגלי,"The Philistines fought; Israel was routed, and they all fled to their homes. The defeat was very great, thirty thousand foot soldiers of Israel fell there. ",Ninguno
I_Samuel,4,11,וארון אלהים נלקח ושני בניעלי מתו חפני ופינחס,"The Ark of God was captured, and Eli’s two sons, Hophni and Phinehas, were slain.",Ninguno
I_Samuel,4,12,וירץ אישבנימן מהמערכה ויבא שלה ביום ההוא ומדיו קרעים ואדמה עלראשו,A certain Benjaminite ran from the battlefield and reached Shiloh the same day; his clothes were rent and there was earth on his head.eearth on his head Another sign of mourning. ,Ninguno
I_Samuel,4,13,"ויבוא והנה עלי ישב עלהכסא <span class=""mam-kq""><span class=""mam-kq-k"">(יך)</span> <span class=""mam-kq-q"">[יד]</span></span> דרך מצפה כיהיה לבו חרד על ארון האלהים והאיש בא להגיד בעיר ותזעק כלהעיר","When he arrived, he found Eli sitting on a seat, waiting beside the road—his heart trembling for the Ark of God. The man entered the city to spread the news, and the whole city broke out in a cry. ",Ninguno
I_Samuel,4,14,וישמע עלי אתקול הצעקה ויאמר מה קול ההמון הזה והאיש מהר ויבא ויגד לעלי,"And when Eli heard the sound of the outcry and asked, “What is the meaning of this uproar?” the man rushed over to tell Eli. ",Ninguno
I_Samuel,4,15,ועלי בןתשעים ושמנה שנה ועיניו קמה ולא יכול לראות,Now Eli was ninety-eight years old; his eyes were fixed in a blind stare.,Ninguno
I_Samuel,4,16,ויאמר האיש אלעלי אנכי הבא מןהמערכה ואני מןהמערכה נסתי היום ויאמר מההיה הדבר בני,"The man said to Eli, “I am the one who came from the battlefield; I have just fled from the battlefield.” [Eli] asked, “What happened, my son?” ",Ninguno
I_Samuel,4,17,"ויען המבשר ויאמר נס ישראל לפני פלשתים וגם מגפה גדולה היתה בעם וגםשני בניך מתו חפני ופינחס וארון האלהים נלקחה&nbsp;<span class=""mam-spi-pe"">{פ}</span><br>","The bearer of the news replied, “Israel fled before the Philistines, and the troops also suffered a great slaughter. Your two sons, Hophni and Phinehas, are dead, and the Ark of God has been captured.” ",Ninguno
I_Samuel,4,18,ויהי כהזכירו&thinsp;<b></b> אתארון האלהים ויפל מעלהכסא אחרנית בעד&thinsp;<b></b> יד השער ותשבר מפרקתו וימת כיזקן האיש וכבד והוא שפט אתישראל ארבעים שנה,"When he mentioned the Ark of God, [Eli] fell backward off the seat besidefbeside Meaning of Heb. uncertain. the gate, broke his neck and died; for the man was old and heavy. He had been a chieftain of Israel for forty years.",Ninguno
I_Samuel,4,19,וכלתו אשתפינחס הרה ללת ותשמע אתהשמועה אלהלקח ארון האלהים ומת חמיה ואישה ותכרע ותלד כינהפכו עליה צריה,"His daughter-in-law, the wife of Phinehas, was pregnant, about to give birth. When she heard the report that the Ark of God was captured and that her father-in-law and her husband were dead, she was seized with labor pains, and she crouched down and gave birth. ",Ninguno
I_Samuel,4,20,וכעת מותה ותדברנה הנצבות עליה אלתיראי כי בן ילדת ולא ענתה ולאשתה לבה,"As she lay dying, the women attending her said, “Do not be afraid, for you have borne a son.” But she did not respond or pay heed. ",Ninguno
I_Samuel,4,21,ותקרא לנער איכבוד לאמר גלה כבוד מישראל אלהלקח ארון האלהים ואלחמיה ואישה,"She named the boy Ichabod, meaning, “The glory has departed from Israel”—referring to the capture of the Ark of God and to [the death of] her father-in-law and her husband. ",Ninguno
I_Samuel,4,22,"ותאמר גלה כבוד מישראל כי נלקח ארון האלהים&nbsp;<span class=""mam-spi-pe"">{פ}</span><br>","“The glory is gone from Israel,” she said, “for the Ark of God has been captured.”",Ninguno
I_Samuel,5,1,ופלשתים לקחו את ארון האלהים ויבאהו מאבן העזר אשדודה,"When the Philistines captured the Ark of God, they brought it from Eben-ezer to Ashdod. ",Ninguno
I_Samuel,5,2,ויקחו פלשתים אתארון האלהים ויבאו אתו בית דגון ויציגו אתו אצל דגון,The Philistines took the Ark of God and brought it into the temple of Dagon and they set it up beside Dagon.,Ninguno
I_Samuel,5,3,וישכמו אשדודים ממחרת והנה דגון נפל לפניו ארצה לפני ארון יהוה ויקחו אתדגון וישבו אתו למקומו,"Early the next day, the Ashdodites found Dagon lying face down on the ground in front of the Ark of GOD. They picked Dagon up and put him back in his place; ",Ninguno
I_Samuel,5,4,וישכמו בבקר ממחרת והנה דגון נפל לפניו ארצה לפני ארון יהוה וראש דגון ושתי&thinsp;<b></b> כפות ידיו כרתות אלהמפתן רק דגון נשאר עליו,"but early the next morning, Dagon was again lying prone on the ground in front of the Ark of GOD. The head and both hands of Dagon were cut off, lying on the threshold; only Dagon’s trunk was left intact.aDagon’s trunk was left intact Meaning of Heb. uncertain. ",Ninguno
I_Samuel,5,5,"עלכן לאידרכו כהני דגון וכלהבאים ביתדגון עלמפתן דגון באשדוד עד היום הזה&nbsp;<span class=""mam-spi-pe"">{פ}</span><br>","That is why, to this day, the priests of Dagon and all who enter the temple of Dagon do not tread on the threshold of Dagon in Ashdod.",Ninguno
I_Samuel,5,6,"ותכבד ידיהוה אלהאשדודים וישמם ויך אתם <span class=""mam-kq""><span class=""mam-kq-k"">(בעפלים)</span> <span class=""mam-kq-q"">[בטחרים]</span></span> אתאשדוד ואתגבוליה","GOD’s hand lay heavy upon the Ashdodites, wreaking havoc among them—striking Ashdod and its territorybAshdod and its territory Meaning of Heb. uncertain. Septuagint reads differently from our Heb. text; it also mentions mice swarming in the Philistine ships and invading their fields. Cf. the mention of “mice” in 6.4, 18; and the note at 6.1. with hemorrhoids. ",Ninguno
I_Samuel,5,7,ויראו אנשיאשדוד כיכן ואמרו לאישב ארון אלהי ישראל עמנו כיקשתה ידו עלינו ועל דגון אלהינו,"When the people of Ashdodcthe people of Ashdod I.e., the leaders, on the townspeople’s behalf. saw how matters stood, they said, “The Ark of the God of Israel must not remain with us, for his hand has dealt harshly with us and with our god Dagon.” ",Ninguno
I_Samuel,5,8,"וישלחו ויאספו אתכלסרני פלשתים אליהם ויאמרו מהנעשה לארון אלהי ישראל ויאמרו גת יסב ארון אלהי ישראל ויסבו אתארון אלהי ישראל&nbsp;<span class=""mam-spi-samekh"">{ס}</span>&nbsp;&nbsp;&nbsp;&nbsp;&nbsp;&nbsp;&nbsp;&nbsp;","They sent messengers and assembled all the lords of the Philistines and asked, “What shall we do with the Ark of the God of Israel?” They answered, “Let the Ark of the God of Israel be removed to Gath.” So they moved the Ark of the God of Israel [to Gath]. ",Ninguno
I_Samuel,5,9,"ויהי אחרי&thinsp;<b></b> הסבו אתו ותהי ידיהוה&thinsp;<small></small>&thinsp;בעיר מהומה גדולה מאד ויך אתאנשי העיר מקטן ועדגדול וישתרו להם <span class=""mam-kq""><span class=""mam-kq-k"">(עפלים)</span> <span class=""mam-kq-q"">[טחרים]</span></span>","And after they had moved it, GOD’s hand came against the city, causing great panic—striking the inhabitants, young and old, so that hemorrhoids broke outdbroke out Meaning of Heb. uncertain. among them. ",Ninguno
I_Samuel,5,10,וישלחו אתארון האלהים עקרון ויהי כבוא ארון האלהים עקרון ויזעקו העקרנים לאמר הסבו אלי אתארון אלהי ישראל להמיתני ואתעמי,"Then they sent the Ark of God to Ekron. But when the Ark of God came to Ekron, the Ekronites cried out, “They have moved the Ark of the God of Israel to us to slay us and our kindred.” ",Ninguno
I_Samuel,5,11,וישלחו ויאספו אתכלסרני פלשתים ויאמרו שלחו אתארון אלהי ישראל וישב למקומו ולאימית אתי ואתעמי כיהיתה מהומתמות בכלהעיר כבדה מאד יד האלהים שם,"They too sent messengers and assembled all the lords of the Philistines and said, “Send the Ark of the God of Israel away, and let it return to its own place, that it may not slay us and our kindred.” For the panic of death pervaded the whole city, so heavily had the hand of God fallen there; ",Ninguno
I_Samuel,5,12,"והאנשים אשר לאמתו הכו <span class=""mam-kq""><span class=""mam-kq-k"">(בעפלים)</span> <span class=""mam-kq-q"">[בטחרים]</span></span> ותעל שועת העיר השמים&nbsp;<span class=""mam-spi-samekh"">{ס}</span>&nbsp;&nbsp;&nbsp;&nbsp;&nbsp;&nbsp;&nbsp;&nbsp;",and those who did not die were stricken with hemorrhoids. The outcry of the city went up to heaven.,Ninguno
I_Samuel,6,1,ויהי ארוןיהוה בשדה פלשתים שבעה חדשים,"The Ark of GOD remained in the territory of the Philistines seven months.aSeptuagint continues “and mice invaded their fields”; cf. vv. 4, 5, 18, and note at 5.6. ",Ninguno
I_Samuel,6,2,"ויקראו פלשתים לכהנים ולקסמים לאמר מהנעשה לארון יהוה הודענו במה נשלחנו למקומו&nbsp;<span class=""mam-spi-samekh"">{ס}</span>&nbsp;&nbsp;&nbsp;&nbsp;&nbsp;&nbsp;&nbsp;&nbsp;","Then the Philistines summoned the priests and the diviners and asked, “What shall we do about the Ark of GOD? Tell us with what we shall send it off to its own place.” ",Ninguno
I_Samuel,6,3,ויאמרו אםמשלחים אתארון אלהי ישראל אלתשלחו אתו ריקם כיהשב תשיבו לו אשם אז תרפאו ונודע לכם למה לאתסור ידו מכם,"They answered, “If you are going to send the Ark of the God of Israel away, do not send it away without anything; you must also pay an indemnity. Then you will be healed, and he will be made known to you; otherwise his hand will not turn away from you.”bhe will be made known … from you Or “and you will know why his hand would not turn away from you.” Meaning of Heb. uncertain. ",Ninguno
I_Samuel,6,4,"ויאמרו מה האשם אשר נשיב לו ויאמרו מספר סרני פלשתים חמשה <span class=""mam-kq""><span class=""mam-kq-k"">(עפלי)</span> <span class=""mam-kq-q"">[טחרי]</span></span> זהב וחמשה עכברי זהב כימגפה אחת לכלם ולסרניכם","They asked, “What is the indemnity that we should pay?” They answered, “Five golden hemorrhoids and five golden mice, corresponding to the number of lords of the Philistines; for the same plague struck all of youcyou Heb. “them.” and your lords. ",Ninguno
I_Samuel,6,5,"ועשיתם צלמי <span class=""mam-kq""><span class=""mam-kq-k"">(עפליכם)</span> <span class=""mam-kq-q"">[טחריכם]</span></span> וצלמי עכבריכם המשחיתם אתהארץ ונתתם לאלהי ישראל כבוד אולי יקל אתידו מעליכם ומעל אלהיכם ומעל ארצכם","You shall make figures of your hemorrhoids and of the mice that are ravaging your land; thus you shall honor the God of Israel, and perhaps the burden upon you and your gods and your land will be lightened.dthe burden upon you…will be lightened Lit. “he will lighten his hand from upon you”; cf. Exod. 18.22 and 1 Kings 12.10. ",Ninguno
I_Samuel,6,6,ולמה תכבדו אתלבבכם כאשר כבדו מצרים ופרעה אתלבם הלוא כאשר התעלל בהם וישלחום וילכו,"Don’t harden your hearts as the Egyptians and Pharaoh hardened their hearts. As you know, when he made a mockery of them, they had to let IsraeleIsrael Heb. “them.” go, and they departed. ",Ninguno
I_Samuel,6,7,ועתה קחו ועשו עגלה חדשה אחת ושתי פרות עלות אשר לאעלה עליהם על ואסרתם אתהפרות בעגלה והשיבתם בניהם מאחריהם הביתה,"Therefore, get a new cart ready and two milch cows that have not borne a yoke; harness the cows to the cart, but take back indoors the calves that follow them. ",Ninguno
I_Samuel,6,8,ולקחתם אתארון יהוה ונתתם אתו אלהעגלה ואת&thinsp;<b></b> כלי הזהב אשר השבתם לו אשם תשימו בארגז מצדו ושלחתם אתו והלך,"Take the Ark of GOD and place it on the cart; and put next to it in a chest the gold objects you are paying as indemnity. Send it off, and let it go its own way. ",Ninguno
I_Samuel,6,9,וראיתם אםדרך גבולו יעלה בית שמש הוא עשה לנו אתהרעה הגדולה הזאת ואםלא וידענו כי לא ידו נגעה בנו מקרה הוא היה לנו,"Then watch: If it goes up the road to Beth-shemesh, to this territory, we will know that he has inflicted this great harm on us. But if not, we shall know that it was not his hand that struck us; it just happened to us by chance.”",Percepción (Yada)
I_Samuel,6,10,ויעשו האנשים כן ויקחו שתי פרות עלות ויאסרום בעגלה ואתבניהם כלו בבית,"The PhilistinesfThe Philistines Heb. “Those involved”; cf. v. 2. did so. They took two milch cows and harnessed them to the cart, and shut up their calves indoors. ",Ninguno
I_Samuel,6,11,וישמו אתארון יהוה אלהעגלה ואת הארגז ואת עכברי הזהב ואת צלמי טחריהם,"They placed the Ark of GOD on the cart together with the chest, the golden mice, and the figures of their hemorrhoids. ",Ninguno
I_Samuel,6,12,וישרנה הפרות בדרך עלדרך בית שמש במסלה אחת הלכו הלך וגעו ולאסרו ימין ושמאול וסרני פלשתים הלכים אחריהם עדגבול בית שמש,"The cows went straight ahead along the road to Beth-shemesh. They went along a single highroad, lowing as they went, and turning off neither to the right nor to the left; and the lords of the Philistines walked behind them as far as the border of Beth-shemesh.",Control/Derecha (Yamin)
I_Samuel,6,13,ובית שמש קצרים קצירחטים בעמק וישאו אתעיניהם ויראו אתהארון וישמחו לראות,"The people of Beth-shemesh were reaping their wheat harvest in the valley. They looked up and saw the Ark, and they rejoiced when they saw it.gwhen they saw it Septuagint reads “As they met it.” ",Ninguno
I_Samuel,6,14,"והעגלה באה אלשדה יהושע ביתהשמשי ותעמד שם ושם אבן גדולה ויבקעו אתעצי העגלה ואתהפרות העלו עלה ליהוה&nbsp;<span class=""mam-spi-samekh"">{ס}</span>&nbsp;&nbsp;&nbsp;&nbsp;&nbsp;&nbsp;&nbsp;&nbsp;",The cart came into the field of Joshua of Beth-shemesh and it stopped there. They split up the wood of the cart and presented the cows as a burnt offering to GOD. A large stone was there;,Ninguno
I_Samuel,6,15,והלוים הורידו&thinsp;<b></b> אתארון יהוה ואתהארגז אשראתו אשרבו כליזהב וישמו אלהאבן הגדולה ואנשי ביתשמש העלו עלות ויזבחו זבחים ביום ההוא ליהוה,and the Levites took down the Ark of GOD and the chest beside it containing the gold objects and placed them on the large stone. Then the inhabitants of Beth-shemesh presented burnt offerings and other sacrifices to GOD that day.,Ninguno
I_Samuel,6,16,"וחמשה סרניפלשתים ראו וישבו עקרון ביום ההוא&nbsp;<span class=""mam-spi-samekh"">{ס}</span>&nbsp;&nbsp;&nbsp;&nbsp;&nbsp;&nbsp;&nbsp;&nbsp;",The five lords of the Philistines saw this and returned the same day to Ekron.,Ninguno
I_Samuel,6,17,"ואלה טחרי הזהב אשר השיבו פלשתים אשם ליהוה&nbsp;<span class=""mam-spi-samekh"">{ס}</span>&nbsp;&nbsp;&nbsp;&nbsp;&nbsp;&nbsp;&nbsp;&nbsp;לאשדוד אחד&nbsp;<span class=""mam-spi-samekh"">{ס}</span>&nbsp;&nbsp;&nbsp;&nbsp;&nbsp;&nbsp;&nbsp;&nbsp;לעזה אחד&nbsp;<span class=""mam-spi-samekh"">{ס}</span>&nbsp;&nbsp;&nbsp;&nbsp;&nbsp;&nbsp;&nbsp;&nbsp;לאשקלון אחד&nbsp;<span class=""mam-spi-samekh"">{ס}</span>&nbsp;&nbsp;&nbsp;&nbsp;&nbsp;&nbsp;&nbsp;&nbsp;לגת אחד&nbsp;<span class=""mam-spi-samekh"">{ס}</span>&nbsp;&nbsp;&nbsp;&nbsp;&nbsp;&nbsp;&nbsp;&nbsp;לעקרון אחד&nbsp;<span class=""mam-spi-samekh"">{ס}</span>&nbsp;&nbsp;&nbsp;&nbsp;&nbsp;&nbsp;&nbsp;&nbsp;","The following were the golden hemorrhoids that the Philistines paid as an indemnity to GOD: For Ashdod, one; for Gaza, one; for Ashkelon, one; for Gath, one; for Ekron, one. ",Ninguno
I_Samuel,6,18,ועכברי הזהב מספר כלערי פלשתים לחמשת הסרנים מעיר מבצר ועד כפר הפרזי ועד&thinsp;<b></b> אבל הגדולה אשר הניחו עליה את ארון יהוה עד היום הזה בשדה יהושע בית השמשי,"hMeaning of vv. 18 and 19 uncertain in part. As for the golden mice, their number accorded with all the Philistine towns that belonged to the five lords—both fortified towns and unwalled villages, as far asivillages, as far as Emendation yields “villages, as witness there is.” the great stonejstone Reading ʼeben with some Heb. mss., Septuagint, and Targum; most mss. and editions ʼabel, “meadow [?].” on which the Ark of GOD was set down, to this day, in the field of Joshua of Beth-shemesh.",Ninguno
I_Samuel,6,19,ויך באנשי ביתשמש כי ראו בארון יהוה ויך בעם שבעים איש חמשים אלף איש ויתאבלו העם כיהכה יהוה בעם מכה גדולה,"[GOD] struck at the inhabitants of Beth-shemesh because they looked into the Ark of GOD—striking down seventy from among the people [and] fifty thousand.kthey looked … fifty thousand Force of Heb. uncertain. The people mourned, for a great slaughter had been inflicted upon the population. ",Ninguno
I_Samuel,6,20,ויאמרו אנשי ביתשמש מי יוכל לעמד לפני יהוה האלהים הקדוש הזה ואלמי יעלה מעלינו,"And the people of Beth-shemeshlthe people of Beth-shemesh Cf. note at 5.7. asked, “Who can stand in attendance on the ETERNAL, this holy God? And to whom shall this go up from us?” ",Ninguno
I_Samuel,6,21,וישלחו מלאכים אליושבי קריתיערים לאמר השבו פלשתים אתארון יהוה רדו העלו אתו אליכם,"They sent messengers to the inhabitants of Kiriath-jearim to say, “The Philistines have sent back the Ark of GOD. Come down and take it into your keeping.”",Ninguno
I_Samuel,7,1,"ויבאו אנשי&thinsp;<b></b> קרית יערים ויעלו אתארון יהוה ויבאו אתו אלבית אבינדב בגבעה ואתאלעזר בנו קדשו לשמר אתארון יהוה&nbsp;<span class=""mam-spi-pe"">{פ}</span><br>","The inhabitants of Kiriath-jearimainhabitants of Kiriath-jearim I.e., a delegation of its inhabitants. came and took up the Ark of GOD and brought it into the house of Abinadab on the hill; and they consecrated his son Eleazar to have charge of the Ark of GOD.",Ninguno
I_Samuel,7,2,"ויהי מיום שבת הארון בקרית יערים וירבו הימים ויהיו עשרים שנה וינהו כלבית ישראל אחרי יהוה&nbsp;<span class=""mam-spi-samekh"">{ס}</span>&nbsp;&nbsp;&nbsp;&nbsp;&nbsp;&nbsp;&nbsp;&nbsp;","A long time elapsed from the day that the Ark was housed in Kiriath-jearim, twenty years in all; and all the House of Israel yearned afterbyearned after Meaning of Heb. uncertain. GOD. ",Ninguno
I_Samuel,7,3,ויאמר שמואל אלכלבית ישראל לאמר אםבכללבבכם אתם שבים אליהוה הסירו אתאלהי הנכר מתוככם והעשתרות והכינו לבבכם אליהוה ועבדהו לבדו ויצל אתכם מיד פלשתים,"And Samuel said to all the House of Israel, “If you mean to return to GOD with all your heart, you must remove the alien gods and the Ashtarothcthe Ashtaroth Objects used in worship of the goddess Ashtoreth. from your midst and direct your heart to GOD, who alone you should serve. Then you will be delivered from the hands of the Philistines.” ",Ninguno
I_Samuel,7,4,"ויסירו בני ישראל אתהבעלים ואתהעשתרת ויעבדו אתיהוה לבדו&nbsp;<span class=""mam-spi-pe"">{פ}</span><br>",And the Israelites removed the Baalim and Ashtaroth and they served GOD alone.,Ninguno
I_Samuel,7,5,ויאמר שמואל קבצו אתכלישראל המצפתה ואתפלל בעדכם אליהוה,"Samuel said, “Assemble all Israel at Mizpah, and I will pray to GOD for you.” ",Ninguno
I_Samuel,7,6,ויקבצו המצפתה וישאבומים וישפכו&thinsp;<b></b> לפני יהוה ויצומו ביום ההוא ויאמרו שם חטאנו ליהוה וישפט שמואל אתבני ישראל במצפה,"They assembled at Mizpah, and they drew water and poured it out before GOD; they fasted that day, and there they confessed that they had sinned against GOD. And Samuel acted as chieftain of the Israelites at Mizpah.",Ninguno
I_Samuel,7,7,וישמעו פלשתים כיהתקבצו בניישראל המצפתה ויעלו סרניפלשתים אלישראל וישמעו בני ישראל ויראו מפני פלשתים,"When the Philistines heard that the Israelites had assembled at Mizpah, the lords of the Philistines marched out against Israel. Hearing of this, the Israelites were terrified of the Philistines ",Ninguno
I_Samuel,7,8,ויאמרו בניישראל אלשמואל אלתחרש ממנו מזעק אליהוה אלהינו וישענו מיד פלשתים,"and they implored Samuel, “Do not neglect us and do not refrain from crying out to the ETERNAL our God to save us from the hands of the Philistines.” ",Ninguno
I_Samuel,7,9,"ויקח שמואל טלה חלב אחד <span class=""mam-kq""><span class=""mam-kq-k"">(ויעלה)</span> <span class=""mam-kq-q"">[ויעלהו]</span></span> עולה כליל ליהוה ויזעק שמואל אליהוה בעד ישראל ויענהו יהוה","Thereupon Samuel took a suckling lamb and sacrificed it as a whole burnt offering to GOD; and Samuel cried out to GOD on behalf of Israel, and GOD responded to him. ",Ninguno
I_Samuel,7,10,ויהי שמואל מעלה העולה ופלשתים נגשו למלחמה בישראל וירעם יהוה בקולגדול ביום ההוא עלפלשתים ויהמם וינגפו לפני ישראל,"For as Samuel was presenting the burnt offering and the Philistines advanced to attack Israel, GOD thundered mightily against the Philistines that day, throwing them into confusion; and they were routed by Israel. ",Ninguno
I_Samuel,7,11,ויצאו אנשי ישראל מןהמצפה וירדפו אתפלשתים ויכום עדמתחת לבית כר,"The men of Israel sallied out of Mizpah and pursued the Philistines, striking them down to a point below Beth-car.",Ninguno
I_Samuel,7,12,ויקח שמואל אבן אחת וישם ביןהמצפה ובין השן ויקרא אתשמה אבן העזר ויאמר עדהנה עזרנו יהוה,"Samuel took a stone and set it up between Mizpah and Shen,dShen Otherwise unknown; perhaps identical with “Jeshanah”; cf. Septuagint; also 2 Chron. 13.19. and named it Eben-ezer:eEben-ezer I.e., “Stone of Help.” “For up to now,” he said, “GOD has helped us.” ",Separación (Beyn)
I_Samuel,7,13,ויכנעו הפלשתים ולאיספו עוד לבוא בגבול ישראל ותהי ידיהוה בפלשתים כל ימי שמואל,The Philistines were humbled and did not invade the territory of Israel again; and GOD’s hand was set against the Philistines as long as Samuel lived.,Ninguno
I_Samuel,7,14,ותשבנה הערים אשר לקחופלשתים מאת ישראל&thinsp;<small></small>&thinsp;לישראל מעקרון ועדגת ואתגבולן הציל ישראל מיד פלשתים ויהי שלום בין ישראל ובין האמרי,"The towns that the Philistines had taken from Israel, from Ekron to Gath, were restored to Israel; Israel recovered all her territory from the Philistines. There was also peace between Israel and the Amorites.",Separación (Beyn)
I_Samuel,7,15,וישפט שמואל אתישראל כל ימי חייו,Samuel judged Israel as long as he lived.,Ninguno
I_Samuel,7,16,והלך מדי שנה בשנה וסבב ביתאל והגלגל והמצפה ושפט אתישראל את כלהמקומות האלה,"Each year he made the rounds of Bethel, Gilgal, and Mizpah, acting as judge over Israel at all those places. ",Ninguno
I_Samuel,7,17,"ותשבתו הרמתה כישם ביתו ושם שפט אתישראל ויבןשם מזבח ליהוה&nbsp;<span class=""mam-spi-pe"">{פ}</span><br>","Then he would return to Ramah, for his home was there, and there too he would judge Israel. He built an altar there to GOD.",Ninguno
I_Samuel,8,1,ויהי כאשר זקן שמואל וישם אתבניו שפטים לישראל,"When Samuel grew old, he appointed his sons judges over Israel. ",Ninguno
I_Samuel,8,2,ויהי שםבנו הבכור יואל ושם משנהו אביה שפטים בבאר שבע,"The name of his first-born son was Joel, and his second son’s name was Abijah; they sat as judges in Beer-sheba. ",Ninguno
I_Samuel,8,3,"ולאהלכו בניו בדרכו ויטו אחרי הבצע ויקחושחד ויטו משפט&nbsp;<span class=""mam-spi-pe"">{פ}</span><br>","But his sons did not follow in his ways; they were bent on gain, they accepted bribes, and they subverted justice.",Ninguno
I_Samuel,8,4,ויתקבצו כל זקני ישראל ויבאו אלשמואל הרמתה,"All the elders of Israel assembled and came to Samuel at Ramah, ",Ninguno
I_Samuel,8,5,ויאמרו אליו הנה אתה זקנת ובניך לא הלכו בדרכיך עתה שימהלנו מלך לשפטנו ככלהגוים,"and they said to him, “You have grown old, and your sons have not followed your ways. Therefore appoint a king for us, to govern us like all other nations.” ",Ninguno
I_Samuel,8,6,"וירע הדבר בעיני שמואל כאשר אמרו תנהלנו מלך לשפטנו ויתפלל שמואל אליהוה&nbsp;<span class=""mam-spi-pe"">{פ}</span><br>","Samuel was displeased that they said “Give us a king to govern us.” Samuel prayed to GOD, ",Ninguno
I_Samuel,8,7,ויאמר יהוה אלשמואל שמע בקול העם לכל אשריאמרו אליך כי לא אתך מאסו כיאתי מאסו ממלך עליהם,"and GOD replied to Samuel, “Heed the demand of the people in everything they say to you. For it is not you that they have rejected; it is Me they have rejected to rule over them. ",Ninguno
I_Samuel,8,8,ככלהמעשים אשרעשו מיום העלתי אותם ממצרים ועדהיום הזה ויעזבני ויעבדו אלהים אחרים כן המה עשים גםלך,Like everything else they have done ever since I brought them out of Egypt to this day—forsaking Me and worshiping other gods—so they are doing to you.,Ninguno
I_Samuel,8,9,"ועתה שמע בקולם אך כיהעד תעיד בהם והגדת להם משפט המלך אשר ימלך עליהם&nbsp;<span class=""mam-spi-samekh"">{ס}</span>&nbsp;&nbsp;&nbsp;&nbsp;&nbsp;&nbsp;&nbsp;&nbsp;","Heed their demand; but warn them solemnly, and tell them about the practices of any king who will rule over them.”",Ninguno
I_Samuel,8,10,"ויאמר שמואל את כלדברי יהוה אלהעם השאלים מאתו מלך&nbsp;<span class=""mam-spi-samekh"">{ס}</span>&nbsp;&nbsp;&nbsp;&nbsp;&nbsp;&nbsp;&nbsp;&nbsp;","Samuel reported all GOD’s words to the people, who were asking him for a king. ",Ninguno
I_Samuel,8,11,ויאמר זה יהיה משפט המלך אשר ימלך עליכם אתבניכם יקח ושם לו במרכבתו ובפרשיו ורצו לפני מרכבתו,"He said, “This will be the practice of the king who will rule over you: He will take your sons and appoint them as his charioteers and riders, and they will serve as outrunners for his chariots. ",Ninguno
I_Samuel,8,12,ולשום לו שרי אלפים ושרי חמשים ולחרש חרישו ולקצר קצירו ולעשות כלימלחמתו וכלי רכבו,"He will appoint them as his chiefs of thousands and of fifties; or they will have to plow his fields, reap his harvest, and make his weapons and the equipment for his chariots. ",Ninguno
I_Samuel,8,13,ואתבנותיכם יקח לרקחות ולטבחות ולאפות,"He will take your daughters as perfumers,aperfumers Or “herbalists.” cooks, and bakers. ",Ninguno
I_Samuel,8,14,ואתשדותיכם ואתכרמיכם וזיתיכם הטובים יקח ונתן לעבדיו,"He will seize your choice fields, vineyards, and olive groves, and give them to his courtiers. ",Ninguno
I_Samuel,8,15,וזרעיכם וכרמיכם יעשר ונתן לסריסיו ולעבדיו,He will take a tenth part of your grain and vintage and give it to his eunuchs and courtiers.,Ninguno
I_Samuel,8,16,ואתעבדיכם ואתשפחותיכם ואתבחוריכם הטובים ואתחמוריכם יקח ועשה למלאכתו,"He will take your male and female slaves, your choice young men,byoung men Septuagint reads “cattle.” and your donkeys, and put them to work for him. ",Ninguno
I_Samuel,8,17,צאנכם יעשר ואתם תהיולו לעבדים,"He will take a tenth part of your flocks, and you shall become his slaves. ",Ninguno
I_Samuel,8,18,וזעקתם ביום ההוא מלפני מלככם אשר בחרתם לכם ולאיענה יהוה אתכם ביום ההוא,The day will come when you cry out because of the king whom you yourselves have chosen; and GOD will not answer you on that day.”,Ninguno
I_Samuel,8,19,וימאנו העם לשמע בקול שמואל ויאמרו לא כי אםמלך יהיה עלינו,"But the people would not listen to Samuel’s warning. “No,” they said. “We must have a king over us, ",Ninguno
I_Samuel,8,20,והיינו גםאנחנו ככלהגוים ושפטנו מלכנו ויצא לפנינו ונלחם אתמלחמתנו,that we may be like all the other nations: Let our king rule over us and go out at our head and fight our battles.”,Ninguno
I_Samuel,8,21,"וישמע שמואל את כלדברי העם וידברם באזני יהוה&nbsp;<span class=""mam-spi-pe"">{פ}</span><br>","When Samuel heard all that the people said, he reported it to GOD. ",Ninguno
I_Samuel,8,22,"ויאמר יהוה אלשמואל שמע בקולם והמלכת להם מלך ויאמר שמואל אלאנשי ישראל לכו איש לעירו&nbsp;<span class=""mam-spi-pe"">{פ}</span><br>","And GOD said to Samuel, “Heed their demands and appoint a king for them.” Samuel then said to the representatives of Israel, “All of you go home.”",Ninguno
I_Samuel,9,1,"ויהיאיש <span class=""mam-kq""><span class=""mam-kq-k"">(מבן ימין)</span> <span class=""mam-kq-q"">[מבנימין]</span></span> ושמו קיש בןאביאל בןצרור בןבכורת בןאפיח בןאיש ימיני גבור חיל","There was a man in Benjamin whose name was Kish son of Abiel son of Zeror son of Becorath son of Aphiah, a Benjaminite, a man of substance. ",Control/Derecha (Yamin)
I_Samuel,9,2,ולוהיה בן ושמו שאול בחור וטוב ואין איש מבני ישראל טוב ממנו משכמו ומעלה גבה מכלהעם,"He had a son whose name was Saul, an excellent young man; no one among the Israelites was handsomer than he; he was a head tallerahe was a head taller Lit. “taller from his shoulders up.” than any of the people.",Ninguno
I_Samuel,9,3,ותאבדנה האתנות לקיש אבי שאול ויאמר קיש אלשאול בנו קחנא אתך אתאחד מהנערים וקום לך בקש אתהאתנת,"Once the donkeys of Saul’s father Kish went astray, and Kish said to his son Saul, “Take along one of the servants and go out and look for the donkeys.” ",Ninguno
I_Samuel,9,4,ויעבר בהראפרים ויעבר בארץשלשה ולא מצאו ויעברו בארץשעלים ואין ויעבר בארץימיני ולא מצאו,"He passed into the hill country of Ephraim. He crossed the district of Shalishah, but they did not find them. They passed through the district of Shaalim, but they were not there. They traversed the [entire] territory of Benjamin, and still they did not find them. ",Ninguno
I_Samuel,9,5,המה באו בארץ צוף ושאול אמר לנערו אשרעמו לכה ונשובה פןיחדל אבי מןהאתנות ודאג לנו,"When they reached the district of Zuph, Saul said to the servant who was with him, “Let us turn back, or my father will stop worrying about the donkeys and begin to worry about us.” ",Ninguno
I_Samuel,9,6,ויאמר לו הנהנא אישאלהים בעיר הזאת והאיש נכבד כל אשרידבר בוא יבוא עתה נלכה שם אולי יגיד לנו אתדרכנו אשרהלכנו עליה,"But he replied, “There is an agent of God in that town, and the man is highly esteemed; everything that he says comes true. Let us go there; perhaps he will tell us about the errand on which we set out.” ",Ninguno
I_Samuel,9,7,ויאמר שאול לנערו והנה נלך ומהנביא לאיש כי הלחם אזל מכלינו ותשורה איןלהביא לאיש האלהים מה אתנו,"“But if we go,” Saul said to his servant, “what can we bring the man? For the food in our bags is all gone, and there is nothing we can bring to the agent of God as a present. What have we got?” ",Ninguno
I_Samuel,9,8,ויסף הנער לענות אתשאול ויאמר הנה נמצא בידי רבע שקל כסף ונתתי לאיש האלהים והגיד לנו אתדרכנו,"The servant answered Saul again, “I happen to have a quarter-shekel of silver. I can give that to the agent of God and he will tell us about our errand.”— ",Ninguno
I_Samuel,9,9,לפנים&thinsp;<b></b> בישראל כהאמר האיש בלכתו לדרוש אלהים לכו ונלכה עדהראה כי לנביא היום יקרא לפנים הראה,"bThis verse explains the term “seer” in v. 11. Formerly in Israel, such a person who went to inquire of God would say, “Come, let us go to the seer,” for the prophet of today was formerly called a seer.— ",Ninguno
I_Samuel,9,10,ויאמר שאול לנערו טוב דברך לכה&thinsp;<small></small>&thinsp;נלכה וילכו אלהעיר אשרשם איש האלהים,"Saul said to his servant, “A good idea; let us go.” And they went to the town where the agent of God lived.",Ninguno
I_Samuel,9,11,המה עלים במעלה העיר והמה מצאו נערות יצאות לשאב מים ויאמרו להן היש בזה הראה,"As they were climbing the ascent to the town, they met some young women coming out to draw water, and they asked them, “Is the seer in town?” ",Ninguno
I_Samuel,9,12,ותענינה אותם ותאמרנה יש הנה לפניך מהר&thinsp;<b></b> עתה כי היום בא לעיר כי זבח היום לעם בבמה,"“Yes,” they replied. “He is up there ahead of you.”—“Hurry, for he has just come to the towncHurry, for he has just come to the town Emendation yields “Hurry, for he has just reached (ʻattah kayyom baʼ, so Septuagint) the gate”; cf. v. 18. because the people have a sacrifice at the shrine today!”— ",Ninguno
I_Samuel,9,13,כבאכם העיר כן תמצאון אתו בטרם יעלה הבמתה לאכל כי לאיאכל העם עדבאו כיהוא יברך הזבח אחריכן יאכלו הקראים ועתה עלו כיאתו כהיום תמצאון אתו,"“As soon as you enter the town, you will find him before he goes up to the shrine to eat.”—“The people will not eat until he comes; for he must first bless the sacrifice and only then will the guests eat.”—“Go up at once, for you will find him right away!” ",Ninguno
I_Samuel,9,14,"ויעלו העיר המה באים בתוך העיר והנה שמואל יצא לקראתם לעלות הבמה&nbsp;<span class=""mam-spi-samekh"">{ס}</span>&nbsp;&nbsp;&nbsp;&nbsp;&nbsp;&nbsp;&nbsp;&nbsp;","So they went up to the town; and as they were entering the town,dtown Emendation yields “gate”; cf. v. 18. Samuel came out toward them, on his way up to the shrine.",Ninguno
I_Samuel,9,15,ויהוה גלה אתאזן שמואל יום אחד לפני בואשאול לאמר,"Now the day before Saul came, GOD had revealed the following to Samuel: ",Ninguno
I_Samuel,9,16,כעת&thinsp;<small></small>&thinsp;מחר אשלח אליך איש מארץ בנימן ומשחתו לנגיד עלעמי ישראל והושיע אתעמי מיד פלשתים כי ראיתי אתעמי כי באה צעקתו אלי,"“At this time tomorrow, I will send a man to you from the territory of Benjamin, and you shall anoint him ruler of My people Israel. He will deliver My people from the hands of the Philistines; for I have taken note of My people,eMy people Septuagint and Targum read “the plight of My people”; cf. Exod. 3.7. their outcry has come to Me.”",Ninguno
I_Samuel,9,17,ושמואל ראה אתשאול ויהוה ענהו הנה האיש אשר אמרתי אליך זה יעצר בעמי,"As soon as Samuel saw Saul, GOD declared to him, “This is the man that I told you would govern My people.” ",Ninguno
I_Samuel,9,18,ויגש שאול אתשמואל בתוך השער ויאמר הגידהנא לי איזה בית הראה,"Saul approached Samuel inside the gate and said to him, “Tell me, please, where is the house of the seer?” ",Ninguno
I_Samuel,9,19,ויען שמואל אתשאול ויאמר אנכי הראה עלה לפני הבמה ואכלתם עמי היום ושלחתיך בבקר וכל אשר בלבבך אגיד לך,"And Samuel answered Saul, “I am the seer. Go up ahead of me to the shrine, for you shall eat with me today; and in the morning I will let you go, after telling you whatever may be on your mind. ",Ninguno
I_Samuel,9,20,"ולאתנות האבדות לך היום שלשת הימים אלתשם אתלבך להם כי נמצאו ולמי כלחמדת ישראל הלוא לך ולכל בית אביך&nbsp;<span class=""mam-spi-samekh"">{ס}</span>&nbsp;&nbsp;&nbsp;&nbsp;&nbsp;&nbsp;&nbsp;&nbsp;","As for your donkeys that strayed three days ago, do not concern yourself about them, for they have been found. And for whom is all Israel yearning, if not for you and all your ancestral house?” ",Ninguno
I_Samuel,9,21,"ויען שאול ויאמר הלוא בןימיני אנכי מקטני שבטי ישראל ומשפחתי הצערה מכלמשפחות שבטי בנימן ולמה דברת אלי כדבר הזה&nbsp;<span class=""mam-spi-samekh"">{ס}</span>&nbsp;&nbsp;&nbsp;&nbsp;&nbsp;&nbsp;&nbsp;&nbsp;","Saul replied, “But I am only a Benjaminite, from the smallest of the tribes of Israel, and my clan is the least of all the clans of the tribeftribe Heb. plural. of Benjamin! Why do you say such things to me?”",Ninguno
I_Samuel,9,22,ויקח שמואל אתשאול ואתנערו ויביאם לשכתה ויתן להם מקום בראש הקרואים והמה כשלשם איש,"Samuel took Saul and his servant and brought them into the hall, and gave them a place at the head of the guests, who numbered about thirty. ",Ninguno
I_Samuel,9,23,ויאמר שמואל לטבח תנה אתהמנה אשר נתתי לך אשר אמרתי אליך שים אתה עמך,"And Samuel said to the cook, “Bring the portion that I gave you and told you to set aside.” ",Ninguno
I_Samuel,9,24,וירם הטבח אתהשוק והעליה וישם&thinsp;<b></b> לפני שאול ויאמר הנה הנשאר שיםלפניך אכל כי למועד שמורלך לאמר העם&thinsp;<small></small>&thinsp;קראתי ויאכל שאול עםשמואל ביום ההוא,"The cook lifted up the thigh and what was on it,gwhat was on it Meaning of Heb. uncertain. Emendation yields “the broad tail.” and set it before Saul. And [Samuel] said, “What has been reserved is set before you. Eat; it has been kept for you for this occasion, when I said I was inviting the people.”hWhat has been reserved … people Meaning of Heb. uncertain. So Saul ate with Samuel that day. ",Ninguno
I_Samuel,9,25,וירדו מהבמה העיר וידבר עםשאול עלהגג,"They then descended from the shrine to the town, and [Samuel] talked with Saul on the roof.",Ninguno
I_Samuel,9,26,"וישכמו ויהי כעלות השחר ויקרא שמואל אלשאול <span class=""mam-kq""><span class=""mam-kq-k"">(הגג)</span> <span class=""mam-kq-q"">[הגגה]</span></span> לאמר קומה ואשלחך ויקם שאול ויצאו שניהם הוא ושמואל החוצה","Early, ati[Samuel] talked with Saul on the roof. Early, at Meaning of Heb. uncertain. Septuagint reads “They spread a bed for Saul on the roof, and he lay down. At…” the break of day, Samuel called to Saul on the roof. He said, “Get up, and I will send you off.” Saul arose, and the two of them, Samuel and he, went outside. ",Ninguno
I_Samuel,9,27,"המה יורדים בקצה העיר ושמואל אמר אלשאול אמר לנער ויעבר לפנינו ויעבר ואתה עמד כיום ואשמיעך אתדבר אלהים&nbsp;<span class=""mam-spi-pe"">{פ}</span><br>","As they were walking toward the end of the town, Samuel said to Saul, “Tell the servant to walk ahead of us”—and he walked ahead—“but you stop here a moment and I will make known to you the word of God.”",Ninguno
I_Samuel,10,1,ויקח שמואל אתפך השמן ויצק עלראשו וישקהו ויאמר הלוא כימשחך יהוה עלנחלתו לנגיד,"Samuel took a flask of oil and poured some on Saul’saSaul’s Heb. “his.” head and kissed him, and said, “GOD herewith anoints you rulerbanoints you ruler Septuagint and Vulgate read “anoints you ruler over God’s people Israel, and you will govern the people of GOD and deliver them from the hands of their foes round about. And this is the sign for you that GOD anoints you.” over this people—God’s own. ",Ninguno
I_Samuel,10,2,בלכתך היום מעמדי ומצאת שני אנשים עםקברת רחל בגבול בנימן בצלצח ואמרו אליך נמצאו האתנות אשר הלכת לבקש והנה נטש אביך אתדברי האתנות ודאג לכם לאמר מה אעשה לבני,"When you leave me today, you will meet two men near the tomb of Rachel in the territory of Benjamin, at Zelzah,cat Zelzah Meaning of Heb. uncertain. and they will tell you that the donkeys you set out to look for have been found, and that your father has stopped being concerned about the donkeys and is worrying about you, saying: ‘What shall I do about my son?’ ",Ninguno
I_Samuel,10,3,וחלפת משם והלאה ובאת עדאלון תבור ומצאוך שם שלשה אנשים עלים אלהאלהים ביתאל אחד נשא&thinsp;<b></b> שלשה גדיים ואחד נשא שלשת ככרות לחם ואחד נשא נבליין,"You shall pass on from there until you come to the terebinth of Tabor. There you will be met by three men making a pilgrimage to God at Bethel. One will be carrying three kids, another will be carrying three loaves of bread, and the third will be carrying a jar of wine. ",Ninguno
I_Samuel,10,4,ושאלו לך לשלום ונתנו לך שתילחם ולקחת מידם,"They will greet you and offer you two loaves of bread, which you shall accept. ",Ninguno
I_Samuel,10,5,אחר כן תבוא גבעת האלהים אשרשם נצבי פלשתים ויהי כבאך שם העיר ופגעת חבל נבאים ירדים מהבמה ולפניהם נבל ותף וחליל וכנור והמה מתנבאים,"After that, you are to go on to the Hilldthe Hill Or “Gibeah.” of God, where the Philistine prefects reside. There, as you enter the town, you will encounter a band of prophets coming down from the shrine, preceded by lyres, hand-drums, flutes, and harps, and they will be speaking in ecstasy.espeaking in ecstasy In contrast to others “prophesying”. ",Ninguno
I_Samuel,10,6,וצלחה עליך רוח יהוה והתנבית עמם ונהפכת לאיש אחר,"The spirit of GOD will grip you, and you will speak in ecstasy along with them; you will become a different person. ",Ninguno
I_Samuel,10,7,"והיה כי <span class=""mam-kq""><span class=""mam-kq-k"">(תבאינה)</span> <span class=""mam-kq-q"">[תבאנה]</span></span> האתות האלה לך עשה לך אשר תמצא ידך כי האלהים עמך","And once these signs have happened to you, act when the occasion arises,fact when the occasion arises See 11.5–13. for God is with you. ",Ninguno
I_Samuel,10,8,וירדת לפני הגלגל והנה אנכי ירד אליך להעלות עלות לזבח זבחי שלמים שבעת ימים תוחל עדבואי אליך והודעתי לך את אשר תעשה,"After that, you are to go down to Gilgal ahead of me, and I will come down to you to present burnt offerings and offer sacrifices of well-being. Wait seven days until I come to you and instruct you what you are to do next.”",Ninguno
I_Samuel,10,9,"והיה כהפנתו שכמו ללכת מעם שמואל ויהפךלו אלהים לב אחר ויבאו כלהאתות האלה ביום ההוא&nbsp;<span class=""mam-spi-samekh"">{ס}</span>&nbsp;&nbsp;&nbsp;&nbsp;&nbsp;&nbsp;&nbsp;&nbsp;","As [Saul] turned around to leave Samuel, God gave him another heart; and all those signs were fulfilled that same day. ",Ninguno
I_Samuel,10,10,ויבאו שם הגבעתה והנה חבלנבאים לקראתו ותצלח עליו רוח אלהים ויתנבא בתוכם,"And when they came there, to the Hill,gthe Hill Or “Gibeah.” he saw a band of prophets coming toward him. Thereupon the spirit of God gripped him, and he spoke in ecstasy among them. ",Ninguno
I_Samuel,10,11,"ויהי כליודעו מאתמול שלשם ויראו והנה עםנבאים נבא&nbsp;<span class=""mam-spi-samekh"">{ס}</span>&nbsp;&nbsp;&nbsp;&nbsp;&nbsp;&nbsp;&nbsp;&nbsp;ויאמר העם איש אלרעהו מהזה היה לבןקיש הגם שאול בנביאים","When all who knew him previously saw him speaking in ecstasy together with the prophets, the people said to one another, “What’s happened to the son of Kish?hthe son of Kish To refer to a person merely as “the son (ben) of…” is slighting; cf. 20.27, 30, 31; Isa. 7.4. Is Saul too among the prophets?” ",Ninguno
I_Samuel,10,12,ויען איש משם ויאמר ומי אביהם עלכן היתה למשל הגם שאול בנבאים,"But another fellow there spoke up and said, “And who are their fathers?” Thus the proverb arose: “Is Saul too among the prophets?” ",Ninguno
I_Samuel,10,13,ויכל מהתנבות ויבא הבמה,"And when he stopped speaking in ecstasy, he entered the shrine.",Ninguno
I_Samuel,10,14,ויאמר דוד שאול אליו ואלנערו אן הלכתם ויאמר לבקש אתהאתנות ונראה כיאין ונבוא אלשמואל,"Saul’s uncle asked him and his servant, “Where did you go?” “To look for the donkeys,” he replied. “And when we saw that they were not to be found, we went to Samuel.” ",Ninguno
I_Samuel,10,15,ויאמר דוד שאול הגידהנא לי מהאמר לכם שמואל,"“Tell me,” said Saul’s uncle, “what did Samuel say to you?” ",Ninguno
I_Samuel,10,16,"ויאמר שאול אלדודו הגד הגיד לנו כי נמצאו האתנות ואתדבר המלוכה לאהגיד לו אשר אמר שמואל&nbsp;<span class=""mam-spi-pe"">{פ}</span><br>","Saul answered his uncle, “He just told us that the donkeys had been found.” But he did not tell him anything of what Samuel had said about the kingship.",Ninguno
I_Samuel,10,17,ויצעק שמואל אתהעם אליהוה המצפה,Samuel summoned the people to GOD at Mizpah,Ninguno
I_Samuel,10,18,"ויאמר&thinsp;<b></b> אלבני ישראל&nbsp;<span class=""mam-spi-pe"">{פ}</span><br>כהאמר יהוה אלהי ישראל אנכי העליתי אתישראל ממצרים ואציל אתכם מיד מצרים ומיד כלהממלכות הלחצים אתכם","and said to them,ithem Heb. “the Israelites.” “Thus said the ETERNAL, the God of Israel: ‘I brought Israel out of Egypt, and I delivered you from the hands of the Egyptians and of all the kingdoms that oppressed you.’ ",Ninguno
I_Samuel,10,19,ואתם היום מאסתם אתאלהיכם אשרהוא מושיע לכם מכלרעותיכם וצרתיכם ותאמרו לו כימלך תשים עלינו ועתה התיצבו לפני יהוה לשבטיכם ולאלפיכם,"But today you have rejected your God who delivered you from all your troubles and calamities. For you said, ‘No,jNo So many Heb. mss. and ancient versions. Other mss. and editions read “to Him.” set up a king over us!’ Now station yourselves before GOD, by your tribes and clans.”",Ninguno
I_Samuel,10,20,ויקרב שמואל את כלשבטי ישראל וילכד שבט בנימן,"Samuel brought forward each of the tribes of Israel, and the lot indicated the tribe of Benjamin. ",Ninguno
I_Samuel,10,21,"ויקרב אתשבט בנימן <span class=""mam-kq-trivial"">למשפחתו</span> ותלכד משפחת המטרי וילכד שאול בןקיש ויבקשהו ולא נמצא","Then Samuel brought forward the tribe of Benjamin by its clans, and the clan of the Matrites was indicated; and thenkthen Septuagint reads “then he brought up the family of the Matrites by their men and…” Saul son of Kish was indicated. But when they looked for him, he was not to be found. ",Ninguno
I_Samuel,10,22,"וישאלועוד ביהוה הבא עוד הלם איש&nbsp;<span class=""mam-spi-samekh"">{ס}</span>&nbsp;&nbsp;&nbsp;&nbsp;&nbsp;&nbsp;&nbsp;&nbsp;ויאמר יהוה הנההוא נחבא אלהכלים","They inquired of GOD again, “Has anyone else come here?”lHas anyone else come here? Or “Has the man in question come here?”; cf. Septuagint. And GOD replied, “Yes; he is hiding among the baggage.” ",Ninguno
I_Samuel,10,23,וירצו ויקחהו משם ויתיצב בתוך העם ויגבה מכלהעם משכמו ומעלה,"So they ran over and brought him from there; and when he took his place among the people, he stood a head tallerma head taller See note at 9.2. than all the people. ",Ninguno
I_Samuel,10,24,"ויאמר שמואל אלכלהעם הראיתם אשר בחרבו יהוה כי אין כמהו בכלהעם וירעו כלהעם ויאמרו יחי המלך&nbsp;<span class=""mam-spi-samekh"">{ס}</span>&nbsp;&nbsp;&nbsp;&nbsp;&nbsp;&nbsp;&nbsp;&nbsp;","And Samuel said to the people, “Do you see the one whom GOD has chosen? There is none like him among all the people.” And all the people acclaimed him, shouting, “Long live the king!”",Ninguno
I_Samuel,10,25,וידבר שמואל אלהעם את משפט המלכה ויכתב בספר וינח לפני יהוה וישלח שמואל אתכלהעם איש לביתו,"Samuel expounded to the people the rules of the monarchy, and recorded them in a document that he deposited before GOD. Samuel then sent the people back to their homes. ",Ninguno
I_Samuel,10,26,וגםשאול הלך לביתו גבעתה וילכו עמו החיל אשרנגע אלהים בלבם,"Saul also went home to Gibeah, accompanied by upstanding mennupstanding men In contrast to “scoundrels” (v. 27); understanding Heb. ḥayil as the equivalent of bene ḥayil, as read by Septuagint and 4QSamᵃ. whose hearts God had touched. ",Ninguno
I_Samuel,10,27,"ובני בליעל אמרו מהישענו זה ויבזהו ולאהביאו לו מנחה ויהי כמחריש&nbsp;<span class=""mam-spi-pe"">{פ}</span><br>","But some scoundrels said, “How can this fellow save us?” So they scorned him and brought him no gift. But he pretended not to mind.oBut he pretended not to mind Lit. “But he was as one who holds his peace.” Septuagint and 4QSamᵃ read “About a month later,” connecting with what follows. ",Ninguno
I_Samuel,11,1,ויעל נחש העמוני ויחן עליביש גלעד ויאמרו כלאנשי יביש אלנחש כרתלנו ברית ונעבדך,"Nahash the Ammonite marched up and besieged Jabesh-gilead. All the people of JabeshaAll the people of Jabesh I.e., its leaders, on the town’s behalf. said to Nahash, “Make a pact with us, and we will serve you.” ",Ninguno
I_Samuel,11,2,ויאמר אליהם נחש העמוני בזאת אכרת לכם בנקור לכם כלעין ימין ושמתיה חרפה עלכלישראל,"But Nahash the Ammonite answered them, “I will make a pact with you on this condition, that every man’s right eyebevery man’s right eye Which would be needed for an insurrection; cf. Josephus. Lit. “every one of your right eyes.” be gouged out; I will make this a humiliation for all Israel.” ",Control/Derecha (Yamin)
I_Samuel,11,3,ויאמרו אליו זקני יביש הרף לנו שבעת ימים ונשלחה מלאכים בכל גבול ישראל ואםאין מושיע אתנו ויצאנו אליך,"The elders of Jabesh said to him, “Give us seven days’ respite, so that we may send messengers throughout the territory of Israel; if no one comes to our aid, we will surrender to you.” ",Ninguno
I_Samuel,11,4,ויבאו המלאכים גבעת שאול וידברו הדברים באזני העם וישאו כלהעם אתקולם ויבכו,"When the messengers came to Gibeah of Saul and gave this report in the hearing of the people, all the people broke into weeping.",Ninguno
I_Samuel,11,5,והנה שאול בא אחרי הבקר מןהשדה ויאמר שאול מהלעם כי יבכו ויספרולו אתדברי אנשי יביש,"Saul was just coming from the field driving the cattle; and Saul asked, “Why are the people crying?” And they told him about the situation of the inhabitants of Jabesh. ",Ninguno
I_Samuel,11,6,"ותצלח רוחאלהים עלשאול <span class=""mam-kq""><span class=""mam-kq-k"">(בשמעו)</span> <span class=""mam-kq-q"">[כשמעו]</span></span> אתהדברים האלה ויחר אפו מאד","When he heard these things, the spirit of God gripped Saul and his anger blazed up. ",Ninguno
I_Samuel,11,7,ויקח צמד בקר וינתחהו וישלח בכלגבול ישראל ביד המלאכים&thinsp;<small></small>&thinsp;לאמר אשר איננו יצא אחרי שאול ואחר שמואל כה יעשה לבקרו ויפל פחדיהוה עלהעם ויצאו כאיש אחד,"He took a yoke of oxen and cut them into pieces, which he sent by messengers throughout the territory of Israel, with the warning, “Thus shall be done to the cattle of anyone who does not follow Saul and Samuel into battle!” Terror from GOD fell upon the people, and they came out united. ",Ninguno
I_Samuel,11,8,ויפקדם בבזק ויהיו בניישראל שלש מאות אלף ואיש יהודה שלשים אלף,"[Saul] mustered them in Bezek: the Israelites numbered 300,000, and Judah’s contingent 30,000. ",Ninguno
I_Samuel,11,9,"ויאמרו למלאכים הבאים כה תאמרון לאיש יביש גלעד מחר תהיהלכם תשועה <span class=""mam-kq""><span class=""mam-kq-k"">(בחם)</span> <span class=""mam-kq-q"">[כחם]</span></span> השמש ויבאו המלאכים ויגידו לאנשי יביש וישמחו","The messengers who had come were told, “Thus shall you speak to Jabesh-gilead’s side:cJabesh-gilead’s side In the parley with the Ammonites. Tomorrow, when the sun grows hot, you shall be saved.” When the messengers came and told this to the representatives of Jabesh, they rejoiced. ",Ninguno
I_Samuel,11,10,"ויאמרו אנשי יביש מחר נצא אליכם ועשיתם לנו ככלהטוב בעיניכם&nbsp;<span class=""mam-spi-samekh"">{ס}</span>&nbsp;&nbsp;&nbsp;&nbsp;&nbsp;&nbsp;&nbsp;&nbsp;","The representatives of Jabesh then told [the Ammonites], “Tomorrow we will surrender to you, and you can do to us whatever you please.”",Ninguno
I_Samuel,11,11,ויהי ממחרת וישם שאול אתהעם שלשה ראשים ויבאו בתוךהמחנה באשמרת הבקר ויכו אתעמון עדחם היום ויהי הנשארים ויפצו ולא נשארובם שנים יחד,"The next day, Saul divided the troops into three columns; at the morning watch they entered the camp and struck down the Ammonites until the day grew hot. The survivors scattered; no two were left together.",Ninguno
I_Samuel,11,12,ויאמר העם אלשמואל מי האמר שאול ימלך עלינו תנו האנשים ונמיתם,"The people then said to Samuel, “Who was it said, ‘Shall Saul be king over us?’ Hand over those involved—and we will put them to death!” ",Ninguno
I_Samuel,11,13,ויאמר שאול לאיומת איש ביום הזה כי היום עשהיהוה תשועה בישראל,"But Saul replied, “Nobody shall be put to death this day! For this day GOD has brought victory to Israel.”",Ninguno
I_Samuel,11,14,ויאמר שמואל אלהעם לכו ונלכה הגלגל ונחדש שם המלוכה,"Samuel said to the people, “Come, let us go to Gilgal and there inaugurate the monarchy.” ",Ninguno
I_Samuel,11,15,"וילכו כלהעם הגלגל וימלכו שם אתשאול לפני יהוה בגלגל ויזבחושם זבחים שלמים לפני יהוה וישמח שם שאול וכלאנשי ישראל עדמאד&nbsp;<span class=""mam-spi-pe"">{פ}</span><br>","So all the people went to Gilgal, and there at Gilgal they declared Saul king before GOD. They offered sacrifices of well-being there before GOD; and Saul and everyone connected with Israel held a great celebration there.",Ninguno
I_Samuel,12,1,ויאמר שמואל אלכלישראל הנה שמעתי בקלכם לכל אשראמרתם לי ואמליך עליכם מלך,"Then Samuel said to all Israel, “I have yielded to you in all you have asked of me and have set a king over you. ",Ninguno
I_Samuel,12,2,ועתה הנה המלך&thinsp;<b></b> מתהלך לפניכם ואני זקנתי ושבתי ובני הנם אתכם ואני התהלכתי לפניכם מנערי עדהיום הזה,"Henceforth the king will be your leader.“As for me, I have grown old and gray—but my sons are still with you—and I have been your leader from my youth to this day. ",Ninguno
I_Samuel,12,3,הנני ענו בי נגד יהוה ונגד משיחו אתשור&thinsp;<small></small>&thinsp;מי לקחתי וחמור מי לקחתי ואתמי עשקתי אתמי רצותי ומידמי לקחתי כפר ואעלים עיני בו ואשיב לכם,"Here I am! Testify against me, in the presence of GOD and in the presence of this anointed one: Whose ox have I taken, or whose donkey have I taken? Whom have I defrauded or whom have I robbed? From whom have I taken a bribe to look the other way?ato look the other way Septuagint reads “or a pair of sandals? [cf. Amos 2.6] Testify against me.” I will return it to you.” ",Ninguno
I_Samuel,12,4,ויאמרו לא עשקתנו ולא רצותנו ולאלקחת מידאיש מאומה,"They responded, “You have not defrauded us, and you have not robbed us, and you have taken nothing from anyone.” ",Ninguno
I_Samuel,12,5,"ויאמר אליהם עד יהוה בכם ועד משיחו היום הזה כי לא מצאתם בידי מאומה ויאמר עד&nbsp;<span class=""mam-spi-pe"">{פ}</span><br>","He said to them, “GOD then is witness, and this anointed one is witness, to your admissionbto your admission Lit. “against you.” this day that you have found nothing in my possession.” TheycThey Heb. “he.” responded, “[God is] witness indeed!”",Ninguno
I_Samuel,12,6,ויאמר שמואל אלהעם יהוה אשר עשה אתמשה ואתאהרן ואשר העלה אתאבתיכם מארץ מצרים,"Samuel said to the people, “GOD [is witness]—who appointeddGOD [is witness]—who appointed Meaning of Heb. uncertain. Moses and Aaron and who brought your ancestors out of the land of Egypt. ",Ninguno
I_Samuel,12,7,ועתה התיצבו ואשפטה אתכם לפני יהוה את כלצדקות יהוה אשרעשה אתכם ואתאבותיכם,"Come, stand before GOD while I cite against you all the kindnesses that GOD has done to you and your ancestors.",Ninguno
I_Samuel,12,8,כאשרבא יעקב מצרים ויזעקו אבותיכם אליהוה וישלח יהוה אתמשה ואתאהרן ויוציאו אתאבתיכם ממצרים וישבום במקום הזה,"“When Jacob came to Egypt, …e… Septuagint adds “the Egyptians oppressed them.” your ancestors cried out to GOD, and GOD sent Moses and Aaron, who brought your ancestors out of Egypt and settled them in this place. ",Ninguno
I_Samuel,12,9,וישכחו אתיהוה אלהיהם וימכר אתם ביד סיסרא שרצבא חצור ובידפלשתים וביד מלך מואב וילחמו בם,"But they forgot the ETERNAL their God; so they were delivered into the hands of Sisera the military commander of Hazor, into the hands of the Philistines, and into the hands of the king of Moab; and these made war upon them. ",Ninguno
I_Samuel,12,10,"ויזעקו אליהוה <span class=""mam-kq""><span class=""mam-kq-k"">(ויאמר)</span> <span class=""mam-kq-q"">[ויאמרו]</span></span> חטאנו כי עזבנו אתיהוה ונעבד אתהבעלים ואתהעשתרות ועתה הצילנו מיד איבינו ונעבדך","They cried to GOD, ‘We are guilty, for we have forsaken GOD and worshiped the Baalim and Ashtaroth.fBaalim and Ashtaroth Manifestations of Canaanite deities: the god Baal and the goddess Astarte. Oh, deliver us from our enemies and we will serve You.’ ",Ninguno
I_Samuel,12,11,וישלח יהוה אתירבעל ואתבדן ואתיפתח ואתשמואל ויצל אתכם מיד איביכם מסביב ותשבו בטח,"And GOD sent Jerubbaal and BedangBedan Septuagint “Barak.” and Jephthah and Samuel, and delivered you from the enemies around you; and you dwelt in security. ",Ninguno
I_Samuel,12,12,ותראו כינחש מלך בניעמון בא עליכם ותאמרו לי לא כימלך ימלך עלינו ויהוה אלהיכם מלככם,"But when you saw that Nahash king of the Ammonites was advancing against you, you said to me, ‘No, we must have a king reigning over us’—though the ETERNAL your God is your King.hKing I.e., the One who provides protection and caring help, in return for loyalty. ",Ninguno
I_Samuel,12,13,ועתה הנה המלך אשר בחרתם אשר שאלתם והנה נתן יהוה עליכם מלך,"“Well, GOD has set a king over you! Here is the king that you have chosen, that you have asked for.",Ninguno
I_Samuel,12,14,אםתיראו אתיהוה ועבדתם אתו ושמעתם בקולו ולא תמרו אתפי יהוה והיתם גםאתם וגםהמלך אשר מלך עליכם אחר יהוה אלהיכם,"“If you will revere, worship, and obey GOD—and not flout GOD’s command—if both you and the king who reigns over you follow the ETERNAL your God, [well and good]. ",Ninguno
I_Samuel,12,15,ואםלא תשמעו בקול יהוה ומריתם אתפי יהוה והיתה ידיהוה בכם ובאבתיכם,But if you do not obey GOD—and you flout GOD’s command—GOD’s hand will strike you as it did your ancestors.ias it did your ancestors Meaning of Heb. uncertain. ,Ninguno
I_Samuel,12,16,גםעתה התיצבו וראו אתהדבר הגדול הזה אשר יהוה עשה לעיניכם,“Now stand by and see the marvelous thing that GOD will do before your eyes.,Ninguno
I_Samuel,12,17,"הלוא קצירחטים היום אקרא אליהוה ויתן קלות ומטר ודעו וראו כירעתכם רבה אשר עשיתם בעיני יהוה לשאול לכם מלך&nbsp;<span class=""mam-spi-samekh"">{ס}</span>&nbsp;&nbsp;&nbsp;&nbsp;&nbsp;&nbsp;&nbsp;&nbsp;",It is the season of the wheat harvest.jseason of the wheat harvest When thunderstorms do not occur in the land of Israel. I will pray to GOD—who will send thunder and rain; then you will take thought and realize what a wicked thing you did in GOD’s sight when you asked for a king.”,Ninguno
I_Samuel,12,18,ויקרא שמואל אליהוה ויתן יהוה קלת ומטר ביום ההוא ויירא כלהעם מאד אתיהוה ואתשמואל,"Samuel prayed to GOD, and GOD sent thunder and rain that day, and the people stood in awe of GOD and of Samuel. ",Ninguno
I_Samuel,12,19,ויאמרו כלהעם אלשמואל התפלל בעדעבדיך אליהוה אלהיך ואלנמות כייספנו עלכלחטאתינו רעה לשאל לנו מלך,"The people all said to Samuel, “Intercede for your servants with the ETERNAL your God that we may not die, for we have added to all our sins the wickedness of asking for a king.” ",Ninguno
I_Samuel,12,20,ויאמר שמואל אלהעם אלתיראו אתם עשיתם את כלהרעה הזאת אך אלתסורו מאחרי יהוה ועבדתם אתיהוה בכללבבכם,"But Samuel said to the people, “Have no fear. You have, indeed, done all those wicked things. Do not, however, turn away from GOD, but serve GOD with all your heart. ",Ninguno
I_Samuel,12,21,ולא תסורו כי&thinsp;<b></b> אחרי התהו אשר לאיועילו ולא יצילו כיתהו המה,"Do not turn away to follow worthless things, which can neither profit nor save but are worthless. ",Ninguno
I_Samuel,12,22,כי לאיטש יהוה אתעמו בעבור שמו הגדול כי הואיל יהוה לעשות אתכם לו לעם,"For the sake of God’s great name, GOD will never abandon this people, seeing that GOD undertook to make you a covenanted people.",Ninguno
I_Samuel,12,23,גם אנכי חלילה לי מחטא ליהוה מחדל להתפלל בעדכם והוריתי אתכם בדרך הטובה והישרה,"“As for me, far be it from me to sin against GOD and refrain from praying for you; and I will continue to instruct you in the practice of what is good and right. ",Ninguno
I_Samuel,12,24,אך&thinsp;<b></b> יראו אתיהוה ועבדתם אתו באמת בכללבבכם כי ראו את אשרהגדל עמכם,"Above all, you must revere GOD and serve faithfully with all your heart; and consider how grandly you have been dealt with. ",Ninguno
I_Samuel,12,25,"ואםהרע תרעו גםאתם גםמלככם תספו&nbsp;<span class=""mam-spi-pe"">{פ}</span><br>","For if you persist in your wrongdoing, both you and your king will be swept away.”",Ninguno
I_Samuel,13,1,בןשנה שאול במלכו ושתי שנים מלך עלישראל,"Saul was …a… The number is lacking in the Heb. text; also, the precise context of the “two years” is uncertain. The verse is lacking in the Septuagint. years old when he became king, and he reigned over Israel two years. ",Ninguno
I_Samuel,13,2,ויבחרלו שאול שלשת אלפים מישראל ויהיו עםשאול אלפים במכמש ובהר ביתאל ואלף היו עםיונתן בגבעת בנימין ויתר העם שלח איש לאהליו,"Saul picked 3,000 Israelites, of whom 2,000 were with Saul in MichmasbMichmas So in oldest mss.; other mss. and editions read “Michmash” throughout the chapter. and in the hill country of Bethel, and 1,000 with Jonathan in Gibeah of Benjamin; the rest of the troops he sent back to their homes. ",Control/Derecha (Yamin)
I_Samuel,13,3,ויך יונתן את נציב פלשתים אשר בגבע וישמעו פלשתים ושאול תקע בשופר בכלהארץ לאמר ישמעו העברים,"Jonathan struck down the Philistine prefect in Geba;cGeba Apparently identical with Gibeah in v. 2. and the Philistines heard about it. Saul had the ram’s horn sounded throughout the land, saying, “Let the Hebrews hear.”dSaul had the ram’s horn sounded … “Let the Hebrews hear.” Meaning of Heb. uncertain. ",Ninguno
I_Samuel,13,4,וכלישראל שמעו לאמר הכה שאול אתנציב פלשתים וגםנבאש ישראל בפלשתים ויצעקו העם אחרי שאול הגלגל,"When all Israel heard that Saul had struck down the Philistine prefect, and that Israel had incurred the wrath ofeincurred the wrath of Lit. “became malodorous to.” the Philistines, all the people rallied to Saul at Gilgal. ",Ninguno
I_Samuel,13,5,ופלשתים נאספו&thinsp;<b></b> להלחם עםישראל שלשים אלף רכב וששת אלפים פרשים ועם כחול אשר עלשפתהים לרב ויעלו ויחנו במכמש קדמת בית און,"The Philistines, in turn, gathered to attack Israel: 30,000f30,000 Septuagint and other versions read “three thousand.” chariots and 6,000 riders,griders Or “horses”; force of Heb. parash(im) uncertain. and troops as numerous as the sands of the seashore. They marched up and encamped at Michmas, east of Beth-aven.",Ninguno
I_Samuel,13,6,ואיש ישראל ראו כי צרלו כי נגש העם ויתחבאו העם במערות ובחוחים ובסלעים ובצרחים ובברות,"hMeaning of Heb. uncertain. When Israel’s side saw that they were in trouble—for the troops were hard pressed—the people hid in caves, among thorns, among rocks, in tunnels, and in cisterns. ",Ninguno
I_Samuel,13,7,ועברים עברו אתהירדן ארץ גד וגלעד ושאול עודנו בגלגל וכלהעם חרדו אחריו,"Some Hebrews crossed the Jordan, [to] the territory of Gad and Gilead. Saul was still at Gilgal, and the rest of the people rallied to him in alarm.",Ninguno
I_Samuel,13,8,"<span class=""mam-kq""><span class=""mam-kq-k"">(וייחל)</span> <span class=""mam-kq-q"">[ויוחל&thinsp;<b></b>]</span></span> שבעת ימים למועד אשר שמואל ולאבא שמואל הגלגל ויפץ העם מעליו","He waited seven days, the time that Samuel [had set].i[had set] So some Heb. mss.; other mss., Septuagint, and Targum read “said.” Cf. 10.8. But when Samuel failed to come to Gilgal, and the people began to scatter, ",Ninguno
I_Samuel,13,9,ויאמר שאול הגשו אלי העלה והשלמים ויעל העלה,"Saul said, “Bring me the burnt offering and the sacrifice of well-being”; and he presented the burnt offering. ",Ninguno
I_Samuel,13,10,ויהי ככלתו להעלות העלה והנה שמואל בא ויצא שאול לקראתו לברכו,He had just finished presenting the burnt offering when Samuel arrived; and Saul went out to meet him and welcome him.,Ninguno
I_Samuel,13,11,ויאמר שמואל מה עשית ויאמר שאול כיראיתי כינפץ העם מעלי ואתה לאבאת למועד הימים ופלשתים נאספים מכמש,"But Samuel said, “What have you done?” Saul replied, “I saw the people leaving me and scattering; you had not come at the appointed time, and the Philistines had gathered at Michmas. ",Ninguno
I_Samuel,13,12,"ואמר עתה ירדו פלשתים אלי הגלגל ופני יהוה לא חליתי ואתאפק ואעלה העלה&nbsp;<span class=""mam-spi-samekh"">{ס}</span>&nbsp;&nbsp;&nbsp;&nbsp;&nbsp;&nbsp;&nbsp;&nbsp;","I thought the Philistines would march down against me at Gilgal before I had entreated GOD, so I forced myselfjforced myself Meaning of Heb. uncertain. to present the burnt offering.” ",Ninguno
I_Samuel,13,13,ויאמר שמואל אלשאול נסכלת לא שמרת אתמצות יהוה אלהיך אשר צוך כי עתה הכין יהוה אתממלכתך אלישראל עדעולם,"Samuel answered Saul, “You acted foolishly in not keeping the commandment that the ETERNAL your God laid upon you! OtherwisekYou acted … Otherwise Change of vocalization yields, “You acted foolishly. If you had kept the commandment the ETERNAL your God laid upon you…” GOD would have established your dynasty over Israel forever. ",Ninguno
I_Samuel,13,14,"ועתה ממלכתך לאתקום בקש יהוה לו איש כלבבו ויצוהו יהוה לנגיד עלעמו כי לא שמרת את אשרצוך יהוה&nbsp;<span class=""mam-spi-samekh"">{ס}</span>&nbsp;&nbsp;&nbsp;&nbsp;&nbsp;&nbsp;&nbsp;&nbsp;","But now your dynasty will not endure. GOD will seek out a man with a more willing heart,lwith a more willing heart Trad. “after His own heart.” Cf. 14.7; 2 Sam. 7.21; Ps. 20.5. and GOD will appoint him ruler over this covenanted people, because you did not abide by what GOD had commanded you.”",Ninguno
I_Samuel,13,15,ויקם שמואל ויעל מןהגלגל גבעת בנימן ויפקד שאול אתהעם הנמצאים עמו כשש מאות איש,"Samuel arose and went up from GilgalmSamuel arose and went up from Gilgal Septuagint reads here, “Samuel rose and left Gilgal and went his way. The rest of the people followed Saul to meet the soldiers, and they went from Gilgal.” to GibeahnGibeah Sometimes called Geba; cf. vv. 3, 16; 14.5. of Benjamin. Saul numbered the troops who remained with him—about 600 strong. ",Ninguno
I_Samuel,13,16,ושאול ויונתן בנו והעם הנמצא עמם ישבים בגבע בנימן ופלשתים חנו במכמש,"Saul and his son Jonathan, and the troops who remained with them, stayed in Geba of Benjamin, while the Philistines were encamped at Michmas. ",Ninguno
I_Samuel,13,17,ויצא המשחית ממחנה פלשתים שלשה ראשים הראש אחד יפנה אלדרך עפרה אלארץ שועל,"The raiders came out of the Philistine camp in three columns: One column headed for the Ophrah road that leads to the district of Shual, ",Ninguno
I_Samuel,13,18,"והראש אחד יפנה דרך בית חרון והראש אחד יפנה דרך הגבול הנשקף עלגי הצבעים המדברה&nbsp;<span class=""mam-spi-samekh"">{ס}</span>&nbsp;&nbsp;&nbsp;&nbsp;&nbsp;&nbsp;&nbsp;&nbsp;","another column headed for the Beth-horon road, and the third column headed for the borderothe border Septuagint reads “Geba.” road that overlooks the valley of Zeboim toward the desert.",Ninguno
I_Samuel,13,19,"וחרש לא ימצא בכל ארץ ישראל כי<span class=""mam-kq""><span class=""mam-kq-q"">[אמרו]</span> <span class=""mam-kq-k"">(אמר)</span></span> פלשתים פן יעשו העברים חרב או חנית","No smith was to be found in all the land of Israel, for the Philistines were afraid that the Hebrews would make swords or spears. ",Ninguno
I_Samuel,13,20,וירדו כלישראל הפלשתים ללטוש איש אתמחרשתו ואתאתו ואתקרדמו ואת מחרשתו,"So all the Israelites had to go down to the Philistines to have their plowshares, their mattocks, axes, and colterspcolters Meaning of Heb. uncertain. Septuagint reads “sickle.” sharpened. ",Ninguno
I_Samuel,13,21,והיתה הפצירה פים למחרשת ולאתים ולשלש קלשון ולהקרדמים ולהציב הדרבן,"qMeaning of several terms in this verse uncertain. The charge for sharpening was a pim rpim I.e., two-thirds of a shekel. for plowshares, mattocks, three-pronged forks, and axes, and for setting the goads. ",Ninguno
I_Samuel,13,22,והיה ביום מלחמת ולא נמצא חרב וחנית ביד כלהעם אשר אתשאול ואתיונתן ותמצא לשאול וליונתן בנו,"Thus on the day of the battle, no sword or spear was to be found in the possession of any of the troops with Saul and Jonathan; only Saul and Jonathan had them.",Ninguno
I_Samuel,13,23,"ויצא מצב פלשתים אלמעבר מכמש&nbsp;<span class=""mam-spi-samekh"">{ס}</span>&nbsp;&nbsp;&nbsp;&nbsp;&nbsp;&nbsp;&nbsp;&nbsp;",Now the Philistine garrison had marched out to the pass of Michmas.,Ninguno
I_Samuel,14,1,ויהי היום ויאמר יונתן בןשאול אלהנער נשא כליו לכה ונעברה אלמצב פלשתים אשר מעבר הלז ולאביו לא הגיד,"One day, Jonathan son of Saul said to the attendant who carried his arms, “Come, let us cross over to the Philistine garrison on the other side”; but he did not tell his father. ",Ninguno
I_Samuel,14,2,ושאול יושב בקצה הגבעה תחת הרמון אשר במגרון והעם אשר עמו כשש מאות איש,"Now Saul was staying on the outskirts of Gibeah,aGibeah See the second note at 13.15. under the pomegranate tree at Migron, and the troops with him numbered about 600. ",Ninguno
I_Samuel,14,3,ואחיה בןאחטוב אחי איכבוד&thinsp;<b></b> בןפינחס בןעלי כהן&thinsp;<small></small>&thinsp;יהוה בשלו נשא אפוד והעם לא ידע כי הלך יונתן,"Ahijah son of Ahitub brother of Ichabod son of Phinehas son of Eli, the priest of GOD at Shiloh, was there bearing an ephod.—The troops did not know that Jonathan had gone. ",Percepción (Yada)
I_Samuel,14,4,ובין המעברות אשר בקש יונתן לעבר עלמצב פלשתים שןהסלע מהעבר מזה ושןהסלע מהעבר מזה ושם האחד בוצץ ושם האחד סנה,"At the crossingbAt the crossing Meaning of Heb. uncertain. by which Jonathan sought to reach the Philistine garrison, there was a rocky crag on one side, and another rocky crag on the other, the one called Bozez and the other Seneh. ",Separación (Beyn)
I_Samuel,14,5,"השן האחד מצוק מצפון מול מכמש והאחד מנגב מול גבע&nbsp;<span class=""mam-spi-samekh"">{ס}</span>&nbsp;&nbsp;&nbsp;&nbsp;&nbsp;&nbsp;&nbsp;&nbsp;","One crag was located on the north, near Michmas, and the other on the south, near Geba.",Ninguno
I_Samuel,14,6,ויאמר יהונתן אלהנער&thinsp;<b></b> נשא כליו לכה ונעברה אלמצב הערלים האלה אולי יעשה יהוה לנו כי אין ליהוה מעצור להושיע ברב או במעט,"Jonathan said to the attendant who carried his arms, “Come, let us cross over to the outpost of those uncircumcised fellows. Perhaps GOD will act in our behalf, for nothing prevents GOD from winning a victory by many or by few.” ",Ninguno
I_Samuel,14,7,"ויאמר לו נשא כליו עשה כלאשר בלבבך נטה לך הנני עמך כלבבך&nbsp;<span class=""mam-spi-samekh"">{ס}</span>&nbsp;&nbsp;&nbsp;&nbsp;&nbsp;&nbsp;&nbsp;&nbsp;","His arms-bearer answered him, “Do whatever you like. You go first,cyou like. You go first Lit. “is in your heart. Incline yourself.” Septuagint reads “your heart inclines to.” I am with you, whatever you decide.”dwith you, whatever you decide Lit. “with you, according to your heart.” Septuagint reads “with you; my heart is like your heart.” ",Ninguno
I_Samuel,14,8,ויאמר יהונתן הנה אנחנו עברים אלהאנשים ונגלינו אליהם,"Jonathan said, “We’ll cross over to those men and let them see us. ",Ninguno
I_Samuel,14,9,אםכה יאמרו אלינו דמו עדהגיענו אליכם ועמדנו תחתינו ולא נעלה אליהם,"If they say to us, ‘Wait until we get to you,’ then we’ll stay where we are, and not go up to them. ",Ninguno
I_Samuel,14,10,ואםכה יאמרו עלו עלינו ועלינו כינתנם יהוה בידנו וזהלנו האות,"But if they say, ‘Come up to us,’ then we will go up, for GOD is delivering them into our hands. That shall be our sign.” ",Ninguno
I_Samuel,14,11,ויגלו שניהם אלמצב פלשתים ויאמרו פלשתים הנה עברים יצאים מןהחרים אשר התחבאושם,"They both showed themselves to the Philistine outpost and the Philistines said, “Look, some Hebrews are coming out of the holes where they have been hiding.” ",Ninguno
I_Samuel,14,12,"ויענו אנשי המצבה אתיונתן&thinsp;<b></b> ואתנשא כליו ויאמרו עלו אלינו ונודיעה אתכם דבר&nbsp;<span class=""mam-spi-pe"">{פ}</span><br>ויאמר יונתן אלנשא כליו עלה אחרי כינתנם יהוה ביד ישראל","The men of the outpost shouted to Jonathan and his arms-bearer, “Come up to us, and we’ll teach you a lesson.” Then Jonathan said to his arms-bearer, “Follow me, for GOD will deliver them into the hands of Israel.” ",Ninguno
I_Samuel,14,13,ויעל יונתן עלידיו ועלרגליו ונשא כליו אחריו ויפלו לפני יונתן ונשא כליו ממותת אחריו,"And Jonathan clambered up on his hands and feet, his arms-bearer behind him; [the Philistines] fell before Jonathan, and his arms-bearer finished them off behind him. ",Ninguno
I_Samuel,14,14,ותהי המכה הראשנה אשר הכה יונתן ונשא כליו כעשרים איש כבחצי מענה צמד שדה,"The initial attack that Jonathan and his arms-bearer made accounted for some twenty men, within a space about half a furrow long [in] an acre of land.ewithin a space … land Meaning of Heb. uncertain. ",Ninguno
I_Samuel,14,15,ותהי חרדה במחנה בשדה ובכלהעם המצב והמשחית חרדו גםהמה ותרגז הארץ ותהי לחרדת אלהים,"Terror broke out among all the troops both in the camp [and] in the field; the outposts and the raiders were also terrified. The very earth quaked, and a terror from God ensued.",Ninguno
I_Samuel,14,16,"ויראו הצפים לשאול בגבעת בנימן והנה ההמון נמוג וילך והלם&nbsp;<span class=""mam-spi-pe"">{פ}</span><br>",Saul’s scouts in Gibeah of Benjamin saw that the multitude was scattering in all directions.fscattering in all directions Lit. “shaken and going thither.” Meaning of Heb. uncertain. ,Ninguno
I_Samuel,14,17,ויאמר שאול לעם אשר אתו פקדונא וראו מי הלך מעמנו ויפקדו והנה אין יונתן ונשא כליו,"And Saul said to the troops with him, “Take a count and see who has left us.” They took a count and found that Jonathan and his arms-bearer were missing. ",Ninguno
I_Samuel,14,18,ויאמר שאול לאחיה הגישה ארון האלהים כיהיה ארון האלהים ביום ההוא ובני ישראל,"Thereupon Saul said to Ahijah, “Bring the ArkgArk Septuagint reads “ephod,” and cf. v. 3; 23.9; 30.7. of God here”; for the ArkhArk See previous note. of God was at the time amongiamong Heb. “and.” the Israelites. ",Ninguno
I_Samuel,14,19,"ויהי עד דבר שאול אלהכהן וההמון אשר במחנה פלשתים וילך הלוך ורב&nbsp;<span class=""mam-spi-pe"">{פ}</span><br>ויאמר שאול אלהכהן אסף ידך","But while Saul was speaking to the priest, the confusion in the Philistine camp kept increasing; and Saul said to the priest, “Withdraw your hand.” ",Ninguno
I_Samuel,14,20,ויזעק שאול וכלהעם אשר אתו ויבאו עדהמלחמה והנה היתה חרב איש ברעהו מהומה גדולה מאד,"Saul and the troops with him assembled and rushed into battle; they found [the Philistines] in very great confusion, every man’s sword turned against his fellow. ",Ninguno
I_Samuel,14,21,והעברים היו לפלשתים כאתמול שלשום אשר עלו עמם במחנה סביב וגםהמה להיות עםישראל אשר עםשאול ויונתן,"And the Hebrews who had previously sided with the Philistines, who had come up with them in the army [from] round about—they too joined the IsraelitesjAnd the Hebrews … joined the Israelites Meaning of Heb. uncertain. who were with Saul and Jonathan. ",Ninguno
I_Samuel,14,22,וכל איש ישראל המתחבאים בהראפרים שמעו כינסו פלשתים וידבקו גםהמה אחריהם במלחמה,"When all of the others on Israel’s side who were hiding in the hill country of Ephraim heard that the Philistines were fleeing, they too pursued them in battle. ",Ninguno
I_Samuel,14,23,ויושע יהוה ביום ההוא אתישראל והמלחמה עברה אתבית און,Thus GOD brought victory to Israel that day.The fighting passed beyond Beth-aven.,Ninguno
I_Samuel,14,24,"ואישישראל נגש ביום ההוא ויאל שאול אתהעם לאמר ארור האיש אשריאכל לחם עדהערב ונקמתי מאיבי ולאטעם כלהעם לחם&nbsp;<span class=""mam-spi-samekh"">{ס}</span>&nbsp;&nbsp;&nbsp;&nbsp;&nbsp;&nbsp;&nbsp;&nbsp;","Israel’s force was distressedkIsrael’s force was distressed Meaning of Heb. uncertain. Septuagint reads “And all the troops, about 10,000 men, were with Saul; and the battle spread into the hill country of Ephraim. Now Saul committed a rash act.” that day. For Saul had laid an oath upon the troops: “Cursed be anyone who eats any food before night falls and I take revenge on my enemies.” So none of the troops ate anything. ",Ninguno
I_Samuel,14,25,וכלהארץ באו ביער ויהי דבש עלפני השדה,Everybody came to a stack of beehiveslstack of beehives Meaning of Heb. uncertain; cf. Song 5.1. where some honey had spilled on the ground. ,Ninguno
I_Samuel,14,26,ויבא העם אלהיער והנה הלך דבש ואיןמשיג ידו אלפיו כיירא העם אתהשבעה,"When the troops came to the beehivesmbeehives See note at v. 25. and found the flow of honey there, no one putnput Meaning of Heb. uncertain. his hand to his mouth, for the troops feared the oath. ",Ninguno
I_Samuel,14,27,"ויונתן לאשמע בהשביע אביו אתהעם וישלח אתקצה המטה אשר בידו ויטבל אותה ביערת הדבש וישב ידו אלפיו <span class=""mam-kq""><span class=""mam-kq-k"">(ותראנה)</span> <span class=""mam-kq-q"">[ותארנה]</span></span> עיניו","Jonathan, however, had not heard his father adjure the troops. So he put out the stick he had with him, dipped it into the beehive of honey, and brought his hand back to his mouth; and his eyes lit up. ",Ninguno
I_Samuel,14,28,ויען איש מהעם ויאמר השבע השביע אביך אתהעם לאמר ארור האיש אשריאכל לחם היום ויעף העם,"At this one of the soldiers spoke up, “Your father adjured the troops: ‘Cursed be anyone who eats anything this day.’ And so the troops are faint.” ",Ninguno
I_Samuel,14,29,ויאמר יונתן עכר אבי אתהארץ ראונא כיארו עיני כי טעמתי מעט דבש הזה,"Jonathan answered, “My father has brought trouble on the people. See for yourselves how my eyes lit up when I tasted that bit of honey. ",Ninguno
I_Samuel,14,30,אף כי לוא אכל אכל היום העם משלל איביו אשר מצא כי עתה לארבתה מכה בפלשתים,"If only the troops had eaten today of spoil captured from the enemy, the defeat of the Philistines would have been greater still!”",Ninguno
I_Samuel,14,31,ויכו ביום ההוא בפלשתים ממכמש אילנה ויעף העם מאד,"They struck down the Philistines that day from Michmas to Aijalon, and the troops were famished. ",Ninguno
I_Samuel,14,32,"<span class=""mam-kq""><span class=""mam-kq-k"">(ויעש)</span> <span class=""mam-kq-q"">[ויעט]</span></span> העם אל<span class=""mam-kq""><span class=""mam-kq-q"">[השלל]</span> <span class=""mam-kq-k"">(שלל)</span></span> ויקחו צאן ובקר ובני בקר וישחטוארצה ויאכל העם עלהדם","The troops pounced on the spoil; they took the sheep and cows and calves and slaughtered them on the ground, and the troops ate with the blood.oate with the blood I.e., without the proper rites. ",Ninguno
I_Samuel,14,33,ויגידו לשאול לאמר הנה העם חטאים ליהוה לאכל עלהדם ויאמר בגדתם גלואלי היום אבן גדולה,"When it was reported to Saul that the troops were sinning against GOD, eating with the blood, he said, “You have acted faithlessly. Roll a large stone over to me today.”ptoday Septuagint reads “here.” ",Ninguno
I_Samuel,14,34,ויאמר שאול פצו בעם ואמרתם להם הגישו אלי איש שורו ואיש שיהו ושחטתם בזה ואכלתם ולאתחטאו ליהוה לאכל אלהדם ויגשו כלהעם איש שורו בידו הלילה וישחטושם,"And Saul ordered, “Spread out among the troops and tell them that everyone must bring me his ox or his sheep and slaughter it here, and then eat. You must not sin against GOD and eat with the blood.” Every one of the troops brought his own ox with himqhis own ox with him Septuagint reads “whatever he had in his possession.” that night and slaughtered it there. ",Ninguno
I_Samuel,14,35,"ויבן שאול מזבח ליהוה אתו החל לבנות מזבח ליהוה&nbsp;<span class=""mam-spi-pe"">{פ}</span><br>",Thus Saul set up an altar to GOD; it was the first altar he erected to GOD.,Ninguno
I_Samuel,14,36,"ויאמר שאול נרדה אחרי פלשתים&thinsp;<small></small>&thinsp;לילה ונבזה בהם&thinsp;<b></b> עדאור הבקר ולאנשאר בהם איש ויאמרו כלהטוב בעיניך עשה&nbsp;<span class=""mam-spi-samekh"">{ס}</span>&nbsp;&nbsp;&nbsp;&nbsp;&nbsp;&nbsp;&nbsp;&nbsp;ויאמר הכהן נקרבה הלם אלהאלהים","Saul said, “Let us go down after the Philistines by night and plunder among them until the light of morning; and let us not leave a single survivor among them.” “Do whatever you please,” they replied. But the priest said, “Let us approach God here.” ",Ninguno
I_Samuel,14,37,וישאל שאול באלהים הארד אחרי פלשתים התתנם ביד ישראל ולא ענהו ביום ההוא,"So Saul inquired of God, “Shall I go down after the Philistines? Will You deliver them into the hands of Israel?” But this time [God] did not respond to him. ",Ninguno
I_Samuel,14,38,ויאמר שאול גשו הלם כל פנות העם ודעו וראו במה היתה החטאת הזאת היום,"Then Saul said, “Come forward, all chief officers of the troops, and find out how this guilt was incurred today. ",Ninguno
I_Samuel,14,39,כי חייהוה המושיע אתישראל כי אםישנו ביונתן בני כי מות ימות ואין ענהו מכלהעם,"For as GOD lives who brings victory to Israel, even if it was through my son Jonathan, he shall be put to death!” Not one soldier answered him. ",Ninguno
I_Samuel,14,40,"ויאמר אלכלישראל אתם תהיו לעבר אחד ואני ויונתן בני נהיה לעבר אחד ויאמרו העם אלשאול הטוב בעיניך עשה&nbsp;<span class=""mam-spi-samekh"">{ס}</span>&nbsp;&nbsp;&nbsp;&nbsp;&nbsp;&nbsp;&nbsp;&nbsp;","And he said to all the Israelites, “You stand on one side, and my son Jonathan and I shall stand on the other.” The troops said to Saul, “Do as you please.” ",Ninguno
I_Samuel,14,41,ויאמר שאול אליהוה אלהי ישראל הבה תמים וילכד יונתן ושאול והעם יצאו,"Saul then said to GOD, the God of Israel, “Show Thammim.”rShow Thammim Meaning of Heb. uncertain. Septuagint reads “Why have You not responded to Your servant today? If this iniquity was due to my son Jonathan or to me, O ETERNAL ONE, God of Israel, show Urim; and if You say it was due to Your people Israel, show Thummim.” Jonathan and Saul were indicated by lot, and the troops were cleared. ",Ninguno
I_Samuel,14,42,ויאמר שאול הפילו ביני ובין יונתן בני וילכד יונתן,"And Saul said, “Cast the lots between my son and me”; and Jonathan was indicated.",Separación (Beyn)
I_Samuel,14,43,"ויאמר שאול אליונתן הגידה לי מה עשיתה ויגדלו יונתן ויאמר טעם טעמתי בקצה המטה אשרבידי מעט דבש הנני אמות&nbsp;<span class=""mam-spi-samekh"">{ס}</span>&nbsp;&nbsp;&nbsp;&nbsp;&nbsp;&nbsp;&nbsp;&nbsp;","Saul said to Jonathan, “Tell me, what have you done?” And Jonathan told him, “I only tasted a bit of honey with the tip of the stick in my hand. I am ready to die.” ",Ninguno
I_Samuel,14,44,ויאמר שאול כהיעשה אלהים וכה יוסף כימות תמות יונתן,"Saul said, “Thus and more may God do:smay God do Many mss. and Septuagint add “to me.” You shall be put to death, Jonathan!” ",Ninguno
I_Samuel,14,45,"ויאמר העם אלשאול היונתן&thinsp;<small></small>&thinsp;ימות אשר עשה הישועה הגדולה הזאת בישראל חלילה חייהוה אםיפל משערת ראשו ארצה כיעםאלהים עשה היום הזה ויפדו העם אתיונתן ולאמת&nbsp;<span class=""mam-spi-samekh"">{ס}</span>&nbsp;&nbsp;&nbsp;&nbsp;&nbsp;&nbsp;&nbsp;&nbsp;","But the troops said to Saul, “Shall Jonathan die, after bringing this great victory to Israel? Never! As GOD lives, not a hair of his head shall fall to the ground! For he brought this day to pass with the help of God.” Thus the troops saved Jonathan and he did not die. ",Ninguno
I_Samuel,14,46,ויעל שאול מאחרי פלשתים ופלשתים הלכו למקומם,"Saul broke off his pursuit of the Philistines, and the Philistines returned to their homes.",Ninguno
I_Samuel,14,47,ושאול לכד המלוכה עלישראל וילחם סביב&thinsp;<small></small>&thinsp;בכלאיביו במואב&thinsp;<b></b> ובבניעמון ובאדום ובמלכי צובה ובפלשתים ובכל אשריפנה ירשיע,"After Saul had secured his kingship over Israel, he waged war on every side against all his enemies: against the Moabites, Ammonites, Edomites, the Philistines, and the kingstkings Septuagint and 4QSamᵃ read “king.” of Zobah; and wherever he turned he routed [them]. ",Ninguno
I_Samuel,14,48,"ויעש חיל ויך אתעמלק ויצל אתישראל מיד שסהו&nbsp;<span class=""mam-spi-pe"">{פ}</span><br>","He was triumphant, defeating the Amalekites and saving Israel from those who plundered it.",Ninguno
I_Samuel,14,49,ויהיו בני שאול יונתן וישוי ומלכישוע ושם שתי בנתיו שם הבכירה מרב ושם הקטנה מיכל,"Saul’s sons were: Jonathan, Ishvi,uIshvi The same as Ishbosheth (2 Sam. 2.8) and Eshbaal (1 Chron. 8.33). and Malchi-shua; and the names of his two daughters were Merab, the older, and Michal, the younger. ",Ninguno
I_Samuel,14,50,ושם אשת שאול אחינעם בתאחימעץ ושם שרצבאו אבינר בןנר דוד שאול,The name of Saul’s wife was Ahinoam daughter of Ahimaaz; and the name of his army commander was AbinervAbiner Usually “Abner.” son of Saul’s uncle Ner. ,Ninguno
I_Samuel,14,51,"וקיש אבישאול ונר אביאבנר בןאביאל&nbsp;<span class=""mam-spi-samekh"">{ס}</span>&nbsp;&nbsp;&nbsp;&nbsp;&nbsp;&nbsp;&nbsp;&nbsp;","Kish, Saul’s father, and Ner, Abner’s father, were sons of Abiel.",Ninguno
I_Samuel,14,52,"ותהי המלחמה חזקה עלפלשתים כל ימי שאול וראה שאול כלאיש גבור וכלבןחיל ויאספהו אליו&nbsp;<span class=""mam-spi-pe"">{פ}</span><br>","There was bitter war against the Philistines all the days of Saul; and whenever Saul noticed any stalwart man or warrior, he would take him into his service.",Ninguno
I_Samuel,15,1,"ויאמר שמואל אלשאול אתי שלח יהוה למשחך למלך עלעמו עלישראל ועתה שמע לקול דברי יהוה&nbsp;<span class=""mam-spi-samekh"">{ס}</span>&nbsp;&nbsp;&nbsp;&nbsp;&nbsp;&nbsp;&nbsp;&nbsp;","Samuel said to Saul, “I am the one GOD sent to anoint you king over Israel—God’s people. Therefore, listen to GOD’s command!",Ninguno
I_Samuel,15,2,כה אמר יהוה צבאות פקדתי את אשרעשה עמלק לישראל אשרשם לו בדרך בעלתו ממצרים,"“Thus said GOD of Hosts: I am exacting the penalty for what Amalek did to Israel, for the assault he made upon them on the road, on their way up from Egypt. ",Ninguno
I_Samuel,15,3,"עתה לך והכיתה אתעמלק והחרמתם אתכלאשרלו ולא תחמל עליו והמתה מאיש עדאשה מעלל ועדיונק משור ועדשה מגמל ועדחמור&nbsp;<span class=""mam-spi-samekh"">{ס}</span>&nbsp;&nbsp;&nbsp;&nbsp;&nbsp;&nbsp;&nbsp;&nbsp;","Now go, attack Amalek, and proscribeaproscribe See note at Josh. 6.18. all that belongs to him. Spare no one, but kill alike men and women, infants and sucklings, oxen and sheep, camels and donkeys!”",Ninguno
I_Samuel,15,4,וישמע שאול אתהעם ויפקדם בטלאים מאתים אלף רגלי ועשרת אלפים אתאיש יהודה,"Saul mustered the troops and enrolled them at Telaim: 200,000 men on foot, and 10,000 as Judah’s contingent. ",Ninguno
I_Samuel,15,5,ויבא שאול עדעיר עמלק וירב בנחל,Then Saul advanced as far as the city of Amalek and lay in waitblay in wait Meaning of Heb. uncertain. in the wadi. ,Ninguno
I_Samuel,15,6,ויאמר שאול אלהקיני לכו סרו רדו מתוך עמלקי פןאספך עמו ואתה עשיתה חסד עםכלבני ישראל בעלותם ממצרים ויסר קיני מתוך עמלק,"Saul said to the Kenites, “Come, withdraw at once from among the Amalekites, that I may not destroy you along with them; for you showed kindness to all the Israelites when they left Egypt.” So the Kenites withdrew from among the Amalekites.",Ninguno
I_Samuel,15,7,ויך שאול אתעמלק מחוילה בואך שור אשר עלפני מצרים,"Saul destroyed Amalek from Havilah all the way to Shur, which is close to Egypt, ",Ninguno
I_Samuel,15,8,ויתפש אתאגג מלךעמלק חי ואתכלהעם החרים לפיחרב,"and he captured King Agag of Amalek alive. He proscribed all the people, putting them to the sword; ",Ninguno
I_Samuel,15,9,"ויחמל שאול והעם עלאגג ועלמיטב הצאן והבקר והמשנים ועלהכרים ועלכלהטוב ולא אבו החרימם וכלהמלאכה נמבזה ונמס אתה החרימו&nbsp;<span class=""mam-spi-pe"">{פ}</span><br>","but Saul and the troops spared Agag and the best of the sheep, the oxen, the second-born,csecond-born Targum and Syriac read “fatlings.” the lambs, and all else that was of value. They would not proscribe them; they proscribed only what was cheap and worthless.dwhat was cheap and worthless Meaning of Heb. uncertain. ",Ninguno
I_Samuel,15,10,ויהי דבריהוה אלשמואל לאמר,The word of GOD then came to Samuel:,Ninguno
I_Samuel,15,11,נחמתי כיהמלכתי אתשאול למלך כישב מאחרי ואתדברי לא הקים ויחר לשמואל ויזעק אליהוה כלהלילה,"“I regret that I made Saul king, for he has turned away from Me and has not carried out My commands.” Samuel was distressed and he entreated GOD all night long. ",Ninguno
I_Samuel,15,12,וישכם שמואל לקראת שאול בבקר ויגד לשמואל לאמר באשאול הכרמלה והנה מציב לו יד ויסב ויעבר וירד הגלגל,"Early in the morning Samuel went to meet Saul. Samuel was told, “Saul went to Carmel, where he erected a monument for himself; then he left and went on down to Gilgal.”",Ninguno
I_Samuel,15,13,ויבא שמואל אלשאול ויאמר לו שאול ברוך אתה ליהוה הקימתי אתדבר יהוה,"When Samuel came to Saul, Saul said to him, “Blessed are you of GOD! I have fulfilled GOD’s command.” ",Ninguno
I_Samuel,15,14,ויאמר שמואל ומה קולהצאן הזה באזני וקול הבקר אשר אנכי שמע,"“Then what,” demanded Samuel, “is this bleating of sheep in my ears, and the lowing of oxen that I hear?” ",Ninguno
I_Samuel,15,15,"ויאמר שאול מעמלקי הביאום אשר חמל העם עלמיטב הצאן והבקר למען זבח ליהוה אלהיך ואתהיותר החרמנו&nbsp;<span class=""mam-spi-pe"">{פ}</span><br>","Saul answered, “They were brought from the Amalekites, for the troops spared the choicest of the sheep and oxen for sacrificing to the ETERNAL your God. And we proscribed the rest.” ",Ninguno
I_Samuel,15,16,"ויאמר שמואל אלשאול הרף ואגידה לך את אשר דבר יהוה אלי הלילה <span class=""mam-kq""><span class=""mam-kq-k"">(ויאמרו)</span> <span class=""mam-kq-q"">[ויאמר]</span></span> לו דבר&nbsp;<span class=""mam-spi-samekh"">{ס}</span>&nbsp;&nbsp;&nbsp;&nbsp;&nbsp;&nbsp;&nbsp;&nbsp;","Samuel said to Saul, “Stop! Let me tell you what GOD said to me last night!” “Speak,” he replied. ",Ninguno
I_Samuel,15,17,ויאמר שמואל הלוא אםקטן אתה בעיניך ראש שבטי ישראל אתה וימשחך יהוה למלך עלישראל,"And Samuel said, “You may look small to yourself, but you are the head of the tribes of Israel. GOD anointed you king over Israel, ",Ninguno
I_Samuel,15,18,וישלחך יהוה בדרך ויאמר לך והחרמתה אתהחטאים אתעמלק ונלחמת בו עד כלותם אתם,"and GOD sent you on a mission, saying, ‘Go and proscribe the sinful Amalekites; make war on them until you have exterminated them.’ ",Ninguno
I_Samuel,15,19,"ולמה לאשמעת בקול יהוה ותעט אלהשלל ותעש הרע בעיני יהוה&nbsp;<span class=""mam-spi-samekh"">{ס}</span>&nbsp;&nbsp;&nbsp;&nbsp;&nbsp;&nbsp;&nbsp;&nbsp;",Why did you disobey GOD and swoop down on the spoil in defiance of GOD’s will?”ein defiance of GOD’s will Lit. “and do what was evil in the sight of GOD.” ,Ninguno
I_Samuel,15,20,ויאמר שאול אלשמואל אשר שמעתי בקול יהוה ואלך בדרך אשרשלחני יהוה ואביא אתאגג מלך עמלק ואתעמלק החרמתי,"Saul said to Samuel, “But I did obey GOD! I performed the mission on which GOD sent me: I captured King Agag of Amalek, and I proscribed Amalek, ",Ninguno
I_Samuel,15,21,"ויקח העם מהשלל צאן ובקר ראשית החרם לזבח ליהוה אלהיך בגלגל&nbsp;<span class=""mam-spi-samekh"">{ס}</span>&nbsp;&nbsp;&nbsp;&nbsp;&nbsp;&nbsp;&nbsp;&nbsp;",and the troops took from the spoil some sheep and oxen—the best of what had been proscribed—to sacrifice to the ETERNAL your God at Gilgal.”,Ninguno
I_Samuel,15,22,ויאמר שמואל החפץ ליהוה בעלות וזבחים כשמע בקול יהוה הנה שמע מזבח טוב להקשיב מחלב אילים,"But Samuel said:“Does  GOD delight in burnt offerings and sacrificesAs much as in obedience to  GOD’s command?Surely, obedience is better than sacrifice,Compliance than the fat of rams.",Ninguno
I_Samuel,15,23,"כי חטאתקסם מרי ואון ותרפים הפצר יען מאסת אתדבר יהוה וימאסך ממלך&nbsp;<span class=""mam-spi-samekh"">{ס}</span>&nbsp;&nbsp;&nbsp;&nbsp;&nbsp;&nbsp;&nbsp;&nbsp;","For rebellion is like the sin of divination,Defiance, like the iniquity of oracle idols.foracle idols Figurines, apparently with a human form, used as a medium for divination in household settings; see Ezek. 21.26; Zech. 10.2. Because you rejected  GOD’s command,[God] has rejected you as king.”",Ninguno
I_Samuel,15,24,ויאמר שאול אלשמואל חטאתי כיעברתי אתפייהוה ואתדבריך כי יראתי אתהעם ואשמע בקולם,"Saul said to Samuel, “I did wrong to transgress GOD’s command and your instructions; but I was afraid of the troops and I yielded to them. ",Ninguno
I_Samuel,15,25,ועתה שא נא אתחטאתי ושוב עמי ואשתחוה ליהוה,"Please, forgive my offense and come back with me, and I will bow low to GOD.” ",Ninguno
I_Samuel,15,26,"ויאמר שמואל אלשאול לא אשוב עמך כי מאסתה אתדבר יהוה וימאסך יהוה מהיות מלך עלישראל&nbsp;<span class=""mam-spi-samekh"">{ס}</span>&nbsp;&nbsp;&nbsp;&nbsp;&nbsp;&nbsp;&nbsp;&nbsp;","But Samuel said to Saul, “I will not go back with you; for you have rejected GOD’s command, and GOD has rejected you as king over Israel.”",Ninguno
I_Samuel,15,27,"ויסב שמואל ללכת ויחזק בכנףמעילו ויקרע&nbsp;<span class=""mam-spi-samekh"">{ס}</span>&nbsp;&nbsp;&nbsp;&nbsp;&nbsp;&nbsp;&nbsp;&nbsp;","As Samuel turned to leave, Saul seized the corner of his robe, and it tore. ",Ninguno
I_Samuel,15,28,"ויאמר אליו שמואל קרע יהוה אתממלכות ישראל מעליך היום ונתנה לרעך הטוב ממך&nbsp;<span class=""mam-spi-samekh"">{ס}</span>&nbsp;&nbsp;&nbsp;&nbsp;&nbsp;&nbsp;&nbsp;&nbsp;","And Samuel said to him, “GOD has this day torn the kingship over Israel away from you and has given it to another who is worthier than you. ",Ninguno
I_Samuel,15,29,וגם נצח ישראל לא ישקר ולא ינחם כי לא אדם הוא להנחם,"Moreover, the GlorygGlory Meaning of Heb. uncertain. of Israel does not deceive or have a change of heart, for [God] is not human to have a change of heart.” ",Ninguno
I_Samuel,15,30,ויאמר חטאתי עתה כבדני נא נגד זקניעמי ונגד ישראל ושוב עמי והשתחויתי ליהוה אלהיך,"But [Saul] pleaded, “I did wrong. Please, honor me in the presence of the elders of my people and in the presence of Israel, and come back with me until I have bowed low to the ETERNAL your God.” ",Ninguno
I_Samuel,15,31,"וישב שמואל אחרי שאול וישתחו שאול ליהוה&nbsp;<span class=""mam-spi-samekh"">{ס}</span>&nbsp;&nbsp;&nbsp;&nbsp;&nbsp;&nbsp;&nbsp;&nbsp;","So Samuel followed Saul back, and Saul bowed low to GOD.",Ninguno
I_Samuel,15,32,"ויאמר שמואל הגישו אלי אתאגג מלך עמלק וילך אליו אגג מעדנת ויאמר אגג אכן סר מרהמות&nbsp;<span class=""mam-spi-samekh"">{ס}</span>&nbsp;&nbsp;&nbsp;&nbsp;&nbsp;&nbsp;&nbsp;&nbsp;","Samuel said, “Bring forward to me King Agag of Amalek.” Agag approached him with faltering steps;hwith faltering steps From root mʻd, “to falter”; cf. Septuagint. and Agag said, “Ah, bitter death is at hand!”iat hand Meaning of Heb. uncertain. ",Ninguno
I_Samuel,15,33,"ויאמר שמואל כאשר שכלה נשים חרבך כןתשכל מנשים אמך וישסף שמואל אתאגג לפני יהוה בגלגל&nbsp;<span class=""mam-spi-samekh"">{ס}</span>&nbsp;&nbsp;&nbsp;&nbsp;&nbsp;&nbsp;&nbsp;&nbsp;","Samuel said:“As your sword has bereaved women,So shall your mother be bereaved among women.”And Samuel cut Agag downjcut Agag down Meaning of Heb. uncertain. before GOD at Gilgal.",Ninguno
I_Samuel,15,34,וילך שמואל הרמתה ושאול עלה אלביתו גבעת שאול,"Samuel then departed for Ramah, and Saul went up to his home at Gibeah of Saul.",Ninguno
I_Samuel,15,35,"ולאיסף שמואל לראות אתשאול עדיום מותו כיהתאבל שמואל אלשאול ויהוה נחם כיהמליך אתשאול עלישראל&nbsp;<span class=""mam-spi-pe"">{פ}</span><br>","Samuel never saw Saul again to the day of his death. But Samuel grieved over Saul, because GOD regretted having made Saul king over Israel.",Ninguno
I_Samuel,16,1,ויאמר יהוה אלשמואל עדמתי אתה מתאבל אלשאול ואני מאסתיו ממלך עלישראל מלא קרנך שמן ולך אשלחך אלישי ביתהלחמי כיראיתי בבניו לי מלך,"And GOD said to Samuel, “How long will you grieve over Saul, since I have rejected him as king over Israel? Fill your horn with oil and set out; I am sending you to Jesse the Bethlehemite, for I have decided on one of his sons to be king.” ",Ninguno
I_Samuel,16,2,ויאמר שמואל איך אלך ושמע שאול והרגני ויאמר יהוה עגלת בקר תקח בידך ואמרת לזבח ליהוה באתי,"Samuel replied, “How can I go? If Saul hears of it, he will kill me.” GOD answered, “Take a heifer with you, and say, ‘I have come to sacrifice to GOD.’ ",Ninguno
I_Samuel,16,3,וקראת לישי בזבח ואנכי אודיעך את אשרתעשה ומשחת לי את אשראמר אליך,"Invite Jesse to the sacrificial feast, and then I will make known to you what you shall do; you shall anoint for Me the one I point out to you.” ",Ninguno
I_Samuel,16,4,ויעש שמואל את אשר דבר יהוה ויבא בית לחם ויחרדו זקני העיר לקראתו ויאמר שלם בואך,"Samuel did what GOD commanded. When he came to Bethlehem, the elders of the city went out in alarm to meet him and said, “Do you come on a peaceful errand?” ",Ninguno
I_Samuel,16,5,ויאמר&thinsp;<b></b> שלום לזבח ליהוה באתי התקדשו ובאתם אתי בזבח ויקדש אתישי ואתבניו ויקרא להם לזבח,"“Yes,” he replied, “I have come to sacrifice to GOD. Purify yourselves and join me in the sacrificial feast.” He also instructed Jesse and his sons to purify themselves and invited them to the sacrificial feast.",Ninguno
I_Samuel,16,6,"ויהי בבואם וירא אתאליאב ויאמר אך נגד יהוה משיחו&nbsp;<span class=""mam-spi-samekh"">{ס}</span>&nbsp;&nbsp;&nbsp;&nbsp;&nbsp;&nbsp;&nbsp;&nbsp;","When they arrived and he saw Eliab, he thought: “Surely GOD’s anointed stands here.ahere Lit. “before Him.”” ",Ninguno
I_Samuel,16,7,ויאמר יהוה אלשמואל אלתבט אלמראהו ואלגבה קומתו כי מאסתיהו כי&thinsp;<b></b> לא אשר יראה האדם כי האדם יראה לעינים ויהוה יראה ללבב,"But GOD said to Samuel, “Pay no attention to his appearance or his stature, for I have rejected him. For [GOD sees] not as humans see;b[GOD sees] These words are preserved in the Septuagint. humans see only what is visible, but GOD sees into the heart.” ",Ninguno
I_Samuel,16,8,ויקרא ישי אלאבינדב ויעברהו לפני שמואל ויאמר גםבזה לאבחר יהוה,"Then Jesse called Abinadab and had him pass before Samuel; but he said, “GOD has not chosen this one either.” ",Ninguno
I_Samuel,16,9,ויעבר ישי שמה ויאמר גםבזה לאבחר יהוה,"Next Jesse presented Shammah; and again he said, “GOD has not chosen this one either.” ",Ninguno
I_Samuel,16,10,ויעבר ישי שבעת בניו לפני שמואל ויאמר שמואל אלישי לאבחר יהוה באלה,"Thus Jesse presented seven of his sons before Samuel, and Samuel said to Jesse, “GOD has not chosen any of these.”",Ninguno
I_Samuel,16,11,ויאמר שמואל אלישי התמו הנערים ויאמר עוד שאר הקטן והנה רעה בצאן ויאמר שמואל אלישי שלחה וקחנו כי לאנסב עדבאו פה,"Then Samuel asked Jesse, “Are these all the boys you have?” He replied, “There is still the youngest; he is tending the flock.” And Samuel said to Jesse, “Send someone to bring him, for we will not sit down to eatcsit down to eat Meaning of Heb. uncertain. until he gets here.” ",Ninguno
I_Samuel,16,12,"וישלח ויביאהו והוא אדמוני עםיפה עינים וטוב ראי&nbsp;<span class=""mam-spi-pe"">{פ}</span><br>ויאמר יהוה קום משחהו כיזה הוא","So they sent and brought him. He was ruddy-cheeked, bright-eyed,druddy-cheeked, bright-eyed Meaning of Heb. uncertain. and handsome. And GOD said, “Rise and anoint him, for this is the one.” ",Ninguno
I_Samuel,16,13,ויקח שמואל אתקרן השמן וימשח אתו בקרב אחיו ותצלח רוחיהוה אלדוד מהיום ההוא ומעלה ויקם שמואל וילך הרמתה,Samuel took the horn of oil and anointed him in the presence of his brothers; and the spirit of GOD gripped David from that day on. Samuel then set out for Ramah.,Ninguno
I_Samuel,16,14,ורוח יהוה סרה מעם שאול ובעתתו רוחרעה מאת יהוה,"Now the spirit of GOD had departed from Saul, and an evil spirit from GOD began to terrify him. ",Ninguno
I_Samuel,16,15,ויאמרו עבדישאול אליו הנהנא רוחאלהים רעה מבעתך,"Saul’s courtiers said to him, “An evil spirit of God is terrifying you. ",Ninguno
I_Samuel,16,16,"יאמרנא אדננו עבדיך לפניך יבקשו איש ידע מנגן בכנור והיה בהיות עליך רוחאלהים רעה ונגן בידו וטוב לך&nbsp;<span class=""mam-spi-pe"">{פ}</span><br>","Let our lord give the order [and] the courtiers in attendance on you will look for someone who is skilled at playing the lyre; whenever the evil spirit of God comes over you, he will play iteit Meaning of Heb. uncertain. and you will feel better.” ",Percepción (Yada)
I_Samuel,16,17,ויאמר שאול אלעבדיו ראונא לי איש מיטיב לנגן והביאותם אלי,"So Saul said to his courtiers, “Find me someone who can play well and bring him to me.” ",Ninguno
I_Samuel,16,18,ויען אחד מהנערים ויאמר הנה ראיתי בן לישי בית הלחמי ידע נגן וגבור חיל ואיש מלחמה ונבון דבר ואיש תאר ויהוה עמו,"One of the attendants spoke up, “I have observed a son of Jesse the Bethlehemite who is skilled in music; he is a stalwart fellow and a warrior, sensible in speech, and handsome in appearancefhandsome in appearance Or “strikingly handsome.”—and GOD is with him.” ",Percepción (Yada)
I_Samuel,16,19,וישלח שאול מלאכים אלישי ויאמר שלחה אלי אתדוד בנך אשר בצאן,"Whereupon Saul sent messengers to Jesse to say, “Send me your son David, who is with the flock.” ",Ninguno
I_Samuel,16,20,ויקח ישי חמור לחם ונאד יין וגדי עזים אחד וישלח בידדוד בנו אלשאול,"Jesse took a donkey [laden with]ga donkey [laden with] Meaning of Heb. uncertain. bread, a skin of wine, and a kid, and sent them to Saul by his son David. ",Ninguno
I_Samuel,16,21,ויבא דוד אלשאול ויעמד לפניו ויאהבהו מאד ויהילו נשא כלים,So David came to Saul and entered his service; [Saul] took a strong liking to him and made him one of his arms-bearers.,Ninguno
I_Samuel,16,22,וישלח שאול אלישי לאמר יעמדנא דוד לפני כימצא חן בעיני,"Saul sent word to Jesse, “Let David remain in my service, for I am pleased with him.” ",Ninguno
I_Samuel,16,23,"והיה בהיות רוחאלהים אלשאול ולקח דוד אתהכנור ונגן בידו ורוח לשאול וטוב לו וסרה מעליו רוח הרעה&nbsp;<span class=""mam-spi-pe"">{פ}</span><br>","Whenever the [evil] spirit of God came upon Saul, David would take the lyre and play it;hit Meaning of Heb. uncertain. Saul would find relief and feel better, and the evil spirit would leave him.",Ninguno
I_Samuel,17,1,ויאספו פלשתים אתמחניהם למלחמה ויאספו שכה אשר ליהודה ויחנו ביןשוכה וביןעזקה באפס דמים,"The Philistines assembled their forces for battle; they massed at Socoh of Judah, and encamped at Ephes-dammim, between Socoh and Azekah. ",Separación (Beyn)
I_Samuel,17,2,ושאול ואישישראל נאספו ויחנו בעמק האלה ויערכו מלחמה לקראת פלשתים,"Saul and the rest of Israel’s side massed and encamped in the valley of Elah. They drew up their line of battle against the Philistines, ",Ninguno
I_Samuel,17,3,ופלשתים עמדים אלההר מזה וישראל עמדים אלההר מזה והגיא ביניהם,with the Philistines stationed on one hill and Israel stationed on the opposite hill; the ravine was between them.,Ninguno
I_Samuel,17,4,ויצא אישהבנים ממחנות פלשתים גלית שמו מגת גבהו שש אמות וזרת,"A championaA champion Lit. “the man of the space between,” i.e., between the armies. of the Philistine forces stepped forward;bof the Philistine forces stepped forward Or “stepped forward from the Philistine camps.” his name was Goliath of Gath, and he was six cubits and a span tall. ",Ninguno
I_Samuel,17,5,וכובע נחשת עלראשו ושריון קשקשים הוא לבוש ומשקל השריון חמשתאלפים שקלים נחשת,"He had a bronze helmet on his head, and wore a breastplate of scale armor, a bronze breastplate weighing five thousand shekels. ",Ninguno
I_Samuel,17,6,ומצחת נחשת עלרגליו וכידון נחשת בין כתפיו,"He had bronze greaves on his legs, and a bronze javelin [slung] from his shoulders. ",Separación (Beyn)
I_Samuel,17,7,"<span class=""mam-kq""><span class=""mam-kq-k"">(וחץ)</span> <span class=""mam-kq-q"">[ועץ]</span></span> חניתו כמנור ארגים ולהבת חניתו ששמאות שקלים ברזל ונשא הצנה הלך לפניו","The shaft of his spear was like a weaver’s bar, and the iron head of his spear weighed six hundred shekels; and the shield-bearer marched in front of him.",Ninguno
I_Samuel,17,8,ויעמד ויקרא אלמערכת ישראל ויאמר להם למה תצאו לערך מלחמה הלוא אנכי הפלשתי ואתם עבדים לשאול ברולכם איש וירד אלי,"He stopped and called out to the ranks of Israel and he said to them, “Why should you come out to engage in battle? I am the Philistine [champion], and you are Saul’s servants. ChoosecChoose Meaning of Heb. uncertain. your man and let him come down against me. ",Ninguno
I_Samuel,17,9,אםיוכל להלחם אתי והכני והיינו לכם לעבדים ואםאני אוכללו והכיתיו והייתם לנו לעבדים ועבדתם אתנו,"If he bests me in combat and kills me, we will become your slaves; but if I best him and kill him, you shall be our slaves and serve us.” ",Ninguno
I_Samuel,17,10,ויאמר הפלשתי אני חרפתי אתמערכות ישראל היום הזה תנולי איש ונלחמה יחד,"And the Philistine ended, “So I now defy the ranks of Israel. Get me a man and let’s fight it out!” ",Ninguno
I_Samuel,17,11,"וישמע שאול וכלישראל אתדברי הפלשתי האלה ויחתו ויראו מאד&nbsp;<span class=""mam-spi-pe"">{פ}</span><br>","When Saul and all Israel heard these words of the Philistine, they were dismayed and terror-stricken.",Ninguno
I_Samuel,17,12,ודוד בןאיש אפרתי הזה מבית לחם יהודה ושמו ישי ולו שמנה בנים והאיש בימי שאול זקן בא באנשים,"David was the son of a certain Ephrathite of Bethlehem in Judah whose name was Jesse. He had eight sons, and in the days of Saul the man was already old, advanced in years.dthe man was already old, advanced in years Or “the man was an elder among the notables”; cf. Rashi and Gersonides. Meaning of Heb. uncertain. ",Ninguno
I_Samuel,17,13,וילכו שלשת בניישי הגדלים הלכו אחרישאול למלחמה ושם&thinsp;<b></b> שלשת בניו אשר הלכו במלחמה אליאב הבכור ומשנהו אבינדב והשלשי שמה,"The three oldest sons of Jesse had left and gone with Saul to the war. The names of his three sons who had gone to the war were Eliab the first-born, the next Abinadab, and the third Shammah; ",Ninguno
I_Samuel,17,14,"ודוד הוא הקטן ושלשה הגדלים הלכו אחרי שאול&nbsp;<span class=""mam-spi-samekh"">{ס}</span>&nbsp;&nbsp;&nbsp;&nbsp;&nbsp;&nbsp;&nbsp;&nbsp;","and David was the youngest. The three oldest had followed Saul, ",Ninguno
I_Samuel,17,15,ודוד הלך ושב מעל שאול לרעות אתצאן אביו בית לחם,and David would go back and forth from attending on Saul to shepherd his father’s flock at Bethlehem.,Ninguno
I_Samuel,17,16,"ויגש הפלשתי השכם והערב ויתיצב ארבעים יום&nbsp;<span class=""mam-spi-pe"">{פ}</span><br>",The Philistine stepped forward morning and evening and took his stand for forty days.,Ninguno
I_Samuel,17,17,ויאמר ישי לדוד בנו קחנא לאחיך איפת הקליא הזה ועשרה לחם הזה והרץ המחנה לאחיך,"Jesse said to his son David, “Take an ephah of this parched corn and these ten loaves of bread for your brothers, and carry them quickly to your brothers in camp. ",Ninguno
I_Samuel,17,18,ואת עשרת חרצי החלב האלה תביא לשרהאלף ואתאחיך תפקד לשלום ואתערבתם תקח,Take these ten cheesesecheeses Meaning of Heb. uncertain. to the captain of their thousand. Find out how your brothers are and bring some tokenftoken Meaning of Heb. uncertain. from them.” ,Ninguno
I_Samuel,17,19,"ושאול והמה וכלאיש ישראל בעמק האלה נלחמים עםפלשתים&nbsp;<span class=""mam-spi-samekh"">{ס}</span>&nbsp;&nbsp;&nbsp;&nbsp;&nbsp;&nbsp;&nbsp;&nbsp;","Saul and the brothersgthe brothers Heb. “they.” and everyone else on Israel’s side were in the valley of Elah, in the war against the Philistines.",Ninguno
I_Samuel,17,20,וישכם דוד בבקר ויטש אתהצאן עלשמר וישא וילך כאשר צוהו ישי ויבא המעגלה והחיל היצא אלהמערכה והרעו במלחמה,"Early next morning, David left someone in charge of the flock, took [the provisions], and set out, as his father Jesse had instructed him. He reached the barricadehbarricade Meaning of Heb. uncertain. as the army was going out to the battle lines shouting the war cry. ",Ninguno
I_Samuel,17,21,ותערך ישראל ופלשתים מערכה לקראת מערכה,Israel and the Philistines drew up their battle lines opposite each other.,Ninguno
I_Samuel,17,22,ויטש דוד אתהכלים מעליו עליד שומר הכלים וירץ המערכה ויבא וישאל לאחיו לשלום,David left his baggage with the man in charge of the baggage and ran toward the battle line and went to greet his brothers.,Ninguno
I_Samuel,17,23,"והוא&thinsp;<b></b> מדבר עמם והנה איש הבנים עולה גלית הפלשתי שמו מגת <span class=""mam-kq""><span class=""mam-kq-k"">(ממערות)</span> <span class=""mam-kq-q"">[ממערכות]</span></span> פלשתים וידבר כדברים האלה וישמע דוד","While he was talking to them, the champion, whose name was Goliath, the Philistine of Gath, stepped forward from the Philistine ranks and spoke the same words as before; and David heard him.",Ninguno
I_Samuel,17,24,וכל איש ישראל בראותם אתהאיש וינסו מפניו וייראו מאד,"When everyone on Israel’s side saw the man, they fled in terror. ",Ninguno
I_Samuel,17,25,"ויאמר&thinsp;<b></b> איש ישראל הראיתם האיש העלה הזה כי לחרף אתישראל עלה והיה האיש אשריכנו יעשרנו המלך&thinsp;<b></b> עשר גדול ואתבתו יתןלו ואת בית אביו יעשה חפשי בישראל&nbsp;<span class=""mam-spi-pe"">{פ}</span><br>","And on Israel’s side they were saying,ion Israel’s side they were saying To each other, throughout the camp. “Do you see that man coming out? He comes out to defy Israel! The one who kills him will be rewarded by the king with great riches; he’ll also give him his daughter in marriage and grant exemptionjexemption From royal levies. to his father’s house in Israel.” ",Ninguno
I_Samuel,17,26,ויאמר דוד אלהאנשים העמדים עמו לאמר מהיעשה לאיש אשר יכה אתהפלשתי הלז והסיר חרפה מעל ישראל כי מי הפלשתי הערל הזה כי חרף מערכות אלהים חיים,"David asked the men standing near him, “What’ll be done for the one who kills that Philistine and removes the disgrace from Israel? Who is that uncircumcised Philistine that he dares defy the ranks of the living God?” ",Ninguno
I_Samuel,17,27,ויאמר לו העם כדבר הזה לאמר כה יעשה לאיש אשר יכנו,The troops told him in the same words what would be done for the one who killed him.,Ninguno
I_Samuel,17,28,וישמע אליאב אחיו הגדול בדברו אלהאנשים ויחראף אליאב בדוד ויאמר&thinsp;<b></b> למהזה ירדת ועלמי נטשת מעט הצאן ההנה במדבר אני ידעתי אתזדנך ואת רע לבבך כי למען ראות המלחמה ירדת,"When Eliab, his oldest brother, heard him speaking to the men, Eliab became angry with David and said, “Why did you come down here, and with whom did you leave those few sheep in the wilderness? I know your impudence and your impertinence:kimpertinence Lit. “badness of heart.” you came down to watch the fighting!” ",Percepción (Yada)
I_Samuel,17,29,ויאמר דוד מה עשיתי עתה הלוא דבר הוא,"But David replied, “What have I done now? I was only asking!” ",Ninguno
I_Samuel,17,30,ויסב מאצלו אלמול אחר ויאמר כדבר הזה וישבהו העם דבר כדבר הראשון,"And he turned away from him toward someone else; he asked the same question, and the troops gave him the same answer as before.",Ninguno
I_Samuel,17,31,וישמעו הדברים אשר דבר דוד ויגדו לפנישאול ויקחהו,"The things David said were overheard and were reported to Saul, who had him brought over. ",Ninguno
I_Samuel,17,32,ויאמר דוד אלשאול אליפל לבאדם עליו עבדך ילך ונלחם עםהפלשתי הזה,"David said to Saul, “Let no man’slno man’s Septuagint reads “not my lord’s.” courage fail him. Your servant will go and fight that Philistine!” ",Ninguno
I_Samuel,17,33,"ויאמר שאול אלדוד לא תוכל ללכת אלהפלשתי הזה להלחם עמו כינער אתה והוא איש מלחמה מנעריו&nbsp;<span class=""mam-spi-samekh"">{ס}</span>&nbsp;&nbsp;&nbsp;&nbsp;&nbsp;&nbsp;&nbsp;&nbsp;","But Saul said to David, “You cannot go to that Philistine and fight him; you are only a boy, and he has been a warrior from his youth!” ",Ninguno
I_Samuel,17,34,ויאמר דוד אלשאול רעה היה עבדך לאביו בצאן ובא הארי ואתהדוב ונשא שה מהעדר,"David replied to Saul, “Your servant has been tending his father’s sheep, and if a lion ormor Meaning of Heb. uncertain. a bear came and carried off an animal from the flock, ",Ninguno
I_Samuel,17,35,ויצאתי אחריו והכתיו והצלתי מפיו ויקם עלי והחזקתי בזקנו והכתיו והמיתיו,"I would go after it and fight it and rescue it from its mouth. And if it attacked me, I would seize it by the beard and strike it down and kill it. ",Ninguno
I_Samuel,17,36,"גם אתהארי גםהדב הכה עבדך והיה הפלשתי הערל הזה כאחד מהם כי חרף מערכת אלהים חיים&nbsp;<span class=""mam-spi-samekh"">{ס}</span>&nbsp;&nbsp;&nbsp;&nbsp;&nbsp;&nbsp;&nbsp;&nbsp;","Your servant has killed both lion and bear; and that uncircumcised Philistine shall end up like one of them, for he has defied the ranks of the living God. ",Ninguno
I_Samuel,17,37,"ויאמר דוד יהוה אשר הצלני מיד הארי ומיד הדב הוא יצילני מיד הפלשתי הזה&nbsp;<span class=""mam-spi-samekh"">{ס}</span>&nbsp;&nbsp;&nbsp;&nbsp;&nbsp;&nbsp;&nbsp;&nbsp;ויאמר שאול אלדוד לך ויהוה יהיה עמך","GOD,” David went on, “who saved me from lion and bear will also save me from that Philistine.” “Then go,” Saul said to David, “and may GOD be with you!”",Ninguno
I_Samuel,17,38,וילבש שאול אתדוד מדיו ונתן קובע נחשת עלראשו וילבש אתו שריון,"Saul clothed David in his own garment; he placed a bronze helmet on his head and fastened a breastplate on him.nfastened a breastplate on him Heb. “clothed him in a breastplate” (cf. v. 5), because a breastplate was combined with a leather jerkin. ",Ninguno
I_Samuel,17,39,ויחגר דוד אתחרבו מעל למדיו ויאל ללכת כי לאנסה ויאמר דוד אלשאול לא אוכל ללכת באלה כי לא נסיתי ויסרם דוד מעליו,"David girded his sword over his garment. Then he tried to walk; butotried to walk; but Septuagint reads “was unable to walk, for…” he was not used to it. And David said to Saul, “I cannot walk in these, for I am not used to them.” So David took them off. ",Ninguno
I_Samuel,17,40,ויקח מקלו בידו ויבחרלו חמשה חלקיאבנים&thinsp;<small></small>&thinsp;מןהנחל וישם אתם בכלי הרעים אשרלו ובילקוט וקלעו בידו ויגש אלהפלשתי,"He took his stick, picked a fewpfew Lit. “five.” smooth stones from the wadi, put them in the pocketqpocket Meaning of Heb. uncertain. of his shepherd’s bag and, sling in hand, he went toward the Philistine.",Ninguno
I_Samuel,17,41,וילך הפלשתי הלך וקרב אלדוד והאיש נשא הצנה לפניו,"The Philistine, meanwhile, was coming closer to David, preceded by his shield-bearer. ",Ninguno
I_Samuel,17,42,ויבט הפלשתי ויראה אתדוד ויבזהו כיהיה נער ואדמני עםיפה מראה,"When the Philistine caught sight of David, he scorned him, for he was but a lad, ruddy and handsome. ",Ninguno
I_Samuel,17,43,ויאמר הפלשתי אלדוד הכלב אנכי כיאתה באאלי במקלות ויקלל הפלשתי אתדוד באלהיו,"And the Philistine called out to David, “Am I a dog that you come against me with sticks?” The Philistine cursed David by his gods; ",Ninguno
I_Samuel,17,44,"ויאמר הפלשתי אלדוד לכה אלי ואתנה אתבשרך לעוף השמים ולבהמת השדה&nbsp;<span class=""mam-spi-samekh"">{ס}</span>&nbsp;&nbsp;&nbsp;&nbsp;&nbsp;&nbsp;&nbsp;&nbsp;","and the Philistine said to David, “Come here, and I will give your flesh to the birds of the sky and the beasts of the field.”",Ninguno
I_Samuel,17,45,ויאמר דוד אלהפלשתי אתה בא אלי בחרב ובחנית ובכידון ואנכי באאליך בשם יהוה צבאות אלהי מערכות ישראל אשר חרפת,"David replied to the Philistine, “You come against me with sword and spear and javelin; but I come against you in the name of GOD of Hosts, the God of the ranks of Israel, whom you have defied. ",Ninguno
I_Samuel,17,46,היום הזה יסגרך יהוה בידי והכיתך והסרתי אתראשך מעליך ונתתי פגר מחנה פלשתים היום הזה לעוף השמים ולחית הארץ וידעו כלהארץ כי יש אלהים לישראל,This very day GOD will deliver you into my hands. I will kill you and cut off your head; and I will give the carcassesrthe carcasses Septuagint reads “your carcass and the carcasses.” of the Philistine camp to the birds of the sky and the beasts of the earth. All the earth shall know that there is a God insin So many Heb. mss. and ancient versions; other mss. and the editions read “to.” Israel. ,Percepción (Yada)
I_Samuel,17,47,"וידעו כלהקהל הזה כילא בחרב ובחנית יהושיע יהוה כי ליהוה המלחמה ונתן אתכם בידנו&nbsp;<span class=""mam-spi-samekh"">{ס}</span>&nbsp;&nbsp;&nbsp;&nbsp;&nbsp;&nbsp;&nbsp;&nbsp;","And this whole assembly shall know that GOD can give victory without sword or spear. For the battle is GOD’s, and you will be delivered into our hands.”",Percepción (Yada)
I_Samuel,17,48,והיה כיקם הפלשתי וילך ויקרב לקראת דוד וימהר דוד וירץ המערכה לקראת הפלשתי,"When the Philistine began to advance toward him again, David quickly ran up to the battle line to face the Philistine. ",Ninguno
I_Samuel,17,49,וישלח דוד אתידו אלהכלי ויקח משם אבן ויקלע ויך אתהפלשתי אלמצחו ותטבע האבן במצחו ויפל עלפניו ארצה,"David put his hand into the bag; he took out a stone and slung it. It struck the Philistine in the forehead; the stone sank into his forehead, and he fell face down on the ground. ",Ninguno
I_Samuel,17,50,ויחזק דוד מןהפלשתי בקלע ובאבן ויך אתהפלשתי וימתהו וחרב אין בידדוד,Thus David bested the Philistine with sling and stone; he struck him down and killed him. David had no sword;,Ninguno
I_Samuel,17,51,וירץ דוד ויעמד אלהפלשתי ויקח אתחרבו וישלפה מתערה וימתתהו ויכרתבה אתראשו ויראו הפלשתים כימת גבורם וינסו,"so David ran up and stood over the Philistine, grasped his sword and pulled it from its sheath; and with it he dispatched him and cut off his head.When the Philistines saw that their warrior was dead, they ran. ",Ninguno
I_Samuel,17,52,ויקמו אנשי ישראל ויהודה וירעו וירדפו אתהפלשתים עדבואך גיא ועד שערי עקרון ויפלו חללי פלשתים בדרך שערים ועדגת ועדעקרון,The men of Israel and Judah rose up with a war cry and they pursued the Philistines all the way to GaitGai Septuagint reads “Gath”; cf. end of verse. and up to the gates of Ekron; the Philistines fell mortally wounded along the road to Shaaraim up to Gath and Ekron. ,Ninguno
I_Samuel,17,53,וישבו בני ישראל מדלק אחרי פלשתים וישסו אתמחניהם,Then the Israelites returned from chasing the Philistines and looted their camp.,Ninguno
I_Samuel,17,54,"ויקח דוד אתראש הפלשתי ויבאהו ירושל͏ם ואתכליו שם באהלו&nbsp;<span class=""mam-spi-samekh"">{ס}</span>&nbsp;&nbsp;&nbsp;&nbsp;&nbsp;&nbsp;&nbsp;&nbsp;","David took the head of the Philistine and brought it to Jerusalem;ubrought it to Jerusalem Later, after his capture of that city (2 Sam. 5). and he put his weapons in his own tent.",Ninguno
I_Samuel,17,55,וכראות שאול אתדוד יצא לקראת הפלשתי אמר אלאבנר שר הצבא בןמיזה הנער אבנר ויאמר אבנר חינפשך המלך אםידעתי,"When Saul saw David going out to assault the Philistine, he asked his army commander Abner, “Whose son is that young man, Abner?” And Abner replied, “By your life, Your Majesty, I do not know.” ",Percepción (Yada)
I_Samuel,17,56,"ויאמר המלך שאל אתה בןמיזה העלם&nbsp;<span class=""mam-spi-samekh"">{ס}</span>&nbsp;&nbsp;&nbsp;&nbsp;&nbsp;&nbsp;&nbsp;&nbsp;","“Then find out whose son that young fellow is,” the king ordered. ",Ninguno
I_Samuel,17,57,וכשוב דוד מהכות אתהפלשתי ויקח אתו אבנר ויבאהו לפני שאול וראש הפלשתי בידו,"So when David returned after killing the Philistine, Abner took him and brought him to Saul, with the head of the Philistine still in his hand. ",Ninguno
I_Samuel,17,58,ויאמר אליו שאול בןמי אתה הנער ויאמר דוד בןעבדך ישי בית הלחמי,"Saul said to him, “Whose son are you, young man?” And David answered, “The son of your servant Jesse the Bethlehemite.”",Ninguno
I_Samuel,18,1,"ויהי ככלתו לדבר אלשאול ונפש יהונתן נקשרה בנפש דוד <span class=""mam-kq""><span class=""mam-kq-k"">(ויאהבו)</span> <span class=""mam-kq-q"">[ויאהבהו]</span></span> יהונתן כנפשו","When [David] finished speaking with Saul, Jonathan’s soul became bound up with the soul of David; Jonathan loved David as himself. ",Ninguno
I_Samuel,18,2,ויקחהו שאול ביום ההוא ולא נתנו לשוב בית אביו,Saul took him [into his service] that day and would not let him return to his father’s house.—,Ninguno
I_Samuel,18,3,ויכרת יהונתן ודוד ברית באהבתו אתו כנפשו,"Jonathan and David made a pact, because [Jonathan] loved him as himself. ",Ninguno
I_Samuel,18,4,ויתפשט יהונתן אתהמעיל אשר עליו ויתנהו לדוד ומדיו ועדחרבו ועדקשתו ועדחגרו,"Jonathan took off the cloak and tunic he was wearing and gave them to David, together with his sword, bow, and belt. ",Ninguno
I_Samuel,18,5,"ויצא דוד בכל אשר ישלחנו שאול ישכיל וישמהו שאול על אנשי המלחמה וייטב בעיני כלהעם וגם בעיני עבדי שאול&nbsp;<span class=""mam-spi-pe"">{פ}</span><br>","David went out [with the troops], and he was successful in every mission on which Saul sent him, and Saul put him in command of all the soldiers; this pleased all the troops and Saul’s courtiers as well. ",Ninguno
I_Samuel,18,6,"ויהי בבואם בשוב דוד מהכות אתהפלשתי ותצאנה הנשים מכלערי ישראל <span class=""mam-kq""><span class=""mam-kq-k"">(לשור)</span> <span class=""mam-kq-q"">[לשיר]</span></span> והמחלות לקראת שאול המלך בתפים בשמחה ובשלשים","When the [troops] came home [and] David returned from killing the Philistine, the women of all the towns of Israel came out singing and dancing to greet King Saulathe women … King Saul Meaning of Heb. uncertain. Septuagint reads “the dancing women came out to meet David from all the towns of Israel.” with hand-drums,bhand-drums See note at Exod. 15.20. shouting, and sistrums.csistrums Meaning of Heb. uncertain. ",Ninguno
I_Samuel,18,7,"ותענינה הנשים המשחקות ותאמרן הכה שאול <span class=""mam-kq-trivial"">באלפו</span> ודוד ברבבתיו","The women sang as they danced, and they chanted:Saul has slain his thousands;David, his tens of thousands!",Ninguno
I_Samuel,18,8,ויחר לשאול מאד וירע בעיניו הדבר הזה ויאמר נתנו לדוד רבבות ולי נתנו האלפים ועוד לו אך המלוכה,"Saul was much distressed and greatly vexed about the matter. For he said, “To David they have given tens of thousands, and to me they have given thousands. All that he lacks is the kingship!” ",Ninguno
I_Samuel,18,9,"ויהי שאול <span class=""mam-kq""><span class=""mam-kq-k"">(עון)</span> <span class=""mam-kq-q"">[עוין]</span></span> אתדוד מהיום ההוא והלאה&nbsp;<span class=""mam-spi-samekh"">{ס}</span>&nbsp;&nbsp;&nbsp;&nbsp;&nbsp;&nbsp;&nbsp;&nbsp;",From that day on Saul kept a jealous eye on David.,Ninguno
I_Samuel,18,10,ויהי ממחרת ותצלח רוח אלהים&thinsp;<small></small>&thinsp;רעה&thinsp;<small></small>&thinsp;אלשאול ויתנבא בתוךהבית ודוד מנגן בידו כיום&thinsp;<small></small>&thinsp;ביום והחנית בידשאול,"The next day an evil spirit of God gripped Saul and he began to rave in the house, while David was playing [the lyre], as he did daily. Saul had a spear in his hand, ",Ninguno
I_Samuel,18,11,ויטל שאול אתהחנית ויאמר אכה בדוד ובקיר ויסב דוד מפניו פעמים,"and Saul threwdthrew Change of vocalization yields “raised.” the spear, thinking to pin David to the wall. But David eluded him twice. ",Ninguno
I_Samuel,18,12,וירא שאול מלפני דוד כיהיה יהוה עמו ומעם שאול סר,"Saul was afraid of David, for GOD was with him and had turned away from Saul. ",Ninguno
I_Samuel,18,13,"ויסרהו שאול מעמו וישמהו לו שראלף ויצא ויבא לפני העם&nbsp;<span class=""mam-spi-samekh"">{ס}</span>&nbsp;&nbsp;&nbsp;&nbsp;&nbsp;&nbsp;&nbsp;&nbsp;","So Saul removed him from his presence and appointed him chief of a thousand, to march at the head of the troops.eto march at the head of the troops Lit. “and he went out and came in before the troops.” ",Ninguno
I_Samuel,18,14,"ויהי דוד לכל<span class=""mam-kq-trivial"">דרכו</span> משכיל ויהוה עמו","David was successful in all his undertakings, for GOD was with him; ",Ninguno
I_Samuel,18,15,וירא שאול אשרהוא משכיל מאד ויגר מפניו,"and when Saul saw that he was successful, he dreaded him. ",Ninguno
I_Samuel,18,16,"וכלישראל ויהודה אהב אתדוד כיהוא יוצא ובא לפניהם&nbsp;<span class=""mam-spi-pe"">{פ}</span><br>","All Israel and Judah loved David, for he marched at their head.",Ninguno
I_Samuel,18,17,"ויאמר שאול אלדוד הנה בתי הגדולה מרב אתה אתןלך לאשה אך היהלי לבןחיל והלחם מלחמות יהוה ושאול אמר אלתהי ידי בו ותהיבו ידפלשתים&nbsp;<span class=""mam-spi-samekh"">{ס}</span>&nbsp;&nbsp;&nbsp;&nbsp;&nbsp;&nbsp;&nbsp;&nbsp;","Saul said to David, “Here is my older daughter, Merab; I will give her to you in marriage; in return, you be my warrior and fight GOD’s battles.” Saul thought: “Let not my hand strike him; let the hand of the Philistines strike him.” ",Ninguno
I_Samuel,18,18,ויאמר דוד אלשאול מי אנכי ומי חיי משפחת אבי בישראל כיאהיה חתן למלך,"David replied to Saul, “Who am I and what is my lifefwhat is my life Meaning of Heb. uncertain. Change of vocalization yields “who are my kin.”—my father’s family in Israel—that I should become Your Majesty’s son-in-law?” ",Ninguno
I_Samuel,18,19,ויהי בעת תת אתמרב בתשאול לדוד והיא נתנה לעדריאל המחלתי לאשה,"But at the time that Merab, daughter of Saul, should have been given to David, she was given in marriage to Adriel the Meholathite. ",Ninguno
I_Samuel,18,20,ותאהב מיכל בתשאול אתדוד ויגדו לשאול וישר הדבר בעיניו,"Now Michal daughter of Saul had fallen in love with David; and when this was reported to Saul, he was pleased. ",Ninguno
I_Samuel,18,21,ויאמר שאול אתננה לו ותהילו למוקש ותהיבו ידפלשתים ויאמר שאול אלדוד בשתים תתחתן בי היום,"Saul thought: “I will give her to him, and she can serve as a snare for him, so that the Philistines may kill him.” So Saul said to David, “You can become my son-in-law even now through the second one.”gYou can become … one Meaning of Heb. uncertain. ",Ninguno
I_Samuel,18,22,ויצו שאול אתעבדו דברו אלדוד בלט לאמר הנה חפץ בך המלך וכלעבדיו אהבוך ועתה התחתן במלך,"And Saul instructed his courtiers to say to David privately, “The king is fond of you and all his courtiers like you. So why not become the king’s son-in-law?” ",Ninguno
I_Samuel,18,23,וידברו עבדי שאול באזני דוד אתהדברים האלה ויאמר דוד הנקלה בעיניכם התחתן במלך ואנכי אישרש ונקלה,"When the king’s courtiers repeated these words to David, David replied, “Do you think that becoming the son-in-law of a king is a small matter, when I am but a poor man of no consequence?” ",Ninguno
I_Samuel,18,24,ויגדו עבדי שאול לו לאמר כדברים האלה דבר דוד,"Saul’s courtiers reported to him, “This is what David answered.” ",Ninguno
I_Samuel,18,25,ויאמר שאול כהתאמרו לדוד איןחפץ למלך במהר כי במאה ערלות פלשתים להנקם באיבי המלך ושאול חשב להפיל אתדוד בידפלשתים,"And Saul said, “Say this to David: ‘The king desires no other bride-price than the foreskins of a hundred Philistines, as vengeance on the king’s enemies.’”—Saul intended to bring about David’s death at the hands of the Philistines.— ",Ninguno
I_Samuel,18,26,ויגדו עבדיו לדוד אתהדברים האלה וישר הדבר בעיני דוד להתחתן במלך ולא מלאו הימים,"When his courtiers told this to David, David was pleased with the idea of becoming the king’s son-in-law. Before the time had expired,hBefore the time had expired Meaning of Heb. uncertain. ",Ninguno
I_Samuel,18,27,"ויקם דוד וילך&thinsp;<b></b> הוא ואנשיו ויך בפלשתים מאתים איש ויבא דוד אתערלתיהם וימלאום למלך להתחתן במלך ויתןלו שאול אתמיכל בתו לאשה&nbsp;<span class=""mam-spi-samekh"">{ס}</span>&nbsp;&nbsp;&nbsp;&nbsp;&nbsp;&nbsp;&nbsp;&nbsp;","David went out with his men and killed two hundreditwo hundred Septuagint reads “one hundred” and cf. 2 Sam. 3.14. Philistines; David brought their foreskins and they were counted outjthey were counted out Meaning of Heb. uncertain. for the king, that he might become the king’s son-in-law. Saul then gave him his daughter Michal in marriage. ",Ninguno
I_Samuel,18,28,וירא שאול וידע כי יהוה עםדוד ומיכל בתשאול אהבתהו,"When Saul realized that GOD was with David and that Michal daughter of Saul loved him,kand that Michal daughter of Saul loved him Septuagint reads “and that all Israel loved him.” ",Percepción (Yada)
I_Samuel,18,29,"ויאסף שאול לרא מפני דוד עוד ויהי שאול איב אתדוד כלהימים&nbsp;<span class=""mam-spi-pe"">{פ}</span><br>",Saul grew still more afraid of David; and Saul was David’s enemy ever after.,Ninguno
I_Samuel,18,30,"ויצאו שרי פלשתים ויהי&thinsp;<b></b> מדי צאתם שכל דוד מכל עבדי שאול וייקר שמו מאד&nbsp;<span class=""mam-spi-samekh"">{ס}</span>&nbsp;&nbsp;&nbsp;&nbsp;&nbsp;&nbsp;&nbsp;&nbsp;","The Philistine chiefs marched out [to battle]; and every time they marched out, David was more successful than all the other officers of Saul. His reputation soared.",Ninguno
I_Samuel,19,1,וידבר שאול אליונתן בנו ואלכלעבדיו להמית אתדוד ויהונתן בןשאול חפץ בדוד מאד,"Saul urged his son Jonathan and all his courtiers to kill David. But Saul’s son Jonathan was very fond of David, ",Ninguno
I_Samuel,19,2,ויגד יהונתן לדוד לאמר מבקש שאול אבי להמיתך ועתה השמרנא בבקר וישבת בסתר ונחבאת,"and Jonathan told David, “My father Saul is bent on killing you. Be on your guard tomorrow morning; get to a secret place and remain in hiding. ",Ninguno
I_Samuel,19,3,"ואני אצא ועמדתי לידאבי בשדה אשר אתה שם ואני אדבר בך אלאבי וראיתי מה והגדתי לך&nbsp;<span class=""mam-spi-samekh"">{ס}</span>&nbsp;&nbsp;&nbsp;&nbsp;&nbsp;&nbsp;&nbsp;&nbsp;","I will go out and stand next to my father in the field where you will be, and I will speak to my father about you. If I learn anything, I will tell you.” ",Ninguno
I_Samuel,19,4,וידבר יהונתן בדוד טוב אלשאול אביו ויאמר אליו אליחטא המלך בעבדו בדוד כי לוא חטא לך וכי מעשיו טובלך מאד,"So Jonathan spoke well of David to his father Saul. He said to him, “Let not Your Majesty wrong his servant David, for he has not wronged you; indeed, all his actions have been very much to your advantage. ",Ninguno
I_Samuel,19,5,וישם אתנפשו בכפו ויך אתהפלשתי ויעש יהוה תשועה גדולה לכלישראל ראית ותשמח ולמה תחטא בדם נקי להמית אתדוד חנם,"He took his life in his hands and killed the Philistine, and GOD wrought a great victory for all Israel. You saw it and rejoiced. Why then should you incur the guilt of shedding an innocent’s blood, killing David without cause?” ",Ninguno
I_Samuel,19,6,וישמע שאול בקול יהונתן וישבע שאול חייהוה אםיומת,"Saul heeded Jonathan’s plea, and Saul swore, “As GOD lives, he shall not be put to death!” ",Ninguno
I_Samuel,19,7,"ויקרא יהונתן לדוד ויגדלו יהונתן את כלהדברים האלה ויבא יהונתן אתדוד אלשאול ויהי לפניו כאתמול שלשום&nbsp;<span class=""mam-spi-samekh"">{ס}</span>&nbsp;&nbsp;&nbsp;&nbsp;&nbsp;&nbsp;&nbsp;&nbsp;","Jonathan called David, and Jonathan told him all this. Then Jonathan brought David to Saul, and he served him as before.",Ninguno
I_Samuel,19,8,ותוסף המלחמה להיות ויצא דוד וילחם בפלשתים ויך בהם מכה גדולה וינסו מפניו,Fighting broke out again. David went out and fought the Philistines. He inflicted a great defeat upon them and they fled before him.,Ninguno
I_Samuel,19,9,ותהי רוח יהוה&thinsp;<small></small>&thinsp;רעה אלשאול והוא בביתו ישב וחניתו בידו ודוד מנגן ביד,"Then an evil spirit of GOD came upon Saul while he was sitting in his house with his spear in his hand, and David was playing [the lyre]. ",Ninguno
I_Samuel,19,10,"ויבקש שאול להכות בחנית בדוד ובקיר ויפטר מפני שאול ויך אתהחנית בקיר ודוד נס וימלט בלילה הוא&nbsp;<span class=""mam-spi-pe"">{פ}</span><br>","Saul tried to pin David to the wall with the spear, but he eluded Saul, so that he drove the spear into the wall. David fled and got away.That night ",Ninguno
I_Samuel,19,11,וישלח שאול מלאכים אלבית דוד לשמרו ולהמיתו בבקר ותגד לדוד מיכל אשתו לאמר אםאינך ממלט אתנפשך הלילה מחר אתה מומת,"Saul sent messengers to David’s home to keep watch on him and to kill him in the morning. But David’s wife Michal told him, “Unless you run for your life tonight, you will be killed tomorrow.” ",Ninguno
I_Samuel,19,12,ותרד מיכל אתדוד בעד החלון וילך ויברח וימלט,Michal let David down from the window and he escaped and fled.,Ninguno
I_Samuel,19,13,"ותקח מיכל אתהתרפים ותשם אלהמטה ואת כביר העזים שמה מראשתיו ותכס בבגד&nbsp;<span class=""mam-spi-samekh"">{ס}</span>&nbsp;&nbsp;&nbsp;&nbsp;&nbsp;&nbsp;&nbsp;&nbsp;","Michal then took the oracle idol,aoracle idol A figurine, apparently with a human form, used as a medium in divination. laid it on the bed, and covered it with a cloth; and at its head she put a net of goat’s hair. ",Ninguno
I_Samuel,19,14,"וישלח שאול מלאכים לקחת אתדוד ותאמר חלה הוא&nbsp;<span class=""mam-spi-samekh"">{ס}</span>&nbsp;&nbsp;&nbsp;&nbsp;&nbsp;&nbsp;&nbsp;&nbsp;","Saul sent messengers to seize David; but she said, “He is sick.” ",Ninguno
I_Samuel,19,15,וישלח שאול אתהמלאכים לראות אתדוד לאמר העלו אתו במטה אלי להמתו,"Saul, however, sent back the messengers to see David for themselves. “Bring him up to me in the bed,” he ordered, “that he may be put to death.” ",Ninguno
I_Samuel,19,16,"ויבאו המלאכים והנה התרפים אלהמטה וכביר העזים מראשתיו&nbsp;<span class=""mam-spi-samekh"">{ס}</span>&nbsp;&nbsp;&nbsp;&nbsp;&nbsp;&nbsp;&nbsp;&nbsp;","When the messengers came, they found the oracle idol in the bed, with the net of goat’s hair at its head. ",Ninguno
I_Samuel,19,17,ויאמר שאול אלמיכל למה ככה רמיתני ותשלחי אתאיבי וימלט ותאמר מיכל אלשאול הואאמר אלי שלחני למה אמיתך,"Saul said to Michal, “Why did you play that trick on me and let my enemy get away safely?” “Because,” Michal answered Saul, “he said to me: ‘Help me get away or I’ll kill you.’”",Ninguno
I_Samuel,19,18,"ודוד ברח וימלט ויבא אלשמואל הרמתה ויגדלו את כלאשר עשהלו שאול וילך הוא ושמואל וישבו <span class=""mam-kq""><span class=""mam-kq-k"">(בנוית)</span> <span class=""mam-kq-q"">[בניות]</span></span>","David made good his escape, and he came to Samuel at Ramah and told him all that Saul had done to him. He and Samuel went and stayed at Naioth. ",Ninguno
I_Samuel,19,19,"ויגד לשאול לאמר הנה דוד <span class=""mam-kq""><span class=""mam-kq-k"">(בנוית)</span> <span class=""mam-kq-q"">[בניות]</span></span> ברמה","Saul was told that David was at Naioth in Ramah, ",Ninguno
I_Samuel,19,20,וישלח שאול מלאכים לקחת אתדוד וירא אתלהקת הנביאים נבאים ושמואל עמד נצב עליהם ותהי עלמלאכי שאול רוח אלהים ויתנבאו גםהמה,"and Saul sent messengers to seize David. TheybThey Heb. “He.” saw a band of prophets speaking in ecstasy,cspeaking in ecstasy Cf. note at 10.5. with Samuel standing by as their leader;das their leader Meaning of Heb. uncertain. and the spirit of God came upon Saul’s messengers and they too began to speak in ecstasy. ",Ninguno
I_Samuel,19,21,"ויגדו לשאול וישלח מלאכים אחרים ויתנבאו גםהמה&nbsp;<span class=""mam-spi-samekh"">{ס}</span>&nbsp;&nbsp;&nbsp;&nbsp;&nbsp;&nbsp;&nbsp;&nbsp;ויסף שאול וישלח מלאכים שלשים ויתנבאו גםהמה","When Saul was told about this, he sent other messengers; but they too spoke in ecstasy. Saul sent a third group of messengers; and they also spoke in ecstasy. ",Ninguno
I_Samuel,19,22,"וילך גםהוא הרמתה ויבא עדבור הגדול אשר בשכו וישאל ויאמר איפה שמואל ודוד ויאמר הנה <span class=""mam-kq""><span class=""mam-kq-k"">(בנוית)</span> <span class=""mam-kq-q"">[בניות]</span></span> ברמה","So he himself went to Ramah. When he came to the great cistern at Secu,ethe great cistern at Secu Septuagint reads “the cistern of the threshing floor on the bare height.” he asked, “Where are Samuel and David?” and was told that they were at Naioth in Ramah. ",Ninguno
I_Samuel,19,23,"וילך שם אל<span class=""mam-kq""><span class=""mam-kq-q"">[ניות]</span> <span class=""mam-kq-k"">(נוית)</span></span> ברמה ותהי עליו גםהוא רוח אלהים וילך הלוך ויתנבא עדבאו <span class=""mam-kq""><span class=""mam-kq-k"">(בנוית)</span> <span class=""mam-kq-q"">[בניות]</span></span> ברמה","He was on his way there, to Naioth in Ramah, when the spirit of God came upon him too; and he walked on, speaking in ecstasy, until he reached Naioth in Ramah. ",Ninguno
I_Samuel,19,24,"ויפשט גםהוא בגדיו ויתנבא גםהוא לפני שמואל ויפל ערם כלהיום ההוא וכלהלילה עלכן יאמרו הגם שאול בנביאם&nbsp;<span class=""mam-spi-pe"">{פ}</span><br>","Then he too stripped off his clothes and he too spoke in ecstasy before Samuel; and he lay naked all that day and all night. That is why people say, “Is Saul too among the prophets?”",Ninguno
I_Samuel,20,1,"ויברח דוד <span class=""mam-kq""><span class=""mam-kq-k"">(מנוות)</span> <span class=""mam-kq-q"">[מניות]</span></span> ברמה ויבא ויאמר&thinsp;<b></b> לפני יהונתן מה עשיתי מהעוני ומהחטאתי לפני אביך כי מבקש אתנפשי","David fled from Naioth in Ramah; he came to Jonathan and said, “What have I done, what is my crime and my guilt against your father, that he seeks my life?” ",Ninguno
I_Samuel,20,2,"ויאמר לו חלילה לא תמות הנה <span class=""mam-kq""><span class=""mam-kq-k"">(לו עשה)</span> <span class=""mam-kq-q"">[לאיעשה]</span></span> אבי דבר גדול או דבר קטן ולא יגלה אתאזני ומדוע יסתיר אבי ממני אתהדבר הזה אין זאת","He replied, “Heaven forbid! You shall not die. My father does not do anything, great or small, without disclosing it to me; why should my father conceal this matter from me? It cannot be!” ",Ninguno
I_Samuel,20,3,וישבע עוד דוד ויאמר ידע ידע אביך כימצאתי חן בעיניך ויאמר אלידעזאת יהונתן פןיעצב ואולם חייהוה וחי נפשך כי כפשע ביני ובין המות,"David swore further,aswore further Septuagint reads “replied to him.” “Your father knows well that you are fond of me and has decided: Jonathan must not learn of this or he will be grieved. But, as GOD lives and as you live, there is only a step between me and death.” ","Percepción (Yada), Separación (Beyn)"
I_Samuel,20,4,"ויאמר יהונתן אלדוד מהתאמר נפשך ואעשהלך&nbsp;<span class=""mam-spi-pe"">{פ}</span><br>","Jonathan said to David, “Whatever you want, I will do it for you.”",Ninguno
I_Samuel,20,5,ויאמר דוד אליהונתן הנהחדש מחר ואנכי ישבאשב עםהמלך לאכול ושלחתני ונסתרתי בשדה עד הערב השלשית,"David said to Jonathan, “Tomorrow is the new moon, and I am to sit with the king at the meal. Instead, letbam to sit … meal. Instead, let Septuagint reads “will not sit…meal. Let…” me go and I will hide in the countryside until the thirdcthird Septuagint lacks “third.” evening. ",Ninguno
I_Samuel,20,6,אםפקד יפקדני אביך ואמרת נשאל נשאל ממני דוד לרוץ ביתלחם עירו כי זבח הימים שם לכלהמשפחה,"If your father notes my absence, you say, ‘David asked my permission to run down to his home town, Bethlehem, for the whole family has its annual sacrifice there.’ ",Ninguno
I_Samuel,20,7,אםכה יאמר טוב שלום לעבדך ואםחרה יחרה לו דע כיכלתה הרעה מעמו,"If he says ‘Good,’ your servant is safe; but if his anger flares up, know that he is resolved to do [me] harm. ",Ninguno
I_Samuel,20,8,"ועשית חסד עלעבדך כי בברית יהוה הבאת אתעבדך עמך ואםישבי עון המיתני אתה ועדאביך למהזה תביאני&nbsp;<span class=""mam-spi-pe"">{פ}</span><br>","Deal faithfully with your servant, since you have taken your servant into a covenant of GOD with you. And if I am guilty, kill me yourself, but don’t make me go back to your father.” ",Ninguno
I_Samuel,20,9,"ויאמר יהונתן חלילה לך כי&thinsp;<b></b> אםידע אדע כיכלתה הרעה מעם אבי לבוא עליך ולא אתה אגיד לך&nbsp;<span class=""mam-spi-samekh"">{ס}</span>&nbsp;&nbsp;&nbsp;&nbsp;&nbsp;&nbsp;&nbsp;&nbsp;","Jonathan replied, “Don’t talk like that! If I learn that my father has resolved to kill you, I will surely tell you about it.” ",Percepción (Yada)
I_Samuel,20,10,"ויאמר דוד אליהונתן מי יגיד לי או מהיענך אביך קשה&nbsp;<span class=""mam-spi-samekh"">{ס}</span>&nbsp;&nbsp;&nbsp;&nbsp;&nbsp;&nbsp;&nbsp;&nbsp;","David said to Jonathan, “Who will tell me ifdif Meaning of Heb. uncertain. your father answers you harshly?” ",Ninguno
I_Samuel,20,11,"ויאמר יהונתן אלדוד לכה ונצא השדה ויצאו שניהם השדה&nbsp;<span class=""mam-spi-samekh"">{ס}</span>&nbsp;&nbsp;&nbsp;&nbsp;&nbsp;&nbsp;&nbsp;&nbsp;","Jonathan said to David, “Let us go into the open”; and they both went out into the open.",Ninguno
I_Samuel,20,12,ויאמר יהונתן אלדוד יהוה אלהי ישראל כיאחקר אתאבי כעת&thinsp;<small></small>&thinsp;מחר השלשית והנהטוב אלדוד ולאאז אשלח אליך וגליתי אתאזנך,"eThe meaning of several parts of vv. 12–16 is uncertain. Then Jonathan said to David, “By the ETERNAL, the God of Israel! I will sound out my father at this time tomorrow, [or] on the third day; and if [his response] is favorable for David, I will send a message to you at once and disclose it to you. ",Ninguno
I_Samuel,20,13,כהיעשה יהוה ליהונתן וכה יסיף כיייטב אלאבי אתהרעה עליך וגליתי אתאזנך ושלחתיך והלכת לשלום ויהי יהוה עמך כאשר היה עםאבי,"But if my father intends to do you harm, may GOD do thus to Jonathan and more if I do [not] disclose it to you and send you off to escape unharmed. May GOD be with you—as [God] was formerly with my father. ",Ninguno
I_Samuel,20,14,ולא אםעודני חי ולאתעשה עמדי חסד יהוה ולא אמות,"Nor shall you fail to show me GOD’s faithfulness,fGOD’s faithfulness I.e., the faithfulness pledged in the covenant before GOD. while I am alive; nor, when I am dead, ",Ninguno
I_Samuel,20,15,ולאתכרית אתחסדך מעם ביתי עדעולם ולא בהכרת יהוה אתאיבי דוד איש מעל פני האדמה,shall you ever discontinue your faithfulness to my house—not even after GOD has wiped out every one of David’s enemies from the face of the earth.,Ninguno
I_Samuel,20,16,ויכרת יהונתן עםבית דוד ובקש יהוה מיד איבי דוד,Thus has Jonathan covenanted with the house of David; and may GOD requite the enemies of David!”,Ninguno
I_Samuel,20,17,"ויוסף יהונתן להשביע אתדוד באהבתו אתו כיאהבת נפשו אהבו&nbsp;<span class=""mam-spi-samekh"">{ס}</span>&nbsp;&nbsp;&nbsp;&nbsp;&nbsp;&nbsp;&nbsp;&nbsp;","Jonathan, out of his love for David, adjuredgadjured Septuagint reads “swore to.” him again, for he loved him as himself. ",Ninguno
I_Samuel,20,18,ויאמרלו יהונתן מחר חדש ונפקדת כי יפקד מושבך,"Jonathan said to him, “Tomorrow will be the new moon; and you will be missed when your seat remains vacant.hvacant At the festal meal. ",Ninguno
I_Samuel,20,19,ושלשת תרד מאד ובאת אלהמקום אשרנסתרת שם ביום המעשה וישבת אצל האבן האזל,"So the day after tomorrow, go down all the wayiall the way Lit. “very much.” to the place where you hid the other time,jthe other time Lit. “on the day of the incident”; see 19.2ff. and stay close to the Ezel stone. ",Ninguno
I_Samuel,20,20,ואני שלשת החצים צדה אורה לשלחלי למטרה,"Now I will shoot three arrows to one side of it, as though I were shooting at a mark, ",Ninguno
I_Samuel,20,21,והנה אשלח אתהנער לך מצא אתהחצים אםאמר אמר לנער הנה החצים&thinsp;<b></b> ממך והנה קחנו&thinsp;<small></small>&thinsp;ובאה כישלום לך ואין דבר חייהוה,"and I will order the boy to go and find the arrows. If I call to the boy, ‘Hey! the arrows are on this side of you,’ be reassuredkreassured Lit. “accept it.” and come, for you are safe and there is no danger—as GOD lives! ",Ninguno
I_Samuel,20,22,ואםכה אמר לעלם הנה החצים ממך והלאה לך כי שלחך יהוה,"But if, instead, I call to the lad, ‘Hey! the arrows are beyond you,’ then leave, for GOD has sent you away. ",Ninguno
I_Samuel,20,23,"והדבר אשר דברנו אני ואתה הנה יהוה ביני ובינך עדעולם&nbsp;<span class=""mam-spi-samekh"">{ס}</span>&nbsp;&nbsp;&nbsp;&nbsp;&nbsp;&nbsp;&nbsp;&nbsp;","As for the promise we made to each other,lAs for the promise we made to each other See above, vv. 12–17. may GOD be [witness] between you and me forever.”",Ninguno
I_Samuel,20,24,"ויסתר דוד בשדה ויהי החדש וישב המלך <span class=""mam-kq""><span class=""mam-kq-k"">(על)</span> <span class=""mam-kq-q"">[אל]</span></span>הלחם לאכול","David hid in the field. The new moon came, and the king sat down to partake of the meal. ",Ninguno
I_Samuel,20,25,וישב המלך עלמושבו כפעם&thinsp;<b></b> בפעם אלמושב הקיר ויקם יהונתן וישב אבנר מצד שאול ויפקד מקום דוד,"When the king took his usual place on the seat by the wall, Jonathan rosemrose Force of Heb. uncertain; Septuagint “faced him.” and Abner sat down at Saul’s side; but David’s place remained vacant. ",Ninguno
I_Samuel,20,26,"ולאדבר שאול מאומה ביום ההוא כי אמר מקרה הוא בלתי טהור הוא כילא טהור&nbsp;<span class=""mam-spi-samekh"">{ס}</span>&nbsp;&nbsp;&nbsp;&nbsp;&nbsp;&nbsp;&nbsp;&nbsp;","That day, however, Saul said nothing. “It’s accidental,” he thought. “He must be impure and not yet purified.”nHe must be impure and not yet purified Heb. construction unclear. ",Ninguno
I_Samuel,20,27,"ויהי ממחרת החדש השני ויפקד מקום דוד&nbsp;<span class=""mam-spi-pe"">{פ}</span><br>ויאמר שאול אליהונתן בנו מדוע לאבא בןישי גםתמול גםהיום אלהלחם","But on the day after the new moon, the second day, David’s place was vacant again. So Saul said to his son Jonathan, “Why didn’t the son of Jesseothe son of Jesse See note at 10.11. come to the meal yesterday or today?” ",Ninguno
I_Samuel,20,28,ויען יהונתן אתשאול נשאל נשאל דוד מעמדי עדבית לחם,"Jonathan answered Saul, “David begged leave of me to go to Bethlehem. ",Ninguno
I_Samuel,20,29,"ויאמר שלחני נא כי זבח משפחה לנו בעיר והוא צוהלי אחי ועתה אםמצאתי חן בעיניך אמלטה נא ואראה אתאחי עלכן לאבא אלשלחן המלך&nbsp;<span class=""mam-spi-samekh"">{ס}</span>&nbsp;&nbsp;&nbsp;&nbsp;&nbsp;&nbsp;&nbsp;&nbsp;","He said, ‘Please let me go, for we are going to have a family feast in our town and my brother has summoned me to it. Do me a favor, let me slip away to see my kin.’ That is why he has not come to the king’s table.”",Ninguno
I_Samuel,20,30,ויחראף שאול ביהונתן ויאמר לו בןנעות המרדות הלוא ידעתי כיבחר אתה לבןישי לבשתך ולבשת ערות אמך,"Saul flew into a rage against Jonathan. “You son of a perverse, rebellious woman!” he shouted. “I know that you side with the son of Jesse—to your shame, and to the shame of your mother’s nakedness! ",Percepción (Yada)
I_Samuel,20,31,"כי כלהימים אשר בןישי חי עלהאדמה לא תכון אתה ומלכותך ועתה שלח וקח אתו אלי כי בןמות הוא&nbsp;<span class=""mam-spi-samekh"">{ס}</span>&nbsp;&nbsp;&nbsp;&nbsp;&nbsp;&nbsp;&nbsp;&nbsp;","For as long as the son of Jesse lives on earth, neither you nor your kingship will be secure. Now then, have him brought to me, for he is marked for death.” ",Ninguno
I_Samuel,20,32,ויען יהונתן אתשאול אביו ויאמר אליו למה יומת מה עשה,"But Jonathan spoke up and said to his father,phis father Heb. “his father Saul.” “Why should he be put to death? What has he done?” ",Ninguno
I_Samuel,20,33,"ויטל שאול אתהחנית עליו להכתו וידע יהונתן כיכלה היא מעם אביו להמית אתדוד&nbsp;<span class=""mam-spi-samekh"">{ס}</span>&nbsp;&nbsp;&nbsp;&nbsp;&nbsp;&nbsp;&nbsp;&nbsp;","At that, Saul threwpthrew See 18.11 and note. his spear at him to strike him down; and Jonathan realized that his father was determined to do away with David. ",Percepción (Yada)
I_Samuel,20,34,"ויקם יהונתן מעם השלחן בחריאף ולאאכל ביוםהחדש השני לחם כי נעצב אלדוד כי הכלמו אביו&nbsp;<span class=""mam-spi-samekh"">{ס}</span>&nbsp;&nbsp;&nbsp;&nbsp;&nbsp;&nbsp;&nbsp;&nbsp;","Jonathan rose from the table in a rage. He ate no food on the second day of the new moon, because he was grieved about David, and because his father had humiliated him.",Ninguno
I_Samuel,20,35,ויהי בבקר ויצא יהונתן השדה למועד דוד ונער קטן עמו,"In the morning, Jonathan went out into the open for the meeting with David, accompanied by a young boy.qyoung boy Or “attendant.” ",Ninguno
I_Samuel,20,36,ויאמר לנערו רץ מצא נא אתהחצים אשר אנכי מורה הנער רץ והואירה החצי להעברו,"He said to the boy, “Run ahead and find the arrows that I shoot.” And as the boy ran, he shot the arrows past him. ",Ninguno
I_Samuel,20,37,ויבא הנער עדמקום החצי אשר ירה יהונתן ויקרא יהונתן אחרי הנער ויאמר הלוא החצי ממך והלאה,"When the boy came to the place where the arrows shot by Jonathan had fallen, Jonathan called out to the boy, “Hey, the arrows are beyond you!” ",Ninguno
I_Samuel,20,38,"ויקרא יהונתן אחרי הנער מהרה חושה אלתעמד וילקט נער יהונתן את<span class=""mam-kq""><span class=""mam-kq-q"">[החצים]</span> <span class=""mam-kq-k"">(החצי)</span></span> ויבא אלאדניו","And Jonathan called after the boy, “Quick, hurry up. Don’t stop!” So Jonathan’s boy gathered the arrows and came back to his master.— ",Ninguno
I_Samuel,20,39,"והנער לאידע מאומה אך יהונתן ודוד ידעו אתהדבר&nbsp;<span class=""mam-spi-samekh"">{ס}</span>&nbsp;&nbsp;&nbsp;&nbsp;&nbsp;&nbsp;&nbsp;&nbsp;",The boy suspected nothing; only Jonathan and David knew the arrangement.—,Percepción (Yada)
I_Samuel,20,40,ויתן יהונתן אתכליו אלהנער אשרלו ויאמר לו לך הביא העיר,"Jonathan handed the gear to his boy and told him, “Take these back to the town.” ",Ninguno
I_Samuel,20,41,הנער בא ודוד קם מאצל הנגב ויפל לאפיו ארצה וישתחו שלש פעמים וישקו&thinsp;<b></b> איש אתרעהו ויבכו איש אתרעהו עדדוד הגדיל,"When the boy got there, David emerged from his concealment atremerged from his concealment at Lit. “rose up from beside.” the Negeb.sthe Negeb Identical with the “Ezel Stone,” v. 19. He flung himself face down on the ground and bowed low three times. They kissed each other and wept together; David wept the longer.",Ninguno
I_Samuel,20,42,"ויאמר יהונתן לדוד לך לשלום אשר נשבענו שנינו אנחנו בשם יהוה לאמר יהוה יהיה&thinsp;<b></b> ביני ובינך ובין זרעי ובין זרעך עדעולם&nbsp;<span class=""mam-spi-pe"">{פ}</span><br>","Jonathan said to David, “Go in peace! For we two have sworn to each other in the name of GOD: ‘May GOD be [witness] between you and me, and between your offspring and mine, forever!’”",Separación (Beyn)
I_Samuel,21,1,ויקם וילך ויהונתן בא העיר,"David then went his way, and Jonathan returned to the town.",Ninguno
I_Samuel,21,2,ויבא דוד נבה אלאחימלך הכהן ויחרד אחימלך לקראת דוד ויאמר לו מדוע אתה לבדך ואיש אין אתך,"David went to the priest Ahimelech at Nob. Ahimelech came out in alarm to meet David, and he said to him, “Why are you alone? Not a soul is with you!” ",Ninguno
I_Samuel,21,3,ויאמר דוד לאחימלך הכהן המלך צוני דבר ויאמר אלי איש אלידע מאומה אתהדבר אשראנכי שלחך ואשר צויתך ואתהנערים יודעתי אלמקום פלני אלמוני,"David answered the priest Ahimelech, “The king has ordered me on a mission, and he said to me, ‘Absolutely no one must know anything about the mission on which I am sending you and for which I have given you orders.’ So I have directed [my] young men toadirected [my] young men to Meaning of Heb. uncertain. 4QSamᵇ (cf. Septuagint) reads “made an appointment with [my] young men at…” such and such a place. ",Percepción (Yada)
I_Samuel,21,4,ועתה מהיש תחתידך חמשהלחם תנה בידי או הנמצא,"Now then, what have you got on hand? AnybAny Lit. “five.” loaves of bread? Let me have them—or whatever is available.” ",Ninguno
I_Samuel,21,5,"ויען הכהן אתדוד ויאמר איןלחם חל אלתחת ידי כיאםלחם קדש יש אםנשמרו הנערים אך מאשה&nbsp;<span class=""mam-spi-pe"">{פ}</span><br>","The priest answered David, “I have no ordinary bread on hand; there is only consecrated bread—provided the young men have kept away from women.” ",Ninguno
I_Samuel,21,6,ויען דוד אתהכהן ויאמר לו כי אםאשה עצרהלנו כתמול שלשם בצאתי ויהיו כליהנערים קדש והוא דרך חל ואף כי היום יקדש בכלי,"In reply to the priest, David said, “I assure you that women have been kept from us, as always. Whenever I went on a mission, even if the journey was a common one, the vessels of the young men were consecrated; all the more then may consecrated food be put into their vessels today.”cmay consecrated food … today Meaning of Heb. uncertain in part. ",Ninguno
I_Samuel,21,7,ויתןלו הכהן קדש כי לאהיה שם לחם כיאםלחם הפנים המוסרים מלפני יהוה לשום לחם חם ביום הלקחו,"So the priest gave him consecrated bread, because there was none there except the bread of display, which had been removed from GOD’s presence to be replaced by warm bread as soon as it was taken away.— ",Ninguno
I_Samuel,21,8,ושם איש מעבדי שאול ביום ההוא נעצר לפני יהוה ושמו דאג האדמי אביר הרעים אשר לשאול,"Now one of Saul’s officials was there that day, detained before GOD;ddetained before GOD I.e., excluded from the shrine, perhaps because of ritual impurity. his name was Doeg the Edomite, Saul’s chief herdsman.echief herdsman Meaning of Heb. uncertain. ",Ninguno
I_Samuel,21,9,"ויאמר דוד לאחימלך ואין ישפה תחתידך חנית אוחרב כי גםחרבי וגםכלי לאלקחתי בידי כיהיה דברהמלך נחוץ&nbsp;<span class=""mam-spi-samekh"">{ס}</span>&nbsp;&nbsp;&nbsp;&nbsp;&nbsp;&nbsp;&nbsp;&nbsp;","David said to Ahimelech, “Haven’t you got a spear or sword on hand? I didn’t take my sword or any of my weapons with me, because the king’s mission was urgent.” ",Ninguno
I_Samuel,21,10,"ויאמר הכהן חרב גלית הפלשתי אשרהכית&thinsp;<b></b> בעמק האלה הנההיא לוטה בשמלה אחרי האפוד אםאתה תקחלך קח כי אין אחרת זולתה בזה&nbsp;<span class=""mam-spi-samekh"">{ס}</span>&nbsp;&nbsp;&nbsp;&nbsp;&nbsp;&nbsp;&nbsp;&nbsp;ויאמר דוד אין כמוה תננה לי","The priest said, “There is the sword of Goliath the Philistine whom you slew in the valley of Elah; it is over there, wrapped in a cloth, behind the ephod. If you want to take that one, take it, for there is none here but that one.” David replied, “There is none like it; give it to me.”",Ninguno
I_Samuel,21,11,ויקם דוד ויברח ביוםההוא מפני שאול ויבא אלאכיש מלך גת,That day David continued on his flight from Saul and he came to King Achish of Gath.,Ninguno
I_Samuel,21,12,"ויאמרו עבדי אכיש אליו הלואזה דוד מלך הארץ הלוא לזה יענו במחלות לאמר הכה שאול <span class=""mam-kq-trivial"">באלפו</span> ודוד <span class=""mam-kq-trivial"">ברבבתו</span>","The courtiers of Achish said to him, “Why, that’s David, king of the land! That’s the one of whom they sing as they dance:Saul has slain his thousands;David, his tens of thousands.”",Ninguno
I_Samuel,21,13,וישם דוד אתהדברים האלה בלבבו וירא מאד מפני אכיש מלךגת,These words worried David and he became very much afraid of King Achish of Gath.,Ninguno
I_Samuel,21,14,"וישנו אתטעמו בעיניהם ויתהלל בידם ויתו עלדלתות השער ויורד רירו אלזקנו&nbsp;<span class=""mam-spi-samekh"">{ס}</span>&nbsp;&nbsp;&nbsp;&nbsp;&nbsp;&nbsp;&nbsp;&nbsp;",So he concealed his good sense from them; he feigned madness for their benefit.ffor their benefit Lit. “in their hand”; meaning of Heb. uncertain. He scratched marks on the doors of the gate and let his saliva run down his beard. ,Ninguno
I_Samuel,21,15,ויאמר אכיש אלעבדיו הנה תראו איש משתגע למה תביאו אתו אלי,"And Achish said to his courtiers, “You see the man is raving; why bring him to me? ",Ninguno
I_Samuel,21,16,"חסר משגעים אני כיהבאתם אתזה להשתגע עלי הזה יבוא אלביתי&nbsp;<span class=""mam-spi-pe"">{פ}</span><br>",Do I lack madmen that you have brought this one to rave for me? Should he enter my house?”,Ninguno
I_Samuel,22,1,וילך דוד משם וימלט אלמערת עדלם וישמעו אחיו וכלבית אביו וירדו אליו שמה,"David departed from there and escaped to the caveacave The “cave” in v. 1 is referred to as “stronghold” in vv. 4–5; cf. the same variation in 2 Sam. 23.13–14; 1 Chron. 11.15–16. of Adullam; and when his brothers and all his father’s house heard, they joined him down there. ",Ninguno
I_Samuel,22,2,ויתקבצו אליו כלאיש מצוק וכלאיש אשרלו נשא וכלאיש מרנפש ויהי עליהם לשר ויהיו עמו כארבע מאות איש,"Everyone who was in straits and everyone who was in debt and everyone who was desperate joined him, and he became their leader; there were about four hundred men with him. ",Ninguno
I_Samuel,22,3,וילך דוד משם מצפה מואב ויאמר&thinsp;<b></b> אלמלך מואב יצאנא אבי ואמי אתכם עד אשר אדע מהיעשהלי אלהים,"David went from there to Mizpeh of Moab, and he said to the king of Moab, “Let my father and mother come [and stay] with you, until I know what God will do for me.” ",Ninguno
I_Samuel,22,4,"וינחם אתפני מלך מואב וישבו עמו כלימי היותדוד במצודה&nbsp;<span class=""mam-spi-samekh"">{ס}</span>&nbsp;&nbsp;&nbsp;&nbsp;&nbsp;&nbsp;&nbsp;&nbsp;","So he led them tobled them to Targum and Syriac read “left them with.” the king of Moab, and they stayed with him as long as David remained in the stronghold.cstronghold See note at v. 1. ",Ninguno
I_Samuel,22,5,"ויאמר גד הנביא אלדוד לא תשב במצודה לך ובאתלך ארץ יהודה וילך דוד ויבא יער חרת&nbsp;<span class=""mam-spi-samekh"">{ס}</span>&nbsp;&nbsp;&nbsp;&nbsp;&nbsp;&nbsp;&nbsp;&nbsp;","But the prophet Gad said to David, “Do not stay in the stronghold; go at once to the territory of Judah.” So David left and went to the forest of Hereth.",Ninguno
I_Samuel,22,6,וישמע שאול כי נודע דוד ואנשים אשר אתו ושאול יושב בגבעה תחתהאשל ברמה וחניתו בידו וכלעבדיו נצבים עליו,"When Saul heard that David and the men with him had been located—Saul was then in Gibeah, sitting under the tamarisk tree on the height, spear in hand, with all his courtiers in attendance upon him— ",Ninguno
I_Samuel,22,7,ויאמר שאול לעבדיו הנצבים עליו שמעונא בני ימיני גםלכלכם יתן בןישי שדות וכרמים לכלכם ישים שרי אלפים ושרי מאות,"Saul said to the courtiers standing about him, “Listen, Benjaminites! Will the son of Jessedthe son of Jesse See note at 10.11. give fields and vineyards to every one of you? And will he make all of you captains of thousands or captains of hundreds? ",Ninguno
I_Samuel,22,8,"כי קשרתם כלכם עלי ואיןגלה אתאזני בכרתבני עםבןישי ואיןחלה מכם עלי וגלה אתאזני כי הקים בני אתעבדי עלי לארב כיום הזה&nbsp;<span class=""mam-spi-samekh"">{ס}</span>&nbsp;&nbsp;&nbsp;&nbsp;&nbsp;&nbsp;&nbsp;&nbsp;","Is that why all of you have conspired against me? For no one informs me when my own son makes a pact with the son of Jesse; no one is concernedeconcerned For this meaning of ḥoleh, cf. Amos 6.6. for me and no one informs me when my own son has set my servant in ambushfin ambush Septuagint reads “as an enemy.” against me, as is now the case.”",Ninguno
I_Samuel,22,9,ויען דאג האדמי והוא נצב עלעבדישאול ויאמר ראיתי אתבןישי בא נבה אלאחימלך בןאחטוב,"Doeg the Edomite, who was standing among the courtiers of Saul, spoke up: “I saw the son of Jesse come to Ahimelech son of Ahitub at Nob. ",Ninguno
I_Samuel,22,10,וישאללו ביהוה וצידה נתן לו ואת חרב גלית הפלשתי נתן לו,He inquired of GOD on his behalf and gave him provisions; he also gave him the sword of Goliath the Philistine.”,Ninguno
I_Samuel,22,11,"וישלח המלך לקרא אתאחימלך בןאחיטוב הכהן ואת כלבית אביו הכהנים אשר בנב ויבאו כלם אלהמלך&nbsp;<span class=""mam-spi-samekh"">{ס}</span>&nbsp;&nbsp;&nbsp;&nbsp;&nbsp;&nbsp;&nbsp;&nbsp;","Thereupon the king sent for the priest Ahimelech son of Ahitub and for all the priests belonging to his father’s house at Nob. They all came to the king, ",Ninguno
I_Samuel,22,12,ויאמר שאול שמענא בןאחיטוב ויאמר הנני אדני,"and Saul said, “Listen to me, son of Ahitub.”gson of Ahitub Cf. note at 10.11. “Yes, my lord,” he replied. ",Ninguno
I_Samuel,22,13,"ויאמר אלו שאול למה קשרתם עלי אתה ובןישי בתתך לו לחם וחרב ושאול לו באלהים לקום אלי לארב כיום הזה&nbsp;<span class=""mam-spi-samekh"">{ס}</span>&nbsp;&nbsp;&nbsp;&nbsp;&nbsp;&nbsp;&nbsp;&nbsp;","And Saul said to him, “Why have you and the son of Jesse conspired against me? You gave him food and a sword, and inquired of God for him—that he may rise in ambushhin ambush Septuagint reads “as an enemy.” against me, as is now the case.”",Ninguno
I_Samuel,22,14,ויען אחימלך אתהמלך ויאמר ומי בכלעבדיך כדוד נאמן וחתן המלך וסר אלמשמעתך ונכבד בביתך,"Ahimelech replied to the king, “But who is there among all your courtiers as trusted as David, son-in-law of Your Majesty and obedient to your bidding,iobedient to your bidding Cf. Isa. 11.14; but meaning of Heb. uncertain. and esteemed in your household? ",Ninguno
I_Samuel,22,15,"היום החלתי <span class=""mam-kq""><span class=""mam-kq-k"">(לשאול)</span> <span class=""mam-kq-q"">[לשאל]</span></span>לו באלהים חלילה לי אלישם המלך בעבדו דבר בכלבית אבי כי לאידע עבדך בכלזאת דבר קטן או גדול",This is the first time that I inquired of God for him; I have done no wrong.jI have done no wrong Lit. “Far be it from me!” Let not Your Majesty find fault with his servant [or] with any of my father’s house; for your servant knew nothing whatever about all this.” ,Percepción (Yada)
I_Samuel,22,16,ויאמר המלך מות תמות אחימלך אתה וכלבית אביך,"But the king said, “You shall die, Ahimelech, you and all your father’s house.” ",Ninguno
I_Samuel,22,17,"ויאמר המלך לרצים הנצבים עליו סבו והמיתו&thinsp;<b></b> כהני יהוה כי גםידם עםדוד וכי ידעו כיברח הוא ולא גלו את<span class=""mam-kq""><span class=""mam-kq-q"">[אזני]</span> <span class=""mam-kq-k"">(אזנו)</span></span> ולאאבו עבדי המלך לשלח אתידם לפגע בכהני יהוה&nbsp;<span class=""mam-spi-samekh"">{ס}</span>&nbsp;&nbsp;&nbsp;&nbsp;&nbsp;&nbsp;&nbsp;&nbsp;","And the king commanded the guards standing by, “Turn about and kill the priests of GOD, for they are in league with David; they knew he was running away and they did not inform me.” But the king’s servants would not raise a hand to strike down the priests of GOD. ",Percepción (Yada)
I_Samuel,22,18,"ויאמר המלך <span class=""mam-kq""><span class=""mam-kq-k"">(לדויג)</span> <span class=""mam-kq-q"">[לדואג]</span></span> סב אתה ופגע בכהנים ויסב <span class=""mam-kq""><span class=""mam-kq-k"">(דויג)</span> <span class=""mam-kq-q"">[דואג]</span></span> האדמי ויפגעהוא בכהנים וימת&thinsp;<b></b> ביום ההוא שמנים וחמשה איש נשא אפוד בד","Thereupon the king said to Doeg, “You, Doeg, go and strike down the priests.” And Doeg the Edomite went and struck down the priests himself; that day, he killed eighty-five of those who wore the linen ephod.kwho wore the linen ephod Septuagint reads “bearers of the ephod”; cf. note at 2.28. ",Ninguno
I_Samuel,22,19,ואת נב עירהכהנים הכה לפיחרב מאיש ועדאשה מעולל ועדיונק ושור וחמור ושה לפיחרב,"He put Nob, the town of the priests, to the sword: men and women, children and infants, oxen, donkeys, and sheep—[all] to the sword.",Ninguno
I_Samuel,22,20,וימלט בןאחד לאחימלך בןאחטוב ושמו אביתר ויברח אחרי דוד,But one son of Ahimelech son of Ahitub escaped—his name was Abiathar—and he fled to David.,Ninguno
I_Samuel,22,21,ויגד אביתר לדוד כי הרג שאול את כהני יהוה,"When Abiathar told David that Saul had killed the priests of GOD, ",Ninguno
I_Samuel,22,22,"ויאמר דוד לאביתר ידעתי ביום ההוא כישם <span class=""mam-kq""><span class=""mam-kq-k"">(דויג)</span> <span class=""mam-kq-q"">[דואג]</span></span> האדמי כיהגד יגיד לשאול אנכי סבתי בכלנפש בית אביך","David said to Abiathar, “I knew that day, when Doeg the Edomite was there, that he would tell Saul. I am to blame for all the deathslam to blame for all the deaths Meaning of Heb. uncertain. in your father’s house. ",Percepción (Yada)
I_Samuel,22,23,"שבה אתי אלתירא כי אשריבקש אתנפשי יבקש אתנפשך כימשמרת אתה עמדי&nbsp;<span class=""mam-spi-samekh"">{ס}</span>&nbsp;&nbsp;&nbsp;&nbsp;&nbsp;&nbsp;&nbsp;&nbsp;",Stay with me; do not be afraid; for whoever seeks your life must seek my life also.mwhoever seeks your life must seek my life also Meaning of Heb. uncertain. It will be my care to guard you.”,Ninguno
I_Samuel,23,1,ויגדו לדוד לאמר הנה פלשתים נלחמים בקעילה והמה שסים אתהגרנות,David was told: “The Philistines are raiding Keilah and plundering the threshing floors.”,Ninguno
I_Samuel,23,2,"וישאל דוד ביהוה לאמר האלך והכיתי בפלשתים האלה&nbsp;<span class=""mam-spi-samekh"">{ס}</span>&nbsp;&nbsp;&nbsp;&nbsp;&nbsp;&nbsp;&nbsp;&nbsp;ויאמר יהוה אלדוד לך והכית בפלשתים והושעת אתקעילה","David consulted GOD, “Shall I go and attack those Philistines?” And GOD said to David, “Go; attack the Philistines and you will save Keilah.” ",Ninguno
I_Samuel,23,3,"ויאמרו אנשי דוד אליו הנה אנחנו פה ביהודה יראים ואף כינלך קעלה אלמערכות פלשתים&nbsp;<span class=""mam-spi-samekh"">{ס}</span>&nbsp;&nbsp;&nbsp;&nbsp;&nbsp;&nbsp;&nbsp;&nbsp;","But David’s men said to him, “Look, we are afraid here in Judah, how much more if we go to Keilah against the forces of the Philistines!” ",Ninguno
I_Samuel,23,4,ויוסף עוד דוד לשאול ביהוה ויענהו יהוה ויאמר קום רד קעילה כיאני נתן אתפלשתים בידך,"So David consulted GOD again, and GOD answered him, “March down at once to Keilah, for I am going to deliver the Philistines into your hands.” ",Ninguno
I_Samuel,23,5,"וילך דוד <span class=""mam-kq-trivial"">ואנשו</span> קעילה וילחם בפלשתים וינהג אתמקניהם ויך בהם מכה גדולה וישע דוד את ישבי קעילה&nbsp;<span class=""mam-spi-samekh"">{ס}</span>&nbsp;&nbsp;&nbsp;&nbsp;&nbsp;&nbsp;&nbsp;&nbsp;",David and his men went to Keilah and fought against the Philistines; he drove off their cattle and inflicted a severe defeat on them. Thus David saved the inhabitants of Keilah.,Ninguno
I_Samuel,23,6,ויהי בברח אביתר בןאחימלך אלדוד קעילה אפוד ירד בידו,"When Abiathar son of Ahimelech fled to David at Keilah, he brought down an ephod with him.ahe brought down an ephod with him Meaning of Heb. uncertain. ",Ninguno
I_Samuel,23,7,ויגד לשאול כיבא דוד קעילה ויאמר שאול נכר אתו אלהים בידי כי נסגר לבוא בעיר דלתים ובריח,"Saul was told that David had come to Keilah, and Saul thought, “God has deliveredbdelivered Meaning of Heb. uncertain. him into my hands, for he has shut himself in by entering a town with gates and bars.” ",Ninguno
I_Samuel,23,8,וישמע שאול אתכלהעם למלחמה לרדת קעילה לצור אלדוד ואלאנשיו,"Saul summoned all the troops for war, to go down to Keilah and besiege David and his men. ",Ninguno
I_Samuel,23,9,"וידע דוד כי עליו שאול מחריש הרעה ויאמר אלאביתר הכהן הגישה האפוד&nbsp;<span class=""mam-spi-samekh"">{ס}</span>&nbsp;&nbsp;&nbsp;&nbsp;&nbsp;&nbsp;&nbsp;&nbsp;","When David learned that Saul was planningcplanning Meaning of Heb. uncertain. to harm him, he told the priest Abiathar to bring the ephod forward. ",Percepción (Yada)
I_Samuel,23,10,ויאמר דוד יהוה אלהי ישראל שמע שמע עבדך כימבקש שאול לבוא אלקעילה לשחת לעיר בעבורי,"And David said, “O ETERNAL God of Israel, Your servant has heard that Saul intends to come to Keilah and destroy the town because of me. ",Ninguno
I_Samuel,23,11,"היסגרני בעלי קעילה בידו הירד שאול כאשר שמע עבדך יהוה אלהי ישראל הגדנא לעבדך&nbsp;<span class=""mam-spi-samekh"">{ס}</span>&nbsp;&nbsp;&nbsp;&nbsp;&nbsp;&nbsp;&nbsp;&nbsp;ויאמר יהוה ירד&nbsp;<span class=""mam-spi-samekh"">{ס}</span>&nbsp;&nbsp;&nbsp;&nbsp;&nbsp;&nbsp;&nbsp;&nbsp;","Will the citizens of Keilah deliver me into his hands? Will Saul come down, as Your servant has heard? O ETERNAL God of Israel, tell Your servant!” And GOD said, “He will.” ",Ninguno
I_Samuel,23,12,"ויאמר דוד היסגרו בעלי קעילה אתי ואתאנשי בידשאול ויאמר יהוה יסגירו&nbsp;<span class=""mam-spi-samekh"">{ס}</span>&nbsp;&nbsp;&nbsp;&nbsp;&nbsp;&nbsp;&nbsp;&nbsp;","David continued, “Will the citizens of Keilah deliver me and my men into Saul’s hands?” And GOD answered, “They will.” ",Ninguno
I_Samuel,23,13,ויקם דוד ואנשיו כששמאות איש ויצאו מקעלה ויתהלכו באשר יתהלכו ולשאול הגד כינמלט דוד מקעילה ויחדל לצאת,"So David and his men, about six hundred in number, left Keilah at once and moved about wherever they could. And when Saul was told that David had got away from Keilah, he did not set out.",Ninguno
I_Samuel,23,14,וישב דוד במדבר במצדות וישב בהר במדברזיף ויבקשהו שאול כלהימים ולאנתנו אלהים בידו,"David was staying in the strongholds of the wilderness [of Judah];din the strongholds of the wilderness [of Judah] Meaning of Heb. uncertain. he stayed in the hill country, in the wilderness of Ziph. Saul searched for him constantly, but God did not deliver him into his hands. ",Ninguno
I_Samuel,23,15,"וירא דוד כייצא שאול לבקש אתנפשו ודוד במדברזיף בחרשה&nbsp;<span class=""mam-spi-samekh"">{ס}</span>&nbsp;&nbsp;&nbsp;&nbsp;&nbsp;&nbsp;&nbsp;&nbsp;","David was once at Horesh in the wilderness of Ziph, when David learned that Saul had come out to seek his life. ",Ninguno
I_Samuel,23,16,ויקם יהונתן בןשאול וילך אלדוד חרשה ויחזק אתידו באלהים,And Saul’s son Jonathan came to David at Horesh and encouraged him in [the name of] God.,Ninguno
I_Samuel,23,17,ויאמר אליו אלתירא כי לא תמצאך יד שאול אבי ואתה תמלך עלישראל ואנכי אהיהלך למשנה וגםשאול אבי ידע כן,"He said to him, “Do not be afraid: the hand of my father Saul will never touch you. You are going to be king over Israel and I shall be second to you; and even my father Saul knows this is so.” ",Percepción (Yada)
I_Samuel,23,18,"ויכרתו שניהם ברית לפני יהוה וישב דוד בחרשה ויהונתן הלך לביתו&nbsp;<span class=""mam-spi-samekh"">{ס}</span>&nbsp;&nbsp;&nbsp;&nbsp;&nbsp;&nbsp;&nbsp;&nbsp;","And the two of them entered into a pact before GOD. David remained in Horesh, and Jonathan went home.",Ninguno
I_Samuel,23,19,ויעלו זפים אלשאול הגבעתה לאמר הלוא דוד מסתתר עמנו במצדות בחרשה בגבעת החכילה אשר מימין הישימון,"eThe meaning of many parts of 23.19ff. is uncertain. The events described in 23.19–24.22 are partly paralleled in chapter 26, with variations. Some Ziphites went up to Saul in Gibeah and said, “David is hiding among us in the strongholds of Horesh, at the hill of Hachilah south of Jeshimon. ",Control/Derecha (Yamin)
I_Samuel,23,20,ועתה לכלאות נפשך המלך לרדת רד ולנו הסגירו ביד המלך,"So if Your Majesty has the desire to come down, come down, and it will be our task to deliver him into Your Majesty’s hands.” ",Ninguno
I_Samuel,23,21,ויאמר שאול ברוכים אתם ליהוה כי חמלתם עלי,"And Saul replied, “May you be blessed of GOD for the compassion you have shown me! ",Ninguno
I_Samuel,23,22,לכונא הכינו עוד ודעו וראו אתמקומו אשר תהיה רגלו מי ראהו שם כי אמר אלי ערום יערם הוא,"Go now and prepare further. Look around and learn what places he sets foot on [and] who has seen him there, for I have been told he is very cunning. ",Ninguno
I_Samuel,23,23,וראו ודעו מכל המחבאים אשר יתחבא שם ושבתם אלי אלנכון והלכתי אתכם והיה אםישנו בארץ וחפשתי אתו בכל אלפי יהודה,"Look around and learn in which of all his hiding places he has been hiding, and return to me when you are certain. I will then go with you, and if he is in the region, I will search him out among all the clans of Judah.”",Ninguno
I_Samuel,23,24,ויקומו וילכו זיפה לפני שאול ודוד ואנשיו במדבר מעון בערבה אל ימין הישימון,"They left at once for Ziph, ahead of Saul; David and his men were then in the wilderness of Maon, in the Arabah, to the south of Jeshimon. ",Control/Derecha (Yamin)
I_Samuel,23,25,וילך שאול ואנשיו לבקש ויגדו לדוד וירד הסלע וישב במדבר מעון וישמע שאול וירדף אחרידוד מדבר מעון,"When Saul and his men came to search, David was told about it; and he went down to the rocky regionfthe rocky region Meaning of Heb. uncertain. and stayed in the wilderness of Maon. On hearing this, Saul pursued David in the wilderness of Maon. ",Ninguno
I_Samuel,23,26,וילך שאול מצד ההר מזה ודוד ואנשיו מצד ההר מזה ויהי דוד נחפז ללכת מפני שאול ושאול ואנשיו עטרים אלדוד ואלאנשיו לתפשם,"Saul was making his way along one side of a hill, and David and his men were on the other side of the hill. David was trying hard to elude Saul, and Saul and his men were trying to encircle David and his men and capture them,gDavid was trying hard … and Saul and his men were trying to … capture them Meaning of Heb. uncertain. ",Ninguno
I_Samuel,23,27,ומלאך בא אלשאול לאמר מהרה ולכה כיפשטו פלשתים עלהארץ,"when a messenger came and told Saul, “Come quickly, for the Philistines have invaded the land.” ",Ninguno
I_Samuel,23,28,וישב שאול מרדף אחרי דוד וילך לקראת פלשתים עלכן קראו למקום ההוא סלע המחלקות,Saul gave up his pursuit of David and went to meet the Philistines. That is why that place came to be called the Rock of Separation.hRock of Separation Meaning of Heb. uncertain. ,Ninguno
I_Samuel,24,1,"ויעל דוד משם וישב במצדות עיןגדי&nbsp;<span class=""mam-spi-samekh"">{ס}</span>&nbsp;&nbsp;&nbsp;&nbsp;&nbsp;&nbsp;&nbsp;&nbsp;",David went from there and stayed in the wildernesses of En-gedi.,Ninguno
I_Samuel,24,2,"ויהי כאשר שב שאול מאחרי פלשתים ויגדו לו לאמר הנה דוד במדבר עין גדי&nbsp;<span class=""mam-spi-samekh"">{ס}</span>&nbsp;&nbsp;&nbsp;&nbsp;&nbsp;&nbsp;&nbsp;&nbsp;","When Saul returned from pursuing the Philistines, he was told that David was in the wilderness of En-gedi. ",Ninguno
I_Samuel,24,3,ויקח שאול שלשת אלפים איש בחור מכלישראל וילך לבקש אתדוד ואנשיו עלפני צורי היעלים,So Saul took three thousand of the best troops from all Israel and went in search of David and his men in the direction of the rocks of the wild goats;ain the direction of the rocks of the wild goats Meaning of Heb. uncertain. ,Ninguno
I_Samuel,24,4,ויבא אלגדרות הצאן עלהדרך ושם מערה ויבא שאול להסך אתרגליו ודוד ואנשיו בירכתי המערה ישבים,"and he came to the sheepfolds along the way. There was a cave there, and Saul went in to relieve himself.bto relieve himself Lit. “to cover his feet.” Now David and his men were sitting in the back of the cave.",Ninguno
I_Samuel,24,5,"ויאמרו אנשי דוד אליו הנה היום אשראמר יהוה אליך הנה אנכי נתן את<span class=""mam-kq""><span class=""mam-kq-q"">[איבך]</span> <span class=""mam-kq-k"">(איביך)</span></span> בידך ועשית לו כאשר יטב בעיניך ויקם דוד ויכרת אתכנףהמעיל אשרלשאול בלט","David’s men said to him, “This is the day of which GOD said to you, ‘I will deliver your enemy into your hands; you can do with him as you please.’” cVv. 5b–6 read well after 8a. David went and stealthily cut off the corner of Saul’s cloak. ",Ninguno
I_Samuel,24,6,ויהי אחריכן ויך לבדוד אתו על אשר כרת אתכנף אשר לשאול,But afterward David reproached himselfdDavid reproached himself Lit. “David’s heart struck him.” for cutting off the corner of Saul’s cloak.ethe corner of Saul’s cloak So several mss. and ancient versions; cf. v. 5. Most mss. and editions read “Saul’s corner.” ,Ninguno
I_Samuel,24,7,ויאמר לאנשיו חלילה לי מיהוה אםאעשה אתהדבר הזה לאדני למשיח יהוה לשלח ידי בו כימשיח יהוה הוא,"He said to his men, “GOD forbid that I should do such a thing to my lord—GOD’s anointed—that I should raise my hand against him; for he is GOD’s anointed.” ",Ninguno
I_Samuel,24,8,"וישסע דוד אתאנשיו בדברים ולא נתנם לקום אלשאול ושאול קם מהמערה וילך בדרך&nbsp;<span class=""mam-spi-samekh"">{ס}</span>&nbsp;&nbsp;&nbsp;&nbsp;&nbsp;&nbsp;&nbsp;&nbsp;",David rebukedfrebuked Meaning of Heb. uncertain. his men and did not permit them to attack Saul.Saul left the cave and started on his way. ,Ninguno
I_Samuel,24,9,"ויקם דוד אחריכן ויצא <span class=""mam-kq""><span class=""mam-kq-k"">(מן המערה)</span> <span class=""mam-kq-q"">[מהמערה]</span></span> ויקרא אחרישאול לאמר אדני המלך ויבט שאול אחריו ויקד דוד אפים ארצה וישתחו&nbsp;<span class=""mam-spi-samekh"">{ס}</span>&nbsp;&nbsp;&nbsp;&nbsp;&nbsp;&nbsp;&nbsp;&nbsp;","Then David also went out of the cave and called after Saul, “My lord king!” Saul looked around and David bowed low in homage, with his face to the ground. ",Ninguno
I_Samuel,24,10,ויאמר דוד לשאול למה תשמע אתדברי אדם לאמר הנה דוד מבקש רעתך,"And David said to Saul, “Why do you listen to the people who say, ‘David is out to do you harm?’ ",Ninguno
I_Samuel,24,11,הנה היום הזה ראו עיניך את אשרנתנך יהוה&thinsp;<small></small>&thinsp;היום&thinsp;<small></small>&thinsp;בידי במערה ואמר להרגך ותחס עליך ואמר לאאשלח ידי באדני כימשיח יהוה הוא,"You can see for yourself now that GOD delivered you into my hands in the cave today. And though I was urgedgI was urged Meaning of Heb. uncertain. to kill you, I showed you pity;hpity Understanding the Heb. as an ellipsis of wattaḥos ʻeni (cf., e.g., Deut. 7.16). for I said, ‘I will not raise a hand against my lord, since he is GOD’s anointed.’ ",Ninguno
I_Samuel,24,12,ואבי ראה גם ראה אתכנף מעילך בידי כי בכרתי אתכנף מעילך ולא הרגתיך דע וראה כי אין בידי רעה ופשע ולאחטאתי לך ואתה צדה אתנפשי לקחתה,"Please, sir,isir Lit. “[my] father,” cf. 2 Kings 5.13. take a close look at the corner of your cloak in my hand; for when I cut off the corner of your cloak, I did not kill you. You must see plainly that I have done nothing evil or rebellious, and I have never wronged you. Yet you are bent on taking my life. ",Ninguno
I_Samuel,24,13,ישפט יהוה ביני ובינך ונקמני יהוה ממך וידי לא תהיהבך,May GOD judge between you and me! And may GOD take vengeance upon you for me; but my hand will never touch you.,Ninguno
I_Samuel,24,14,כאשר יאמר משל הקדמני מרשעים יצא רשע וידי לא תהיהבך,As the ancient proverb has it: ‘Wickedness comes from the wicked!’ My hand will never touch you.,Ninguno
I_Samuel,24,15,אחרי מי יצא מלך ישראל אחרי מי אתה רדף אחרי כלב מת אחרי פרעש אחד,Against whom has the king of Israel come out? Whom are you pursuing? A dead dog? A single flea?,Ninguno
I_Samuel,24,16,"והיה יהוה לדין ושפט ביני ובינך וירא וירב אתריבי וישפטני מידך&nbsp;<span class=""mam-spi-pe"">{פ}</span><br>","May GOD be arbiter and judge between you and me! May [God] take note and uphold my cause, and vindicate me against you.”",Ninguno
I_Samuel,24,17,ויהי&thinsp;<b></b> ככלות דוד לדבר אתהדברים האלה אלשאול ויאמר שאול הקלך זה בני דוד וישא שאול קלו ויבך,"When David finished saying these things to Saul, Saul said, “Is that your voice, my son David?” And Saul broke down and wept. ",Ninguno
I_Samuel,24,18,ויאמר אלדוד צדיק אתה ממני כי אתה גמלתני הטובה ואני גמלתיך הרעה,"He said to David, “You are right, not I; for you have treated me generously, but I have treated you badly. ",Ninguno
I_Samuel,24,19,"<span class=""mam-kq""><span class=""mam-kq-k"">(ואת)</span> <span class=""mam-kq-q"">[ואתה]</span></span> הגדת היום את אשרעשיתה אתי טובה את אשר סגרני יהוה בידך ולא הרגתני","Yes, you have just revealed how generously you treated me, for GOD delivered me into your hands and you did not kill me. ",Ninguno
I_Samuel,24,20,וכיימצא איש אתאיבו ושלחו בדרך טובה ויהוה ישלמך טובה תחת היום הזה אשר עשיתה לי,"If a man meets his enemy, does he let him go his way unharmed? Surely, GOD will reward you generously for what you have done for me this day.jwhat you have done for me this day Meaning of Heb. uncertain. Emendation yields “the generosity you have shown me.” ",Ninguno
I_Samuel,24,21,ועתה הנה ידעתי כי מלך תמלוך וקמה בידך ממלכת ישראל,"I know now that you will become king, and that the kingship over Israel will remain in your hands. ",Percepción (Yada)
I_Samuel,24,22,ועתה השבעה לי ביהוה אםתכרית אתזרעי אחרי ואםתשמיד אתשמי מבית אבי,So swear to me by GOD that you will not destroy my descendants or wipe out my name from my father’s house.”,Ninguno
I_Samuel,24,23,"וישבע דוד לשאול וילך שאול אלביתו ודוד ואנשיו עלו עלהמצודה&nbsp;<span class=""mam-spi-samekh"">{ס}</span>&nbsp;&nbsp;&nbsp;&nbsp;&nbsp;&nbsp;&nbsp;&nbsp;","David swore to Saul, Saul went home, and David and his men went up to the strongholds.",Ninguno
I_Samuel,25,1,"וימת שמואל ויקבצו כלישראל ויספדולו ויקברהו בביתו ברמה ויקם דוד וירד אלמדבר פארן&nbsp;<span class=""mam-spi-pe"">{פ}</span><br>","Samuel died, and all Israel gathered and made lament for him; and they buried him in Ramah, his home.David went down to the wilderness of Paran.aParan Septuagint reads “Maon,” cf. v. 2 and 23.24, 25. ",Ninguno
I_Samuel,25,2,ואיש במעון ומעשהו בכרמל והאיש גדול מאד ולו צאן שלשתאלפים ואלף עזים ויהי בגזז אתצאנו בכרמל,"There was a man in Maon whose possessions were in Carmel. The man was very wealthy; he owned three thousand sheep and a thousand goats. At the time, he was shearing his sheep in Carmel. ",Ninguno
I_Samuel,25,3,"ושם האיש נבל ושם אשתו אבגיל והאשה טובתשכל ויפת תאר והאיש קשה ורע מעללים והוא <span class=""mam-kq""><span class=""mam-kq-k"">(כלבו)</span> <span class=""mam-kq-q"">[כלבי]</span></span>","The man’s name was Nabal, and his wife’s name was Abigail. The woman was intelligent and beautiful, but the man, a Calebite, was harsh and an evildoer. ",Ninguno
I_Samuel,25,4,וישמע דוד במדבר כיגזז נבל אתצאנו,David was in the wilderness when he heard that Nabal was shearing his sheep.,Ninguno
I_Samuel,25,5,וישלח דוד עשרה נערים ויאמר דוד לנערים עלו כרמלה ובאתם אלנבל ושאלתםלו בשמי לשלום,"David dispatched ten young men, and David instructed the young men, “Go up to Carmel. When you come to Nabal, greet him in my name. ",Ninguno
I_Samuel,25,6,ואמרתם כה לחי ואתה שלום וביתך שלום וכל אשרלך שלום,Say as follows: ‘To life!bTo life! Meaning of Heb. uncertain. Greetings to you and to your household and to all that is yours! ,Ninguno
I_Samuel,25,7,ועתה שמעתי כי גזזים לך עתה הרעים אשרלך היו עמנו לא הכלמנום ולאנפקד להם מאומה כלימי היותם בכרמל,"I hear that you are now doing your shearing. As you know, your shepherds have been with us; we did not harm them, and nothing of theirs was missing all the time they were in Carmel. ",Ninguno
I_Samuel,25,8,שאל אתנעריך ויגידו לך וימצאו הנערים חן בעיניך כיעליום טוב בנו תנהנא את אשר תמצא ידך לעבדיך ולבנך לדוד,"Ask your young men and they will tell you. So receive these young men graciously, for we have come on a festive occasion. Please give your servants and your son David whatever you can.’”",Ninguno
I_Samuel,25,9,ויבאו נערי דוד וידברו אלנבל ככלהדברים האלה בשם דוד וינוחו,"David’s young men went and delivered this message to Nabal in the name of David. When they stopped speaking, ",Ninguno
I_Samuel,25,10,ויען נבל אתעבדי דוד ויאמר מי דוד ומי בןישי היום רבו עבדים המתפרצים איש מפני אדניו,"Nabal answered David’s servants, “Who is David? Who is the son of Jesse? There are many slaves nowadays who run away from their masters. ",Ninguno
I_Samuel,25,11,ולקחתי אתלחמי ואתמימי ואת טבחתי אשר טבחתי לגזזי ונתתי לאנשים אשר לא ידעתי אי מזה המה,"Should I then take my bread and my water,cwater Septuagint reads “wine,” and cf. v. 18. and the meat that I slaughtered for my own shearers, and give them to men who come from I don’t know where?” ",Percepción (Yada)
I_Samuel,25,12,ויהפכו נערידוד לדרכם וישבו ויבאו ויגדו לו ככל הדברים האלה,"Thereupon David’s young men retraced their steps; and when they got back, they told him all this. ",Ninguno
I_Samuel,25,13,ויאמר דוד לאנשיו חגרו&thinsp;<b></b> איש אתחרבו ויחגרו איש אתחרבו ויחגר גםדוד אתחרבו ויעלו&thinsp;<b></b> אחרי דוד כארבע מאות איש ומאתים ישבו עלהכלים,"And David said to his men, “Gird on your swords.” Each girded on his sword; David too girded on his sword. About four hundred of them went up after David, while two hundred remained with the baggage.",Ninguno
I_Samuel,25,14,ולאביגיל אשת נבל הגיד נעראחד מהנערים לאמר הנה שלח דוד מלאכים&thinsp;<small></small>&thinsp;מהמדבר לברך אתאדנינו ויעט בהם,"One of [Nabal’s] young men told Abigail, Nabal’s wife, that David had sent messengers from the wilderness to greet their master, and that he had spurneddspurned Meaning of Heb. uncertain. them. ",Ninguno
I_Samuel,25,15,והאנשים טבים לנו מאד ולא הכלמנו ולאפקדנו מאומה כלימי התהלכנו אתם בהיותנו בשדה,"“But those involved had been very friendly to us; we were not harmed, nor did we miss anything all the time that we went about with them while we were in the open. ",Ninguno
I_Samuel,25,16,חומה היו עלינו גםלילה גםיומם כלימי היותנו עמם רעים הצאן,They were a wall about us both by night and by day all the time that we were with them tending the flocks.,Ninguno
I_Samuel,25,17,ועתה דעי וראי מהתעשי כיכלתה הרעה אלאדנינו ועל כלביתו והוא בןבליעל מדבר אליו,"So consider carefully what you should do, for harm threatens our master and all his household; he is such a nasty fellow that no one can speak to him.”",Ninguno
I_Samuel,25,18,"ותמהר <span class=""mam-kq""><span class=""mam-kq-k"">(אבוגיל)</span> <span class=""mam-kq-q"">[אביגיל]</span></span> ותקח מאתים לחם ושנים נבלייין וחמש צאן <span class=""mam-kq""><span class=""mam-kq-k"">(עשוות)</span> <span class=""mam-kq-q"">[עשויות]</span></span> וחמש סאים קלי ומאה צמקים ומאתים דבלים ותשם עלהחמרים","Abigail quickly got together two hundred loaves of bread, two jars of wine, five dressed sheep, five seahs of parched corn, one hundred cakes of raisin, and two hundred cakes of pressed figs. She loaded them on donkeys, ",Ninguno
I_Samuel,25,19,ותאמר לנעריה עברו לפני הנני אחריכם באה ולאישה נבל לא הגידה,"and she told her young men, “Go on ahead of me, and I’ll follow you”; but she did not tell her husband Nabal. ",Ninguno
I_Samuel,25,20,והיה היא&thinsp;<b></b> רכבת עלהחמור וירדת בסתר ההר והנה דוד ואנשיו ירדים לקראתה ותפגש אתם,"She was riding on the donkey and going down a trailetrail Meaning of Heb. uncertain. on the hill, when David and his men appeared, coming down toward her; and she met them.— ",Ninguno
I_Samuel,25,21,ודוד אמר אך לשקר שמרתי אתכלאשר לזה במדבר ולאנפקד מכלאשרלו מאומה וישבלי רעה תחת טובה,"Now David had been saying, “It was all for nothing that I protected that fellow’s possessions in the wilderness, and that nothing he owned is missing. He has paid me back evil for good. ",Ninguno
I_Samuel,25,22,כהיעשה אלהים לאיבי דוד וכה יסיף אםאשאיר מכלאשרלו עדהבקר משתין בקיר,"May God do thus and more to the enemies offthe enemies of The phrase is intended to avoid the imprecation of David against himself; it is lacking in the Septuagint. David if, by the light of morning, I leave a single malega single male Lit. “one who pees against a wall.” of his.”— ",Ninguno
I_Samuel,25,23,ותרא אביגיל אתדוד ותמהר ותרד מעל החמור ותפל לאפי דוד עלפניה ותשתחו ארץ,"When Abigail saw David, she quickly dismounted from the donkey and threw herself face down beforehbefore Meaning of Heb. uncertain. David, bowing to the ground. ",Ninguno
I_Samuel,25,24,ותפל עלרגליו ותאמר ביאני אדני העון ותדברנא אמתך באזניך ושמע את דברי אמתך,"Prostrate at his feet, she pleaded, “Let the blame be mine, my lord, but let your handmaid speak to you; hear your maid’s plea. ",Ninguno
I_Samuel,25,25,אלנא ישים אדני&thinsp;<small></small>&thinsp;אתלבו אלאיש הבליעל הזה עלנבל כי כשמו כןהוא נבל שמו ונבלה עמו ואני אמתך לא ראיתי אתנערי אדני אשר שלחת,"Please, my lord, pay no attention to that wretched man—to Nabal. For he is just what his name says: His name means ‘boor’ and he is a boor.“Your handmaid did not see the young men whom my lord sent. ",Ninguno
I_Samuel,25,26,ועתה אדני חייהוה וחינפשך אשר מנעך יהוה מבוא בדמים והושע ידך לך ועתה יהיו כנבל איביך והמבקשים אלאדני רעה,"I swear, my lord, as GOD lives and as you live—GOD who has kept you from seeking redress by blood with your own hands—let your enemies and all who would harm my lord fare like Nabal! ",Ninguno
I_Samuel,25,27,ועתה הברכה הזאת אשרהביא שפחתך לאדני ונתנה לנערים המתהלכים ברגלי אדני,Here is the present that your maidservant has brought to my lord; let it be given to the young men who are the followers of my lord.,Ninguno
I_Samuel,25,28,שא נא לפשע אמתך כי עשהיעשה יהוה לאדני בית נאמן כימלחמות יהוה אדני נלחם ורעה לאתמצא בך מימיך,"Please pardon your maid’s boldness. For GOD will grant my lord an enduring house, because my lord is fighting GOD’s battles and no wrong is ever to be found in you. ",Ninguno
I_Samuel,25,29,ויקם אדם לרדפך ולבקש אתנפשך והיתה נפש אדני צרורה&thinsp;<b></b> בצרור החיים את יהוה אלהיך ואת נפש איביך יקלענה בתוך כף הקלע,"And if anyone sets out to pursue you and seek your life, the life of my lord will be bound up in the bundle of life in the care of GOD—who will fling away the lives of your enemies as from the hollow of a sling. ",Ninguno
I_Samuel,25,30,והיה כייעשה יהוה לאדני ככל אשרדבר אתהטובה עליך וצוך לנגיד עלישראל,"And when GOD has accomplished for my lord all the good promised to you, and has appointed you ruler of Israel, ",Ninguno
I_Samuel,25,31,"ולא תהיה זאת&thinsp;<small></small>&thinsp;לך לפוקה ולמכשול לב לאדני ולשפךדם חנם ולהושיע אדני לו והיטב יהוה לאדני וזכרת אתאמתך&nbsp;<span class=""mam-spi-samekh"">{ס}</span>&nbsp;&nbsp;&nbsp;&nbsp;&nbsp;&nbsp;&nbsp;&nbsp;","do not let this be a cause of stumbling and of faltering courage to my lord that you have shed blood needlessly and that my lord sought redress with his own hands. And when GOD has made my lord prosper, remember your maid.”",Ninguno
I_Samuel,25,32,ויאמר דוד לאביגל ברוך יהוה אלהי ישראל אשר שלחך היום הזה לקראתי,"David said to Abigail, “Praised be GOD, the God of Israel, who sent you this day to meet me! ",Ninguno
I_Samuel,25,33,וברוך טעמך וברוכה את אשר כלתני היום הזה מבוא בדמים והשע ידי לי,"And blessed be your prudence, and blessed be you yourself for restraining me from seeking redress in blood by my own hands. ",Ninguno
I_Samuel,25,34,"ואולם חייהוה אלהי ישראל אשר מנעני מהרע אתך כי&thinsp;<b></b> לולי מהרת <span class=""mam-kq""><span class=""mam-kq-k"">(ותבאתי)</span> <span class=""mam-kq-q"">[ותבאת]</span></span> לקראתי כי אםנותר לנבל עדאור הבקר משתין בקיר","For as sure as GOD, the God of Israel, lives—who has kept me from harming you—had you not come quickly to meet me, not a single maleia single male Lit. “one who pees against a wall.” of Nabal’s line would have been left by daybreak.” ",Ninguno
I_Samuel,25,35,ויקח דוד מידה את אשרהביאה לו ולה אמר עלי לשלום לביתך ראי שמעתי בקולך ואשא פניך,"David then accepted from her what she had brought him, and he said to her, “Go up to your home safely. See, I have heeded your plea and respected your wish.”",Ninguno
I_Samuel,25,36,ותבא אביגיל&thinsp;<small></small>&thinsp;אלנבל והנהלו משתה בביתו כמשתה המלך ולב נבל טוב עליו והוא שכר עדמאד ולאהגידה לו דבר קטן וגדול עדאור הבקר,"When Abigail came home to Nabal, he was having a feast in his house, a feast fit for a king; Nabal was in a merry mood and very drunk, so she did not tell him anything at all until daybreak. ",Ninguno
I_Samuel,25,37,ויהי בבקר בצאת היין מנבל ותגדלו אשתו אתהדברים האלה וימת לבו בקרבו והוא היה לאבן,"The next morning, when Nabal had slept off the wine, his wife told him everything that had happened; and his courage died within him, and he became like a stone. ",Ninguno
I_Samuel,25,38,ויהי כעשרת הימים ויגף יהוה אתנבל וימת,About ten days later GOD struck Nabal and he died.,Ninguno
I_Samuel,25,39,וישמע דוד כי מת נבל ויאמר ברוך יהוה אשר רב אתריב חרפתי מיד נבל ואתעבדו חשך מרעה ואת רעת נבל השיב יהוה בראשו וישלח דוד וידבר באביגיל לקחתה לו לאשה,"When David heard that Nabal was dead, he said, “Praised be GOD who championed my cause against the insults of Nabal and held mejme Lit. “His servant.” back from wrongdoing; GOD has brought Nabal’s wrongdoing down on his own head.”David sent messengers to propose marriage tokto propose marriage to Lit. “and spoke for”; cf. Song 8.8. Abigail, to take her as his wife. ",Ninguno
I_Samuel,25,40,ויבאו עבדי דוד אלאביגיל הכרמלה וידברו אליה לאמר דוד שלחנו אליך לקחתך לו לאשה,"When David’s servants came to Abigail at Carmel and told her that David had sent them to her to make her his wife, ",Ninguno
I_Samuel,25,41,ותקם ותשתחו אפים ארצה ותאמר הנה אמתך לשפחה לרחץ רגלי עבדי אדני,"she immediately bowed low with her face to the ground and said, “Your handmaid is ready to be your maidservant, to wash the feet of my lord’s servants.” ",Ninguno
I_Samuel,25,42,ותמהר ותקם אביגיל ותרכב עלהחמור וחמש נערתיה ההלכות לרגלה ותלך אחרי מלאכי דוד ותהילו לאשה,"Then Abigail rose quickly and mounted a donkey, and with five of her maids in attendance she followed David’s messengers; and she became his wife.",Ninguno
I_Samuel,25,43,"ואתאחינעם לקח דוד מיזרעאל ותהיין גםשתיהן לו לנשים&nbsp;<span class=""mam-spi-samekh"">{ס}</span>&nbsp;&nbsp;&nbsp;&nbsp;&nbsp;&nbsp;&nbsp;&nbsp;",Now David had taken Ahinoam of Jezreel; so both of them became his wives.,Ninguno
I_Samuel,25,44,ושאול נתן אתמיכל בתו אשת דוד לפלטי בןליש אשר מגלים,"Saul had given his daughter Michal, David’s wife, to Palti son of Laish from Gallim.",Ninguno
I_Samuel,26,1,ויבאו הזפים אלשאול הגבעתה לאמר הלוא דוד מסתתר בגבעת החכילה על פני הישימן,"aCf. 23.19 and note. The Ziphites came to Saul at Gibeah and said, “David is hiding in the hill of Hachilah facing Jeshimon.” ",Ninguno
I_Samuel,26,2,ויקם שאול וירד אלמדברזיף ואתו שלשתאלפים איש בחורי ישראל לבקש אתדוד במדברזיף,"Saul went down at once to the wilderness of Ziph, together with three thousand of Israel’s best troops, to search for David in the wilderness of Ziph, ",Ninguno
I_Samuel,26,3,ויחן שאול בגבעת החכילה אשר עלפני הישימן עלהדרך ודוד ישב במדבר וירא כי בא שאול אחריו המדברה,"and Saul encamped on the hill of Hachilah that faces Jeshimon, by the road. When David, who was then living in the wilderness, learned that Saul had come after him into the wilderness, ",Ninguno
I_Samuel,26,4,וישלח דוד מרגלים וידע כיבא שאול אלנכון,David sent out scouts and made sure that Saul had come.,Percepción (Yada)
I_Samuel,26,5,"ויקם דוד ויבא אלהמקום אשר חנהשם שאול וירא דוד אתהמקום אשר שכבשם שאול ואבנר בןנר שרצבאו ושאול שכב במעגל והעם חנים <span class=""mam-kq-trivial"">סביבתו</span>","David went at once to the place where Saul had encamped, and David saw the spot where Saul and his army commander, Abner son of Ner, lay asleep. Saul lay asleep inside the barricadebbarricade Meaning of Heb. uncertain; cf. 17.20. and the troops were posted around him.",Ninguno
I_Samuel,26,6,ויען דוד ויאמר&thinsp;<b></b> אלאחימלך החתי ואלאבישי בןצרויה אחי יואב לאמר מיירד אתי אלשאול אלהמחנה ויאמר אבישי אני ארד עמך,"David spoke up and asked Ahimelech the Hittite and Abishai son of Zeruiah, Joab’s brother, “Who will go down with me into the camp to Saul?” And Abishai answered, “I will go down with you.” ",Ninguno
I_Samuel,26,7,"ויבא דוד ואבישי&thinsp;<small></small>&thinsp;אלהעם לילה והנה שאול שכב ישן במעגל וחניתו מעוכהבארץ <span class=""mam-kq-trivial"">מראשתו</span> ואבנר והעם שכבים <span class=""mam-kq-trivial"">סביבתו</span>&nbsp;<span class=""mam-spi-samekh"">{ס}</span>&nbsp;&nbsp;&nbsp;&nbsp;&nbsp;&nbsp;&nbsp;&nbsp;","So David and Abishai approached the troops by night, and found Saul fast asleep inside the barricade,cbarricade See note at v. 5. his spear stuck in the ground at his head, and Abner and the troops sleeping around him. ",Ninguno
I_Samuel,26,8,ויאמר אבישי אלדוד סגר אלהים היום אתאויבך בידך ועתה אכנו נא בחנית ובארץ פעם אחת ולא אשנה לו,"And Abishai said to David, “God has delivered your enemy into your hands today. Let me pin him to the ground with a single thrust of the spear. I will not have to strike him twice.” ",Ninguno
I_Samuel,26,9,"ויאמר דוד אלאבישי אלתשחיתהו כי מי שלח ידו במשיח יהוה ונקה&nbsp;<span class=""mam-spi-pe"">{פ}</span><br>","But David said to Abishai, “Don’t do him violence! No one can lay hands on GOD’s anointed with impunity.” ",Ninguno
I_Samuel,26,10,ויאמר דוד חייהוה כי אםיהוה יגפנו אויומו יבוא ומת או במלחמה ירד ונספה,"And David went on, “As GOD lives, GOD will strike him down directly, or his time will come and he will die, or he will go down to battle and perish. ",Ninguno
I_Samuel,26,11,"חלילה לי מיהוה משלח ידי במשיח יהוה ועתה קחנא אתהחנית אשר <span class=""mam-kq-trivial"">מראשתו</span> ואתצפחת המים ונלכהלנו",But GOD forbid that I should lay a hand on GOD’s anointed! Just take the spear and the water jar at his head and let’s be off.”,Ninguno
I_Samuel,26,12,ויקח דוד אתהחנית ואתצפחת המים מראשתי שאול וילכו להם ואין ראה ואין יודע ואין מקיץ כי כלם ישנים כי תרדמת יהוה נפלה עליהם,"So David took away the spear and the water jar at Saul’s head, and they left. No one saw or knew or woke up; all remained asleep; a deep sleep from GOD had fallen upon them.",Ninguno
I_Samuel,26,13,ויעבר דוד העבר ויעמד עלראשההר מרחק רב המקום ביניהם,David crossed over to the other side and stood afar on top of a hill; there was considerable distance between them.,Ninguno
I_Samuel,26,14,"ויקרא דוד אלהעם ואלאבנר בןנר לאמר הלוא תענה אבנר ויען אבנר ויאמר מי אתה קראת אלהמלך&nbsp;<span class=""mam-spi-pe"">{פ}</span><br>","And David shouted to the troops and to Abner son of Ner, “Abner, aren’t you going to answer?” And Abner shouted back, “Who are you to shout at the king?” ",Ninguno
I_Samuel,26,15,ויאמר דוד אלאבנר הלואאיש אתה ומי כמוך בישראל ולמה לא שמרת אלאדניך המלך כיבא אחד העם להשחית אתהמלך אדניך,"And David answered Abner, “You are a man, aren’t you?dYou are a man, aren’t you? Or “Aren’t you the one [I hailed]?” And there is no one like you in Israel! So why didn’t you keep watch over your lord the king? For one of [our] troops came to do violence to your lord the king. ",Ninguno
I_Samuel,26,16,"לאטוב הדבר הזה אשר עשית חייהוה כי בנימות אתם אשר לאשמרתם עלאדניכם עלמשיח יהוה ועתה&thinsp;<b></b> ראה איחנית המלך ואתצפחת המים אשר <span class=""mam-kq-trivial"">מראשתו</span>","You have not given a good account of yourself! As GOD lives, you all deserve to die, because you did not keep watch over your lord, GOD’s anointed. Look around, where are the king’s spear and the water jar that were at his head?”",Ninguno
I_Samuel,26,17,ויכר שאול אתקול דוד ויאמר הקולך זה בני דוד ויאמר דוד קולי אדני המלך,"Saul recognized David’s voice, and he asked, “Is that your voice, my son David?” And David replied, “It is, my lord king.” ",Ninguno
I_Samuel,26,18,ויאמר למה זה אדני רדף אחרי עבדו כי מה עשיתי ומהבידי רעה,"And he went on, “But why does my lord continue to pursue his servant? What have I done, and what wrong am I guilty of? ",Ninguno
I_Samuel,26,19,ועתה ישמענא אדני המלך את דברי עבדו אםיהוה הסיתך בי ירח מנחה ואם&thinsp;<b></b> בני האדם ארורים הם לפני יהוה כיגרשוני היום מהסתפח בנחלת יהוה לאמר לך עבד אלהים אחרים,"Now let my lord the king hear his servant out. If GOD has incited you against me, let an offering provide appeasement;eappeasement Cf. Amos 5.21. but if it was other people, may they be accursed of GOD! For they have driven me out today, so that I cannot have a share in GOD’s possession, but am told, ‘Go and worship other gods.’ ",Ninguno
I_Samuel,26,20,ועתה אליפל דמי ארצה מנגד פני יהוה כייצא מלך ישראל לבקש אתפרעש אחד כאשר ירדף הקרא בהרים,"Oh, let my blood not fall to the ground, away from GOD’s presence! For the king of Israel has come out to seek a single flea—as if he were hunting a partridge in the hills.”",Ninguno
I_Samuel,26,21,ויאמר שאול חטאתי שוב בנידוד כי לאארע לך עוד תחת אשר יקרה נפשי בעיניך היום הזה הנה הסכלתי ואשגה הרבה מאד,"And Saul answered, “I am in the wrong. Come back, my son David, for I will never harm you again, seeing how you have held my life precious this day. Yes, I have been a fool, and I have erred so very much.” ",Ninguno
I_Samuel,26,22,"ויען דוד ויאמר הנה <span class=""mam-kq""><span class=""mam-kq-k"">(החנית)</span> <span class=""mam-kq-q"">[חנית]</span></span> המלך ויעבר אחד מהנערים ויקחה","David replied, “Here is Your Majesty’s spear. Let one of the young men come over and get it. ",Ninguno
I_Samuel,26,23,ויהוה ישיב לאיש אתצדקתו ואתאמנתו אשר נתנך יהוה&thinsp;<small></small>&thinsp;היום ביד ולא אביתי לשלח ידי במשיח יהוה,"And GOD will requite everyone for their right conduct and loyalty—for this day GOD delivered you into myfmy So many mss.; other mss. and editions omit. hands andgGOD will requite … into my hands and Or “may GOD requite, for his right conduct and loyalty, the man into whose hands GOD delivered you this day—for”; cf. Abravanel. I would not raise a hand against GOD’s anointed. ",Ninguno
I_Samuel,26,24,"והנה כאשר גדלה נפשך היום הזה בעיני כן תגדל נפשי בעיני יהוה ויצלני מכלצרה&nbsp;<span class=""mam-spi-pe"">{פ}</span><br>","And just as I valued your life highly this day, so may GOD value my life and rescue me from all trouble.” ",Ninguno
I_Samuel,26,25,"ויאמר שאול אלדוד ברוך אתה בני דוד גם עשה תעשה וגם יכל תוכל וילך דוד לדרכו ושאול שב למקומו&nbsp;<span class=""mam-spi-pe"">{פ}</span><br>","Saul answered David, “May you be blessed, my son David. You shall achieve, and you shall prevail.”David then went his way, and Saul returned home.",Ninguno
I_Samuel,27,1,ויאמר דוד אללבו עתה אספה יוםאחד בידשאול איןלי טוב כי המלט אמלט&thinsp;<b></b> אלארץ פלשתים ונואש ממני שאול לבקשני עוד בכלגבול ישראל ונמלטתי מידו,"David said to himself, “Someday I shall certainly perish at the hands of Saul. The best thing for me is to flee to the land of the Philistines; Saul will then give up hunting me throughout the territory of Israel, and I will escape him.” ",Ninguno
I_Samuel,27,2,ויקם דוד ויעבר הוא וששמאות איש אשר עמו אלאכיש בןמעוך מלך גת,So David and the six hundred men with him went and crossed over to King Achish son of Maoch of Gath.,Ninguno
I_Samuel,27,3,וישב דוד עםאכיש בגת הוא ואנשיו איש וביתו דוד ושתי נשיו אחינעם היזרעאלת ואביגיל אשתנבל הכרמלית,"David and his men stayed with Achish in Gath, each with his family—David with his two wives, Ahinoam the Jezreelite and Abigail wife of Nabal the Carmelite. ",Ninguno
I_Samuel,27,4,"ויגד לשאול כיברח דוד גת ולא<span class=""mam-kq""><span class=""mam-kq-q"">[יסף]</span> <span class=""mam-kq-k"">(יוסף)</span></span> עוד לבקשו&nbsp;<span class=""mam-spi-samekh"">{ס}</span>&nbsp;&nbsp;&nbsp;&nbsp;&nbsp;&nbsp;&nbsp;&nbsp;","And when Saul was told that David had fled to Gath, he did not pursue him anymore.",Ninguno
I_Samuel,27,5,ויאמר דוד אלאכיש אםנא מצאתי חן בעיניך יתנולי מקום באחת ערי השדה ואשבה שם ולמה ישב עבדך בעיר הממלכה עמך,"David said to Achish, “If you please, let a place be granted me in one of the country towns where I can live; why should your servant remain with you in the royal city?” ",Ninguno
I_Samuel,27,6,"ויתןלו אכיש ביום ההוא אתצקלג לכן היתה צקלג למלכי יהודה עד היום הזה&nbsp;<span class=""mam-spi-pe"">{פ}</span><br>","At that time Achish granted him Ziklag; that is how Ziklag came to belong to the kings of Judah, as is still the case. ",Ninguno
I_Samuel,27,7,ויהי מספר הימים אשרישב דוד בשדה פלשתים ימים וארבעה חדשים,The length of time that David lived in Philistine territory was a year and four months.,Ninguno
I_Samuel,27,8,"ויעל דוד ואנשיו ויפשטו אלהגשורי <span class=""mam-kq""><span class=""mam-kq-k"">(והגרזי)</span> <span class=""mam-kq-q"">[והגזרי]</span></span> והעמלקי כי הנה ישבות הארץ אשר מעולם בואך שורה ועדארץ מצרים","David and his men went up and raided the Geshurites, the Gizrites, and the Amalekites—who were the inhabitants of the region of Olam,aOlam Septuagint reads “Telam” (cf. “Telaim” in 15.4; and “Telem” in Josh. 15.24). all the way to Shur and to the land of Egypt.— ",Ninguno
I_Samuel,27,9,והכה דוד אתהארץ ולא יחיה איש ואשה ולקח צאן ובקר וחמרים וגמלים ובגדים וישב ויבא אלאכיש,"When David attacked a region, he would leave no man or woman alive; he would take flocks, herds, donkeys, camels, and clothing. When he returned and camebcame Change of vocalization yields “brought it”; cf. v. 11. to Achish, ",Ninguno
I_Samuel,27,10,ויאמר אכיש אלפשטתם היום ויאמר דוד עלנגב יהודה ועלנגב הירחמאלי ואלנגב הקיני,"Achish would ask, “WherecWhere So some mss. and Targum; Septuagint and 4QSamᵃ read “Whom.” did you raid today?” and David would reply, “The NegebdNegeb I.e., the part of the Negeb occupied by these clans. of Judah,” or “the Negeb of the Jerahmeelites,” or “the Negeb of the Kenites.” ",Ninguno
I_Samuel,27,11,ואיש ואשה לאיחיה דוד להביא גת לאמר פןיגדו עלינו לאמר כהעשה דוד וכה משפטו כלהימים אשר ישב בשדה פלשתים,"David would leave no man or woman alive to be brought to Gath; for he thought, “They might tell about us: David did this.” Such was his practice as long as he stayed in the territory of the Philistines. ",Ninguno
I_Samuel,27,12,"ויאמן אכיש בדוד לאמר הבאש הבאיש בעמו בישראל והיה לי לעבד עולם&nbsp;<span class=""mam-spi-pe"">{פ}</span><br>","Achish trusted David. He thought: “He has aroused the wrath ofeHe has aroused the wrath of Cf. note at 13.4. his own people Israel, and so he will be my vassal forever.”",Ninguno
I_Samuel,28,1,ויהי בימים ההם ויקבצו פלשתים אתמחניהם לצבא להלחם בישראל ויאמר אכיש אלדוד ידע תדע כי אתי תצא במחנה אתה ואנשיך,"At that time the Philistines mustered their forces for war, to take the field against Israel. Achish said to David, “You know, of course, that you and your men must march out with my forces.” ",Percepción (Yada)
I_Samuel,28,2,"ויאמר דוד אלאכיש לכן אתה תדע את אשריעשה עבדך ויאמר אכיש אלדוד לכן שמר לראשי אשימך כלהימים&nbsp;<span class=""mam-spi-pe"">{פ}</span><br>","David answered Achish, “You surely know what your servant will do.” “In that case,” Achish replied to David, “I will appoint you my bodyguard for life.”",Ninguno
I_Samuel,28,3,ושמואל מת ויספדולו כלישראל ויקברהו ברמה ובעירו ושאול הסיר האבות ואתהידענים מהארץ,aThe rest of this chapter would read well after chapters 29 and 30. Now Samuel had died and all Israel made lament for him; and he was buried in his own town of Ramah. And Saul had forbidden [recourse to] ghosts and familiar spirits in the land.,Percepción (Yada)
I_Samuel,28,4,ויקבצו פלשתים ויבאו ויחנו בשונם ויקבץ שאול אתכלישראל ויחנו בגלבע,"The Philistines mustered and they marched to Shunem and encamped; and Saul gathered all Israel, and they encamped at Gilboa. ",Ninguno
I_Samuel,28,5,וירא שאול אתמחנה פלשתים וירא ויחרד לבו מאד,"When Saul saw the Philistine force, his heart trembled with fear. ",Ninguno
I_Samuel,28,6,וישאל שאול ביהוה ולא ענהו יהוה גם בחלמות גם באורים גם בנביאם,"And Saul inquired of GOD, but GOD did not answer him, either by dreams or by UrimbUrim A kind of oracle; see note at Exod. 28.30 and 1 Sam. 14.41. or by prophets. ",Ninguno
I_Samuel,28,7,ויאמר שאול לעבדיו בקשולי אשת בעלתאוב ואלכה אליה ואדרשהבה ויאמרו עבדיו אליו הנה אשת בעלתאוב בעין דור,"Then Saul said to his courtiers, “Find me a woman who consults ghosts, so that I can go to her and inquire through her.” And his courtiers told him that there was a woman in En-dor who consulted ghosts.",Ninguno
I_Samuel,28,8,"ויתחפש שאול וילבש בגדים אחרים וילך הוא ושני אנשים עמו ויבאו אלהאשה לילה ויאמר <span class=""mam-kq""><span class=""mam-kq-k"">(קסומי)</span> <span class=""mam-kq-q"">[קסמי]</span></span>נא לי באוב והעלי לי את אשראמר אליך","Saul disguised himself; he put on different clothes and set out with two men. They came to the woman by night, and he said, “Please divine for me by a ghost. Bring up for me the one I shall name to you.” ",Ninguno
I_Samuel,28,9,ותאמר האשה אליו הנה אתה ידעת את אשרעשה שאול אשר הכרית אתהאבות ואתהידעני מןהארץ ולמה אתה מתנקש בנפשי להמיתני,"But the woman answered him, “You know what Saul has done, how he has banned [the use of] ghosts and familiar spirits in the land. So why are you laying a trap for me, to get me killed?” ",Percepción (Yada)
I_Samuel,28,10,וישבע לה שאול ביהוה לאמר חייהוה אםיקרך עון בדבר הזה,"Saul swore to her by GOD: “As GOD lives, you won’t get into trouble over this.” ",Ninguno
I_Samuel,28,11,ותאמר האשה אתמי אעלהלך ויאמר אתשמואל העלילי,"At that, the woman asked, “Whom shall I bring up for you?” He answered, “Bring up Samuel for me.” ",Ninguno
I_Samuel,28,12,ותרא האשה אתשמואל ותזעק בקול גדול ותאמר האשה אלשאול&thinsp;<small></small>&thinsp;לאמר למה רמיתני ואתה שאול,"Then the woman recognized Samuel,cSamuel Some Septuagint mss. read “Saul.” and she shrieked loudly, and said to Saul, “Why have you deceived me? You are Saul!” ",Ninguno
I_Samuel,28,13,ויאמר לה המלך אלתיראי כי מה ראית ותאמר האשה אלשאול אלהים ראיתי עלים מןהארץ,"The king answered her, “Don’t be afraid. What do you see?” And the woman said to Saul, “I see a divine being coming up from the earth.” ",Ninguno
I_Samuel,28,14,"ויאמר לה מהתארו ותאמר איש זקן עלה והוא עטה מעיל וידע שאול כישמואל הוא ויקד אפים ארצה וישתחו&nbsp;<span class=""mam-spi-samekh"">{ס}</span>&nbsp;&nbsp;&nbsp;&nbsp;&nbsp;&nbsp;&nbsp;&nbsp;","“What does he look like?” he asked her. “It is an old man coming up,” she said, “and he is wrapped in a robe.” Then Saul knew that it was Samuel; and he bowed low in homage with his face to the ground.",Percepción (Yada)
I_Samuel,28,15,"ויאמר שמואל אלשאול למה הרגזתני להעלות אתי ויאמר שאול צרלי מאד ופלשתים&thinsp;<b></b> נלחמים בי ואלהים סר מעלי ולאענני עוד גם בידהנביאים גםבחלמות ואקראה לך להודיעני מה אעשה&nbsp;<span class=""mam-spi-samekh"">{ס}</span>&nbsp;&nbsp;&nbsp;&nbsp;&nbsp;&nbsp;&nbsp;&nbsp;","Samuel said to Saul, “Why have you disturbed me and brought me up?” And Saul answered, “I am greatly troubled. The Philistines are attacking me and God has turned away from me—and no longer answers me, either by prophets or in dreams. So I have called you to tell me what I am to do.” ",Ninguno
I_Samuel,28,16,ויאמר שמואל ולמה תשאלני ויהוה סר מעליך ויהי ערך,"Samuel said, “Why do you ask me, seeing that GOD has turned away from you and has become your adversary?dyour adversary Meaning of Heb. uncertain. ",Ninguno
I_Samuel,28,17,ויעש יהוה לו כאשר דבר בידי ויקרע יהוה אתהממלכה מידך ויתנה לרעך לדוד,"GOD has doneehas done Lit. “has done for Himself”; some mss. and Septuagint read “has done to you.” what was foretold through me: GOD has torn the kingship out of your hands and has given it to your fellow, to David, ",Ninguno
I_Samuel,28,18,כאשר לאשמעת בקול יהוה ולאעשית חרוןאפו בעמלק עלכן הדבר הזה עשהלך יהוה היום הזה,because you did not obey GOD and did not execute [God’s] wrath upon the Amalekites. That is why GOD has done this to you today.,Ninguno
I_Samuel,28,19,ויתן יהוה גם אתישראל עמך בידפלשתים ומחר אתה ובניך עמי גם אתמחנה ישראל יתן יהוה בידפלשתים,"Further, GOD will deliver the Israelites who are with you into the hands of the Philistines. Tomorrow you and your sons will be with me; and GOD will also deliver the Israelite forces into the hands of the Philistines.”",Ninguno
I_Samuel,28,20,וימהר שאול ויפל מלאקומתו ארצה וירא מאד מדברי שמואל גםכח לאהיה בו כי לא אכל לחם כלהיום וכלהלילה,"At once Saul flung himself prone on the ground, terrified by Samuel’s words. Besides, there was no strength in him, for he had not eaten anything all day and all night. ",Ninguno
I_Samuel,28,21,ותבוא האשה אלשאול ותרא כינבהל מאד ותאמר אליו הנה שמעה שפחתך בקולך ואשים נפשי בכפי ואשמע אתדבריך אשר דברת אלי,"The woman went up to Saul and, seeing how greatly disturbed he was, she said to him, “Your handmaid listened to you; I took my life in my hands and heeded the request you made of me. ",Ninguno
I_Samuel,28,22,ועתה שמענא גםאתה בקול שפחתך ואשמה לפניך פתלחם ואכול ויהי בך כח כי תלך בדרך,"So now you listen to me: Let me set before you a bit of food. Eat, and then you will have the strength to go on your way.” ",Ninguno
I_Samuel,28,23,וימאן ויאמר לא אכל ויפרצובו עבדיו וגםהאשה וישמע לקלם ויקם מהארץ וישב אלהמטה,"He refused, saying, “I will not eat.” But when his courtiers as well as the woman urged him, he listened to them; he got up from the ground and sat on the bed. ",Ninguno
I_Samuel,28,24,ולאשה עגלמרבק בבית ותמהר ותזבחהו ותקחקמח ותלש ותפהו מצות,"The woman had a stall-fed calf in the house; she hastily slaughtered it, and took flour and kneaded it, and baked some unleavened cakes. ",Ninguno
I_Samuel,28,25,"ותגש לפנישאול ולפני עבדיו ויאכלו ויקמו וילכו בלילה ההוא&nbsp;<span class=""mam-spi-pe"">{פ}</span><br>","She set this before Saul and his courtiers, and they ate. Then they rose and left the same night.",Ninguno
I_Samuel,29,1,ויקבצו פלשתים אתכלמחניהם אפקה וישראל חנים בעין אשר ביזרעאל,"The Philistines mustered all their forces at Aphek, while Israel was encamping at the spring in Jezreel. ",Ninguno
I_Samuel,29,2,וסרני פלשתים עברים למאות ולאלפים ודוד ואנשיו עברים באחרנה עםאכיש,"The Philistine lords came marching, each with his units of hundreds and of thousands; and David and his men came marching last, with Achish. ",Ninguno
I_Samuel,29,3,"ויאמרו שרי פלשתים מה העברים האלה ויאמר אכיש אלשרי פלשתים הלואזה דוד עבד&thinsp;<b></b> שאול מלךישראל אשר היה אתי זה ימים אוזה שנים ולאמצאתי בו מאומה מיום נפלו עדהיום הזה&nbsp;<span class=""mam-spi-pe"">{פ}</span><br>","The Philistine officers asked, “Who are those Hebrews?” “Why, that’s David, the servant of King Saul of Israel,” Achish answered the Philistine officers. “He has been with me for a year or more,afor a year or more Meaning of phrase uncertain. and I have found no fault in him from the day he defected until now.” ",Ninguno
I_Samuel,29,4,ויקצפו עליו שרי פלשתים ויאמרו לו שרי פלשתים השב אתהאיש וישב אלמקומו אשר הפקדתו שם ולאירד עמנו במלחמה ולאיהיהלנו לשטן במלחמה ובמה יתרצה זה אלאדניו הלוא בראשי האנשים ההם,"But the Philistine officers were angry with him; and the Philistine officers said to him, “Send the man back; let him go back to the place you assigned him. He shall not march down with us to the battle, or else he may become our adversary in battle. For with what could that fellow appease his master if not with the heads of those involved?bthe heads of those involved A euphemism for “our heads.” ",Ninguno
I_Samuel,29,5,"הלואזה דוד אשר יענולו במחלות לאמר הכה שאול באלפיו ודוד <span class=""mam-kq-trivial"">ברבבתו</span>&nbsp;<span class=""mam-spi-samekh"">{ס}</span>&nbsp;&nbsp;&nbsp;&nbsp;&nbsp;&nbsp;&nbsp;&nbsp;","Remember, he is the David of whom they sang as they danced:Saul has slain his thousands;David, his tens of thousands.”",Ninguno
I_Samuel,29,6,ויקרא אכיש אלדוד ויאמר אליו חייהוה כיישר אתה וטוב בעיני צאתך ובאך אתי במחנה כי לאמצאתי בך רעה מיום באך אלי עדהיום הזה ובעיני הסרנים לאטוב אתה,"Achish summoned David and said to him, “As GOD lives, you have been honest, and I would like to have you servecserve Lit. “go out and come in.” in my forces; for I have found no fault with you from the day you joined me until now. But you are not acceptable to the other lords. ",Ninguno
I_Samuel,29,7,"ועתה שוב ולך בשלום ולאתעשה רע בעיני סרני פלשתים&nbsp;<span class=""mam-spi-samekh"">{ס}</span>&nbsp;&nbsp;&nbsp;&nbsp;&nbsp;&nbsp;&nbsp;&nbsp;","So go back in peace, and do nothing to displease the Philistine lords.”",Ninguno
I_Samuel,29,8,ויאמר דוד אלאכיש כי מה עשיתי ומהמצאת בעבדך מיום אשר הייתי לפניך עד היום הזה כי לא אבוא ונלחמתי באיבי אדני המלך,"David, however, said to Achish, “But what have I done, what fault have you found in your servant from the day I appeared before you to this day, that I should not go and fight against the enemies of my lord the king?” ",Ninguno
I_Samuel,29,9,ויען אכיש ויאמר אלדוד ידעתי כי טוב אתה בעיני כמלאך אלהים אך שרי פלשתים אמרו לאיעלה עמנו במלחמה,"Achish replied to David, “I know; you are as acceptable to me as an angel of God. But the Philistine officers have decided that you must not march out with us to the battle. ",Percepción (Yada)
I_Samuel,29,10,ועתה השכם בבקר ועבדי אדניך אשרבאו אתך והשכמתם בבקר ואור לכם ולכו,"So rise early in the morning, you and your lord’s servants who came with you—rise early in the morning,drise early in the morning Meaning of parts of verse uncertain. Septuagint reads “and go to the place that I have assigned you; and harbor no evil thought in your heart, for you are acceptable to me.” and leave as soon as it is light.” ",Ninguno
I_Samuel,29,11,"וישכם דוד הוא ואנשיו ללכת בבקר לשוב אלארץ פלשתים ופלשתים עלו יזרעאל&nbsp;<span class=""mam-spi-samekh"">{ס}</span>&nbsp;&nbsp;&nbsp;&nbsp;&nbsp;&nbsp;&nbsp;&nbsp;","Accordingly, David and his men rose early in the morning to leave, to return to the land of the Philistines, while the Philistines marched up to Jezreel.",Ninguno
I_Samuel,30,1,ויהי בבא דוד ואנשיו צקלג ביום השלישי ועמלקי פשטו אלנגב ואלצקלג ויכו אתצקלג וישרפו אתה באש,"By the time David and his men arrived in Ziklag, on the third day, the Amalekites had made a raid into the Negeb and against Ziklag; they had stormed Ziklag and burned it down. ",Ninguno
I_Samuel,30,2,וישבו אתהנשים אשרבה מקטן ועדגדול לא המיתו איש וינהגו וילכו לדרכם,"They had taken the womenathe women Here representing all dependents. in it captive, low-born and high-born alike; they did not kill any, but carried them off and went their way. ",Ninguno
I_Samuel,30,3,ויבא דוד ואנשיו אלהעיר והנה שרופה באש ונשיהם ובניהם ובנתיהם נשבו,"When David and his men came to the town and found it burned down, and their wives and sons and daughters taken captive, ",Ninguno
I_Samuel,30,4,וישא דוד והעם אשראתו אתקולם ויבכו עד אשר איןבהם כח לבכות,"David and the troops with him broke into tears, until they had no strength left for weeping. ",Ninguno
I_Samuel,30,5,ושתי נשידוד נשבו אחינעם היזרעלית ואביגיל אשת נבל הכרמלי,"David’s two wives had been taken captive, Ahinoam of Jezreel and Abigail wife of Nabal from Carmel. ",Ninguno
I_Samuel,30,6,"ותצר לדוד מאד כיאמרו העם לסקלו כימרה נפש כלהעם איש עלבנו ועלבנתיו ויתחזק דוד ביהוה אלהיו&nbsp;<span class=""mam-spi-samekh"">{ס}</span>&nbsp;&nbsp;&nbsp;&nbsp;&nbsp;&nbsp;&nbsp;&nbsp;","David was in great danger,bin great danger Or “deeply distressed.” for the troops threatened to stone him; for all the troops were embittered on account of their sons and daughters.But David sought strength in the ETERNAL his God. ",Ninguno
I_Samuel,30,7,ויאמר דוד אלאביתר הכהן בןאחימלך הגישהנא לי האפוד ויגש אביתר אתהאפוד אלדוד,"David said to the priest Abiathar son of Ahimelech, “Bring the ephod up to me.” When Abiathar brought up the ephodcephod See note at 2.28. to David, ",Ninguno
I_Samuel,30,8,וישאל דוד ביהוה לאמר ארדף אחרי הגדודהזה האשגנו ויאמר לו רדף כיהשג תשיג והצל תציל,"David inquired of GOD, “Shall I pursue those raiders? Will I overtake them?” The reply came, “Pursue, for you shall overtake and you shall rescue.”",Ninguno
I_Samuel,30,9,וילך דוד הוא וששמאות איש אשר אתו ויבאו עדנחל הבשור והנותרים עמדו,"So David and the six hundred men with him set out, and they came to the Wadi Besor, where a halt was made by those who were to be left behind. ",Ninguno
I_Samuel,30,10,וירדף דוד הוא וארבעמאות איש ויעמדו מאתים איש אשר פגרו מעבר אתנחל הבשור,"David continued the pursuit with four hundred men; two hundred men had halted, too faint to cross the Wadi Besor. ",Ninguno
I_Samuel,30,11,וימצאו אישמצרי בשדה ויקחו אתו אלדוד ויתנולו לחם ויאכל וישקהו מים,"In the open country, they came upon an Egyptian—and brought him to David. They gave him food to eat and water to drink; ",Ninguno
I_Samuel,30,12,"ויתנולו פלח דבלה ושני צמקים ויאכל ותשב רוחו אליו כי לאאכל לחם ולאשתה מים שלשה ימים ושלשה לילות&nbsp;<span class=""mam-spi-samekh"">{ס}</span>&nbsp;&nbsp;&nbsp;&nbsp;&nbsp;&nbsp;&nbsp;&nbsp;","he was also given a piece of pressed fig cake and two cakes of raisins. He ate and regained his strength, for he had eaten no food and drunk no water for three days and three nights. ",Ninguno
I_Samuel,30,13,ויאמר לו דוד למיאתה ואי מזה אתה ויאמר נער מצרי אנכי עבד לאיש עמלקי ויעזבני אדני כי חליתי היום שלשה,"Then David asked him, “To whom do you belong and where are you from?” “I am an Egyptian lad,”dlad Or “servant.” he answered, “the slave of an Amalekite. My master abandoned me when I fell ill three days ago. ",Ninguno
I_Samuel,30,14,אנחנו פשטנו נגב הכרתי ועלאשר ליהודה ועלנגב כלב ואתצקלג שרפנו באש,"We had raided the Negeb of the Cherethites, and [the Negeb] of Judah, and the Negeb of Caleb; we also burned down Ziklag.” ",Ninguno
I_Samuel,30,15,ויאמר אליו דוד התורדני אלהגדוד הזה ויאמר השבעה לי באלהים אםתמיתני ואםתסגרני בידאדני ואורדך אלהגדוד הזה,"And David said to him, “Can you lead me down to that band?” He replied, “Swear to me by God that you will not kill me or deliver me into my master’s hands, and I will lead you down to that band.” ",Ninguno
I_Samuel,30,16,וירדהו והנה נטשים עלפני כלהארץ אכלים ושתים וחגגים בכל השלל הגדול אשר לקחו מארץ פלשתים ומארץ יהודה,"So he led him down, and there they were, scattered all over the ground, eating and drinking and making merry because of all the vast spoil they had taken from the land of the Philistines and from the land of Judah. ",Ninguno
I_Samuel,30,17,ויכם דוד מהנשף ועדהערב למחרתם ולאנמלט מהם איש כי אםארבע מאות אישנער אשררכבו עלהגמלים וינסו,"David attacked them from before dawn until the evening of the next day;ebefore dawn … next day Meaning of Heb. uncertain. none of them escaped, except four hundred young men who mounted camels and got away. ",Ninguno
I_Samuel,30,18,ויצל דוד את כלאשר לקחו עמלק ואתשתי נשיו הציל דוד,David rescued everything the Amalekites had taken; David also rescued his two wives.,Ninguno
I_Samuel,30,19,ולא נעדרלהם מןהקטן ועדהגדול ועדבנים ובנות ומשלל ועד כלאשר לקחו להם הכל השיב דוד,"Nothing of theirs was missing—young or old, sons or daughters, spoil or anything else that had been carried off—David recovered everything. ",Ninguno
I_Samuel,30,20,ויקח דוד אתכלהצאן והבקר נהגו לפני המקנה ההוא ויאמרו זה שלל דוד,"David took all the flocks and herds, which [the troops] drove ahead of the other livestock;fwhich [the troops] drove ahead of the other livestock Meaning of Heb. uncertain. and they declared, “This is David’s spoil.”",Ninguno
I_Samuel,30,21,"ויבא דוד אלמאתים האנשים אשרפגרו&thinsp;<b></b> מלכת&thinsp;<b></b> אחרי דוד וישיבם בנחל הבשור ויצאו לקראת דוד ולקראת העם אשראתו ויגש דוד אתהעם וישאל להם לשלום&nbsp;<span class=""mam-spi-samekh"">{ס}</span>&nbsp;&nbsp;&nbsp;&nbsp;&nbsp;&nbsp;&nbsp;&nbsp;","When David reached the two hundred men who were too faint to follow David and who had been left at the Wadi Besor, they came out to welcome David and the troops with him; David came forward with the troops and greeted them. ",Ninguno
I_Samuel,30,22,"ויען כלאישרע ובליעל מהאנשים אשר הלכו עםדוד ויאמרו יען אשר לאהלכו עמי לאנתן להם מהשלל אשר הצלנו כיאםאיש אתאשתו ואתבניו וינהגו וילכו&nbsp;<span class=""mam-spi-samekh"">{ס}</span>&nbsp;&nbsp;&nbsp;&nbsp;&nbsp;&nbsp;&nbsp;&nbsp;","But all the mean and churlish ones among the men who had accompanied David spoke up, “Since they did not accompany us,gus So some mss. and versions; most mss. and editions read “me.” we will not give them any of the spoil that we seized—except that each may take his wife and children and go.” ",Ninguno
I_Samuel,30,23,ויאמר דוד לאתעשו כן אחי את אשרנתן יהוה לנו וישמר אתנו ויתן אתהגדוד הבא עלינו בידנו,"David, however, spoke up, “You must not do that, my brothers, in view ofhmy brothers, in view of Meaning of Heb. uncertain. Septuagint reads “after.” what GOD has granted us, guarding us and delivering into our hands the band that attacked us. ",Ninguno
I_Samuel,30,24,"ומי ישמע לכם לדבר הזה כי כחלק&thinsp;<b></b> הירד במלחמה וכחלק הישב עלהכלים יחדו יחלקו&nbsp;<span class=""mam-spi-samekh"">{ס}</span>&nbsp;&nbsp;&nbsp;&nbsp;&nbsp;&nbsp;&nbsp;&nbsp;",How could anyone agree with you in this matter? The share of those who remain with the baggage shall be the same as the share of those who go down to battle; they shall share alike.”,Ninguno
I_Samuel,30,25,"ויהי מהיום ההוא ומעלה וישמה לחק ולמשפט לישראל עד היום הזה&nbsp;<span class=""mam-spi-pe"">{פ}</span><br>","So from that day on it was made a fixed rule for Israel, continuing to the present day.",Ninguno
I_Samuel,30,26,"ויבא דוד אלצקלג וישלח מהשלל לזקני יהודה לרעהו לאמר הנה לכם ברכה משלל איבי יהוה&nbsp;<span class=""mam-spi-samekh"">{ס}</span>&nbsp;&nbsp;&nbsp;&nbsp;&nbsp;&nbsp;&nbsp;&nbsp;","When David reached Ziklag, he sent some of the spoil to the elders of Judah [and] to his friends,i[and] to his friends Meaning of Heb. uncertain. saying, “This is a present for you from our spoil of GOD’s enemies.” ",Ninguno
I_Samuel,30,27,"לאשר בביתאל&nbsp;<span class=""mam-spi-samekh"">{ס}</span>&nbsp;&nbsp;&nbsp;&nbsp;&nbsp;&nbsp;&nbsp;&nbsp;ולאשר ברמותנגב&nbsp;<span class=""mam-spi-samekh"">{ס}</span>&nbsp;&nbsp;&nbsp;&nbsp;&nbsp;&nbsp;&nbsp;&nbsp;ולאשר ביתר&nbsp;<span class=""mam-spi-samekh"">{ס}</span>&nbsp;&nbsp;&nbsp;&nbsp;&nbsp;&nbsp;&nbsp;&nbsp;","[He sent the spoil to the elders] in Bethel,jBethel Called Bethul in Josh. 19.4. Ramoth-negeb, and Jattir; ",Ninguno
I_Samuel,30,28,"ולאשר בערער&nbsp;<span class=""mam-spi-samekh"">{ס}</span>&nbsp;&nbsp;&nbsp;&nbsp;&nbsp;&nbsp;&nbsp;&nbsp;ולאשר בשפמות&nbsp;<span class=""mam-spi-samekh"">{ס}</span>&nbsp;&nbsp;&nbsp;&nbsp;&nbsp;&nbsp;&nbsp;&nbsp;ולאשר באשתמע&nbsp;<span class=""mam-spi-samekh"">{ס}</span>&nbsp;&nbsp;&nbsp;&nbsp;&nbsp;&nbsp;&nbsp;&nbsp;","in Aroer, Siphmoth, and Eshtemoa; ",Ninguno
I_Samuel,30,29,"ולאשר ברכל&nbsp;<span class=""mam-spi-samekh"">{ס}</span>&nbsp;&nbsp;&nbsp;&nbsp;&nbsp;&nbsp;&nbsp;&nbsp;ולאשר בערי הירחמאלי&nbsp;<span class=""mam-spi-samekh"">{ס}</span>&nbsp;&nbsp;&nbsp;&nbsp;&nbsp;&nbsp;&nbsp;&nbsp;ולאשר בערי הקיני&nbsp;<span class=""mam-spi-samekh"">{ס}</span>&nbsp;&nbsp;&nbsp;&nbsp;&nbsp;&nbsp;&nbsp;&nbsp;","in Racal, in the towns of the Jerahmeelites, and in the towns of the Kenites; ",Ninguno
I_Samuel,30,30,"ולאשר בחרמה&nbsp;<span class=""mam-spi-samekh"">{ס}</span>&nbsp;&nbsp;&nbsp;&nbsp;&nbsp;&nbsp;&nbsp;&nbsp;ולאשר בבורעשן&nbsp;<span class=""mam-spi-samekh"">{ס}</span>&nbsp;&nbsp;&nbsp;&nbsp;&nbsp;&nbsp;&nbsp;&nbsp;ולאשר בעתך&nbsp;<span class=""mam-spi-samekh"">{ס}</span>&nbsp;&nbsp;&nbsp;&nbsp;&nbsp;&nbsp;&nbsp;&nbsp;","in Hormah, Bor-ashan, and Athach; ",Ninguno
I_Samuel,30,31,"ולאשר בחברון ולכלהמקמות אשרהתהלךשם דוד הוא ואנשיו&nbsp;<span class=""mam-spi-pe"">{פ}</span><br>",and to those in Hebron—all the places where David and his men had roamed.,Ninguno
I_Samuel,31,1,ופלשתים נלחמים בישראל וינסו אנשי ישראל מפני פלשתים ויפלו חללים בהר הגלבע,"aCf. 1 Chron. 10, which reproduces this chapter with minor variations. The Philistines attacked Israel, and the men of Israel fled before the Philistines and [many] fell on Mount Gilboa. ",Ninguno
I_Samuel,31,2,וידבקו פלשתים אתשאול ואתבניו ויכו פלשתים אתיהונתן ואתאבינדב ואתמלכישוע בני שאול,"The Philistines pursued Saul and his sons, and the Philistines struck down Jonathan, Abinadab, and Malchi-shua, sons of Saul. ",Ninguno
I_Samuel,31,3,ותכבד המלחמה אלשאול וימצאהו המורים אנשים בקשת ויחל מאד מהמורים,"The battle raged around Saul, and some of the archersbsome of the archers Meaning of Heb. uncertain. Lit. “the archers, men with the bow.” hit him, and he was severely woundedcwas severely wounded Construed as a hophal stem; cf. 1 Kings 2.34. by the archers. ",Ninguno
I_Samuel,31,4,ויאמר שאול לנשא כליו שלף חרבך&thinsp;<b></b> ודקרני בה פןיבואו הערלים האלה ודקרני והתעללובי ולא אבה נשא כליו כי ירא מאד ויקח שאול אתהחרב ויפל עליה,"Saul said to his arms-bearer, “Draw your sword and run me through, so that the uncircumcised may not run me through and make sport of me.” But his arms-bearer, in his great awe, refused; whereupon Saul grasped the sword and fell upon it. ",Ninguno
I_Samuel,31,5,וירא נשאכליו כי מת שאול ויפל גםהוא עלחרבו וימת עמו,"When his arms-bearer saw that Saul was dead, he too fell on his sword and died with him. ",Ninguno
I_Samuel,31,6,וימת שאול ושלשת בניו ונשא כליו גם כלאנשיו ביום ההוא יחדו,"Thus Saul and his three sons and his arms-bearer, as well as all his men,das well as all his men Lacking in the Septuagint; 1 Chron. 10.6 reads “and all his house.” died together on that day. ",Ninguno
I_Samuel,31,7,"ויראו אנשיישראל אשרבעבר העמק ואשר&thinsp;<b></b> בעבר הירדן כינסו אנשי ישראל וכימתו שאול ובניו ויעזבו אתהערים וינסו ויבאו פלשתים וישבו בהן&nbsp;<span class=""mam-spi-pe"">{פ}</span><br>","And when the Israelite inhabitants on the other side of the valley and on the other side of the Jordaneon the other side of the valley and on the other side of the Jordan Meaning of Heb. uncertain. 1 Chron. 10.7 reads “in the valley.” saw that the men of Israel had fled and that Saul and his sons were dead, they abandoned the towns and fled; the Philistines then came and occupied them.",Ninguno
I_Samuel,31,8,ויהי ממחרת ויבאו פלשתים לפשט אתהחללים וימצאו אתשאול ואתשלשת בניו נפלים בהר הגלבע,"The next day the Philistines came to strip the slain, and they found Saul and his three sons lying on Mount Gilboa. ",Ninguno
I_Samuel,31,9,ויכרתו אתראשו ויפשטו אתכליו וישלחו בארץפלשתים סביב לבשר בית עצביהם ואתהעם,"They cut off his head and stripped him of his armor, and they sent them throughout the land of the Philistines, to spread the news in the temples of their idolsfin the temples of their idols Septuagint and 1 Chron. 10.9 read “among their idols.” and among the people. ",Ninguno
I_Samuel,31,10,וישימו אתכליו בית עשתרות ואתגויתו תקעו בחומת בית שן,"They placed his armor in the temple of Ashtaroth, and they impaled his body on the wall of Beth-shan. ",Ninguno
I_Samuel,31,11,וישמעו אליו ישבי יביש גלעד את אשרעשו פלשתים לשאול,When the inhabitants of Jabesh-gilead heard about it—whatgthe inhabitants of Jabesh-gilead heard about it—what Cf. 1 Chron. 10.11 “all [the inhabitants of] Jabesh-gilead heard all that.” the Philistines had done to Saul— ,Ninguno
I_Samuel,31,12,ויקומו כלאיש חיל וילכו כלהלילה ויקחו אתגוית שאול ואת גוית בניו מחומת בית שן ויבאו יבשה וישרפו אתם שם,the stalwarts among them set out and marched all night; they removed the bodies of Saul and his sons from the wall of Beth-shan and camehcame Cf. 1 Chron. 10.12 “brought them.” to Jabesh and burned them there. ,Ninguno
I_Samuel,31,13,"ויקחו אתעצמתיהם ויקברו תחתהאשל ביבשה ויצמו שבעת ימים&nbsp;<span class=""mam-spi-pe"">{פ}</span><br>","Then they took the bones and buried them under the tamarisk tree in Jabesh, and they fasted for seven days.",Ninguno
