Libro,Capitulo,Versiculo,Hebreo_Limpio,Traduccion,Conceptos_Matriz
I_Kings,1,1,והמלך דוד זקן בא בימים ויכסהו בבגדים ולא יחם לו,"King David was now old, advanced in years; and though they covered him with bedclothes, he never felt warm. ",Ninguno
I_Kings,1,2,ויאמרו לו עבדיו יבקשו לאדני המלך נערה בתולה ועמדה לפני המלך ותהילו סכנת ושכבה בחיקך וחם לאדני המלך,"His courtiers said to him, “Let a young virgin be sought for my lord the king, to wait upon Your Majesty and be his attendant;aattendant Meaning of Heb. uncertain. and let her lie in your bosom, and my lord the king will be warm.” ",Ninguno
I_Kings,1,3,ויבקשו נערה יפה בכל גבול ישראל וימצאו אתאבישג השונמית ויבאו אתה למלך,So they looked for a beautiful young woman throughout the territory of Israel. They found Abishag the Shunammite and brought her to the king.,Ninguno
I_Kings,1,4,והנערה יפה עדמאד ותהי למלך סכנת ותשרתהו והמלך לא ידעה,This young woman was exceedingly beautiful. She became the king’s attendantbattendant Meaning of Heb. uncertain. and waited upon him; but the king was not intimate with her.,Percepción (Yada)
I_Kings,1,5,ואדניה בןחגית מתנשא לאמר אני אמלך ויעש לו רכב ופרשים וחמשים איש רצים לפניו,"Now Adonijah son of Haggith went about boasting,cwent about boasting Or “presumed to think.” “I will be king!” He provided himself with chariots and horses,dhorses Or “riders”; force of Heb. parash(im) uncertain. and an escort of fifty outrunners. ",Ninguno
I_Kings,1,6,ולאעצבו אביו מימיו לאמר מדוע ככה עשית וגםהוא טובתאר מאד ואתו ילדה אחרי אבשלום,"His father had never scolded him: “Why did you do that?” He was the one born after Absalomethe one born after Absalom Thus, Absalom having died, Adonijah was David’s oldest living son. and, like him, was very handsome.",Ninguno
I_Kings,1,7,ויהיו דבריו עם יואב בןצרויה ועם אביתר הכהן ויעזרו אחרי אדניה,"He conferred with Joab son of Zeruiah and with the priest Abiathar, and they supported Adonijah; ",Ninguno
I_Kings,1,8,וצדוק הכהן ובניהו בןיהוידע ונתן הנביא ושמעי ורעי והגבורים אשר לדוד לא היו עםאדניהו,"but the priest Zadok, Benaiah son of Jehoiada, the prophet Nathan, Shimei and Rei, and David’s own warriors did not side with Adonijah. ",Percepción (Yada)
I_Kings,1,9,ויזבח אדניהו צאן ובקר ומריא עם אבן הזחלת אשראצל עין רגל ויקרא אתכלאחיו בני המלך ולכלאנשי יהודה עבדי המלך,"Adonijah made a sacrificial feast of sheep, oxen, and fatlings at the Zoheleth stone that is near En-rogel; he invited all his brother princesfall his brother princes Lit. “all his brothers sons of the king.” and all the king’s courtiers of the tribe of Judah; ",Ninguno
I_Kings,1,10,ואתנתן הנביא ובניהו ואתהגבורים ואתשלמה אחיו לא קרא,"but he did not invite the prophet Nathan, or Benaiah, or the warriors, or his brother Solomon.",Ninguno
I_Kings,1,11,ויאמר נתן אלבתשבע אםשלמה לאמר הלוא שמעת כי מלך אדניהו בןחגית ואדנינו דוד לא ידע,"Then Nathan said to Bathsheba, Solomon’s mother, “You must have heard that Adonijah son of Haggith has assumed the kingship without the knowledge of our lord David. ",Percepción (Yada)
I_Kings,1,12,ועתה לכי איעצך נא עצה ומלטי אתנפשך ואתנפש בנך שלמה,"Now take my advice, so that you may save your life and the life of your son Solomon. ",Ninguno
I_Kings,1,13,לכי ובאי&thinsp;<b></b> אלהמלך דוד ואמרת אליו הלאאתה אדני המלך נשבעת לאמתך לאמר כישלמה בנך ימלך אחרי והוא ישב עלכסאי ומדוע מלך אדניהו,"Go immediately to King David and say to him, ‘Did not you, O lord king, swear to your maidservant: “Your son Solomon shall succeed me as king, and he shall sit upon my throne”? Then why has Adonijah become king?’ ",Ninguno
I_Kings,1,14,הנה עודך מדברת שם עםהמלך ואני אבוא אחריך ומלאתי אתדבריך,"While you are still there talking with the king, I will come in after you and confirm your words.”",Ninguno
I_Kings,1,15,ותבא בתשבע אלהמלך החדרה והמלך זקן מאד ואבישג השונמית משרת אתהמלך,"So Bathsheba went to the king in his chamber.—The king was very old, and Abishag the Shunammite was waiting on the king.— ",Ninguno
I_Kings,1,16,ותקד בתשבע ותשתחו למלך ויאמר המלך מהלך,"Bathsheba bowed low in homage to the king; and the king asked, “What troubles you?” ",Ninguno
I_Kings,1,17,ותאמר לו אדני אתה נשבעת ביהוה אלהיך לאמתך כישלמה בנך ימלך אחרי והוא ישב עלכסאי,"She answered him, “My lord, you yourself swore to your maidservant by the ETERNAL your God: ‘Your son Solomon shall succeed me as king, and he shall sit upon my throne.’ ",Ninguno
I_Kings,1,18,ועתה הנה אדניה מלך ועתה אדני המלך לא ידעת,"Yet now Adonijah has become king, and you,gyou So many mss. and ancient versions; usual editions “now.” my lord the king, know nothing about it. ",Percepción (Yada)
I_Kings,1,19,"ויזבח שור ומריאוצאן לרב&nbsp;<span class=""mam-spi-pe"">{פ}</span><br>ויקרא לכלבני המלך ולאביתר הכהן וליאב שר הצבא ולשלמה עבדך לא קרא","He has prepared a sacrificial feast of a great many oxen, fatlings, and sheep, and he has invited all the king’s sons and Abiathar the priest and Joab commander of the army; but he has not invited your servant Solomon. ",Ninguno
I_Kings,1,20,ואתה אדני המלך עיני כלישראל עליך להגיד להם מי ישב עלכסא אדניהמלך אחריו,"And so the eyes of all Israel are upon you, O lord king, to tell them who shall succeed my lord the king on the throne. ",Ninguno
I_Kings,1,21,והיה כשכב אדניהמלך עםאבתיו והייתי אני ובני שלמה חטאים,"Otherwise, when my lord the king rests with his ancestors, my son Solomon and I will be regarded as traitors.”",Ninguno
I_Kings,1,22,והנה עודנה מדברת עםהמלך ונתן הנביא בא,She was still talking to the king when the prophet Nathan arrived.,Ninguno
I_Kings,1,23,ויגידו למלך לאמר הנה נתן הנביא ויבא לפני המלך וישתחו למלך עלאפיו ארצה,"They announced to the king, “The prophet Nathan is here,” and he entered the king’s presence. Bowing low to the king with his face to the ground, ",Ninguno
I_Kings,1,24,ויאמר נתן אדני המלך אתה אמרת אדניהו ימלך אחרי והוא ישב עלכסאי,"Nathan said, “O lord king, you must have said,hyou must have said Or (cf. Rashi, Ralbag, Radak) “have you said…?” ‘Adonijah shall succeed me as king and he shall sit upon my throne.’ ",Ninguno
I_Kings,1,25,כי&thinsp;<b></b> ירד היום ויזבח שור ומריאוצאן לרב ויקרא לכלבני המלך ולשרי הצבא ולאביתר הכהן והנם אכלים ושתים לפניו ויאמרו יחי המלך אדניהו,"For he has gone down today and prepared a sacrificial feast of a great many oxen, fatlings, and sheep. He invited all the king’s sons and the army officers and Abiathar the priest. At this very moment they are eating and drinking with him, and they are shouting, ‘Long live King Adonijah!’ ",Ninguno
I_Kings,1,26,ולי אניעבדך ולצדק הכהן ולבניהו בןיהוידע ולשלמה עבדך לא קרא,"But he did not invite me your servant, or the priest Zadok, or Benaiah son of Jehoiada, or your servant Solomon. ",Percepción (Yada)
I_Kings,1,27,"אם מאת אדני המלך נהיה הדבר הזה ולא הודעת את<span class=""mam-kq""><span class=""mam-kq-q"">[עבדך]</span> <span class=""mam-kq-k"">(עבדיך)</span></span> מי ישב עלכסא אדניהמלך אחריו&nbsp;<span class=""mam-spi-samekh"">{ס}</span>&nbsp;&nbsp;&nbsp;&nbsp;&nbsp;&nbsp;&nbsp;&nbsp;","Can this decision have come from my lord the king, without your telling your servant who is to succeed to the throne of my lord the king?”",Ninguno
I_Kings,1,28,ויען המלך דוד ויאמר קראולי לבתשבע ותבא לפני המלך ותעמד לפני המלך,King David’s response was: “Summon Bathsheba!” She entered the king’s presence and stood before the king.,Ninguno
I_Kings,1,29,וישבע המלך ויאמר חייהוה אשרפדה אתנפשי מכלצרה,"And the king took an oath, saying, “As GOD lives, who has rescued me from every trouble: ",Ninguno
I_Kings,1,30,כי כאשר נשבעתי לך ביהוה אלהי ישראל לאמר כישלמה בנך ימלך אחרי והוא ישב עלכסאי תחתי כי כן אעשה היום הזה,"The oath I swore to you by the ETERNAL, the God of Israel, that your son Solomon should succeed me as king and that he should sit upon my throne in my stead, I will fulfill this very day!” ",Ninguno
I_Kings,1,31,"ותקד בתשבע אפים ארץ ותשתחו למלך ותאמר יחי אדני המלך דוד לעלם&nbsp;<span class=""mam-spi-pe"">{פ}</span><br>","Bathsheba bowed low in homage to the king with her face to the ground, and she said, “May my lord King David live forever!”",Ninguno
I_Kings,1,32,ויאמר&thinsp;<b></b> המלך דוד קראולי לצדוק הכהן ולנתן הנביא ולבניהו בןיהוידע ויבאו לפני המלך,"Then King David said, “Summon to me the priest Zadok, the prophet Nathan, and Benaiah son of Jehoiada.” When they came before the king, ",Percepción (Yada)
I_Kings,1,33,ויאמר המלך להם קחו עמכם אתעבדי אדניכם והרכבתם אתשלמה בני עלהפרדה אשרלי והורדתם אתו אלגחון,"the king said to them, “Take my loyal soldiers,imy loyal soldiers Lit. “your lord’s men.” and have my son Solomon ride on my mule and bring him down to Gihon. ",Ninguno
I_Kings,1,34,ומשח אתו שם צדוק הכהן ונתן הנביא למלך עלישראל ותקעתם בשופר ואמרתם יחי המלך שלמה,"Let the priest Zadok and the prophet Nathan anoint him there king over Israel, whereupon you shall sound the horn and shout, ‘Long live King Solomon!’ ",Ninguno
I_Kings,1,35,ועליתם אחריו ובא וישב עלכסאי והוא ימלך תחתי ואתו צויתי להיות נגיד עלישראל ועליהודה,"Then march up after him, and let him come in and sit on my throne. For he shall succeed me as king; him I designate to be ruler of Israel and Judah.” ",Ninguno
I_Kings,1,36,ויען בניהו בןיהוידע אתהמלך ויאמר&thinsp;<small></small>&thinsp;אמן כן יאמר יהוה אלהי אדני המלך,"Benaiah son of Jehoiada spoke up and said to the king, “Amen! And may the ETERNAL, the God of my lord the king, so ordain. ",Percepción (Yada)
I_Kings,1,37,"כאשר היה יהוה עםאדני המלך כן <span class=""mam-kq""><span class=""mam-kq-k"">(יהי)</span> <span class=""mam-kq-q"">[יהיה]</span></span> עםשלמה ויגדל אתכסאו מכסא אדני המלך דוד","As GOD was with my lord the king, so may it be with Solomon; and may his throne be exalted even higher than the throne of my lord King David.”",Ninguno
I_Kings,1,38,וירד צדוק הכהן ונתן הנביא ובניהו בןיהוידע והכרתי והפלתי וירכבו אתשלמה עלפרדת המלך דוד וילכו אתו עלגחון,"Then the priest Zadok, and the prophet Nathan, and Benaiah son of Jehoiada went down with the Cherethites and the Pelethites. They had Solomon ride on King David’s mule and they led him to Gihon. ",Percepción (Yada)
I_Kings,1,39,ויקח צדוק הכהן אתקרן השמן מןהאהל וימשח אתשלמה ויתקעו בשופר ויאמרו כלהעם יחי המלך שלמה,"The priest Zadok took the horn of oil from the Tent and anointed Solomon. They sounded the horn and all the people shouted, “Long live King Solomon!” ",Ninguno
I_Kings,1,40,ויעלו כלהעם אחריו והעם מחללים בחללים ושמחים שמחה גדולה ותבקע הארץ בקולם,"All the people then marched up behind him, playing on flutes and making merry till the earth was split open by the uproar.",Ninguno
I_Kings,1,41,וישמע אדניהו וכלהקראים אשר אתו והם כלו לאכל וישמע יואב אתקול השופר ויאמר מדוע קולהקריה הומה,"Adonijah and all the guests who were with him, who had just finished eating, heard it. When Joab heard the sound of the horn, he said, “Why is the city in such an uproar?” ",Ninguno
I_Kings,1,42,עודנו מדבר והנה יונתן בןאביתר הכהן בא ויאמר אדניהו בא כי איש חיל אתה וטוב תבשר,"He was still speaking when the priest Jonathan son of Abiathar arrived. “Come in,” said Adonijah. “You are a worthy man, and you surely bring good news.” ",Ninguno
I_Kings,1,43,ויען יונתן ויאמר לאדניהו אבל אדנינו המלךדוד המליך אתשלמה,"But Jonathan replied to Adonijah, “Alas, our lord King David has made Solomon king! ",Ninguno
I_Kings,1,44,וישלח אתוהמלך אתצדוק הכהן ואתנתן הנביא ובניהו בןיהוידע והכרתי והפלתי וירכבו אתו על פרדת המלך,"The king sent with him the priest Zadok and the prophet Nathan and Benaiah son of Jehoiada, and the Cherethites and Pelethites. They had him ride on the king’s mule, ",Percepción (Yada)
I_Kings,1,45,וימשחו אתו צדוק הכהן ונתן הנביא&thinsp;<small></small>&thinsp;למלך בגחון ויעלו משם שמחים ותהם הקריה הוא הקול אשר שמעתם,"and the priest Zadok and the prophet Nathan anointed him king at Gihon. Then they came up from there making merry, and the city went into an uproar. That’s the noise you heard. ",Ninguno
I_Kings,1,46,וגם ישב שלמה על כסא המלוכה,"Further, Solomon seated himself on the royal throne; ",Ninguno
I_Kings,1,47,"וגםבאו עבדי המלך לברך אתאדנינו המלך דוד לאמר ייטב <span class=""mam-kq""><span class=""mam-kq-k"">(אלהיך)</span> <span class=""mam-kq-q"">[אלהים]</span></span> אתשם שלמה משמך ויגדל אתכסאו מכסאך וישתחו המלך עלהמשכב","further, the king’s courtiers came to congratulate our lord King David, saying, ‘May God make the renown of Solomon even greater than yours, and may his throne be exalted even higher than yours!’ And the king bowed low on his couch. ",Ninguno
I_Kings,1,48,וגםככה אמר המלך ברוך יהוה אלהי ישראל אשר נתן היום ישב עלכסאי ועיני ראות,"And further, this is what the king said, ‘Praised be the ETERNAL, the God of Israel who has this day provided a successor to my throne, while my own eyes can see it.’” ",Ninguno
I_Kings,1,49,ויחרדו ויקמו כלהקראים אשר לאדניהו וילכו איש לדרכו,"Thereupon, all of Adonijah’s guests rose in alarm and went off in every direction.",Ninguno
I_Kings,1,50,ואדניהו ירא מפני שלמה ויקם וילך ויחזק בקרנות המזבח,"Adonijah, in fear of Solomon, went at once [to the Tent] and grasped the horns of the altar. ",Ninguno
I_Kings,1,51,ויגד לשלמה לאמר הנה אדניהו ירא אתהמלך שלמה והנה אחז בקרנות המזבח לאמר ישבעלי כיום המלך שלמה אםימית אתעבדו בחרב,"It was reported to Solomon: “Adonijah is in fear of King Solomon and has grasped the horns of the altar, saying, ‘Let King Solomon first swear to me that he will not put his servant to the sword.’” ",Ninguno
I_Kings,1,52,ויאמר שלמה אם יהיה לבןחיל לאיפל משערתו ארצה ואםרעה תמצאבו ומת,"Solomon said, “If he behaves worthily, not a hair of his head shall fall to the ground; but if he is caught in any offense, he shall die.” ",Ninguno
I_Kings,1,53,"וישלח המלך שלמה ויורדהו מעל המזבח ויבא וישתחו למלך שלמה ויאמרלו שלמה לך לביתך&nbsp;<span class=""mam-spi-pe"">{פ}</span><br>","So King Solomon sent and had him taken down from the altar. He came and bowed before King Solomon, and Solomon said to him, “Go home.”",Ninguno
I_Kings,2,1,ויקרבו ימידוד למות ויצו אתשלמה בנו לאמר,"When David’s life was drawing to a close, he instructed his son Solomon as follows: ",Ninguno
I_Kings,2,2,אנכי הלך בדרך כלהארץ וחזקת והיית לאיש,“I am going the way of all the earth; you will be the man in charge—if you act with determination.ayou will be the man in charge—if you act with determination Or “be strong and show yourself a man.” ,Ninguno
I_Kings,2,3,ושמרת אתמשמרת&thinsp;<b></b> יהוה אלהיך ללכת בדרכיו לשמר חקתיו מצותיו ומשפטיו ועדותיו ככתוב בתורת משה למען תשכיל את כלאשר תעשה ואת כלאשר תפנה שם,"Keep the charge of the ETERNAL your God, walking in God’s ways and following God’s laws, commandments, rules, and admonitions as recorded in the Teaching of Moses, in order that you may succeed in whatever you undertake and wherever you turn. ",Ninguno
I_Kings,2,4,למען יקים יהוה אתדברו אשר דבר עלי לאמר אםישמרו בניך אתדרכם ללכת לפני באמת בכללבבם ובכלנפשם לאמר לאיכרת לך איש מעל כסא ישראל,"Then GOD will fulfill the promise that was made concerning me: ‘If your descendants are scrupulous in their conduct, and walk before Me faithfully, with all their heart and soul, your line on the throne of Israel shall never end!’byour line on the throne…shall never end Lit. “there shall never cease to be a man of yours on the throne,” i.e., ruling on your behalf. Cf. 2 Sam. 7.12–16. ",Ninguno
I_Kings,2,5,וגם אתה ידעת את אשרעשה לי יואב בןצרויה אשר עשה לשנישרי צבאות ישראל לאבנר בןנר ולעמשא בןיתר ויהרגם וישם דמימלחמה בשלם ויתן דמי מלחמה בחגרתו אשר במתניו ובנעלו אשר ברגליו,"“Further, you know what Joab son of Zeruiah did to me, what he did to the two commanders of Israel’s forces, Abner son of Ner and Amasa son of Jether: he killed them, sheddingcshedding Meaning of Heb. uncertain. blood of war in peacetime, staining the girdle of his loins and the sandals on his feet with blood of war.dstaining … with blood of war I.e., Joab had thus brought bloodguilt on David’s house; see 2 Sam. 3.27; 20.10. ",Percepción (Yada)
I_Kings,2,6,ועשית כחכמתך ולאתורד שיבתו בשלם שאל,"So act in accordance with your wisdom, and see that his white hair does not go down to Sheol in peace.",Ninguno
I_Kings,2,7,ולבני ברזלי הגלעדי תעשהחסד והיו באכלי שלחנך כיכן קרבו אלי בברחי מפני אבשלום אחיך,"“But deal graciously with the sons of Barzillai the Gileadite, for they befriended me when I fled from your brother Absalom; let them be among those that eat at your table.ethat eat at your table I.e., for whose maintenance you provide; see 2 Sam. 19.32ff. ",Ninguno
I_Kings,2,8,והנה עמך שמעי בןגרא בןהימיני מבחרים והוא קללני קללה נמרצת ביום לכתי מחנים והואירד לקראתי הירדן ואשבע לו ביהוה לאמר אםאמיתך בחרב,"“You must also deal with Shimei son of Gera, the Benjaminite from Bahurim. He insulted me outrageously when I was on my way to Mahanaim; but he came down to meet me at the Jordan,fhe came down to meet me at the Jordan See 2 Sam. 16.5ff.; 19.17ff. and I swore to him by GOD: ‘I will not put you to the sword.’ ",Ninguno
I_Kings,2,9,ועתה אלתנקהו כי איש חכם אתה וידעת את אשר תעשהלו והורדת אתשיבתו בדם שאול,So do not let him go unpunished; for you are a shrewd man and you will know how to deal with him and send his gray hair down to Sheol in blood.”,Percepción (Yada)
I_Kings,2,10,"וישכב דוד עםאבתיו ויקבר בעיר דוד&nbsp;<span class=""mam-spi-pe"">{פ}</span><br>","So David rested with his ancestors, and he was buried in the City of David. ",Ninguno
I_Kings,2,11,והימים אשר מלך דוד עלישראל ארבעים שנה בחברון מלך שבע שנים ובירושל͏ם מלך שלשים ושלש שנים,"The length of David’s reign over Israel was forty years: he reigned seven years in Hebron, and he reigned thirty-three years in Jerusalem. ",Ninguno
I_Kings,2,12,"ושלמה ישב עלכסא דוד אביו ותכן מלכתו מאד&nbsp;<span class=""mam-spi-samekh"">{ס}</span>&nbsp;&nbsp;&nbsp;&nbsp;&nbsp;&nbsp;&nbsp;&nbsp;","And Solomon sat upon the throne of his father David, and his rule was firmly established.",Ninguno
I_Kings,2,13,ויבא אדניהו בןחגית אלבתשבע אםשלמה ותאמר השלום באך ויאמר שלום,"Adonijah son of Haggith came to see Bathsheba, Solomon’s mother. She said, “Do you come with friendly intent?” “Yes,” he replied; ",Ninguno
I_Kings,2,14,ויאמר דבר לי אליך ותאמר דבר,"and he continued, “I would like to have a word with you.” “Speak up,” she said. ",Ninguno
I_Kings,2,15,ויאמר את ידעת כילי היתה המלוכה ועלי שמו כלישראל פניהם למלך ותסב המלוכה ותהי לאחי כי מיהוה היתה לו,"Then he said, “You know that the kingship was rightly mine and that all Israel wanted me to reign. But the kingship passed on to my brother; it came to him by GOD’s will. ",Percepción (Yada)
I_Kings,2,16,ועתה שאלה אחת אנכי שאל מאתך אלתשבי אתפני ותאמר אליו דבר,"And now I have one request to make of you; do not refuse me.” She said, “Speak up.” ",Ninguno
I_Kings,2,17,ויאמר אמרינא לשלמה המלך כי לאישיב אתפניך ויתןלי אתאבישג השונמית לאשה,"He replied, “Please ask King Solomon—for he won’t refuse you—to give me Abishag the Shunammite as wife.” ",Ninguno
I_Kings,2,18,ותאמר בתשבע טוב אנכי אדבר עליך אלהמלך,"“Very well,” said Bathsheba, “I will speak to the king in your behalf.”",Ninguno
I_Kings,2,19,ותבא בתשבע אלהמלך שלמה לדברלו עלאדניהו ויקם המלך לקראתה וישתחו לה וישב עלכסאו וישם כסא לאם המלך ותשב לימינו,"So Bathsheba went to King Solomon to speak to him about Adonijah. The king rose to greet her and bowed down to her. He sat on his throne; and he had a throne placed for the queen mother, and she sat on his right. ",Ninguno
I_Kings,2,20,ותאמר שאלה אחת קטנה אנכי שאלת מאתך אלתשב אתפני ויאמרלה המלך שאלי אמי כי לאאשיב אתפניך,"She said, “I have one small request to make of you, do not refuse me.” He responded, “Ask, Mother; I shall not refuse you.” ",Ninguno
I_Kings,2,21,ותאמר יתן אתאבישג השנמית לאדניהו אחיך לאשה,"Then she said, “Let Abishag the Shunammite be given to your brother Adonijah as wife.” ",Ninguno
I_Kings,2,22,"ויען המלך שלמה ויאמר לאמו ולמה את שאלת אתאבישג השנמית לאדניהו ושאלילו אתהמלוכה כי הוא אחי הגדול ממני ולו ולאביתר הכהן וליואב בןצרויה&nbsp;<span class=""mam-spi-pe"">{פ}</span><br>","The king replied to his mother, “Why request Abishag the Shunammite for Adonijah? Request the kingship for him! For he is my older brother, and the priest Abiathar and Joab son of Zeruiah are on his side.”gand the priest Abiathar and Joab son of Zeruiah are on his side Lit. “And for him and for Abiathar and for Joab son of Zeruiah.” Meaning of Heb. uncertain. ",Ninguno
I_Kings,2,23,וישבע המלך שלמה ביהוה לאמר כה יעשהלי אלהים וכה יוסיף כי בנפשו דבר אדניהו אתהדבר הזה,"Thereupon, King Solomon swore by GOD, saying, “So may God do to me and even more, if broaching this matter does not cost Adonijah his life! ",Ninguno
I_Kings,2,24,"ועתה חייהוה אשר הכינני <span class=""mam-kq""><span class=""mam-kq-k"">(ויושיביני)</span> <span class=""mam-kq-q"">[ויושיבני]</span></span> עלכסא דוד אבי ואשר עשהלי בית כאשר דבר כי היום יומת אדניהו","Now, as GOD lives, who has established me and set me on the throne of my father David and who has provided himhhim Heb. “me.” with a house, as he promised, Adonijah shall be put to death this very day!” ",Ninguno
I_Kings,2,25,"וישלח המלך שלמה ביד בניהו בןיהוידע ויפגעבו וימת&nbsp;<span class=""mam-spi-samekh"">{ס}</span>&nbsp;&nbsp;&nbsp;&nbsp;&nbsp;&nbsp;&nbsp;&nbsp;","And Solomon instructed Benaiah son of Jehoiada, who struck AdonijahiAdonijah Heb. “him.” down; and so he died.",Percepción (Yada)
I_Kings,2,26,ולאביתר הכהן אמר המלך ענתת לך עלשדיך כי איש מות אתה וביום הזה לא אמיתך כינשאת אתארון אדני יהוה לפני דוד אבי וכי התענית בכל אשרהתענה אבי,"To the priest Abiathar, the king said, “Go to your estate at Anathoth! You deserve to die, but I shall not put you to death at this time, because you carried the Ark of my Sovereign GOD before my father David and because you shared all the hardships that my father endured.” ",Ninguno
I_Kings,2,27,"ויגרש שלמה אתאביתר מהיות כהן ליהוה למלא אתדבר יהוה אשר דבר עלבית עלי בשלה&nbsp;<span class=""mam-spi-pe"">{פ}</span><br>",So Solomon dismissed Abiathar from his office of priest of GOD—thus fulfilling what GOD had spoken at Shilohjwhat GOD had spoken at Shiloh Cf. 1 Sam. 3.14. regarding the house of Eli.,Ninguno
I_Kings,2,28,והשמעה באה עדיואב כי יואב נטה אחרי אדניה ואחרי אבשלום לא נטה וינס יואב אלאהל יהוה ויחזק בקרנות המזבח,"When the news reached Joab, he fled to the Tent of GOD and grasped the horns of the altar—for Joab had sided with Adonijah, though he had not sided with Absalom. ",Ninguno
I_Kings,2,29,ויגד למלך שלמה כי נס יואב אלאהל יהוה והנה אצל המזבח וישלח שלמה אתבניהו בןיהוידע לאמר לך פגעבו,"King Solomon was told that Joab had fled to the Tent of GOD and that he was there by the altar; so Solomon sent Benaiah son of Jehoiada, saying, “Go and strike him down.” ",Percepción (Yada)
I_Kings,2,30,ויבא בניהו אלאהל יהוה ויאמר אליו כהאמר המלך צא ויאמר&thinsp;<small></small>&thinsp;לא כי פה אמות וישב בניהו אתהמלך דבר לאמר כהדבר יואב וכה ענני,"Benaiah went to the Tent of GOD and said to him, “Thus said the king: Come out!” “No!” he replied; “I will die here.” Benaiah reported back to the king that Joab had answered thus and thus, ",Ninguno
I_Kings,2,31,ויאמר לו המלך עשה כאשר דבר ופגעבו וקברתו והסירת&thinsp;<b></b> דמי חנם אשר שפך יואב מעלי ומעל בית אבי,"and the king said, “Do just as he said; strike him down and bury him, and remove guilt from me and my father’s house for the blood of the innocent that Joab has shed. ",Ninguno
I_Kings,2,32,והשיב יהוה אתדמו עלראשו אשר פגע בשניאנשים צדקים וטבים ממנו ויהרגם בחרב ואבי דוד לא ידע אתאבנר בןנר שרצבא ישראל ואתעמשא בןיתר שרצבא יהודה,"Thus GOD will bring his blood guilt down upon his own head, because, unbeknown to my father, he struck down with the sword two men more righteous and honorable than he—Abner son of Ner, the army commander of Israel, and Amasa son of Jether, the army commander of Judah. ",Percepción (Yada)
I_Kings,2,33,ושבו דמיהם בראש יואב ובראש זרעו לעלם ולדוד ולזרעו ולביתו ולכסאו יהיה שלום עדעולם מעם יהוה,"May the guilt for their blood come down upon the head of Joab and his descendants forever, and may good fortune from GOD be granted forever to David and his descendants, his house and his throne.” ",Ninguno
I_Kings,2,34,ויעל בניהו בןיהוידע ויפגעבו וימתהו ויקבר בביתו במדבר,So Benaiah son of Jehoiada went up and struck him down. And he was buried at his home in the wilderness.,Percepción (Yada)
I_Kings,2,35,ויתן המלך אתבניהו בןיהוידע תחתיו עלהצבא ואתצדוק הכהן נתן המלך תחת אביתר,"In his place, the king appointed Benaiah son of Jehoiada over the army, and in place of Abiathar, the king appointed the priest Zadok.",Percepción (Yada)
I_Kings,2,36,וישלח המלך ויקרא לשמעי ויאמר לו בנהלך בית בירושל͏ם וישבת שם ולאתצא משם אנה ואנה,"Then the king summoned Shimei and said to him, “Build yourself a house in Jerusalem and stay there—do not ever go out from there anywhere else. ",Ninguno
I_Kings,2,37,והיה&thinsp;<b></b> ביום צאתך ועברת אתנחל קדרון ידע תדע כי מות תמות דמך יהיה בראשך,"On the very day that you go out and cross the Wadi Kidron, you can be sure that you will die; your blood shall be on your own head.” ",Percepción (Yada)
I_Kings,2,38,"ויאמר שמעי למלך טוב הדבר כאשר דבר אדני המלך כן יעשה עבדך וישב שמעי בירושל͏ם ימים רבים&nbsp;<span class=""mam-spi-samekh"">{ס}</span>&nbsp;&nbsp;&nbsp;&nbsp;&nbsp;&nbsp;&nbsp;&nbsp;","“That is fair,” said Shimei to the king, “your servant will do just as my lord the king has spoken.” And for a long time, Shimei remained in Jerusalem.",Ninguno
I_Kings,2,39,ויהי מקץ שלש שנים ויברחו שניעבדים לשמעי אלאכיש בןמעכה מלך גת ויגידו לשמעי לאמר הנה עבדיך בגת,"Three years later, two slaves of Shimei ran away to King Achish son of Maacah of Gath. Shimei was told, “Your slaves are in Gath.” ",Ninguno
I_Kings,2,40,"ויקם שמעי ויחבש אתחמרו וילך גתה אלאכיש לבקש אתעבדיו וילך שמעי ויבא אתעבדיו מגת&nbsp;<span class=""mam-spi-samekh"">{ס}</span>&nbsp;&nbsp;&nbsp;&nbsp;&nbsp;&nbsp;&nbsp;&nbsp;",Shimei thereupon saddled his donkey and went to Achish in Gath to claim his slaves; and Shimei returned from Gath with his slaves.,Ninguno
I_Kings,2,41,ויגד לשלמה כיהלך שמעי מירושל͏ם גת וישב,"Solomon was told that Shimei had gone from Jerusalem to Gath and back, ",Ninguno
I_Kings,2,42,וישלח המלך ויקרא לשמעי ויאמר אליו הלוא השבעתיך ביהוה ואעד בך לאמר ביום צאתך והלכת אנה ואנה ידע תדע כי מות תמות ותאמר אלי טוב הדבר שמעתי,"and the king summoned Shimei and said to him, “Did I not adjure you by GOD and warn you, ‘On the very day that you leave and go anywhere else, you can be sure that you will die,’ and did you not say to me, ‘It is fair; I accept’? ",Percepción (Yada)
I_Kings,2,43,ומדוע לא שמרת את שבעת יהוה ואתהמצוה אשרצויתי עליך,Why did you not abide by the oath before GOD and by the orders that I gave you?”,Ninguno
I_Kings,2,44,ויאמר המלך אלשמעי אתה ידעת את כלהרעה אשר ידע לבבך אשר עשית לדוד אבי והשיב יהוה אתרעתך בראשך,"The king said further to Shimei, “You know all the wrong, which you remember very well, that you did to my father David. Now GOD brings down your wrongdoing upon your own head. ",Percepción (Yada)
I_Kings,2,45,והמלך שלמה ברוך וכסא דוד יהיה נכון לפני יהוה עדעולם,"But King Solomon shall be blessed, and the throne of David shall be established before GOD forever.”",Ninguno
I_Kings,2,46,ויצו המלך אתבניהו בןיהוידע ויצא ויפגעבו וימת והממלכה נכונה בידשלמה,The king gave orders to Benaiah son of Jehoiada and he went out and struck ShimeikShimei Heb. “him.” down; and so he died.Thus the kingdom was secured in Solomon’s hands.,Percepción (Yada)
I_Kings,3,1,ויתחתן שלמה אתפרעה מלך מצרים ויקח אתבתפרעה ויביאה אלעיר דוד עד כלתו לבנות אתביתו ואתבית יהוה ואתחומת ירושל͏ם סביב,"Solomon allied himself by marriage with Pharaoh king of Egypt. He married Pharaoh’s daughter and brought her to the City of David [to live there] until he had finished building his palace, and the House of GOD, and the walls around Jerusalem.",Ninguno
I_Kings,3,2,"רק העם מזבחים בבמות כי לאנבנה בית לשם יהוה עד הימים ההם&nbsp;<span class=""mam-spi-pe"">{פ}</span><br>","The people, however, continued to offer sacrifices at the open shrines, because up to that time no house had been built for GOD’s name. ",Ninguno
I_Kings,3,3,ויאהב שלמה אתיהוה ללכת בחקות דוד אביו רק בבמות הוא מזבח ומקטיר,"And Solomon, though he loved GOD and followed the practices of his father David, also sacrificed and offered at the shrines.",Ninguno
I_Kings,3,4,וילך המלך גבענה לזבח שם כיהיא הבמה הגדולה אלף עלות יעלה שלמה על המזבח ההוא,"The king went to Gibeon to sacrifice there, for that was the largest shrine; on that altar Solomon presented a thousand burnt offerings. ",Ninguno
I_Kings,3,5,בגבעון נראה יהוה אלשלמה בחלום הלילה ויאמר אלהים שאל מה אתןלך,"At Gibeon GOD appeared toaappeared to Or “made contact with.” Solomon in a dream by night; and God said, “Ask, what shall I grant you?” ",Ninguno
I_Kings,3,6,ויאמר שלמה אתה עשית עםעבדך דוד אבי חסד גדול כאשר הלך לפניך באמת ובצדקה ובישרת לבב עמך ותשמרלו אתהחסד הגדול הזה ותתןלו בן ישב עלכסאו כיום הזה,"Solomon said, “You dealt most graciously with Your servant my father David, because he walked before You in faithfulness and righteousness and in integrity of heart. You have continued this great kindness to him by giving him a son to occupy his throne, as is now the case. ",Ninguno
I_Kings,3,7,ועתה יהוה אלהי אתה המלכת אתעבדך תחת דוד אבי ואנכי נער קטן לא אדע צאת ובא,"And now, my ETERNAL God, You have made Your servant king in place of my father David; but I am a young lad, with no experience in leadership.bwith no experience in leadership Lit. “do not know going out and coming in”; cf. Num. 27.17. ",Ninguno
I_Kings,3,8,ועבדך בתוך עמך אשר בחרת עםרב אשר לאימנה ולא יספר מרב,"Your servant finds himself in the midst of the people You have chosen, a people too numerous to be numbered or counted. ",Ninguno
I_Kings,3,9,ונתת לעבדך לב שמע לשפט אתעמך להבין ביןטוב לרע כי מי יוכל לשפט אתעמך הכבד הזה,"Grant, then, Your servant an understanding mindcunderstanding mind Lit. “listening heart.” to judge Your people, to distinguish between good and bad; for who can judge this vast people of Yours?”",Separación (Beyn)
I_Kings,3,10,וייטב הדבר בעיני אדני כי שאל שלמה אתהדבר הזה,"Pleased that Solomon had asked for this, ",Ninguno
I_Kings,3,11,ויאמר אלהים אליו יען אשר שאלת אתהדבר הזה ולאשאלת לך ימים רבים ולאשאלת לך עשר ולא שאלת נפש איביך ושאלת לך הבין לשמע משפט,"God said to him, “Because you asked for this—you did not ask for long life, you did not ask for riches, you did not ask for the life of your enemies, but you asked for discernment in dispensing justice— ",Separación (Beyn)
I_Kings,3,12,הנה עשיתי כדבריך הנה&thinsp;<b></b> נתתי לך לב חכם ונבון אשר כמוך לאהיה לפניך ואחריך לאיקום כמוך,"I now do as you have spoken. I grant you a wise and discerning mind; there has never been anyone like you before, nor will anyone like you arise again. ",Ninguno
I_Kings,3,13,וגם אשר לאשאלת נתתי לך גםעשר גםכבוד אשר לאהיה כמוך איש במלכים כלימיך,And I also grant you what you did not ask for—both riches and glory all your life—the like of which no king has ever had.,Ninguno
I_Kings,3,14,"ואם&thinsp;<b></b> תלך בדרכי לשמר חקי ומצותי כאשר הלך דויד אביך והארכתי אתימיך&nbsp;<span class=""mam-spi-samekh"">{ס}</span>&nbsp;&nbsp;&nbsp;&nbsp;&nbsp;&nbsp;&nbsp;&nbsp;","And I will further grant you long life, if you will walk in My ways and observe My laws and commandments, as did your father David.”",Ninguno
I_Kings,3,15,"ויקץ שלמה והנה חלום ויבוא ירושל͏ם ויעמד&thinsp;<b></b> לפני&thinsp;<b></b> ארון בריתאדני ויעל עלות ויעש שלמים ויעש משתה לכלעבדיו&nbsp;<span class=""mam-spi-pe"">{פ}</span><br>","Then Solomon awoke: it was a dream! He went to Jerusalem, stood before the Ark of the Covenant of the Sovereign One, and sacrificed burnt offerings and presented offerings of well-being; and he made a banquet for all his courtiers.",Ninguno
I_Kings,3,16,אז תבאנה שתים נשים זנות אלהמלך ותעמדנה לפניו,Later two prostitutes came to the king and stood before him.,Ninguno
I_Kings,3,17,ותאמר האשה האחת בי אדני אני והאשה הזאת ישבת בבית אחד ואלד עמה בבית,"The first woman said, “Please, my lord! This woman and I live in the same house; and I gave birth to a child while she was in the house. ",Ninguno
I_Kings,3,18,ויהי ביום השלישי ללדתי ותלד גםהאשה הזאת ואנחנו יחדו איןזר אתנו בבית זולתי שתיםאנחנו בבית,"On the third day after I was delivered, this woman also gave birth to a child. We were alone; there was no one else with us in the house, just the two of us in the house. ",Ninguno
I_Kings,3,19,וימת בןהאשה הזאת לילה אשר שכבה עליו,"During the night this woman’s child died, because she lay on it. ",Ninguno
I_Kings,3,20,ותקם בתוך הלילה ותקח אתבני מאצלי ואמתך ישנה ותשכיבהו בחיקה ואתבנה המת השכיבה בחיקי,"She arose in the night and took my son from my side while your maidservant was asleep, and laid him in her bosom; and she laid her dead son in my bosom. ",Ninguno
I_Kings,3,21,ואקם בבקר להיניק אתבני והנהמת ואתבונן אליו בבקר והנה לאהיה בני אשר ילדתי,"When I arose in the morning to nurse my son, there he was, dead; but when I looked at him closely in the morning, it was not the son I had borne.”",Ninguno
I_Kings,3,22,ותאמר האשה האחרת לא כי בני החי ובנך המת וזאת אמרת לא כי בנך המת ובני החי ותדברנה לפני המלך,"The other woman spoke up, “No, the live one is my son, and the dead one is yours!” But the first insisted, “No, the dead boy is yours; mine is the live one!” And they went on arguing before the king.",Ninguno
I_Kings,3,23,"ויאמר המלך זאת אמרת זהבני החי ובנך המת וזאת אמרת לא כי בנך המת ובני החי&nbsp;<span class=""mam-spi-pe"">{פ}</span><br>","The king said, “One says, ‘This is my son, the live one, and the dead one is yours’; and the other says, ‘No, the dead boy is yours, mine is the live one.’” ",Ninguno
I_Kings,3,24,ויאמר המלך קחו ליחרב ויבאו החרב לפני המלך,"So the king gave the order, “Fetch me a sword.” A sword was brought before the king, ",Ninguno
I_Kings,3,25,ויאמר המלך גזרו אתהילד החי לשנים ותנו אתהחצי לאחת ואתהחצי לאחת,"and the king said, “Cut the live child in two, and give half to one and half to the other.”",Ninguno
I_Kings,3,26,ותאמר האשה אשרבנה החי אלהמלך כינכמרו רחמיה עלבנה ותאמר&thinsp;<b></b> בי אדני תנולה אתהילוד החי והמת אלתמיתהו וזאת אמרת גםלי גםלך לא יהיה גזרו,"But the woman whose son was the live one pleaded with the king, for she was overcome with compassion for her son. “Please, my lord,” she cried, “give her the live child; only don’t kill it!” The other insisted, “It shall be neither yours nor mine; cut it in two!” ",Ninguno
I_Kings,3,27,"ויען המלך ויאמר תנולה אתהילוד החי והמת לא תמיתהו היא אמו&nbsp;<span class=""mam-spi-samekh"">{ס}</span>&nbsp;&nbsp;&nbsp;&nbsp;&nbsp;&nbsp;&nbsp;&nbsp;","Then the king spoke up. “Give the live child to her,” he said, “and do not put it to death; she is its mother.”",Ninguno
I_Kings,3,28,"וישמעו כלישראל אתהמשפט אשר שפט המלך ויראו מפני המלך כי ראו כיחכמת אלהים בקרבו לעשות משפט&nbsp;<span class=""mam-spi-samekh"">{ס}</span>&nbsp;&nbsp;&nbsp;&nbsp;&nbsp;&nbsp;&nbsp;&nbsp;","When all Israel heard the decision that the king had rendered, they stood in awe of the king; for they saw that he possessed divine wisdom to execute justice.",Ninguno
I_Kings,4,1,"ויהי המלך שלמה מלך עלכלישראל&nbsp;<span class=""mam-spi-samekh"">{ס}</span>&nbsp;&nbsp;&nbsp;&nbsp;&nbsp;&nbsp;&nbsp;&nbsp;",King Solomon was now king over all Israel.,Ninguno
I_Kings,4,2,"ואלה השרים אשרלו עזריהו בןצדוק הכהן&nbsp;<span class=""mam-spi-samekh"">{ס}</span>&nbsp;&nbsp;&nbsp;&nbsp;&nbsp;&nbsp;&nbsp;&nbsp;",These were his officials:Azariah son of Zadok—the priest;,Ninguno
I_Kings,4,3,"אליחרף ואחיה בני שישא ספרים&nbsp;<span class=""mam-spi-samekh"">{ס}</span>&nbsp;&nbsp;&nbsp;&nbsp;&nbsp;&nbsp;&nbsp;&nbsp;יהושפט בןאחילוד המזכיר&nbsp;<span class=""mam-spi-samekh"">{ס}</span>&nbsp;&nbsp;&nbsp;&nbsp;&nbsp;&nbsp;&nbsp;&nbsp;",Elihoreph and Ahijah sons of Shisha—scribes;Jehoshaphat son of Ahilud—recorder;,Ninguno
I_Kings,4,4,"ובניהו בןיהוידע עלהצבא&nbsp;<span class=""mam-spi-samekh"">{ס}</span>&nbsp;&nbsp;&nbsp;&nbsp;&nbsp;&nbsp;&nbsp;&nbsp;וצדוק ואביתר כהנים&nbsp;<span class=""mam-spi-samekh"">{ס}</span>&nbsp;&nbsp;&nbsp;&nbsp;&nbsp;&nbsp;&nbsp;&nbsp;",Benaiah son of Jehoiada—over the army;Zadok and Abiathar—priests;,Percepción (Yada)
I_Kings,4,5,"ועזריהו בןנתן עלהנצבים&nbsp;<span class=""mam-spi-samekh"">{ס}</span>&nbsp;&nbsp;&nbsp;&nbsp;&nbsp;&nbsp;&nbsp;&nbsp;וזבוד בןנתן כהן רעה המלך&nbsp;<span class=""mam-spi-samekh"">{ס}</span>&nbsp;&nbsp;&nbsp;&nbsp;&nbsp;&nbsp;&nbsp;&nbsp;",Azariah son of Nathan—in charge of the prefects;Zabud son of Nathan the priest—companion of the king;,Ninguno
I_Kings,4,6,"ואחישר עלהבית&nbsp;<span class=""mam-spi-samekh"">{ס}</span>&nbsp;&nbsp;&nbsp;&nbsp;&nbsp;&nbsp;&nbsp;&nbsp;ואדנירם בןעבדא עלהמס&nbsp;<span class=""mam-spi-samekh"">{ס}</span>&nbsp;&nbsp;&nbsp;&nbsp;&nbsp;&nbsp;&nbsp;&nbsp;",Ahishar—in charge of the palace; andAdoniram son of Abda—in charge of the forced labor.,Ninguno
I_Kings,4,7,"ולשלמה שניםעשר נצבים עלכלישראל וכלכלו אתהמלך ואתביתו חדש בשנה יהיה על<span class=""mam-kq""><span class=""mam-kq-q"">[האחד]</span> <span class=""mam-kq-k"">(אחד)</span></span> לכלכל&nbsp;<span class=""mam-spi-samekh"">{ס}</span>&nbsp;&nbsp;&nbsp;&nbsp;&nbsp;&nbsp;&nbsp;&nbsp;","Solomon had twelve prefects governing all Israel, who provided food for the king and his household; each had to provide food for one month in the year. ",Ninguno
I_Kings,4,8,"ואלה שמותם בןחור בהר אפרים&nbsp;<span class=""mam-spi-samekh"">{ס}</span>&nbsp;&nbsp;&nbsp;&nbsp;&nbsp;&nbsp;&nbsp;&nbsp;","And these were their names: Ben-hur, in the hill country of Ephraim; ",Ninguno
I_Kings,4,9,"בןדקר במקץ ובשעלבים ובית שמש ואילון בית חנן&nbsp;<span class=""mam-spi-samekh"">{ס}</span>&nbsp;&nbsp;&nbsp;&nbsp;&nbsp;&nbsp;&nbsp;&nbsp;","Ben-deker, in Makaz, Shaalbim, Beth-shemesh, and Elon-beth-hanan; ",Ninguno
I_Kings,4,10,"בןחסד בארבות לו שכה וכלארץ חפר&nbsp;<span class=""mam-spi-samekh"">{ס}</span>&nbsp;&nbsp;&nbsp;&nbsp;&nbsp;&nbsp;&nbsp;&nbsp;",Ben-hesed in Arubboth—he governed Socho and all the Hepher area;,Ninguno
I_Kings,4,11,"בןאבינדב כלנפת דאר טפת בתשלמה היתה לו לאשה&nbsp;<span class=""mam-spi-samekh"">{ס}</span>&nbsp;&nbsp;&nbsp;&nbsp;&nbsp;&nbsp;&nbsp;&nbsp;","Ben-abinadab, [in] all of Naphath-dor (Solomon’s daughter Taphath was his wife); ",Ninguno
I_Kings,4,12,"בענא בןאחילוד תענך ומגדו וכלבית שאן אשר אצל צרתנה מתחת ליזרעאל מבית שאן עד אבל מחולה עד מעבר ליקמעם&nbsp;<span class=""mam-spi-samekh"">{ס}</span>&nbsp;&nbsp;&nbsp;&nbsp;&nbsp;&nbsp;&nbsp;&nbsp;","Baana son of Ahilud [in] Taanach and Megiddo and all Beth-shean, which is beside Zarethan, below Jezreel—from Beth-shean to Abel-meholah as far as the other side of Jokmeam; ",Ninguno
I_Kings,4,13,"בןגבר ברמת גלעד לו חות יאיר בןמנשה אשר בגלעד לו חבל ארגב אשר בבשן ששים ערים גדלות חומה ובריח נחשת&nbsp;<span class=""mam-spi-samekh"">{ס}</span>&nbsp;&nbsp;&nbsp;&nbsp;&nbsp;&nbsp;&nbsp;&nbsp;","Ben-geber, in Ramoth-gilead—he governed the villages of Jair son of Manasseh that are in Gilead, and he also governed the district of Argob that is in Bashan, sixty large towns with walls and bronze bars; ",Ninguno
I_Kings,4,14,"אחינדב בןעדא מחנימה&nbsp;<span class=""mam-spi-samekh"">{ס}</span>&nbsp;&nbsp;&nbsp;&nbsp;&nbsp;&nbsp;&nbsp;&nbsp;","Ahinadab son of Iddo, in Mahanaim; ",Ninguno
I_Kings,4,15,"אחימעץ בנפתלי גםהוא לקח אתבשמת בתשלמה לאשה&nbsp;<span class=""mam-spi-samekh"">{ס}</span>&nbsp;&nbsp;&nbsp;&nbsp;&nbsp;&nbsp;&nbsp;&nbsp;","Ahimaaz, in Naphtali (he too took a daughter of Solomon—Basemath—to wife); ",Ninguno
I_Kings,4,16,"בענא בןחושי באשר ובעלות&nbsp;<span class=""mam-spi-samekh"">{ס}</span>&nbsp;&nbsp;&nbsp;&nbsp;&nbsp;&nbsp;&nbsp;&nbsp;","Baanah son of Hushi, in Asher and Bealoth;aBealoth Or “in Aloth.” ",Ninguno
I_Kings,4,17,"יהושפט בןפרוח ביששכר&nbsp;<span class=""mam-spi-samekh"">{ס}</span>&nbsp;&nbsp;&nbsp;&nbsp;&nbsp;&nbsp;&nbsp;&nbsp;","Jehoshaphat son of Paruah, in Issachar; ",Ninguno
I_Kings,4,18,"שמעי בןאלא בבנימן&nbsp;<span class=""mam-spi-samekh"">{ס}</span>&nbsp;&nbsp;&nbsp;&nbsp;&nbsp;&nbsp;&nbsp;&nbsp;","Shimei son of Ela, in Benjamin; ",Ninguno
I_Kings,4,19,גבר בןארי בארץ גלעד ארץ סיחון&thinsp;<b></b> מלך האמרי ועג מלך הבשן ונציב אחד אשר בארץ,"Geber son of Uri, in the region of Gilead, the country of Sihon, king of the Amorites, and Og, king of Bashan; and one prefect who was in the land.band one prefect who was in the land Meaning of Heb. uncertain. ",Ninguno
I_Kings,4,20,יהודה וישראל רבים כחול אשרעלהים לרב אכלים ושתים ושמחים,Judah and Israel were as numerous as the sands of the sea; they ate and drank and were content.,Ninguno
I_Kings,5,1,"ושלמה היה מושל בכלהממלכות מןהנהר ארץ פלשתים ועד גבול מצרים מגשים מנחה ועבדים אתשלמה כלימי חייו&nbsp;<span class=""mam-spi-pe"">{פ}</span><br>",Solomon’s rule extended over all the kingdoms from the Euphrates to the land of the Philistines and the boundary of Egypt. They brought Solomon tribute and were subject to him all his life.,Ninguno
I_Kings,5,2,ויהי לחםשלמה ליום אחד שלשים כר סלת וששים כר קמח,"Solomon’s daily provisions consisted of 30 kors of semolina, and 60 kors of [ordinary] flour, ",Ninguno
I_Kings,5,3,עשרה בקר בראים ועשרים בקר רעי ומאה צאן לבד מאיל וצבי ויחמור וברברים אבוסים,"10 fattened oxen, 20 pasture-fed oxen, and 100 sheep and goats, besides deer and gazelles, roebucks and fatted geese.afatted geese Exact meaning of Heb. uncertain. ",Ninguno
I_Kings,5,4,כיהוא רדה&thinsp;<b></b> בכלעבר הנהר מתפסח ועדעזה בכלמלכי עבר הנהר ושלום היה לו מכלעבריו מסביב,"For he controlled the whole region west of the Euphrates—all the kings west of the Euphrates, from Tiphsah to Gaza—and he had peace on all his borders round about. ",Ninguno
I_Kings,5,5,"וישב יהודה וישראל לבטח איש תחת גפנו ותחת תאנתו מדן ועדבאר שבע כל ימי שלמה&nbsp;<span class=""mam-spi-samekh"">{ס}</span>&nbsp;&nbsp;&nbsp;&nbsp;&nbsp;&nbsp;&nbsp;&nbsp;","All the days of Solomon, Judah and Israel from Dan to Beer-sheba dwelt in safety, every family under its own vine and fig tree. ",Ninguno
I_Kings,5,6,ויהי לשלמה ארבעים אלף ארות סוסים למרכבו ושניםעשר אלף פרשים,"Solomon had 40,000 stalls of horses for his chariotry and 12,000 riders.",Ninguno
I_Kings,5,7,וכלכלו הנצבים האלה אתהמלך שלמה ואת כלהקרב אלשלחן המלךשלמה איש חדשו לא יעדרו דבר,"bResuming the account begun in 4.2. All those prefects, each during his month, would furnish provisions for King Solomon and for all who were admitted to King Solomon’s table; they did not fall short in anything. ",Ninguno
I_Kings,5,8,"והשערים והתבן לסוסים ולרכש יבאו אלהמקום אשר יהיהשם איש כמשפטו&nbsp;<span class=""mam-spi-samekh"">{ס}</span>&nbsp;&nbsp;&nbsp;&nbsp;&nbsp;&nbsp;&nbsp;&nbsp;","They would also, each in his turn, deliver barley and straw for the horses and the swift steeds to the places where they were stationed.",Ninguno
I_Kings,5,9,ויתן אלהים חכמה לשלמה ותבונה הרבה מאד ורחב לב כחול אשר עלשפת הים,"God endowed Solomon with wisdom and discernment in great measure, with understanding as vast as the sands on the seashore. ",Ninguno
I_Kings,5,10,ותרב חכמת שלמה מחכמת כלבניקדם ומכל חכמת מצרים,Solomon’s wisdom was greater than the wisdom of all the Kedemites and than all the wisdom of the Egyptians.,Ninguno
I_Kings,5,11,ויחכם מכלהאדם מאיתן האזרחי והימן וכלכל ודרדע בני מחול ויהישמו בכלהגוים סביב,"He was wiser than anybody else—including Ethan the Ezrahite, and Heman, Chalkol, and Darda the sons of Mahol. His fame spread among all the surrounding nations. ",Ninguno
I_Kings,5,12,וידבר שלשת אלפים משל ויהי שירו חמשה ואלף,"He composed three thousand proverbs, and his songs numbered one thousand and five. ",Ninguno
I_Kings,5,13,וידבר עלהעצים מןהארז אשר בלבנון ועד האזוב אשר יצא בקיר וידבר עלהבהמה ועלהעוף ועלהרמש ועלהדגים,"He discoursed about trees, from the cedar in Lebanon to the hyssop that grows out of the wall; and he discoursed about beasts, birds, creeping things, and fishes. ",Ninguno
I_Kings,5,14,"ויבאו מכלהעמים לשמע את חכמת שלמה מאת כלמלכי הארץ אשר שמעו אתחכמתו&nbsp;<span class=""mam-spi-samekh"">{ס}</span>&nbsp;&nbsp;&nbsp;&nbsp;&nbsp;&nbsp;&nbsp;&nbsp;","EnvoyscEnvoys Heb. “They.” came from all peoples to hear Solomon’s wisdom, [sent] by all the monarchs of the earth who had heard of his wisdom.",Ninguno
I_Kings,5,15,"וישלח חירם מלךצור אתעבדיו אלשלמה כי שמע כי אתו משחו למלך תחת אביהו כי אהב היה חירם לדוד כלהימים&nbsp;<span class=""mam-spi-samekh"">{ס}</span>&nbsp;&nbsp;&nbsp;&nbsp;&nbsp;&nbsp;&nbsp;&nbsp;",King Hiram of Tyre sent his officials to Solomon when he heard that he had been anointed king in place of his father; for Hiram had always been a friend of David.,Ninguno
I_Kings,5,16,וישלח שלמה אלחירם לאמר,Solomon sent this message to Hiram:,Ninguno
I_Kings,5,17,"אתה ידעת אתדוד אבי כי לא יכל לבנות בית לשם יהוה אלהיו מפני המלחמה אשר סבבהו עד תתיהוה אתם תחת כפות <span class=""mam-kq""><span class=""mam-kq-k"">(רגלו)</span> <span class=""mam-kq-q"">[רגלי]</span></span>","“You know that my father David could not build a house for the name of the ETERNAL his God because of the enemiesdenemies Heb. “war”; cf. Targum. that encompassed him, until GOD had placed them under the soles of his feet. ",Percepción (Yada)
I_Kings,5,18,ועתה הניח יהוה אלהי לי מסביב אין שטן ואין פגע רע,But now the ETERNAL my God has given me respite all around; there is no adversary and no mischance.,Ninguno
I_Kings,5,19,והנני אמר לבנות בית לשם יהוה אלהי כאשר&thinsp;<b></b> דבר יהוה אלדוד אבי לאמר בנך אשר אתן תחתיך עלכסאך הואיבנה הבית לשמי,"And so I propose to build a house for the name of the ETERNAL my God, as the ETERNAL promised my father David, saying, ‘Your son, whom I will set on your throne in your place, shall build the house for My name.’ ",Ninguno
I_Kings,5,20,ועתה צוה ויכרתולי ארזים מןהלבנון ועבדי יהיו עםעבדיך ושכר עבדיך אתן לך ככל אשר תאמר כי&thinsp;<b></b> אתה ידעת כי אין בנו איש ידע לכרתעצים כצדנים,"Please, then, give orders for cedars to be cut for me in the Lebanon. My servants will work with yours, and I will pay you any wages you may ask for your servants; for as you know, there is none among us who knows how to cut timber like the Sidonians.”",Percepción (Yada)
I_Kings,5,21,ויהי כשמע חירם אתדברי שלמה וישמח מאד ויאמר ברוך יהוה היום אשר נתן לדוד בן חכם עלהעם הרב הזה,"When Hiram heard Solomon’s message, he was overjoyed. “Praised be GOD this day,” he said, “for granting David a wise son to govern this great people.” ",Ninguno
I_Kings,5,22,וישלח חירם אלשלמה לאמר שמעתי את אשרשלחת אלי אני אעשה אתכלחפצך בעצי ארזים ובעצי ברושים,So Hiram sent word to Solomon: “I have your message; I will supply all the cedar and cypress logs you require.,Ninguno
I_Kings,5,23,עבדי ירדו מןהלבנון ימה ואני אשימם דברות בים עדהמקום אשרתשלח אלי ונפצתים שם ואתה תשא ואתה תעשה אתחפצי לתת לחם ביתי,"My servants will bring them down to the sea from the Lebanon; and at the sea I will make them into floats and [deliver them] to any place that you designate to me. There I shall break them up for you to carry away. You, in turn, will supply the food I require for my household.” ",Ninguno
I_Kings,5,24,ויהי חירום נתן לשלמה עצי ארזים ועצי ברושים כלחפצו,"So Hiram kept Solomon provided with all the cedar and cypress wood he required, ",Ninguno
I_Kings,5,25,"ושלמה נתן לחירם עשרים אלף כר חטים מכלת לביתו ועשרים כר שמן כתית כהיתן שלמה לחירם שנה בשנה&nbsp;<span class=""mam-spi-pe"">{פ}</span><br>","and Solomon delivered to Hiram 20,000 kors of wheat as provisions for his household and 20 korse20 kors Septuagint reads, “20,000 baths.” of beaten oil. Such was Solomon’s annual payment to Hiram.",Ninguno
I_Kings,5,26,ויהוה נתן חכמה לשלמה כאשר דברלו ויהי שלם בין חירם ובין שלמה ויכרתו ברית שניהם," 
GOD
 had given Solomon wisdom, just as promised. There was friendship between Hiram and Solomon, and the two of them made a treaty.",Separación (Beyn)
I_Kings,5,27,ויעל המלך שלמה מס מכלישראל ויהי המס שלשים אלף איש,"King Solomon imposed forced labor on all Israel; the levy came to 30,000 men. ",Ninguno
I_Kings,5,28,"וישלחם לבנונה עשרת אלפים בחדש חליפות חדש יהיו בלבנון שנים חדשים בביתו ואדנירם עלהמס&nbsp;<span class=""mam-spi-samekh"">{ס}</span>&nbsp;&nbsp;&nbsp;&nbsp;&nbsp;&nbsp;&nbsp;&nbsp;","He sent them to the Lebanon in shifts of 10,000 a month: they would spend one month in the Lebanon and two months at home. Adoniram was in charge of the forced labor. ",Ninguno
I_Kings,5,29,ויהי לשלמה שבעים אלף נשא סבל ושמנים אלף חצב בהר,"Solomon also had 70,000 porters and 80,000 quarriers in the hills, ",Ninguno
I_Kings,5,30,"לבד משרי הנצבים לשלמה אשר עלהמלאכה שלשת אלפים ושלש מאות הרדים בעם העשים במלאכה&nbsp;<span class=""mam-spi-samekh"">{ס}</span>&nbsp;&nbsp;&nbsp;&nbsp;&nbsp;&nbsp;&nbsp;&nbsp;","apart from Solomon’s 3,300 officials who were in charge of the work and supervised the gangs doing the work.",Ninguno
I_Kings,5,31,ויצו המלך ויסעו אבנים גדלות אבנים יקרות ליסד הבית אבני גזית,"The king ordered huge blocks of choice stone to be quarried, so that the foundations of the house might be laid with hewn stones. ",Ninguno
I_Kings,5,32,"ויפסלו בני שלמה ובני חירום והגבלים ויכינו העצים והאבנים לבנות הבית&nbsp;<span class=""mam-spi-pe"">{פ}</span><br>","Solomon’s masons, Hiram’s masons, and those from Gebal shaped them. Thus the timber and the stones for building the house were made ready.",Ninguno
I_Kings,6,1,ויהי בשמונים שנה וארבע מאות שנה לצאת בניישראל מארץמצרים בשנה הרביעית בחדש זו הוא החדש השני למלך שלמה עלישראל ויבן הבית ליהוה,"In the four hundred and eightieth year after the Israelites left the land of Egypt, in the month of Ziv—that is, the second month—in the fourth year of his reign over Israel, Solomon began to build the House of GOD. ",Ninguno
I_Kings,6,2,והבית אשר בנה המלך שלמה ליהוה ששיםאמה ארכו ועשרים רחבו ושלשים אמה קומתו,"The House that King Solomon built for GOD was 60 cubits long, 20 cubits wide, and 30 cubits high. ",Ninguno
I_Kings,6,3,והאולם עלפני היכל הבית עשרים אמה ארכו עלפני רחב הבית עשר באמה רחבו עלפני הבית,The portico in front of the Great Hall of the House was 20 cubits long—along the width of the House—and 10 cubits deep to the front of the House.,Ninguno
I_Kings,6,4,ויעש לבית חלוני שקפים אטומים,"aMeaning of parts of vv. 4–6 is uncertain. He made windows for the House, recessed and latticed. ",Ninguno
I_Kings,6,5,"ויבן עלקיר הבית <span class=""mam-kq""><span class=""mam-kq-k"">(יצוע)</span> <span class=""mam-kq-q"">[יציע]</span></span> סביב אתקירות הבית סביב להיכל ולדביר ויעש צלעות סביב","Against the outside wall of the House—the outside walls of the House enclosing the Great Hall and the Shrinebthe Shrine I.e., the inner sanctuary, designated in v. 16 and elsewhere as the “Holy of Holies.”—he built a storied structure; and he made side chambers all around. ",Ninguno
I_Kings,6,6,"<span class=""mam-kq""><span class=""mam-kq-k"">(היצוע)</span> <span class=""mam-kq-q"">[היציע]</span></span> התחתנה חמש באמה רחבה והתיכנה שש באמה רחבה והשלישית שבע באמה רחבה כי מגרעות נתן לבית סביב חוצה לבלתי אחז בקירותהבית","The lowest story was 5 cubits wide, the middle one 6 cubits wide, and the third 7 cubits wide; for he had provided recesses around the outside of the House so as not to penetrate the walls of the House.",Ninguno
I_Kings,6,7,והבית בהבנתו אבןשלמה מסע נבנה ומקבות והגרזן כלכלי ברזל לאנשמע בבית בהבנתו,"When the House was built, only finished stones cut at the quarry were used, so that no hammer or ax or any iron tool was heard in the House while it was being built.",Ninguno
I_Kings,6,8,פתח הצלע התיכנה אלכתף הבית הימנית ובלולים יעלו עלהתיכנה ומןהתיכנה אלהשלשים,"The entrance to the middlecmiddle Septuagint and Targum read “lowest.” [story of] the side chambers was on the right side of the House; and winding stairs led up to the middle chambers, and from the middle chambers to the third story. ",Ninguno
I_Kings,6,9,ויבן אתהבית ויכלהו ויספן אתהבית גבים ושדרת בארזים,"When he finished building the House, he paneled the House with beams and planks of cedar.dhe paneled the House with beams and planks of cedar Meaning of Heb. uncertain. ",Ninguno
I_Kings,6,10,"ויבן את<span class=""mam-kq""><span class=""mam-kq-q"">[היציע]</span> <span class=""mam-kq-k"">(היצוע)</span></span> עלכלהבית חמש אמות קומתו ויאחז אתהבית בעצי ארזים&nbsp;<span class=""mam-spi-pe"">{פ}</span><br>","He built the storied structure against the entire House—each story 5 cubits high, so that it encased the House with timbers of cedar.",Ninguno
I_Kings,6,11,ויהי דבריהוה אלשלמה לאמר,"Then the word of GOD came to Solomon, ",Ninguno
I_Kings,6,12,הבית הזה אשראתה בנה אםתלך בחקתי ואתמשפטי תעשה ושמרת אתכלמצותי ללכת בהם והקמתי אתדברי אתך אשר דברתי אלדוד אביך,"“With regard to this House you are building—if you follow My laws and observe My rules and faithfully keep My commandments, I will fulfill for you the promise that I gave to your father David: ",Ninguno
I_Kings,6,13,"ושכנתי בתוך בני ישראל ולא אעזב אתעמי ישראל&nbsp;<span class=""mam-spi-pe"">{פ}</span><br>","I will abide among the children of Israel, and I will never forsake My people Israel.”",Ninguno
I_Kings,6,14,ויבן שלמה אתהבית ויכלהו,"When Solomon had completed the construction of the House, ",Ninguno
I_Kings,6,15,ויבן אתקירות הבית מביתה בצלעות ארזים מקרקע הבית עדקירות הספן צפה עץ מבית ויצף אתקרקע הבית בצלעות ברושים,"he paneled the walls of the House on the inside with planks of cedar. He also overlaid the walls on the inside with wood, from the floor of the House to the ceiling. And he overlaid the floor of the House with planks of cypress. ",Ninguno
I_Kings,6,16,"ויבן אתעשרים אמה <span class=""mam-kq""><span class=""mam-kq-k"">(מירכותי)</span> <span class=""mam-kq-q"">[מירכתי]</span></span> הבית בצלעות ארזים מןהקרקע עדהקירות ויבן לו מבית לדביר לקדש הקדשים","Twenty cubits from the rear of the House, he built [a partition] of cedar planks from the floor to the walls;ewalls Septuagint reads “rafters.” he furnished its interior to serve as a shrine, as the Holy of Holies. ",Ninguno
I_Kings,6,17,וארבעים באמה היה הבית הוא ההיכל לפני,"fMeaning of vv. 17–22 is unclear in part. The front part of the House, that is, the Great Hall, measured 40 cubits. ",Ninguno
I_Kings,6,18,וארז אלהבית פנימה מקלעת פקעים ופטורי צצים הכל ארז אין אבן נראה,"The cedar of the interior of the House had carvings of gourds and calyxes; it was all cedar, no stone was exposed. ",Ninguno
I_Kings,6,19,ודביר בתוךהבית מפנימה הכין לתתן שם אתארון ברית יהוה,"In the innermost part of the House, he fixed a Shrine in which to place the Ark of GOD’s Covenant. ",Ninguno
I_Kings,6,20,ולפני הדביר עשרים אמה ארך ועשרים אמה רחב ועשרים אמה קומתו ויצפהו זהב סגור ויצף מזבח ארז,"The interior of thegThe interior of the Meaning of Heb. uncertain. Shrine was 20 cubits long, 20 cubits wide, and 20 cubits high. He overlaid it with solid gold; he similarly overlaid [its] cedar altar. ",Ninguno
I_Kings,6,21,"ויצף שלמה אתהבית מפנימה זהב סגור ויעבר <span class=""mam-kq""><span class=""mam-kq-k"">(ברתיקות)</span> <span class=""mam-kq-q"">[ברתוקות]</span></span> זהב לפני הדביר ויצפהו זהב","Solomon overlaid the interior of the House with solid gold; and he inserted golden chains into the door ofhinto the door of Heb. “in front of.” the Shrine. He overlaid [the Shrine] with gold, ",Ninguno
I_Kings,6,22,ואתכלהבית צפה זהב עדתם כלהבית וכלהמזבח אשרלדביר צפה זהב,so that the entire House was overlaid with gold; he even overlaid with gold the entire altar of the Shrine. And so the entire House was completed.,Ninguno
I_Kings,6,23,ויעש בדביר שני כרובים עצישמן עשר אמות קומתו,"In the Shrine he made two cherubim of olive wood, each 10 cubits high. ",Ninguno
I_Kings,6,24,וחמש אמות כנף הכרוב האחת וחמש אמות כנף הכרוב השנית עשר אמות מקצות כנפיו ועדקצות כנפיו,"[One] had a wing measuring 5 cubits and another wing measuring 5 cubits, so that the spread from wingtip to wingtip was 10 cubits; ",Ninguno
I_Kings,6,25,ועשר באמה הכרוב השני מדה אחת וקצב אחד לשני הכרבים,and the wingspread of the other cherub was also 10 cubits. The two cherubim had the same measurements and proportions:,Ninguno
I_Kings,6,26,קומת הכרוב האחד עשר באמה וכן הכרוב השני,"the height of the one cherub was 10 cubits, and so was that of the other cherub.",Ninguno
I_Kings,6,27,ויתן אתהכרובים בתוך&thinsp;<b></b> הבית הפנימי ויפרשו אתכנפי הכרבים ותגע כנףהאחד בקיר וכנף הכרוב השני נגעת בקיר השני וכנפיהם אלתוך הבית נגעת כנף אלכנף,"He placed the cherubim inside the inner chamber.iinner chamber I.e., the Shrine. Since the wings of the cherubim were extended, a wing of the one touched one wall and a wing of the other touched the other wall, while their wings in the center of the chamber touched each other. ",Ninguno
I_Kings,6,28,ויצף אתהכרובים זהב,He overlaid the cherubim with gold.,Ninguno
I_Kings,6,29,ואת כלקירות הבית מסב&thinsp;<b></b> קלע פתוחי מקלעות כרובים ותמרת ופטורי צצים מלפנים ולחיצון,"All over the walls of the House, of both the inner area and the outer area, he carved reliefs of cherubim, palms, and calyxes, ",Ninguno
I_Kings,6,30,ואתקרקע הבית צפה זהב לפנימה ולחיצון,"and he overlaid the floor of the House with gold, both the inner and the outer areas.",Ninguno
I_Kings,6,31,ואת פתח הדביר עשה דלתות עצישמן האיל מזוזות חמשית,"For the entrance of the Shrine he made doors of olive wood, the pilasters and the doorposts having five sides.jthe pilasters and the doorposts having five sides Meaning of Heb. uncertain. ",Ninguno
I_Kings,6,32,ושתי דלתות עצישמן וקלע עליהם מקלעות כרובים ותמרת ופטורי צצים וצפה זהב וירד עלהכרובים ועלהתמרות אתהזהב,"The double doors were of olive wood, and on them he carved reliefs of cherubim, palms, and calyxes. He overlaid them with gold, hammering the gold onto the cherubim and the palms. ",Ninguno
I_Kings,6,33,וכן עשה לפתח ההיכל מזוזות עצישמן מאת רבעית,"For the entrance of the Great Hall, too, he made doorposts of oleaster wood, having four sides,khaving four sides Meaning of Heb. uncertain. ",Ninguno
I_Kings,6,34,ושתי דלתות עצי ברושים שני צלעים הדלת האחת גלילים ושני קלעים הדלת השנית גלילים,"and the double doors of cypress wood, each door consisting of two rounded planks. ",Ninguno
I_Kings,6,35,וקלע כרובים ותמרות ופטרי צצים וצפה זהב מישר עלהמחקה,"On them he carved cherubim, palms, and calyxes, overlaying them with gold applied evenly over the carvings. ",Ninguno
I_Kings,6,36,ויבן אתהחצר הפנימית שלשה טורי גזית וטור כרתת ארזים,He built the inner enclosure of three courses of hewn stones and one course of cedar beams.,Ninguno
I_Kings,6,37,בשנה הרביעית יסד בית יהוה בירח זו,"In the fourth year, in the month of Ziv, the foundations of the House of GOD were laid; ",Ninguno
I_Kings,6,38,ובשנה האחת עשרה בירח בול הוא החדש השמיני כלה הבית לכלדבריו ולכלמשפטו ויבנהו שבע שנים,"and in the eleventh year, in the month of Bul—that is, the eighth month—the House was completed according to all its details and all its specifications. It took him seven years to build it.",Ninguno
I_Kings,7,1,ואתביתו בנה שלמה שלש עשרה שנה ויכל אתכלביתו,"And it took Solomon thirteen years to build his palace, until his whole palace was completed.",Ninguno
I_Kings,7,2,ויבן אתבית&thinsp;<b></b> יער הלבנון מאה אמה ארכו וחמשים אמה רחבו ושלשים אמה קומתו על ארבעה טורי עמודי ארזים וכרתות ארזים עלהעמודים,"He built the Lebanon Forest House with four rowsaLebanon Forest House with four rows So called because of the rows of cedar columns. Septuagint reads “three rows” instead of “four rows”; cf. v. 3. of cedar columns, and with hewn cedar beams above the columns. Its length was 100 cubits, its breadth 50 cubits, and its height 30 cubits. ",Ninguno
I_Kings,7,3,וספן בארז ממעל עלהצלעות אשר עלהעמודים ארבעים וחמשה חמשה עשר הטור,"It was paneled above with cedar, with the planksbplanks Apparently the “planks” connected the columns longitudinally, and the “beams” (v. 2) connected the planks transversely. that were above on the 45 columns—15 in each row. ",Ninguno
I_Kings,7,4,ושקפים שלשה טורים ומחזה אלמחזה שלש פעמים,"And there were three rows of window frames, with three tiers of windows facing each other. ",Ninguno
I_Kings,7,5,וכלהפתחים והמזוזות רבעים שקף ומול מחזה אלמחזה שלש פעמים,All the doorways and doorpostscdoorposts Septuagint reads “windows.” had square frames—with three tiers of windows facing each other.,Ninguno
I_Kings,7,6,ואת אולם העמודים עשה חמשים אמה ארכו ושלשים אמה רחבו ואולם עלפניהם ועמדים ועב עלפניהם,"He made the portico of columns 50 cubits long and 30 cubits wide; the portico was in front of [the columns], and there were columns with a canopy in front of them.dthe portico was in front … a canopy in front of them Meaning of Heb. uncertain. ",Ninguno
I_Kings,7,7,ואולם הכסא אשר ישפטשם אלם המשפט עשה וספון בארז מהקרקע עדהקרקע,"He made the throne portico, where he was to pronounce judgment—the Hall of Judgment. It was paneled with cedar from floor to floor.efloor Syriac reads “rafters.” ",Ninguno
I_Kings,7,8,וביתו אשרישב שם חצר האחרת מבית לאולם כמעשה הזה היה ובית יעשה לבתפרעה אשר לקח שלמה כאולם הזה,"The house that he used as a residence, in the rear courtyard, back of the portico, was of the same construction. Solomon also constructed a palace like that portico for the daughter of Pharaoh, whom he had married.",Ninguno
I_Kings,7,9,כלאלה אבנים יקרת כמדות גזית מגררות במגרה מבית ומחוץ וממסד עדהטפחות ומחוץ עדהחצר הגדולה,"All these buildings, from foundation to coping and all the way out to the great courtyard, were of choice stones, hewn according to measure, smooth on all sides.fsmooth on all sides Lit. “sawed with a saw in the inside and outside.” ",Ninguno
I_Kings,7,10,ומיסד אבנים יקרות אבנים גדלות אבני עשר אמות ואבני שמנה אמות,"The foundations were huge blocks of choice stone, stones of 10 cubits and stones of 8 cubits; ",Ninguno
I_Kings,7,11,ומלמעלה אבנים יקרות כמדות גזית וארז,"and above were choice stones, hewn according to measure, and cedar wood. ",Ninguno
I_Kings,7,12,"וחצר הגדולה סביב שלשה טורים גזית וטור כרתת ארזים ולחצר ביתיהוה הפנימית ולאלם הבית&nbsp;<span class=""mam-spi-pe"">{פ}</span><br>","The large surrounding courtyard had three tiers of hewn stone and a row of cedar beams, the same as for the inner court of the House of GOD, and for the portico of the House.",Ninguno
I_Kings,7,13,וישלח המלך שלמה ויקח אתחירם מצר,King Solomon sent for Hiram and brought him down from Tyre.,Ninguno
I_Kings,7,14,בןאשה אלמנה הוא ממטה נפתלי ואביו אישצרי חרש נחשת וימלא אתהחכמה ואתהתבונה ואתהדעת לעשות כלמלאכה בנחשת ויבוא אלהמלך שלמה ויעש אתכלמלאכתו,"He was the son of a widow from the tribe of Naphtali, and his father had been a Tyrian, a coppersmith. He was endowed with skill, ability, and talent for executing all work in bronze.gbronze Heb. neḥosheth denotes both copper and bronze. In the translation “copper” is ordinarily used for the natural product and “bronze” for the artifacts. He came to King Solomon and executed all his work. ",Ninguno
I_Kings,7,15,ויצר אתשני העמודים נחשת שמנה עשרה אמה קומת העמוד האחד וחוט שתיםעשרה אמה יסב אתהעמוד השני,"He cast two columns of bronze; one column was 18 cubits high and measured 12 cubits in circumference, [and similarly] the other column. ",Ninguno
I_Kings,7,16,ושתי כתרת עשה לתת עלראשי העמודים מצק נחשת חמש אמות קומת הכתרת האחת וחמש אמות קומת הכתרת השנית,"He made two capitals, cast in bronze, to be set upon the two columns, the height of each of the two capitals being 5 cubits; ",Ninguno
I_Kings,7,17,שבכים מעשה שבכה גדלים מעשה שרשרות לכתרת אשר עלראש העמודים שבעה לכתרת האחת ושבעה לכתרת השנית,"also nets of meshwork with festoons of chainwork for the capitals that were on the top of the columns, seven for each of the two capitals. ",Ninguno
I_Kings,7,18,ויעש אתהעמודים ושני טורים סביב עלהשבכה האחת לכסות אתהכתרת אשר עלראש הרמנים וכן עשה לכתרת השנית,"He made the columnshcolumns Two Heb. mss. read “pomegranates.” so that there were two rows [of pomegranates] encircling the top of the one network, to cover the capitals that were on the top of the pomegranates;ipomegranates About fifty Heb. mss. read “columns.” and he did the same for [the network on] the second capital. ",Ninguno
I_Kings,7,19,וכתרת אשר עלראש העמודים מעשה שושן באולם ארבע אמות,"The capitals upon the columns of the portico were of lily design, 4 cubits high; ",Ninguno
I_Kings,7,20,"וכתרת עלשני העמודים גםממעל מלעמת הבטן אשר לעבר <span class=""mam-kq""><span class=""mam-kq-k"">(שבכה)</span> <span class=""mam-kq-q"">[השבכה]</span></span> והרמונים מאתים טרים סביב על הכתרת השנית","so also the capitals upon the two columns extended above and next to the bulgejbulge Lit. “belly”; exact force of Heb. uncertain. that was beside the network. There were 200 pomegranates in rows around the top of the second capital.kthe second capital I.e., each of the two capitals. ",Ninguno
I_Kings,7,21,ויקם אתהעמדים לאלם ההיכל ויקם אתהעמוד הימני ויקרא אתשמו יכין ויקם אתהעמוד השמאלי ויקרא אתשמו בעז,"He set up the columns at the portico of the Great Hall; he set up one column on the right and named it Jachin, and he set up the other column on the left and named it Boaz. ",Caos/Izquierda (Smol)
I_Kings,7,22,ועל ראש העמודים מעשה שושן ותתם מלאכת העמודים,Upon the top of the columns there was a lily design. Thus the work of the columns was completed.,Ninguno
I_Kings,7,23,"ויעש אתהים מוצק עשר באמה משפתו עדשפתו עגל&thinsp;<b></b> סביב וחמש באמה קומתו <span class=""mam-kq""><span class=""mam-kq-k"">(וקוה)</span> <span class=""mam-kq-q"">[וקו]</span></span> שלשים באמה יסב אתו סביב","Then he made the tankltank Lit. “sea.” of cast metal, 10 cubits across from brim to brim, completely round; it was 5 cubits high, and it measured 30 cubits in circumference. ",Ninguno
I_Kings,7,24,ופקעים מתחת לשפתו&thinsp;<small></small>&thinsp;סביב סבבים אתו עשר באמה מקפים אתהים סביב שני טורים הפקעים יצקים ביצקתו,"There were gourds below the brim completely encircling it—ten to a cubit, encircling the tank; the gourds were in two rows, cast in one piece with it. ",Ninguno
I_Kings,7,25,עמד עלשני עשר בקר שלשה פנים&thinsp;<small></small>&thinsp;צפונה ושלשה פנים&thinsp;<small></small>&thinsp;ימה ושלשה&thinsp;<b></b> פנים נגבה ושלשה פנים מזרחה והים עליהם מלמעלה וכלאחריהם ביתה,"It stood upon twelve oxen: three facing north, three facing west, three facing south, and three facing east, with the tank resting upon them; their haunches were all turned inward. ",Ninguno
I_Kings,7,26,"ועביו טפח ושפתו כמעשה שפתכוס פרח שושן אלפים בת יכיל&nbsp;<span class=""mam-spi-pe"">{פ}</span><br>","It was a handbreadth thick, and its brim was made like that of a cup, like the petals of a lily. Its capacity was 2,000 baths.",Ninguno
I_Kings,7,27,ויעש אתהמכנות עשר נחשת ארבע באמה ארך המכונה האחת וארבע באמה רחבה ושלש באמה קומתה,"He made the ten laver stands of bronze. The length of each laver stand was 4 cubits and the width 4 cubits, and the height was 3 cubits. ",Ninguno
I_Kings,7,28,וזה מעשה המכונה מסגרת להם ומסגרת בין השלבים,"The structure of the laver stands was as follows: They had insets,minsets Emendation yields “frames.” and there were insets within the frames; ",Separación (Beyn)
I_Kings,7,29,ועלהמסגרות אשר&thinsp;<b></b> בין השלבים אריות&thinsp;<small></small>&thinsp;בקר וכרובים ועלהשלבים כן ממעל ומתחת לאריות ולבקר ליות מעשה מורד,"and on the insets within the frames were lions, oxen, and cherubim. Above the frames was a stand; and both above and below the lions and the oxen were spirals of hammered metal. ",Separación (Beyn)
I_Kings,7,30,וארבעה אופני נחשת למכונה האחת וסרני נחשת וארבעה פעמתיו כתפת להם מתחת לכיר הכתפות יצקות מעבר איש ליות,"Each laver stand had four bronze wheels and [two] bronze axletrees. Its four legs had brackets; the brackets were under the laver, cast with spirals beyond each.nwith spirals beyond each Meaning of Heb. uncertain. ",Ninguno
I_Kings,7,31,ופיהו מבית לכתרת ומעלה באמה ופיה עגל מעשהכן אמה וחצי האמה וגםעלפיה מקלעות ומסגרתיהם מרבעות לא עגלות,"Its funnel, within the crown, rose a cubit above it; this funnel was round, in the fashion of a stand, a cubit and a half in diameter. On the funnel too there were carvings.But the insets were square, not round. ",Ninguno
I_Kings,7,32,וארבעת האופנים למתחת למסגרות וידות האופנים במכונה וקומת האופן האחד אמה וחצי האמה,"And below the insets were the four wheels. The axletrees of the wheels were [fixed] in the laver stand, and the height of each wheel was a cubit and a half. ",Ninguno
I_Kings,7,33,ומעשה האופנים כמעשה אופן המרכבה ידותם וגביהם וחשקיהם וחשריהם הכל מוצק,"The structure of the wheels was like the structure of chariot wheels; and their axletrees, their rims, their spokes, and their hubs were all of cast metal. ",Ninguno
I_Kings,7,34,וארבע כתפות אל ארבע פנות המכנה האחת מןהמכנה כתפיה,Four brackets ran to the four corners of each laver stand; the brackets were of a piece with the laver stand.,Ninguno
I_Kings,7,35,ובראש המכונה חצי האמה קומה עגל&thinsp;<small></small>&thinsp;סביב ועל ראש המכנה ידתיה ומסגרתיה ממנה,"At the top of the laver stand was a round band half a cubit high, and together with the top of the laver stand; its sides and its insets were of one piece with it. ",Ninguno
I_Kings,7,36,"ויפתח עלהלחת ידתיה ועל <span class=""mam-kq""><span class=""mam-kq-k"">(ומסגרתיה)</span> <span class=""mam-kq-q"">[מסגרתיה]</span></span> כרובים אריות ותמרת כמעראיש וליות סביב","On its surface—on its sides—and on its insets [Hiram] engraved cherubim, lions, and palms, as the clear space on each allowed,oOn its surface … allowed Meaning of Heb. uncertain. with spirals round about. ",Ninguno
I_Kings,7,37,"כזאת עשה את עשר המכנות מוצק אחד מדה אחת קצב אחד לכלהנה&nbsp;<span class=""mam-spi-samekh"">{ס}</span>&nbsp;&nbsp;&nbsp;&nbsp;&nbsp;&nbsp;&nbsp;&nbsp;","It was after this manner that he made the ten laver stands, all of them cast alike, of the same measure and the same form. ",Ninguno
I_Kings,7,38,ויעש עשרה כירות נחשת ארבעים בת יכיל&thinsp;<b></b> הכיור האחד ארבע באמה הכיור האחד כיור אחד עלהמכונה האחת לעשר המכנות,"Then he made ten bronze lavers, one laver on each of the ten laver stands, each laver measuring 4 cubits and each laver containing forty baths.",Ninguno
I_Kings,7,39,"ויתן אתהמכנות חמש עלכתף הבית מימין וחמש עלכתף הבית משמאלו ואתהים נתן מכתף הבית הימנית קדמה ממול נגב&nbsp;<span class=""mam-spi-samekh"">{ס}</span>&nbsp;&nbsp;&nbsp;&nbsp;&nbsp;&nbsp;&nbsp;&nbsp;","He disposed the laver stands, five at the right side of the House and five at its left side; and the tank he placed on the right side of the House, at the southeast [corner].","Control/Derecha (Yamin), Caos/Izquierda (Smol)"
I_Kings,7,40,ויעש חירום אתהכירות ואתהיעים ואתהמזרקות ויכל חירם לעשות אתכלהמלאכה אשר עשה למלך שלמה בית יהוה,"Hiram also made the lavers, the scrapers, and the sprinkling bowls.So Hiram finished all the work that he had been doing for King Solomon on the House of GOD: ",Ninguno
I_Kings,7,41,עמדים שנים וגלת הכתרת אשרעלראש העמודים שתים והשבכות שתים לכסות אתשתי גלות הכתרת אשר עלראש העמודים,"the two columns, the two globes of the capitals upon the columns; and the two pieces of network to cover the two globes of the capitals upon the columns; ",Ninguno
I_Kings,7,42,ואתהרמנים ארבע מאות לשתי השבכות שניטורים רמנים לשבכה האחת לכסות אתשתי גלות הכתרת אשר עלפני העמודים,"the four hundred pomegranates for the two pieces of network, two rows of pomegranates for each network, to cover the two globes of the capitals upon the columns; ",Ninguno
I_Kings,7,43,ואתהמכנות עשר ואתהכירת עשרה עלהמכנות,the ten stands and the ten lavers upon the stands;,Ninguno
I_Kings,7,44,ואתהים האחד ואתהבקר שניםעשר תחת הים,the one tank with the twelve oxen underneath the tank;,Ninguno
I_Kings,7,45,"ואתהסירות ואתהיעים ואתהמזרקות ואת כלהכלים <span class=""mam-kq""><span class=""mam-kq-k"">(האהל)</span> <span class=""mam-kq-q"">[האלה]</span></span> אשר עשה חירם למלך שלמה בית יהוה נחשת ממרט","the pails, the scrapers, and the sprinkling bowls. All those vessels in the House of GOD that Hiram made for King Solomon were of burnished bronze. ",Ninguno
I_Kings,7,46,בככר הירדן יצקם המלך במעבה האדמה בין סכות ובין צרתן,"The king had them cast in earthen molds,pin earthen molds Lit. “in the thick of the earth.” in the plain of the Jordan between Succoth and Zarethan. ",Separación (Beyn)
I_Kings,7,47,וינח שלמה אתכלהכלים מרב מאד מאד לא נחקר משקל הנחשת,Solomon left all the vessels [unweighed] because of their very great quantity; the weight of the bronze was not reckoned.,Ninguno
I_Kings,7,48,ויעש שלמה את כלהכלים אשר בית יהוה את מזבח הזהב ואתהשלחן אשר עליו לחם הפנים זהב,"And Solomon made all the furnishings that were in the House of GOD: the altar, of gold; the table for the bread of display, of gold; ",Ninguno
I_Kings,7,49,ואתהמנרות חמש מימין וחמש משמאול לפני הדביר זהב סגור והפרח והנרת והמלקחים זהב,"the lampstands—five on the right side and five on the left—in front of the Shrine, of solid gold; and the petals, lamps, and tongs, of gold; ",Control/Derecha (Yamin)
I_Kings,7,50,"והספות והמזמרות והמזרקות והכפות והמחתות זהב סגור והפתות לדלתות הבית הפנימי לקדש הקדשים לדלתי הבית להיכל זהב&nbsp;<span class=""mam-spi-pe"">{פ}</span><br>","the basins, snuffers, sprinkling bowls, ladles, and fire pans, of solid gold; and the hinge sockets for the doors of the innermost part of the House, the Holy of Holies, and for the doors of the Great Hall of the House, of gold.",Ninguno
I_Kings,7,51,"ותשלם כלהמלאכה אשר עשה המלך שלמה בית יהוה ויבא שלמה אתקדשי&thinsp;<b></b> דוד אביו אתהכסף ואתהזהב ואתהכלים נתן באצרות בית יהוה&nbsp;<span class=""mam-spi-pe"">{פ}</span><br>","When all the work that King Solomon had done in the House of GOD was completed, Solomon brought in the sacred donations of his father David—the silver, the gold, and the vessels—and deposited them in the treasury of the House of GOD.",Ninguno
I_Kings,8,1,אז יקהל שלמה אתזקני ישראל אתכלראשי המטות נשיאי האבות לבני ישראל אלהמלך שלמה ירושל͏ם להעלות אתארון בריתיהוה מעיר דוד היא ציון,"Then Solomon convoked the elders of Israel—all the heads of the tribes and the ancestral chieftains of the Israelites—before King Solomon in Jerusalem, to bring up the Ark of the Covenant of GOD from the City of David, that is, Zion.",Ninguno
I_Kings,8,2,ויקהלו אלהמלך שלמה כלאיש ישראל בירח האתנים בחג הוא החדש השביעי,"The entire body of IsraelaThe entire body of Israel I.e., the elders of vv. 1 and 3, representing the nation. gathered before King Solomon at the Feast [of Booths],bthe Feast [of Booths] Cf. Lev. 23.34. in the month of Ethanim—that is, the seventh month. ",Ninguno
I_Kings,8,3,ויבאו כל זקני ישראל וישאו הכהנים אתהארון,"When all the elders of Israel had come, the priests lifted the Ark ",Ninguno
I_Kings,8,4,ויעלו אתארון יהוה ואתאהל מועד ואתכלכלי הקדש אשר באהל ויעלו אתם הכהנים והלוים,and carried up the Ark of GOD. Then the priests and the Levites brought the Tent of Meeting and all the holy vessels that were in the Tent.,Ninguno
I_Kings,8,5,והמלך שלמה וכלעדת ישראל הנועדים עליו אתו לפני הארון מזבחים צאן ובקר אשר לאיספרו ולא ימנו מרב,"Meanwhile, King Solomon and the whole community of Israel,cwhole community of Israel I.e., the elders, on the community’s behalf. who were assembled with him before the Ark, were sacrificing sheep and oxen in such abundance that they could not be numbered or counted.",Ninguno
I_Kings,8,6,ויבאו הכהנים אתארון בריתיהוה אלמקומו אלדביר הבית אלקדש הקדשים אלתחת כנפי הכרובים,"The priests brought the Ark of GOD’s Covenant to its place underneath the wings of the cherubim, in the Shrine of the House, in the Holy of Holies; ",Ninguno
I_Kings,8,7,כי הכרובים פרשים כנפים אלמקום הארון ויסכו הכרבים עלהארון ועלבדיו מלמעלה,"for the cherubim had their wings spread out over the place of the Ark, so that the cherubim shielded the Ark and its poles from above. ",Ninguno
I_Kings,8,8,ויארכו הבדים ויראו ראשי הבדים מןהקדש עלפני הדביר ולא יראו החוצה ויהיו שם עד היום הזה,"The poles projected so that the ends of the poles were visible in the sanctuary in front of the Shrine, but they could not be seen outside; and there they remain to this day. ",Ninguno
I_Kings,8,9,אין בארון רק שני לחות האבנים אשר הנח שם משה בחרב אשר כרת יהוה עםבני ישראל בצאתם מארץ מצרים,"There was nothing inside the Ark but the two tablets of stone that Moses placed there at Horeb, when GOD made [a covenant] with the Israelites after their departure from the land of Egypt.",Ninguno
I_Kings,8,10,ויהי בצאת הכהנים מןהקדש והענן מלא אתבית יהוה,When the priests came out of the sanctuary—for the cloud had filled the House of GOD,Ninguno
I_Kings,8,11,"ולאיכלו הכהנים לעמד לשרת מפני הענן כימלא כבודיהוה אתבית יהוה&nbsp;<span class=""mam-spi-pe"">{פ}</span><br>","and the priests were not able to remain and perform the service because of the cloud, for the Presence of the ETERNAL filled the House of GOD— ",Ninguno
I_Kings,8,12,אז אמר שלמה יהוה אמר לשכן בערפל,then Solomon declared:“ GOD has chosenTo abide in a thick cloud:,Ninguno
I_Kings,8,13,בנה בניתי בית זבל לך מכון לשבתך עולמים,"I have now built for YouA stately House,A place where YouMay dwell forever.”",Ninguno
I_Kings,8,14,ויסב המלך אתפניו ויברך את כלקהל ישראל וכלקהל ישראל עמד,"Then, with the whole congregation of Israel standing, the king faced about and blessed the whole congregation of Israel. ",Ninguno
I_Kings,8,15,ויאמר ברוך יהוה אלהי ישראל אשר דבר בפיו את דוד אבי ובידו מלא לאמר,"He said:“Praised be the ETERNAL, the God of Israel, who has fulfilled with deeds the promise madedwho has fulfilled with deeds the promise made Lit. “who spoke with His own mouth…and has fulfilled with His own hand.” to my father David. For [God] said, ",Ninguno
I_Kings,8,16,מןהיום אשר הוצאתי אתעמי אתישראל ממצרים לאבחרתי בעיר מכל שבטי ישראל לבנות בית להיות שמי שם ואבחר בדוד להיות עלעמי ישראל,"‘Ever since I brought My people Israel out of Egypt, I have not chosen a city among all the tribes of Israel for building a House where My name might abide; but I have chosen David to rule My people Israel.’",Ninguno
I_Kings,8,17,ויהי עםלבב דוד אבי לבנות בית לשם יהוה אלהי ישראל,"“Now my father David had intended to build a House for the name of the ETERNAL One, the God of Israel. ",Ninguno
I_Kings,8,18,ויאמר יהוה אלדוד אבי יען אשר היה עםלבבך לבנות בית לשמי הטיבת כי היה עםלבבך,"But GOD said to my father David, ‘As regards your intention to build a House for My name, you did right to have that intention. ",Ninguno
I_Kings,8,19,רק אתה לא תבנה הבית כי אםבנך היצא מחלציך הואיבנה הבית לשמי,"However, you shall not build the House yourself; instead, your son, the issue of your loins, shall build the House for My name.’",Ninguno
I_Kings,8,20,ויקם יהוה אתדברו אשר דבר ואקם תחת דוד אבי ואשב&thinsp;<b></b> עלכסא ישראל כאשר דבר יהוה ואבנה הבית לשם יהוה אלהי ישראל,"“And GOD has fulfilled the promise that was made: I have succeededesucceeded Lit. “risen in place of.” my father David and have ascended the throne of Israel, as GOD promised. I have built the House for the name of the ETERNAL One, the God of Israel; ",Ninguno
I_Kings,8,21,"ואשם שם מקום לארון אשרשם ברית יהוה אשר כרת עםאבתינו בהוציאו אתם מארץ מצרים&nbsp;<span class=""mam-spi-samekh"">{ס}</span>&nbsp;&nbsp;&nbsp;&nbsp;&nbsp;&nbsp;&nbsp;&nbsp;","and I have set a place there for the Ark, containing the covenant that GOD made with our ancestors upon bringing them out from the land of Egypt.”",Ninguno
I_Kings,8,22,ויעמד שלמה לפני מזבח יהוה נגד כלקהל ישראל ויפרש כפיו השמים,Then Solomon stood before the altar of GOD in the presence of the whole community of Israel; he spread the palms of his hands toward heaven,Ninguno
I_Kings,8,23,ויאמר יהוה אלהי ישראל איןכמוך אלהים בשמים ממעל ועלהארץ מתחת שמר הברית והחסד לעבדיך ההלכים לפניך בכללבם,"and said, “O ETERNAL God of Israel, in the heavens above and on the earth below there is no god like You, who keep Your gracious covenant with Your servants when they walk before You in wholehearted devotion; ",Ninguno
I_Kings,8,24,אשר שמרת לעבדך דוד אבי את אשרדברת לו ותדבר בפיך ובידך מלאת כיום הזה,"You who have kept the promises You made to Your servant, my father David, fulfilling with deeds the promise You made—as is now the case. ",Ninguno
I_Kings,8,25,ועתה יהוה&thinsp;<b></b> אלהי ישראל שמר לעבדך דוד אבי את אשר דברת לו לאמר לאיכרת לך איש מלפני ישב עלכסא ישראל רק אםישמרו בניך אתדרכם ללכת לפני כאשר הלכת לפני,"And now, O ETERNAL God of Israel, keep the further promise that You made to Your servant, my father David: ‘Your line on the throne of Israel shall never end,fYour line on the throne of Israel shall never end See note at 2.4. if only your descendants will look to their way and walk before Me as you have walked before Me.’ ",Ninguno
I_Kings,8,26,"ועתה אלהי ישראל יאמן נא <span class=""mam-kq""><span class=""mam-kq-k"">(דבריך)</span> <span class=""mam-kq-q"">[דברך]</span></span> אשר דברת לעבדך דוד אבי","Now, therefore, O God of Israel, let the promise that You made to Your servant my father David be fulfilled.",Ninguno
I_Kings,8,27,כי האמנם ישב אלהים עלהארץ הנה השמים ושמי השמים לא יכלכלוך אף כיהבית הזה אשר בניתי,"“But will God really dwellgdwell Cf. 2 Chron. 6.18, which adds “with humankind.” on earth? Even the heavens to their uttermost reaches cannot contain You, how much less this House that I have built! ",Ninguno
I_Kings,8,28,ופנית אלתפלת עבדך ואלתחנתו יהוה אלהי לשמע אלהרנה ואלהתפלה אשר עבדך מתפלל לפניך היום,"Yet turn, my ETERNAL God, to the prayer and supplication of Your servant, and hear the cry and prayer that Your servant offers before You this day. ",Ninguno
I_Kings,8,29,להיות עינך פתחת אלהבית הזה לילה ויום אלהמקום אשר אמרת יהיה שמי שם לשמע אלהתפלה אשר יתפלל עבדך אלהמקום הזה,"May Your eyes be open day and night toward this House, toward the place of which You have said, ‘My name shall abide there’; may You heed the prayers that Your servant will offer toward this place. ",Ninguno
I_Kings,8,30,ושמעת אלתחנת עבדך ועמך ישראל אשר יתפללו אלהמקום הזה ואתה תשמע אלמקום שבתך אלהשמים ושמעת וסלחת,"And when You hear the supplications that Your servant and Your people Israel offer toward this place, give heed in Your heavenly abode—give heed and pardon.",Ninguno
I_Kings,8,31,את אשר יחטא איש לרעהו ונשאבו אלה להאלתו ובא אלה לפני מזבחך בבית הזה,"“Whenever one person commits an offense against another, and the latter utters an imprecation to bring a curse upon the former,hand the latter utters an imprecation to bring a curse upon the former Or “and is made to take an oath and utter a self-imprecation.” and comes with that imprecation before Your altar in this House, ",Ninguno
I_Kings,8,32,ואתה&thinsp;<b></b> תשמע השמים ועשית ושפטת אתעבדיך להרשיע רשע לתת דרכו בראשו ולהצדיק צדיק לתת לו כצדקתו,"oh, hear in heaven and take action to judge Your servants, condemning the one who is in the wrong and bringing down the punishment of their conduct on their head—while vindicating the other, who is in the right, by rewarding them according to their righteousness.",Ninguno
I_Kings,8,33,בהנגף עמך ישראל לפני אויב אשר יחטאולך ושבו אליך והודו אתשמך והתפללו והתחננו אליך בבית הזה,"“Should Your people Israel be routed by an enemy because they have sinned against You, and then turn back to You and acknowledge Your name, and they offer prayer and supplication to You in this House, ",Ninguno
I_Kings,8,34,"ואתה תשמע השמים וסלחת לחטאת עמך ישראל והשבתם אלהאדמה אשר נתת לאבותם&nbsp;<span class=""mam-spi-samekh"">{ס}</span>&nbsp;&nbsp;&nbsp;&nbsp;&nbsp;&nbsp;&nbsp;&nbsp;","oh, hear in heaven and pardon the sin of Your people Israel, and restore them to the land that You gave to their ancestors.",Ninguno
I_Kings,8,35,בהעצר שמים ולאיהיה מטר כי יחטאולך והתפללו אלהמקום הזה והודו אתשמך ומחטאתם ישובון כי תענם,"“Should the heavens be shut up and there be no rain, because they have sinned against You, and then they pray toward this place and acknowledge Your name and repent of their sins, when You answerianswer The Septuagint, with a different vocalization, reads “chastise.” them, ",Ninguno
I_Kings,8,36,"ואתה&thinsp;<b></b> תשמע השמים וסלחת לחטאת עבדיך ועמך ישראל כי תורם אתהדרך הטובה אשר ילכובה ונתתה מטר עלארצך אשרנתתה לעמך לנחלה&nbsp;<span class=""mam-spi-samekh"">{ס}</span>&nbsp;&nbsp;&nbsp;&nbsp;&nbsp;&nbsp;&nbsp;&nbsp;","oh, hear in heaven and pardon the sin of Your servants, Your people Israel, after You have shown them the proper way in which they are to walk; and send down rain upon the land that You gave to Your people as their heritage. ",Ninguno
I_Kings,8,37,רעב כייהיה בארץ דבר כייהיה שדפון ירקון ארבה חסיל כי יהיה כי יצרלו איבו בארץ שעריו כלנגע כלמחלה,"So, too, if there is a famine in the land, if there is pestilence, blight, mildew, locusts or caterpillars, or if an enemy oppresses them in any of the settlements of the land.“In any plague and in any disease, ",Ninguno
I_Kings,8,38,כלתפלה כלתחנה אשר תהיה לכלהאדם לכל עמך ישראל אשר ידעון איש נגע לבבו ופרש כפיו אלהבית הזה,"in any prayer or supplication offered by any person among all Your people Israel—each of whom knows their own affliction—when they spread their palms toward this House, ",Percepción (Yada)
I_Kings,8,39,ואתה תשמע השמים מכון שבתך וסלחת ועשית ונתת לאיש ככלדרכיו אשר תדע אתלבבו כיאתה ידעת לבדך אתלבב כלבני האדם,"oh, hear in Your heavenly abode, and pardon and take action! Render to that individual according to their ways as You know their heart to be—for You alone know every human heart. ",Percepción (Yada)
I_Kings,8,40,למען יראוך כלהימים אשרהם חיים עלפני האדמה אשר נתתה לאבתינו,Thus may Your peoplejYour people Lit. “they.” revere You all the days that they live on the land that You gave to our ancestors.,Ninguno
I_Kings,8,41,וגם אלהנכרי אשר לאמעמך ישראל הוא ובא מארץ רחוקה למען שמך,“Or if a foreigner who is not of Your people Israel comes from a distant land for the sake of Your name—,Ninguno
I_Kings,8,42,כי ישמעון אתשמך הגדול ואתידך החזקה וזרעך הנטויה ובא והתפלל אלהבית הזה,"for they shall hear about Your great name and Your mighty hand and Your outstretched arm—and thus comes to pray toward this House, ",Ninguno
I_Kings,8,43,אתה תשמע השמים מכון שבתך ועשית ככל אשריקרא אליך הנכרי למען ידעון כלעמי הארץ אתשמך ליראה אתך כעמך ישראל ולדעת כישמך נקרא עלהבית הזה אשר בניתי,"oh, hear in Your heavenly abode and grant all that the foreigner asks You for. Thus all the peoples of the earth will know Your name and revere You, as does Your people Israel; and they will recognize that Your name is attached to this House that I have built.",Percepción (Yada)
I_Kings,8,44,כייצא עמך למלחמה עלאיבו בדרך אשר תשלחם והתפללו אליהוה דרך העיר אשר בחרת בה והבית אשרבנתי לשמך,"“When Your people take the field against their enemy by whatever way You send them, and they pray to GOD in the direction of the city that You have chosen, and of the House that I have built to Your name, ",Ninguno
I_Kings,8,45,ושמעת השמים אתתפלתם ואתתחנתם ועשית משפטם,"oh, hear in heaven their prayer and supplication and uphold their cause.",Ninguno
I_Kings,8,46,כי יחטאולך כי אין אדם אשר לאיחטא ואנפת בם ונתתם לפני אויב ושבום שביהם אלארץ האויב רחוקה או קרובה,"“When they sin against You—for there is no mortal who does not sin—and You are angry with them and deliver them to the enemy, and their captors carry them off to an enemy land, near or far; ",Ninguno
I_Kings,8,47,והשיבו אללבם בארץ אשר נשבושם ושבו&thinsp;<b></b> והתחננו אליך בארץ שביהם לאמר חטאנו והעוינו רשענו,"and then they take it to heart in the land to which they have been carried off, and they repent and make supplication to You in the land of their captors, saying: ‘We have sinned, we have acted perversely, we have acted wickedly,’ ",Ninguno
I_Kings,8,48,"ושבו אליך בכללבבם ובכלנפשם בארץ איביהם אשרשבו אתם והתפללו אליך דרך ארצם אשר נתתה לאבותם העיר אשר בחרת והבית אשר<span class=""mam-kq""><span class=""mam-kq-q"">[בניתי]</span> <span class=""mam-kq-k"">(בנית)</span></span> לשמך","and they turn back to You with all their heart and soul, in the land of the enemies who have carried them off, and they pray to You in the direction of their land that You gave to their ancestors, of the city that You have chosen, and of the House that I have built to Your name— ",Ninguno
I_Kings,8,49,ושמעת השמים מכון שבתך אתתפלתם ואתתחנתם ועשית משפטם,"oh, give heed in Your heavenly abode to their prayer and supplication, uphold their cause, ",Ninguno
I_Kings,8,50,וסלחת לעמך אשר חטאולך ולכלפשעיהם אשר פשעובך ונתתם לרחמים לפני שביהם ורחמום,and pardon Your people who have sinned against You for all the transgressions that they have committed against You. Grant them mercy in the sight of their captors that they may be merciful to them.,Ninguno
I_Kings,8,51,כיעמך ונחלתך הם אשר הוצאת ממצרים מתוך כור הברזל,"For they are Your very own people that You freed from Egypt, from the midst of the iron furnace. ",Ninguno
I_Kings,8,52,להיות עיניך פתחת אלתחנת עבדך ואלתחנת עמך ישראל לשמע אליהם בכל קראם אליך,"May Your eyes be open to the supplication of Your servant and the supplication of Your people Israel, and may You heed them whenever they call upon You. ",Ninguno
I_Kings,8,53,"כיאתה הבדלתם לך לנחלה מכל עמי הארץ כאשר דברת ביד&thinsp;<b></b> משה עבדך בהוציאך אתאבתינו ממצרים אדני יהוה&nbsp;<span class=""mam-spi-pe"">{פ}</span><br>","For You, O Sovereign GOD, have set them apart for Yourself from all the peoples of the earth as Your very own, as You promised through Moses Your servant when You freed our ancestors from Egypt.”",Ninguno
I_Kings,8,54,ויהי&thinsp;<b></b> ככלות שלמה להתפלל אליהוה את כלהתפלה והתחנה הזאת קם מלפני מזבח יהוה מכרע עלברכיו וכפיו פרשות השמים,"When Solomon finished offering to GOD all this prayer and supplication, he rose from where he had been kneeling, in front of the altar of GOD, his hands spread out toward heaven. ",Ninguno
I_Kings,8,55,ויעמד ויברך את כלקהל ישראל קול גדול לאמר,"He stood, and in a loud voice blessed the whole congregation of Israel:",Ninguno
I_Kings,8,56,ברוך יהוה אשר נתן מנוחה לעמו ישראל ככל אשר דבר לאנפל דבר אחד מכל דברו הטוב אשר דבר ביד משה עבדו,“Praised be GOD who has granted a haven to Israel—God’s people—just as promised; not a single word has failed of all the gracious promises that were made through God’s servant Moses.,Ninguno
I_Kings,8,57,יהי יהוה אלהינו עמנו כאשר היה עםאבתינו אליעזבנו ואליטשנו,"May the ETERNAL our God be with us, as was the case with our ancestors. May we never be abandoned or forsaken. ",Ninguno
I_Kings,8,58,להטות לבבנו אליו ללכת בכלדרכיו ולשמר מצותיו וחקיו ומשפטיו אשר צוה אתאבתינו,"May our hearts be inclined to [God], that we may walk in all God’s ways and keep the commandments, the laws, and the rules that were enjoined upon our ancestors. ",Ninguno
I_Kings,8,59,ויהיו דברי אלה אשר התחננתי לפני יהוה קרבים אליהוה אלהינו יומם ולילה לעשות&thinsp;<b></b> משפט עבדו ומשפט עמו ישראל דבריום ביומו,"And may these words of mine, which I have offered in supplication before GOD, be close to the ETERNAL our God day and night, that God’s servant and this covenanted people Israel may be provided for, according to each day’s needs— ",Ninguno
I_Kings,8,60,למען דעת כלעמי הארץ כי יהוה הוא האלהים אין עוד,"to the end that all the peoples of the earth may know that the ETERNAL alone is God, there is no other. ",Ninguno
I_Kings,8,61,והיה לבבכם שלם עם יהוה אלהינו ללכת בחקיו ולשמר מצותיו כיום הזה,"And may you be wholehearted with the ETERNAL our God, to walk in God’s ways and keep God’s commandments, even as now.”",Ninguno
I_Kings,8,62,והמלך וכלישראל עמו זבחים זבח לפני יהוה,The king and all Israel with him offered sacrifices before GOD.,Ninguno
I_Kings,8,63,ויזבח שלמה את זבח השלמים אשר זבח ליהוה בקר עשרים ושנים אלף וצאן מאה ועשרים אלף ויחנכו אתבית יהוה המלך וכלבני ישראל,"Solomon offered 22,000 oxen and 120,000 sheep as sacrifices of well-being to GOD. Thus the king and all the Israelites dedicated the House of GOD. ",Ninguno
I_Kings,8,64,ביום ההוא קדש המלך אתתוך החצר אשר לפני ביתיהוה כיעשה שם אתהעלה ואתהמנחה ואת חלבי השלמים כימזבח הנחשת אשר לפני יהוה קטן מהכיל אתהעלה ואתהמנחה ואת חלבי השלמים,"That day the king consecrated the center of the court that was in front of the House of GOD. For it was there that he presented the burnt offerings, the grain offerings, and the fat parts of the offerings of well-being, because the bronze altar that was before GOD was too small to hold the burnt offerings, the grain offerings, and the fat parts of the offerings of well-being.",Ninguno
I_Kings,8,65,ויעש שלמה בעתההיא&thinsp;<small></small>&thinsp;אתהחג וכלישראל עמו קהל גדול מלבוא חמת&thinsp;<b></b> עדנחל מצרים לפני יהוה אלהינו שבעת ימים ושבעת ימים ארבעה עשר יום,"So Solomon and all Israel with him—a great assemblage, [coming] from Lebo-hamath to the Wadi of Egyptkfrom Lebo-hamath to … Egypt I.e., from one end of the country to the other.—observed the Feastlthe Feast See note at v. 2. at that time before the ETERNAL our God, seven days and again seven days, fourteen days in all. ",Ninguno
I_Kings,8,66,ביום השמיני שלח אתהעם ויברכו אתהמלך וילכו לאהליהם שמחים וטובי לב על כלהטובה אשר עשה יהוה לדוד עבדו ולישראל עמו,"On the eighth daymOn the eighth day Of the second seven-day feast; cf. 2 Chron. 7.8–10. he let the people go. They bade the king good-bye and went to their homes, joyful and glad of heart over all the goodness that GOD had shown to God’s servant David and to Israel—God’s people.",Ninguno
I_Kings,9,1,"ויהי ככלות שלמה לבנות אתביתיהוה ואתבית המלך ואת כלחשק שלמה אשר חפץ לעשות&nbsp;<span class=""mam-spi-pe"">{פ}</span><br>","When Solomon had finished building the House of GOD and the royal palace and everything that Solomon had set his heart on constructing, ",Ninguno
I_Kings,9,2,וירא יהוה אלשלמה שנית כאשר נראה אליו בגבעון," GOD appeared toaappeared to Or “made contact with.” Solomon a second time, as before, at Gibeon. ",Ninguno
I_Kings,9,3,ויאמר יהוה אליו שמעתי אתתפלתך ואתתחנתך אשר התחננתה לפני הקדשתי אתהבית הזה אשר בנתה לשוםשמי שם עדעולם והיו עיני ולבי שם כלהימים," GOD said to him, “I have heard the prayer and the supplication that you have offered to Me. I consecrate this House that you have built and I set My name there forever. My eyes and My heart shall ever be there. ",Ninguno
I_Kings,9,4,ואתה אםתלך לפני כאשר הלך דוד אביך בתםלבב ובישר לעשות ככל אשר צויתיך חקי ומשפטי תשמר,"As for you, if you walk before Me as your father David walked before Me, wholeheartedly and with uprightness, doing all that I have commanded you [and] keeping My laws and My rules, ",Ninguno
I_Kings,9,5,והקמתי אתכסא ממלכתך עלישראל לעלם כאשר דברתי עלדוד אביך לאמר לאיכרת לך איש מעל כסא ישראל,"then I will establish your throne of kingship over Israel forever, as I promised your father David, saying, ‘Your line on the throne of Israel shall never end.’bYour line on the throne of Israel shall never end See note at 2.4. ",Ninguno
I_Kings,9,6,אםשוב תשבון אתם ובניכם מאחרי ולא תשמרו מצותי חקתי אשר נתתי לפניכם והלכתם ועבדתם אלהים אחרים והשתחויתם להם,"[But] if you and your descendants turn away from Me and do not keep the commandments [and] the laws that I have set before you, and go and serve other gods and worship them, ",Ninguno
I_Kings,9,7,והכרתי אתישראל מעל פני האדמה אשר נתתי להם ואתהבית אשר הקדשתי לשמי אשלח מעל פני והיה ישראל למשל ולשנינה בכלהעמים,then I will sweepcsweep Lit. “cut.” Israel off the land that I gave them; I will rejectdreject Lit. “dismiss from My presence.” the House that I have consecrated to My name; and Israel shall become a proverb and a byword among all peoples. ,Ninguno
I_Kings,9,8,והבית הזה יהיה עליון כלעבר עליו ישם ושרק ואמרו עלמה עשה יהוה ככה לארץ הזאת ולבית הזה,"And as for this House, once so exalted,eas for this House, once so exalted Targum and some other ancient versions read “and this House shall become a ruin.” everyone passing by it shall be appalled and shall hiss.fhiss An action performed at the sight of ruin to ward off a like fate from the observer; cf. note at Jer. 18.16. And when they ask, ‘Why did GOD do thus to the land and to this House?’ ",Ninguno
I_Kings,9,9,"ואמרו על אשר עזבו אתיהוה אלהיהם אשר הוציא אתאבתם מארץ מצרים ויחזקו באלהים אחרים <span class=""mam-kq""><span class=""mam-kq-k"">(וישתחו)</span> <span class=""mam-kq-q"">[וישתחוו]</span></span> להם ויעבדם עלכן הביא יהוה עליהם את כלהרעה הזאת&nbsp;<span class=""mam-spi-pe"">{פ}</span><br>","they shall be told, ‘It is because they forsook the ETERNAL their God who freed them from the land of Egypt, and they embraced other gods and worshiped them and served them; therefore GOD has brought all this calamity upon them.’”",Ninguno
I_Kings,9,10,ויהי מקצה עשרים שנה אשרבנה שלמה אתשני הבתים אתבית יהוה ואתבית המלך,"At the end of the twenty yearsgthe twenty years See 6.38–7.1. during which Solomon constructed the two buildings, GOD’s House and the royal palace— ",Ninguno
I_Kings,9,11,חירם מלךצר נשא אתשלמה בעצי ארזים ובעצי ברושים ובזהב לכלחפצו אז יתן המלך שלמה לחירם עשרים עיר בארץ הגליל,since King Hiram of Tyre had supplied Solomon with all the cedar and cypress timber and gold that he required—King Solomon in turn gave Hiram twenty towns in the region of Galilee.,Ninguno
I_Kings,9,12,ויצא חירם מצר לראות אתהערים אשר נתןלו שלמה ולא ישרו בעיניו,"But when Hiram came from Tyre to inspect the towns that Solomon had given him, he was not pleased with them. ",Ninguno
I_Kings,9,13,"ויאמר מה הערים האלה אשרנתתה לי אחי ויקרא להם ארץ כבול עד היום הזה&nbsp;<span class=""mam-spi-pe"">{פ}</span><br>","“My brother,” he said, “what sort of towns are these you have given me?” So they were named the land of Cabul,hCabul Perhaps taken to mean “as nothing.” as is still the case. ",Ninguno
I_Kings,9,14,וישלח חירם למלך מאה ועשרים ככר זהב,"However, Hiram sent the king one hundred and twenty talents of gold.",Ninguno
I_Kings,9,15,וזה דברהמס אשרהעלה&thinsp;<b></b> המלך שלמה לבנות אתבית יהוה ואתביתו ואתהמלוא ואת חומת ירושל͏ם ואתחצר ואתמגדו ואתגזר,"This was the purpose of the forced labor that Solomon imposed: It was to build the House of GOD, his own palace, the Millo,iMillo A citadel. and the wall of Jerusalem, and [to fortify] Hazor, Megiddo, and Gezer. ",Ninguno
I_Kings,9,16,פרעה מלךמצרים עלה וילכד אתגזר וישרפה באש ואתהכנעני הישב בעיר הרג ויתנה שלחים לבתו אשת שלמה,"(Pharaoh king of Egypt had come up and captured Gezer; he destroyed it by fire, killed the Canaanites who dwelt in the town, and gave it as dowry to his daughter, Solomon’s wife.) ",Ninguno
I_Kings,9,17,ויבן שלמה אתגזר ואתבית חרן תחתון,"So Solomon fortified Gezer, lower Beth-horon, ",Ninguno
I_Kings,9,18,"ואתבעלת ואת<span class=""mam-kq""><span class=""mam-kq-q"">[תדמר]</span> <span class=""mam-kq-k"">(תמר)</span></span> במדבר בארץ","Baalith, and TamarjTamar So kethib, cf. Ezek. 47.19; 48.28; qere Tadmor. in the wilderness, in the land [of Judah], ",Ninguno
I_Kings,9,19,ואת כלערי המסכנות אשר היו לשלמה ואת ערי הרכב ואת ערי הפרשים ואת&thinsp;<b></b> חשק שלמה אשר חשק לבנות בירושל͏ם ובלבנון ובכל ארץ ממשלתו,"and all of Solomon’s garrison towns, chariot towns, and towns for his riderskriders Or “horses”; see note at 1.5.—everything that Solomon set his heart on building in Jerusalem and in the Lebanon, and throughout the territory that he ruled. ",Ninguno
I_Kings,9,20,כלהעם הנותר מןהאמרי החתי הפרזי החוי והיבוסי אשר לאמבני ישראל המה,"All the people that were left of the Amorites, Hittites, Perizzites, Hivites, and Jebusites who were not of the Israelite stock— ",Ninguno
I_Kings,9,21,בניהם אשר נתרו אחריהם בארץ אשר לאיכלו בני ישראל להחרימם ויעלם שלמה למסעבד עד היום הזה,"those of their descendants who remained in the land and whom the Israelites were not able to annihilate—of these Solomon made a slave force, as is still the case. ",Ninguno
I_Kings,9,22,"ומבני ישראל לאנתן שלמה עבד כיהם אנשי המלחמה ועבדיו ושריו ושלישיו ושרי רכבו ופרשיו&nbsp;<span class=""mam-spi-samekh"">{ס}</span>&nbsp;&nbsp;&nbsp;&nbsp;&nbsp;&nbsp;&nbsp;&nbsp;","But he did not reduce any Israelites to slavery; they served, rather, as warriors and as his attendants, officials, and officers, and as commanders of his chariots and riders.",Ninguno
I_Kings,9,23,אלה&thinsp;<b></b> שרי הנצבים אשר עלהמלאכה לשלמה חמשים וחמש מאות הרדים בעם העשים במלאכה,"These were the prefectslThese were the prefects Their names are not listed in the text. that were in charge of Solomon’s works and were supervising the people engaged in the work, who numbered 550.",Ninguno
I_Kings,9,24,אך בתפרעה עלתה מעיר דוד אלביתה אשר בנהלה אז בנה אתהמלוא,"As soon as Pharaoh’s daughter went up from the City of David to the palace that he had built for her, he built the Millo.mMillo A citadel. ",Ninguno
I_Kings,9,25,והעלה שלמה שלש פעמים בשנה עלות ושלמים עלהמזבח אשר בנה ליהוה והקטיר אתו אשר לפני יהוה ושלם אתהבית,"Solomon used to offer burnt offerings and sacrifices of well-being three times a year on the altar that he had built for GOD, and he used to offer incense on the one that was before GOD. And he kept the House in repair.nhe used to offer incense … kept the House in repair Meaning of Heb. uncertain. ",Ninguno
I_Kings,9,26,ואני עשה המלך שלמה בעציוןגבר אשר אתאלות עלשפת יםסוף בארץ אדום,"King Solomon also built a fleet of ships at Ezion-geber, which is near ElothoEloth Elsewhere called Elath. on the shore of the Sea of Reeds in the land of Edom. ",Ninguno
I_Kings,9,27,וישלח חירם באני אתעבדיו אנשי אניות ידעי הים עם עבדי שלמה,"Hiram sent servants of his with the fleet, mariners who were experienced on the sea, to serve with Solomon’s men. ",Percepción (Yada)
I_Kings,9,28,"ויבאו אופירה ויקחו משם זהב ארבעמאות ועשרים ככר ויבאו אלהמלך שלמה&nbsp;<span class=""mam-spi-pe"">{פ}</span><br>","They came to Ophir; there they obtained gold in the amount of four hundred and twenty talents, which they delivered to King Solomon.",Ninguno
I_Kings,10,1,ומלכתשבא שמעת אתשמע שלמה לשם יהוה ותבא לנסתו בחידות,"The queen of Sheba heard of Solomon’s fame, through the name of GOD,athrough the name of GOD The force of the phrase is uncertain. and she came to test him with hard questions. ",Ninguno
I_Kings,10,2,ותבא ירושל͏מה בחיל כבד מאד גמלים נשאים בשמים וזהב רבמאד ואבן יקרה ותבא אלשלמה ותדבר אליו את כלאשר היה עםלבבה,"She arrived in Jerusalem with a very large retinue, with camels bearing spices, a great quantity of gold, and precious stones. When she came to Solomon, she asked him all that she had in mind. ",Ninguno
I_Kings,10,3,ויגדלה שלמה אתכלדבריה לאהיה דבר נעלם מןהמלך אשר לא הגיד לה,"Solomon had answers for all her questions; there was nothing that the king did not know, [nothing] to which he could not give her an answer. ",Ninguno
I_Kings,10,4,ותרא מלכתשבא את כלחכמת שלמה והבית אשר בנה,"When the queen of Sheba observed all of Solomon’s wisdom, and the palace he had built, ",Ninguno
I_Kings,10,5,"ומאכל שלחנו ומושב עבדיו ומעמד <span class=""mam-kq-trivial"">משרתו</span> ומלבשיהם ומשקיו ועלתו אשר יעלה בית יהוה ולאהיה בה עוד רוח","the fare of his table, the seating of his courtiers, the service and attire of his attendants, and his wine service, and the burnt offerings that he offered atband the burnt offerings that he offered at Cf. 2 Chron. 9.4 “and the procession with which he went up to.…” the House of GOD, she was left breathless.",Ninguno
I_Kings,10,6,ותאמר אלהמלך אמת היה הדבר אשר שמעתי בארצי עלדבריך ועלחכמתך,"She said to the king, “The report I heard in my own land about you and your wisdom was true. ",Ninguno
I_Kings,10,7,ולאהאמנתי לדברים עד אשרבאתי ותראינה עיני והנה לאהגדלי החצי הוספת חכמה וטוב אלהשמועה אשר שמעתי,But I did not believe the reports until I came and saw with my own eyes that not even the half had been told me; your wisdom and wealth surpass the reports that I heard.,Ninguno
I_Kings,10,8,אשרי אנשיך אשרי עבדיך אלה העמדים לפניך תמיד השמעים אתחכמתך,"How fortunate are your people and how fortunate are these your courtiers, who are always in attendance on you and can hear your wisdom! ",Ninguno
I_Kings,10,9,יהי יהוה אלהיך ברוך אשר חפץ בך לתתך עלכסא ישראל באהבת יהוה אתישראל לעלם וישימך למלך לעשות משפט וצדקה,"Praised be the ETERNAL your God, who delighted in you and set you on the throne of Israel. It is because of GOD’s everlasting love for Israel that you were made king—to administer justice and righteousness.”",Ninguno
I_Kings,10,10,ותתן למלך מאה ועשרים&thinsp;<b></b> ככר זהב ובשמים הרבה מאד ואבן יקרה לא בא כבשם ההוא עוד לרב אשרנתנה מלכתשבא למלך שלמה,"She presented the king with one hundred and twenty talents of gold, and a large quantity of spices, and precious stones. Never again did such a vast quantity of spices arrive as that which the queen of Sheba gave to King Solomon.— ",Ninguno
I_Kings,10,11,וגם אני חירם אשרנשא זהב מאופיר הביא מאפיר עצי אלמגים הרבה מאד ואבן יקרה,"Moreover, Hiram’s fleet, which carried gold from Ophir, brought in from Ophir a huge quantity of almug wood and precious stones. ",Ninguno
I_Kings,10,12,ויעש המלך אתעצי האלמגים מסעד לביתיהוה ולבית המלך וכנרות ונבלים לשרים לא באכן עצי אלמגים ולא נראה עד היום הזה,"The king used the almug wood for decorations in the House of GOD and in the royal palace, and for harps and lyres for the musicians. Such a quantity of almug wood has never arrived or been seen to this day.— ",Ninguno
I_Kings,10,13,"והמלך שלמה נתן למלכתשבא אתכלחפצה אשר שאלה מלבד אשר נתןלה כיד המלך שלמה ותפן ותלך לארצה היא ועבדיה&nbsp;<span class=""mam-spi-pe"">{פ}</span><br>","King Solomon, in turn, gave the queen of Sheba everything she wanted and asked for, in addition to what King Solomon gave her out of his royal bounty. Then she and her attendants left and returned to her own land.",Ninguno
I_Kings,10,14,ויהי משקל הזהב אשרבא לשלמה בשנה אחת שש מאות ששים ושש ככר זהב,"The weight of the gold that Solomon received every year was 666 talents of gold, ",Ninguno
I_Kings,10,15,לבד מאנשי התרים ומסחר הרכלים וכלמלכי הערב ופחות הארץ,"besides what came from the traders,ctraders Or “traders’ agents.” from the traffic of the merchants, and from all the kings of Arabia and the governors of the regions. ",Ninguno
I_Kings,10,16,ויעש המלך שלמה מאתים צנה זהב שחוט ששמאות זהב יעלה עלהצנה האחת,King Solomon made 200 shields of beaten gold—600 shekels of gold to each shield—,Ninguno
I_Kings,10,17,"ושלשמאות מגנים זהב שחוט שלשת מנים זהב יעלה עלהמגן האחת ויתנם המלך בית יער הלבנון&nbsp;<span class=""mam-spi-pe"">{פ}</span><br>",and 300 bucklers of beaten gold—three minas of gold to each buckler. The king placed them in the Lebanon Forest House.,Ninguno
I_Kings,10,18,ויעש המלך כסאשן גדול ויצפהו זהב מופז,"The king also made a large throne of ivory, and he overlaid it with refined gold. ",Ninguno
I_Kings,10,19,שש מעלות לכסה וראשעגל לכסה מאחריו וידת מזה ומזה אלמקום השבת ושנים אריות עמדים אצל הידות,"Six steps led up to the throne, and the throne had a back with a rounded top, and arms on either side of the seat. Two lions stood beside the arms, ",Ninguno
I_Kings,10,20,ושנים עשר אריים עמדים שם עלשש המעלות מזה ומזה לאנעשה כן לכלממלכות,"and twelve lions stood on the six steps, six on either side. No such throne was ever made for any other kingdom.dkingdom Or “prince”; like Phoenician mamlakt. ",Ninguno
I_Kings,10,21,וכל כלי משקה המלך שלמה זהב וכל כלי ביתיער הלבנון זהב סגור אין כסף לא נחשב בימי שלמה למאומה,"All King Solomon’s drinking cups were of gold, and all the utensils of the Lebanon Forest House were of pure gold: silver did not count for anything in Solomon’s days. ",Ninguno
I_Kings,10,22,כי אני תרשיש למלך בים עם אני חירם אחת לשלש שנים תבוא&thinsp;<b></b> אני תרשיש נשאת זהב וכסף שנהבים וקפים ותכיים,"For the king had a Tarshish fleeteTarshish fleet Probably a fleet of large ships. on the sea, along with Hiram’s fleet. Once every three years, the Tarshish fleet came in, bearing gold and silver, ivory, apes, and peacocks.",Ninguno
I_Kings,10,23,ויגדל המלך שלמה מכל מלכי הארץ לעשר ולחכמה,King Solomon surpassed all the monarchs on earth in wealth and in wisdom.,Ninguno
I_Kings,10,24,וכלהארץ מבקשים אתפני שלמה לשמע אתחכמתו אשרנתן אלהים בלבו,All the world came to pay homage to Solomon and to listen to the wisdom with which God had endowed him;,Ninguno
I_Kings,10,25,"והמה מבאים איש מנחתו כלי כסף וכלי זהב ושלמות ונשק ובשמים סוסים ופרדים דברשנה בשנה&nbsp;<span class=""mam-spi-samekh"">{ס}</span>&nbsp;&nbsp;&nbsp;&nbsp;&nbsp;&nbsp;&nbsp;&nbsp;","and each one would bring tribute—silver and gold objects, robes, weapons and spices, horses and mules—in the amount due each year.",Ninguno
I_Kings,10,26,ויאסף שלמה רכב ופרשים ויהילו אלף וארבעמאות רכב ושניםעשר אלף פרשים וינחם בערי הרכב ועםהמלך בירושל͏ם,"Solomon assembled chariots and horses.fhorses See note at 1.5. He had 1,400 chariots and 12,000 horses, which he stationedgstationed So 2 Chron. 1.14; 9.25; Heb. here “led.” in the chariot towns and with the king in Jerusalem. ",Ninguno
I_Kings,10,27,ויתן המלך אתהכסף בירושל͏ם כאבנים ואת הארזים נתן כשקמים אשרבשפלה לרב,"The king made silver as plentiful in Jerusalem as stones, and cedars as plentiful as sycamores in the Shephelah. ",Ninguno
I_Kings,10,28,ומוצא הסוסים אשר לשלמה ממצרים ומקוה סחרי המלך יקחו מקוה במחיר,"Solomon’s horses were procured from MizraimhMizraim Usually Egypt, here perhaps Muṣru, a neighbor of Kue (Cilicia). and Kue. The king’s dealers would buy them from Kue at a fixed price. ",Ninguno
I_Kings,10,29,"ותעלה ותצא מרכבה ממצרים בשש מאות כסף וסוס בחמשים ומאה וכן לכלמלכי החתים ולמלכי ארם בידם יצאו&nbsp;<span class=""mam-spi-pe"">{פ}</span><br>","A chariot imported from MizraimiMizraim See note at v. 28. cost 600 shekels of silver, and a horse 150; these in turn were exported by themjthem I.e., Solomon’s dealers. to all the kings of the Hittites and the kings of the Arameans.",Ninguno
I_Kings,11,1,והמלך שלמה אהב נשים נכריות רבות ואתבתפרעה מואביות עמניות אדמית צדנית חתית,"King Solomon loved many foreign women in addition to Pharaoh’s daughter—Moabite, Ammonite, Edomite, Phoenician, and Hittite women, ",Ninguno
I_Kings,11,2,מןהגוים אשר אמריהוה אלבני ישראל לאתבאו בהם והם לאיבאו בכם אכן יטו אתלבבכם אחרי אלהיהם בהם דבק שלמה לאהבה,"from the nations of which GOD had said to the Israelites, “None of you shall join them and none of them shall join you,ajoin you In marriage; cf. Deut. 7.3–4; 23.4, 8–9. lest they turn your heart away to follow their gods.” Such Solomon clung to and loved. ",Ninguno
I_Kings,11,3,ויהילו נשים שרות שבע מאות ופלגשים שלש מאות ויטו נשיו אתלבו,He had seven hundred royal wives and three hundred concubines; and his wives turned his heart away.,Ninguno
I_Kings,11,4,ויהי לעת זקנת שלמה נשיו הטו אתלבבו אחרי אלהים אחרים ולאהיה לבבו שלם עםיהוה אלהיו כלבב דויד אביו,"In his old age, his wives turned away Solomon’s heart after other gods, and he was not as wholeheartedly devoted to the ETERNAL his God as his father David had been. ",Ninguno
I_Kings,11,5,וילך שלמה אחרי עשתרת אלהי צדנים ואחרי מלכם שקץ עמנים,"Solomon followed Ashtoreth the goddess of the Phoenicians, and Milcom the abomination of the Ammonites.",Ninguno
I_Kings,11,6,"ויעש שלמה הרע בעיני יהוה ולא מלא אחרי יהוה כדוד אביו&nbsp;<span class=""mam-spi-samekh"">{ס}</span>&nbsp;&nbsp;&nbsp;&nbsp;&nbsp;&nbsp;&nbsp;&nbsp;",Solomon did what was displeasing to GOD and did not remain loyal to GOD like his father David.,Ninguno
I_Kings,11,7,אז יבנה שלמה במה לכמוש שקץ מואב בהר אשר עלפני ירושל͏ם ולמלך שקץ בני עמון,"At that time, Solomon built a shrine for Chemosh the abomination of Moab on the hill near Jerusalem, and one for Molech the abomination of the Ammonites. ",Ninguno
I_Kings,11,8,וכן עשה לכלנשיו הנכריות מקטירות ומזבחות לאלהיהן,And he did the same for all his foreign wives who offered and sacrificed to their gods.,Ninguno
I_Kings,11,9,ויתאנף יהוה בשלמה כינטה לבבו מעם יהוה אלהי ישראל הנראה אליו פעמים,"GOD
 was angry with Solomon, because his heart turned away from the ETERNAL, the God of Israel, who had appeared tobappeared to See note at 9.2. him twice ",Ninguno
I_Kings,11,10,"וצוה אליו עלהדבר הזה לבלתילכת אחרי אלהים אחרים ולא שמר את אשרצוה יהוה&nbsp;<span class=""mam-spi-pe"">{פ}</span><br>","and had commanded him about this matter, not to follow other gods; he did not obey what GOD had commanded. ",Ninguno
I_Kings,11,11,ויאמר יהוה לשלמה יען אשר היתהזאת עמך ולא שמרת בריתי וחקתי אשר צויתי עליך קרע אקרע אתהממלכה מעליך ונתתיה לעבדך,"And GOD said to Solomon, “Because you are guilty of thiscBecause you are guilty of this Lit. “This is with you.”—you have not kept My covenant and the laws that I enjoined upon you—I will tear the kingdom away from you and give it to one of your servants. ",Ninguno
I_Kings,11,12,אךבימיך לא אעשנה למען דוד אביך מיד בנך אקרענה,"But, for the sake of your father David, I will not do it in your lifetime; I will tear it away from your son. ",Ninguno
I_Kings,11,13,"רק אתכלהממלכה לא אקרע שבט אחד אתן לבנך למען דוד עבדי ולמען ירושל͏ם אשר בחרתי&nbsp;<span class=""mam-spi-samekh"">{ס}</span>&nbsp;&nbsp;&nbsp;&nbsp;&nbsp;&nbsp;&nbsp;&nbsp;","However, I will not tear away the whole kingdom; I will give your son one tribe, for the sake of My servant David and for the sake of Jerusalem that I have chosen.”",Ninguno
I_Kings,11,14,ויקם יהוה שטן לשלמה את הדד האדמי מזרע המלך הוא באדום,"So GOD raised up an adversary against Solomon, the Edomite Hadad, who was of the royal family of Edom. ",Ninguno
I_Kings,11,15,ויהי בהיות דוד אתאדום בעלות יואב שר הצבא לקבר אתהחללים ויך כלזכר באדום,"When David was indwas in Emendation yields “defeated”; cf. 2 Sam. 8.13. Edom, Joab the army commander went up to bury the slain, and he killed every male in Edom; ",Ninguno
I_Kings,11,16,כי ששת חדשים ישבשם יואב וכלישראל עדהכרית כלזכר באדום,for Joab and all Israel stayed there for six months until he had killed off every male in Edom.,Ninguno
I_Kings,11,17,ויברח אדד הוא ואנשים אדמיים מעבדי אביו אתו לבוא מצרים והדד נער קטן,"But Hadad,eHadad Heb. “Adad.” together with some Edomites, servants of his father, escaped and headed for Egypt; Hadad was then a young boy. ",Ninguno
I_Kings,11,18,ויקמו ממדין ויבאו פארן ויקחו אנשים עמם מפארן ויבאו מצרים אלפרעה מלךמצרים ויתןלו בית ולחם אמר לו וארץ נתן לו,"Setting out from Midian, they came to Paran and took othersfothers I.e., subordinates, perhaps as guides for traversing the wilderness. from Paran along with them. Thus they came to Egypt, to Pharaoh king of Egypt, who gave him a house, assigned a food allowance to him, and granted him an estate. ",Ninguno
I_Kings,11,19,וימצא הדד חן בעיני פרעה מאד ויתןלו אשה אתאחות אשתו אחות תחפניס הגבירה,"Pharaoh took a great liking to Hadad and gave him his sister-in-law, the sister of Queen Tahpenes, as wife. ",Ninguno
I_Kings,11,20,ותלד לו אחות תחפניס את גנבת בנו ותגמלהו תחפנס בתוך בית פרעה ויהי גנבת בית פרעה בתוך בני פרעה,"The sister of Tahpenes bore him a son, Genubath. Tahpenes weanedgweaned Septuagint reads “reared.” him in Pharaoh’s palace, and Genubath remained in Pharaoh’s palace among the sons of Pharaoh. ",Ninguno
I_Kings,11,21,והדד שמע במצרים כישכב דוד עםאבתיו וכימת יואב שרהצבא ויאמר הדד אלפרעה שלחני ואלך אלארצי,"When Hadad heard in Egypt that David had been laid to rest with his ancestors and that Joab the army commander was dead, Hadad said to Pharaoh, “Give me leave to go to my own country.” ",Ninguno
I_Kings,11,22,ויאמר לו פרעה כי מהאתה חסר עמי והנך מבקש ללכת אלארצך ויאמר&thinsp;<small></small>&thinsp;לא כי שלח תשלחני,"Pharaoh replied, “What do you lack with me, that you want to go to your own country?” But he said, “Nevertheless, give me leave to go.”",Ninguno
I_Kings,11,23,ויקם אלהים לו שטן אתרזון בןאלידע אשר ברח מאת הדדעזר מלךצובה אדניו,"Another adversary that God raised up against SolomonhSolomon Heb. “him.” was Rezon son of Eliada, who had fled from his lord, King Hadadezer of Zobah, ",Percepción (Yada)
I_Kings,11,24,ויקבץ עליו אנשים ויהי שרגדוד בהרג דוד אתם וילכו דמשק וישבו בה וימלכו בדמשק,"when David was slaughtering them. He gathered some men and became captain over a troop; they went to Damascus and settled there, and they established a kingdom in Damascus. ",Ninguno
I_Kings,11,25,"ויהי שטן לישראל כלימי שלמה ואתהרעה אשר הדד ויקץ בישראל וימלך עלארם&nbsp;<span class=""mam-spi-pe"">{פ}</span><br>","He was an adversary of Israel all the days of Solomon, adding to the trouble [caused by] Hadad; he repudiated [the authority of] Israel and reigned over Aram.",Ninguno
I_Kings,11,26,וירבעם בןנבט אפרתי מןהצרדה ושם אמו צרועה אשה אלמנה עבד לשלמה וירם יד במלך,"Jeroboam son of Nebat, an Ephraimite of Zeredah, the son of a widow whose name was Zeruah, was in Solomon’s service; he raised his hand against the king. ",Ninguno
I_Kings,11,27,וזה הדבר אשרהרים יד במלך שלמה בנה אתהמלוא סגר אתפרץ עיר דוד אביו,"The circumstances under which he raised his hand against the king were as follows: Solomon built the Millo and repaired the breach of the city of his father, David. ",Ninguno
I_Kings,11,28,"והאיש ירבעם גבור חיל וירא שלמה אתהנער כיעשה מלאכה הוא ויפקד אתו לכלסבל בית יוסף&nbsp;<span class=""mam-spi-samekh"">{ס}</span>&nbsp;&nbsp;&nbsp;&nbsp;&nbsp;&nbsp;&nbsp;&nbsp;","This man Jeroboam was very capable, and when Solomon saw that the young manithe young man Or “this attendant.” was a productive worker, he appointed him over all the forced labor of the House of Joseph.",Ninguno
I_Kings,11,29,ויהי בעת ההיא וירבעם יצא מירושל͏ם וימצא אתו אחיה השילני הנביא בדרך והוא מתכסה בשלמה חדשה ושניהם לבדם בשדה,"During that time Jeroboam went out of Jerusalem and the prophet Ahijah of Shiloh met him on the way. He had put on a new robe; and when the two were alone in the open country, ",Ninguno
I_Kings,11,30,ויתפש אחיה בשלמה החדשה אשר עליו ויקרעה שנים עשר קרעים,Ahijah took hold of the new robe he was wearing and tore it into twelve pieces.,Ninguno
I_Kings,11,31,ויאמר לירבעם קחלך עשרה קרעים כי כה אמר יהוה אלהי ישראל הנני קרע אתהממלכה מיד שלמה ונתתי לך את עשרה השבטים,"“Take ten pieces,” he said to Jeroboam. “For thus said the ETERNAL, the God of Israel: I am about to tear the kingdom out of Solomon’s hands, and I will give you ten tribes. ",Ninguno
I_Kings,11,32,והשבט האחד יהיהלו למען&thinsp;<b></b> עבדי דוד ולמען ירושל͏ם העיר אשר בחרתי בה מכל שבטי ישראל,"But one tribe shall remain his—for the sake of My servant David and for the sake of Jerusalem, the city that I have chosen out of all the tribes of Israel. ",Ninguno
I_Kings,11,33,יען&thinsp;<b></b> אשר עזבוני וישתחוו לעשתרת אלהי צדנין לכמוש אלהי מואב ולמלכם אלהי בניעמון ולאהלכו בדרכי לעשות הישר בעיני וחקתי ומשפטי כדוד אביו,"For they have forsaken Me; they have worshiped Ashtoreth the goddess of the Phoenicians, Chemosh the god of Moab, and Milcom the god of the Ammonites; they have not walked in My ways, or done what is pleasing to Me, or [kept] My laws and rules, as his father David did. ",Ninguno
I_Kings,11,34,ולאאקח אתכלהממלכה מידו כי&thinsp;<b></b> נשיא אשתנו כל ימי חייו למען דוד עבדי אשר בחרתי אתו אשר שמר מצותי וחקתי,"However, I will not take the entire kingdom away from him, but will keep him as ruler as long as he lives for the sake of My servant David whom I chose, and who kept My commandments and My laws. ",Ninguno
I_Kings,11,35,ולקחתי המלוכה מיד בנו ונתתיה לך את עשרת השבטים,But I will take the kingship out of the hands of his son and give it to you—the ten tribes.,Ninguno
I_Kings,11,36,ולבנו אתן שבטאחד למען היותניר לדוידעבדי כלהימים&thinsp;<small></small>&thinsp;לפני בירושל͏ם העיר אשר בחרתי לי לשום שמי שם,"To his son I will give one tribe, so that there may be a lamp for My servant David forever before Me in Jerusalem—the city where I have chosen to establish My name. ",Percepción (Yada)
I_Kings,11,37,ואתך אקח ומלכת בכל אשרתאוה נפשך והיית מלך עלישראל,"But you have been chosen by Me; reignjreign I.e., establish your residence. wherever you wish, and you shall be king over Israel. ",Ninguno
I_Kings,11,38,והיה אםתשמע אתכלאשר אצוך והלכת בדרכי ועשית הישר בעיני לשמור חקותי ומצותי כאשר עשה דוד עבדי והייתי עמך ובניתי לך ביתנאמן כאשר בניתי לדוד ונתתי לך אתישראל,"If you heed all that I command you, and walk in My ways, and do what is right in My sight, keeping My laws and commandments as My servant David did, then I will be with you and I will build for you a lasting dynasty as I did for David. I hereby give Israel to you; ",Ninguno
I_Kings,11,39,"ואענה אתזרע דוד למען זאת אך לא כלהימים&nbsp;<span class=""mam-spi-samekh"">{ס}</span>&nbsp;&nbsp;&nbsp;&nbsp;&nbsp;&nbsp;&nbsp;&nbsp;","and I will chastise David’s descendants for that [sin], though not forever.”",Ninguno
I_Kings,11,40,"ויבקש שלמה להמית אתירבעם ויקם ירבעם ויברח מצרים אלשישק מלךמצרים ויהי במצרים עדמות שלמה&nbsp;<span class=""mam-spi-samekh"">{ס}</span>&nbsp;&nbsp;&nbsp;&nbsp;&nbsp;&nbsp;&nbsp;&nbsp;","Solomon sought to put Jeroboam to death, but Jeroboam promptly fled to King Shishak of Egypt; and he remained in Egypt till the death of Solomon.",Ninguno
I_Kings,11,41,ויתר דברי שלמה וכלאשר עשה וחכמתו הלואהם כתבים עלספר דברי שלמה,"The other events of Solomon’s reign, and all his actions and his wisdom, are recorded in the book of the Annals of Solomon. ",Ninguno
I_Kings,11,42,והימים אשר מלך שלמה בירושל͏ם עלכלישראל ארבעים שנה,"The length of Solomon’s reign in Jerusalem, over all Israel, was forty years. ",Ninguno
I_Kings,11,43,"וישכב שלמה עםאבתיו ויקבר בעיר דוד אביו וימלך רחבעם בנו תחתיו&nbsp;<span class=""mam-spi-samekh"">{ס}</span>&nbsp;&nbsp;&nbsp;&nbsp;&nbsp;&nbsp;&nbsp;&nbsp;",Solomon rested with his ancestors and was buried in the city of his father David; and his son Rehoboam succeeded him as king.,Ninguno
I_Kings,12,1,וילך רחבעם שכם כי שכם בא כלישראל להמליך אתו,"Rehoboam went to Shechem, for all Israel had come to Shechem to acclaim him as king. ",Ninguno
I_Kings,12,2,ויהי כשמע&thinsp;<b></b> ירבעם בןנבט והוא עודנו במצרים אשר ברח מפני המלך שלמה וישב ירבעם במצרים,"Jeroboam son of Nebat learned of it while he was still in Egypt; for Jeroboam had fled from King Solomon, and had settled in Egypt.aand had settled in Egypt Cf. 2 Chron. 10.2 “and Jeroboam returned from Egypt.” ",Ninguno
I_Kings,12,3,"וישלחו ויקראולו <span class=""mam-kq""><span class=""mam-kq-k"">(ויבאו)</span> <span class=""mam-kq-q"">[ויבא]</span></span> ירבעם וכלקהל ישראל וידברו אלרחבעם לאמר",They sent for him; and Jeroboam and all the assembly of Israel came and spoke to Rehoboam as follows:,Ninguno
I_Kings,12,4,אביך הקשה אתעלנו ואתה עתה הקל מעבדת אביך הקשה ומעלו הכבד אשרנתן עלינו ונעבדך,"“Your father made our yoke heavy. Now lighten the harsh labor and the heavy yoke that your father laid on us, and we will serve you.” ",Ninguno
I_Kings,12,5,ויאמר אליהם לכועד שלשה ימים ושובו אלי וילכו העם,"He answered them, “Go away for three days and then come back to me.” So the people went away.",Ninguno
I_Kings,12,6,ויועץ המלך רחבעם אתהזקנים אשרהיו עמדים אתפני שלמה אביו בהיתו חי לאמר איך אתם נועצים להשיב אתהעםהזה דבר,"King Rehoboam took counsel with the elders who had served his father Solomon during his lifetime. He said, “What answer do you advise [me] to give to this people?” ",Ninguno
I_Kings,12,7,"<span class=""mam-kq""><span class=""mam-kq-k"">(וידבר)</span> <span class=""mam-kq-q"">[וידברו]</span></span> אליו לאמר אםהיום תהיהעבד לעם הזה ועבדתם ועניתם ודברת אליהם דברים טובים והיו לך עבדים כלהימים","They answered him, “If you will be a servant to those people today and serve them, and if you respond to them with kind words, they will be your servants always.” ",Ninguno
I_Kings,12,8,ויעזב אתעצת הזקנים אשר יעצהו ויועץ אתהילדים אשר גדלו אתו אשר העמדים לפניו,"But he ignored the advice that the elders gave him, and took counsel with the young menbthe young men Lit. “the children.” who had grown up with him and were serving him. ",Ninguno
I_Kings,12,9,ויאמר אליהם מה אתם נועצים ונשיב דבר אתהעם הזה אשר דברו אלי לאמר הקל מןהעל אשרנתן אביך עלינו,"“What,” he asked, “do you advise that we reply to the people who said to me, ‘Lighten the yoke that your father placed upon us’?” ",Ninguno
I_Kings,12,10,וידברו אליו הילדים אשר גדלו אתו לאמר כהתאמר לעם הזה אשר דברו אליך לאמר אביך הכביד אתעלנו ואתה הקל מעלינו כה תדבר אליהם קטני עבה ממתני אבי,"And the young men who had grown up with him answered, “Speak thus to the people who said to you, ‘Your father made our yoke heavy, now you make it lighter for us.’ Say to them, ‘My little finger is thicker than my father’s loins. ",Ninguno
I_Kings,12,11,ועתה אבי העמיס עליכם על כבד ואני אוסיף עלעלכם אבי יסר אתכם בשוטים ואני איסר אתכם בעקרבים,"My father imposed a heavy yoke on you, and I will add to your yoke; my father flogged you with whips, but I will flog you with scorpions.’”",Ninguno
I_Kings,12,12,ויבו ירבעם וכלהעם אלרחבעם ביום השלישי כאשר דבר המלך לאמר שובו אלי ביום השלישי,"Jeroboam and all the people came to Rehoboam on the third day, since the king had told them: “Come back on the third day.” ",Ninguno
I_Kings,12,13,ויען המלך אתהעם קשה ויעזב אתעצת הזקנים אשר יעצהו,"The king answered the people harshly, ignoring the advice that the elders had given him. ",Ninguno
I_Kings,12,14,וידבר אליהם כעצת הילדים לאמר אבי הכביד אתעלכם ואני אסיף עלעלכם אבי יסר אתכם בשוטים ואני איסר אתכם בעקרבים,"He spoke to them in accordance with the advice of the young men, and said, “My father made your yoke heavy, but I will add to your yoke; my father flogged you with whips, but I will flog you with scorpions.” ",Ninguno
I_Kings,12,15,ולאשמע המלך אלהעם כיהיתה סבה מעם יהוה למען הקים אתדברו אשר דבר יהוה ביד אחיה השילני אלירבעם בןנבט,(The king did not listen to the people; for GOD had brought it about in order to fulfill the promise that GOD had made through Ahijah the Shilonite to Jeroboam son of Nebat.),Ninguno
I_Kings,12,16,וירא כלישראל כי לאשמע המלך אלהם וישבו העם אתהמלך&thinsp;<small></small>&thinsp;דבר&thinsp;<small></small>&thinsp;לאמר מהלנו חלק בדוד ולאנחלה בבןישי לאהליך ישראל עתה ראה ביתך דוד וילך ישראל לאהליו,"When all Israel saw that the king had not listened to them, the people answered the king:“We have no portion in David,No share in Jesse’s son!To your tents, O Israel!Now look to your own House, O David.”So the Israelites returned to their homes.chomes Lit. “tents.” ",Ninguno
I_Kings,12,17,"ובני ישראל הישבים בערי יהודה וימלך עליהם רחבעם&nbsp;<span class=""mam-spi-pe"">{פ}</span><br>",But Rehoboam continued to reign over the Israelites who lived in the towns of Judah.,Ninguno
I_Kings,12,18,וישלח המלך רחבעם אתאדרם אשר עלהמס וירגמו כלישראל בו אבן וימת והמלך רחבעם התאמץ לעלות במרכבה לנוס ירושל͏ם,"King Rehoboam sent Adoram,dAdoram Elsewhere called Adoniram; cf. 2 Sam. 20.24 and note. who was in charge of the forced labor, but all Israel pelted him to death with stones. Thereupon King Rehoboam hurriedly mounted his chariot and fled to Jerusalem. ",Ninguno
I_Kings,12,19,"ויפשעו ישראל בבית דוד עד היום הזה&nbsp;<span class=""mam-spi-samekh"">{ס}</span>&nbsp;&nbsp;&nbsp;&nbsp;&nbsp;&nbsp;&nbsp;&nbsp;","Thus Israel revolted against the House of David, as is still the case.",Ninguno
I_Kings,12,20,ויהי כשמע כלישראל כישב ירבעם וישלחו ויקראו אתו אלהעדה וימליכו אתו עלכלישראל לא היה אחרי ביתדוד זולתי שבטיהודה לבדו,"When all Israel heard that Jeroboam had returned, they sent messengers and summoned him to the assembly and made him king over all Israel. Only the tribe of Judah remained loyal to the House of David.",Ninguno
I_Kings,12,21,"<span class=""mam-kq""><span class=""mam-kq-k"">(ויבאו)</span> <span class=""mam-kq-q"">[ויבא]</span></span> רחבעם ירושל͏ם ויקהל אתכלבית יהודה ואתשבט בנימן מאה ושמנים אלף בחור עשה מלחמה להלחם עםבית ישראל להשיב אתהמלוכה לרחבעם בןשלמה&nbsp;<span class=""mam-spi-pe"">{פ}</span><br>","On his return to Jerusalem, Rehoboam mustered all the House of Judah and the tribe of Benjamin, 180,000 of the best warriors, to fight against the House of Israel, in order to restore the kingship to Rehoboam son of Solomon. ",Ninguno
I_Kings,12,22,ויהי דבר האלהים אלשמעיה אישהאלהים לאמר,"But the word of God came to Shemaiah, the agent of God: ",Ninguno
I_Kings,12,23,אמר אלרחבעם בןשלמה מלך יהודה ואלכלבית יהודה ובנימין ויתר העם לאמר,"“Say to King Rehoboam son of Solomon of Judah, and to all the House of Judah and Benjamin and the rest of the people: ",Control/Derecha (Yamin)
I_Kings,12,24,"כה אמר יהוה לאתעלו ולאתלחמון עםאחיכם בניישראל שובו איש לביתו כי מאתי נהיה הדבר הזה וישמעו אתדבר יהוה וישבו ללכת כדבר יהוה&nbsp;<span class=""mam-spi-samekh"">{ס}</span>&nbsp;&nbsp;&nbsp;&nbsp;&nbsp;&nbsp;&nbsp;&nbsp;","Thus said GOD: You shall not set out to make war on your kindred the Israelites. Return to your homes, for this thing has been brought about by Me.” They heeded the word of GOD and turned back, in accordance with the word of GOD.",Ninguno
I_Kings,12,25,ויבן ירבעם אתשכם בהר אפרים וישב בה ויצא משם ויבן אתפנואל,Jeroboam fortified Shechem in the hill country of Ephraim and resided there; he moved out from there and fortified Penuel.,Ninguno
I_Kings,12,26,ויאמר ירבעם בלבו עתה תשוב הממלכה לבית דוד,"Jeroboam said to himself, “Now the kingdom may well return to the House of David. ",Ninguno
I_Kings,12,27,אםיעלה&thinsp;<b></b> העם הזה לעשות זבחים בביתיהוה בירושל͏ם ושב לב העם הזה אלאדניהם אלרחבעם מלך יהודה והרגני ושבו אלרחבעם מלךיהודה,"If these people still go up to offer sacrifices at the House of GOD in Jerusalem, the heart of these people will turn back to their master, King Rehoboam of Judah; they will kill me and go back to King Rehoboam of Judah.” ",Ninguno
I_Kings,12,28,ויועץ המלך ויעש שני עגלי זהב ויאמר אלהם רבלכם מעלות ירושל͏ם הנה אלהיך ישראל אשר העלוך מארץ מצרים,"So the king took counsel and made two golden calves. He said to the people,ethe people Heb. “them.” “You have been going up to Jerusalem long enough. This is your god, O Israel, who brought you up from the land of Egypt!” ",Ninguno
I_Kings,12,29,וישם אתהאחד בביתאל ואתהאחד נתן בדן,He set up one in Bethel and placed the other in Dan.,Ninguno
I_Kings,12,30,ויהי הדבר הזה לחטאת וילכו העם לפני האחד עדדן,"That proved to be a cause of guilt, for the people went to worship [the calf at Bethel and] the one at Dan. ",Ninguno
I_Kings,12,31,ויעש אתבית במות ויעש כהנים מקצות העם אשר לאהיו מבני לוי,He also made cult places and appointed priests from the ranks of the people who were not of Levite descent.,Ninguno
I_Kings,12,32,ויעש ירבעם&thinsp;<small></small>&thinsp;חג בחדש השמיני בחמשהעשר יום&thinsp;<small></small>&thinsp;לחדש כחג&thinsp;<b></b> אשר ביהודה ויעל עלהמזבח כן עשה בביתאל לזבח לעגלים אשרעשה והעמיד בבית אל אתכהני הבמות אשר עשה,"He stationed at Bethel the priests of the shrines that he had appointed to sacrifice to the calves that he had made. And Jeroboam established a festival on the fifteenth day of the eighth month; in imitation of the festival in Judah, he established one at Bethel, and he ascended the altar [there]. ",Ninguno
I_Kings,12,33,"ויעל עלהמזבח&thinsp;<b></b> אשרעשה בביתאל בחמשה עשר יום בחדש השמיני בחדש אשרבדא <span class=""mam-kq""><span class=""mam-kq-k"">(מלבד)</span> <span class=""mam-kq-q"">[מלבו]</span></span> ויעש חג לבני ישראל ויעל עלהמזבח להקטיר&nbsp;<span class=""mam-spi-pe"">{פ}</span><br>","On the fifteenth day of the eighth month—the month in which he had contrived of his own mind to establish a festival for the Israelites—Jeroboam ascended the altar that he had made in Bethel.As he ascended the altar to present an offering,",Ninguno
I_Kings,13,1,והנה&thinsp;<b></b> איש אלהים בא מיהודה בדבר יהוה אלביתאל וירבעם עמד עלהמזבח להקטיר,"an agent of God arrived at Bethel from Judah at the command of GOD. While Jeroboam was standing on the altaraon the altar I.e., at the top of the steps or ramp. to present the offering, ",Ninguno
I_Kings,13,2,ויקרא עלהמזבח בדבר יהוה ויאמר מזבח מזבח כה אמר יהוה הנהבן נולד לביתדוד יאשיהו שמו וזבח עליך אתכהני הבמות המקטרים עליך ועצמות אדם ישרפו עליך,"he—the agent of God—at the command of GOD, cried out against the altar: “O altar, altar! Thus said GOD: A son shall be born to the House of David, Josiah by name; and he shall slaughter upon you the priests of the shrines who bring offerings upon you. And human bones shall be burned upon you.” ",Ninguno
I_Kings,13,3,ונתן ביום ההוא מופת לאמר זה המופת אשר דבר יהוה הנה המזבח נקרע ונשפך הדשן אשרעליו,"He gave a portent on that day, saying, “Here is the portent that GOD has decreed: This altar shall break apart, and the ashes on it shall be spilled.” ",Ninguno
I_Kings,13,4,ויהי כשמע המלך אתדבר אישהאלהים אשר קרא עלהמזבח בביתאל וישלח ירבעם אתידו מעל המזבח לאמר&thinsp;<small></small>&thinsp;תפשהו ותיבש ידו אשר שלח עליו ולא יכל להשיבה אליו,"When the king heard what the agent of God had proclaimed against the altar in Bethel, Jeroboam stretched out his arm above the altar and cried, “Seize him!” But the arm that he stretched out against him became rigid, and he could not draw it back. ",Ninguno
I_Kings,13,5,והמזבח נקרע וישפך הדשן מןהמזבח כמופת אשר נתן איש האלהים בדבר יהוה,The altar broke apart and its ashes were spilled—the very portent that the agent of God had announced at GOD’s command.,Ninguno
I_Kings,13,6,ויען המלך ויאמר&thinsp;<b></b> אלאיש האלהים חלנא אתפני יהוה אלהיך והתפלל בעדי ותשב ידי אלי ויחל אישהאלהים אתפני יהוה ותשב ידהמלך אליו ותהי כבראשנה,"Then the king spoke up and said to the agent of God, “Please entreat the ETERNAL your God and pray for me that I may be able to draw back my arm.” The agent of God entreated GOD and the king was able to draw his arm back; it became as it was before.",Ninguno
I_Kings,13,7,וידבר המלך אלאיש האלהים באהאתי הביתה וסעדה ואתנה לך מתת,"The king said to the agent of God, “Come with me to my house and have some refreshment; and I shall give you a gift.” ",Ninguno
I_Kings,13,8,ויאמר אישהאלהים אלהמלך אםתתןלי אתחצי ביתך לא אבא עמך ולאאכל לחם ולא אשתהמים במקום הזה,"But the agent of God replied to the king, “Even if you give me half your wealth, I will not go in with you, nor will I eat bread or drink water in this place; ",Ninguno
I_Kings,13,9,כיכן&thinsp;<b></b> צוה אתי בדבר יהוה לאמר לאתאכל לחם ולא תשתהמים ולא תשוב בדרך אשר הלכת,"for so I was commanded by the word of GOD: You shall eat no bread and drink no water, nor shall you go back by the road by which you came.” ",Ninguno
I_Kings,13,10,"וילך בדרך אחר ולאשב בדרך אשר בא בה אלביתאל&nbsp;<span class=""mam-spi-pe"">{פ}</span><br>",So he left by another road and did not go back by the road on which he had come to Bethel.,Ninguno
I_Kings,13,11,ונביא אחד זקן ישב בביתאל ויבוא בנו ויספרלו אתכלהמעשה אשרעשה אישהאלהים&thinsp;<small></small>&thinsp;היום בביתאל אתהדברים אשר דבר אלהמלך ויספרום לאביהם,"There was an old prophet living in Bethel; and his sonsbsons Heb. “son.” came and told him all the things that the agent of God had done that day in Bethel [and] the words that he had spoken to the king. When they told it to their father, ",Ninguno
I_Kings,13,12,וידבר אלהם אביהם איזה הדרך הלך ויראו בניו אתהדרך אשר הלך איש האלהים אשרבא מיהודה,"their father said to them, “Which road did he leave by?” His sons had seencHis sons had seen Septuagint reads “And his sons showed.” the road taken by the agent of God who had come from Judah. ",Ninguno
I_Kings,13,13,ויאמר אלבניו חבשולי החמור ויחבשולו החמור וירכב עליו,"“Saddle the donkey for me,” he said to his sons. They saddled the donkey for him, and he mounted it ",Ninguno
I_Kings,13,14,וילך אחרי איש האלהים וימצאהו ישב תחת האלה ויאמר אליו האתה אישהאלהים אשרבאת מיהודה ויאמר אני,"and rode after the agent of God. He came upon him sitting under a terebinth and said to him, “Are you the agent of God who came from Judah?” “Yes, I am,” he answered. ",Ninguno
I_Kings,13,15,ויאמר אליו לך אתי הביתה ואכל לחם,"“Come home with me,” he said, “and have something to eat.” ",Ninguno
I_Kings,13,16,ויאמר לא אוכל לשוב אתך ולבוא אתך ולאאכל לחם ולאאשתה אתך מים במקום הזה,"He replied, “I may not go back with you and enter your home; and I may not eat bread or drink water in this place; ",Ninguno
I_Kings,13,17,כידבר אלי בדבר יהוה לאתאכל לחם ולאתשתה שם מים לאתשוב ללכת בדרך אשרהלכת בה,the order I received by the word of GOD was: You shall not eat bread or drink water there; nor shall you return by the road on which you came.”,Ninguno
I_Kings,13,18,ויאמר לו גםאני נביא כמוך ומלאך דבר אלי בדבר יהוה לאמר השבהו אתך אלביתך ויאכל לחם וישת מים כחש לו,"“I am a prophet, too,” said the other, “and an angel said to me by command of GOD: Bring him back with you to your house, that he may eat bread and drink water.” He was lying to him. ",Ninguno
I_Kings,13,19,וישב אתו ויאכל לחם בביתו וישת מים,"So he went back with him, and he ate bread and drank water in his house.",Ninguno
I_Kings,13,20,"ויהי הם ישבים אלהשלחן&nbsp;<span class=""mam-spi-pe"">{פ}</span><br>ויהי דבריהוה אלהנביא אשר השיבו","While they were sitting at the table, the word of GOD came to the prophet who had brought him back. ",Ninguno
I_Kings,13,21,ויקרא אלאיש האלהים אשרבא מיהודה לאמר כה אמר יהוה יען כי מרית פי יהוה ולא שמרת אתהמצוה אשר צוך יהוה אלהיך,"He cried out to the agent of God who had come from Judah: “Thus said GOD: Because you have flouted the word of GOD and have not observed what the ETERNAL your God commanded you, ",Ninguno
I_Kings,13,22,ותשב ותאכל לחם ותשת מים במקום אשר דבר אליך אלתאכל לחם ואלתשת מים לאתבוא נבלתך אלקבר אבתיך,"but have gone back and eaten bread and drunk water in the place of which [God] said to you, ‘Do not eat bread or drink water [there],’ your corpse shall not come to the grave of your ancestors.” ",Ninguno
I_Kings,13,23,ויהי אחרי אכלו לחם ואחרי שתותו ויחבשלו החמור לנביא אשר השיבו,"After he had eaten bread and had drunk, he saddled the donkey for him—for the prophet whom he had brought back. ",Ninguno
I_Kings,13,24,וילך וימצאהו אריה בדרך וימיתהו ותהי נבלתו משלכת בדרך והחמור עמד אצלה והאריה עמד אצל הנבלה,"He set out, and a lion came upon him on the road and killed him. His corpse lay on the road, with the donkey standing beside it, and the lion also standing beside the corpse. ",Ninguno
I_Kings,13,25,והנה אנשים עברים ויראו אתהנבלה משלכת בדרך ואתהאריה עמד אצל הנבלה ויבאו וידברו בעיר אשר הנביא הזקן ישב בה,Some people who passed by saw the corpse lying on the road and the lion standing beside the corpse; they went and told it in the town where the old prophet lived.,Ninguno
I_Kings,13,26,וישמע הנביא אשר השיבו מןהדרך ויאמר איש האלהים הוא אשר מרה אתפי יהוה ויתנהו יהוה לאריה וישברהו וימתהו כדבר יהוה אשר דברלו,"And when the prophet who had brought him back from the road heard it, he said, “That is the agent of God who flouted GOD’s command; GOD gave him over to the lion, which mauled him and killed him in accordance with the word that GOD had spoken to him.” ",Ninguno
I_Kings,13,27,וידבר אלבניו לאמר חבשולי אתהחמור ויחבשו,"He said to his sons, “Saddle the donkey for me,” and they did so. ",Ninguno
I_Kings,13,28,וילך וימצא אתנבלתו משלכת בדרך וחמור והאריה עמדים אצל הנבלה לאאכל האריה אתהנבלה ולא שבר אתהחמור,"He set out and found the corpse lying on the road, with the donkey and the lion standing beside the corpse; the lion had not eaten the corpse nor had it mauled the donkey. ",Ninguno
I_Kings,13,29,וישא הנביא אתנבלת אישהאלהים וינחהו אלהחמור וישיבהו ויבא אלעיר הנביא הזקן לספד ולקברו,"The prophet lifted up the corpse of the agent of God, laid it on the donkey, and brought it back; it was broughtdit was brought Lit. “it came.” to the town of the old prophet for lamentation and burial. ",Ninguno
I_Kings,13,30,וינח אתנבלתו בקברו ויספדו עליו הוי אחי,"He laid the corpse in his own burial place; and they lamented over it, “Alas, my brother!” ",Ninguno
I_Kings,13,31,ויהי אחרי קברו אתו ויאמר אלבניו לאמר במותי וקברתם אתי בקבר אשר איש האלהים קבור בו אצל עצמתיו הניחו אתעצמתי,"After burying him, he said to his sons, “When I die, bury me in the grave where the agent of God lies buried; lay my bones beside his. ",Ninguno
I_Kings,13,32,"כי היה יהיה הדבר אשר קרא בדבר יהוה עלהמזבח אשר בביתאל ועל כלבתי הבמות אשר בערי שמרון&nbsp;<span class=""mam-spi-pe"">{פ}</span><br>","For what he announced by the word of GOD against the altar in Bethel, and against all the cult places in the towns of Samaria, shall surely come true.”",Ninguno
I_Kings,13,33,אחר הדבר הזה לאשב ירבעם מדרכו הרעה וישב ויעש מקצות העם כהני במות החפץ ימלא אתידו ויהי כהני במות,"Even after this incident, Jeroboam did not turn back from his evil way, but kept on appointing priests for the shrines from the ranks of the people. He ordained as priests of the shrines any who so desired. ",Ninguno
I_Kings,13,34,"ויהי בדבר הזה לחטאת בית ירבעם ולהכחיד ולהשמיד מעל פני האדמה&nbsp;<span class=""mam-spi-pe"">{פ}</span><br>",Thereby the House of Jeroboam incurred guilt—to their utter annihilation from the face of the earth.,Ninguno
I_Kings,14,1,בעת ההיא חלה אביה בןירבעם,"At that time, Abijah, a son of Jeroboam, fell sick. ",Ninguno
I_Kings,14,2,"ויאמר ירבעם לאשתו קומי נא והשתנית ולא ידעו כי<span class=""mam-kq""><span class=""mam-kq-q"">[את]</span> <span class=""mam-kq-k"">(אתי)</span></span> אשת ירבעם והלכת שלה הנהשם אחיה הנביא הואדבר עלי למלך עלהעם הזה","Jeroboam said to his wife, “Go and disguise yourself, so that you will not be recognized as Jeroboam’s wife, and go to Shiloh. The prophet Ahijah lives there, the one who predicted that I would be king over this people. ",Percepción (Yada)
I_Kings,14,3,ולקחת בידך עשרה לחם ונקדים ובקבק דבש ובאת אליו הוא יגיד לך מהיהיה לנער,"Take with you ten loaves, some wafers, and a jug of honey, and go to him; he will tell you what will happen to the boy.” ",Ninguno
I_Kings,14,4,"ותעש כן אשת ירבעם ותקם ותלך שלה ותבא בית אחיה ואחיהו לאיכל לראות כי קמו עיניו משיבו&nbsp;<span class=""mam-spi-pe"">{פ}</span><br>","Jeroboam’s wife did so; she left and went to Shiloh and came to the house of Ahijah. Now Ahijah could not see, for his eyes had become sightless with age; ",Ninguno
I_Kings,14,5,ויהוה אמר אלאחיהו הנה אשת ירבעם באה לדרש דבר מעמך אלבנה כיחלה הוא כזה וכזה תדבר אליה ויהי כבאה והיא מתנכרה,"but GOD had said to Ahijah, “Jeroboam’s wife is coming to inquire of you concerning her son, who is sick. Speak to her thus and thus. When she arrives, she will be in disguise.”",Ninguno
I_Kings,14,6,ויהי כשמע אחיהו אתקול רגליה באה בפתח ויאמר באי אשת ירבעם למה זה את מתנכרה ואנכי שלוח אליך קשה,"Ahijah heard the sound of her feet as she came through the door, and he said, “Come in, wife of Jeroboam. Why are you disguised? I have a harsh message for you. ",Ninguno
I_Kings,14,7,לכי אמרי לירבעם כהאמר יהוה אלהי ישראל יען אשר הרמתיך מתוך העם ואתנך נגיד על עמי ישראל,"Go tell Jeroboam: Thus said the ETERNAL, the God of Israel: I raised you up from among the people and made you a ruler over My people Israel; ",Ninguno
I_Kings,14,8,ואקרע אתהממלכה מבית דוד ואתנה לך ולאהיית כעבדי דוד אשר שמר מצותי ואשרהלך אחרי בכללבבו לעשות רק הישר בעיני,"I tore away the kingdom from the House of David and gave it to you. But you have not been like My servant David, who kept My commandments and followed Me with all his heart, doing only what was right in My sight. ",Ninguno
I_Kings,14,9,ותרע לעשות מכל אשרהיו לפניך ותלך ותעשהלך אלהים אחרים ומסכות להכעיסני ואתי השלכת אחרי גוך,You have acted worse than all those who preceded you; you have gone and made for yourself other gods and molten images to provoke My anger; and Me you have cast behind your back.,Ninguno
I_Kings,14,10,לכן הנני מביא רעה אלבית ירבעם והכרתי לירבעם משתין בקיר עצור ועזוב בישראל ובערתי אחרי ביתירבעם כאשר יבער הגלל עדתמו,"Therefore I will bring disaster upon the House of Jeroboam and will cut off from Jeroboam every male, bond and free,abond and free Meaning of Heb. uncertain; possibly “kinsman and friend,” cf. 16.11. in Israel. I will sweep away the House of Jeroboam utterly, as dung is swept away. ",Ninguno
I_Kings,14,11,המת לירבעם בעיר יאכלו הכלבים והמת בשדה יאכלו עוף השמים כי יהוה דבר,Anyone belonging to Jeroboam who dies in the town shall be devoured by dogs; and anyone who dies in the open country shall be eaten by the birds of the air; for GOD has spoken.,Ninguno
I_Kings,14,12,ואת קומי לכי לביתך בבאה רגליך העירה ומת הילד,"As for you, go back home; as soon as you set foot in the town, the child will die. ",Ninguno
I_Kings,14,13,וספדולו כלישראל וקברו אתו כיזה לבדו יבא לירבעם אלקבר יען נמצאבו דבר טוב אליהוה אלהי ישראל בבית ירבעם,"And all Israel shall lament over him and bury him; he alone of Jeroboam’s family shall be brought to burial, for in him alone of the House of Jeroboam has some devotion been found to the ETERNAL, the God of Israel. ",Ninguno
I_Kings,14,14,והקים יהוה לו מלך עלישראל אשר יכרית אתבית ירבעם זה היום ומה גםעתה,"Moreover, GOD will raise up a king over Israel who will destroy the House of Jeroboam, this day and even now.bthis day and even now Meaning of Heb. uncertain. ",Ninguno
I_Kings,14,15,והכה יהוה אתישראל כאשר ינוד הקנה במים ונתש אתישראל מעל האדמה הטובה הזאת אשר נתן לאבותיהם וזרם מעבר לנהר יען אשר עשו אתאשריהם מכעיסים אתיהוה,"“GOD will strike Israel until it sways like a reed in water—and uproot Israel from this good land that was given to their ancestors, and will scatter them beyond the Euphrates, because they have provoked GOD by the sacred postscsacred posts Used in worship of the goddess Asherah. that they have made for themselves. ",Ninguno
I_Kings,14,16,ויתן אתישראל בגלל חטאות ירבעם אשר חטא ואשר החטיא אתישראל,Israel will be forsaken because of the sins that Jeroboam committed and led Israel to commit.”,Ninguno
I_Kings,14,17,ותקם אשת ירבעם ותלך ותבא תרצתה היא באה בסףהבית והנער מת,"Jeroboam’s wife got up and left, and she went to Tirzah. As soon as she stepped over the threshold of her house, the child died. ",Ninguno
I_Kings,14,18,ויקברו אתו ויספדולו כלישראל כדבר יהוה אשר דבר בידעבדו אחיהו הנביא,"They buried him and all Israel lamented over him, in accordance with the word that GOD had spoken through the prophet Ahijah—God’s servant.",Percepción (Yada)
I_Kings,14,19,ויתר דברי ירבעם אשר נלחם ואשר מלך הנם כתובים עלספר דברי הימים למלכי ישראל,"The other events of Jeroboam’s reign, how he fought and how he ruled, are recorded in the Annals of the Kings of Israel. ",Ninguno
I_Kings,14,20,"והימים אשר מלך ירבעם עשרים ושתים שנה וישכב עםאבתיו וימלך נדב בנו תחתיו&nbsp;<span class=""mam-spi-pe"">{פ}</span><br>","Jeroboam reigned twenty-two years; then he rested with his ancestors, and his son Nadab succeeded him as king.",Ninguno
I_Kings,14,21,ורחבעם בןשלמה מלך ביהודה בןארבעים ואחת שנה רחבעם במלכו ושבע עשרה שנה&thinsp;<b></b> מלך בירושל͏ם העיר אשרבחר יהוה לשום אתשמו שם מכל שבטי ישראל ושם אמו נעמה העמנית,"Meanwhile, Rehoboam son of Solomon had become king in Judah. Rehoboam was forty-one years old when he became king, and he reigned seventeen years in Jerusalem—the city GOD had chosen out of all the tribes of Israel to establish God’s name there. His mother’s name was Naamah the Ammonitess. ",Ninguno
I_Kings,14,22,ויעש יהודה הרע בעיני יהוה ויקנאו אתו מכל אשר עשו אבתם בחטאתם אשר חטאו,"Judah did what was displeasing to GOD, provoking more outrage than their ancestors had by the sins that they committed. ",Ninguno
I_Kings,14,23,ויבנו גםהמה להם במות ומצבות ואשרים על כלגבעה גבהה ותחת כלעץ רענן,"They too built for themselves shrines, pillars, and sacred postsdsacred posts See note at v. 15. on every high hill and under every leafy tree; ",Ninguno
I_Kings,14,24,"וגםקדש היה בארץ עשו ככל התועבת הגוים אשר הוריש יהוה מפני בני ישראל&nbsp;<span class=""mam-spi-pe"">{פ}</span><br>",there were also consecrated workerseconsecrated workers Or “retainers”; meaning of Heb. qadesh uncertain. in the land. [Judah] imitated all the abhorrent practices of the nations that GOD had dispossessed before the Israelites.,Ninguno
I_Kings,14,25,"ויהי בשנה החמישית למלך רחבעם עלה <span class=""mam-kq""><span class=""mam-kq-k"">(שושק)</span> <span class=""mam-kq-q"">[שישק]</span></span> מלךמצרים עלירושל͏ם","In the fifth year of King Rehoboam, King Shishak of Egypt marched against Jerusalem ",Ninguno
I_Kings,14,26,ויקח אתאצרות ביתיהוה ואתאוצרות בית המלך ואתהכל לקח ויקח אתכלמגני הזהב אשר עשה שלמה,and carried off the treasures of the House of GOD and the treasures of the royal palace. He carried off everything; he even carried off all the golden shields that Solomon had made.,Ninguno
I_Kings,14,27,ויעש המלך רחבעם תחתם מגני נחשת והפקיד עליד שרי הרצים השמרים פתח בית המלך,"King Rehoboam had bronze shields made instead, and he entrusted them to the officers of the guardfguard Lit. “runners.” who guarded the entrance to the royal palace. ",Ninguno
I_Kings,14,28,ויהי מדיבא המלך בית יהוה ישאום הרצים והשיבום אלתא הרצים,"Whenever the king went into the House of GOD, the guards would carry them and then bring them back to the armory of the guards.",Ninguno
I_Kings,14,29,ויתר דברי רחבעם וכלאשר עשה הלאהמה כתובים עלספר דברי הימים למלכי יהודה,"The other events of Rehoboam’s reign, and all his actions, are recorded in the Annals of the Kings of Judah. ",Ninguno
I_Kings,14,30,ומלחמה היתה ביןרחבעם ובין ירבעם כלהימים,There was continual war between Rehoboam and Jeroboam.,Separación (Beyn)
I_Kings,14,31,"וישכב רחבעם עםאבתיו ויקבר עםאבתיו בעיר דוד ושם אמו נעמה העמנית וימלך אבים בנו תחתיו&nbsp;<span class=""mam-spi-pe"">{פ}</span><br>",Rehoboam rested with his ancestors and was buried with his ancestors in the City of David; his mother’s name was Naamah the Ammonitess. His son Abijam succeeded him as king.,Ninguno
I_Kings,15,1,ובשנת שמנה עשרה למלך ירבעם בןנבט מלך אבים עליהודה,"In the eighteenth year of King Jeroboam son of Nebat, Abijam became king over Judah. ",Ninguno
I_Kings,15,2,שלש שנים מלך בירושל͏ם ושם אמו מעכה בתאבישלום,"He reigned three years in Jerusalem; his mother’s name was Maacah daughter of Abishalom.aMaacah daughter of Abishalom Cf. 2 Chron. 13.2 “Micaiah daughter of Uriel of Gibeah,” and v. 10 below, where Maacah, daughter of Abishalom, appears as mother of Asa. ",Ninguno
I_Kings,15,3,וילך בכלחטאות אביו אשרעשה לפניו ולאהיה לבבו שלם עםיהוה אלהיו כלבב דוד אביו,"He continued in all the sins that his father before him had committed; he was not wholehearted with the ETERNAL his God, like his forefather David. ",Ninguno
I_Kings,15,4,כי למען דוד נתן יהוה אלהיו לו ניר בירושל͏ם להקים אתבנו אחריו ולהעמיד אתירושל͏ם,"Yet, for the sake of David, the ETERNAL his God gave him a lamp in Jerusalem, by raising up his descendant after him and by preserving Jerusalem. ",Ninguno
I_Kings,15,5,אשר עשה דוד אתהישר בעיני יהוה ולאסר מכל אשרצוהו כל ימי חייו רק בדבר אוריה החתי,"For David had done what was pleasing to GOD and never turned throughout his life from all that had been commanded him, except in the matter of Uriah the Hittite. ",Ninguno
I_Kings,15,6,ומלחמה היתה ביןרחבעם ובין ירבעם כלימי חייו,There was war between AbijambAbijam So several mss.; most mss. and the editions read “Rehoboam.” and Jeroboam all the days of his life. ,Separación (Beyn)
I_Kings,15,7,ויתר דברי אבים וכלאשר עשה הלואהם כתובים עלספר דברי הימים למלכי יהודה ומלחמה היתה בין אבים ובין ירבעם,The other events of Abijam’s reign and all his actions are recorded in the Annals of the Kings of Judah; there was war between Abijam and Jeroboam.,Separación (Beyn)
I_Kings,15,8,"וישכב אבים עםאבתיו ויקברו אתו בעיר דוד וימלך אסא בנו תחתיו&nbsp;<span class=""mam-spi-pe"">{פ}</span><br>","Abijam rested with his ancestors; he was buried in the City of David, and his son Asa succeeded him as king.",Ninguno
I_Kings,15,9,ובשנת עשרים לירבעם מלך ישראל מלך אסא מלך יהודה,"In the twentieth year of King Jeroboam of Israel, Asa became king over Judah. ",Ninguno
I_Kings,15,10,וארבעים ואחת שנה מלך בירושל͏ם ושם אמו מעכה בתאבישלום,He reigned forty-one years in Jerusalem; his mother’s name was Maacah daughter of Abishalom.,Ninguno
I_Kings,15,11,ויעש אסא הישר בעיני יהוה כדוד אביו,"Asa did what was pleasing to GOD, as his forefather David had done. ",Ninguno
I_Kings,15,12,ויעבר הקדשים מןהארץ ויסר אתכלהגללים אשר עשו אבתיו,"He expelled the consecrated workerscconsecrated workers Or “retainers”; meaning of Heb. qedeshim uncertain. from the land, and he removed all the idols that his ancestors had made. ",Ninguno
I_Kings,15,13,וגם&thinsp;<b></b> אתמעכה אמו ויסרה מגבירה אשרעשתה מפלצת לאשרה ויכרת אסא אתמפלצתה וישרף בנחל קדרון,"He also deposed his mother Maacah from the rank of queen mother, because she had made an abominable thingdan abominable thing Exact meaning of Heb. uncertain. for [the goddess] Asherah. Asa cut down her abominable thing and burnt it in the Wadi Kidron. ",Ninguno
I_Kings,15,14,"והבמות לאסרו רק לבבאסא היה שלם עםיהוה כלימיו&nbsp;<span class=""mam-spi-samekh"">{ס}</span>&nbsp;&nbsp;&nbsp;&nbsp;&nbsp;&nbsp;&nbsp;&nbsp;","The shrines, indeed, were not abolished; however, Asa was wholehearted with the Eternal his God all his life. ",Ninguno
I_Kings,15,15,"ויבא אתקדשי אביו <span class=""mam-kq""><span class=""mam-kq-k"">(וקדשו)</span> <span class=""mam-kq-q"">[וקדשי]</span></span> בית יהוה כסף וזהב וכלים","He brought into the House of GOD all the consecrated things of his father and his own consecrated thingsehis own consecrated things So kethib and 2 Chron. 15.18.—silver, gold, and utensils.",Ninguno
I_Kings,15,16,ומלחמה היתה בין אסא ובין בעשא מלךישראל כלימיהם,There was war between Asa and King Baasha of Israel all their days.,Separación (Beyn)
I_Kings,15,17,ויעל בעשא מלךישראל עליהודה ויבן אתהרמה לבלתי תת יצא ובא לאסא מלך יהודה,"King Baasha of Israel advanced against Judah, and he fortified Ramah to prevent anyone belonging to King Asa of Judah from going out or coming in. ",Ninguno
I_Kings,15,18,"ויקח אסא אתכלהכסף והזהב הנותרים&thinsp;<b></b> באוצרות ביתיהוה ואתאוצרות בית <span class=""mam-kq""><span class=""mam-kq-k"">(מלך)</span> <span class=""mam-kq-q"">[המלך]</span></span> ויתנם בידעבדיו וישלחם המלך אסא אלבןהדד בןטברמן בןחזיון מלך ארם הישב בדמשק לאמר","So Asa took all the silver and gold that remained in the treasuries of the House of GOD as well as the treasuries of the royal palace, and he entrusted them to his officials. King Asa sent them to King Ben-hadad son of Tabrimmon son of Hezion of Aram, who resided in Damascus, with this message: ",Percepción (Yada)
I_Kings,15,19,ברית ביני ובינך בין אבי ובין אביך הנה שלחתי לך שחד כסף וזהב לך הפרה אתבריתך אתבעשא מלךישראל ויעלה מעלי,"“There is a pact between you and me, and between your father and my father. I herewith send you a gift of silver and gold: Go and break your pact with King Baasha of Israel, so that he may withdraw from me.” ",Separación (Beyn)
I_Kings,15,20,וישמע בןהדד אלהמלך אסא וישלח אתשרי החילים אשרלו עלערי ישראל ויך אתעיון ואתדן ואת אבל ביתמעכה ואת כלכנרות על כלארץ נפתלי,"Ben-hadad responded to King Asa’s request; he sent his army officers against the towns of Israel and captured Ijon, Dan, Abel-beth-maacah, and all Chinneroth, as well as all the land of Naphtali. ",Ninguno
I_Kings,15,21,ויהי כשמע בעשא ויחדל מבנות אתהרמה וישב בתרצה,"When Baasha heard about it, he stopped fortifying Ramah and remained in Tirzah.",Ninguno
I_Kings,15,22,והמלך אסא השמיע אתכליהודה אין נקי וישאו אתאבני הרמה ואתעציה אשר בנה בעשא ויבן בם המלך אסא אתגבע בנימן ואתהמצפה,"Then King Asa mustered all Judah, with no exemptions; and they carried away the stones and timber with which Baasha had fortified Ramah. With these King Asa fortified Geba of Benjamin, and Mizpah.",Ninguno
I_Kings,15,23,ויתר כלדבריאסא וכלגבורתו וכלאשר עשה והערים אשר בנה הלאהמה כתובים עלספר דברי הימים למלכי יהודה רק לעת זקנתו חלה אתרגליו,"All the other events of Asa’s reign, and all his exploits, and all his actions, and the towns that he fortified, are recorded in the Annals of the Kings of Judah. However, in his old age he suffered from a foot ailment. ",Ninguno
I_Kings,15,24,"וישכב אסא עםאבתיו ויקבר עםאבתיו בעיר דוד אביו וימלך יהושפט בנו תחתיו&nbsp;<span class=""mam-spi-pe"">{פ}</span><br>",Asa rested with his ancestors and was buried with his ancestors in the city of his forefather David. His son Jehoshaphat succeeded him as king.,Ninguno
I_Kings,15,25,ונדב בןירבעם מלך עלישראל בשנת שתים לאסא מלך יהודה וימלך עלישראל שנתים,"Nadab son of Jeroboam had become king over Israel in the second year of King Asa of Judah, and he reigned over Israel for two years. ",Ninguno
I_Kings,15,26,ויעש הרע בעיני יהוה וילך בדרך אביו ובחטאתו אשר החטיא אתישראל,"He did what was displeasing to GOD; he continued in the ways of his father, in the sins that he caused Israel to commit. ",Ninguno
I_Kings,15,27,ויקשר עליו בעשא בןאחיה לבית יששכר ויכהו בעשא בגבתון אשר לפלשתים ונדב וכלישראל צרים עלגבתון,"Then Baasha son of Ahijah, of the House of Issachar, conspired against him; and Baasha struck him down at Gibbethon of the Philistines, while Nadab and all Israel were laying siege to Gibbethon. ",Ninguno
I_Kings,15,28,וימתהו בעשא בשנת שלש לאסא מלך יהודה וימלך תחתיו,Baasha killed him in the third year of King Asa of Judah and became king in his stead.,Ninguno
I_Kings,15,29,ויהי כמלכו הכה אתכלבית ירבעם לאהשאיר כלנשמה לירבעם עדהשמדו כדבר יהוה אשר דבר בידעבדו אחיה השילני,"As soon as he became king, he struck down all the House of Jeroboam; he did not spare a single soul belonging to Jeroboam until he destroyed it—in accordance with the word spoken through GOD’s servant Ahijah the Shilonite— ",Percepción (Yada)
I_Kings,15,30,עלחטאות ירבעם אשר חטא ואשר החטיא אתישראל בכעסו אשר הכעיס אתיהוה אלהי ישראל,"because of the sins that Jeroboam committed and that he caused Israel to commit, thereby provoking the anger of the ETERNAL, the God of Israel.",Ninguno
I_Kings,15,31,ויתר דברי נדב וכלאשר עשה הלאהם כתובים עלספר דברי הימים למלכי ישראל,The other events of Nadab’s reign and all his actions are recorded in the Annals of the Kings of Israel.,Ninguno
I_Kings,15,32,"ומלחמה היתה בין אסא ובין בעשא מלךישראל כלימיהם&nbsp;<span class=""mam-spi-pe"">{פ}</span><br>",There was war between Asa and King Baasha of Israel all their days.,Separación (Beyn)
I_Kings,15,33,בשנת שלש לאסא מלך יהודה מלך בעשא בןאחיה עלכלישראל בתרצה עשרים וארבע שנה,"In the third year of King Asa of Judah, Baasha son of Ahijah became king in Tirzah over all Israel—for twenty-four years. ",Ninguno
I_Kings,15,34,"ויעש הרע בעיני יהוה וילך בדרך ירבעם ובחטאתו אשר החטיא אתישראל&nbsp;<span class=""mam-spi-samekh"">{ס}</span>&nbsp;&nbsp;&nbsp;&nbsp;&nbsp;&nbsp;&nbsp;&nbsp;",He did what was displeasing to GOD; he followed the ways of Jeroboam and the sins that he caused Israel to commit.,Ninguno
I_Kings,16,1,ויהי דבריהוה אליהוא בןחנני עלבעשא לאמר,The word of GOD came to Jehu son of Hanani against Baasha:,Ninguno
I_Kings,16,2,יען אשר הרימתיך מןהעפר ואתנך נגיד על עמי ישראל ותלך&thinsp;<b></b> בדרך ירבעם ותחטא אתעמי ישראל להכעיסני בחטאתם,"“Because I lifted you up from the dust and made you a ruler over My people Israel, but you followed the way of Jeroboam and caused My people Israel to sin, provoking My anger with their sins— ",Ninguno
I_Kings,16,3,הנני מבעיר אחרי בעשא ואחרי ביתו ונתתי אתביתך כבית ירבעם בןנבט,I am going to sweep away Baasha and his house. I will make your house like the House of Jeroboam son of Nebat.,Ninguno
I_Kings,16,4,המת לבעשא בעיר יאכלו הכלבים והמת לו בשדה יאכלו עוף השמים,"Anyone belonging to Baasha who dies in the town shall be devoured by dogs, and anyone belonging to him who dies in the open country shall be devoured by the birds of the sky.”",Ninguno
I_Kings,16,5,ויתר דברי בעשא ואשר עשה וגבורתו הלאהם כתובים עלספר דברי הימים למלכי ישראל,The other events of Baasha’s reign and his actions and his exploits are recorded in the Annals of the Kings of Israel.,Ninguno
I_Kings,16,6,וישכב בעשא עםאבתיו ויקבר בתרצה וימלך אלה בנו תחתיו,Baasha rested with his ancestors and was buried in Tirzah. His son Elah succeeded him as king.,Ninguno
I_Kings,16,7,"וגם בידיהוא בןחנני הנביא דבריהוה היה אלבעשא ואלביתו ועל כלהרעה&thinsp;<b></b> אשרעשה&thinsp;<b></b> בעיני יהוה להכעיסו במעשה ידיו להיות כבית ירבעם ועל אשרהכה אתו&nbsp;<span class=""mam-spi-pe"">{פ}</span><br>","But the word of GOD had come through the prophet Jehu son of Hanani against Baasha and against his house, that it would fare like the House of Jeroboam, which he himself had struck down,awhich he himself had struck down Syntax of Heb. unclear. because of all the evil he did that was displeasing to GOD, provoking anger with his deeds.",Ninguno
I_Kings,16,8,בשנת עשרים ושש שנה לאסא מלך יהודה מלך אלה בןבעשא עלישראל בתרצה שנתים,"In the twenty-sixth year of King Asa of Judah, Elah son of Baasha became king over Israel, at Tirzah—for two years. ",Ninguno
I_Kings,16,9,ויקשר עליו עבדו זמרי שר מחצית הרכב והוא בתרצה שתה שכור בית ארצא אשר עלהבית בתרצה,"His officer Zimri, commander of half the chariotry, committed treason against him while he was at Tirzah drinking himself drunk in the house of Arza, who was in charge of the palace at Tirzah. ",Ninguno
I_Kings,16,10,ויבא זמרי ויכהו וימיתהו בשנת עשרים ושבע לאסא מלך יהודה וימלך תחתיו,"Zimri entered, struck him down, and killed him; he succeeded him as king in the twenty-seventh year of King Asa of Judah. ",Ninguno
I_Kings,16,11,ויהי במלכו כשבתו עלכסאו הכה אתכלבית בעשא לאהשאיר לו משתין בקיר וגאליו ורעהו,"No sooner had he become king and ascended the throne than he struck down all the House of Baasha; he did not leave a single male of his, nor any kinbkin Heb. “avenger.” or friend. ",Ninguno
I_Kings,16,12,וישמד זמרי את כלבית בעשא כדבר יהוה אשר דבר אלבעשא ביד יהוא הנביא,"Thus Zimri destroyed all the House of Baasha, in accordance with the word that GOD had spoken through the prophet Jehu— ",Ninguno
I_Kings,16,13,אל כלחטאות בעשא וחטאות אלה בנו אשר חטאו ואשר החטיאו אתישראל להכעיס אתיהוה אלהי ישראל בהבליהם,"because of the sinful acts that Baasha and his son Elah committed, and that they caused Israel to commit, provoking the anger of the ETERNAL, the God of Israel, with their false gods. ",Ninguno
I_Kings,16,14,"ויתר דברי אלה וכלאשר עשה הלואהם כתובים עלספר דברי הימים למלכי ישראל&nbsp;<span class=""mam-spi-pe"">{פ}</span><br>",The other events of Elah’s reign and all his actions are recorded in the Annals of the Kings of Israel.,Ninguno
I_Kings,16,15,בשנת עשרים ושבע שנה לאסא מלך יהודה מלך זמרי שבעת ימים בתרצה והעם חנים עלגבתון אשר לפלשתים,"During the twenty-seventh year of King Asa of Judah, Zimri reigned in Tirzah for seven days. At the time, the troops were encamped at Gibbethon of the Philistines. ",Ninguno
I_Kings,16,16,וישמע העם החנים לאמר קשר זמרי וגם הכה אתהמלך וימלכו כלישראל אתעמרי שרצבא עלישראל ביום ההוא במחנה,"When the troops who were encamped there learned that Zimri had committed treason and had struck down the king, that very day, in the camp, all Israel acclaimed the army commander Omri king over Israel. ",Ninguno
I_Kings,16,17,ויעלה עמרי וכלישראל עמו מגבתון ויצרו עלתרצה,Omri and all Israel then withdrew from Gibbethon and laid siege to Tirzah.,Ninguno
I_Kings,16,18,ויהי כראות זמרי כינלכדה העיר ויבא אלארמון ביתהמלך וישרף עליו אתביתמלך באש וימת,"When Zimri saw that the town was taken, he went into the citadel of the royal palace and burned down the royal palace over himself. And so he died— ",Ninguno
I_Kings,16,19,עלחטאתיו אשר חטא לעשות הרע בעיני יהוה ללכת בדרך ירבעם ובחטאתו אשר עשה להחטיא אתישראל,"because of the sins that he committed and caused Israel to commit, doing what was displeasing to GOD and following the ways of Jeroboam. ",Ninguno
I_Kings,16,20,"ויתר דברי זמרי וקשרו אשר קשר הלאהם כתובים עלספר דברי הימים למלכי ישראל&nbsp;<span class=""mam-spi-pe"">{פ}</span><br>","The other events of Zimri’s reign, and the treason that he committed, are recorded in the Annals of the Kings of Israel.",Ninguno
I_Kings,16,21,אז יחלק העם ישראל לחצי חצי העם היה אחרי תבני בןגינת להמליכו והחצי אחרי עמרי,"Then the people of Israel split into two factions: a part of the people followed Tibni son of Ginath to make him king, and the other part followed Omri. ",Ninguno
I_Kings,16,22,"ויחזק העם אשר אחרי עמרי אתהעם אשר אחרי תבני בןגינת וימת תבני וימלך עמרי&nbsp;<span class=""mam-spi-pe"">{פ}</span><br>",Those who followed Omri proved stronger than those who followed Tibni son of Ginath; Tibni died and Omri became king.,Ninguno
I_Kings,16,23,בשנת שלשים ואחת שנה לאסא מלך יהודה מלך עמרי עלישראל שתים עשרה שנה בתרצה מלך שששנים,"In the thirty-first year of King Asa of Judah, Omri became king over Israel—for twelve years. He reigned in Tirzah six years. ",Ninguno
I_Kings,16,24,ויקן אתההר שמרון מאת שמר בככרים כסף ויבן אתההר ויקרא אתשם העיר אשר בנה על שםשמר אדני ההר שמרון,"Then he bought the hill of Samaria from Shemer for two talents of silver; he built [a town] on the hill and named the town that he built Samaria, after Shemer, the owner of the hill.",Ninguno
I_Kings,16,25,ויעשה עמרי הרע בעיני יהוה וירע מכל אשר לפניו,Omri did what was displeasing to GOD; he was worse than all who preceded him.,Ninguno
I_Kings,16,26,"וילך בכלדרך ירבעם בןנבט <span class=""mam-kq""><span class=""mam-kq-k"">(ובחטאתיו)</span> <span class=""mam-kq-q"">[ובחטאתו]</span></span> אשר החטיא אתישראל להכעיס אתיהוה אלהי ישראל בהבליהם","He followed all the ways of Jeroboam son of Nebat and the sins that he committed and caused Israel to commit, provoking the anger of the ETERNAL, the God of Israel, with their futilities. ",Ninguno
I_Kings,16,27,ויתר דברי עמרי אשר עשה וגבורתו אשר עשה הלאהם כתובים עלספר דברי הימים למלכי ישראל,"The other events of Omri’s reign, [and] his actions, and the exploits he performed, are recorded in the Annals of the Kings of Israel. ",Ninguno
I_Kings,16,28,"וישכב עמרי עםאבתיו ויקבר בשמרון וימלך אחאב בנו תחתיו&nbsp;<span class=""mam-spi-pe"">{פ}</span><br>",Omri rested with his ancestors and was buried in Samaria; and his son Ahab succeeded him as king.,Ninguno
I_Kings,16,29,ואחאב בןעמרי מלך עלישראל בשנת שלשים ושמנה שנה לאסא מלך יהודה וימלך אחאב בןעמרי עלישראל בשמרון עשרים ושתים שנה,"Ahab son of Omri became king over Israel in the thirty-eighth year of King Asa of Judah, and Ahab son of Omri reigned over Israel in Samaria for twenty-two years. ",Ninguno
I_Kings,16,30,ויעש אחאב בןעמרי הרע בעיני יהוה מכל אשר לפניו,"Ahab son of Omri did what was displeasing to GOD, more than all who preceded him. ",Ninguno
I_Kings,16,31,ויהי הנקל לכתו בחטאות ירבעם בןנבט ויקח אשה אתאיזבל בתאתבעל מלך צידנים וילך ויעבד אתהבעל וישתחו לו,"Not content to follow the sins of Jeroboam son of Nebat, he took as wife Jezebel daughter of King Ethbaal of the Phoenicians, and he went and served Baal and worshiped him. ",Ninguno
I_Kings,16,32,ויקם מזבח לבעל בית הבעל אשר בנה בשמרון,He erected an altar to Baal in the temple of Baal that he built in Samaria.,Ninguno
I_Kings,16,33,ויעש אחאב אתהאשרה ויוסף אחאב לעשות להכעיס אתיהוה אלהי ישראל מכל מלכי ישראל אשר היו לפניו,"Ahab also made a sacred post.csacred post See note at 14.15. Ahab did more to provoke the anger of the ETERNAL, the God of Israel, than all the kings of Israel who preceded him.",Ninguno
I_Kings,16,34,"בימיו בנה חיאל בית האלי אתיריחה באבירם בכרו יסדה <span class=""mam-kq""><span class=""mam-kq-k"">(ובשגיב)</span> <span class=""mam-kq-q"">[ובשגוב]</span></span> צעירו הציב דלתיה כדבר יהוה אשר דבר ביד יהושע בןנון&nbsp;<span class=""mam-spi-samekh"">{ס}</span>&nbsp;&nbsp;&nbsp;&nbsp;&nbsp;&nbsp;&nbsp;&nbsp;","During his reign, Hiel the Bethelite fortified Jericho. He laid its foundations at the cost of Abiram his first-born, and set its gates in place at the cost of Segub his youngest, in accordance with the words that GOD had spoken through Joshua son of Nun.dthat GOD had spoken through Joshua son of Nun Cf. Josh. 6.26. ",Ninguno
I_Kings,17,1,"ויאמר אליהו התשבי מתשבי גלעד אלאחאב חייהוה אלהי ישראל אשר עמדתי לפניו אםיהיה השנים האלה טל ומטר כי אםלפי דברי&nbsp;<span class=""mam-spi-samekh"">{ס}</span>&nbsp;&nbsp;&nbsp;&nbsp;&nbsp;&nbsp;&nbsp;&nbsp;","Elijah the Tishbite, an inhabitant of Gilead, said to Ahab, “As the ETERNAL lives, the God of Israel whom I serve, there will be no dew or rain except at my bidding.”",Ninguno
I_Kings,17,2,ויהי דבריהוה אליו לאמר,The word of GOD came to him:,Ninguno
I_Kings,17,3,לך מזה ופנית לך קדמה ונסתרת בנחל כרית אשר עלפני הירדן,"“Leave this place; turn eastward and go into hiding by the Wadi Cherith, which is east of the Jordan. ",Ninguno
I_Kings,17,4,והיה מהנחל תשתה ואתהערבים צויתי לכלכלך שם,"You will drink from the wadi, and I have commanded the ravens to feed you there.” ",Ninguno
I_Kings,17,5,וילך ויעש כדבר יהוה וילך וישב בנחל כרית אשר עלפני הירדן,"He proceeded to do as GOD had bidden: he went, and he stayed by the Wadi Cherith, which is east of the Jordan. ",Ninguno
I_Kings,17,6,והערבים מבאים לו לחם ובשר בבקר ולחם ובשר בערב ומןהנחל ישתה,"The ravens brought him bread and meat every morning and every evening, and he drank from the wadi.",Ninguno
I_Kings,17,7,"ויהי מקץ ימים וייבש הנחל כי לאהיה גשם בארץ&nbsp;<span class=""mam-spi-samekh"">{ס}</span>&nbsp;&nbsp;&nbsp;&nbsp;&nbsp;&nbsp;&nbsp;&nbsp;","After some time the wadi dried up, because there was no rain in the land. ",Ninguno
I_Kings,17,8,ויהי דבריהוה אליו לאמר,And the word of GOD came to him:,Ninguno
I_Kings,17,9,קום לך צרפתה אשר לצידון וישבת שם הנה צויתי שם אשה אלמנה לכלכלך,"“Go at once to Zarephath of Sidon, and stay there; I have designated a widow there to feed you.” ",Ninguno
I_Kings,17,10,ויקם&thinsp;<b></b> וילך צרפתה ויבא אלפתח העיר והנהשם אשה אלמנה מקששת עצים ויקרא אליה ויאמר קחינא לי מעטמים בכלי ואשתה,"So he went at once to Zarephath. When he came to the entrance of the town, a widow was there gathering wood. He called out to her, “Please bring me a little water in your pitcher, and let me drink.” ",Ninguno
I_Kings,17,11,ותלך לקחת ויקרא אליה ויאמר לקחינא לי פתלחם בידך,"As she went to fetch it, he called out to her, “Please bring along a piece of bread for me.” ",Ninguno
I_Kings,17,12,ותאמר חייהוה אלהיך אםישלי מעוג כי אםמלא כףקמח בכד ומעטשמן בצפחת והנני מקששת שנים עצים ובאתי ועשיתיהו לי ולבני ואכלנהו ומתנו,"“As the ETERNAL your God lives,” she replied, “I have nothing baked, nothing but a handful of flour in a jar and a little oil in a jug. I am just gathering a couple of sticks, so that I can go home and prepare it for me and my son; we shall eat it and then we shall die.” ",Ninguno
I_Kings,17,13,ויאמר אליה אליהו אלתיראי באי עשי כדברך אך עשילימשם עגה קטנה בראשנה והוצאת לי ולך ולבנך תעשי באחרנה,"“Don’t be afraid,” said Elijah to her. “Go and do as you have said; but first make me a small cake from what you have there, and bring it out to me; then make some for yourself and your son. ",Ninguno
I_Kings,17,14,"כי כה אמר יהוה אלהי ישראל כד הקמח לא תכלה וצפחת השמן לא תחסר עד יום <span class=""mam-kq""><span class=""mam-kq-k"">(תתן)</span> <span class=""mam-kq-q"">[תת]</span></span>יהוה גשם עלפני האדמה","For thus said the ETERNAL, the God of Israel: The jar of flour shall not give out and the jug of oil shall not fail until the day that GOD sends rain upon the ground.” ",Ninguno
I_Kings,17,15,"ותלך ותעשה כדבר אליהו ותאכל <span class=""mam-kq""><span class=""mam-kq-k"">(הוא והיא)</span> <span class=""mam-kq-q"">[היאוהוא]</span></span> וביתה ימים","She went and did as Elijah had spoken, and she and he and her household had food for a long time. ",Ninguno
I_Kings,17,16,"כד הקמח לא כלתה וצפחת השמן לא חסר כדבר יהוה אשר דבר ביד אליהו&nbsp;<span class=""mam-spi-pe"">{פ}</span><br>","The jar of flour did not give out, nor did the jug of oil fail, just as GOD had spoken through Elijah.",Ninguno
I_Kings,17,17,ויהי אחר הדברים האלה חלה בןהאשה בעלת הבית ויהי חליו חזק מאד עד אשר לאנותרהבו נשמה,"After a while, the son of that woman—the owner of the house—fell sick, and his illness grew worse, until he had no breath left in him. ",Ninguno
I_Kings,17,18,ותאמר אלאליהו מהלי ולך איש האלהים באת אלי להזכיר אתעוני ולהמית אתבני,"She said to Elijah, “What harm have I done you, O agent of God, that you should come here to recall my sin and cause the death of my son?” ",Ninguno
I_Kings,17,19,ויאמר אליה תנילי אתבנך ויקחהו מחיקה ויעלהו אלהעליה אשרהוא ישב שם וישכבהו עלמטתו,"“Give me the boy,” he said to her; and taking him from her arms, he carried him to the upper chamber where he was staying, and laid him down on his own bed. ",Ninguno
I_Kings,17,20,ויקרא אליהוה ויאמר יהוה אלהי הגם עלהאלמנה אשראני מתגורר עמה הרעות להמית אתבנה,"He cried out to GOD and said, “My ETERNAL God, will You bring calamity upon this widow whose guest I am, and let her son die?” ",Ninguno
I_Kings,17,21,ויתמדד עלהילד שלש פעמים ויקרא אליהוה ויאמר יהוה אלהי תשב נא נפשהילד הזה עלקרבו,"Then he stretched out over the child three times, and cried out to GOD, saying, “My ETERNAL God, let this child’s life return to his body!” ",Ninguno
I_Kings,17,22,וישמע יהוה בקול אליהו ותשב נפשהילד עלקרבו ויחי," GOD heard Elijah’s plea; the child’s life returned to his body, and he revived. ",Ninguno
I_Kings,17,23,ויקח אליהו אתהילד וירדהו מןהעליה הביתה ויתנהו לאמו ויאמר אליהו ראי חי בנך,"Elijah picked up the child and brought him down from the upper room into the main room, and gave him to his mother. “See,” said Elijah, “your son is alive.” ",Ninguno
I_Kings,17,24,"ותאמר האשה אלאליהו עתה זה ידעתי כי איש אלהים אתה ודבריהוה בפיך אמת&nbsp;<span class=""mam-spi-pe"">{פ}</span><br>","And the woman answered Elijah, “Now I know that you are an agent of God and that the word of GOD is truly in your mouth.”",Percepción (Yada)
I_Kings,18,1,ויהי ימים רבים ודבריהוה היה אלאליהו בשנה השלישית לאמר לך הראה אלאחאב ואתנה מטר עלפני האדמה,"Much later, in the third year,ain the third year Of the drought; see 17.1. the word of GOD came to Elijah: “Go, appear before Ahab; then I will send rain upon the earth.” ",Ninguno
I_Kings,18,2,וילך אליהו להראות אלאחאב והרעב חזק בשמרון,Thereupon Elijah set out to appear before Ahab.The famine was severe in Samaria.,Ninguno
I_Kings,18,3,ויקרא אחאב אלעבדיהו אשר עלהבית ועבדיהו היה ירא אתיהוה מאד,"Ahab had summoned Obadiah, the steward of the palace. (Obadiah revered GOD greatly. ",Ninguno
I_Kings,18,4,ויהי בהכרית איזבל את נביאי יהוה ויקח עבדיהו מאה נביאים ויחביאם חמשים איש במערה וכלכלם לחם ומים,"When Jezebel was killing off the prophets of GOD, Obadiah had taken a hundred prophets and hidden them, fifty to a cave, and provided them with food and drink.) ",Ninguno
I_Kings,18,5,ויאמר אחאב אלעבדיהו לך בארץ אלכלמעיני המים ואל כלהנחלים אולי&thinsp;<b></b> נמצא חציר ונחיה סוס ופרד ולוא נכרית מהבהמה,"And Ahab had said to Obadiah, “Go through the land, to all the springs of water and to all the wadis. Perhaps we shall find some grass to keep horses and mules alive, so that we are not left without beasts.”",Ninguno
I_Kings,18,6,ויחלקו להם אתהארץ לעברבה אחאב הלך בדרך אחד לבדו ועבדיהו הלך בדרךאחד לבדו,"They divided the country between them to explore it, Ahab going alone in one direction and Obadiah going alone in another direction. ",Ninguno
I_Kings,18,7,ויהי עבדיהו בדרך והנה אליהו לקראתו ויכרהו ויפל עלפניו ויאמר האתה זה אדני אליהו,"Obadiah was on the road, when Elijah suddenly confronted him. [Obadiah] recognized him and flung himself on his face, saying, “Is that you, my lord Elijah?” ",Ninguno
I_Kings,18,8,ויאמר לו אני לך אמר לאדניך הנה אליהו,"“Yes, it is I,” he answered. “Go tell your lord: Elijah is here!” ",Ninguno
I_Kings,18,9,ויאמר מה חטאתי כיאתה נתן אתעבדך בידאחאב להמיתני,"But he said, “What wrong have I done, that you should hand your servant over to Ahab to be killed? ",Ninguno
I_Kings,18,10,חי&thinsp;<b></b> יהוה אלהיך אםישגוי וממלכה אשר לאשלח אדני שם לבקשך ואמרו אין והשביע אתהממלכה ואתהגוי כי לא ימצאכה,"As the ETERNAL your God lives, there is no nation or kingdom to which my lord has not sent to look for you; and when they said, ‘He is not here,’ he made that kingdom or nation swear that you could not be found. ",Ninguno
I_Kings,18,11,ועתה אתה אמר לך אמר לאדניך הנה אליהו,"And now you say, ‘Go tell your lord: Elijah is here!’ ",Ninguno
I_Kings,18,12,והיה אני&thinsp;<b></b> אלך מאתך ורוח יהוה&thinsp;<small></small>&thinsp;ישאך על אשר לאאדע ובאתי להגיד לאחאב ולא ימצאך והרגני ועבדך ירא אתיהוה מנערי,"When I leave you, the spirit of GOD will carry you off I don’t know where; and when I come and tell Ahab and he does not find you, he will kill me. Yet your servant has revered GOD from my youth. ",Ninguno
I_Kings,18,13,הלאהגד לאדני את אשרעשיתי בהרג איזבל את נביאי יהוה ואחבא מנביאי יהוה מאה איש חמשים חמשים איש במערה ואכלכלם לחם ומים,"My lord has surely been told what I did when Jezebel was killing the prophets of GOD, how I hid a hundred of the prophets of GOD, fifty to a cave, and provided them with food and drink. ",Ninguno
I_Kings,18,14,"ועתה אתה אמר לך אמר לאדניך הנה אליהו והרגני&nbsp;<span class=""mam-spi-samekh"">{ס}</span>&nbsp;&nbsp;&nbsp;&nbsp;&nbsp;&nbsp;&nbsp;&nbsp;","And now you say, ‘Go tell your lord: Elijah is here.’ Why, he will kill me!”",Ninguno
I_Kings,18,15,ויאמר אליהו חי יהוה צבאות אשר עמדתי לפניו כי היום אראה אליו,"Elijah replied, “As GOD of Hosts lives, whom I serve, I will appear before him this very day.”",Ninguno
I_Kings,18,16,וילך עבדיהו לקראת אחאב ויגדלו וילך אחאב לקראת אליהו,"Obadiah went to find Ahab, and informed him; and Ahab went to meet Elijah. ",Ninguno
I_Kings,18,17,ויהי כראות אחאב אתאליהו ויאמר אחאב אליו האתה זה עכר ישראל,"When Ahab caught sight of Elijah, Ahab said to him, “Is that you, you troubler of Israel?” ",Ninguno
I_Kings,18,18,ויאמר לא עכרתי אתישראל כי אםאתה ובית אביך בעזבכם אתמצות יהוה ותלך אחרי הבעלים,"He retorted, “It is not I who have brought trouble on Israel, but you and your father’s House, by forsaking the commandments of GOD and going after the Baalim. ",Ninguno
I_Kings,18,19,ועתה שלח קבץ אלי אתכלישראל אלהר הכרמל ואתנביאי הבעל ארבע מאות וחמשים ונביאי האשרה ארבע מאות אכלי שלחן איזבל,"Now summon all Israel to join me at Mount Carmel, together with the four hundred and fifty prophets of Baal and the four hundred prophets of Asherah, who eat at Jezebel’s table.”bwho eat at Jezebel’s table I.e., who are maintained by Jezebel. ",Ninguno
I_Kings,18,20,וישלח אחאב בכלבני ישראל ויקבץ אתהנביאים אלהר הכרמל,Ahab sent orders to all the Israelites and gathered the prophets at Mount Carmel.,Ninguno
I_Kings,18,21,ויגש אליהו אלכלהעם ויאמר עדמתי אתם פסחים עלשתי הסעפים אםיהוה האלהים לכו אחריו ואםהבעל לכו אחריו ולאענו העם אתו דבר,"Elijah approached all the people and said, “How long will you keep hopping between two opinions?cbetween two opinions Lit. “on the two boughs.” If the ETERNAL is God, then follow [the ETERNAL]; and if Baal, follow [Baal]!” But the people answered him not a word. ",Ninguno
I_Kings,18,22,ויאמר אליהו אלהעם אני נותרתי נביא ליהוה לבדי ונביאי הבעל ארבעמאות וחמשים איש,"Then Elijah said to the people, “I am the only prophet of GOD left, while the prophets of Baal number four hundred and fifty. ",Ninguno
I_Kings,18,23,ויתנולנו שנים פרים ויבחרו להם הפר האחד וינתחהו וישימו עלהעצים ואש לא ישימו ואני אעשה&thinsp;<b></b> אתהפר האחד ונתתי עלהעצים ואש לא אשים,"Let two young bulls be given to us. Let them choose one bull, cut it up, and lay it on the wood, but let them not apply fire; I will prepare the other bull, and lay it on the wood, and will not apply fire. ",Ninguno
I_Kings,18,24,וקראתם בשם אלהיכם ואני אקרא בשםיהוה והיה האלהים אשריענה באש הוא האלהים ויען כלהעם ויאמרו טוב הדבר,"You will then invoke your god by name, and I will invoke GOD by name; and let us agree:dand let us agree Lit. “and it shall be.” the god who responds with fire, that one is God.” And all the people answered, “Very good!”",Ninguno
I_Kings,18,25,ויאמר אליהו לנביאי הבעל בחרו לכם הפר האחד ועשו ראשנה כי אתם הרבים וקראו בשם אלהיכם ואש לא תשימו,"Elijah said to the prophets of Baal, “Choose one bull and prepare it first, for you are the majority; invoke your god by name, but apply no fire.” ",Ninguno
I_Kings,18,26,ויקחו אתהפר אשרנתן להם ויעשו ויקראו בשםהבעל מהבקר ועדהצהרים לאמר הבעל עננו ואין קול ואין ענה ויפסחו עלהמזבח אשר עשה,"They took the bull that was given them; they prepared it, and invoked Baal by name from morning until noon, shouting, “O Baal, answer us!” But there was no sound, and no one who responded; so they performed a hopping dance about the altar that had been set up. ",Ninguno
I_Kings,18,27,ויהי בצהרים ויהתל בהם אליהו ויאמר קראו בקולגדול כיאלהים הוא כי שיח וכישיג לו וכידרך לו אולי ישן הוא ויקץ,"When noon came, Elijah mocked them, saying, “Shout louder! After all, he is a god. But he may be in conversation, he may be detained, or he may be on a journey,eBut he may be … on a journey Meaning of Heb. uncertain. or perhaps he is asleep and will wake up.” ",Ninguno
I_Kings,18,28,ויקראו בקול גדול ויתגדדו כמשפטם בחרבות וברמחים עדשפךדם עליהם,"So they shouted louder, and gashed themselves with knives and spears, according to their practice, until the blood streamed over them. ",Ninguno
I_Kings,18,29,ויהי כעבר הצהרים ויתנבאו עד לעלות המנחה ואיןקול ואיןענה ואין קשב,"When noon passed, they kept ravingfkept raving In contrast to others “prophesied.” until the hour of presenting the grain offering. Still there was no sound, and no one who responded or heeded.",Ninguno
I_Kings,18,30,ויאמר אליהו לכלהעם גשו אלי ויגשו כלהעם אליו וירפא אתמזבח יהוה ההרוס,"Then Elijah said to all the people, “Come closer to me”; and all the people came closer to him. He repaired the damaged altar of GOD. ",Ninguno
I_Kings,18,31,ויקח אליהו שתים עשרה אבנים כמספר שבטי בנייעקב אשר היה דבריהוה אליו לאמר ישראל יהיה שמך,"Then Elijah took twelve stones, corresponding to the number of the tribes of the sons of Jacob—to whom the word of GOD had come: “Israel shall be your name”gIsrael shall be your name See Gen. 35.10.— ",Ninguno
I_Kings,18,32,ויבנה אתהאבנים מזבח בשם יהוה ויעש תעלה כבית סאתים זרע סביב למזבח,"and with the stones he built an altar in the name of GOD. Around the altar he made a trench large enough for two seahs of seed.hlarge enough for two seahs of seed I.e., an area that would require two seahs of seed if sown. Cf. Lev. 27.16; Isa. 5.10. ",Ninguno
I_Kings,18,33,ויערך אתהעצים וינתח אתהפר וישם עלהעצים,"He laid out the wood, and he cut up the bull and laid it on the wood. ",Ninguno
I_Kings,18,34,ויאמר מלאו ארבעה כדים מים ויצקו עלהעלה ועלהעצים ויאמר שנו וישנו ויאמר שלשו וישלשו,"And he said, “Fill four jars with water and pour it over the burnt offering and the wood.” Then he said, “Do it a second time”; and they did it a second time. “Do it a third time,” he said; and they did it a third time. ",Ninguno
I_Kings,18,35,וילכו המים סביב למזבח וגם אתהתעלה מלאמים,"The water ran down around the altar, and even the trench was filled with water.",Ninguno
I_Kings,18,36,"ויהי&thinsp;<b></b> בעלות המנחה ויגש אליהו הנביא ויאמר יהוה אלהי אברהם יצחק וישראל היום יודע כיאתה אלהים בישראל ואני עבדך <span class=""mam-kq""><span class=""mam-kq-k"">(ובדבריך)</span> <span class=""mam-kq-q"">[ובדברך]</span></span> עשיתי את כלהדברים האלה","When it was time to present the grain offering, the prophet Elijah came forward and said, “O ETERNAL One, God of Abraham, Isaac, and Israel! Let it be known today that You are God in Israel and that I am Your servant, and that I have done all these things at Your bidding. ",Ninguno
I_Kings,18,37,ענני יהוה ענני וידעו העם הזה כיאתה יהוה האלהים ואתה הסבת אתלבם אחרנית,"Answer me, O ETERNAL One, answer me, that this people may know that You, O ETERNAL One, are God; for You have turned their hearts backward.”ifor You have turned their hearts backward Meaning of Heb. uncertain. ",Percepción (Yada)
I_Kings,18,38,ותפל אשיהוה ותאכל אתהעלה ואתהעצים ואתהאבנים ואתהעפר ואתהמים אשרבתעלה לחכה,"Then fire from GOD descended and consumed the burnt offering, the wood, the stones, and the earth; and it licked up the water that was in the trench. ",Ninguno
I_Kings,18,39,וירא כלהעם ויפלו עלפניהם ויאמרו יהוה הוא האלהים יהוה הוא האלהים,"When they saw this, all the people flung themselves on their faces and cried out: “the ETERNAL One alone is God, the ETERNAL One alone is God!”",Ninguno
I_Kings,18,40,ויאמר אליהו להם תפשו&thinsp;<b></b> אתנביאי הבעל איש אלימלט מהם ויתפשום ויורדם אליהו אלנחל קישון וישחטם שם,"Then Elijah said to them, “Seize the prophets of Baal, let not a single one of them get away.” They seized them, and Elijah took them down to the Wadi Kishon and slaughtered them there.",Ninguno
I_Kings,18,41,ויאמר אליהו לאחאב עלה אכל ושתה כיקול המון הגשם,"Elijah said to Ahab, “Go up, eat and drink, for there is a rumbling of [approaching] rain,” ",Ninguno
I_Kings,18,42,"ויעלה אחאב לאכל ולשתות ואליהו עלה אלראש הכרמל ויגהר ארצה וישם פניו בין <span class=""mam-kq-trivial"">ברכו</span>","and Ahab went up to eat and drink. Elijah meanwhile climbed to the top of Mount Carmel, crouched on the ground, and put his face between his knees. ",Separación (Beyn)
I_Kings,18,43,ויאמר אלנערו עלהנא הבט דרךים ויעל ויבט ויאמר אין מאומה ויאמר שב שבע פעמים,"And he said to his servant, “Go up and look toward the Sea.” He went up and looked and reported, “There is nothing.” Seven times [Elijah] said, “Go back,” ",Ninguno
I_Kings,18,44,ויהי בשבעית ויאמר הנהעב קטנה ככףאיש עלה מים ויאמר עלה אמר אלאחאב אסר ורד ולא יעצרכה הגשם,"and the seventh time, [the servant] reported, “A cloud as small as a person’s hand is rising in the west.” Then [Elijah] said, “Go say to Ahab, ‘Hitch up [your chariot] and go down before the rain stops you.’” ",Ninguno
I_Kings,18,45,ויהי&thinsp;<b></b> עדכה ועדכה והשמים התקדרו עבים ורוח ויהי גשם גדול וירכב אחאב וילך יזרעאלה,"Meanwhile the sky grew black with clouds; there was wind, and a heavy downpour fell; Ahab mounted his chariot and drove off to Jezreel. ",Ninguno
I_Kings,18,46,וידיהוה היתה אלאליהו וישנס מתניו וירץ לפני אחאב עדבאכה יזרעאלה,GOD’s hand had come upon Elijah. He tied up his skirtsjHe tied up his skirts Lit. “He bound up his loins.” and ran in front of Ahab all the way to Jezreel.,Ninguno
I_Kings,19,1,ויגד אחאב לאיזבל את כלאשר עשה אליהו ואת כלאשר הרג אתכלהנביאים בחרב,"When Ahab told Jezebel all that Elijah had done and how he had put all the prophetsaall the prophets Of Baal; see 18.40. to the sword, ",Ninguno
I_Kings,19,2,ותשלח איזבל מלאך אלאליהו לאמר כהיעשון אלהים וכה יוספון כיכעת מחר אשים אתנפשך כנפש אחד מהם,"Jezebel sent a messenger to Elijah, saying, “Thus and more may the gods dobThus and more may the gods do A formula of imprecation. Many Heb. mss. and Septuagint add “to me.” if by this time tomorrow I have not made you like one of them.” ",Ninguno
I_Kings,19,3,וירא ויקם וילך אלנפשו ויבא באר שבע אשר ליהודה וינח אתנערו שם,"Frightened,cFrightened So many Heb. mss. and Septuagint; most mss., and the editions, read “And he saw, and.” he fled at once for his life. He came to Beer-sheba, which is in Judah, and left his servant there; ",Ninguno
I_Kings,19,4,"והואהלך במדבר דרך יום ויבא וישב תחת רתם <span class=""mam-kq""><span class=""mam-kq-k"">(אחת)</span> <span class=""mam-kq-q"">[אחד]</span></span> וישאל אתנפשו למות ויאמר&thinsp;<b></b> רב עתה יהוה קח נפשי כילאטוב אנכי מאבתי","he himself went a day’s journey into the wilderness. He came to a broom bush and sat down under it, and prayed that he might die. “Enough!” he cried. “Now, O ETERNAL One, take my life, for I am no better than my predecessors.”dpredecessors Lit. “fathers.” ",Ninguno
I_Kings,19,5,וישכב ויישן תחת רתם אחד והנהזה מלאך נגע בו ויאמר לו קום אכול,"He lay down and fell asleep under a broom bush. Suddenly an angel touched him and said to him, “Arise and eat.” ",Ninguno
I_Kings,19,6,ויבט והנה מראשתיו עגת רצפים וצפחת מים ויאכל וישת וישב וישכב,"He looked about; and there, beside his head, was a cake baked on hot stones and a jar of water! He ate and drank, and lay down again. ",Ninguno
I_Kings,19,7,וישב מלאך יהוה&thinsp;<small></small>&thinsp;שנית ויגעבו ויאמר קום אכל כי רב ממך הדרך,"The angel of GOD came a second time and touched him and said, “Arise and eat, or the journey will be too much for you.” ",Ninguno
I_Kings,19,8,ויקם ויאכל וישתה וילך בכח&thinsp;<b></b> האכילה ההיא ארבעים יום וארבעים לילה עד הר האלהים חרב,He arose and ate and drank; and with the strength from that meal he walked forty days and forty nights as far as the mountain of God at Horeb.,Ninguno
I_Kings,19,9,ויבאשם אלהמערה וילן שם והנה דבריהוה אליו ויאמר לו מהלך פה אליהו,"There he went into a cave, and there he spent the night.Then the word of GOD came to him: “Why are you here, Elijah?” ",Ninguno
I_Kings,19,10,ויאמר קנא קנאתי ליהוה&thinsp;<b></b> אלהי צבאות כיעזבו בריתך בני ישראל אתמזבחתיך הרסו ואתנביאיך הרגו בחרב ואותר אני לבדי ויבקשו אתנפשי לקחתה,"He replied, “I am moved by zeal for the ETERNAL, the God of Hosts, for the Israelites have forsaken Your covenant, torn down Your altars, and put Your prophets to the sword. I alone am left, and they are out to take my life.” ",Ninguno
I_Kings,19,11,ויאמר צא ועמדת בהר לפני יהוה והנה יהוה עבר ורוח גדולה וחזק מפרק הרים ומשבר סלעים לפני יהוה לא ברוח יהוה ואחר הרוח רעש לא ברעש יהוה,"“Come out,” He called, “and stand on the mountain before GOD.”And lo, GOD passed by. There was a great and mighty wind, splitting mountains and shattering rocks by GOD’s power; but GOD was not in the wind. After the wind—an earthquake; but GOD was not in the earthquake. ",Ninguno
I_Kings,19,12,ואחר הרעש אש לא באש יהוה ואחר האש קול דממה דקה,"After the earthquake—fire; but GOD was not in the fire. And after the fire—a soft murmuring sound.ea soft murmuring sound In contrast to others “a still, small voice.” ",Ninguno
I_Kings,19,13,ויהי&thinsp;<b></b> כשמע אליהו וילט פניו באדרתו ויצא ויעמד פתח המערה והנה אליו קול ויאמר מהלך פה אליהו,"When Elijah heard it, he wrapped his mantle about his face and went out and stood at the entrance of the cave. Then a voice addressed him: “Why are you here, Elijah?” ",Ninguno
I_Kings,19,14,"ויאמר קנא קנאתי ליהוה&thinsp;<b></b> אלהי צבאות כיעזבו בריתך בני ישראל אתמזבחתיך הרסו ואתנביאיך הרגו בחרב ואותר אני לבדי ויבקשו אתנפשי לקחתה&nbsp;<span class=""mam-spi-samekh"">{ס}</span>&nbsp;&nbsp;&nbsp;&nbsp;&nbsp;&nbsp;&nbsp;&nbsp;","He answered, “I am moved by zeal for the ETERNAL, the God of Hosts; for the Israelites have forsaken Your covenant, torn down Your altars, and have put Your prophets to the sword. I alone am left, and they are out to take my life.”",Ninguno
I_Kings,19,15,ויאמר יהוה אליו לך שוב לדרכך מדברה דמשק ובאת ומשחת אתחזאל למלך עלארם," 
GOD
 said to him, “Go back by the way you came, [and] on to the wilderness of Damascus. When you get there, anoint Hazael as king of Aram. ",Ninguno
I_Kings,19,16,ואת יהוא בןנמשי תמשח למלך עלישראל ואתאלישע בןשפט מאבל מחולה תמשח לנביא תחתיך,"Also anoint Jehu son of Nimshi as king of Israel, and anoint Elisha son of Shaphat of Abel-meholah to succeed you as prophet. ",Ninguno
I_Kings,19,17,והיה הנמלט מחרב חזאל ימית יהוא והנמלט מחרב יהוא ימית אלישע,"Whoever escapes the sword of Hazael shall be slain by Jehu, and whoever escapes the sword of Jehu shall be slain by Elisha. ",Ninguno
I_Kings,19,18,והשארתי בישראל שבעת אלפים כלהברכים אשר לאכרעו לבעל וכלהפה אשר לאנשק לו,I will leave in Israel only seven thousand—every knee that has not knelt to Baal and every mouth that has not kissed him.”,Ninguno
I_Kings,19,19,וילך משם וימצא אתאלישע בןשפט והוא חרש שניםעשר צמדים לפניו והוא בשנים העשר ויעבר אליהו אליו וישלך אדרתו אליו,"He set out from there and came upon Elisha son of Shaphat as he was plowing. There were twelve yoke of oxen ahead of him, and he was with the twelfth. Elijah came over to him and threw his mantle over him. ",Ninguno
I_Kings,19,20,ויעזב אתהבקר וירץ אחרי אליהו ויאמר אשקהנא לאבי ולאמי ואלכה אחריך ויאמר לו לך שוב כי מהעשיתי לך,"He left the oxen and ran after Elijah, saying: “Let me kiss my father and mother good-by, and I will follow you.” And he answered him, “Go back. What have I done to you?”fWhat have I done to you? I.e., I am not stopping you. ",Ninguno
I_Kings,19,21,"וישב מאחריו ויקח אתצמד הבקר ויזבחהו ובכלי הבקר בשלם הבשר ויתן לעם ויאכלו ויקם וילך אחרי אליהו וישרתהו&nbsp;<span class=""mam-spi-pe"">{פ}</span><br>","He turned back from him and took the yoke of oxen and slaughtered them; he boiled their meatgtheir meat Lit. “them, the flesh.” with the gearhwith the gear I.e., using it as firewood; cf. 2 Sam. 24.22. of the oxen and gave it to the people, and they ate. Then he arose and followed Elijah and became his attendant.",Ninguno
I_Kings,20,1,ובןהדד מלךארם קבץ אתכלחילו ושלשים ושנים מלך אתו וסוס ורכב ויעל ויצר עלשמרון וילחם בה,"King Ben-hadad of Aram gathered his whole army; thirty-two kings accompanied him with horses and chariots. He advanced against Samaria, laid siege to it, and attacked it. ",Ninguno
I_Kings,20,2,וישלח מלאכים אלאחאב מלךישראל העירה,And he sent messengers to Ahab inside the city,Ninguno
I_Kings,20,3,ויאמר לו כה אמר בןהדד כספך וזהבך ליהוא ונשיך ובניך הטובים ליהם,"to say to him, “Thus said Ben-hadad: Your silver and gold are mine, and your beautiful wives and children are mine.” ",Ninguno
I_Kings,20,4,ויען מלךישראל ויאמר כדברך אדני המלך לך אני וכלאשרלי,"The king of Israel replied, “As you say, my lord king: I and all I have are yours.” ",Ninguno
I_Kings,20,5,וישבו המלאכים ויאמרו כהאמר בןהדד לאמר כישלחתי אליך לאמר כספך וזהבך ונשיך ובניך לי תתן,"Then the messengers came again and said, “Thus said Ben-hadad: When I sent you the order to give me your silver and gold, and your wives and children, ",Ninguno
I_Kings,20,6,כי&thinsp;<b></b> אםכעת מחר אשלח אתעבדי אליך וחפשו אתביתך ואת בתי עבדיך והיה כלמחמד עיניך ישימו בידם ולקחו,I meant that tomorrow at this time I will send my servants to you and they will search your house and the houses of your courtiers and seize everything youayou Several ancient versions read “they.” prize and take it away.”,Ninguno
I_Kings,20,7,ויקרא מלךישראל לכלזקני הארץ ויאמר דעונא וראו כי רעה זה מבקש כישלח אלי לנשי ולבני ולכספי ולזהבי ולא מנעתי ממנו,"Then the king of Israel summoned all the elders of the land, and he said, “See for yourselves how that man is bent on evil! For when he demanded my wives and my children, my silver and my gold, I did not refuse him.” ",Ninguno
I_Kings,20,8,ויאמרו אליו כלהזקנים וכלהעם אלתשמע ולוא תאבה,"All the elders and all the people said, “Do not obey and do not submit!” ",Ninguno
I_Kings,20,9,ויאמר למלאכי בןהדד אמרו לאדני המלך כל אשרשלחת אלעבדך בראשנה אעשה והדבר הזה לא אוכל לעשות וילכו המלאכים וישבהו דבר,"So he said to Ben-hadad’s messengers, “Tell my lord the king: All that you first demanded of your servant I shall do, but this thing I cannot do.” The messengers went and reported this to him. ",Ninguno
I_Kings,20,10,וישלח אליו בןהדד ויאמר כהיעשון לי אלהים וכה יוספו אםישפק עפר שמרון לשעלים לכלהעם אשר ברגלי,"Thereupon Ben-hadad sent him this message: “May the gods do thus to me and even more,bMay the gods do thus to me and even more See note at 19.2. if the dust of Samaria will provide even a handful for each of the men who are right behind me!”",Ninguno
I_Kings,20,11,ויען מלךישראל ויאמר דברו אליתהלל חגר כמפתח,"The king of Israel replied, “Tell him: Let not him who girds on his sword boast like him who ungirds it!”",Ninguno
I_Kings,20,12,ויהי כשמע אתהדבר הזה והוא שתה הוא והמלכים בסכות ויאמר אלעבדיו שימו וישימו עלהעיר,"On hearing this reply—while he and the other kings were drinking together at Succoth—Ben-hadadcBen-hadad Heb. “he.” commanded his followers, “Advance!” And they advanced against the city. ",Ninguno
I_Kings,20,13,והנה&thinsp;<b></b> נביא אחד נגש אלאחאב מלךישראל ויאמר כה אמר יהוה הראית את כלההמון הגדול הזה הנני נתנו בידך היום וידעת כיאני יהוה,"Then a certain prophet went up to King Ahab of Israel and said, “Thus said GOD: Do you see that great host? I will deliver it into your hands today, and you shall know that I am GOD.” ",Percepción (Yada)
I_Kings,20,14,ויאמר אחאב במי ויאמר כהאמר יהוה בנערי שרי המדינות ויאמר מייאסר המלחמה ויאמר אתה,"“Through whom?” asked Ahab. He answered, “Thus said GOD: Through the aides of the provincial governors.” He asked, “Who shall begin the battle?” And he answered, “You.”",Ninguno
I_Kings,20,15,ויפקד אתנערי שרי המדינות ויהיו מאתים שנים ושלשים ואחריהם פקד אתכלהעם כלבני ישראל שבעת אלפים,"So he mustered the aides of the provincial governors, 232 strong, and then he mustered all the troops—all the Israelites—7,000 strong. ",Ninguno
I_Kings,20,16,ויצאו בצהרים ובןהדד שתה שכור בסכות הוא והמלכים שלשיםושנים מלך עזר אתו,"They marched out at noon, while Ben-hadad was drinking himself drunk at Succoth together with the thirty-two kings allied with him. ",Ninguno
I_Kings,20,17,ויצאו נערי שרי המדינות בראשנה וישלח בןהדד ויגידו לו לאמר אנשים יצאו משמרון,"The aides of the provincial governors rushed out first. Ben-hadad sent [scouts], who told him, “Some men have come out from Samaria.” ",Ninguno
I_Kings,20,18,ויאמר אםלשלום יצאו תפשום חיים ואם למלחמה יצאו חיים תפשום,"He said, “If they have come out to surrender, take them alive; and if they have come out for battle, take them alive anyhow.” ",Ninguno
I_Kings,20,19,ואלה יצאו מןהעיר נערי שרי המדינות והחיל אשר אחריהם,"But the others—the aides of the provincial governors, with the army behind them—had already rushed out of the city, ",Ninguno
I_Kings,20,20,ויכו איש אישו וינסו ארם וירדפם ישראל וימלט בןהדד מלך ארם עלסוס ופרשים,"and each of them struck down his opponent. The Arameans fled, and Israel pursued them; but King Ben-hadad of Aram escaped on a horse with other riders. ",Ninguno
I_Kings,20,21,ויצא מלך ישראל ויך אתהסוס ואתהרכב והכה בארם מכה גדולה,"The king of Israel came out and attacked the horses and chariots, and inflicted a great defeat on the Arameans. ",Ninguno
I_Kings,20,22,"ויגש הנביא אלמלך ישראל ויאמר לו לך התחזק ודע וראה את אשרתעשה כי לתשובת השנה מלך ארם עלה עליך&nbsp;<span class=""mam-spi-pe"">{פ}</span><br>","Then the prophet approached the king of Israel and said to him, “Go, keep up your efforts, and consider well what you must do; for the king of Aram will attack you at the turn of the year.”",Ninguno
I_Kings,20,23,ועבדי מלךארם אמרו אליו אלהי הרים אלהיהם עלכן חזקו ממנו ואולם נלחם אתם במישור אםלא נחזק מהם,"Now the ministers of the king of Aram said to him, “Their God is a God of mountains; that is why they got the better of us. But if we fight them in the plain, we will surely get the better of them. ",Ninguno
I_Kings,20,24,ואתהדבר הזה עשה הסר המלכים איש ממקמו ושים פחות תחתיהם,Do this: Remove all the kings from their posts and appoint governors in their place.,Ninguno
I_Kings,20,25,"ואתה תמנהלך&thinsp;<small></small>&thinsp;חיל כחיל הנפל מאותך וסוס כסוס&thinsp;<b></b> ורכב כרכב ונלחמה אותם במישור אםלא נחזק מהם וישמע לקלם ויעש כן&nbsp;<span class=""mam-spi-pe"">{פ}</span><br>","Then muster for yourself an army equal to the army you lost, horse for horse and chariot for chariot. And let us fight them in the plain, and we will surely get the better of them.” He took their advice and acted accordingly.",Ninguno
I_Kings,20,26,ויהי לתשובת השנה ויפקד בןהדד אתארם ויעל אפקה למלחמה עםישראל,"At the turn of the year, Ben-hadad mustered the Arameans and advanced on Aphek to fight Israel. ",Ninguno
I_Kings,20,27,ובני ישראל התפקדו וכלכלו וילכו לקראתם ויחנו בניישראל נגדם כשני חשפי עזים וארם מלאו אתהארץ,"Now the Israelites had been mustered and provisioned, and they went out against them; but when the Israelites encamped against them, they looked like two flocksdflocks Meaning of Heb. uncertain. of goats, while the Arameans covered the land. ",Ninguno
I_Kings,20,28,ויגש איש האלהים ויאמר אלמלך ישראל ויאמר כהאמר יהוה יען אשר אמרו ארם אלהי הרים יהוה ולאאלהי עמקים הוא ונתתי אתכלההמון הגדול הזה בידך וידעתם כיאני יהוה,"Then the agent of God approached and spoke to the king of Israel, “Thus said GOD: Because the Arameans have said, ‘GOD is a God of mountains—but not a God of lowlands,’ I will deliver that great host into your hands; and you shall know that I am GOD.”",Percepción (Yada)
I_Kings,20,29,ויחנו אלה נכחאלה שבעת ימים ויהי&thinsp;<b></b> ביום השביעי ותקרב המלחמה ויכו בניישראל אתארם מאהאלף רגלי ביום אחד,"For seven days they were encamped opposite each other. On the seventh day, the battle was joined and the Israelites struck down 100,000 Aramean foot soldiers in one day. ",Ninguno
I_Kings,20,30,וינסו הנותרים&thinsp;<small></small>&thinsp;אפקה אלהעיר ותפל החומה עלעשרים ושבעה אלף איש הנותרים ובןהדד נס ויבא אלהעיר חדר בחדר,"The survivors fled to Aphek, inside the town, and the wall fell on the 27,000 survivors.Ben-hadad also fled and took refuge inside the town, in an inner chamber. ",Ninguno
I_Kings,20,31,ויאמרו אליו עבדיו הנהנא שמענו כי מלכי בית ישראל כימלכי חסד הם נשימה נא שקים במתנינו וחבלים בראשנו ונצא אלמלך ישראל אולי יחיה אתנפשך,"His ministers said to him, “We have heard that the kings of the House of Israel are magnanimous kings. Let us put sackcloth on our loins and ropes on our heads, and surrender to the king of Israel; perhaps he will spare your life.” ",Ninguno
I_Kings,20,32,ויחגרו שקים במתניהם וחבלים בראשיהם ויבאו אלמלך ישראל ויאמרו עבדך בןהדד אמר תחינא נפשי ויאמר העודנו חי אחי הוא,"So they girded sackcloth on their loins and wound ropes around their heads, and came to the king of Israel and said, “Your servant Ben-hadad says, ‘I beg you, spare my life.’” He replied, “Is he still alive? He is my brother.”eHe is my brother I.e., I would accept him as my treaty partner. ",Ninguno
I_Kings,20,33,והאנשים ינחשו וימהרו ויחלטו הממנו ויאמרו אחיך בןהדד ויאמר באו קחהו ויצא אליו בןהדד ויעלהו עלהמרכבה,"The men divined his meaning and quickly caught the word from him,fcaught the word from him Meaning of Heb. uncertain. saying, “Yes, Ben-hadad is your brother.”gyour brother I.e., willing to be your treaty partner. “Go, bring him,” he said. Ben-hadad came out to him, and he invited him into his chariot. ",Ninguno
I_Kings,20,34,"ויאמר אליו הערים אשרלקחאבי מאת אביך אשיב וחצות תשים לך בדמשק כאשרשם אבי בשמרון ואני בברית אשלחך ויכרתלו ברית וישלחהו&nbsp;<span class=""mam-spi-samekh"">{ס}</span>&nbsp;&nbsp;&nbsp;&nbsp;&nbsp;&nbsp;&nbsp;&nbsp;","Ben-hadad said to him, “I will give back the towns that my father took from your father, and you may set up bazaars for yourself in Damascus as my father did in Samaria.” “And I, for my part,” [said Ahab,] “will let you go home under these terms.” So he made a treaty with him and dismissed him.",Ninguno
I_Kings,20,35,ואיש אחד מבני הנביאים אמר אלרעהו בדבר יהוה הכיני נא וימאן האיש להכתו,"A certain man, a disciple of the prophets, said to another, at the word of GOD, “Strike me”; but the man refused to strike him. ",Ninguno
I_Kings,20,36,ויאמר לו יען אשר לאשמעת בקול יהוה הנך הולך מאתי והכך האריה וילך מאצלו וימצאהו האריה ויכהו,"He said to him, “Because you have not obeyed GOD, a lion will strike you dead as soon as you leave me.” And when he left, a lion came upon him and killed him. ",Ninguno
I_Kings,20,37,וימצא איש אחר ויאמר הכיני נא ויכהו האיש הכה ופצע,"Then he met another man and said, “Come, strike me.” So the man struck him and wounded him. ",Ninguno
I_Kings,20,38,וילך הנביא ויעמד למלך עלהדרך ויתחפש באפר עלעיניו,"Then the prophet, disguised by a cloth over his eyes, went and waited for the king by the road. ",Ninguno
I_Kings,20,39,ויהי המלך עבר והוא צעק אלהמלך ויאמר עבדך&thinsp;<b></b> יצא בקרבהמלחמה והנהאיש סר ויבא אלי איש ויאמר שמר אתהאיש הזה אםהפקד יפקד והיתה נפשך תחת נפשו או ככרכסף תשקול,"As the king passed by, he cried out to the king and said, “Your servant went out into the thick of the battle. Suddenly someone came over and brought a man to me, saying, ‘Guard this man! If he goes missing, it will be your life for his, or you will have to pay a talent of silver.’ ",Ninguno
I_Kings,20,40,ויהי עבדך עשה הנה והנה והוא איננו ויאמר אליו מלךישראל כן משפטך אתה חרצת,"While your servant was busy here and there, he got away.” The king of Israel responded, “You have your verdict; you pronounced it yourself.” ",Ninguno
I_Kings,20,41,"וימהר ויסר אתהאפר <span class=""mam-kq""><span class=""mam-kq-k"">(מעל)</span> <span class=""mam-kq-q"">[מעלי]</span></span> עיניו ויכר אתו מלך ישראל כי מהנביאים הוא","Quickly he removed the cloth from his eyes, and the king recognized him as one of the prophets. ",Ninguno
I_Kings,20,42,ויאמר אליו כה אמר יהוה יען שלחת אתאישחרמי מיד והיתה נפשך תחת נפשו ועמך תחת עמו,"He said to him, “Thus said GOD: Because you have set free the man whom I doomed, your life shall be forfeit for his life and your people for his people.” ",Ninguno
I_Kings,20,43,"וילך מלךישראל עלביתו סר וזעף ויבא שמרונה&nbsp;<span class=""mam-spi-pe"">{פ}</span><br>","Dispirited and sullen, the king of Israel left for home and came to Samaria.",Ninguno
I_Kings,21,1,ויהי אחר הדברים האלה כרם היה לנבות היזרעאלי אשר ביזרעאל אצל היכל אחאב מלך שמרון,"[The following events] occurred some time afterward: Naboth the Jezreelite owned a vineyard in Jezreel, adjoining the palace of King Ahab of Samaria. ",Ninguno
I_Kings,21,2,וידבר אחאב אלנבות&thinsp;<small></small>&thinsp;לאמר&thinsp;<small></small>&thinsp;תנהלי אתכרמך ויהילי לגןירק כי הוא קרוב אצל ביתי ואתנה לך תחתיו כרם טוב ממנו אם טוב בעיניך אתנהלך כסף מחיר זה,"Ahab said to Naboth, “Give me your vineyard, so that I may have it as a vegetable garden, since it is right next to my palace. I will give you a better vineyard in exchange; or, if you prefer, I will pay you the price in money.” ",Ninguno
I_Kings,21,3,ויאמר נבות אלאחאב חלילה לי מיהוה מתתי אתנחלת אבתי לך,"But Naboth replied, “GOD forbid that I should give up to you what I have inherited from my fathers!” ",Ninguno
I_Kings,21,4,ויבא אחאב אלביתו סר וזעף עלהדבר אשרדבר אליו נבות היזרעאלי ויאמר לאאתן לך אתנחלת אבותי וישכב עלמטתו ויסב אתפניו ולאאכל לחם,"Ahab went home dispirited and sullen because of the answer that Naboth the Jezreelite had given him: “I will not give up to you what I have inherited from my fathers!” He lay down on his bed and turned away his face, and he would not eat. ",Ninguno
I_Kings,21,5,ותבא אליו איזבל אשתו ותדבר אליו מהזה רוחך סרה ואינך אכל לחם,"His wife Jezebel came to him and asked him, “Why are you so dispirited that you won’t eat?” ",Ninguno
I_Kings,21,6,וידבר אליה כיאדבר אלנבות היזרעאלי ואמר לו תנהלי אתכרמך בכסף או אםחפץ אתה אתנהלך כרם תחתיו ויאמר לאאתן לך אתכרמי,"So he told her, “I spoke to Naboth the Jezreelite and proposed to him, ‘Sell me your vineyard for money, or if you prefer, I’ll give you another vineyard in exchange’; but he answered, ‘I will not give my vineyard to you.’” ",Ninguno
I_Kings,21,7,ותאמר אליו איזבל אשתו אתה עתה תעשה מלוכה עלישראל קום אכללחם ויטב לבך אני אתן לך אתכרם נבות היזרעאלי,"His wife Jezebel said to him, “Now is the time to show yourself king over Israel. Rise and eat something, and be cheerful; I will get the vineyard of Naboth the Jezreelite for you.”",Ninguno
I_Kings,21,8,"ותכתב ספרים בשם אחאב ותחתם בחתמו ותשלח <span class=""mam-kq""><span class=""mam-kq-k"">(הספרים)</span> <span class=""mam-kq-q"">[ספרים]</span></span> אלהזקנים ואלהחרים אשר בעירו הישבים אתנבות","So she wrote letters in Ahab’s name and sealed them with his seal, and sent the letters to the elders and the nobles who lived in the same town with Naboth. ",Ninguno
I_Kings,21,9,ותכתב בספרים לאמר קראוצום והשיבו אתנבות בראש העם,In the letters she wrote as follows: “Proclaim a fast and seat Naboth at the front of the assembly.,Ninguno
I_Kings,21,10,והושיבו שנים אנשים בניבליעל נגדו ויעדהו לאמר ברכת אלהים ומלך והוציאהו וסקלהו וימת,"And seat two scoundrels opposite him, and let them testify against him: ‘You have reviled God and king!’ Then take him out and stone him to death.”",Ninguno
I_Kings,21,11,ויעשו אנשי עירו הזקנים והחרים אשר הישבים בעירו כאשר שלחה אליהם איזבל כאשר כתוב בספרים אשר שלחה אליהם,"The people of his town—the elders and nobles who lived in his town—did as Jezebel had instructed them, just as was written in the letters she had sent them: ",Ninguno
I_Kings,21,12,קראו צום והשיבו אתנבות בראש העם,They proclaimed a fast and seated Naboth at the front of the assembly.,Ninguno
I_Kings,21,13,ויבאו שני האנשים בניבליעל וישבו נגדו ויעדהו אנשי הבליעל אתנבות נגד העם לאמר ברך נבות אלהים ומלך ויצאהו מחוץ לעיר ויסקלהו באבנים וימת,"Then the two scoundrels came and sat down opposite him; and those scoundrels testified against Naboth publicly as follows: “Naboth has reviled God and king.” Then theyathey I.e., the leaders of Naboth’s town (see v. 11), the two scoundrels, and perhaps others; cf. Lev. 24.14; Deut. 17.6–7. took him outside the town and stoned him to death. ",Ninguno
I_Kings,21,14,וישלחו אלאיזבל לאמר סקל נבות וימת,Word was sent to Jezebel: “Naboth has been stoned to death.”,Ninguno
I_Kings,21,15,ויהי כשמע איזבל כיסקל נבות וימת ותאמר איזבל אלאחאב קום רש אתכרם&thinsp;<b></b> נבות היזרעאלי אשר מאן לתתלך בכסף כי אין נבות חי כימת,"As soon as Jezebel heard that Naboth had been stoned to death, she said to Ahab, “Go and take possession of the vineyard that Naboth the Jezreelite refused to sell you for money; for Naboth is no longer alive, he is dead.” ",Ninguno
I_Kings,21,16,"ויהי כשמע אחאב כי מת נבות ויקם אחאב לרדת אלכרם נבות היזרעאלי לרשתו&nbsp;<span class=""mam-spi-pe"">{פ}</span><br>","When Ahab heard that Naboth was dead, Ahab set out for the vineyard of Naboth the Jezreelite to take possession of it.",Ninguno
I_Kings,21,17,ויהי דבריהוה אלאליהו התשבי לאמר,Then the word of GOD came to Elijah the Tishbite:,Ninguno
I_Kings,21,18,קום רד לקראת אחאב מלךישראל אשר בשמרון הנה בכרם נבות אשרירד שם לרשתו,“Go down and confront King Ahab of Israel who [resides] in Samaria. He is now in Naboth’s vineyard; he has gone down there to take possession of it.,Ninguno
I_Kings,21,19,ודברת אליו לאמר כה אמר יהוה הרצחת וגםירשת ודברת אליו לאמר כה אמר יהוה במקום אשר לקקו הכלבים אתדם נבות ילקו הכלבים אתדמך גםאתה,"Say to him, ‘Thus said GOD: Would you murder and take possession? Thus said GOD: In the very place where the dogs lapped up Naboth’s blood, the dogs will lap up your blood too.’”",Ninguno
I_Kings,21,20,ויאמר אחאב אלאליהו המצאתני איבי ויאמר מצאתי יען התמכרך לעשות הרע בעיני יהוה,"Ahab said to Elijah, “So you have found me, my enemy?” “Yes, I have found you,” he replied. “Because you have committed yourself to doing what is evil in GOD’s sight, ",Ninguno
I_Kings,21,21,הנני מבי אליך רעה ובערתי אחריך והכרתי לאחאב משתין בקיר ועצור ועזוב בישראל,"I will bring disaster upon you. I will make a clean sweep of you, I will cut off from Israel every male belonging to Ahab, bond and free.bbond and free See note at 14.10. ",Ninguno
I_Kings,21,22,ונתתי אתביתך כבית ירבעם בןנבט וכבית בעשא בןאחיה אלהכעס אשר הכעסת ותחטא אתישראל,"And I will make your house like the House of Jeroboam son of Nebat and like the House of Baasha son of Ahijah, because of the provocation you have caused by leading Israel to sin. ",Ninguno
I_Kings,21,23,וגםלאיזבל דבר יהוה לאמר הכלבים יאכלו אתאיזבל בחל יזרעאל,"And GOD has also spoken concerning Jezebel: ‘The dogs shall devour Jezebel in the fieldcfield So nine Heb. mss. and the parallel 2 Kings 9.36, as well as Targum and other ancient versions. Most texts read here “rampart.” of Jezreel. ",Ninguno
I_Kings,21,24,המת לאחאב בעיר יאכלו הכלבים והמת בשדה יאכלו עוף השמים,"All of Ahab’s line who die in the town shall be devoured by dogs, and all who die in the open country shall be devoured by the birds of the sky.’”",Ninguno
I_Kings,21,25,רק לאהיה כאחאב אשר התמכר לעשות הרע בעיני יהוה אשרהסתה אתו איזבל אשתו,"(Indeed, there never was anyone like Ahab, who committed himself to doing what was displeasing to GOD, at the instigation of his wife Jezebel. ",Ninguno
I_Kings,21,26,"ויתעב מאד ללכת אחרי הגללים ככל אשר עשו האמרי אשר הוריש יהוה מפני בני ישראל&nbsp;<span class=""mam-spi-pe"">{פ}</span><br>","He acted most abominably, straying after the fetishes just like the Amorites, whom GOD had dispossessed before the Israelites.)",Ninguno
I_Kings,21,27,"ויהי כשמע אחאב אתהדברים האלה ויקרע בגדיו וישםשק עלבשרו ויצום וישכב בשק ויהלך אט&nbsp;<span class=""mam-spi-pe"">{פ}</span><br>","When Ahab heard these words, he rent his clothes and put sackcloth on his body. He fasted and lay in sackcloth and walked about subdued. ",Ninguno
I_Kings,21,28,ויהי דבריהוה אלאליהו התשבי לאמר,Then the word of GOD came to Elijah the Tishbite:,Ninguno
I_Kings,21,29,הראית כינכנע אחאב מלפני יען כינכנע מפני לאאבי הרעה בימיו בימי בנו אביא הרעה עלביתו,"“Have you seen how Ahab has humbled himself before Me? Because he has humbled himself before Me, I will not bring the disaster in his lifetime; I will bring the disaster upon his house in his son’s time.”",Ninguno
I_Kings,22,1,"וישבו שלש שנים אין מלחמה בין ארם ובין ישראל&nbsp;<span class=""mam-spi-pe"">{פ}</span><br>","There was a lull ofaThere was a lull of Lit. “They remained.” three years, with no war between Aram and Israel. ",Separación (Beyn)
I_Kings,22,2,ויהי בשנה השלישית וירד יהושפט מלךיהודה אלמלך ישראל,"In the third year, King Jehoshaphat of Judah came to visit the king of Israel. ",Ninguno
I_Kings,22,3,ויאמר מלךישראל אלעבדיו הידעתם כילנו רמת גלעד ואנחנו מחשים מקחת אתה מיד מלך ארם,"The king of Israel said to his courtiers, “You know that Ramoth-gilead belongs to us, and yet we do nothing to recover it from the hands of the king of Aram.” ",Percepción (Yada)
I_Kings,22,4,ויאמר אליהושפט התלך אתי למלחמה רמת גלעד ויאמר יהושפט אלמלך ישראל כמוני כמוך כעמי כעמך כסוסי כסוסיך,"And he said to Jehoshaphat, “Will you come with me to battle at Ramoth-gilead?” Jehoshaphat answered the king of Israel, “I will do what you do; my troops shall be your troops, my horses shall be your horses.” ",Ninguno
I_Kings,22,5,ויאמר יהושפט אלמלך ישראל דרשנא כיום אתדבר יהוה,"But Jehoshaphat said further to the king of Israel, “Please, first inquire of GOD.”",Ninguno
I_Kings,22,6,ויקבץ מלךישראל אתהנביאים כארבע מאות איש ויאמר אלהם האלך עלרמת גלעד למלחמה אםאחדל ויאמרו עלה ויתן אדני ביד המלך,"So the king of Israel gathered the prophets, about four hundred of them, and asked them, “Shall I march upon Ramoth-gilead for battle, or shall I not?” “March,” they said, “and the Sovereign will deliver it into Your Majesty’s hands.” ",Ninguno
I_Kings,22,7,ויאמר יהושפט האין פה נביא ליהוה עוד ונדרשה מאתו,"Then Jehoshaphat asked, “Isn’t there another prophet of GOD here through whom we can inquire?” ",Ninguno
I_Kings,22,8,ויאמר מלךישראל&thinsp;<small></small>&thinsp;אליהושפט עוד אישאחד לדרש אתיהוה מאתו ואני שנאתיו כי לאיתנבא עלי טוב כי אםרע מיכיהו בןימלה ויאמר יהושפט אליאמר המלך כן,"And the king of Israel answered Jehoshaphat, “There is one more through whom we can inquire of GOD; but I hate him, because he never prophesies anything good for me, but only misfortune—Micaiah son of Imlah.” But King Jehoshaphat said, “Don’t say that, Your Majesty.” ",Ninguno
I_Kings,22,9,ויקרא מלך ישראל אלסריס אחד ויאמר מהרה מיכיהו בןימלה,"So the king of Israel summoned an officer and said, “Bring Micaiah son of Imlah at once.”",Ninguno
I_Kings,22,10,ומלך ישראל ויהושפט מלךיהודה ישבים איש עלכסאו מלבשים בגדים בגרן פתח שער שמרון וכלהנביאים מתנבאים לפניהם,"The king of Israel and King Jehoshaphat of Judah were seated on their thrones, arrayed in their robes, on the threshing floor at the entrance of the gate of Samaria; and all the prophets were prophesying before them. ",Ninguno
I_Kings,22,11,ויעש לו צדקיה בןכנענה קרני ברזל ויאמר כהאמר יהוה באלה תנגח אתארם עדכלתם,"Zedekiah son of Chenaanah had provided himself with iron horns; and he said, “Thus said GOD: With these you shall gore the Arameans till you make an end of them.” ",Ninguno
I_Kings,22,12,וכלהנבאים נבאים כן לאמר עלה רמת גלעד והצלח ונתן יהוה ביד המלך,"And all the other prophets were prophesying similarly, “March upon Ramoth-gilead and triumph! GOD will deliver it into Your Majesty’s hands.”",Ninguno
I_Kings,22,13,"והמלאך אשרהלך&thinsp;<b></b> לקרא מיכיהו דבר אליו לאמר הנהנא דברי הנביאים פהאחד טוב אלהמלך יהינא <span class=""mam-kq""><span class=""mam-kq-k"">(דבריך)</span> <span class=""mam-kq-q"">[דברך]</span></span> כדבר אחד מהם ודברת טוב","The messenger who had gone to summon Micaiah said to him: “Look, the words of the prophets are with one accord favorable to the king. Let your word be like that of the rest of them; speak a favorable word.” ",Ninguno
I_Kings,22,14,ויאמר מיכיהו חייהוה כי אתאשר יאמר יהוה אלי אתו אדבר,"“As GOD lives,” Micaiah answered, “I will speak only what GOD tells me.” ",Ninguno
I_Kings,22,15,ויבוא אלהמלך ויאמר המלך אליו מיכיהו הנלך אלרמת גלעד למלחמה אםנחדל ויאמר אליו עלה והצלח ונתן יהוה ביד המלך,"When he came before the king, the king said to him, “Micaiah, shall we march upon Ramoth-gilead for battle, or shall we not?” He answered him, “March and triumph! GOD will deliver [it] into Your Majesty’s hands.” ",Ninguno
I_Kings,22,16,ויאמר אליו המלך עדכמה פעמים אני משביעך אשר לאתדבר אלי רקאמת בשם יהוה,"The king said to him, “How many times must I adjure you to tell me nothing but the truth in the name of GOD?” ",Ninguno
I_Kings,22,17,ויאמר ראיתי אתכלישראל נפצים אלההרים כצאן אשר איןלהם רעה ויאמר יהוה לאאדנים לאלה ישובו אישלביתו בשלום,"Then he said, “I saw all Israel scattered over the hills like sheep without a shepherd; and GOD said, ‘These have no master; let everyone return home in safety.’” ",Ninguno
I_Kings,22,18,"ויאמר מלךישראל אליהושפט הלוא אמרתי אליך לואיתנבא עלי טוב כי אםרע&nbsp;<span class=""mam-spi-samekh"">{ס}</span>&nbsp;&nbsp;&nbsp;&nbsp;&nbsp;&nbsp;&nbsp;&nbsp;","“Didn’t I tell you,” said the king of Israel to Jehoshaphat, “that he would not prophesy good fortune for me, but only misfortune?” ",Ninguno
I_Kings,22,19,ויאמר לכן שמע דבריהוה ראיתי אתיהוה ישב עלכסאו וכלצבא השמים עמד עליו מימינו ומשמאלו,"But [Micaiah] said, “I call upon you to hear the word of GOD! I saw GOD seated upon a throne, with all the host of heaven standing in attendance to the right and to the left. ",Caos/Izquierda (Smol)
I_Kings,22,20,ויאמר יהוה מי יפתה אתאחאב ויעל ויפל ברמת גלעד ויאמר זה בכה וזה אמר בכה," GOD asked, ‘Who will entice Ahab so that he will march and fall at Ramoth-gilead?’ Then one said thus and another said thus, ",Ninguno
I_Kings,22,21,ויצא הרוח ויעמד לפני יהוה ויאמר אני אפתנו ויאמר יהוה אליו במה,"until a certain spirit came forward and stood before GOD and said, ‘I will entice him.’ ‘How?’ GOD asked him. ",Ninguno
I_Kings,22,22,ויאמר אצא והייתי רוח שקר בפי כלנביאיו ויאמר תפתה וגםתוכל צא ועשהכן,"And he replied, ‘I will go out and be a lying spirit in the mouth of all his prophets.’ Then [God] said, ‘You will entice and you will prevail. Go out and do it.’ ",Ninguno
I_Kings,22,23,ועתה הנה נתן יהוה רוח שקר בפי כלנביאיך אלה ויהוה דבר עליך רעה,So GOD has put a lying spirit in the mouth of all these prophets of yours; for GOD has decreed disaster upon you.”,Ninguno
I_Kings,22,24,ויגש צדקיהו בןכנענה ויכה אתמיכיהו עלהלחי ויאמר איזה עבר רוחיהוה מאתי לדבר אותך,"Thereupon Zedekiah son of Chenaanah stepped up and struck Micaiah on the cheek, and demanded, “Which way did the spirit of GOD pass from me to speak with you?” ",Ninguno
I_Kings,22,25,ויאמר מיכיהו הנך ראה ביום ההוא אשר תבא חדר בחדר להחבה,"And Micaiah replied, “You’ll find out on the day when you try to hide in the innermost room.” ",Ninguno
I_Kings,22,26,ויאמר מלך ישראל קח אתמיכיהו והשיבהו אלאמן שרהעיר ואליואש בןהמלך,"Then the king of Israel said, “Take Micaiah and turn him over to Amon, the city’s governor, and to Prince Joash, ",Ninguno
I_Kings,22,27,ואמרת כה אמר המלך שימו אתזה בית הכלא והאכלהו לחם לחץ ומים לחץ עד באי בשלום,"and say, ‘The king’s orders are: Put this fellow in prison, and let his fare be scant bread and scant water until I come home safe.’” ",Ninguno
I_Kings,22,28,ויאמר מיכיהו אםשוב תשוב בשלום לאדבר יהוה בי ויאמר שמעו עמים כלם,"To which Micaiah retorted, “If you ever come home safe, GOD has not spoken through me.” He said further, “Listen, all you peoples!”bHe said further, “Listen, all you peoples!” Perhaps a notation suggesting that Micaiah was identical with Micah, whose prophecies begin, “Listen, all you peoples,” Mic. 1.2. ",Ninguno
I_Kings,22,29,ויעל מלךישראל ויהושפט מלךיהודה רמת גלעד,So the king of Israel and King Jehoshaphat of Judah marched upon Ramoth-gilead.,Ninguno
I_Kings,22,30,ויאמר מלך ישראל אליהושפט התחפש ובא במלחמה ואתה לבש בגדיך ויתחפש מלך ישראל ויבוא במלחמה,"The king of Israel said to Jehoshaphat, “I will disguise myself and gocI will disguise myself and go Infinitives used for finite verbs; so Targum and Septuagint. into the battle; but you, wear your robes.” So the king of Israel went into the battle disguised. ",Ninguno
I_Kings,22,31,ומלך ארם צוה אתשרי הרכב אשרלו שלשים ושנים לאמר לא תלחמו אתקטן ואתגדול כי אםאתמלך ישראל לבדו,"Now the king of Aram had instructed his thirty-two chariot officers: “Don’t attack anyone, small or great, except the king of Israel.” ",Ninguno
I_Kings,22,32,ויהי כראות שרי הרכב אתיהושפט והמה אמרו אך מלךישראל הוא ויסרו עליו להלחם ויזעק יהושפט,"So when the chariot officers saw Jehoshaphat, whom they took for the king of Israel, they turned upon him to attack him, and Jehoshaphat cried out. ",Ninguno
I_Kings,22,33,ויהי כראות שרי הרכב כילאמלך ישראל הוא וישובו מאחריו,"And when the chariot officers became aware that he was not the king of Israel, they turned back from pursuing him. ",Ninguno
I_Kings,22,34,ואיש משך בקשת לתמו ויכה אתמלך ישראל בין הדבקים ובין השרין ויאמר לרכבו הפך ידך והוציאני מןהמחנה כי החליתי,"Then another man drew his bow at random and he hit the king of Israel between the plates ofdthe plates of Meaning of Heb. uncertain. the armor; and he said to his charioteer, “Turn the horsesethe horses Lit. “your hand,” because horses are guided by a pull on the appropriate rein; cf. 2 Kings 9.23. around and get me behind the lines;fbehind the lines Lit. “outside the camp.” I’m wounded.” ",Separación (Beyn)
I_Kings,22,35,ותעלה המלחמה ביום ההוא והמלך היה מעמד במרכבה נכח ארם וימת בערב ויצק דםהמכה אלחיק הרכב,"The battle raged all day long,graged all day long Meaning of Heb. uncertain. and the king remained propped up in the chariot facing Aram; the blood from the wound ran down into the hollow of the chariot, and at dusk he died. ",Ninguno
I_Kings,22,36,ויעבר הרנה במחנה כבא השמש לאמר איש אלעירו ואיש אלארצו,"As the sun was going down, a shout went through the army: “Every man to his own town! Every man to his own district.”",Ninguno
I_Kings,22,37,וימת המלך ויבוא שמרון ויקברו אתהמלך בשמרון,"So the king died and was broughthand was brought Lit. “he came.” to Samaria. They buried the king in Samaria, ",Ninguno
I_Kings,22,38,וישטף אתהרכב על&thinsp;<b></b> ברכת שמרון וילקו הכלבים אתדמו והזנות רחצו כדבר יהוה אשר דבר,"and they flushed out the chariot at the pool of Samaria. Thus the dogs lapped up his blood and the whores bathed [in it], in accordance with the word that GOD had spoken.ithe word that GOD had spoken Cf. 21.19. ",Ninguno
I_Kings,22,39,ויתר דברי אחאב וכלאשר עשה ובית השן אשר בנה וכלהערים אשר בנה הלואהם כתובים עלספר דברי הימים למלכי ישראל,"The other events of Ahab’s reign, and all his actions—the ivory palace that he built and all the towns that he fortified—are all recorded in the Annals of the Kings of Israel. ",Ninguno
I_Kings,22,40,"וישכב אחאב עםאבתיו וימלך אחזיהו בנו תחתיו&nbsp;<span class=""mam-spi-pe"">{פ}</span><br>","Ahab rested with his ancestors, and his son Ahaziah succeeded him as king.",Ninguno
I_Kings,22,41,ויהושפט בןאסא מלך עליהודה בשנת ארבע לאחאב מלך ישראל,Jehoshaphat son of Asa had become king of Judah in the fourth year of King Ahab of Israel.,Ninguno
I_Kings,22,42,יהושפט בןשלשים וחמש שנה במלכו ועשרים וחמש שנה מלך בירושל͏ם ושם אמו עזובה בתשלחי,"Jehoshaphat was thirty-five years old when he became king, and he reigned in Jerusalem for twenty-five years. His mother’s name was Azubah daughter of Shilhi. ",Ninguno
I_Kings,22,43,וילך בכלדרך אסא אביו לאסר ממנו לעשות הישר בעיני יהוה,"He followed closely the course of his father Asa and did not deviate from it, doing what was pleasing to GOD. ",Ninguno
I_Kings,22,44,אך הבמות לאסרו עוד העם מזבחים ומקטרים בבמות,"However, the shrines did not cease to function; the people still sacrificed and offered at the shrines. ",Ninguno
I_Kings,22,45,וישלם יהושפט עםמלך ישראל,"And further, Jehoshaphat submitted to the king of Israel. ",Ninguno
I_Kings,22,46,ויתר דברי יהושפט וגבורתו אשרעשה ואשר נלחם הלאהם כתובים עלספר דברי הימים למלכי יהודה,"As for the other events of Jehoshaphat’s reign and the valor he displayed in battle, they are recorded in the Annals of the Kings of Judah. ",Ninguno
I_Kings,22,47,ויתר הקדש אשר נשאר בימי אסא אביו בער מןהארץ,(He also stamped out the remaining consecrated workersjconsecrated workers Or “retainers”; meaning of Heb. qadesh uncertain. who had survived in the land from the time of his father Asa.),Ninguno
I_Kings,22,48,ומלך אין באדום נצב מלך,There was no king in Edom; a viceroy acted as king.,Ninguno
I_Kings,22,49,"יהושפט <span class=""mam-kq""><span class=""mam-kq-k"">(עשר)</span> <span class=""mam-kq-q"">[עשה]</span></span> אניות תרשיש ללכת אפירה לזהב ולא הלך כי<span class=""mam-kq""><span class=""mam-kq-q"">[נשברו]</span> <span class=""mam-kq-k"">(נשברה)</span></span> אניות בעציון גבר",Jehoshaphatka viceroy acted as king. Jehoshaphat Emendation yields “the viceroy of King Jehoshaphat.” constructed Tarshish shipslTarshish ships See note at 10.22. to sail to Ophir for gold. But he did not sail because the ships were wrecked at Ezion-geber. ,Ninguno
I_Kings,22,50,אז אמר אחזיהו בןאחאב אליהושפט ילכו עבדי עםעבדיך באניות ולא אבה יהושפט,"Then Ahaziah son of Ahab proposed to Jehoshaphat, “Let my servants sail on the ships with your servants”; but Jehoshaphat would not agree. ",Ninguno
I_Kings,22,51,"וישכב יהושפט עםאבתיו ויקבר עםאבתיו בעיר דוד אביו וימלך יהורם בנו תחתיו&nbsp;<span class=""mam-spi-samekh"">{ס}</span>&nbsp;&nbsp;&nbsp;&nbsp;&nbsp;&nbsp;&nbsp;&nbsp;","Jehoshaphat rested with his ancestors and was buried with his ancestors in the city of his forefather David, and his son Jehoram succeeded him as king.",Ninguno
I_Kings,22,52,אחזיהו בןאחאב מלך עלישראל בשמרון בשנת שבע עשרה ליהושפט מלך יהודה וימלך עלישראל שנתים,"[Meanwhile,] Ahaziah son of Ahab had become king of Israel, in Samaria, in the seventeenth year of King Jehoshaphat of Judah; he reigned over Israel two years. ",Ninguno
I_Kings,22,53,ויעש הרע בעיני יהוה וילך בדרך אביו ובדרך אמו ובדרך ירבעם בןנבט אשר החטיא אתישראל,"He did what was displeasing to GOD, following in the footsteps of his father and his mother, and in those of Jeroboam son of Nebat who had caused Israel to sin. ",Ninguno
I_Kings,22,54,ויעבד אתהבעל וישתחוה לו ויכעס אתיהוה אלהי ישראל ככל אשרעשה אביו,"He worshiped Baal and bowed down to him; he provoked the anger of the ETERNAL, the God of Israel, just as his father had done.",Ninguno
