Libro,Capitulo,Versiculo,Hebreo_Limpio,Traduccion,Conceptos_Matriz
II_Kings,1,1,ויפשע מואב בישראל אחרי מות אחאב,"After Ahab’s death, Moab rebelled against Israel.",Ninguno
II_Kings,1,2,"ויפל אחזיה בעד השבכה בעליתו אשר בשמרון ויחל וישלח מלאכים ויאמר אלהם לכו דרשו בבעל זבוב אלהי עקרון אםאחיה מחלי זה&nbsp;<span class=""mam-spi-samekh"">{ס}</span>&nbsp;&nbsp;&nbsp;&nbsp;&nbsp;&nbsp;&nbsp;&nbsp;","Ahaziah fell through the lattice in his upper chamber at Samaria and was injured. So he sent messengers, whom he instructed: “Go inquire of Baal-zebub, the god of Ekron, whether I shall recover from this injury.” ",Ninguno
II_Kings,1,3,ומלאך יהוה דבר אלאליה התשבי קום עלה לקראת מלאכי מלךשמרון ודבר אלהם המבלי איןאלהים בישראל אתם הלכים לדרש בבעל זבוב אלהי עקרון,"But an angel of GOD said to Elijah the Tishbite, “Go and confront the messengers of the king of Samaria and say to them, ‘Is there no God in Israel that you go to inquire of Baal-zebub, the god of Ekron? ",Ninguno
II_Kings,1,4,ולכן כהאמר יהוה המטה אשרעלית שם לאתרד ממנה כי מות תמות וילך אליה,"Assuredly, thus said GOD: You shall not rise from the bed you are lying on,arise from the bed you are lying on Lit. “descend from the bed you have mounted.” but you shall die.’” And Elijah went.",Ninguno
II_Kings,1,5,וישובו המלאכים אליו ויאמר אליהם מהזה שבתם,"The messengers returned to Ahaziah;bAhaziah Heb. “him.” and he asked, “Why have you come back?” ",Ninguno
II_Kings,1,6,ויאמרו אליו איש&thinsp;<b></b> עלה לקראתנו ויאמר אלינו לכו שובו אלהמלך אשרשלח אתכם ודברתם אליו כה אמר יהוה המבלי איןאלהים בישראל אתה שלח לדרש בבעל זבוב אלהי עקרון לכן המטה אשרעלית שם לאתרד ממנה כימות תמות,"They answered him, “A man came toward us and said to us, ‘Go back to the king who sent you, and say to him: Thus said the ETERNAL: Is there no God in Israel that you must send to inquire of Baal-zebub, the god of Ekron? Assuredly, you shall not rise from the bed you are lying on, but shall die.’” ",Ninguno
II_Kings,1,7,וידבר אלהם מה משפט האיש אשר עלה לקראתכם וידבר אליכם אתהדברים האלה,"“What sort of man was it,” he asked them, “who came toward you and said these things to you?” ",Ninguno
II_Kings,1,8,ויאמרו אליו איש בעל שער ואזור עור אזור במתניו ויאמר אליה התשבי הוא,"“A hairy man,” they replied, “with a leather belt tied around his waist.” “That’s Elijah the Tishbite!” he said.",Ninguno
II_Kings,1,9,וישלח אליו שרחמשים וחמשיו ויעל אליו והנה ישב עלראש ההר וידבר אליו איש האלהים המלך דבר רדה,"Then he sent to him a captain of fifty with his fifty men. He climbed up to him, and found him sitting at the top of a hill. “Agent of God,” he said to him, “by order of the king, come down!” ",Ninguno
II_Kings,1,10,ויענה אליהו וידבר אלשר החמשים ואםאיש אלהים אני תרד אש מןהשמים ותאכל אתך ואתחמשיך ותרד אש מןהשמים ותאכל אתו ואתחמשיו,"Elijah replied to the captain of the fifty, “If I am an agent of God, let fire come down from heaven and consume you with your fifty men!” And fire came down from heaven and consumed him and his fifty men. ",Ninguno
II_Kings,1,11,וישב וישלח אליו שרחמשים אחר וחמשיו ויען וידבר אליו איש האלהים כהאמר המלך מהרה רדה,"The king then sent to him another captain with his fifty men; and he addressed himcaddressed him Emendation yields “went up and said to him,” cf. v. 9. as follows: “Agent of God, by order of the king, come down at once!” ",Ninguno
II_Kings,1,12,ויען אליה וידבר אליהם אםאיש האלהים אני תרד אש מןהשמים ותאכל אתך ואתחמשיך ותרד אשאלהים מןהשמים ותאכל אתו ואתחמשיו,"But Elijah answered him, “If I am an agent of God,dagent of God Heb. ’iyš ’elohiym. let fire come down from heaven and consume you with your fifty men!” And fire of Godefire of God Heb. ’eš ’elohiym. came down from heaven and consumed him and his fifty men. ",Ninguno
II_Kings,1,13,וישב וישלח שרחמשים שלשים וחמשיו ויעל ויבא שרהחמשים השלישי ויכרע עלברכיו&thinsp;<b></b> לנגד אליהו ויתחנן אליו וידבר אליו איש האלהים תיקרנא נפשי ונפש עבדיך אלה חמשים בעיניך,"Then he sent a third captain of fifty with his fifty men. The third captain of fifty climbed to the top, knelt before Elijah, and implored him, saying, “Oh, agent of God, please have regard for my life and the lives of these fifty servants of yours! ",Ninguno
II_Kings,1,14,"הנה ירדה אש מןהשמים ותאכל אתשני שרי החמשים הראשנים ואתחמשיהם ועתה תיקר נפשי בעיניך&nbsp;<span class=""mam-spi-samekh"">{ס}</span>&nbsp;&nbsp;&nbsp;&nbsp;&nbsp;&nbsp;&nbsp;&nbsp;","Already fire has come from heaven and consumed the first two captains of fifty and their men;fmen Lit. “fifties.” I beg you, have regard for my life!”",Ninguno
II_Kings,1,15,וידבר מלאך יהוה אלאליהו רד אותו אלתירא מפניו ויקם וירד אותו אלהמלך,"Then the angel of GOD said to Elijah, “Go down with him, do not be afraid of him.” So he rose and went down with him to the king. ",Ninguno
II_Kings,1,16,וידבר אליו כהאמר יהוה יען אשרשלחת מלאכים לדרש בבעל זבוב אלהי עקרון המבלי איןאלהים בישראל לדרש בדברו לכן המטה אשרעלית שם לאתרד ממנה כימות תמות,"He said to him, “Thus said GOD: Because you sent messengers to inquire of Baal-zebub the god of Ekron—as if there were no God in Israel whose word you could seek—assuredly, you shall not rise from the bed that you are lying on; but you shall die.”",Ninguno
II_Kings,1,17,"וימת כדבר יהוה&thinsp;<b></b> אשרדבר אליהו וימלך יהורם תחתיו&nbsp;<span class=""mam-spi-pe"">{פ}</span><br>בשנת שתים ליהורם בןיהושפט מלך יהודה כי לאהיה לו בן&nbsp;<span class=""mam-spi-samekh"">{ס}</span>&nbsp;&nbsp;&nbsp;&nbsp;&nbsp;&nbsp;&nbsp;&nbsp;","And [Ahaziah] died, according to the word of GOD that Elijah had spoken. JehoramgJehoram Brother of Ahaziah. succeeded him as king, in the second year of King Jehoram son of Jehoshaphat of Judah, for he had no son. ",Ninguno
II_Kings,1,18,"ויתר דברי אחזיהו אשר עשה הלואהמה כתובים עלספר דברי הימים למלכי ישראל&nbsp;<span class=""mam-spi-pe"">{פ}</span><br>",The other events of Ahaziah’s reign [and] his actions are recorded in the Annals of the Kings of Israel.,Ninguno
II_Kings,2,1,ויהי בהעלות יהוה אתאליהו בסערה השמים וילך אליהו ואלישע מןהגלגל,"When GOD was about to take Elijah up to heaven in a whirlwind, Elijah and Elisha had set out from Gilgal. ",Ninguno
II_Kings,2,2,ויאמר אליהו אלאלישע שבנא פה כי יהוה שלחני עדביתאל ויאמר אלישע חייהוה וחינפשך אםאעזבך וירדו ביתאל,"Elijah said to Elisha, “Stay here, for GOD has sent me on to Bethel.” “As GOD lives and as you live,” said Elisha, “I will not leave you.” So they went down to Bethel. ",Ninguno
II_Kings,2,3,ויצאו בניהנביאים אשרביתאל אלאלישע ויאמרו אליו הידעת כי היום יהוה לקח אתאדניך מעל ראשך ויאמר גםאני ידעתי החשו,"Disciples of the prophets at Bethel came out to Elisha and said to him, “Do you know that GOD will take your master away from youaaway from you Lit. “from upon your head.” today?” He replied, “I know it, too; be silent.”",Percepción (Yada)
II_Kings,2,4,ויאמר לו אליהו אלישע&thinsp;<b></b> שבנא פה כי יהוה שלחני יריחו ויאמר חייהוה וחינפשך אםאעזבך ויבאו יריחו,"Then Elijah said to him, “Elisha, stay here, for GOD has sent me on to Jericho.” “As GOD lives and as you live,” said Elisha, “I will not leave you.” So they went on to Jericho. ",Ninguno
II_Kings,2,5,ויגשו בניהנביאים אשרביריחו אלאלישע ויאמרו אליו הידעת כי היום יהוה לקח אתאדניך מעל ראשך ויאמר גםאני ידעתי החשו,"The disciples of the prophets who were at Jericho came over to Elisha and said to him, “Do you know that GOD will take your master away from youbaway from you See note at v. 3. today?” He replied, “I know it, too; be silent.”",Percepción (Yada)
II_Kings,2,6,ויאמר לו אליהו שבנא פה כי יהוה שלחני הירדנה ויאמר חייהוה וחינפשך אםאעזבך וילכו שניהם,"Elijah said to him, “Stay here, for GOD has sent me on to the Jordan.” “As GOD lives and as you live, I will not leave you,” he said, and the two of them went on. ",Ninguno
II_Kings,2,7,וחמשים איש מבני הנביאים הלכו ויעמדו מנגד מרחוק ושניהם עמדו עלהירדן,Fifty of the disciples of the prophets followed and stood by at a distance as the two of them stopped at the Jordan.,Ninguno
II_Kings,2,8,ויקח אליהו אתאדרתו ויגלם ויכה אתהמים ויחצו הנה והנה ויעברו שניהם בחרבה,"Thereupon Elijah took his mantle and, rolling it up, he struck the water; it divided to the right and left, so that the two of them crossed over on dry land. ",Ninguno
II_Kings,2,9,ויהי כעברם ואליהו אמר אלאלישע שאל מה אעשהלך בטרם אלקח מעמך ויאמר אלישע ויהי נא פישנים ברוחך אלי,"As they were crossing, Elijah said to Elisha, “Tell me, what can I do for you before I am taken from you?” Elisha answered, “Let a double portioncdouble portion Lit. “two-thirds”; cf. Zech. 13.8. of your spirit pass on to me.” ",Ninguno
II_Kings,2,10,ויאמר הקשית לשאול אםתראה אתי לקח מאתך יהילך כן ואםאין לא יהיה,"“You have asked a difficult thing,” he said. “If you see me as I am being taken from you, this will be granted to you; if not, it will not.” ",Ninguno
II_Kings,2,11,ויהי המה הלכים הלוך ודבר והנה רכבאש וסוסי אש ויפרדו בין שניהם ויעל אליהו בסערה השמים,"As they kept on walking and talking, a fiery chariot with fiery horses suddenly appeared and separated one from the other; and Elijah went up to heaven in a whirlwind. ",Separación (Beyn)
II_Kings,2,12,ואלישע ראה והוא מצעק אבי&thinsp;<b></b> אבי רכב ישראל ופרשיו ולא ראהו עוד ויחזק בבגדיו ויקרעם לשנים קרעים,"Elisha saw it, and he cried out, “Oh, father, father! Israel’s chariots and riders!” When he could no longer see him, he grasped his garments and rent them in two.",Ninguno
II_Kings,2,13,וירם אתאדרת אליהו אשר נפלה מעליו וישב ויעמד עלשפת הירדן,"He picked up Elijah’s mantle, which had dropped from him; and he went back and stood on the bank of the Jordan. ",Ninguno
II_Kings,2,14,ויקח אתאדרת אליהו אשרנפלה מעליו ויכה אתהמים ויאמר איה יהוה אלהי אליהו אףהוא&thinsp;<b></b> ויכה אתהמים ויחצו הנה והנה ויעבר אלישע,"Taking the mantle that had dropped from Elijah, he struck the water and said, “Where is the ETERNAL, the God of Elijah?” As he too struck the water, it parted to the right and to the left, and Elisha crossed over. ",Ninguno
II_Kings,2,15,ויראהו בניהנביאים אשרביריחו מנגד ויאמרו נחה רוח אליהו עלאלישע ויבאו לקראתו וישתחוולו ארצה,"When the disciples of the prophets at Jericho saw him from a distance, they exclaimed, “The spirit of Elijah has settled on Elisha!” And they went to meet him and bowed low before him to the ground.",Ninguno
II_Kings,2,16,"ויאמרו אליו הנהנא ישאתעבדיך חמשים אנשים בניחיל ילכו נא ויבקשו אתאדניך פןנשאו רוח יהוה וישלכהו באחד ההרים או באחת <span class=""mam-kq""><span class=""mam-kq-k"">(הגיאות)</span> <span class=""mam-kq-q"">[הגיאיות]</span></span> ויאמר לא תשלחו","They said to him, “Your servants have fifty able men with them. Let them go and look for your master; perhaps the spirit of GOD has carried him off and cast him upon some mountain or into some valley.” “Do not send them,” he replied. ",Ninguno
II_Kings,2,17,ויפצרובו עדבש ויאמר שלחו וישלחו חמשים איש ויבקשו שלשהימים ולא מצאהו,"But they kept pressing him for a long time, until he said, “Send them.” So they sent out fifty men, who searched for three days but did not find him. ",Ninguno
II_Kings,2,18,"וישבו אליו והוא ישב ביריחו ויאמר אלהם הלאאמרתי אליכם אלתלכו&nbsp;<span class=""mam-spi-samekh"">{ס}</span>&nbsp;&nbsp;&nbsp;&nbsp;&nbsp;&nbsp;&nbsp;&nbsp;","They came back to him while he was still in Jericho; and he said to them, “I told you not to go.”",Ninguno
II_Kings,2,19,ויאמרו אנשי העיר אלאלישע הנהנא מושב העיר טוב כאשר אדני ראה והמים רעים והארץ משכלת,"The leadersdleaders Or “inhabitants.” of the town said to Elisha, “Look, the town is a pleasant place to live in, as my lord can see; but the water is bad and the land causes bereavement.” ",Ninguno
II_Kings,2,20,ויאמר קחולי צלחית חדשה ושימו שם מלח ויקחו אליו,"He responded, “Bring me a new dish and put salt in it.” They brought it to him; ",Ninguno
II_Kings,2,21,ויצא אלמוצא המים וישלךשם מלח ויאמר כהאמר יהוה רפאתי למים האלה לאיהיה משם עוד מות ומשכלת,"he went to the spring and threw salt into it. And he said, “Thus said GOD: I heal this water; no longer shall death and bereavement come from it!” ",Ninguno
II_Kings,2,22,"וירפו המים עד היום הזה כדבר אלישע אשר דבר&nbsp;<span class=""mam-spi-pe"">{פ}</span><br>","The water has remained wholesome to this day, in accordance with the word spoken by Elisha.",Ninguno
II_Kings,2,23,ויעל משם ביתאל והוא&thinsp;<b></b> עלה בדרך ונערים קטנים יצאו מןהעיר ויתקלסובו ויאמרו לו עלה קרח עלה קרח,"From there he went up to Bethel. As he was going up the road, some little boys came out of the town and jeered at him, saying, “Go away, baldhead! Go away, baldhead!” ",Ninguno
II_Kings,2,24,ויפן אחריו ויראם ויקללם בשם יהוה ותצאנה שתים דבים מןהיער ותבקענה מהם ארבעים ושני ילדים,"He turned around and looked at them and cursed them in the name of GOD. Thereupon, two she-bears came out of the woods and mangled forty-two of the children. ",Ninguno
II_Kings,2,25,"וילך משם אלהר הכרמל ומשם שב שמרון&nbsp;<span class=""mam-spi-pe"">{פ}</span><br>","He went on from there to Mount Carmel, and from there he returned to Samaria.",Ninguno
II_Kings,3,1,ויהורם בןאחאב מלך עלישראל בשמרון בשנת שמנה עשרה ליהושפט מלך יהודה וימלך שתיםעשרה שנה,Jehoram son of Ahab became king of Israel in Samaria in the eighteenth year of King Jehoshaphat of Judah; and he reigned twelve years.,Ninguno
II_Kings,3,2,ויעשה הרע בעיני יהוה רק לא כאביו וכאמו ויסר אתמצבת הבעל אשר עשה אביו,"He did what was displeasing to GOD, yet not like his father and mother, for he removed the pillars of Baal that his father had made. ",Ninguno
II_Kings,3,3,"רק בחטאות ירבעם בןנבט אשרהחטיא אתישראל דבק לאסר ממנה&nbsp;<span class=""mam-spi-pe"">{פ}</span><br>","However, he clung to the sins that Jeroboam son of Nebat caused Israel to commit; he did not depart from them.",Ninguno
II_Kings,3,4,ומישע מלךמואב היה נקד והשיב למלךישראל מאהאלף כרים ומאה אלף אילים צמר,"Now King Mesha of Moab was a sheep breeder; and he used to pay as tribute to the king of Israel a hundred thousand lambs and the wool of a hundred thousand rams.aa hundred thousand lambs and the wool of a hundred thousand rams Or “the wool of 100,000 lambs and of 100,000 rams.” ",Ninguno
II_Kings,3,5,ויהי כמות אחאב ויפשע מלךמואב במלך ישראל,"But when Ahab died, the king of Moab rebelled against the king of Israel. ",Ninguno
II_Kings,3,6,ויצא המלך יהורם ביום ההוא משמרון ויפקד אתכלישראל,So King Jehoram promptly set out from Samaria and mustered all Israel.,Ninguno
II_Kings,3,7,וילך וישלח אליהושפט מלךיהודה לאמר מלך מואב פשע בי התלך אתי אלמואב למלחמה ויאמר אעלה כמוני כמוך כעמי כעמך כסוסי כסוסיך,"At the same time, he sent this message to King Jehoshaphat of Judah: “The king of Moab has rebelled against me; will you come with me to make war on Moab?” He replied, “I will go. I will do what you do: my troops shall be your troops, my horses shall be your horses.” ",Ninguno
II_Kings,3,8,ויאמר איזה הדרך נעלה ויאמר דרך מדבר אדום,"And he asked, “Which route shall we take?” [Jehoram] replied, “The road through the wilderness of Edom.”",Ninguno
II_Kings,3,9,וילך מלך ישראל ומלךיהודה ומלך אדום ויסבו דרך שבעת ימים ולאהיה מים למחנה ולבהמה אשר ברגליהם,"So the king of Israel, the king of Judah, and the king of Edom set out, and they marched for seven days until they rounded [the tip of the Dead Sea]; and there was no water left for the army or for the animals that were with them. ",Ninguno
II_Kings,3,10,"ויאמר מלך ישראל אהה כיקרא יהוה לשלשת המלכים האלה לתת אותם בידמואב&nbsp;<span class=""mam-spi-samekh"">{ס}</span>&nbsp;&nbsp;&nbsp;&nbsp;&nbsp;&nbsp;&nbsp;&nbsp;",“Alas!” cried the king of Israel. “GOD has brought these three kings together only to deliver them into the hands of Moab.”,Ninguno
II_Kings,3,11,ויאמר יהושפט האין פה נביא ליהוה ונדרשה אתיהוה מאותו ויען אחד מעבדי מלךישראל ויאמר פה אלישע בןשפט אשריצק מים עלידי אליהו,"But Jehoshaphat said, “Isn’t there a prophet of GOD here, through whom we may inquire of GOD ?” One of the courtiers of the king of Israel spoke up and said, “Elisha son of Shaphat, who poured water on the hands ofbpoured water on the hands of I.e., personally attended. Elijah, is here.” ",Ninguno
II_Kings,3,12,ויאמר יהושפט יש אותו דבריהוה וירדו אליו מלך ישראל ויהושפט ומלך אדום,"“The word of GOD is with him,” said Jehoshaphat. So the king of Israel and Jehoshaphat and the king of Edom went down to him. ",Ninguno
II_Kings,3,13,ויאמר אלישע אלמלך ישראל מהלי ולך לך אלנביאי אביך ואלנביאי אמך ויאמר לו מלך ישראל אל כיקרא יהוה לשלשת המלכים האלה לתת אותם בידמואב,"Elisha said to the king of Israel, “What have you to do with me? Go to your father’s prophets or your mother’s prophets.” But the king of Israel said, “Don’t [say that], for GOD has brought these three kings together only to deliver them into the hands of Moab.” ",Ninguno
II_Kings,3,14,ויאמר אלישע חייהוה צבאות אשר עמדתי לפניו כי לולי פני יהושפט מלךיהודה אני נשא אםאביט אליך ואםאראך,"“As GOD of Hosts lives, whom I serve,” Elisha answered, “were it not that I respect King Jehoshaphat of Judah, I wouldn’t look at you or notice you. ",Ninguno
II_Kings,3,15,ועתה קחולי מנגן והיה כנגן המנגן ותהי עליו ידיהוה,"Now then, get me a musician.”As the musician played, GOD’s hand came upon him, ",Ninguno
II_Kings,3,16,ויאמר כה אמר יהוה עשה הנחל הזה גבים&thinsp;<small></small>&thinsp;גבים,"and he said, “Thus said GOD: This wadi shall be full of pools. ",Ninguno
II_Kings,3,17,כיכה&thinsp;<b></b> אמר יהוה לאתראו רוח ולאתראו גשם והנחל ההוא ימלא מים ושתיתם אתם ומקניכם ובהמתכם,"For thus said GOD: You shall see no wind, you shall see no rain, and yet the wadi shall be filled with water; and you and your cattle and your pack animals shall drink. ",Ninguno
II_Kings,3,18,ונקל זאת בעיני יהוה ונתן אתמואב בידכם,"And this is but a slight thing in GOD’s sight, for Moab will also be delivered into your hands. ",Ninguno
II_Kings,3,19,והכיתם כלעיר מבצר וכלעיר מבחור וכלעץ טוב תפילו וכלמעינימים תסתמו וכל החלקה הטובה תכאבו באבנים,You shall conquer every fortified town and every splendid city; you shall fell every good tree and stop up all wells of water; and every fertile field you shall ruin with stones.”,Ninguno
II_Kings,3,20,ויהי בבקר כעלות המנחה והנהמים באים מדרך אדום ותמלא הארץ אתהמים,"And in the morning, when it was time to present the grain offering, water suddenly came from the direction of Edom and the land was covered by the water.",Ninguno
II_Kings,3,21,וכלמואב שמעו כיעלו המלכים להלחם בם ויצעקו מכל חגר חגרה ומעלה ויעמדו עלהגבול,"Meanwhile, all the Moabites had heard that the kings were advancing to make war on them; every man old enough to bear armscevery man old enough to bear arms Lit. “from all those old enough to gird on a sword.” rallied, and they stationed themselves at the border. ",Ninguno
II_Kings,3,22,וישכימו בבקר והשמש זרחה עלהמים ויראו מואב מנגד אתהמים אדמים כדם,"Next morning, when they rose, the sun was shining over the water, and from the distance the water appeared to the Moabites as red as blood. ",Ninguno
II_Kings,3,23,ויאמרו דם זה החרב נחרבו המלכים ויכו איש אתרעהו ועתה לשלל מואב,"“That’s blood!” they said. “The kings must have fought among themselves and killed each other. Now to the spoil, Moab!”",Ninguno
II_Kings,3,24,"ויבאו אלמחנה ישראל ויקמו ישראל ויכו אתמואב וינסו מפניהם <span class=""mam-kq""><span class=""mam-kq-k"">(ויבו)</span> <span class=""mam-kq-q"">[ויכו]</span></span>בה והכות אתמואב","They entered the Israelite camp, and the Israelites arose and attacked the Moabites, who fled before them. They advanced, constantly attackingdThey advanced, constantly attacking Meaning of Heb. uncertain. the Moabites, ",Ninguno
II_Kings,3,25,והערים יהרסו וכלחלקה טובה ישליכו אישאבנו ומלאוה וכלמעיןמים יסתמו וכלעץטוב יפילו עדהשאיר אבניה בקיר חרשת ויסבו הקלעים ויכוה,"and they destroyed the towns. They each threw a stone into every fertile field, so that it was covered over; and they stopped up every spring and felled every fruit tree. Only the walls ofeOnly the walls of Lit. “Until the stones in”; meaning of Heb. uncertain. Kir-hareseth were left, and then the slingers surrounded it and attacked it. ",Ninguno
II_Kings,3,26,וירא מלך מואב כיחזק ממנו המלחמה ויקח אותו שבעמאות איש שלף חרב להבקיע אלמלך אדום ולא יכלו,"Seeing that the battle was going against him, the king of Moab led an attempt of seven hundred swordsmen to break a way through to the king of Edom;fEdom Emendation yields “Aram.” but they failed. ",Ninguno
II_Kings,3,27,"ויקח אתבנו הבכור אשרימלך תחתיו ויעלהו עלה עלהחמה ויהי קצףגדול עלישראל ויסעו מעליו וישבו לארץ&nbsp;<span class=""mam-spi-pe"">{פ}</span><br>","So he took his first-born son, who was to succeed him as king, and offered him up on the wall as a burnt offering. A great wrath came upon Israel, so they withdrew from him and went back to [their own] land.",Ninguno
II_Kings,4,1,ואשה אחת מנשי בניהנביאים צעקה אלאלישע לאמר עבדך אישי מת ואתה ידעת כי עבדך היה ירא אתיהוה והנשה בא לקחת אתשני ילדי לו לעבדים,"A certain woman, the wife of one of the disciples of the prophets, cried out to Elisha: “Your servant my husband is dead, and you know how your servant revered GOD. And now a creditor is coming to seize my two children as slaves.” ",Percepción (Yada)
II_Kings,4,2,"ויאמר אליה אלישע מה אעשהלך הגידי לי מהיש<span class=""mam-kq""><span class=""mam-kq-q"">[לך]</span> <span class=""mam-kq-k"">(לכי)</span></span> בבית ותאמר אין לשפחתך כל בבית כי אםאסוך שמן","Elisha said to her, “What can I do for you? Tell me, what have you in the house?” She replied, “Your maidservant has nothing at all in the house, except a jug of oil.” ",Ninguno
II_Kings,4,3,"ויאמר לכי שאלילך כלים מןהחוץ מאת כל<span class=""mam-kq""><span class=""mam-kq-q"">[שכניך]</span> <span class=""mam-kq-k"">(שכנכי)</span></span> כלים רקים אלתמעיטי","“Go,” he said, “and borrow vessels outside, from all your neighbors, empty vessels, as many as you can. ",Ninguno
II_Kings,4,4,ובאת וסגרת הדלת בעדך ובעדבניך ויצקת על כלהכלים האלה והמלא תסיעי,"Then go in and shut the door behind you and your children, and pour [oil] into all those vessels, removing each one as it is filled.”",Ninguno
II_Kings,4,5,"ותלך מאתו ותסגר הדלת בעדה ובעד בניה הם מגישים אליה והיא <span class=""mam-kq""><span class=""mam-kq-k"">(מיצקת)</span> <span class=""mam-kq-q"">[מוצקת]</span></span>",She went away and shut the door behind her and her children. They kept bringing [vessels] to her and she kept pouring.,Ninguno
II_Kings,4,6,ויהי&thinsp;<b></b> כמלאת הכלים ותאמר אלבנה הגישה אלי עוד כלי ויאמר אליה אין עוד כלי ויעמד השמן,"When the vessels were full, she said to her son, “Bring me another vessel.” He answered her, “There are no more vessels”; and the oil stopped. ",Ninguno
II_Kings,4,7,"ותבא ותגד לאיש האלהים ויאמר לכי מכרי אתהשמן ושלמי את<span class=""mam-kq""><span class=""mam-kq-q"">[נשיך]</span> <span class=""mam-kq-k"">(נשיכי)</span></span> ואת <span class=""mam-kq""><span class=""mam-kq-k"">(בניכי)</span> <span class=""mam-kq-q"">[ובניך]</span></span> תחיי בנותר&nbsp;<span class=""mam-spi-pe"">{פ}</span><br>","She came and told the agent of God, and he said, “Go sell the oil and pay your debt, and you and your children can live on the rest.”",Ninguno
II_Kings,4,8,ויהי היום ויעבר אלישע אלשונם ושם אשה גדולה ותחזקבו לאכללחם ויהי מדי עברו יסר שמה לאכללחם,"One day Elisha visited Shunem. A wealthy woman lived there, and she urged him to have a meal; and whenever he passed by, he would stop there for a meal. ",Ninguno
II_Kings,4,9,ותאמר אלאישה הנהנא ידעתי כי איש אלהים קדוש הוא עבר עלינו תמיד,"Once she said to her husband, “I am sure it is a holy agent of God who comes this way regularly. ",Percepción (Yada)
II_Kings,4,10,נעשהנא עליתקיר קטנה ונשים לו שם מטה ושלחן וכסא ומנורה והיה בבאו אלינו יסור שמה,"Let us make a small enclosed upper chamberaenclosed upper chamber Or “upper wall-chamber”; lit. “an upper chamber of wall(s).” and place a bed, a table, a chair, and a lampstand there for him, so that he can stop there whenever he comes to us.” ",Ninguno
II_Kings,4,11,ויהי היום ויבא שמה ויסר אלהעליה וישכבשמה,One day he came there; he retired to the upper chamber and lay down there.,Ninguno
II_Kings,4,12,ויאמר אלגיחזי נערו קרא לשונמית הזאת ויקראלה ותעמד לפניו,"He said to his servant Gehazi, “Call that Shunammite.” He called her, and she stood before him. ",Ninguno
II_Kings,4,13,ויאמר לו אמרנא אליה הנה חרדת&thinsp;<small></small>&thinsp;אלינו אתכלהחרדה הזאת מה לעשות לך היש לדברלך אלהמלך או אלשר הצבא ותאמר בתוך עמי אנכי ישבת,"He said to him, “Tell her, ‘You have gone to all this trouble for us. What can we do for you? Can we speak in your behalf to the king or to the army commander?’” She replied, “I live among my own people.” ",Ninguno
II_Kings,4,14,ויאמר ומה לעשות לה ויאמר גיחזי אבל בן איןלה ואישה זקן,"“What then can be done for her?” he asked. “The fact is,” said Gehazi, “she has no son, and her husband is old.” ",Ninguno
II_Kings,4,15,ויאמר קראלה ויקראלה ותעמד בפתח,"“Call her,” he said. He called her, and she stood in the doorway. ",Ninguno
II_Kings,4,16,"ויאמר למועד הזה כעת חיה <span class=""mam-kq""><span class=""mam-kq-k"">(אתי)</span> <span class=""mam-kq-q"">[את]</span></span> חבקת בן ותאמר אלאדני איש האלהים אלתכזב בשפחתך","And Elisha said, “At this season next year, you will be embracing a son.” She replied, “Please, my lord, agent of God, do not delude your maidservant.”",Ninguno
II_Kings,4,17,ותהר האשה ותלד בן למועד הזה כעת חיה אשרדבר אליה אלישע,"The woman conceived and bore a son at the same season the following year, as Elisha had assured her. ",Ninguno
II_Kings,4,18,ויגדל הילד ויהי היום ויצא אלאביו אלהקצרים,"The child grew up. One day, he went out to his father among the reapers. ",Ninguno
II_Kings,4,19,ויאמר אלאביו ראשי&thinsp;<small></small>&thinsp;ראשי ויאמר אלהנער שאהו אלאמו,"[Suddenly] he cried to his father, “Oh, my head, my head!” He said to a servant, “Carry him to his mother.” ",Ninguno
II_Kings,4,20,וישאהו ויביאהו אלאמו וישב עלברכיה עדהצהרים וימת,He picked him up and brought him to his mother. And the child sat on her lap until noon; and he died.,Ninguno
II_Kings,4,21,ותעל ותשכבהו עלמטת איש האלהים ותסגר בעדו ותצא,"She took him up and laid him on the bed of the agent of God, and left him and closed the door. ",Ninguno
II_Kings,4,22,ותקרא אלאישה ותאמר שלחה נא לי אחד מןהנערים ואחת האתנות וארוצה עדאיש האלהים ואשובה,"Then she called to her husband: “Please, send me one of the servants and one of the jennies, so I can hurry to the agent of God and back.” ",Ninguno
II_Kings,4,23,"ויאמר מדוע <span class=""mam-kq""><span class=""mam-kq-k"">(אתי)</span> <span class=""mam-kq-q"">[את]</span></span> <span class=""mam-kq""><span class=""mam-kq-k"">(הלכתי)</span> <span class=""mam-kq-q"">[הלכת]</span></span> אליו היום לאחדש ולא שבת ותאמר שלום","But he said, “Why are you going to him today? It is neither new moon nor sabbath.” She answered, “It’s all right.”bIt’s all right Heb. shalom. ",Ninguno
II_Kings,4,24,ותחבש האתון ותאמר אלנערה נהג ולך אלתעצרלי לרכב כי אםאמרתי לך,"She had the jenny saddled, and said to her servant, “Urge it on;cUrge it on The servant runs behind the donkey and urges it on with a stick. see that I don’t slow down unless I tell you.” ",Ninguno
II_Kings,4,25,ותלך ותבא אלאיש האלהים אלהר הכרמל ויהי כראות אישהאלהים אתה מנגד ויאמר אלגיחזי נערו הנה השונמית הלז,"She went on until she came to the agent of God on Mount Carmel. When the agent of God saw her from afar, he said to his servant Gehazi, “There is that Shunammite. ",Ninguno
II_Kings,4,26,עתה רוץנא לקראתה ואמרלה השלום לך השלום לאישך השלום לילד ותאמר שלום,"Go, hurry toward her and ask her, ‘How are you? How is your husband? How is the child?’” “We are well,” she replied. ",Ninguno
II_Kings,4,27,ותבא אלאיש האלהים אלההר ותחזק ברגליו ויגש גיחזי להדפה ויאמר איש האלהים הרפהלה כינפשה מרהלה ויהוה העלים ממני ולא הגיד לי,"But when she came up to the agent of God on the mountain, she clasped his feet. Gehazi stepped forward to push her away; but the agent of God said, “Let her alone, for she is in bitter distress; and GOD has hidden it from me and has not told me.” ",Ninguno
II_Kings,4,28,ותאמר השאלתי בן מאת אדני הלא אמרתי לא תשלה אתי,"Then she said, “Did I ask my lord for a son? Didn’t I say: ‘Don’t mislead me’?”",Ninguno
II_Kings,4,29,ויאמר לגיחזי חגר מתניך וקח משענתי בידך ולך כיתמצא איש לא תברכנו וכייברכך איש לא תעננו ושמת משענתי עלפני הנער,"He said to Gehazi, “Tie up your skirts,dTie up your skirts Lit. “Gird your loins”; cf. 1 Kings 18.46. take my staff in your hand, and go. If you meet anyone, do not greet him; and if anyone greets you, do not answer him. And place my staff on the face of the boy.” ",Ninguno
II_Kings,4,30,ותאמר אם הנער חייהוה וחינפשך אםאעזבך ויקם וילך אחריה,"But the boy’s mother said, “As GOD lives and as you live, I will not leave you!” So he arose and followed her.",Ninguno
II_Kings,4,31,וגחזי עבר לפניהם וישם אתהמשענת עלפני הנער ואין קול ואין קשב וישב לקראתו ויגדלו לאמר לא הקיץ הנער,"Gehazi had gone on before them and had placed the staff on the boy’s face; but there was no sound or response. He turned back to meet him and told him, “The boy has not awakened.” ",Ninguno
II_Kings,4,32,ויבא אלישע הביתה והנה הנער מת משכב עלמטתו,"Elisha came into the house, and there was the boy, laid out dead on his couch. ",Ninguno
II_Kings,4,33,ויבא ויסגר הדלת בעד שניהם ויתפלל אליהוה,"He went in, shut the door behind the two of them, and prayed to GOD. ",Ninguno
II_Kings,4,34,ויעל וישכב עלהילד וישם פיו עלפיו ועיניו עלעיניו וכפיו עלכפו ויגהר עליו ויחם בשר הילד,"Then he mounted [the bed] and placed himself over the child. He put his mouth on its mouth, his eyes on its eyes, and his hands on its hands, as he bent over it. And the body of the child became warm. ",Ninguno
II_Kings,4,35,וישב וילך בבית אחת הנה ואחת הנה ויעל ויגהר עליו ויזורר הנער עדשבע פעמים ויפקח הנער אתעיניו,"He stepped down, walked once up and down the room, then mounted and bent over him. Thereupon, the boy sneezed seven times, and the boy opened his eyes. ",Ninguno
II_Kings,4,36,ויקרא אלגיחזי ויאמר קרא אלהשנמית הזאת ויקראה ותבא אליו ויאמר שאי בנך,"[Elisha] called Gehazi and said, “Call the Shunammite,” and he called her. When she came to him, he said, “Pick up your son.” ",Ninguno
II_Kings,4,37,"ותבא ותפל עלרגליו ותשתחו ארצה ותשא אתבנה ותצא&nbsp;<span class=""mam-spi-pe"">{פ}</span><br>",She came and fell at his feet and bowed low to the ground; then she picked up her son and left.,Ninguno
II_Kings,4,38,ואלישע שב הגלגלה והרעב בארץ ובני הנביאים ישבים לפניו ויאמר לנערו שפת הסיר הגדולה ובשל נזיד לבני הנביאים,"Elisha returned to Gilgal. There was a famine in the land, and the disciples of the prophets were sitting before him. He said to his servant, “Set the large pot [on the fire] and cook a stew for the disciples of the prophets.” ",Ninguno
II_Kings,4,39,ויצא אחד אלהשדה ללקט ארת וימצא גפן שדה וילקט ממנו פקעת שדה מלא בגדו ויבא ויפלח אלסיר הנזיד כילא ידעו,"So one of them went out into the fields to gather sprouts. He came across a wild vine and picked from it wild gourds, as many as his garment would hold. Then he came back and sliced them into the pot of stew, for they did not know [what they were]; ",Percepción (Yada)
II_Kings,4,40,ויצקו לאנשים לאכול ויהי כאכלם מהנזיד והמה צעקו ויאמרו מות בסיר איש האלהים ולא יכלו לאכל,"and they served it for those present to eat. While they were still eating of the stew, they began to cry out: “O agent of God, there is death in the pot!”edeath in the pot The wild gourds cause severe cramps. And they could not eat it. ",Ninguno
II_Kings,4,41,"ויאמר וקחוקמח וישלך אלהסיר ויאמר צק לעם ויאכלו ולא היה דבר רע בסיר&nbsp;<span class=""mam-spi-samekh"">{ס}</span>&nbsp;&nbsp;&nbsp;&nbsp;&nbsp;&nbsp;&nbsp;&nbsp;","“Fetch some flour,” [Elisha] said. He threw it into the pot and said, “Serve it to the people and let them eat.” And there was no longer anything harmful in the pot.",Ninguno
II_Kings,4,42,ואיש בא מבעל שלשה ויבא לאיש האלהים לחם בכורים עשריםלחם שערים וכרמל בצקלנו ויאמר תן לעם ויאכלו,"A man came from Baal-shalishah and he brought the agent of God some bread of the first reaping—twenty loaves of barley bread, and some fresh grain in his sack.fin his sack Or “on the stalk”; perhaps connected with Ugaritic bṣql. And [Elisha] said, “Give it to the people and let them eat.” ",Ninguno
II_Kings,4,43,ויאמר משרתו מה אתן זה לפני מאה איש ויאמר תן לעם ויאכלו כי כה אמר יהוה אכל והותר,"His attendant replied, “How can I set this before a hundred people?” But he said, “Give it to the people and let them eat. For thus said GOD: They shall eat and have some left over.” ",Ninguno
II_Kings,4,44,"ויתן לפניהם ויאכלו ויותרו כדבר יהוה&nbsp;<span class=""mam-spi-pe"">{פ}</span><br>","So he set it before them; and when they had eaten, they had some left over, as GOD had said.",Ninguno
II_Kings,5,1,ונעמן שרצבא מלךארם היה איש גדול לפני אדניו ונשא פנים כיבו נתןיהוה תשועה לארם והאיש היה גבור חיל מצרע,"Naaman, commander of the army of the king of Aram, was an important man to his lord and high in his favor, for through him GOD had granted victory to Aram. But the man, though a great warrior, was a leper.aleper Cf. note at Lev. 13.3. ",Ninguno
II_Kings,5,2,וארם יצאו גדודים וישבו מארץ ישראל נערה קטנה ותהי לפני אשת נעמן,"Once, when the Arameans were out raiding, they carried off a young girl from the land of Israel, and she became an attendant to Naaman’s wife. ",Ninguno
II_Kings,5,3,ותאמר אלגברתה אחלי אדני לפני הנביא אשר בשמרון אז יאסף אתו מצרעתו,"She said to her mistress, “I wish Master could come before the prophet in Samaria; he would cure him of his leprosy.” ",Ninguno
II_Kings,5,4,ויבא ויגד לאדניו לאמר כזאת וכזאת דברה הנערה אשר מארץ ישראל,[Naaman] went and told his lord just what the girl from the land of Israel had said.,Ninguno
II_Kings,5,5,ויאמר מלךארם לךבא ואשלחה ספר אלמלך ישראל וילך ויקח בידו עשר ככריכסף וששת אלפים זהב ועשר חליפות בגדים,"And the king of Aram said, “Go to the king of Israel, and I will send along a letter.”He set out, taking with him ten talents of silver, six thousand shekels of gold, and ten changes of clothing. ",Ninguno
II_Kings,5,6,ויבא הספר אלמלך ישראל לאמר ועתה כבוא הספר הזה אליך הנה שלחתי אליך אתנעמן עבדי ואספתו מצרעתו,"He brought the letter to the king of Israel. It read: “Now, when this letter reaches you, know that I have sent my courtier Naaman to you, that you may cure him of his leprosy.” ",Ninguno
II_Kings,5,7,ויהי כקרא מלךישראל אתהספר ויקרע בגדיו ויאמר האלהים אני להמית ולהחיות כיזה שלח אלי לאסף איש מצרעתו כי אךדעונא וראו כימתאנה הוא לי,"When the king of Israel read the letter, he rent his clothes and cried, “Am I God, to deal death or give life, that this fellow writes to me to cure a man of leprosy? Just see for yourselves that he is seeking a pretext against me!”",Ninguno
II_Kings,5,8,ויהי כשמע&thinsp;<b></b> אלישע אישהאלהים כיקרע מלךישראל אתבגדיו וישלח אלהמלך לאמר למה קרעת בגדיך יבאנא אלי וידע כי יש נביא בישראל,"When Elisha, the agent of God, heard that the king of Israel had rent his clothes, he sent a message to the king: “Why have you rent your clothes? Let him come to me, and he will learn that there is a prophet in Israel.”",Percepción (Yada)
II_Kings,5,9,"ויבא נעמן <span class=""mam-kq-trivial"">בסוסו</span> וברכבו ויעמד פתחהבית לאלישע",So Naaman came with his horses and chariots and halted at the door of Elisha’s house.,Ninguno
II_Kings,5,10,וישלח אליו אלישע מלאך לאמר הלוך ורחצת שבעפעמים בירדן וישב בשרך לך וטהר,"Elisha sent a messenger to say to him, “Go and bathe seven times in the Jordan, and your flesh shall be restored and you shall be pure.” ",Ninguno
II_Kings,5,11,ויקצף נעמן וילך ויאמר הנה אמרתי אלי&thinsp;<b></b> יצא יצוא ועמד וקרא בשםיהוה אלהיו והניף ידו אלהמקום ואסף המצרע,"But Naaman was angered and walked away. “I thought,” he said, “he would surely come out to me, and would stand and invoke the ETERNAL his God by name, and would wave his hand toward the spot, and cure the affected part. ",Ninguno
II_Kings,5,12,"הלא טוב <span class=""mam-kq""><span class=""mam-kq-k"">(אבנה)</span> <span class=""mam-kq-q"">[אמנה]</span></span> ופרפר נהרות דמשק מכל מימי ישראל הלאארחץ בהם וטהרתי ויפן וילך בחמה","Are not the Amanah and the Pharpar, the rivers of Damascus, better than all the waters of Israel? I could bathe in them and be pure!” And he stalked off in a rage.",Ninguno
II_Kings,5,13,ויגשו עבדיו וידברו אליו ויאמרו אבי דבר גדול הנביא דבר אליך הלוא תעשה ואף כיאמר אליך רחץ וטהר,"But his servants came forward and spoke to him. “Sir,”bSir Lit. “[My] father.” they said, “if the prophet told you to do something difficult, would you not do it? How much more when he has only said to you, ‘Bathe and be pure.’” ",Ninguno
II_Kings,5,14,וירד ויטבל בירדן שבע פעמים כדבר איש האלהים וישב בשרו כבשר נער קטן ויטהר,"So he went down and immersed himself in the Jordan seven times, as the agent of God had bidden; and his flesh became like a little child’s, and he was pure. ",Ninguno
II_Kings,5,15,וישב אלאיש האלהים הוא וכלמחנהו ויבא ויעמד לפניו ויאמר הנהנא ידעתי כי אין אלהים בכלהארץ כי אםבישראל ועתה קחנא ברכה מאת עבדך,"Returning with his entire retinue to the agent of God, he stood before him and exclaimed, “Now I know that there is no God in the whole world except in Israel! So please accept a gift from your servant.” ",Percepción (Yada)
II_Kings,5,16,ויאמר חייהוה אשרעמדתי לפניו אםאקח ויפצרבו לקחת וימאן,"But he replied, “As GOD lives, whom I serve, I will not accept anything.” He pressed him to accept, but he refused. ",Ninguno
II_Kings,5,17,ויאמר נעמן ולא יתןנא לעבדך משא צמדפרדים אדמה כי לואיעשה עוד עבדך עלה וזבח לאלהים אחרים כי אםליהוה,"And Naaman said, “Then at least let your servant be given two mule-loads of earth; for your servant will never again offer up burnt offering or sacrifice to any god, except GOD. ",Ninguno
II_Kings,5,18,"לדבר הזה יסלח יהוה לעבדך בבוא אדני ביתרמון להשתחות שמה והוא&thinsp;<b></b> נשען עלידי והשתחויתי בית רמן בהשתחויתי בית רמן יסלח<span class=""mam-kq-k"">(נא)</span>יהוה לעבדך בדבר הזה","But may GOD pardon your servant for this: When my master enters the temple of Rimmon to bow low in worship there, and he is leaning on my arm so that I must bow low in the temple of Rimmon—when I bow low in the temple of Rimmon, may GOD pardon your servant in this.” ",Ninguno
II_Kings,5,19,"ויאמר לו לך לשלום וילך מאתו כברתארץ&nbsp;<span class=""mam-spi-samekh"">{ס}</span>&nbsp;&nbsp;&nbsp;&nbsp;&nbsp;&nbsp;&nbsp;&nbsp;","And he said to him, “Go in peace.”When he had gone some distance from him, ",Ninguno
II_Kings,5,20,ויאמר גיחזי נער אלישע אישהאלהים הנה&thinsp;<b></b> חשך אדני אתנעמן הארמי הזה מקחת מידו את אשרהביא חייהוה כיאםרצתי אחריו ולקחתי מאתו מאומה,"Gehazi, the attendant of Elisha the agent of God, thought: “My master has let that Aramean Naaman off without accepting what he brought!chas let that Aramean Naaman off without accepting what he brought Lit. “has prevented that Aramean Naaman from having what he brought accepted.” As GOD lives, I will run after him and get something from him.” ",Ninguno
II_Kings,5,21,וירדף גיחזי אחרי נעמן ויראה נעמן רץ אחריו ויפל מעל המרכבה לקראתו ויאמר השלום,"So Gehazi hurried after Naaman. When Naaman saw someone running after him, he alighted from his chariot to meet him and said, “Is all well?” ",Ninguno
II_Kings,5,22,ויאמר&thinsp;<b></b> שלום אדני שלחני לאמר הנה עתה זה באו אלי שנינערים מהר אפרים מבני הנביאים תנהנא להם ככרכסף ושתי חלפות בגדים,"“All is well,” he replied. “My master has sent me to say: Two youths, disciples of the prophets, have just come to me from the hill country of Ephraim. Please give them a talent of silver and two changes of clothing.” ",Ninguno
II_Kings,5,23,ויאמר נעמן הואל קח ככרים ויפרץבו ויצר ככרים כסף בשני חרטים ושתי חלפות בגדים ויתן אלשני נעריו וישאו לפניו,"Naaman said, “Please take two talents.” He urged him, and he wrapped the two talents of silver in two bags and gave them, along with two changes of clothes, to two of his servants, who carried them ahead of him. ",Ninguno
II_Kings,5,24,ויבא אלהעפל ויקח מידם ויפקד בבית וישלח אתהאנשים וילכו,"When [Gehazi] arrived at the citadel, he took [the things] from them and deposited them in the house. Then he dismissed the men and they went their way.",Ninguno
II_Kings,5,25,"והואבא ויעמד אלאדניו ויאמר אליו אלישע <span class=""mam-kq""><span class=""mam-kq-k"">(מאן)</span> <span class=""mam-kq-q"">[מאין]</span></span> גחזי ויאמר לאהלך עבדך אנה ואנה","He entered and stood before his master; and Elisha said to him, “Where have you been, Gehazi?” He replied, “Your servant has not gone anywhere.” ",Ninguno
II_Kings,5,26,ויאמר אליו לאלבי הלך כאשר הפךאיש מעל מרכבתו לקראתך העת לקחת אתהכסף ולקחת בגדים וזיתים וכרמים וצאן ובקר ועבדים ושפחות,"Then [Elisha] said to him, “Did not my spiritdspirit Lit. “heart.” go along when the man got down from his chariot to meet you? Is this a time to take money in order to buy clothing and olive groves and vineyards, sheep and oxen, and male and female slaves? ",Ninguno
II_Kings,5,27,וצרעת נעמן תדבקבך ובזרעך לעולם ויצא מלפניו מצרע כשלג,"Surely, the leprosy of Naaman shall cling to you and to your descendants forever.” And as [Gehazi] left his presence, he was snow-white with leprosy.",Ninguno
II_Kings,6,1,ויאמרו בניהנביאים אלאלישע הנהנא המקום אשר אנחנו ישבים שם לפניך צר ממנו,"The disciples of the prophets said to Elisha, “See, the place where we live under your direction is too cramped for us. ",Ninguno
II_Kings,6,2,נלכהנא עדהירדן ונקחה משם איש קורה אחת ונעשהלנו שם מקום לשבת שם ויאמר לכו,"Let us go to the Jordan, and let us each get a log there and build quarters there for ourselves to live in.” “Do so,” he replied. ",Ninguno
II_Kings,6,3,ויאמר האחד הואל נא ולך אתעבדיך ויאמר אני אלך,"Then one of them said, “Will you please come along with your servants?” “Yes, I will come,” he said; ",Ninguno
II_Kings,6,4,וילך אתם ויבאו הירדנה ויגזרו העצים,and he accompanied them. So they went to the Jordan and cut timber.,Ninguno
II_Kings,6,5,ויהי האחד מפיל הקורה ואתהברזל נפל אלהמים ויצעק ויאמר אהה אדני והוא שאול,"As one of them was felling a trunk, the iron ax head fell into the water. And he cried aloud, “Alas, master, it was a borrowed one!” ",Ninguno
II_Kings,6,6,ויאמר אישהאלהים אנה נפל ויראהו אתהמקום ויקצבעץ וישלךשמה ויצף הברזל,"“Where did it fall?” asked the agent of God. He showed him the spot; and he cut off a stick and threw it in, and he made the ax head float. ",Ninguno
II_Kings,6,7,"ויאמר הרם לך וישלח ידו ויקחהו&nbsp;<span class=""mam-spi-pe"">{פ}</span><br>","“Pick it up,” he said; so he reached out and took it.",Ninguno
II_Kings,6,8,ומלך ארם היה נלחם בישראל ויועץ אלעבדיו לאמר אלמקום פלני אלמני תחנתי,"While the king of Aram was waging war against Israel, he took counsel with his officers and said, “I will encampaI will encamp Meaning of Heb. uncertain. in such and such a place.” ",Ninguno
II_Kings,6,9,וישלח איש האלהים אלמלך ישראל לאמר השמר מעבר המקום הזה כישם ארם נחתים,"But the agent of God sent word to the king of Israel, “Take care not to pass through that place, for the Arameans are encamped there.” ",Ninguno
II_Kings,6,10,וישלח מלך ישראל אלהמקום אשר אמרלו אישהאלהים והזהירה ונשמר שם לא אחת ולא שתים,So the king of Israel sent word to the place of which the agent of God had told him. Time and againbTime and again Lit. “not once or twice.” he alerted such a placecsuch a place Heb. “it.” and took precautions there. ,Ninguno
II_Kings,6,11,ויסער לב מלךארם עלהדבר הזה ויקרא אלעבדיו ויאמר אליהם הלוא תגידו לי מי משלנו אלמלך ישראל,"Greatly agitated about this matter, the king of Aram summoned his officers and said to them, “Tell me! Who of us is on the side of the king of Israel?” ",Ninguno
II_Kings,6,12,ויאמר אחד מעבדיו לוא אדני המלך כיאלישע הנביא אשר בישראל יגיד למלך ישראל אתהדברים אשר תדבר בחדר משכבך,"“No one, my lord king,” said one of the officers. “Elisha, that prophet in Israel, tells the king of Israel the very words you speak in your bedroom.” ",Ninguno
II_Kings,6,13,ויאמר לכו וראו איכה הוא ואשלח ואקחהו ויגדלו לאמר הנה בדתן,"“Go find out where he is,” he said, “so that I can have him seized.” It was reported to him that [Elisha] was in Dothan; ",Ninguno
II_Kings,6,14,וישלחשמה סוסים ורכב וחיל כבד ויבאו לילה ויקפו עלהעיר,so he sent horses and chariots there and a strong force. They arrived at night and encircled the town.,Ninguno
II_Kings,6,15,וישכם משרת איש האלהים לקום ויצא והנהחיל סובב אתהעיר וסוס ורכב ויאמר נערו אליו אהה אדני איכה נעשה,"When the attendant of the agent of God rose early and went outside, he saw a force, with horses and chariots, surrounding the town. “Alas, master, what shall we do?” his servant asked him. ",Ninguno
II_Kings,6,16,ויאמר אלתירא כי רבים אשר אתנו מאשר אותם,"“Have no fear,” he replied. “There are more on our side than on theirs.” ",Ninguno
II_Kings,6,17,ויתפלל אלישע ויאמר יהוה פקחנא אתעיניו ויראה ויפקח יהוה אתעיני הנער וירא והנה ההר מלא סוסים ורכב אש סביבת אלישע,"Then Elisha prayed: “ETERNAL One, open his eyes and let him see.” And GOD opened the servant’s eyes and he saw the hills all around Elisha covered with horses and chariots of fire. ",Ninguno
II_Kings,6,18,וירדו אליו ויתפלל אלישע אליהוה ויאמר הךנא אתהגויהזה בסנורים ויכם בסנורים כדבר אלישע,"[The Arameans] came down against him, and Elisha prayed to GOD: “Please strike this people with a blinding light.” And they were struck with a blinding light, as Elisha had asked.",Ninguno
II_Kings,6,19,ויאמר אלהם אלישע לא זה הדרך ולא זה העיר לכו אחרי ואוליכה אתכם אלהאיש אשר תבקשון וילך אותם שמרונה,"Elisha said to them, “This is not the road, and that is not the town; follow me, and I will lead you to the man you want.” And he led them to Samaria. ",Ninguno
II_Kings,6,20,ויהי כבאם שמרון ויאמר אלישע יהוה פקח אתעיניאלה ויראו ויפקח יהוה אתעיניהם ויראו והנה בתוך שמרון,"When they entered Samaria, Elisha said, “O ETERNAL One, open the eyes of these men so that they may see.” GOD opened their eyes and they saw that they were inside Samaria. ",Ninguno
II_Kings,6,21,ויאמר מלךישראל אלאלישע כראתו אותם האכה אכה אבי,"When the king of Israel saw them, he said to Elisha, “Father, shall I strike them down?” ",Ninguno
II_Kings,6,22,ויאמר לא תכה האשר שבית בחרבך ובקשתך אתה מכה שים לחם ומים לפניהם ויאכלו וישתו וילכו אלאדניהם,"“No, do not,” he replied. “Did you take them captive with your sword and bow that you would strike them down? Rather, set food and drink before them, and let them eat and drink and return to their master.” ",Ninguno
II_Kings,6,23,"ויכרה להם כרה גדולה ויאכלו וישתו וישלחם וילכו אלאדניהם ולאיספו עוד גדודי ארם לבוא בארץ ישראל&nbsp;<span class=""mam-spi-pe"">{פ}</span><br>","So he prepared a lavish feast for them and, after they had eaten and drunk, he let them go, and they returned to their master. And the Aramean bands stopped invading the land of Israel.",Ninguno
II_Kings,6,24,ויהי אחריכן ויקבץ בןהדד מלךארם אתכלמחנהו ויעל ויצר עלשמרון,"Sometime later, King Ben-hadad of Aram mustered his entire army and marched upon Samaria and besieged it. ",Ninguno
II_Kings,6,25,"ויהי רעב גדול בשמרון והנה צרים עליה עד היות ראשחמור בשמנים כסף ורבע הקב <span class=""mam-kq""><span class=""mam-kq-k"">(חרי)</span> <span class=""mam-kq-q"">[דב]</span></span>יונים בחמשהכסף","There was a great famine in Samaria, and the siege continued until a donkey’s head sold for eighty [shekels] of silver and a quarter of a kab of doves’ dungddoves’ dung Apparently a popular term for “carob pods,” as in Akkadian. for five shekels. ",Ninguno
II_Kings,6,26,ויהי מלך ישראל עבר עלהחמה ואשה צעקה אליו לאמר הושיעה אדני המלך,"Once, when the king of Israel was walking on the city wall, a woman cried out to him: “Help me, Your Majesty!” ",Ninguno
II_Kings,6,27,ויאמר אליושעך יהוה מאין אושיעך המןהגרן או מןהיקב,"“Don’t [ask me],” he replied. “Let GOD help you! Where could I get help for you, from the threshing floor or from the winepress? ",Ninguno
II_Kings,6,28,ויאמרלה המלך מהלך ותאמר האשה הזאת אמרה אלי תני אתבנך ונאכלנו היום ואתבני נאכל מחר,"But what troubles you?” the king asked her. The woman answered, “That woman said to me, ‘Give up your son and we will eat him today; and tomorrow we’ll eat my son.’ ",Ninguno
II_Kings,6,29,ונבשל אתבני ונאכלהו ואמר אליה ביום האחר תני אתבנך ונאכלנו ותחבא אתבנה,"So we cooked my son and we ate him. The next day I said to her, ‘Give up your son and let’s eat him’; but she hid her son.” ",Ninguno
II_Kings,6,30,ויהי כשמע המלך אתדברי האשה ויקרע אתבגדיו והוא עבר עלהחמה וירא העם והנה השק עלבשרו מבית,"When the king heard what the woman said, he rent his clothes; and as he walked along the wall, the people could see that he was wearing sackcloth underneath.",Ninguno
II_Kings,6,31,ויאמר כהיעשהלי אלהים וכה יוסף אםיעמד ראש אלישע בןשפט עליו היום,"He said, “Thus and more may God do to me if the head of Elisha son of Shaphat remains on his shouldersehis shoulders Lit. “him.” today.” ",Ninguno
II_Kings,6,32,ואלישע ישב בביתו והזקנים ישבים אתו וישלח איש מלפניו בטרם יבא המלאך אליו והוא&thinsp;<b></b> אמר אלהזקנים הראיתם כישלח בןהמרצח הזה להסיר אתראשי ראו&thinsp;<b></b> כבא המלאך סגרו הדלת ולחצתם אתו בדלת הלוא קול רגלי אדניו אחריו,"Now Elisha was sitting at home and the elders were sitting with him. The kingfThe king Heb. “He.” had sent one of his men ahead; but before that messenger arrived, ElishagElisha Heb. “he.” said to the elders, “Do you see—that murderer has sent someone to cut off my head! Watch when the messenger comes, and shut the door and hold the door fast against him. No doubt the sound of his master’s footsteps will follow.”",Ninguno
II_Kings,6,33,"עודנו מדבר עמם והנה המלאך ירד אליו ויאמר הנהזאת הרעה מאת יהוה מהאוחיל ליהוה עוד&nbsp;<span class=""mam-spi-pe"">{פ}</span><br>","While he was still talking to them, the messengerhmessenger Emendation yields “king.” came to him and said, “This calamity is from GOD. What more can I hope for from GOD ?”",Ninguno
II_Kings,7,1,ויאמר אלישע שמעו דבריהוה כה&thinsp;<b></b> אמר יהוה כעת&thinsp;<small></small>&thinsp;מחר סאהסלת בשקל וסאתים שערים בשקל בשער שמרון,"And Elisha replied, “Hear the word of GOD. Thus said GOD: This time tomorrow, a seah of choice flour shall sell for a shekel at the gate of Samaria, and two seahs of barley for a shekel.” ",Ninguno
II_Kings,7,2,"ויען השליש אשרלמלך נשען עלידו אתאיש האלהים ויאמר הנה יהוה עשה ארבות בשמים היהיה הדבר הזה ויאמר הנכה ראה בעיניך ומשם לא תאכל&nbsp;<span class=""mam-spi-pe"">{פ}</span><br>","The aide on whose arm the king was leaning spoke up and said to the agent of God, “Even if GOD were to make windows in the sky, could this come to pass?” And he retorted, “You shall see it with your own eyes, but you shall not eat of it.”",Ninguno
II_Kings,7,3,וארבעה אנשים היו מצרעים פתח השער ויאמרו איש אלרעהו מה אנחנו ישבים פה עדמתנו,"There were four men, lepers, outside the gate. They said to one another, “Why should we sit here waiting for death? ",Ninguno
II_Kings,7,4,אםאמרנו נבוא העיר והרעב בעיר ומתנו שם ואםישבנו פה ומתנו ועתה לכו ונפלה אלמחנה ארם אםיחינו נחיה ואםימיתנו ומתנו,"If we decide to go into the town, what with the famine in the town, we shall die there; and if we just sit here, still we die. Come, let us desert to the Aramean camp. If they let us live, we shall live; and if they put us to death, we shall but die.”",Ninguno
II_Kings,7,5,ויקמו בנשף לבוא אלמחנה ארם ויבאו עדקצה מחנה ארם והנה איןשם איש,"They set out at twilight for the Aramean camp; but when they came to the edge of the Aramean camp, there was no one there. ",Ninguno
II_Kings,7,6,ואדני השמיע&thinsp;<b></b> אתמחנה ארם קול רכב קול סוס קול חיל גדול ויאמרו איש אלאחיו הנה שכרעלינו מלך ישראל אתמלכי החתים ואתמלכי מצרים לבוא עלינו,"For [God] had caused the Aramean camp to hear a sound of chariots, a sound of horses—the din of a huge army. They said to one another, “The king of Israel must have hired the kings of the Hittites and the kings of MizraimaMizraim Cf. 1 Kings 10.28 and note there. to attack us!” ",Ninguno
II_Kings,7,7,ויקומו וינוסו בנשף ויעזבו אתאהליהם ואתסוסיהם ואתחמריהם המחנה כאשרהיא וינסו אלנפשם,"And they fled headlong in the twilight, abandoning their tents and horses and donkeys—the [entire] camp just as it was—as they fled for their lives.",Ninguno
II_Kings,7,8,ויבאו המצרעים האלה עדקצה המחנה ויבאו אלאהל אחד ויאכלו וישתו וישאו משם כסף וזהב ובגדים וילכו ויטמנו וישבו ויבאו אלאהל אחר וישאו משם וילכו ויטמנו,"When those lepers came to the edge of the camp, they went into one of the tents and ate and drank; then they carried off silver and gold and clothing from there and buried it. They came back and went into another tent, and they carried off what was there and buried it. ",Ninguno
II_Kings,7,9,ויאמרו איש אלרעהו לאכן&thinsp;<b></b> אנחנו עשים היום הזה יוםבשרה הוא ואנחנו מחשים וחכינו עדאור הבקר ומצאנו עוון ועתה לכו ונבאה ונגידה בית המלך,"Then they said to one another, “We are not doing right. This is a day of good news, and we are keeping silent! If we wait until the light of morning, we shall incur guilt. Come, let us go and inform the king’s palace.” ",Ninguno
II_Kings,7,10,ויבאו ויקראו אלשער העיר ויגידו להם לאמר באנו אלמחנה ארם והנה איןשם איש וקול אדם כי אםהסוס אסור והחמור אסור ואהלים כאשרהמה,"They went and called out to the gatekeepers of the city and told them, “We have been to the Aramean camp. There is not a soul there, nor any human sound; but the horses are tethered and the donkeys are tethered and the tents are undisturbed.”",Ninguno
II_Kings,7,11,ויקרא השערים ויגידו בית המלך פנימה,"The gatekeepers called out, and the news was passed on into the king’s palace. ",Ninguno
II_Kings,7,12,"ויקם המלך לילה ויאמר אלעבדיו אגידהנא לכם את אשרעשו לנו ארם ידעו כירעבים אנחנו ויצאו מןהמחנה להחבה <span class=""mam-kq""><span class=""mam-kq-k"">(בהשדה)</span> <span class=""mam-kq-q"">[בשדה]</span></span> לאמר כייצאו מןהעיר ונתפשם חיים ואלהעיר נבא","The king rose in the night and said to his courtiers, “I will tell you what the Arameans have done to us. They know that we are starving, so they have gone out of camp and hidden in the fields, thinking: When they come out of the town, we will take them alive and get into the town.” ",Percepción (Yada)
II_Kings,7,13,"ויען אחד מעבדיו ויאמר ויקחונא חמשה מןהסוסים הנשארים אשר נשארובה הנם ככל<span class=""mam-kq""><span class=""mam-kq-q"">[המון]</span> <span class=""mam-kq-k"">(ההמון)</span></span> ישראל אשר נשארובה הנם ככלהמון ישראל אשרתמו ונשלחה ונראה","But one of the courtiers spoke up, “Let a fewbfew Lit. “five.” of the remaining horses that are still here be taken—they are like those that are left here of the whole multitude of Israel, out of the whole multitude of Israel that have perishedcthey are like those … that have perished Meaning of Heb. uncertain.—and let us send and find out.”",Ninguno
II_Kings,7,14,ויקחו שני רכב סוסים וישלח המלך אחרי מחנהארם לאמר לכו וראו,"They took two teamsdteams Meaning of Heb. uncertain. of horses and the king sent them after the Aramean army, saying, “Go and find out.” ",Ninguno
II_Kings,7,15,"וילכו אחריהם עדהירדן והנה כלהדרך מלאה בגדים וכלים אשרהשליכו ארם <span class=""mam-kq""><span class=""mam-kq-k"">(בהחפזם)</span> <span class=""mam-kq-q"">[בחפזם]</span></span> וישבו המלאכים ויגדו למלך","They followed them as far as the Jordan, and found the entire road full of clothing and gear that the Arameans had thrown away in their haste; and the messengers returned and told the king. ",Ninguno
II_Kings,7,16,ויצא העם ויבזו את מחנה ארם ויהי סאהסלת בשקל וסאתים שערים בשקל כדבר יהוה,"The people then went out and plundered the Aramean camp. So a seah of choice flour sold for a shekel, and two seahs of barley for a shekel—as GOD had spoken.",Ninguno
II_Kings,7,17,והמלך הפקיד אתהשליש אשרנשען עלידו עלהשער וירמסהו העם בשער וימת כאשר דבר איש האלהים אשר דבר ברדת המלך אליו,"Now the king had put the aide on whose arm he leaned in charge of the gate; and he was trampled to death in the gate by the people—just as the agent of God had spoken, as he had spoken when the king came down to him. ",Ninguno
II_Kings,7,18,ויהי כדבר איש האלהים אלהמלך לאמר סאתים שערים בשקל וסאהסלת בשקל יהיה כעת מחר בשער שמרון,"For when the agent of God said to the king, “This time tomorrow two seahs of barley shall sell at the gate of Samaria for a shekel, and a seah of choice flour for a shekel,” ",Ninguno
II_Kings,7,19,ויען השליש אתאיש האלהים ויאמר והנה יהוה עשה ארבות בשמים היהיה כדבר הזה ויאמר הנך ראה בעיניך ומשם לא תאכל,"the aide answered the agent of God and said, “Even if GOD made windows in the sky, could this come to pass?” And he retorted, “You shall see it with your own eyes, but you shall not eat of it.” ",Ninguno
II_Kings,7,20,"ויהילו כן וירמסו אתו העם בשער וימת&nbsp;<span class=""mam-spi-samekh"">{ס}</span>&nbsp;&nbsp;&nbsp;&nbsp;&nbsp;&nbsp;&nbsp;&nbsp;",That is exactly what happened to him: The people trampled him to death in the gate.,Ninguno
II_Kings,8,1,"ואלישע דבר אלהאשה אשרהחיה אתבנה לאמר קומי ולכי <span class=""mam-kq""><span class=""mam-kq-k"">(אתי)</span> <span class=""mam-kq-q"">[את]</span></span> וביתך וגורי באשר תגורי כיקרא יהוה לרעב וגםבא אלהארץ שבע שנים","Elisha had said to the woman whose son he revived, “Leave immediately with your family and go sojourn somewhere else;asomewhere else Lit. “wherever you may sojourn.” for GOD has decreed a seven-year famine upon the land, and it has already begun.” ",Ninguno
II_Kings,8,2,ותקם האשה ותעש כדבר איש האלהים ותלך היא וביתה ותגר בארץפלשתים שבע שנים,The woman had done as the agent of God had spoken; she left with her family and sojourned in the land of the Philistines for seven years.,Ninguno
II_Kings,8,3,ויהי מקצה שבע שנים ותשב האשה מארץ פלשתים ותצא לצעק אלהמלך אלביתה ואלשדה,"At the end of the seven years, the woman returned from the land of the Philistines and went to the king to complain about her house and farm. ",Ninguno
II_Kings,8,4,"והמלך מדבר אלגחזי נער אישהאלהים לאמר ספרהנא לי את כלהגדלות אשרעשה אלישע&nbsp;<span class=""mam-spi-samekh"">{ס}</span>&nbsp;&nbsp;&nbsp;&nbsp;&nbsp;&nbsp;&nbsp;&nbsp;","Now the king was talking to Gehazi, the servant of the agent of God, and he said, “Tell me all the wonderful things that Elisha has done.” ",Ninguno
II_Kings,8,5,ויהי הוא מספר למלך את אשרהחיה אתהמת והנה האשה אשרהחיה אתבנה צעקת אלהמלך עלביתה ועלשדה ויאמר גחזי אדני המלך זאת האשה וזהבנה אשרהחיה אלישע,"While he was telling the king how [Elisha] had revived a dead person, in came the woman whose son he had revived, complaining to the king about her house and farm. “My lord king,” said Gehazi, “this is the woman and this is her son whom Elisha revived.” ",Ninguno
II_Kings,8,6,"וישאל המלך לאשה ותספרלו ויתןלה המלך סריס אחד לאמר השיב אתכלאשרלה ואת כלתבואת השדה מיום עזבה אתהארץ ועדעתה&nbsp;<span class=""mam-spi-pe"">{פ}</span><br>","The king questioned the woman, and she told him [the story]; so the king assigned a eunuch to her and instructed him: “Restore all her property, and all the revenue from her farm from the time she left the country until now.”",Ninguno
II_Kings,8,7,ויבא אלישע דמשק ובןהדד מלךארם חלה ויגדלו לאמר בא איש האלהים עדהנה,"Elisha arrived in Damascus at a time when King Ben-hadad of Aram was ill. The kingbThe king Moved up from v. 8 for clarity. was told, “The agent of God is on his way here,” ",Ninguno
II_Kings,8,8,ויאמר המלך אלחזהאל קח בידך מנחה ולך לקראת איש האלהים ודרשת אתיהוה מאותו לאמר האחיה מחלי זה,"and he said to Hazael, “Take a gift with you and go meet the agent of God, and through him inquire of GOD: Will I recover from this illness?” ",Ninguno
II_Kings,8,9,וילך חזאל לקראתו ויקח מנחה בידו וכלטוב דמשק משא ארבעים גמל ויבא ויעמד לפניו ויאמר בנך בןהדד מלךארם שלחני אליך לאמר האחיה מחלי זה,"Hazael went to meet him, taking with him as a gift forty camel-loads of all the bounty of Damascus. He came and stood before him and said, “Your son, King Ben-hadad of Aram, has sent me to you to ask: Will I recover from this illness?” ",Ninguno
II_Kings,8,10,"ויאמר אליו אלישע לך אמר<span class=""mam-kq""><span class=""mam-kq-q"">[לו]</span> <span class=""mam-kq-k"">(לא)</span></span> חיה תחיה והראני יהוה כימות ימות","Elisha said to him, “Go and say to him, ‘You will recover.’ However, GOD has revealed to me that he will die.” ",Ninguno
II_Kings,8,11,ויעמד אתפניו וישם עדבש ויבך איש האלהים,The agent of God kept his face expressionlessckept his face expressionless Meaning of Heb. uncertain. for a long time; and then he wept. ,Ninguno
II_Kings,8,12,ויאמר חזאל מדוע אדני בכה ויאמר כיידעתי את אשרתעשה לבני ישראל רעה מבצריהם תשלח באש ובחריהם בחרב תהרג ועלליהם תרטש והרתיהם תבקע,"“Why does my lord weep?” asked Hazael. “Because I know,” he replied, “what harm you will do to the Israelite people: you will set their fortresses on fire, put their young men to the sword, dash their little ones in pieces, and rip open their pregnant women.” ",Percepción (Yada)
II_Kings,8,13,ויאמר חזהאל כי מה עבדך הכלב כי יעשה הדבר הגדול הזה ויאמר אלישע הראני יהוה אתך מלך עלארם,"“But how,” asked Hazael, “can your servant, who is a mere dog, perform such a mighty deed?” Elisha replied, “GOD has shown me a vision of you as king of Aram.” ",Ninguno
II_Kings,8,14,וילך&thinsp;<b></b> מאת אלישע ויבא אלאדניו ויאמר לו מהאמר לך אלישע ויאמר אמר לי חיה תחיה,"He left Elisha and returned to his master, who asked him, “What did Elisha say to you?” He replied, “He told me that you would recover.” ",Ninguno
II_Kings,8,15,"ויהי ממחרת ויקח המכבר ויטבל במים ויפרש עלפניו וימת וימלך חזהאל תחתיו&nbsp;<span class=""mam-spi-pe"">{פ}</span><br>","The next day, [Hazael] took a piece of netting,da piece of netting Meaning of Heb. uncertain. dipped it in water, and spread it over his face. So [Ben-hadad] died, and Hazael succeeded him as king.",Ninguno
II_Kings,8,16,ובשנת חמש ליורם בןאחאב מלך ישראל ויהושפט מלך יהודה מלך יהורם בןיהושפט מלך יהודה,"In the fifth year of King JorameJoram Throughout this chapter, the name Joram is sometimes written Jehoram. son of Ahab of Israel—Jehoshaphat had been king of Judah—Joram son of King Jehoshaphat of Judah became king. ",Ninguno
II_Kings,8,17,"בןשלשים ושתים שנה היה במלכו ושמנה <span class=""mam-kq""><span class=""mam-kq-k"">(שנה)</span> <span class=""mam-kq-q"">[שנים]</span></span> מלך בירושל͏ם","He was thirty-two years old when he became king, and he reigned in Jerusalem eight years. ",Ninguno
II_Kings,8,18,וילך בדרך&thinsp;<b></b> מלכי ישראל כאשר עשו בית אחאב כי בתאחאב היתה לו לאשה ויעש הרע בעיני יהוה,"He followed the practices of the kings of Israel—whatever the House of Ahab did, for he had married a daughterfdaughter Emendation yields “sister”; cf. v. 26. of Ahab—and he did what was displeasing to GOD. ",Ninguno
II_Kings,8,19,ולאאבה יהוה להשחית אתיהודה למען דוד עבדו כאשר אמרלו לתת לו ניר לבניו כלהימים,"However, GOD refrained from destroying Judah, for the sake of God’s servant David, in accordance with God’s promise to maintain a lamp for his descendants for all time. ",Ninguno
II_Kings,8,20,בימיו פשע אדום מתחת ידיהודה וימלכו עליהם מלך,"During his reign, the Edomites rebelled against Judah’s rule and set up a king of their own. ",Ninguno
II_Kings,8,21,ויעבר יורם צעירה וכלהרכב עמו ויהיהוא קם לילה ויכה אתאדום הסביב אליו ואת שרי הרכב וינס העם לאהליו,"Joram crossed over to Zair with all his chariotry. He arose by night and attacked the Edomites, who were surrounding him and the chariot commanders; butgHe arose by night … but Meaning of Heb. uncertain. his troops fled to their homes. ",Ninguno
II_Kings,8,22,ויפשע אדום מתחת ידיהודה עד היום הזה אז תפשע לבנה בעת ההיא,"Thus Edom fell away from Judah, as is still the case. Libnah likewise fell away at that time.",Ninguno
II_Kings,8,23,ויתר דברי יורם וכלאשר עשה הלאהם כתובים עלספר דברי הימים למלכי יהודה,"The other events of Joram’s reign, and all his actions, are recorded in the Annals of the Kings of Judah. ",Ninguno
II_Kings,8,24,"וישכב יורם עםאבתיו ויקבר עםאבתיו בעיר דוד וימלך אחזיהו בנו תחתיו&nbsp;<span class=""mam-spi-pe"">{פ}</span><br>",Joram rested with his ancestors and was buried with his ancestors in the City of David; his son Ahaziah succeeded him as king.,Ninguno
II_Kings,8,25,בשנת שתיםעשרה שנה ליורם בןאחאב מלך ישראל מלך אחזיהו בןיהורם מלך יהודה,"In the twelfth year of King Joram son of Ahab of Israel, Ahaziah son of Joram became king of Judah. ",Ninguno
II_Kings,8,26,בןעשרים ושתים שנה אחזיהו במלכו ושנה אחת מלך בירושל͏ם ושם אמו עתליהו בתעמרי מלך ישראל,"Ahaziah was twenty-two years old when he became king, and he reigned in Jerusalem one year; his mother’s name was Athaliah daughter of King Omri of Israel. ",Ninguno
II_Kings,8,27,וילך בדרך בית אחאב ויעש הרע בעיני יהוה כבית אחאב כי חתן ביתאחאב הוא,"He walked in the ways of the House of Ahab and did what was displeasing to GOD, like the House of Ahab, for he was related by marriage to the House of Ahab. ",Ninguno
II_Kings,8,28,וילך אתיורם בןאחאב למלחמה עםחזאל מלךארם ברמת גלעד ויכו ארמים אתיורם,"He marched with Joram son of Ahab to battle against King Hazael of Aram at Ramoth-gilead, but the Arameans wounded Joram. ",Ninguno
II_Kings,8,29,"וישב יורם המלך להתרפא ביזרעאל מןהמכים אשר יכהו ארמים ברמה בהלחמו אתחזהאל מלך ארם ואחזיהו בןיהורם מלך יהודה ירד לראות אתיורם בןאחאב ביזרעאל כיחלה הוא&nbsp;<span class=""mam-spi-pe"">{פ}</span><br>","King Joram retired to Jezreel to recover from the wounds that the Arameans had inflicted upon him at Ramah, when he fought against King Hazael of Aram. And King Ahaziah son of Joram of Judah went down to Jezreel to visit Joram son of Ahab while he was ill.",Ninguno
II_Kings,9,1,ואלישע הנביא קרא לאחד מבני הנביאים ויאמר לו חגר מתניך וקח פך השמן הזה בידך ולך רמת גלעד,"Then the prophet Elisha summoned one of the disciples of the prophets and said to him, “Tie up your skirts,aTie up your skirts See note at 4.29. and take along this flask of oil, and go to Ramoth-gilead. ",Ninguno
II_Kings,9,2,ובאתשמה וראהשם יהוא בןיהושפט בןנמשי ובאת והקמתו מתוך אחיו והביאת אתו חדר בחדר,"When you arrive there, go and see Jehu son of Jehoshaphat son of Nimshi; get him to leave his comrades, and take him into an inner room. ",Ninguno
II_Kings,9,3,ולקחת פךהשמן ויצקת עלראשו ואמרת כהאמר יהוה משחתיך למלך אלישראל ופתחת הדלת ונסתה ולא תחכה,"Then take the flask of oil and pour some on his head, and say, ‘Thus said GOD: I anoint you king over Israel.’ Then open the door and flee without delay.”",Ninguno
II_Kings,9,4,וילך הנער הנער הנביא רמת גלעד,"The young man, the servant of the prophet, went to Ramoth-gilead. ",Ninguno
II_Kings,9,5,ויבא והנה שרי החיל ישבים ויאמר דבר לי אליך השר ויאמר יהוא אלמי מכלנו ויאמר אליך השר,"When he arrived, the army commanders were sitting together. He said, “Commander, I have a message for you.” “For which one of us?” Jehu asked. He answered, “For you, commander.” ",Ninguno
II_Kings,9,6,ויקם ויבא הביתה ויצק השמן אלראשו ויאמר לו כהאמר יהוה אלהי ישראל משחתיך למלך אלעם יהוה אלישראל,"So [Jehu] arose and went inside; and [the disciple] poured the oil on his head, and said to him, “Thus said the ETERNAL, the God of Israel: I anoint you king over the people of GOD, over Israel. ",Ninguno
II_Kings,9,7,והכיתה אתבית אחאב אדניך ונקמתי דמי&thinsp;<b></b> עבדי הנביאים ודמי כלעבדי יהוה מיד איזבל,"You shall strike down the House of Ahab your master; thus will I avenge on Jezebel the blood of My servants the prophets, and the blood of the other servants of GOD. ",Ninguno
II_Kings,9,8,ואבד כלבית אחאב והכרתי לאחאב משתין בקיר ועצור ועזוב בישראל,"The whole House of Ahab shall perish, and I will cut off every male belonging to Ahab, bond and freebbond and free See note at 1 Kings 14.10. in Israel. ",Ninguno
II_Kings,9,9,ונתתי אתבית אחאב כבית ירבעם בןנבט וכבית בעשא בןאחיה,"I will make the House of Ahab like the House of Jeroboam son of Nebat, and like the House of Baasha son of Ahijah. ",Ninguno
II_Kings,9,10,ואתאיזבל יאכלו הכלבים בחלק יזרעאל ואין קבר ויפתח הדלת וינס,"The dogs shall devour Jezebel in the field of Jezreel, with none to bury her.” Then he opened the door and fled.",Ninguno
II_Kings,9,11,ויהוא יצא אלעבדי אדניו ויאמר לו השלום מדוע באהמשגע הזה אליך ויאמר אליהם אתם ידעתם אתהאיש ואתשיחו,"Jehu went out to the other officers of his master, and they asked him, “Is all well? What did that madman come to you for?” He said to them, “You know the man and his ranting!” ",Percepción (Yada)
II_Kings,9,12,ויאמרו שקר הגדנא לנו ויאמר כזאת וכזאת אמר אלי לאמר כה אמר יהוה משחתיך למלך אלישראל,"“You’re lying,” they said. “Tell us [the truth].” Then he replied, “Thus and thus he said: Thus said GOD: I anoint you king over Israel!” ",Ninguno
II_Kings,9,13,וימהרו ויקחו איש בגדו וישימו תחתיו אלגרם המעלות ויתקעו בשופר ויאמרו מלך יהוא,"Quickly each man took his cloak and placed it under him,chim I.e., Jehu. on the top step.dthe top step Meaning of Heb. uncertain. They sounded the horn and proclaimed, “Jehu is king!” ",Ninguno
II_Kings,9,14,ויתקשר יהוא בןיהושפט בןנמשי אליורם ויורם היה שמר ברמת גלעד הוא וכלישראל מפני חזאל מלךארם,"Thus Jehu son of Jehoshaphat son of Nimshi conspired against Joram.Joram and all Israel had been defending Ramoth-gilead against King Hazael of Aram, ",Ninguno
II_Kings,9,15,"וישב יהורם המלך להתרפא ביזרעאל מןהמכים אשר יכהו ארמים בהלחמו אתחזאל מלך ארם ויאמר יהוא אםיש נפשכם אליצא פליט מןהעיר ללכת <span class=""mam-kq""><span class=""mam-kq-k"">(לגיד)</span> <span class=""mam-kq-q"">[להגיד]</span></span> ביזרעאל","but King Joram had gone back to Jezreel to recover from the wounds that the Arameans had inflicted on him in his battle with King Hazael of Aram.Jehu said, “If such is your wish, allow no one to slip out of the town to go and report this in Jezreel.” ",Ninguno
II_Kings,9,16,וירכב יהוא וילך יזרעאלה כי יורם שכב שמה ואחזיה מלך יהודה ירד לראות אתיורם,"Then Jehu mounted his chariot and drove to Jezreel; for Joram was lying ill there, and King Ahaziah of Judah had gone down to visit Joram. ",Ninguno
II_Kings,9,17,והצפה עמד עלהמגדל ביזרעאל וירא אתשפעת יהוא בבאו ויאמר שפעת אני ראה ויאמר יהורם קח רכב ושלח לקראתם ויאמר השלום,"The lookout was stationed on the tower in Jezreel, and he saw the troop of Jehu as he approached. He called out, “I see a troop!” Joram said, “Dispatch a horseman to meet them and let him ask: Is all well?” ",Ninguno
II_Kings,9,18,וילך רכב הסוס לקראתו ויאמר כהאמר המלך השלום ויאמר יהוא מהלך ולשלום סב אלאחרי ויגד הצפה לאמר באהמלאך עדהם ולאשב,"The horseman went to meet him, and he said, “The king inquires: Is all well?” Jehu replied, “What concern of yours is it whether all is well? Fall in behind me.” The lookout reported: “The messenger has reached them, but has not turned back.” ",Ninguno
II_Kings,9,19,וישלח רכב סוס שני ויבא אלהם ויאמר כהאמר המלך שלום ויאמר יהוא מהלך ולשלום סב אלאחרי,"So he sent out a second horseman. He came to them and said, “Thus says the king: Is all well?” Jehu answered, “What concern of yours is it whether all is well? Fall in behind me.” ",Ninguno
II_Kings,9,20,ויגד הצפה לאמר בא עדאליהם ולאשב והמנהג כמנהג יהוא בןנמשי כי בשגעון ינהג,"And the lookout reported, “The messenger has reached them, but has not turned back. And it looks like the driving of Jehu son of Nimshi, who drives wildly.”",Ninguno
II_Kings,9,21,ויאמר יהורם אסר ויאסר רכבו ויצא יהורם מלךישראל ואחזיהו מלךיהודה איש ברכבו ויצאו לקראת יהוא וימצאהו בחלקת נבות היזרעאלי,"Joram ordered, “Hitch up [the chariot]!” They hitched up his chariot; and King Joram of Israel and King Ahaziah of Judah went out, each in his own chariot, to meet Jehu. They met him at the field of Naboth the Jezreelite. ",Ninguno
II_Kings,9,22,ויהי כראות יהורם אתיהוא ויאמר השלום יהוא ויאמר מה השלום עדזנוני איזבל אמך וכשפיה הרבים,"When Joram saw Jehu, he asked, “Is all well, Jehu?” But Jehu replied, “How can all be well as long as your mother Jezebel carries on her countless whoredoms and sorceries?” ",Ninguno
II_Kings,9,23,ויהפך יהורם ידיו וינס ויאמר אלאחזיהו מרמה אחזיה,"Thereupon Joram turned his horsesehorses Lit. “hands”; see note at 1 Kings 22.34. around and fled, crying out to Ahaziah, “Treason, Ahaziah!” ",Ninguno
II_Kings,9,24,ויהוא מלא ידו בקשת ויך אתיהורם בין זרעיו ויצא החצי מלבו ויכרע ברכבו,"But Jehu drew his bow and hit Joram between the shoulders,fshoulders Lit. “arms.” so that the arrow pierced his heart; and he collapsed in his chariot.",Separación (Beyn)
II_Kings,9,25,ויאמר אלבדקר שלשה שא השלכהו בחלקת שדה נבות היזרעאלי כיזכר אני ואתה את רכבים צמדים אחרי אחאב אביו ויהוה נשא עליו אתהמשא הזה,"Jehu thereupon ordered his officer Bidkar, “Pick him up and throw him into the field of Naboth the Jezreelite. Remember how you and I were riding side by side behind his father Ahab, when GOD made this pronouncement about him: ",Ninguno
II_Kings,9,26,אםלא אתדמי נבות ואתדמי בניו ראיתי אמש נאםיהוה ושלמתי לך בחלקה הזאת נאםיהוה ועתה שא השלכהו בחלקה כדבר יהוה,"‘I swear, I have taken note of the blood of Naboth and the blood of his sons yesterday—declares GOD. And I will requite you in this plot—declares GOD.’ So pick him up and throw him unto the plot in accordance with the word of GOD.”",Ninguno
II_Kings,9,27,ואחזיה מלךיהודה ראה וינס דרך בית הגן וירדף אחריו יהוא ויאמר גםאתו הכהו אלהמרכבה במעלהגור אשר אתיבלעם וינס מגדו וימת שם,"On seeing this, King Ahaziah of Judah fled along the road to Beth-haggan. Jehu pursued him and said, “Shoot him down too!” [And they shot him] in his chariot at the ascent of Gur, which is near Ibleam. He fled to Megiddo and died there. ",Ninguno
II_Kings,9,28,"וירכבו אתו עבדיו ירושל͏מה ויקברו אתו בקברתו עםאבתיו בעיר דוד&nbsp;<span class=""mam-spi-pe"">{פ}</span><br>","His servants conveyed him in a chariot to Jerusalem, and they buried him in his grave with his ancestors, in the City of David. ",Ninguno
II_Kings,9,29,ובשנת אחת עשרה שנה ליורם בןאחאב מלך אחזיה עליהודה,(Ahaziah had become king over Judah in the eleventh year of Joram son of Ahab.),Ninguno
II_Kings,9,30,ויבוא יהוא יזרעאלה ואיזבל שמעה ותשם בפוך עיניה ותיטב אתראשה ותשקף בעד החלון,"Jehu went on to Jezreel. When Jezebel heard of it, she painted her eyes with kohl and dressed her hair, and she looked out of the window. ",Ninguno
II_Kings,9,31,ויהוא בא בשער ותאמר השלום זמרי הרג אדניו,"As Jehu entered the gate, she called out, “Is all well, Zimri, murderer of your master?”gZimri, murderer of your master See 1 Kings 16.8–20. ",Ninguno
II_Kings,9,32,וישא פניו אלהחלון ויאמר מי אתי מי וישקיפו אליו שנים שלשה סריסים,"He looked up toward the window and said, “Who is on my side, who?” And two or three eunuchs leaned out toward him. ",Ninguno
II_Kings,9,33,"ויאמר <span class=""mam-kq""><span class=""mam-kq-k"">(שמטהו)</span> <span class=""mam-kq-q"">[שמטוה]</span></span> וישמטוה ויז מדמה אלהקיר ואלהסוסים וירמסנה","“Throw her down,” he said. They threw her down; and her blood spattered on the wall and on the horses, and they trampled her.",Ninguno
II_Kings,9,34,ויבא ויאכל וישת ויאמר פקדונא אתהארורה הזאת וקברוה כי בתמלך היא,"Then he went inside and ate and drank. And he said, “Attend to that cursed woman and bury her, for she was a king’s daughter.” ",Ninguno
II_Kings,9,35,וילכו לקברה ולאמצאו בה כי אםהגלגלת והרגלים וכפות הידים,"So they went to bury her; but all they found of her were the skull, the feet, and the hands. ",Ninguno
II_Kings,9,36,וישבו ויגידו לו ויאמר דבריהוה הוא אשר דבר בידעבדו אליהו התשבי לאמר בחלק יזרעאל יאכלו הכלבים אתבשר איזבל,"They came back and reported to him; and he said, “It is just as GOD spoke through Elijah the Tishbite—God’s servant: The dogs shall devour the flesh of Jezebel in the field of Jezreel; ",Percepción (Yada)
II_Kings,9,37,"<span class=""mam-kq""><span class=""mam-kq-k"">(והית)</span> <span class=""mam-kq-q"">[והיתה]</span></span> נבלת איזבל כדמן עלפני השדה בחלק יזרעאל אשר לאיאמרו זאת איזבל&nbsp;<span class=""mam-spi-samekh"">{ס}</span>&nbsp;&nbsp;&nbsp;&nbsp;&nbsp;&nbsp;&nbsp;&nbsp;","and the carcass of Jezebel shall be like dung on the ground, in the field of Jezreel, so that none will be able to say: ‘This was Jezebel.’”",Ninguno
II_Kings,10,1,ולאחאב שבעים בנים בשמרון ויכתב יהוא ספרים וישלח שמרון אלשרי יזרעאל הזקנים ואלהאמנים אחאב לאמר,"Ahab had seventy descendants in Samaria. Jehu wrote letters and sent them to Samaria, to the elders and officials of Jezreelaof Jezreel Emendation yields “of the city.” and to the guardians of [the children] of Ahab, as follows: ",Ninguno
II_Kings,10,2,ועתה כבא הספר הזה אליכם ואתכם בני אדניכם ואתכם הרכב והסוסים ועיר מבצר והנשק,"“Now, when this letter reaches you—since your master’s sons are with you and you also have chariots and horses, and a fortified city and weapons— ",Ninguno
II_Kings,10,3,וראיתם הטוב והישר מבני אדניכם ושמתם עלכסא אביו והלחמו עלבית אדניכם,"select the best and the most suitable of your master’s sons and set him on his father’s throne, and fight for your master’s house.” ",Ninguno
II_Kings,10,4,ויראו מאד מאד ויאמרו הנה שני המלכים לא עמדו לפניו ואיך נעמד אנחנו,"But they were overcome by fear, for they thought, “If the two kings could not stand up to him, how can we?” ",Ninguno
II_Kings,10,5,וישלח אשרעלהבית ואשר עלהעיר והזקנים והאמנים אליהוא&thinsp;<small></small>&thinsp;לאמר עבדיך אנחנו וכל אשרתאמר אלינו נעשה לאנמלך איש הטוב בעיניך עשה,"The steward of the palace and the governor of the city and the elders and the guardians sent this message to Jehu: “We are your subjects, and we shall do whatever you tell us to. We shall not proclaim anyone king; do whatever you like.”",Ninguno
II_Kings,10,6,ויכתב אליהם ספר&thinsp;<small></small>&thinsp;שנית לאמר אםלי אתם ולקלי&thinsp;<b></b> אתם שמעים קחו אתראשי אנשי בניאדניכם ובאו אלי כעת מחר יזרעאלה ובני המלך שבעים איש אתגדלי העיר מגדלים אותם,"He wrote them a second time: “If you are on my side and are ready to obey me, take the heads of the attendants ofbthe attendants of Force of Heb. uncertain; cf. next verse. your master’s sons and comeccome Targum and Septuagint read “and bring them.” to me in Jezreel tomorrow at this time.” Now the princes, seventy in number, were with the notables of the town, who were rearing them. ",Ninguno
II_Kings,10,7,ויהי כבא הספר אליהם ויקחו אתבני המלך וישחטו שבעים איש וישימו אתראשיהם בדודים וישלחו אליו יזרעאלה,"But when the letter reached them, they took the princes and slaughtered all seventy of them; they put their heads in baskets and sent them to him in Jezreel. ",Ninguno
II_Kings,10,8,ויבא המלאך ויגדלו לאמר הביאו ראשי בניהמלך ויאמר שימו אתם שני צברים פתח השער עדהבקר,"A messenger came and reported to him: “They have brought the heads of the princes.” He said, “Pile them up in two heaps at the entrance of the gate before morning.” ",Ninguno
II_Kings,10,9,ויהי בבקר ויצא ויעמד ויאמר אלכלהעם צדקים אתם הנה אני קשרתי עלאדני ואהרגהו ומי הכה אתכלאלה,"In the morning he went out and stood there; and he said to all the people, “Are you blameless?dAre you blameless? Or “You are blameless.” True, I conspired against my master and killed him; but who struck down all of these? ",Ninguno
II_Kings,10,10,דעו אפוא כי לא יפל מדבר יהוה ארצה אשרדבר יהוה עלבית אחאב ויהוה עשה את אשר דבר ביד עבדו אליהו,"Know, then, that nothing that GOD has spoken concerning the House of Ahab shall remain unfulfilled, for GOD has done what was announced through Elijah—God’s servant.” ",Ninguno
II_Kings,10,11,ויך יהוא את כלהנשארים לביתאחאב ביזרעאל וכלגדליו ומידעיו וכהניו עדבלתי השאירלו שריד,"And Jehu struck down all that were left of the House of Ahab in Jezreel—and all his notables, intimates, and priests—till he left him no survivor.",Percepción (Yada)
II_Kings,10,12,ויקם ויבא וילך שמרון הוא ביתעקד הרעים בדרך,"He then set out for Samaria. On the way, when he was at Beth-eked of the shepherds, ",Ninguno
II_Kings,10,13,ויהוא מצא אתאחי אחזיהו מלךיהודה ויאמר מי אתם ויאמרו אחי אחזיהו אנחנו ונרד לשלום בניהמלך ובני הגבירה,"Jehu came upon the kinsmen of King Ahaziah of Judah. “Who are you?” he asked. They replied, “We are the kinsmen of Ahaziah, and we have come to pay our respects to the sons of the king and the sons of the queen mother.” ",Ninguno
II_Kings,10,14,"ויאמר תפשום חיים ויתפשום חיים וישחטום אלבור ביתעקד ארבעים ושנים איש ולאהשאיר איש מהם&nbsp;<span class=""mam-spi-samekh"">{ס}</span>&nbsp;&nbsp;&nbsp;&nbsp;&nbsp;&nbsp;&nbsp;&nbsp;","“Take them alive!” he said. They took them alive and then slaughtered them at the pit of Beth-eked, forty-two of them; he did not spare a single one.",Ninguno
II_Kings,10,15,וילך משם וימצא אתיהונדב בןרכב לקראתו ויברכהו ויאמר אליו היש אתלבבך ישר כאשר לבבי עםלבבך ויאמר יהונדב יש ויש תנה אתידך ויתן ידו ויעלהו אליו אלהמרכבה,"He went on from there, and he met Jehonadab son of Rechab coming toward him. He greeted him and said to him, “Are you as wholehearted with me as I am with you?” “I am,” Jehonadab replied. “If so,” [said Jehu,] “give me your hand.” He gave him his hand and [Jehu] helped him into the chariot. ",Ninguno
II_Kings,10,16,ויאמר לכה אתי וראה בקנאתי ליהוה וירכבו אתו ברכבו,"“Come with me,” he said, “and see my zeal for GOD.” And he was taken along in the chariot. ",Ninguno
II_Kings,10,17,"ויבא שמרון ויך אתכלהנשארים לאחאב בשמרון עדהשמדו כדבר יהוה אשר דבר אלאליהו&nbsp;<span class=""mam-spi-pe"">{פ}</span><br>","Arriving in Samaria, [Jehu] struck down all the survivors of [the House of] Ahab in Samaria, until he wiped it out, fulfilling the word that GOD had spoken to Elijah.",Ninguno
II_Kings,10,18,ויקבץ יהוא אתכלהעם ויאמר אלהם אחאב עבד אתהבעל מעט יהוא יעבדנו הרבה,"Jehu assembled all the people and said to them, “Ahab served Baal little; Jehu shall serve him much! ",Ninguno
II_Kings,10,19,ועתה כלנביאי הבעל כלעבדיו וכלכהניו קראו אלי איש אליפקד כי זבח גדול לי לבעל כל אשריפקד לא יחיה ויהוא עשה בעקבה למען האביד אתעבדי הבעל,"Therefore, summon to me all the prophets of Baal, all his worshipers, and all his priests: let no one fail to come, for I am going to hold a great sacrifice for Baal. Whoever fails to come shall forfeit his life.” Jehu was acting with guile in order to exterminate the worshipers of Baal. ",Ninguno
II_Kings,10,20,ויאמר יהוא קדשו עצרה לבעל ויקראו,"Jehu gave orders to convoke a solemn assembly for Baal, and one was proclaimed. ",Ninguno
II_Kings,10,21,וישלח יהוא בכלישראל ויבאו כלעבדי הבעל ולאנשאר איש אשר לאבא ויבאו בית הבעל וימלא ביתהבעל פה לפה,"Jehu sent word throughout Israel, and all the worshipers of Baal came, not one remained behind. They came into the temple of Baal, and the temple of Baal was filled from end to end. ",Ninguno
II_Kings,10,22,ויאמר לאשר עלהמלתחה הוצא לבוש לכל עבדי הבעל ויצא להם המלבוש,"He said to the wardrobeewardrobe Meaning of Heb. uncertain. manager, “Bring out the vestments for all the worshipers of Baal”; and he brought vestments out for them. ",Ninguno
II_Kings,10,23,ויבא יהוא ויהונדב בןרכב בית הבעל ויאמר לעבדי הבעל חפשו וראו פןישפה עמכם מעבדי יהוה כי אםעבדי הבעל לבדם,"Then Jehu and Jehonadab son of Rechab came into the temple of Baal, and they said to the worshipers of Baal, “Search and make sure that there are no worshipers of GOD among you, but only worshipers of Baal.” ",Ninguno
II_Kings,10,24,ויבאו לעשות זבחים ועלות ויהוא שםלו בחוץ שמנים איש ויאמר האיש אשרימלט מןהאנשים אשר אני מביא עלידיכם נפשו תחת נפשו,"So they went in to offer sacrifices and burnt offerings. But Jehu had stationed eighty of his men outside and had said, “Whoever permits the escape of a single one of those whom I commit to your charge shall forfeit life for life.”",Ninguno
II_Kings,10,25,ויהי ככלתו&thinsp;<b></b> לעשות העלה ויאמר יהוא לרצים ולשלשים באו הכום איש אליצא ויכום לפיחרב וישלכו הרצים והשלשים וילכו עדעיר ביתהבעל,"When Jehu had finished presenting the burnt offering, he said to the guards and to the officers, “Come in and strike them down; let no one get away!” The guards and the officers struck them down with the sword and left them lying where they were; then they proceeded to the interiorfinterior Lit. “city.” of the temple of Baal. ",Ninguno
II_Kings,10,26,ויצאו אתמצבות ביתהבעל וישרפוה,They brought out the pillarsgpillars Emendation yields “sacred posts”; cf. Deut. 12.3. of the temple of Baal and burned them. ,Ninguno
II_Kings,10,27,"ויתצו את מצבת הבעל ויתצו אתבית הבעל וישמהו <span class=""mam-kq""><span class=""mam-kq-k"">(למחראות)</span> <span class=""mam-kq-q"">[למוצאות]</span></span> עדהיום","They destroyed the pillarhpillar Emendation yields “altar.” of Baal, and they tore down the temple of Baal and turned it into latrines, as is still the case. ",Ninguno
II_Kings,10,28,וישמד יהוא אתהבעל מישראל,Thus Jehu eradicated the Baal from Israel.,Ninguno
II_Kings,10,29,"רק חטאי ירבעם בןנבט אשר החטיא אתישראל לאסר יהוא מאחריהם עגלי הזהב אשר ביתאל ואשר בדן&nbsp;<span class=""mam-spi-pe"">{פ}</span><br>","However, Jehu did not turn away from the sinful objects by which Jeroboam son of Nebat had caused Israel to sin, namely, the golden calves at Bethel and at Dan.",Ninguno
II_Kings,10,30,ויאמר יהוה אליהוא יען אשרהטיבת לעשות הישר בעיני ככל אשר בלבבי עשית לבית אחאב בני רבעים ישבו לך עלכסא ישראל," 
GOD
 said to Jehu, “Because you have acted well and done what was pleasing to Me, having carried out all that I desired upon the House of Ahab, four generations of your descendants shall occupy the throne of Israel.” ",Ninguno
II_Kings,10,31,ויהוא לא שמר ללכת בתורתיהוה אלהיישראל בכללבבו לא סר מעל חטאות ירבעם אשר החטיא אתישראל,"But Jehu was not careful to follow the Teaching of GOD, the God of Israel, with all his heart; he did not turn away from the sins that Jeroboam had caused Israel to commit.",Ninguno
II_Kings,10,32,בימים ההם החל יהוה לקצות בישראל ויכם חזאל בכלגבול ישראל,In those days GOD began to reduce Israel; and Hazael harassed them throughout the territory of Israel,Ninguno
II_Kings,10,33,מןהירדן מזרח השמש את כלארץ הגלעד הגדי והראובני והמנשי מערער אשרעלנחל ארנן והגלעד והבשן,"east of the Jordan, all the land of Gilead—the Gadites, the Reubenites, and the Manassites—from Aroer, by the Wadi Arnon, up to Gilead and Bashan.",Ninguno
II_Kings,10,34,ויתר דברי יהוא וכלאשר עשה וכלגבורתו הלואהם כתובים עלספר דברי הימים למלכי ישראל,"The other events of Jehu’s reign, and all his actions, and all his exploits, are recorded in the Annals of the Kings of Israel. ",Ninguno
II_Kings,10,35,וישכב יהוא עםאבתיו ויקברו אתו בשמרון וימלך יהואחז בנו תחתיו,Jehu rested with his ancestors and he was buried in Samaria; he was succeeded as king by his son Jehoahaz.,Ninguno
II_Kings,10,36,"והימים אשר מלך יהוא עלישראל עשריםושמנה שנה בשמרון&nbsp;<span class=""mam-spi-pe"">{פ}</span><br>",Jehu reigned over Israel for twenty-eight years in Samaria.,Ninguno
II_Kings,11,1,"ועתליה אם אחזיהו <span class=""mam-kq""><span class=""mam-kq-k"">(וראתה)</span> <span class=""mam-kq-q"">[ראתה]</span></span> כי מת בנה ותקם ותאבד את כלזרע הממלכה","When Athaliah, the mother of Ahaziah, learned that her son was dead, she promptly killed off all who were of royal stock. ",Ninguno
II_Kings,11,2,"ותקח יהושבע בתהמלךיורם אחות אחזיהו אתיואש בןאחזיה ותגנב אתו מתוך בניהמלך <span class=""mam-kq""><span class=""mam-kq-k"">(הממותתים)</span> <span class=""mam-kq-q"">[המומתים]</span></span> אתו ואתמינקתו בחדר המטות ויסתרו אתו מפני עתליהו ולא הומת","But Jehosheba, daughter of King Joram and sister of Ahaziah, secretly took Ahaziah’s son Joash away from among the princes who were being slain, and [put]a[put] Cf. 2 Chron. 22.11. him and his nurse in a bedroom. And theybthey Cf. 2 Chron. 22.11 “she.” kept him hidden from Athaliah so that he was not put to death. ",Ninguno
II_Kings,11,3,"ויהי אתה בית יהוה מתחבא שש שנים ועתליה מלכת עלהארץ&nbsp;<span class=""mam-spi-pe"">{פ}</span><br>","He stayed with her for six years, hidden in the House of GOD,cin the House of GOD Jehosheba was the wife of the high priest Jehoiada; cf. 2 Chron. 22.11. while Athaliah reigned over the land.",Ninguno
II_Kings,11,4,"ובשנה השביעית שלח יהוידע ויקח&thinsp;<b></b> אתשרי <span class=""mam-kq""><span class=""mam-kq-k"">(המאיות)</span> <span class=""mam-kq-q"">[המאות]</span></span> לכרי ולרצים ויבא אתם אליו בית יהוה ויכרת להם ברית וישבע אתם בבית יהוה וירא אתם אתבןהמלך","In the seventh year, Jehoiada sent for the chiefs of the hundreds of the CaritesdCarites Perhaps the Cherethites (cf. 2 Sam. 20.23) or the Carians. They were members of the king’s bodyguard. and of the guards, and had them come to him in the House of GOD. He made a pact with them, exacting an oath from them in the House of GOD, and he showed them the king’s son. ",Percepción (Yada)
II_Kings,11,5,ויצום לאמר זה הדבר אשר תעשון השלשית מכם באי השבת ושמרי משמרת בית המלך,He instructed them: “This is what you must do: One-third of those who are on duty for the week shall maintain guardeshall maintain guard Heb. “and who keep guard.” over the royal palace; ,Ninguno
II_Kings,11,6,והשלשית בשער סור והשלשית בשער אחר הרצים ושמרתם אתמשמרת הבית מסח,another third shall be [stationed] at the Sur Gate;fSur Gate Cf. 2 Chron. 23.5 “Foundation Gate.” and the other third shall be at the gate behind the guards; you shall keep guard over the House on every side.gthe guards; … on every side Meaning of Heb. uncertain. ,Ninguno
II_Kings,11,7,ושתי הידות בכם כל יצאי השבת ושמרו אתמשמרת ביתיהוה אלהמלך,The two divisions of yours who are off duty this week shall keep guard over the House of GOD for the protection of the king.,Ninguno
II_Kings,11,8,והקפתם עלהמלך סביב איש וכליו בידו והבא אלהשדרות יומת והיו אתהמלך בצאתו ובבאו,"You shall surround the king on every side, with your arms at the ready; and whoever breaks through the ranks shall be killed. Stay close to the king in his comings and goings.”",Ninguno
II_Kings,11,9,"ויעשו שרי <span class=""mam-kq""><span class=""mam-kq-k"">(המאיות)</span> <span class=""mam-kq-q"">[המאות]</span></span> ככל אשרצוה יהוידע הכהן ויקחו איש אתאנשיו באי השבת עם יצאי השבת ויבאו אליהוידע הכהן",The chiefs of hundreds did just as Jehoiada ordered: Each took his men—those who were on duty that week and those who were off duty that week—and they presented themselves to Jehoiada the priest.,Percepción (Yada)
II_Kings,11,10,"ויתן הכהן לשרי <span class=""mam-kq""><span class=""mam-kq-k"">(המאיות)</span> <span class=""mam-kq-q"">[המאות]</span></span> אתהחנית ואתהשלטים אשר למלך דוד אשר בבית יהוה","The priest gave the chiefs of hundreds King David’s spearshspears Cf. 2 Chron. 23.9, which adds “and shields.” and quivers that were kept in the House of GOD. ",Ninguno
II_Kings,11,11,ויעמדו הרצים איש&thinsp;<b></b> וכליו בידו מכתף הבית הימנית עדכתף הבית השמאלית למזבח ולבית עלהמלך סביב,"The guards, with their arms at the ready, stationed themselves—from the south end of the House to the north end of the House, at the altar and the House—to guard the king on every side. ",Caos/Izquierda (Smol)
II_Kings,11,12,"ויוצא אתבןהמלך ויתן עליו אתהנזר ואתהעדות וימלכו אתו וימשחהו ויכוכף ויאמרו יחי המלך&nbsp;<span class=""mam-spi-samekh"">{ס}</span>&nbsp;&nbsp;&nbsp;&nbsp;&nbsp;&nbsp;&nbsp;&nbsp;","[Jehoiada] then brought out the king’s son, and placed upon him the crown and the insignia.iinsignia Meaning of Heb. uncertain. They anointed him and proclaimed him king; they clapped their hands and shouted, “Long live the king!”",Ninguno
II_Kings,11,13,ותשמע עתליה אתקול הרצין העם ותבא אלהעם בית יהוה,"When Athaliah heard the shouting of the guards [and] the people, she came out to the people in the House of GOD. ",Ninguno
II_Kings,11,14,ותרא והנה המלך עמד עלהעמוד כמשפט והשרים והחצצרות אלהמלך וכלעם הארץ שמח ותקע בחצצרות ותקרע עתליה אתבגדיה ותקרא קשר קשר,"She looked about and saw the king standing by the pillar, as was the custom, the chiefs with their trumpets beside the king, and all the people of the land rejoicing and blowing trumpets. Athaliah rent her garments and cried out, “Treason, treason!” ",Ninguno
II_Kings,11,15,"ויצו יהוידע הכהן אתשרי <span class=""mam-kq""><span class=""mam-kq-k"">(המאיות)</span> <span class=""mam-kq-q"">[המאות&thinsp;<b></b>]</span></span> פקדי החיל ויאמר אליהם הוציאו אתה אלמבית לשדרת והבא אחריה המת בחרב כי אמר הכהן אלתומת בית יהוה","Then the priest Jehoiada gave the command to the army officers, the chiefs of hundreds, and said to them, “Take her out between the ranksjbetween the ranks Meaning of Heb. uncertain. and, if anyone follows her, put him to the sword.” For the priest thought: “Let her not be put to death in the House of GOD.” ",Percepción (Yada)
II_Kings,11,16,"וישמו לה ידים ותבוא דרךמבוא הסוסים בית המלך ותומת שם&nbsp;<span class=""mam-spi-samekh"">{ס}</span>&nbsp;&nbsp;&nbsp;&nbsp;&nbsp;&nbsp;&nbsp;&nbsp;",They cleared a passageway for her and she entered the royal palace through the horses’ entrance: there she was put to death.,Ninguno
II_Kings,11,17,ויכרת יהוידע אתהברית בין יהוה ובין המלך ובין העם להיות לעם ליהוה ובין המלך ובין העם,"And Jehoiada solemnized the covenant between GOD, on the one hand, and the king and the people, on the other—as well as between the king and the people—that they should be GOD’s people. ","Percepción (Yada), Separación (Beyn)"
II_Kings,11,18,"ויבאו כלעם הארץ ביתהבעל ויתצהו את<span class=""mam-kq-trivial"">מזבחתו</span> ואתצלמיו שברו היטב ואת מתן כהן הבעל הרגו לפני המזבחות וישם הכהן פקדת עלבית יהוה","Thereupon all the people of the land went to the temple of Baal. They tore it down and smashed its altars and images to bits, and they slew Mattan, the priest of Baal, in front of the altars. [Jehoiada] the priest then placed guards over the House of GOD. ",Ninguno
II_Kings,11,19,ויקח אתשרי המאות ואתהכרי ואתהרצים ואת&thinsp;<b></b> כלעם הארץ וירידו אתהמלך מבית יהוה ויבואו דרךשער הרצים בית המלך וישב עלכסא המלכים,"He took the chiefs of hundreds, the Carites,kCarites See note at v. 4. the guards, and all the people of the land, and they escorted the king from the House of GOD into the royal palace by the gate of the guards. And he ascended the royal throne. ",Ninguno
II_Kings,11,20,"וישמח כלעםהארץ והעיר שקטה ואתעתליהו המיתו בחרב בית <span class=""mam-kq""><span class=""mam-kq-k"">(מלך)</span> <span class=""mam-kq-q"">[המלך]</span></span>&nbsp;<span class=""mam-spi-samekh"">{ס}</span>&nbsp;&nbsp;&nbsp;&nbsp;&nbsp;&nbsp;&nbsp;&nbsp;","All the people of the land rejoiced, and the city was quiet. As for Athaliah, she had been put to the sword in the royal palace.",Ninguno
II_Kings,12,1,"בןשבע שנים יהואש במלכו&nbsp;<span class=""mam-spi-pe"">{פ}</span><br>",Jehoash was seven years old when he became king.,Ninguno
II_Kings,12,2,בשנתשבע ליהוא מלך יהואש וארבעים שנה מלך בירושל͏ם ושם אמו צביה מבאר שבע,"Jehoash began his reign in the seventh year of Jehu, and he reigned in Jerusalem forty years. His mother’s name was Zibiah of Beer-sheba. ",Ninguno
II_Kings,12,3,ויעש יהואש הישר בעיני יהוה כלימיו אשר הורהו יהוידע הכהן,"All his days Jehoash did what was pleasing to GOD, as the priest Jehoiada instructed him. ",Percepción (Yada)
II_Kings,12,4,רק הבמות לאסרו עוד העם מזבחים ומקטרים בבמות,"The shrines, however, were not removed; the people continued to sacrifice and offer at the shrines.",Ninguno
II_Kings,12,5,ויאמר יהואש אלהכהנים כל כסף הקדשים אשריובא ביתיהוה כסף עובר איש כסף נפשות ערכו כלכסף אשר יעלה על לבאיש להביא בית יהוה,"Jehoash said to the priests, “All the money, current money, brought into the House of GOD as sacred donations—any money that someone may pay asaany money that someone may pay as Or “any money for one’s being entered [in the census], or”; cf. Rashi and Exod. 30.11–16. the money equivalent of persons,bmoney equivalent of persons See Lev. 27.2–8. or any other money that someone may be minded to bring to the House of GOD— ",Ninguno
II_Kings,12,6,"יקחו להם הכהנים איש מאת מכרו והם יחזקו אתבדק הבית לכל אשרימצא שם בדק&nbsp;<span class=""mam-spi-pe"">{פ}</span><br>","let the priests receive it, each from his benefactor; they, in turn, shall make repairs on the House, wherever damage may be found.”",Ninguno
II_Kings,12,7,ויהי בשנת עשרים ושלש שנה למלך יהואש לאחזקו הכהנים אתבדק הבית,"But in the twenty-third year of King Jehoash, [it was found that] the priests had not made the repairs on the House. ",Ninguno
II_Kings,12,8,ויקרא המלך יהואש ליהוידע הכהן ולכהנים ויאמר אלהם מדוע אינכם מחזקים אתבדק הבית ועתה אלתקחוכסף מאת מכריכם כילבדק הבית תתנהו,"So King Jehoash summoned the priest Jehoiada and the other priests and said to them, “Why have you not kept the House in repair? Now do not accept money from your benefactors anymore, but have it donated for the repair of the House.” ",Percepción (Yada)
II_Kings,12,9,ויאתו הכהנים לבלתי קחתכסף מאת העם ולבלתי חזק אתבדק הבית,The priests agreed that they would neither accept money from the people nor make repairs on the House.,Ninguno
II_Kings,12,10,"ויקח יהוידע הכהן ארון אחד ויקב חר בדלתו ויתן אתו אצל המזבח <span class=""mam-kq""><span class=""mam-kq-k"">(בימין)</span> <span class=""mam-kq-q"">[מימין]</span></span> בבואאיש בית יהוה ונתנושמה הכהנים שמרי הסף אתכלהכסף המובא ביתיהוה","And the priest Jehoiada took a chest and bored a hole in its lid. He placed it at the right side of the altar as one entered the House of GOD, and the priestly guards of the threshold deposited there all the money that was brought into the House of GOD. ","Control/Derecha (Yamin), Percepción (Yada)"
II_Kings,12,11,ויהי כראותם כירב הכסף בארון ויעל ספר המלך והכהן הגדול ויצרו וימנו אתהכסף הנמצא ביתיהוה,"Whenever they saw that there was much money in the chest, the royal scribe and the high priest would come up and put the money accumulated in the House of GOD into bags, and they would count it. ",Ninguno
II_Kings,12,12,"ונתנו אתהכסף המתכן על<span class=""mam-kq""><span class=""mam-kq-q"">[ידי]</span> <span class=""mam-kq-k"">(יד)</span></span> עשי המלאכה <span class=""mam-kq""><span class=""mam-kq-k"">(הפקדים)</span> <span class=""mam-kq-q"">[המפקדים]</span></span> בית יהוה ויוציאהו לחרשי העץ ולבנים העשים בית יהוה","Then they would deliver the money that was weighed outcthat was weighed out Meaning of Heb. uncertain. to the overseers of the work, who were in charge of the House of GOD. These, in turn, used to pay the carpenters and the laborers who worked on the House of GOD, ",Ninguno
II_Kings,12,13,ולגדרים ולחצבי האבן ולקנות עצים ואבני מחצב לחזק אתבדק ביתיהוה ולכל אשריצא עלהבית לחזקה,"and the masons and the stonecutters. They also paid for wood and for quarried stone with which to make the repairs on the House of GOD, and for every other expenditure that had to be made in repairing the House. ",Ninguno
II_Kings,12,14,אך לא יעשה בית יהוה ספות כסף מזמרות מזרקות חצצרות כלכלי זהב וכליכסף מןהכסף המובא ביתיהוה,"However, no silver bowls and no snuffers, basins, or trumpets—no vessels of gold or silver—were made at the House of GOD from the money brought into the House of GOD; ",Ninguno
II_Kings,12,15,כילעשי המלאכה יתנהו וחזקובו אתבית יהוה,this was given only to the overseers of the work for the repair of the House of GOD.,Ninguno
II_Kings,12,16,ולא יחשבו אתהאנשים אשר יתנו אתהכסף עלידם לתת לעשי המלאכה כי באמנה הם עשים,No check was kept on those to whom the money was delivered to pay the workers; for they dealt honestly.,Ninguno
II_Kings,12,17,"כסף אשם וכסף חטאות לא יובא בית יהוה לכהנים יהיו&nbsp;<span class=""mam-spi-pe"">{פ}</span><br>",Money brought as a reparation offering or as a purgation offeringdas a reparation offering or as a purgation offering See Lev. 5.15. was not deposited in the House of GOD; it went to the priests.,Ninguno
II_Kings,12,18,אז יעלה חזאל מלך ארם וילחם עלגת וילכדה וישם חזאל פניו לעלות עלירושל͏ם,"At that time, King Hazael of Aram came up and attacked Gath and captured it; and Hazael proceeded to march on Jerusalem. ",Ninguno
II_Kings,12,19,ויקח יהואש מלךיהודה את כלהקדשים אשרהקדישו יהושפט ויהורם ואחזיהו אבתיו מלכי יהודה ואתקדשיו ואת כלהזהב הנמצא באצרות ביתיהוה ובית המלך וישלח לחזאל מלך ארם ויעל מעל ירושל͏ם,"Thereupon King Joash of Judah took all the objects that had been consecrated by his predecessors, Kings Jehoshaphat, Jehoram, and Ahaziah of Judah, and by himself, and all the gold that there was in the treasuries of the Temple of GOD and in the royal palace, and he sent them to King Hazael of Aram, who then turned back from his march on Jerusalem.",Ninguno
II_Kings,12,20,ויתר דברי יואש וכלאשר עשה הלואהם כתובים עלספר דברי הימים למלכי יהודה,"The other events of Joash’s reign, and all his actions, are recorded in the Annals of the Kings of Judah. ",Ninguno
II_Kings,12,21,ויקמו עבדיו ויקשרוקשר ויכו אתיואש בית מלא הירד סלא,His courtiers formed a conspiracy against Joash and assassinated him at Beth-millo that leads down to Silla.ethat leads down to Silla Meaning of Heb. uncertain. ,Ninguno
II_Kings,12,22,"ויוזכר בןשמעת ויהוזבד בןשמר&thinsp;<small></small>&thinsp;עבדיו הכהו וימת ויקברו אתו עםאבתיו בעיר דוד וימלך אמציה בנו תחתיו&nbsp;<span class=""mam-spi-pe"">{פ}</span><br>",The courtiers who assassinated him were Jozacar son of Shimeath and Jehozabad son of Shomer. He died and was buried with his ancestors in the City of David; and his son Amaziah succeeded him as king.,Ninguno
II_Kings,13,1,בשנת עשרים ושלש שנה ליואש בןאחזיהו מלך יהודה מלך יהואחז בןיהוא עלישראל בשמרון שבע עשרה שנה,"In the twenty-third year of King Joash son of Ahaziah of Judah, Jehoahaz son of Jehu became king over Israel in Samaria—for seventeen years. ",Ninguno
II_Kings,13,2,ויעש הרע בעיני יהוה וילך אחר חטאת ירבעם בןנבט אשרהחטיא אתישראל לאסר ממנה,He did what was displeasing to GOD. He persisted in the sins that Jeroboam son of Nebat had caused Israel to commit; he did not depart from them.,Ninguno
II_Kings,13,3,ויחראף יהוה בישראל ויתנם ביד&thinsp;<b></b> חזאל מלךארם וביד בןהדד בןחזאל כלהימים,GOD was angry with Israel and repeatedly delivered them into the hands of King Hazael of Aram and into the hands of Ben-hadad son of Hazael.,Ninguno
II_Kings,13,4,ויחל יהואחז אתפני יהוה וישמע אליו יהוה כי ראה אתלחץ ישראל כילחץ אתם מלך ארם,"But Jehoahaz pleaded with GOD; and GOD listened to him, having seen the suffering that the king of Aram inflicted upon Israel. ",Ninguno
II_Kings,13,5,ויתן יהוה לישראל מושיע ויצאו מתחת ידארם וישבו בניישראל באהליהם כתמול שלשום,"So GOD granted Israel a deliverer, and they gained their freedom from Aram; and Israel dwelt in its homes as before. ",Ninguno
II_Kings,13,6,אך לאסרו מחטאת ביתירבעם אשרהחטי אתישראל בה הלך וגם האשרה עמדה בשמרון,"However, they did not depart from the sins that the House of Jeroboam had caused Israel to commit; they persisted in them. Even the sacred postasacred post Used in worship of the goddess Asherah. stood in Samaria. ",Ninguno
II_Kings,13,7,כי לא השאיר ליהואחז עם כי אםחמשים פרשים ועשרה רכב ועשרת אלפים רגלי כי אבדם מלך ארם וישמם כעפר לדש,"bThis verse would read well after v. 3. In fact, Jehoahaz was left with a force of only fifty riders, ten chariots, and ten thousand foot soldiers; for the king of Aram had decimated them and trampled them like the dust under his feet.",Ninguno
II_Kings,13,8,ויתר דברי יהואחז וכלאשר עשה וגבורתו הלואהם כתובים עלספר דברי הימים למלכי ישראל,"The other events of Jehoahaz’s reign, and all his actions and his exploits, are recorded in the Annals of the Kings of Israel. ",Ninguno
II_Kings,13,9,"וישכב יהואחז עםאבתיו ויקברהו בשמרון וימלך יואש בנו תחתיו&nbsp;<span class=""mam-spi-pe"">{פ}</span><br>",Jehoahaz rested with his ancestors and he was buried in Samaria; his son Joash succeeded him as king.,Ninguno
II_Kings,13,10,בשנת שלשים ושבע שנה ליואש מלך יהודה מלך יהואש בןיהואחז עלישראל בשמרון שש עשרה שנה,"In the thirty-seventh year of King Joash of Judah, Jehoash son of Jehoahaz became king of Israel in Samaria—for sixteen years. ",Ninguno
II_Kings,13,11,ויעשה הרע בעיני יהוה לא סר מכלחטאות ירבעם בןנבט אשרהחטיא אתישראל בה הלך,He did what was displeasing to GOD; he did not depart from any of the sins that Jeroboam son of Nebat had caused Israel to commit; he persisted in them.,Ninguno
II_Kings,13,12,ויתר דברי יואש וכלאשר עשה וגבורתו אשר נלחם עם אמציה מלךיהודה הלאהם כתובים עלספר דברי הימים למלכי ישראל,"The other events of Joash’s reign, and all his actions, and his exploits in his war with King Amaziah of Judah, are recorded in the Annals of the Kings of Israel. ",Ninguno
II_Kings,13,13,"וישכב יואש עםאבתיו וירבעם ישב עלכסאו ויקבר יואש בשמרון עם מלכי ישראל&nbsp;<span class=""mam-spi-pe"">{פ}</span><br>",Joash rested with his ancestors and Jeroboam occupied his throne; Joash was buried in Samaria with the kings of Israel.,Ninguno
II_Kings,13,14,ואלישע חלה אתחליו אשר ימות בו וירד אליו יואש מלךישראל ויבך עלפניו ויאמר אבי&thinsp;<small></small>&thinsp;אבי רכב ישראל ופרשיו,"Elisha had been stricken with the illness of which he was to die, and King Joash of Israel went down to see him. He wept over him and cried, “Father, father! Israel’s chariots and riders!”cIsrael’s chariots and riders On Elisha as defender of Israel, see chapters 6–8. ",Ninguno
II_Kings,13,15,ויאמר לו אלישע קח קשת וחצים ויקח אליו קשת וחצים,"Elisha said to him, “Get a bow and arrows”; and he brought him a bow and arrows. ",Ninguno
II_Kings,13,16,ויאמר&thinsp;<b></b> למלך ישראל הרכב ידך עלהקשת וירכב ידו וישם אלישע ידיו עלידי המלך,"Then he said to the king of Israel, “Grasp the bow!” And when he had grasped it, Elisha put his hands over the king’s hands. ",Ninguno
II_Kings,13,17,ויאמר פתח החלון קדמה ויפתח ויאמר אלישע ירה ויור ויאמר חץתשועה ליהוה וחץ תשועה בארם והכית אתארם באפק עדכלה,"“Open the window toward the east,” he said; and he opened it. Elisha said, “Shoot!” and he shot. Then he said, “An arrow of victory for GOD ! An arrow of victory over Aram! You shall rout Aram completely at Aphek.” ",Ninguno
II_Kings,13,18,ויאמר קח החצים ויקח ויאמר למלךישראל הךארצה ויך שלשפעמים ויעמד,"He said, “Now pick up the arrows.” And he picked them up. “Strike the ground!” he said to the king of Israel; and he struck three times and stopped. ",Ninguno
II_Kings,13,19,"ויקצף עליו איש האלהים ויאמר להכות חמש אושש פעמים אז הכית אתארם עדכלה ועתה שלש פעמים תכה אתארם&nbsp;<span class=""mam-spi-pe"">{פ}</span><br>","The agent of God was angry with him and said to him, “If only you had struckdIf only you had struck Lit. “to strike.” five or six times! Then you would have annihilated Aram; as it is, you shall defeat Aram only three times.”",Ninguno
II_Kings,13,20,וימת אלישע ויקברהו וגדודי מואב יבאו בארץ בא שנה,Elisha died and he was buried. Now bands of Moabites used to invade the land at the coming of every year.eat the coming of every year Meaning of Heb. uncertain; emendation yields “year by year.” ,Ninguno
II_Kings,13,21,"ויהי הם&thinsp;<b></b> קברים איש והנה ראו אתהגדוד וישליכו אתהאיש בקבר אלישע וילך ויגע האיש בעצמות אלישע ויחי ויקם עלרגליו&nbsp;<span class=""mam-spi-pe"">{פ}</span><br>","Once a man was being buried, when the people caught sight of such a band; so they threw the manfthe man I.e., the corpse. into Elisha’s grave and made off.gmade off Heb. “he made off.” When the [dead] man came in contact with Elisha’s bones, he came to life and stood up.",Ninguno
II_Kings,13,22,וחזאל מלך ארם לחץ אתישראל כל ימי יהואחז,King Hazael of Aram had oppressed the Israelites throughout the reign of Jehoahaz.,Ninguno
II_Kings,13,23,ויחן יהוה אתם וירחמם ויפן אליהם למען בריתו אתאברהם יצחק ויעקב ולא אבה השחיתם ולאהשליכם מעלפניו עדעתה,"But GOD was gracious and merciful to them, and turned back to them for the sake of the covenant with Abraham, Isaac, and Jacob. [God] refrained from destroying them, and still did not cast them out from the divine presence. ",Ninguno
II_Kings,13,24,וימת חזאל מלךארם וימלך בןהדד בנו תחתיו,"When King Hazael of Aram died, his son Ben-hadad succeeded him as king; ",Ninguno
II_Kings,13,25,"וישב יהואש בןיהואחז ויקח אתהערים מיד בןהדד בןחזאל אשר לקח מיד יהואחז אביו במלחמה שלש פעמים הכהו יואש וישב אתערי ישראל&nbsp;<span class=""mam-spi-pe"">{פ}</span><br>","and then Jehoash son of Jehoahaz recovered from Ben-hadad son of Hazael the towns that had been taken from his father Jehoahaz in war. Three times Joash defeated him, and he recovered the towns of Israel.",Ninguno
II_Kings,14,1,בשנת שתים ליואש בןיואחז מלך ישראל מלך אמציהו בןיואש מלך יהודה,"In the second year of King Joash son of Joahaz of Israel, Amaziah son of King Joash of Judah became king. ",Ninguno
II_Kings,14,2,"בןעשרים וחמש שנה היה במלכו ועשרים ותשע שנה מלך בירושל͏ם ושם אמו <span class=""mam-kq""><span class=""mam-kq-k"">(יהועדין)</span> <span class=""mam-kq-q"">[יהועדן]</span></span> מןירושל͏ם","He was twenty-five years old when he became king, and he reigned twenty-nine years in Jerusalem; his mother’s name was Jehoaddan of Jerusalem. ",Ninguno
II_Kings,14,3,ויעש הישר בעיני יהוה רק לא כדוד אביו ככל אשרעשה יואש אביו עשה,"He did what was pleasing to GOD, but not like his forefather David; he did just as his father Joash had done. ",Ninguno
II_Kings,14,4,רק הבמות לאסרו עוד העם מזבחים ומקטרים בבמות,"However, the shrines were not removed; the people continued to sacrifice and make offerings at the shrines. ",Ninguno
II_Kings,14,5,ויהי כאשר חזקה הממלכה בידו ויך אתעבדיו המכים אתהמלך אביו,"Once he had the kingdom firmly in his grasp, he put to death the courtiers who had assassinated his father the king. ",Ninguno
II_Kings,14,6,"ואתבני המכים לא המית ככתוב בספרתורתמשה אשרצוה יהוה לאמר לאיומתו אבות עלבנים ובנים לאיומתו עלאבות כי אםאיש בחטאו <span class=""mam-kq""><span class=""mam-kq-k"">(ימות)</span> <span class=""mam-kq-q"">[יומת]</span></span>","But he did not put to death the children of the assassins, in accordance with what is written in the Book of the Teaching of Moses, where GOD commanded, “Parents shall not be put to death for children, nor children be put to death for parents; they shall be put to death only for their own crime.”aSo Deut. 24.16. ",Ninguno
II_Kings,14,7,"הואהכה אתאדום בגי<span class=""mam-kq""><span class=""mam-kq-q"">[מלח]</span> <span class=""mam-kq-k"">(המלח)</span></span> עשרת אלפים ותפש אתהסלע במלחמה ויקרא אתשמה יקתאל עד היום הזה&nbsp;<span class=""mam-spi-pe"">{פ}</span><br>","He defeated ten thousand Edomites in the Valley of Salt, and he captured Sela in battle and renamed it Joktheel, as is still the case. ",Ninguno
II_Kings,14,8,אז שלח אמציה מלאכים אליהואש בןיהואחז בןיהוא מלך ישראל לאמר לכה נתראה פנים,"Then Amaziah sent envoys to King Jehoash son of Jehoahaz son of Jehu of Israel, with this message: “Come, let us confrontbconfront In battle. each other.” ",Ninguno
II_Kings,14,9,וישלח יהואש מלךישראל אלאמציהו מלךיהודה לאמר החוח אשר בלבנון שלח אלהארז אשר בלבנון לאמר תנהאתבתך לבני לאשה ותעבר חית השדה אשר בלבנון ותרמס אתהחוח,"King Jehoash of Israel sent back this message to King Amaziah of Judah: “The thistle in Lebanon sent this message to the cedar in Lebanon, ‘Give your daughter to my son in marriage.’ But a wild beast in Lebanon went by and trampled down the thistle. ",Ninguno
II_Kings,14,10,הכה הכית אתאדום ונשאך לבך הכבד ושב בביתך ולמה תתגרה ברעה ונפלתה אתה ויהודה עמך,"Because you have defeated Edom, you have become arrogant. Stay home and enjoy your glory, rather than provoke disaster and fall, dragging Judah down with you.”",Ninguno
II_Kings,14,11,ולאשמע אמציהו ויעל יהואש מלךישראל ויתראו פנים הוא ואמציהו מלךיהודה בבית שמש אשר ליהודה,"But Amaziah paid no heed; so King Jehoash of Israel advanced, and he and King Amaziah of Judah confronted each other at Beth-shemesh in Judah. ",Ninguno
II_Kings,14,12,"וינגף יהודה לפני ישראל וינסו איש <span class=""mam-kq-trivial"">לאהלו</span>","Judah was routed by Israel, and [the Judahites] fled to their homes. ",Ninguno
II_Kings,14,13,"ואת אמציהו מלךיהודה בןיהואש בןאחזיהו תפש יהואש מלךישראל בבית שמש <span class=""mam-kq""><span class=""mam-kq-k"">(ויבאו)</span> <span class=""mam-kq-q"">[ויבא]</span></span> ירושל͏ם ויפרץ בחומת ירושל͏ם בשער אפרים עדשער הפנה ארבע מאות אמה","King Jehoash of Israel captured King Amaziah son of Jehoash son of Ahaziah of Judah at Beth-shemesh. He marched on Jerusalem, and he made a breach of four hundred cubits in the wall of Jerusalem, fromcfrom Heb. “at.” the Ephraim Gate to the Corner Gate. ",Ninguno
II_Kings,14,14,ולקח אתכלהזהבוהכסף ואת כלהכלים הנמצאים ביתיהוה ובאצרות בית המלך ואת בני התערבות וישב שמרונה,"He carried off all the gold and silver and all the vessels that there were in the House of GOD and in the treasuries of the royal palace, as well as hostages; and he returned to Samaria.",Ninguno
II_Kings,14,15,ויתר דברי יהואש אשר עשה וגבורתו ואשר נלחם עם אמציהו מלךיהודה הלאהם כתובים עלספר דברי הימים למלכי ישראל,"The other events of Jehoash’s reign, and all his actions and exploits, and his war with King Amaziah of Judah, are recorded in the Annals of the Kings of Israel. ",Ninguno
II_Kings,14,16,"וישכב יהואש עםאבתיו ויקבר בשמרון עם מלכי ישראל וימלך ירבעם בנו תחתיו&nbsp;<span class=""mam-spi-pe"">{פ}</span><br>","Jehoash rested with his ancestors, and was buried in Samaria with the kings of Israel; his son Jeroboam succeeded him as king.",Ninguno
II_Kings,14,17,ויחי אמציהו בןיואש מלך יהודה אחרי מות יהואש בןיהואחז מלך ישראל חמש עשרה שנה,King Amaziah son of Joash of Judah lived fifteen years after the death of King Jehoash son of Jehoahaz of Israel.,Ninguno
II_Kings,14,18,ויתר דברי אמציהו הלאהם כתבים עלספר דברי הימים למלכי יהודה,The other events of Amaziah’s reign are recorded in the Annals of the Kings of Judah.,Ninguno
II_Kings,14,19,ויקשרו עליו קשר בירושל͏ם וינס לכישה וישלחו אחריו לכישה וימתהו שם,"A conspiracy was formed against him in Jerusalem and he fled to Lachish; but they sent agents after him to Lachish, and they killed him there. ",Ninguno
II_Kings,14,20,וישאו אתו עלהסוסים ויקבר בירושל͏ם עםאבתיו בעיר דוד,"They brought back his body on horses, and he was buried with his ancestors in Jerusalem, in the City of David.",Ninguno
II_Kings,14,21,ויקחו כלעם יהודה אתעזריה והוא בןשש עשרה שנה וימלכו אתו תחת אביו אמציהו,"Then all the people of Judah took Azariah, who was sixteen years old, and proclaimed him king to succeed his father Amaziah. ",Ninguno
II_Kings,14,22,"הוא בנה אתאילת וישבה ליהודה אחרי שכבהמלך עםאבתיו&nbsp;<span class=""mam-spi-pe"">{פ}</span><br>","It was he who rebuilt Elath and restored it to Judah, after King [Amaziah] rested with his ancestors.",Ninguno
II_Kings,14,23,בשנת חמשעשרה שנה לאמציהו בןיואש מלך יהודה מלך ירבעם בןיואש מלךישראל בשמרון ארבעים ואחת שנה,"In the fifteenth year of King Amaziah son of Joash of Judah, King Jeroboam son of Joash of Israel became king in Samaria—for forty-one years. ",Ninguno
II_Kings,14,24,ויעש הרע בעיני יהוה לא סר מכלחטאות ירבעם בןנבט אשר החטיא אתישראל,He did what was displeasing to GOD; he did not depart from all the sins that Jeroboam son of Nebat had caused Israel to commit.,Ninguno
II_Kings,14,25,הוא השיב אתגבול ישראל מלבוא חמת עדים הערבה כדבר יהוה אלהי ישראל אשר דבר בידעבדו יונה בןאמתי הנביא אשר מגת החפר,"It was he who restored the territory of Israel from Lebo-hamath to the sea of the Arabah, in accordance with the promise that the ETERNAL, the God of Israel, had made through God’s servant, the prophet Jonah son of Amittai from Gath-hepher. ",Percepción (Yada)
II_Kings,14,26,כיראה יהוה אתעני ישראל מרה מאד ואפס עצור ואפס עזוב ואין עזר לישראל,"For GOD saw the very bitter plight of Israel, with neither bond nor freedbond…free See note at 1 Kings 14.10. left, and with none to help Israel. ",Ninguno
II_Kings,14,27,ולאדבר יהוה למחות אתשם ישראל מתחת השמים ויושיעם ביד ירבעם בןיואש,And GOD resolved not to blot out the name of Israel from under heaven; and he delivered them through Jeroboam son of Joash.,Ninguno
II_Kings,14,28,ויתר דברי ירבעם וכלאשר עשה וגבורתו אשרנלחם ואשר השיב אתדמשק ואתחמת ליהודה בישראל הלאהם כתובים עלספר דברי הימים למלכי ישראל,"The other events of Jeroboam’s reign, and all his actions and exploits, how he fought and recovered Damascus and Hamath for Judah in Israel,efor Judah in Israel Emendation yields “for Israel.” are recorded in the Annals of the Kings of Israel. ",Ninguno
II_Kings,14,29,"וישכב ירבעם עםאבתיו עם מלכי ישראל וימלך זכריה בנו תחתיו&nbsp;<span class=""mam-spi-pe"">{פ}</span><br>","Jeroboam rested with his ancestors, the kings of Israel, and his son Zechariah succeeded him as king.",Ninguno
II_Kings,15,1,בשנת עשרים ושבע שנה לירבעם מלך ישראל מלך עזריה בןאמציה מלך יהודה,"In the twenty-seventh year of King Jeroboam of Israel, Azariah son of King Amaziah of Judah became king. ",Ninguno
II_Kings,15,2,בןשש עשרה שנה היה במלכו וחמשים ושתים שנה מלך בירושל͏ם ושם אמו יכליהו מירושל͏ם,"He was sixteen years old when he became king, and he reigned fifty-two years in Jerusalem; his mother’s name was Jecoliah of Jerusalem. ",Ninguno
II_Kings,15,3,ויעש הישר בעיני יהוה ככל אשרעשה אמציהו אביו,"He did what was pleasing to GOD, just as his father Amaziah had done. ",Ninguno
II_Kings,15,4,רק הבמות לאסרו עוד העם מזבחים ומקטרים בבמות,"However, the shrines were not removed; the people continued to sacrifice and make offerings at the shrines. ",Ninguno
II_Kings,15,5,וינגע יהוה אתהמלך ויהי מצרע עדיום מתו וישב בבית החפשית ויותם בןהמלך עלהבית שפט אתעם הארץ," GOD struck the king with a plague, and he was a leper until the day of his death; he lived in isolated quarters,ain isolated quarters Meaning of Heb. uncertain. while Jotham, the king’s son, was in charge of the palace and governed the people of the land.",Ninguno
II_Kings,15,6,ויתר דברי עזריהו וכלאשר עשה הלאהם כתובים עלספר דברי הימים למלכי יהודה,"The other events of Azariah’s reign, and all his actions, are recorded in the Annals of the Kings of Judah. ",Ninguno
II_Kings,15,7,"וישכב עזריה עםאבתיו ויקברו אתו עםאבתיו בעיר דוד וימלך יותם בנו תחתיו&nbsp;<span class=""mam-spi-pe"">{פ}</span><br>","Azariah rested with his ancestors, and he was buried with his ancestors in the City of David; his son Jotham succeeded him as king.",Ninguno
II_Kings,15,8,בשנת שלשים ושמנה שנה לעזריהו מלך יהודה מלך זכריהו בןירבעם עלישראל בשמרון ששה חדשים,"In the thirty-eighth year of King Azariah of Judah, Zechariah son of Jeroboam became king over Israel in Samaria—for six months. ",Ninguno
II_Kings,15,9,ויעש הרע בעיני יהוה כאשר עשו אבתיו לא סר מחטאות ירבעם בןנבט אשר החטיא אתישראל,"He did what was displeasing to GOD, as his predecessors had done; he did not depart from the sins that Jeroboam son of Nebat had caused Israel to commit. ",Ninguno
II_Kings,15,10,ויקשר עליו שלם בןיבש ויכהו קבלעם וימיתהו וימלך תחתיו,"Shallum son of Jabesh conspired against him and struck him down before the peoplebbefore the people Some Septuagint mss. read “at Ibleam.” and killed him, and succeeded him as king. ",Ninguno
II_Kings,15,11,ויתר דברי זכריה הנם כתובים עלספר דברי הימים למלכי ישראל,The other events of Zechariah’s reign are recorded in the Annals of the Kings of Israel.,Ninguno
II_Kings,15,12,"הוא דבריהוה אשר דבר אליהוא לאמר בני רביעים ישבו לך עלכסא ישראל ויהיכן&nbsp;<span class=""mam-spi-pe"">{פ}</span><br>",This was in accord with the word that GOD had spoken to Jehu:cthe word that GOD had spoken to Jehu Cf. 10.30. “Four generations of your descendants shall occupy the throne of Israel.” And so it came about.,Ninguno
II_Kings,15,13,שלום בןיביש מלך בשנת שלשים ותשע שנה לעזיה מלך יהודה וימלך ירחימים בשמרון,"Shallum son of Jabesh became king in the thirty-ninth year of King Uzziah of Judah, and he reigned in Samaria one month. ",Ninguno
II_Kings,15,14,ויעל מנחם בןגדי מתרצה ויבא שמרון ויך אתשלום בןיביש בשמרון וימיתהו וימלך תחתיו,"Then Menahem son of Gadi set out from Tirzah and came to Samaria; he attacked Shallum son of Jabesh in Samaria and killed him, and he succeeded him as king. ",Ninguno
II_Kings,15,15,ויתר דברי שלום וקשרו אשר קשר הנם כתובים עלספר דברי הימים למלכי ישראל,"The other events of Shallum’s reign, and the conspiracy that he formed, are recorded in the Annals of the Kings of Israel.",Ninguno
II_Kings,15,16,"אז יכהמנחם אתתפסח ואתכלאשרבה ואתגבוליה מתרצה כי לא פתח ויך את כלההרותיה בקע&nbsp;<span class=""mam-spi-pe"">{פ}</span><br>","At that time, [marching] from Tirzah,d[marching] from Tirzah Meaning of Heb. uncertain. Menahem subdued Tiphsah and all who were in it, and its territory; and because it did not surrender, he massacred [its people] and ripped open all its pregnant women.",Ninguno
II_Kings,15,17,בשנת שלשים ותשע שנה לעזריה מלך יהודה מלך מנחם בןגדי עלישראל עשר שנים בשמרון,"In the thirty-ninth year of King Azariah of Judah, Menahem son of Gadi became king over Israel in Samaria—for ten years. ",Ninguno
II_Kings,15,18,ויעש הרע בעיני יהוה לא סר מעל חטאות ירבעם בןנבט אשרהחטיא אתישראל כלימיו,He did what was displeasing to GOD; throughout his days he did not depart from the sins that Jeroboam son of Nebat had caused Israel to commit.,Ninguno
II_Kings,15,19,בא פול מלךאשור עלהארץ ויתן מנחם לפול אלף ככרכסף להיות ידיו אתו להחזיק הממלכה בידו,"King Pul of Assyria invaded the land, and Menahem gave Pul a thousand talents of silver that he might support him and strengthen his hold on the kingdom. ",Ninguno
II_Kings,15,20,ויצא מנחם אתהכסף עלישראל על כלגבורי החיל לתת למלך אשור חמשים שקלים כסף לאיש אחד וישב מלך אשור ולאעמד שם בארץ,Menahem exacted the money from Israel: every man of means had to pay fifty shekels of silver for the king of Assyria. The king of Assyria withdrew and did not remain in the land.,Ninguno
II_Kings,15,21,ויתר דברי מנחם וכלאשר עשה הלואהם כתובים עלספר דברי הימים למלכי ישראל,"The other events of Menahem’s reign, and all his actions, are recorded in the Annals of the Kings of Israel. ",Ninguno
II_Kings,15,22,"וישכב מנחם עםאבתיו וימלך פקחיה בנו תחתיו&nbsp;<span class=""mam-spi-pe"">{פ}</span><br>","Menahem rested with his ancestors, and his son Pekahiah succeeded him as king.",Ninguno
II_Kings,15,23,בשנת חמשים שנה לעזריה מלך יהודה מלך פקחיה בןמנחם עלישראל בשמרון שנתים,"In the fiftieth year of King Azariah of Judah, Pekahiah son of Menahem became king over Israel in Samaria—for two years. ",Ninguno
II_Kings,15,24,ויעש הרע בעיני יהוה לא סר מחטאות ירבעם בןנבט אשר החטיא אתישראל,He did what was displeasing to GOD; he did not depart from the sins that Jeroboam son of Nebat had caused Israel to commit.,Ninguno
II_Kings,15,25,"ויקשר עליו פקח בןרמליהו שלישו ויכהו בשמרון בארמון בית<span class=""mam-kq""><span class=""mam-kq-q"">[המלך]</span> <span class=""mam-kq-k"">(מלך)</span></span> אתארגב ואתהאריה ועמו חמשים איש מבני גלעדים וימתהו וימלך תחתיו","His aide, Pekah son of Remaliah, conspired against him and struck him down in the royal palace in Samaria; with him were fifty Gileadites, with men from Argob and Arieh;ewith men from Argob and Arieh Meaning of Heb. uncertain. and he killed him and succeeded him as king.",Ninguno
II_Kings,15,26,"ויתר דברי פקחיה וכלאשר עשה הנם כתובים עלספר דברי הימים למלכי ישראל&nbsp;<span class=""mam-spi-pe"">{פ}</span><br>","The other events of Pekahiah’s reign, and all his actions, are recorded in the Annals of the Kings of Israel.",Ninguno
II_Kings,15,27,בשנת חמשים ושתים שנה לעזריה מלך יהודה מלך פקח בןרמליהו עלישראל בשמרון עשרים שנה,"In the fifty-second year of King Azariah of Judah, Pekah son of Remaliah became king over Israel and Samaria—for twenty years. ",Ninguno
II_Kings,15,28,ויעש הרע בעיני יהוה לא סר מןחטאות ירבעם בןנבט אשר החטיא אתישראל,He did what was displeasing to GOD; he did not depart from the sins that Jeroboam son of Nebat had caused Israel to commit.,Ninguno
II_Kings,15,29,בימי פקח מלךישראל בא תגלת פלאסר מלך אשור ויקח אתעיון ואתאבל ביתמעכה ואתינוח ואתקדש ואתחצור ואתהגלעד ואתהגלילה כל ארץ נפתלי ויגלם אשורה,"In the days of King Pekah of Israel, King Tiglath-pileser of Assyria came and captured Ijon, Abel-beth-maacah, Janoah, Kedesh, Hazor—Gilead, Galilee, the entire region of Naphtali; and he deported the inhabitantsfthe inhabitants Heb. “them.” to Assyria.",Ninguno
II_Kings,15,30,ויקשרקשר הושע בןאלה עלפקח בןרמליהו ויכהו וימיתהו וימלך תחתיו בשנת עשרים ליותם בןעזיה,"Hoshea son of Elah conspired against Pekah son of Remaliah, attacked him, and killed him. He succeeded him as king in the twentieth year of Jotham son of Uzziah. ",Ninguno
II_Kings,15,31,"ויתר דבריפקח וכלאשר עשה הנם כתובים עלספר דברי הימים למלכי ישראל&nbsp;<span class=""mam-spi-pe"">{פ}</span><br>","The other events of Pekah’s reign, and all his actions, are recorded in the Annals of the Kings of Israel.",Ninguno
II_Kings,15,32,בשנת שתים לפקח בןרמליהו מלך ישראל מלך יותם בןעזיהו מלך יהודה,"In the second year of King Pekah son of Remaliah of Israel, Jotham son of King Uzziah of Judah became king. ",Ninguno
II_Kings,15,33,בןעשרים וחמש שנה היה במלכו וששעשרה שנה מלך בירושל͏ם ושם אמו ירושא בתצדוק,"He was twenty-five years old when he became king, and he reigned sixteen years in Jerusalem; his mother’s name was Jerusha daughter of Zadok. ",Ninguno
II_Kings,15,34,ויעש הישר בעיני יהוה ככל אשרעשה עזיהו אביו עשה,"He did what was pleasing to GOD, just as his father Uzziah had done. ",Ninguno
II_Kings,15,35,רק הבמות לא סרו עוד העם מזבחים ומקטרים בבמות הוא בנה אתשער ביתיהוה העליון,"However, the shrines were not removed; the people continued to sacrifice and make offerings at the shrines. It was he who built the Upper Gate of the House of GOD. ",Ninguno
II_Kings,15,36,ויתר דברי יותם אשר עשה הלאהם כתובים עלספר דברי הימים למלכי יהודה,"The other events of Jotham’s reign, and all his actions, are recorded in the Annals of the Kings of Judah. ",Ninguno
II_Kings,15,37,בימים ההם החל יהוה להשליח ביהודה רצין מלך ארם ואת פקח בןרמליהו,"In those days, GOD began to incite King Rezin of Aram and Pekah son of Remaliah against Judah. ",Ninguno
II_Kings,15,38,"וישכב יותם עםאבתיו ויקבר עםאבתיו בעיר דוד אביו וימלך אחז בנו תחתיו&nbsp;<span class=""mam-spi-pe"">{פ}</span><br>","Jotham rested with his ancestors, and he was buried with his ancestors in the city of his forefather David; his son Ahaz succeeded him as king.",Ninguno
II_Kings,16,1,בשנת שבעעשרה שנה לפקח בןרמליהו מלך אחז בןיותם מלך יהודה,"In the seventeenth year of Pekah son of Remaliah, Ahaz son of King Jotham of Judah became king. ",Ninguno
II_Kings,16,2,בןעשרים שנה אחז במלכו וששעשרה שנה מלך בירושל͏ם ולאעשה הישר בעיני יהוה אלהיו כדוד אביו,"Ahaz was twenty years old when he became king, and he reigned sixteen years in Jerusalem. He did not do what was pleasing to the ETERNAL his God, as his forefather David had done, ",Ninguno
II_Kings,16,3,וילך בדרך מלכי ישראל וגם אתבנו העביר באש כתעבות הגוים אשר הוריש יהוה אתם מפני בני ישראל,"but followed the ways of the kings of Israel. He even consigned his son to the fire, in the abhorrent fashion of the nations that GOD had dispossessed before the Israelites. ",Ninguno
II_Kings,16,4,ויזבח ויקטר בבמות ועלהגבעות ותחת כלעץ רענן,"He sacrificed and made offerings at the shrines, on the hills, and under every leafy tree.",Ninguno
II_Kings,16,5,אז יעלה רצין מלךארם ופקח בןרמליהו מלךישראל ירושל͏ם למלחמה ויצרו עלאחז ולא יכלו להלחם,"Then King Rezin of Aram and King Pekah son of Remaliah of Israel advanced on Jerusalem for battle. They besieged Ahaz, but could not overcome [him]. ",Ninguno
II_Kings,16,6,"בעת ההיא השיב רצין מלךארם אתאילת לארם וינשל אתהיהודים מאילות <span class=""mam-kq""><span class=""mam-kq-k"">(וארמים)</span> <span class=""mam-kq-q"">[ואדמים]</span></span> באו אילת וישבו שם עד היום הזה","At that time King Rezin of Aram recovered Elath for Aram;aAram Emendation yields “Edom.” he drove out the Judahites from Elath, and Edomites came to Elath and settled there, as is still the case.",Ninguno
II_Kings,16,7,וישלח אחז מלאכים אלתגלת פלסר מלךאשור לאמר עבדך ובנך אני עלה והושעני מכף מלךארם ומכף מלך ישראל הקומים עלי,"Ahaz sent messengers to King Tiglath-pileser of Assyria to say, “I am your servant and your son; come and deliver me from the hands of the king of Aram and from the hands of the king of Israel, who are attacking me.” ",Ninguno
II_Kings,16,8,ויקח אחז אתהכסף ואתהזהב הנמצא בית יהוה ובאצרות בית המלך וישלח למלךאשור שחד,Ahaz took the gold and silver that were on hand in the House of GOD and in the treasuries of the royal palace and sent them as a gift to the king of Assyria.,Ninguno
II_Kings,16,9,וישמע אליו מלך אשור ויעל מלך אשור אלדמשק ויתפשה ויגלה קירה ואתרצין המית,The king of Assyria responded to his request; the king of Assyria marched against Damascus and captured it. He deported its inhabitantsbits inhabitants Heb. “it.” to Kir and put Rezin to death.,Ninguno
II_Kings,16,10,וילך המלך אחז לקראת תגלת פלאסר מלךאשור דומשק וירא אתהמזבח אשר בדמשק וישלח המלך אחז אלאוריה הכהן אתדמות המזבח ואתתבניתו לכלמעשהו,"When King Ahaz went to Damascus to greet King Tiglath-pileser of Assyria, he saw the altar in Damascus. King Ahaz sent the priest Uriah a sketch of the altar and a detailed plan of its construction. ",Ninguno
II_Kings,16,11,ויבן אוריה הכהן אתהמזבח ככל אשרשלח המלך אחז מדמשק כן עשה אוריה הכהן עדבוא המלךאחז מדמשק,The priest Uriah did just as King Ahaz had instructed him from Damascus; the priest Uriah built the altar before King Ahaz returned from Damascus.,Ninguno
II_Kings,16,12,ויבא המלך מדמשק וירא המלך אתהמזבח ויקרב המלך עלהמזבח ויעל עליו,"When the king returned from Damascus, and when the king saw the altar, the king drew near the altar, ascended it, ",Ninguno
II_Kings,16,13,ויקטר אתעלתו ואתמנחתו ויסך אתנסכו ויזרק אתדםהשלמים אשרלו עלהמזבח,"and offered his burnt offering and grain offering; he poured his libation, and he dashed the blood of his offering of well-being against the altar. ",Ninguno
II_Kings,16,14,ואת המזבח הנחשת אשר לפני יהוה ויקרב מאת פני הבית מבין המזבח ומבין בית יהוה ויתן אתו עלירך המזבח צפונה,"As for the bronze altar that had been before GOD, he moved it from its place in front of the temple, between the [new] altar and the House of GOD,cbetween the [new] altar and the House of GOD Meaning of Heb. uncertain. and placed it on the north side of the [new] altar. ",Separación (Beyn)
II_Kings,16,15,"<span class=""mam-kq""><span class=""mam-kq-k"">(ויצוהו)</span> <span class=""mam-kq-q"">[ויצוה]</span></span> המלךאחז אתאוריה הכהן לאמר על המזבח הגדול הקטר אתעלתהבקר ואתמנחת הערב ואתעלת המלך ואתמנחתו ואת עלת כלעם הארץ ומנחתם ונסכיהם וכלדם עלה וכלדםזבח עליו תזרק ומזבח הנחשת יהיהלי לבקר","And King Ahaz commanded the priest Uriah: “On the great altardthe great altar I.e., the new one. you shall offer the morning burnt offering and the evening grain offering and the king’s burnt offering and his grain offering, with the burnt offerings of all the people of the land, their grain offerings and their libations. And against it you shall dash the blood of all the burnt offerings and all the blood of the sacrifices. And I will decide about the bronze altar.”ethe bronze altar I.e., the old one, cf. v. 14. ",Ninguno
II_Kings,16,16,ויעש אוריה הכהן ככל אשרצוה המלך אחז,Uriah did just as King Ahaz commanded.,Ninguno
II_Kings,16,17,"ויקצץ המלך אחז אתהמסגרות המכונת ויסר מעליהם <span class=""mam-kq""><span class=""mam-kq-k"">(ואת)</span> <span class=""mam-kq-q"">[את]</span></span>הכיר ואתהים הורד מעל הבקר הנחשת אשר תחתיה ויתן אתו על מרצפת אבנים",King Ahaz cut off the insets—the laver stands—and removed the lavers from them. He also removed the tank from the bronze oxen that supported it and set it on a stone pavement—,Ninguno
II_Kings,16,18,"ואת<span class=""mam-kq""><span class=""mam-kq-q"">[מוסך]</span> <span class=""mam-kq-k"">(מיסך)</span></span> השבת אשרבנו בבית ואתמבוא המלך החיצונה הסב בית יהוה מפני מלך אשור","on account of the king of Assyria.fon account of the king of Assyria I.e., because of the metal given him in tribute. He also extended to the House of GOD the sabbath passage that had been built in the palace and the king’s outer entrance.gthe sabbath passage … outer entrance Meaning of Heb. uncertain. ",Ninguno
II_Kings,16,19,ויתר דברי אחז אשר עשה הלאהם כתובים עלספר דברי הימים למלכי יהודה,"The other events of Ahaz’s reign, and his actions, are recorded in the Annals of the Kings of Judah. ",Ninguno
II_Kings,16,20,"וישכב אחז עםאבתיו ויקבר עםאבתיו בעיר דוד וימלך חזקיהו בנו תחתיו&nbsp;<span class=""mam-spi-pe"">{פ}</span><br>",Ahaz rested with his ancestors and was buried with his ancestors in the City of David; his son Hezekiah succeeded him as king.,Ninguno
II_Kings,17,1,בשנת שתים עשרה לאחז מלך יהודה מלך הושע בןאלה בשמרון עלישראל תשע שנים,"In the twelfth year of King Ahaz of Judah, Hoshea son of Elah became king over Israel in Samaria—for nine years. ",Ninguno
II_Kings,17,2,ויעש הרע בעיני יהוה רק לא כמלכי ישראל אשר היו לפניו,"He did what was displeasing to GOD, though not as much as the kings of Israel who preceded him. ",Ninguno
II_Kings,17,3,עליו עלה שלמנאסר מלך אשור ויהילו הושע עבד וישב לו מנחה,"King Shalmaneser marched against him, and Hoshea became his vassal and paid him tribute. ",Ninguno
II_Kings,17,4,וימצא מלךאשור בהושע קשר אשר שלח מלאכים אלסוא מלךמצרים ולאהעלה מנחה למלך אשור כשנה בשנה ויעצרהו מלך אשור ויאסרהו בית כלא,"But the king of Assyria caught Hoshea in an act of treachery: he had sent envoys to King So of Egypt, and he had not paid the tribute to the king of Assyria, as in previous years. And the king of Assyria arrested him and put him in prison. ",Ninguno
II_Kings,17,5,ויעל מלךאשור בכלהארץ ויעל שמרון ויצר עליה שלש שנים,Then the king of Assyria marched against the whole land; he came to Samaria and besieged it for three years.,Ninguno
II_Kings,17,6,"בשנת התשעית להושע לכד מלךאשור אתשמרון ויגל אתישראל אשורה וישב אותם בחלח ובחבור נהר גוזן וערי מדי&nbsp;<span class=""mam-spi-pe"">{פ}</span><br>","In the ninth year of Hoshea, the king of Assyria captured Samaria. He deported the Israelites to Assyria and settled them in Halah, at the [River] Habor, at the River Gozan, and in the towns of Media.",Ninguno
II_Kings,17,7,ויהי כיחטאו בניישראל ליהוה אלהיהם המעלה אתם מארץ מצרים מתחת יד פרעה מלךמצרים וייראו אלהים אחרים,"This happened because the Israelites sinned against the ETERNAL their God, who had freed them from the land of Egypt, from the hand of Pharaoh king of Egypt. They worshiped other gods ",Ninguno
II_Kings,17,8,וילכו בחקות הגוים אשר הוריש יהוה מפני בני ישראל ומלכי ישראל אשר עשו,and followed the customs of the nations that GOD had dispossessed before the Israelites and the customs that the kings of Israel had practiced.,Ninguno
II_Kings,17,9,ויחפאו בניישראל דברים אשר לאכן עליהוה אלהיהם ויבנו להם במות בכלעריהם ממגדל נוצרים עדעיר מבצר,"The Israelites committedacommitted Meaning of Heb. uncertain. against the ETERNAL their God acts that were not right: They built for themselves shrines in all their settlements, from watchtowers to fortified cities; ",Ninguno
II_Kings,17,10,ויצבו להם מצבות ואשרים על כלגבעה גבהה ותחת כלעץ רענן,they set up pillars and sacred postsbsacred posts See note at 13.6. for themselves on every lofty hill and under every leafy tree; ,Ninguno
II_Kings,17,11,ויקטרושם בכלבמות כגוים אשרהגלה יהוה מפניהם ויעשו דברים רעים להכעיס אתיהוה,"and they offered sacrifices there, at all the shrines, like the nations whom GOD had driven into exile before them. They committed wicked acts to provoke GOD’s anger, ",Ninguno
II_Kings,17,12,ויעבדו הגללים אשר אמר יהוה להם לא תעשו אתהדבר הזה,"and they worshiped fetishes concerning which GOD had said to them, “You must not do this thing.”",Ninguno
II_Kings,17,13,"ויעד יהוה בישראל וביהודה ביד כל<span class=""mam-kq""><span class=""mam-kq-q"">[נביאי]</span> <span class=""mam-kq-k"">(נביאו)</span></span> כלחזה לאמר שבו מדרכיכם הרעים ושמרו מצותי חקותי ככלהתורה אשר צויתי אתאבתיכם ואשר שלחתי אליכם ביד עבדי הנביאים"," 
GOD
 warned Israel and Judah by every prophet [and] every seer, saying: “Turn back from your wicked ways, and observe My commandments and My laws, according to all the Teaching that I commanded your ancestors and that I transmitted to you through My servants the prophets.” ",Ninguno
II_Kings,17,14,ולא שמעו ויקשו אתערפם כערף אבותם אשר לא האמינו ביהוה אלהיהם,"But they did not obey; they stiffened their necks, like their ancestors who did not have faith in the ETERNAL their God; ",Ninguno
II_Kings,17,15,וימאסו אתחקיו ואתבריתו אשר כרת אתאבותם ואת עדותיו אשר העיד בם וילכו אחרי ההבל ויהבלו ואחרי הגוים אשר סביבתם אשר צוה יהוה אתם לבלתי עשות כהם,"they spurned God’s laws and the covenant that had been made with their ancestors, and the warnings they had been given. They went after delusion and were deluded; [they imitated] the nations that were about them, which GOD had forbidden them to emulate. ",Ninguno
II_Kings,17,16,"ויעזבו אתכלמצות יהוה אלהיהם ויעשו להם מסכה <span class=""mam-kq""><span class=""mam-kq-k"">(שנים)</span> <span class=""mam-kq-q"">[שני]</span></span> עגלים ויעשו אשירה וישתחוו לכלצבא השמים ויעבדו אתהבעל","They rejected all the commandments of the ETERNAL their God; they made molten idols for themselves—two calves—and they made a sacred postcsacred post See note at 13.6. and they bowed down to all the host of heaven, and they worshiped Baal. ",Ninguno
II_Kings,17,17,ויעבירו אתבניהם ואתבנותיהם באש ויקסמו קסמים וינחשו ויתמכרו לעשות הרע בעיני יהוה להכעיסו,"They consigned their sons and daughters to the fire; they practiced augury and divination, and gave themselves over to what was displeasing to GOD—and provoked anger. ",Ninguno
II_Kings,17,18,ויתאנף יהוה מאד בישראל ויסרם מעל פניו לא נשאר רק שבט יהודה לבדו,GOD was incensed at Israel and banished them from the divine presence; none was left but the tribe of Judah alone.,Ninguno
II_Kings,17,19,גםיהודה לא שמר אתמצות יהוה אלהיהם וילכו בחקות ישראל אשר עשו,Nor did Judah keep the commandments of the ETERNAL their God; they followed the customs that Israel had practiced.,Ninguno
II_Kings,17,20,וימאס יהוה בכלזרע ישראל ויענם ויתנם בידשסים עד אשר השליכם מפניו,"So GOD spurned all the offspring of Israel, and afflicted them and delivered them into the hands of plunderers, and finally cast them out from the divine presence.",Ninguno
II_Kings,17,21,"כיקרע ישראל מעל בית דוד וימליכו אתירבעם בןנבט <span class=""mam-kq""><span class=""mam-kq-k"">(וידא)</span> <span class=""mam-kq-q"">[וידח]</span></span> ירבעם אתישראל מאחרי יהוה והחטיאם חטאה גדולה","For Israel broke away from the House of David, and they made Jeroboam son of Nebat king. Jeroboam caused Israel to stray from GOD and to commit great sin, ",Ninguno
II_Kings,17,22,וילכו בני ישראל בכלחטאות ירבעם אשר עשה לאסרו ממנה,and the Israelites persisted in all the sins that Jeroboam had committed; they did not depart from them.,Ninguno
II_Kings,17,23,"עד אשרהסיר יהוה אתישראל מעל פניו כאשר דבר ביד כלעבדיו הנביאים ויגל ישראל מעל אדמתו אשורה עד היום הזה&nbsp;<span class=""mam-spi-pe"">{פ}</span><br>","In the end, GOD removed Israel from the divine presence, as they had been warned through all God’s servants the prophets. So the Israelites were deported from their land to Assyria, as is still the case.",Ninguno
II_Kings,17,24,ויבא מלךאשור מבבל ומכותה ומעוא ומחמת וספרוים וישב בערי שמרון תחת בני ישראל וירשו אתשמרון וישבו בעריה,"The king of Assyria brought [people] from Babylon, Cuthah, Avva, Hamath, and Sepharvaim, and he settled them in the towns of Samaria in place of the Israelites; they took possession of Samaria and dwelt in its towns. ",Ninguno
II_Kings,17,25,ויהי בתחלת שבתם שם לא יראו אתיהוה וישלח יהוה בהם אתהאריות ויהיו הרגים בהם,"When they first settled there, they did not worship GOD; so GOD sent lions against them that killed some of them. ",Ninguno
II_Kings,17,26,ויאמרו למלך אשור לאמר הגוים אשר הגלית ותושב בערי שמרון לא ידעו אתמשפט אלהי הארץ וישלחבם אתהאריות והנם ממיתים אותם כאשר אינם ידעים אתמשפט אלהי הארץ,They said to the king of Assyria: “The nations that you deported and resettled in the towns of Samaria do not know the rules of the God of the land; therefore [that God] has let lions loose against them that are killing them—for they do not know the rules of the God of the land.”,Percepción (Yada)
II_Kings,17,27,ויצו מלךאשור לאמר הליכו שמה אחד מהכהנים אשר הגליתם משם וילכו וישבו שם וירם אתמשפט אלהי הארץ,"The king of Assyria gave an order: “Send there one of the priests whom you have deported; let himdhim Heb. “them.” go and dwell there, and let him teach them the practices of the God of the land.” ",Ninguno
II_Kings,17,28,ויבא אחד מהכהנים אשר הגלו משמרון וישב בביתאל ויהי מורה אתם איך ייראו אתיהוה,So one of the priests whom they had exiled from Samaria came and settled in Bethel; he taught them how to worship GOD.,Ninguno
II_Kings,17,29,ויהיו עשים גוי גוי אלהיו ויניחו&thinsp;<b></b> בבית הבמות אשר עשו השמרנים גוי גוי בעריהם אשר הם ישבים שם,"However, each nation continued to make its own gods and to set them up in the cult places that had been made by the people of Samaria; each nation [set them up] in the towns in which it lived. ",Ninguno
II_Kings,17,30,ואנשי בבל עשו אתסכות בנות ואנשיכות עשו אתנרגל ואנשי חמת עשו אתאשימא,"Inhabitants from Babylon made Succoth-benoth, and inhabitants from Cuth made Nergal, and inhabitants from Hamath made Ashima, ",Ninguno
II_Kings,17,31,"והעוים עשו נבח<big>ז</big> ואתתרתק והספרוים שרפים אתבניהם באש לאדרמלך וענמלך <span class=""mam-kq""><span class=""mam-kq-k"">(אלה)</span> <span class=""mam-kq-q"">[אלהי]</span></span> <span class=""mam-kq""><span class=""mam-kq-k"">(ספרים)</span> <span class=""mam-kq-q"">[ספרוים]</span></span>","and the Avvites made Nibhaz and Tartak; and the Sepharvites burned their children [as offerings] to Adrammelech and Anamelech, the gods of Sepharvaim. ",Ninguno
II_Kings,17,32,ויהיו יראים אתיהוה ויעשו להם מקצותם כהני במות ויהיו עשים להם בבית הבמות,"They worshiped GOD, but they also appointed from their own ranks priests of the shrines, who officiated for them in the cult places. ",Ninguno
II_Kings,17,33,אתיהוה היו יראים ואתאלהיהם היו עבדים כמשפט הגוים אשרהגלו אתם משם,"They worshiped GOD, while serving their own gods according to the practices of the nations from which they had been deported. ",Ninguno
II_Kings,17,34,עד היום הזה הם עשים כמשפטים הראשנים אינם יראים אתיהוה ואינם עשים כחקתם וכמשפטם וכתורה וכמצוה אשר צוה יהוה אתבני יעקב אשרשם שמו ישראל,"To this day, they follow their former practices. They do not worship GOD [properly]. They do not follow the laws and practices, the Teaching and Instruction that GOD enjoined upon the descendants of Jacob—who was given the name Israel— ",Ninguno
II_Kings,17,35,ויכרת יהוה אתם ברית ויצום לאמר לא תיראו אלהים אחרים ולאתשתחוו להם ולא תעבדום ולא תזבחו להם,having made a covenant with them and commanding them: “You shall worship no other gods; you shall not bow down to them nor serve them nor sacrifice to them.,Ninguno
II_Kings,17,36,כי אםאתיהוה אשר העלה אתכם מארץ מצרים בכח גדול ובזרוע נטויה אתו תיראו ולו תשתחוו ולו תזבחו,"You must worship only the ETERNAL your God, who brought you out of the land of Egypt with great might and with an outstretched arm: to whom alone shall you bow down and to whom alone shall you sacrifice. ",Ninguno
II_Kings,17,37,ואתהחקים ואתהמשפטים והתורה והמצוה אשר כתב לכם תשמרון לעשות כלהימים ולא תיראו אלהים אחרים,"You shall observe faithfully, all your days, the laws and the practices; the Teaching and Instruction that IeI Heb. “He.” wrote down for you; do not worship other gods. ",Ninguno
II_Kings,17,38,והברית אשרכרתי אתכם לא תשכחו ולא תיראו אלהים אחרים,Do not forget the covenant that I made with you; do not worship other gods.,Ninguno
II_Kings,17,39,כי אםאתיהוה אלהיכם תיראו והוא יציל אתכם מיד כלאיביכם,"Worship only the ETERNAL your God, and you will be saved from the hands of all your enemies.” ",Ninguno
II_Kings,17,40,ולא שמעו כי אםכמשפטם הראשון הם עשים,But they did not obey; they continued their former practices.,Ninguno
II_Kings,17,41,"ויהיו&thinsp;<b></b> הגוים האלה יראים אתיהוה ואתפסיליהם היו עבדים גםבניהם&thinsp;<b></b> ובני בניהם כאשר עשו אבתם הם עשים עד היום הזה&nbsp;<span class=""mam-spi-pe"">{פ}</span><br>","Those nations worshiped GOD, but they also served their idols. To this day their children and their children’s children do as their ancestors did.",Ninguno
II_Kings,18,1,ויהי בשנת שלש להושע בןאלה מלך ישראל מלך חזקיה בןאחז מלך יהודה,"In the third year of King Hoshea son of Elah of Israel, Hezekiah son of King Ahaz of Judah became king. ",Ninguno
II_Kings,18,2,בןעשרים וחמש שנה היה במלכו ועשרים ותשע שנה מלך בירושל͏ם ושם אמו אבי בתזכריה,"He was twenty-five years old when he became king, and he reigned in Jerusalem twenty-nine years; his mother’s name was AbiaAbi Cf. 2 Chron. 29.1 “Abijah.” daughter of Zechariah. ",Ninguno
II_Kings,18,3,ויעש הישר בעיני יהוה ככל אשרעשה דוד אביו,"He did what was pleasing to GOD, just as his forefather David had done. ",Ninguno
II_Kings,18,4,הוא&thinsp;<b></b> הסיר אתהבמות ושבר אתהמצבת וכרת אתהאשרה וכתת נחש הנחשת אשרעשה משה כי עדהימים ההמה היו בניישראל מקטרים לו ויקראלו נחשתן,"He abolished the shrines and smashed the pillars and cut down the sacred post.bsacred post See note at 13.6. He also broke into pieces the bronze serpent that Moses had made, for until that time the Israelites had been offering sacrifices to it; it was called Nehushtan. ",Ninguno
II_Kings,18,5,ביהוה אלהיישראל בטח ואחריו לאהיה כמהו בכל מלכי יהודה ואשר היו לפניו,"He trusted only in the ETERNAL the God of Israel; there was none like him among all the kings of Judah after him, nor among those before him. ",Ninguno
II_Kings,18,6,וידבק ביהוה לאסר מאחריו וישמר מצותיו אשרצוה יהוה אתמשה,"He clung to GOD; he did not hesitate to be directed,chesitate to be directed Lit. “turn away from following Him.” but kept the commandments that GOD had given to Moses. ",Ninguno
II_Kings,18,7,והיה יהוה עמו בכל אשריצא ישכיל וימרד במלךאשור ולא עבדו,And GOD was always with him; he was successful wherever he turned. He rebelled against the king of Assyria and would not serve him.,Ninguno
II_Kings,18,8,"הואהכה אתפלשתים עדעזה ואתגבוליה ממגדל נוצרים עדעיר מבצר&nbsp;<span class=""mam-spi-pe"">{פ}</span><br>","He overran Philistia as far as Gaza and its border areas, from watchtower to fortified town.",Ninguno
II_Kings,18,9,ויהי בשנה הרביעית למלך חזקיהו היא השנה השביעית להושע בןאלה מלך ישראל עלה שלמנאסר מלךאשור עלשמרון ויצר עליה,"In the fourth year of King Hezekiah, which was the seventh year of King Hoshea son of Elah of Israel, King Shalmaneser of Assyria marched against Samaria and besieged it, ",Ninguno
II_Kings,18,10,וילכדה מקצה שלש שנים בשנתשש לחזקיה היא שנתתשע להושע מלך ישראל נלכדה שמרון,"and hedhe So some mss. and ancient versions; most mss. and editions read “they.” captured it at the end of three years. In the sixth year of Hezekiah, which was the ninth year of King Hoshea of Israel, Samaria was captured; ",Ninguno
II_Kings,18,11,ויגל מלךאשור אתישראל אשורה וינחם בחלח ובחבור נהר גוזן וערי מדי,"and the king of Assyria deported the Israelites to Assyria. He settled them inesettled them in Lit. “led them to.” Halah, along the Habor [and] the River Gozan, and in the towns of Media. ",Ninguno
II_Kings,18,12,"על&thinsp;<b></b> אשר לאשמעו בקול יהוה אלהיהם ויעברו אתבריתו את כלאשר צוה משה עבד יהוה ולא שמעו ולא עשו&nbsp;<span class=""mam-spi-pe"">{פ}</span><br>",[This happened] because they did not obey the ETERNAL their God; they transgressed God’s covenant—all that Moses the servant of GOD had commanded. They did not obey and they did not fulfill it.,Ninguno
II_Kings,18,13,ובארבע עשרה שנה למלך חזקיה עלה סנחריב מלךאשור על כלערי יהודה הבצרות ויתפשם,"In the fourteenth year of King Hezekiah, King Sennacherib of Assyria marched against all the fortified towns of Judah and seized them. ",Ninguno
II_Kings,18,14,וישלח חזקיה מלךיהודה אלמלךאשור&thinsp;<small></small>&thinsp;לכישה&thinsp;<small></small>&thinsp;לאמר&thinsp;<small></small>&thinsp;חטאתי שוב מעלי את אשרתתן עלי אשא וישם מלךאשור עלחזקיה מלךיהודה שלש מאות ככרכסף ושלשים ככר זהב,King Hezekiah sent this message to the king of Assyria at Lachish: “I have done wrong; withdraw from me; and I shall bear whatever you impose on me.” So the king of Assyria imposed upon King Hezekiah of Judah a payment of three hundred talents of silver and thirty talents of gold.,Ninguno
II_Kings,18,15,ויתן חזקיה אתכלהכסף הנמצא ביתיהוה ובאצרות בית המלך,Hezekiah gave him all the silver that was on hand in the House of GOD and in the treasuries of the palace.,Ninguno
II_Kings,18,16,"בעת ההיא קצץ חזקיה אתדלתות היכל יהוה ואתהאמנות אשר צפה חזקיה מלך יהודה ויתנם למלך אשור&nbsp;<span class=""mam-spi-pe"">{פ}</span><br>","At that time Hezekiah cut down the doors and the doorpostsfdoorposts Meaning of Heb. uncertain. of the Temple of GOD, which King Hezekiah had overlaid [with gold], and gave them to the king of Assyria.",Ninguno
II_Kings,18,17,וישלח מלךאשור אתתרתן ואתרבסריס&thinsp;<b></b> ואתרבשקה מןלכיש אלהמלך חזקיהו בחיל כבד ירושל͏ם ויעלו ויבאו ירושל͏ם ויעלו ויבאו ויעמדו בתעלת הברכה העליונה אשר במסלת שדה כבס,"But the king of Assyria sent the Tartan, the Rabsaris, and the RabshakehgTartan…Rabsaris…Rabshakeh Assyrian titles. from Lachish with a large force to King Hezekiah in Jerusalem. They marched up to Jerusalem; and when they arrived, they took up a position near the conduit of the Upper Pool, by the road of the Fuller’s Field. ",Ninguno
II_Kings,18,18,ויקראו אלהמלך ויצא אלהם אליקים בןחלקיהו אשר עלהבית ושבנה הספר ויואח בןאסף המזכיר,"They summoned the king; and Eliakim son of Hilkiah, who was in charge of the palace, Shebna the scribe, and Joah son of Asaph the recorder went out to them.",Ninguno
II_Kings,18,19,ויאמר אליהם רבשקה אמרונא אלחזקיהו כהאמר המלך הגדול מלך אשור מה הבטחון הזה אשר בטחת,"The Rabshakeh said to them, “You tell Hezekiah: Thus said the Great King, the King of Assyria: What makes you so confident? ",Ninguno
II_Kings,18,20,אמרת אךדברשפתים עצה וגבורה למלחמה עתה עלמי בטחת כי מרדת בי,"You must think that mere talk is counsel and valor for war! Look, on whom are you relying, that you have rebelled against me? ",Ninguno
II_Kings,18,21,עתה הנה בטחת לך עלמשענת הקנה הרצוץ הזה עלמצרים אשר יסמך איש עליו ובא בכפו ונקבה כן פרעה מלךמצרים לכלהבטחים עליו,"You rely, of all things, on Egypt, that splintered reed of a staff, which enters and punctures the palm of anyone who leans on it! That’s what Pharaoh king of Egypt is like to all who rely on him. ",Ninguno
II_Kings,18,22,וכיתאמרון אלי אליהוה אלהינו בטחנו הלואהוא אשר הסיר חזקיהו אתבמתיו ואתמזבחתיו ויאמר ליהודה ולירושל͏ם לפני המזבח הזה תשתחוו בירושל͏ם,"And if you tell me that you are relying on the ETERNAL your God: is this not the very one whose shrines and altars Hezekiah did away with, telling Judah and Jerusalem, ‘You must worship only at this altar in Jerusalem’? ",Ninguno
II_Kings,18,23,ועתה התערב נא אתאדני אתמלך אשור ואתנה לך אלפים סוסים אםתוכל לתת לך רכבים עליהם,"Come now, make this wager with my master, the king of Assyria: I’ll give you two thousand horses if you can produce riders to mount them. ",Ninguno
II_Kings,18,24,ואיך תשיב את פני פחת אחד עבדי אדני הקטנים ותבטח לך עלמצרים לרכב ולפרשים,"So how could you refuse anything even to the deputy of one of my master’s lesser servants, relying on Egypt for chariots and riders? ",Ninguno
II_Kings,18,25,עתה המבלעדי יהוה עליתי עלהמקום הזה להשחתו יהוה אמר אלי עלה עלהארץ הזאת והשחיתה,And do you think I have marched against this land to destroy it without GOD ? It was GOD who told me: Go up against that land and destroy it.”,Ninguno
II_Kings,18,26,ויאמר אליקים בןחלקיהו ושבנה ויואח אלרבשקה דברנא אלעבדיך ארמית כי שמעים אנחנו ואלתדבר עמנו יהודית באזני העם אשר עלהחמה,"Eliakim son of Hilkiah, Shebna, and Joah replied to the Rabshakeh, “Please, speak to your servants in Aramaic, for we understand it; do not speak to us in Judean in the hearing of the people on the wall.” ",Ninguno
II_Kings,18,27,"ויאמר אליהם רבשקה העל אדניך ואליך שלחני אדני לדבר אתהדברים האלה הלא עלהאנשים הישבים עלהחמה לאכל את<span class=""mam-kq""><span class=""mam-kq-q"">[צואתם]</span> <span class=""mam-kq-k"">(חריהם)</span></span> ולשתות את<span class=""mam-kq""><span class=""mam-kq-q"">[מימי רגליהם]</span> <span class=""mam-kq-k"">(שניהם)</span></span> עמכם","But the Rabshakeh answered them, “Was it to your master and to you that my master sent me to speak those words? It was precisely to the men who are sitting on the wall—who will have to eat their dung and drink their urine with you.” ",Ninguno
II_Kings,18,28,ויעמד רבשקה ויקרא בקולגדול יהודית וידבר ויאמר שמעו דברהמלך הגדול מלך אשור,"And the Rabshakeh stood and called out in a loud voice in Judean: “Hear the words of the Great King, the King of Assyria. ",Ninguno
II_Kings,18,29,כה אמר המלך אלישא לכם חזקיהו כילא יוכל להציל אתכם מידו,"Thus said the king: Don’t let Hezekiah deceive you, for he will not be able to deliver you from myhmy So several mss. and ancient versions; most mss. and editions read “his.” hands. ",Ninguno
II_Kings,18,30,ואליבטח אתכם חזקיהו אליהוה לאמר הצל יצילנו יהוה ולא תנתן אתהעיר הזאת ביד מלך אשור,"Don’t let Hezekiah make you rely on GOD, saying: GOD will surely save us: this city will not fall into the hands of the king of Assyria. ",Ninguno
II_Kings,18,31,אלתשמעו אלחזקיהו כי כה אמר מלך אשור עשואתי ברכה וצאו אלי ואכלו אישגפנו ואיש תאנתו ושתו איש מיברו,"Don’t listen to Hezekiah. For thus said the king of Assyria: Make your peace with me and come out to me,ito me I.e., to my representative the Rabshakeh. so that you may all eat from your vines and your fig trees and drink water from your cisterns, ",Ninguno
II_Kings,18,32,עדבאי ולקחתי אתכם אלארץ כארצכם ארץ דגן ותירוש ארץ לחם וכרמים ארץ זית יצהר ודבש וחיו ולא תמתו ואלתשמעו אלחזקיהו כייסית אתכם לאמר יהוה יצילנו,"until I come and take you away to a land like your own, a land of grain [fields] and vineyards, of bread and wine, of olive oil and honey, so that you may live and not die. Don’t listen to Hezekiah, who misleads you by saying, ‘GOD will save us.’ ",Ninguno
II_Kings,18,33,ההצל הצילו אלהי הגוים איש אתארצו מיד מלך אשור,Did any of the gods of other nations save their land from the king of Assyria?,Ninguno
II_Kings,18,34,איה אלהי חמת וארפד איה אלהי ספרוים הנע ועוה כיהצילו אתשמרון מידי,"Where were the gods of Hamath and Arpad? Where were the gods of Sepharvaim, Hena, and Ivvah? [And] did theyjthey I.e., the gods of Samaria. save Samaria from me? ",Ninguno
II_Kings,18,35,מי בכלאלהי הארצות אשרהצילו אתארצם מידי כייציל יהוה אתירושל͏ם מידי,"Which among all the gods of [those] countries saved their countries from me, that GOD should save Jerusalem from me?” ",Ninguno
II_Kings,18,36,והחרישו העם ולאענו אתו דבר כימצות המלך היא לאמר לא תענהו,But the people were silent and did not say a word in reply; for the king’s order was: “Do not answer him.”,Ninguno
II_Kings,18,37,ויבא אליקים בןחלקיה אשרעלהבית ושבנא הספר ויואח בןאסף המזכיר אלחזקיהו קרועי בגדים ויגדו לו דברי רבשקה,"And so Eliakim son of Hilkiah, who was in charge of the palace, Shebna the scribe, and Joah son of Asaph the recorder came to Hezekiah with their clothes rent, and they reported to him what the Rabshakeh had said.",Ninguno
II_Kings,19,1,ויהי כשמע המלך חזקיהו ויקרע אתבגדיו ויתכס בשק ויבא בית יהוה,"When King Hezekiah heard this, he rent his clothes, and covered himself with sackcloth, and went into the House of GOD. ",Ninguno
II_Kings,19,2,וישלח אתאליקים אשרעלהבית ושבנא הספר ואת זקני הכהנים מתכסים בשקים אלישעיהו הנביא בןאמוץ,"He also sent Eliakim, who was in charge of the palace, Shebna the scribe, and the senior priests, covered with sackcloth, to the prophet Isaiah son of Amoz. ",Ninguno
II_Kings,19,3,ויאמרו אליו כה אמר חזקיהו יוםצרה ותוכחה ונאצה היום הזה כי באו בנים עדמשבר וכח אין ללדה,"They said to him, “Thus said Hezekiah: This day is a day of distress, of chastisement, and of disgrace. The babes have reached the birthstool, but the strength to give birth is lacking.aThe babes have reached the birthstool, but the strength to give birth is lacking I.e., the situation is desperate and we are at a loss. ",Ninguno
II_Kings,19,4,אולי ישמע יהוה אלהיך את&thinsp;<b></b> כלדברי רבשקה אשר שלחו מלךאשור&thinsp;<small></small>&thinsp;אדניו לחרף אלהים חי והוכיח בדברים אשר שמע יהוה אלהיך ונשאת תפלה בעד השארית הנמצאה,"Perhaps the ETERNAL your God will take note of all the words of the Rabshakeh, whom his master the king of Assyria has sent to blaspheme the living God, and will mete out judgment for the words that the ETERNAL your God has heard—if you will offer up prayer for the surviving remnant.”",Ninguno
II_Kings,19,5,ויבאו עבדי המלך חזקיהו אלישעיהו,"When King Hezekiah’s ministers came to Isaiah, ",Ninguno
II_Kings,19,6,ויאמר להם ישעיהו כה תאמרון אלאדניכם כה&thinsp;<b></b> אמר יהוה אלתירא מפני הדברים אשר שמעת אשר גדפו נערי מלךאשור אתי,"Isaiah said to them, “Tell your master as follows: Thus said GOD: Do not be frightened by the words of blasphemy against Me that you have heard from the minions of the king of Assyria. ",Ninguno
II_Kings,19,7,הנני נתן בו רוח ושמע שמועה ושב לארצו והפלתיו בחרב בארצו,"I will deludebdelude Lit. “put a spirit in.” him; he will hear a rumor and return to his land, and I will make him fall by the sword in his land.”",Ninguno
II_Kings,19,8,וישב רבשקה וימצא אתמלך אשור נלחם עללבנה כי שמע כי נסע מלכיש,"The Rabshakeh, meanwhile, heard that [the king] had left Lachish; he turned back and found the king of Assyria attacking Libnah. ",Ninguno
II_Kings,19,9,וישמע אלתרהקה מלךכוש לאמר הנה יצא להלחם אתך וישב וישלח מלאכים אלחזקיהו לאמר,"But [the king of Assyria] learned that King Tirhakah of Cush had come out to fight him; so he again sent messengers to Hezekiah, saying, ",Ninguno
II_Kings,19,10,כה תאמרון אלחזקיהו מלךיהודה לאמר אלישאך אלהיך אשר אתה בטח בו לאמר לא תנתן ירושל͏ם ביד מלך אשור,"“Tell this to King Hezekiah of Judah: Do not let your God, on whom you are relying, mislead you into thinking that Jerusalem will not be delivered into the hands of the king of Assyria. ",Ninguno
II_Kings,19,11,הנה&thinsp;<b></b> אתה שמעת את אשר עשו מלכי אשור לכלהארצות להחרימם ואתה תנצל,"You yourself have heard what the kings of Assyria have done to all the lands, how they have annihilated them; and can you escape? ",Ninguno
II_Kings,19,12,ההצילו אתם אלהי הגוים אשר שחתו אבותי אתגוזן ואתחרן ורצף ובניעדן אשר בתלאשר,"Were the nations that my predecessorscpredecessors Lit. “fathers.” destroyed—Gozan, Haran, Rezeph, and the Beth-edenites in Telassar—saved by their gods? ",Ninguno
II_Kings,19,13,איו מלךחמת ומלך ארפד ומלך לעיר ספרוים הנע ועוה,"Where is the king of Hamath? And the king of Arpad? And the kings of Lair, Sepharvaim, Hena, and Ivvah?”",Ninguno
II_Kings,19,14,"ויקח חזקיהו אתהספרים מיד המלאכים ויקראם ויעל בית יהוה ויפרשהו חזקיהו לפני יהוה&nbsp;<span class=""mam-spi-pe"">{פ}</span><br>",Hezekiah took the letter from the messengers and read it. Hezekiah then went up to the House of GOD and spread it out before GOD.,Ninguno
II_Kings,19,15,ויתפלל חזקיהו לפני יהוה ויאמר יהוה אלהי ישראל ישב הכרבים אתההוא האלהים לבדך לכל ממלכות הארץ אתה עשית אתהשמים ואתהארץ,"And Hezekiah prayed to the ETERNAL and said, “O GOD of Hosts, Enthroned on the Cherubim! You alone are God of all the kingdoms of the earth. You made the heavens and the earth. ",Ninguno
II_Kings,19,16,הטה יהוה&thinsp;<small></small>&thinsp;אזנך ושמע פקח יהוה עיניך וראה ושמע את דברי סנחריב אשר שלחו לחרף אלהים חי,"O ETERNAL One, incline Your ear and hear; open Your eyes and see. Hear the words that Sennacherib has sent to blaspheme the living God! ",Ninguno
II_Kings,19,17,אמנם יהוה החריבו מלכי אשור אתהגוים ואתארצם,"True, O ETERNAL One, the kings of Assyria have annihilated the nations and their lands, ",Ninguno
II_Kings,19,18,ונתנו אתאלהיהם באש כי לא אלהים המה כי אםמעשה ידיאדם עץ ואבן ויאבדום,"and have committed their gods to the flames and have destroyed them; for they are not gods, but the handiwork of mere mortals, wood and stone. ",Ninguno
II_Kings,19,19,"ועתה יהוה אלהינו הושיענו נא מידו וידעו כלממלכות הארץ כי אתה יהוה אלהים לבדך&nbsp;<span class=""mam-spi-samekh"">{ס}</span>&nbsp;&nbsp;&nbsp;&nbsp;&nbsp;&nbsp;&nbsp;&nbsp;","But now, O ETERNAL One our God, deliver us from his hands, and let all the kingdoms of the earth know that You alone, O ETERNAL One, are God.”",Percepción (Yada)
II_Kings,19,20,וישלח ישעיהו בןאמוץ אלחזקיהו לאמר כהאמר יהוה אלהי ישראל אשר התפללת אלי אלסנחרב מלךאשור שמעתי,"Then Isaiah son of Amoz sent this message to Hezekiah: “Thus said the ETERNAL, the God of Israel: I have heard the prayer you have offered to Me concerning King Sennacherib of Assyria. ",Ninguno
II_Kings,19,21,זה הדבר אשרדבר יהוה עליו בזה לך לעגה לך בתולת בתציון אחריך ראש הניעה בת ירושל͏ם,"This is the word that GOD has spoken concerning him:“Fair Maiden Zion despises you,She mocks at you;Fair Jerusalem shakesHer head at you.",Ninguno
II_Kings,19,22,אתמי חרפת וגדפת ועלמי הרימות קול ותשא מרום עיניך עלקדוש ישראל,Whom have you blasphemed and reviled?Against whom made loud your voiceAnd haughtily raised your eyes?Against the Holy One of Israel!,Ninguno
II_Kings,19,23,"ביד מלאכיך חרפת&thinsp;<small></small>&thinsp;אדני ותאמר <span class=""mam-kq""><span class=""mam-kq-k"">(ברכב)</span> <span class=""mam-kq-q"">[ברב]</span></span> רכבי אני עליתי מרום הרים ירכתי לבנון ואכרת קומת ארזיו מבחור ברשיו ואבואה מלון <span class=""mam-kq-trivial"">קצה</span> יער כרמלו","Through your envoys you have blasphemed my Sovereign.Because you thought,‘Thanks to my vast chariotry,It is I who have climbed the highest mountains,To the remotest parts of the Lebanon,And have cut down its loftiest cedars,Its choicest cypresses,And have reached its remotest lodge,dremotest lodge Cf. Isa. 37.24 “highest peak.” Its densest forest.eIts densest forest Lit. “Its farmland forest”; exact meaning of Heb. uncertain. ",Ninguno
II_Kings,19,24,אני קרתי ושתיתי מים זרים ואחרב בכףפעמי כל יארי מצור,It is I who have drawnfdrawn Or “dug”; meaning of Heb. uncertain. and drunk the waters of strangers;I have dried up with the soles of my feetAll the streams of Egypt.’,Ninguno
II_Kings,19,25,הלאשמעת למרחוק אתה עשיתי למימי קדם ויצרתיה עתה הביאתיה ותהי להשות גלים נצים ערים בצרות,"Have you not heard? Of oldI planned that very thing,I designed it long ago,And now have fulfilled it.And it has come to pass,Laying waste fortified townsIn desolate heaps.",Ninguno
II_Kings,19,26,וישביהן קצרייד חתו ויבשו היו עשב שדה וירק דשא חציר גגות ושדפה לפני קמה,"Their inhabitants are helpless,Dismayed and shamed.They were but grass of the fieldAnd green herbage,Grass of the roofs that is blastedBefore the standing grain.gstanding grain Emendation yields “east wind”; see note at Isa. 37.27. ",Ninguno
II_Kings,19,27,ושבתך וצאתך ובאך ידעתי ואת התרגזך אלי,"I know your stayingsAnd your goings and comings,And how you have raged against Me.",Percepción (Yada)
II_Kings,19,28,יען התרגזך אלי ושאננך עלה באזני ושמתי חחי באפך ומתגי בשפתיך והשבתיך בדרך אשרבאת בה,"Because you have raged against Me,And your tumult has reached My ears,I will place My hook in your noseAnd My bit between your jaws;And I will make you go back by the roadBy which you came.",Ninguno
II_Kings,19,29,וזהלך האות אכול השנה ספיח ובשנה השנית סחיש ובשנה השלישית זרעו וקצרו ונטעו כרמים ואכלו פרים,"“And this is the sign for you:hyou I.e., Hezekiah. This year you eat what grows of itself, and the next year what springs from that; and in the third year, sow and reap, and plant vineyards and eat their fruit. ",Ninguno
II_Kings,19,30,ויספה פליטת ביתיהודה הנשארה שרש למטה ועשה פרי למעלה,And the survivors of the House of Judah that have escaped shall regenerate its stock below and produce boughs above.,Ninguno
II_Kings,19,31,"כי מירושל͏ם תצא שארית ופליטה מהר ציון קנאת יהוה <span class=""mam-kq-q"">[צבאות]</span> תעשהזאת&nbsp;<span class=""mam-spi-samekh"">{ס}</span>&nbsp;&nbsp;&nbsp;&nbsp;&nbsp;&nbsp;&nbsp;&nbsp;","For a remnant shall come forth from Jerusalem,Survivors from Mount Zion.The zeal of  GOD of HostsShall bring this to pass.",Ninguno
II_Kings,19,32,לכן כהאמר יהוה אלמלך אשור לא יבא אלהעיר הזאת ולאיורה שם חץ ולאיקדמנה מגן ולאישפך עליה סללה,"Assuredly, thus said GOD concerning the king of Assyria:He shall not enter this city:He shall not shoot an arrow at it,Or advance upon it with a shield,Or pile up a siege mound against it.",Ninguno
II_Kings,19,33,בדרך אשריבא בה ישוב ואלהעיר הזאת לא יבא נאםיהוה,He shall go backBy the way he came;He shall not enter this city—declares  GOD.,Ninguno
II_Kings,19,34,וגנותי אלהעיר הזאת להושיעה למעני ולמען דוד עבדי,"I will protect and save this city for My sake,And for the sake of My servant David.”",Ninguno
II_Kings,19,35,ויהי בלילה ההוא ויצא&thinsp;<b></b> מלאך יהוה ויך במחנה אשור מאה שמונים וחמשה אלף וישכימו בבקר והנה כלם פגרים מתים,"That night an angel of GOD went out and struck down one hundred and eighty-five thousand in the Assyrian camp, and the following morning they were all dead corpses.",Ninguno
II_Kings,19,36,ויסע וילך וישב סנחריב מלךאשור וישב בנינוה,"So King Sennacherib of Assyria broke camp and retreated, and stayed in Nineveh. ",Ninguno
II_Kings,19,37,"ויהי הוא משתחוה בית&thinsp;<b></b> נסרך אלהיו ואדרמלך ושראצר <span class=""mam-kq-q"">[בניו]</span> הכהו בחרב והמה נמלטו ארץ אררט וימלך אסרחדן בנו תחתיו&nbsp;<span class=""mam-spi-pe"">{פ}</span><br>","While he was worshiping in the temple of his god Nisroch, his sons Adrammelech and Sarezer struck him down with the sword. They fled to the land of Ararat, and his son Esarhaddon succeeded him as king.",Ninguno
II_Kings,20,1,בימים ההם חלה חזקיהו למות ויבא אליו ישעיהו בןאמוץ הנביא ויאמר אליו כהאמר יהוה צו לביתך כי מת אתה ולא תחיה,"In those days Hezekiah fell dangerously ill. The prophet Isaiah son of Amoz came and said to him, “Thus said GOD: Set your affairs in order, for you are going to die; you will not get well.” ",Ninguno
II_Kings,20,2,ויסב אתפניו אלהקיר ויתפלל אליהוה לאמר,"Thereupon Hezekiah turned his face to the wall and prayed to GOD. He said, ",Ninguno
II_Kings,20,3,"אנה יהוה זכרנא את אשר התהלכתי לפניך באמת ובלבב שלם והטוב בעיניך עשיתי ויבך חזקיהו בכי גדול&nbsp;<span class=""mam-spi-samekh"">{ס}</span>&nbsp;&nbsp;&nbsp;&nbsp;&nbsp;&nbsp;&nbsp;&nbsp;","“Please, O ETERNAL One, remember how I have walked before You sincerely and wholeheartedly, and have done what is pleasing to You.” And Hezekiah wept profusely.",Ninguno
II_Kings,20,4,"ויהי ישעיהו לא יצא <span class=""mam-kq""><span class=""mam-kq-k"">(העיר)</span> <span class=""mam-kq-q"">[חצר]</span></span> התיכנה ודבריהוה היה אליו לאמר","Before Isaiah had gone out of the middle court, the word of GOD came to him: ",Ninguno
II_Kings,20,5,שוב ואמרת אלחזקיהו נגידעמי כהאמר יהוה אלהי דוד אביך שמעתי אתתפלתך ראיתי אתדמעתך הנני רפא לך ביום השלישי תעלה בית יהוה,"“Go back and say to Hezekiah, the ruler of My people: Thus said GOD, the God of your forefather David: I have heard your prayer, I have seen your tears. I am going to heal you; on the third day you shall go up to the House of GOD. ",Percepción (Yada)
II_Kings,20,6,והספתי עלימיך חמש עשרה שנה ומכף מלךאשור אצילך ואת העיר הזאת וגנותי עלהעיר הזאת למעני ולמען דוד עבדי,And I will add fifteen years to your life. I will also rescue you and this city from the hands of the king of Assyria. I will protect this city for My sake and for the sake of My servant David.”—,Ninguno
II_Kings,20,7,ויאמר ישעיהו קחו דבלת תאנים ויקחו וישימו עלהשחין ויחי,"Then Isaiah said, “Get a cake of figs.” And they got one, and they applied it to the rash, and he recovered.— ",Ninguno
II_Kings,20,8,ויאמר חזקיהו אלישעיהו מה אות כיירפא יהוה לי ועליתי ביום השלישי בית יהוה,"Hezekiah asked Isaiah, “What is the sign that GOD will heal me and that I shall go up to the House of GOD on the third day?” ",Ninguno
II_Kings,20,9,ויאמר ישעיהו זהלך האות מאת יהוה כי יעשה יהוה אתהדבר אשר דבר הלך הצל עשר מעלות אםישוב עשר מעלות,"Isaiah replied, “This is the sign for you from GOD that GOD will do the thing that was promised: ShallaShall Cf. Targum. the shadow advance ten steps or recede ten steps?” ",Ninguno
II_Kings,20,10,ויאמר יחזקיהו נקל לצל לנטות עשר מעלות לא כי ישוב הצל אחרנית עשר מעלות,"Hezekiah said, “It is easy for the shadow to lengthen ten steps, but not for the shadow to recede ten steps.” ",Ninguno
II_Kings,20,11,"ויקרא ישעיהו הנביא אליהוה וישב אתהצל במעלות אשר ירדה במעלות אחז אחרנית עשר מעלות&nbsp;<span class=""mam-spi-pe"">{פ}</span><br>","So the prophet Isaiah called to GOD, and the shadow that had descended on the dialbdial Heb. “steps.” A model of a dial with steps has been discovered in Egypt. of Ahaz was made to recede ten steps.",Ninguno
II_Kings,20,12,בעת ההיא שלח בראדך בלאדן בןבלאדן מלךבבל ספרים ומנחה אלחזקיהו כי שמע כי חלה חזקיהו,"At that time, King BerodachcBerodach Several mss. and the parallel Isa. 39.1 read “Merodach.” -baladan son of Baladan of Babylon sent [envoys with] a letter and a gift to Hezekiah, for he had heard about Hezekiah’s illness. ",Ninguno
II_Kings,20,13,וישמע עליהם חזקיהו ויראם אתכלבית נכתה אתהכסף ואתהזהב ואתהבשמים ואת&thinsp;<b></b> שמן הטוב ואת בית כליו ואת כלאשר נמצא באוצרתיו לאהיה דבר אשר לאהראם חזקיהו בביתו ובכלממשלתו,"Hezekiah heard about themdHezekiah heard about them Cf. Isa. 39.2 “Hezekiah was pleased by their coming.” and he showed them all his treasure-house—the silver, the gold, the spices, and the fragrant oil—and his armory, and everything that was to be found in his storehouses. There was nothing in his palace or in all his realm that Hezekiah did not show them. ",Ninguno
II_Kings,20,14,ויבא ישעיהו הנביא אלהמלך חזקיהו ויאמר אליו מה אמרו&thinsp;<b></b> האנשים האלה ומאין יבאו אליך ויאמר חזקיהו מארץ רחוקה באו מבבל,"Then the prophet Isaiah came to King Hezekiah. “What,” he demanded of him, “did those men say to you? Where have they come to you from?” “They have come,” Hezekiah replied, “from a far country, from Babylon.” ",Ninguno
II_Kings,20,15,ויאמר מה ראו בביתך ויאמר חזקיהו את כלאשר בביתי ראו לאהיה דבר אשר לאהראיתם באצרתי,"Next he asked, “What have they seen in your palace?” And Hezekiah replied, “They have seen everything that is in my palace. There was nothing in my storehouses that I did not show them.”",Ninguno
II_Kings,20,16,ויאמר ישעיהו אלחזקיהו שמע דבריהוה,"Then Isaiah said to Hezekiah, “Hear the word of GOD: ",Ninguno
II_Kings,20,17,הנה ימים באים ונשא&thinsp;<b></b> כלאשר בביתך ואשר אצרו אבתיך עדהיום הזה בבלה לאיותר דבר אמר יהוה,"A time is coming when everything in your palace that your ancestors have stored up to this day will be carried off to Babylon; nothing will remain behind, said GOD. ",Ninguno
II_Kings,20,18,"ומבניך אשר יצאו ממך אשר תוליד <span class=""mam-kq""><span class=""mam-kq-k"">(יקח)</span> <span class=""mam-kq-q"">[יקחו]</span></span> והיו סריסים בהיכל מלך בבל","And some of your sons, your own issue, whom you will have fathered, will be taken to serve as eunuchs in the palace of the king of Babylon.” ",Ninguno
II_Kings,20,19,ויאמר חזקיהו אלישעיהו טוב דבריהוה אשר דברת ויאמר הלוא אםשלום ואמת יהיה בימי,"Hezekiah declared to Isaiah, “The word of GOD that you have spoken is good.” For he thought, “It means that safety is assured foresafety is assured for Lit. “there shall be safety and faithfulness in.” my time.”",Ninguno
II_Kings,20,20,ויתר דברי חזקיהו וכלגבורתו ואשר עשה אתהברכה ואתהתעלה ויבא אתהמים העירה הלאהם כתובים עלספר דברי הימים למלכי יהודה,"The other events of Hezekiah’s reign, and all his exploits, and how he made the pool and the conduit and brought the water into the city, are recorded in the Annals of the Kings of Judah. ",Ninguno
II_Kings,20,21,"וישכב חזקיהו עםאבתיו וימלך מנשה בנו תחתיו&nbsp;<span class=""mam-spi-pe"">{פ}</span><br>","Hezekiah rested with his ancestors, and his son Manasseh succeeded him as king.",Ninguno
II_Kings,21,1,בןשתים עשרה שנה מנשה במלכו וחמשים וחמש שנה מלך בירושל͏ם ושם אמו חפציבה,"Manasseh was twelve years old when he became king, and he reigned fifty-five years in Jerusalem; his mother’s name was Hephzibah. ",Ninguno
II_Kings,21,2,ויעש הרע בעיני יהוה כתועבת הגוים אשר הוריש יהוה מפני בני ישראל,"He did what was displeasing to GOD, following the abhorrent practices of the nations that GOD had dispossessed before the Israelites. ",Ninguno
II_Kings,21,3,וישב ויבן אתהבמות אשר אבד חזקיהו אביו ויקם מזבחת לבעל ויעש אשרה כאשר עשה אחאב מלך ישראל וישתחו לכלצבא השמים ויעבד אתם,"He rebuilt the shrines that his father Hezekiah had destroyed; he erected altars for Baal and made a sacred post,asacred post See note at 13.6; cf. v. 7. as King Ahab of Israel had done. He bowed down to all the host of heaven and worshiped them, ",Ninguno
II_Kings,21,4,ובנה מזבחת בבית יהוה אשר אמר יהוה בירושל͏ם אשים אתשמי,"and he built altars for them in the House of GOD, of which GOD had said, “I will establish My name in Jerusalem.” ",Ninguno
II_Kings,21,5,ויבן מזבחות לכלצבא השמים בשתי חצרות ביתיהוה,He built altars for all the host of heaven in the two courts of the House of GOD.,Ninguno
II_Kings,21,6,והעביר אתבנו באש ועונן ונחש ועשה אוב וידענים הרבה לעשות הרע בעיני יהוה להכעיס,"He consigned his son to the fire; he practiced soothsaying and divination, and consulted ghosts and familiar spirits; he did much that was displeasing to GOD—and provoked anger. ",Percepción (Yada)
II_Kings,21,7,וישם אתפסל האשרה אשר עשה בבית אשר אמר יהוה אלדוד ואלשלמה בנו בבית הזה ובירושל͏ם אשר בחרתי מכל שבטי ישראל אשים אתשמי לעולם,"The sculptured image of Asherahbsculptured image of Asherah See v. 4. that he made he placed in the House concerning which GOD had said to David and to his son Solomon, “In this House and in Jerusalem, which I chose out of all the tribes of Israel, I will establish My name forever. ",Ninguno
II_Kings,21,8,ולא אסיף להניד רגל ישראל מןהאדמה אשר נתתי לאבותם רק&thinsp;<b></b> אםישמרו לעשות ככל אשר צויתים ולכלהתורה אשרצוה אתם עבדי משה,"And I will not again cause the feet of Israel to wander from the land that I gave to their ancestors, if they will but faithfully observe all that I have commanded them—all the Teachings with which My servant Moses charged them.” ",Ninguno
II_Kings,21,9,ולא שמעו ויתעם מנשה לעשות אתהרע מןהגוים אשר השמיד יהוה מפני בני ישראל,"But they did not obey, and Manasseh led them astray to do greater evil than the nations that GOD had destroyed before the Israelites. ",Ninguno
II_Kings,21,10,וידבר יהוה בידעבדיו הנביאים לאמר,Therefore GOD spoke through the prophets—God’s servants:,Percepción (Yada)
II_Kings,21,11,"יען אשר עשה מנשה מלךיהודה התעבות האלה הרע מכל אשרעשו האמרי אשר לפניו ויחטא גםאתיהודה בגלוליו&nbsp;<span class=""mam-spi-samekh"">{ס}</span>&nbsp;&nbsp;&nbsp;&nbsp;&nbsp;&nbsp;&nbsp;&nbsp;","“Because King Manasseh of Judah has done these abhorrent things—he has outdone in wickedness all that the Amorites did before his time—and because he led Judah to sin with his fetishes, ",Ninguno
II_Kings,21,12,"לכן כהאמר יהוה אלהי ישראל הנני מביא רעה עלירושל͏ם ויהודה אשר כל<span class=""mam-kq""><span class=""mam-kq-q"">[שמעה]</span> <span class=""mam-kq-k"">(שמעיו)</span></span> תצלנה שתי אזניו","assuredly, thus said the ETERNAL, the God of Israel: I am going to bring such a disaster on Jerusalem and Judah that both ears of everyone who hears about it will tingle. ",Ninguno
II_Kings,21,13,ונטיתי עלירושל͏ם את קו שמרון ואתמשקלת בית אחאב ומחיתי אתירושל͏ם כאשרימחה אתהצלחת מחה והפך עלפניה,"I will apply to Jerusalem the measuring line of Samaria and the weights of the House of Ahab;capply to Jerusalem the measuring line of Samaria and the weights of the House of Ahab I.e., I will bring the same fate upon it. I will wipe Jerusalem clean as one wipes a dish and turns it upside down. ",Ninguno
II_Kings,21,14,ונטשתי את שארית נחלתי ונתתים ביד איביהם והיו לבז ולמשסה לכלאיביהם,And I will cast off the remnant of My own people and deliver them into the hands of their enemies. They shall be plunder and prey to all their enemies,Ninguno
II_Kings,21,15,יען אשר עשו אתהרע בעיני ויהיו מכעסים אתי מןהיום אשר יצאו אבותם ממצרים ועד היום הזה,because they have done what is displeasing to Me and have been provoking My anger from the day that their ancestors came out of Egypt to this day.”,Ninguno
II_Kings,21,16,וגם דם נקי שפך מנשה הרבה מאד עד אשרמלא אתירושל͏ם פה לפה לבד מחטאתו אשר החטיא אתיהודה לעשות הרע בעיני יהוה,"Moreover, Manasseh put so many innocent persons to death that he filled Jerusalem [with blood] from end to end—besides the sin he committed in causing Judah to do what was displeasing to GOD.",Ninguno
II_Kings,21,17,ויתר דברי מנשה וכלאשר עשה וחטאתו אשר חטא הלאהם כתובים עלספר דברי הימים למלכי יהודה,"The other events of Manasseh’s reign, and all his actions, and the sins he committed, are recorded in the Annals of the Kings of Judah. ",Ninguno
II_Kings,21,18,"וישכב מנשה עםאבתיו ויקבר בגןביתו בגןעזא וימלך אמון בנו תחתיו&nbsp;<span class=""mam-spi-pe"">{פ}</span><br>","Manasseh rested with his ancestors and was buried in the garden of his palace, in the garden of Uzza; and his son Amon succeeded him as king.",Ninguno
II_Kings,21,19,בןעשרים ושתים שנה אמון במלכו ושתים שנים מלך בירושל͏ם ושם אמו משלמת בתחרוץ מןיטבה,"Amon was twenty-two years old when he became king, and he reigned two years in Jerusalem; his mother’s name was Meshullemeth daughter of Haruz of Jotbah. ",Ninguno
II_Kings,21,20,ויעש הרע בעיני יהוה כאשר עשה מנשה אביו,"He did what was displeasing to GOD, as his father Manasseh had done. ",Ninguno
II_Kings,21,21,וילך בכלהדרך אשרהלך אביו ויעבד אתהגללים אשר עבד אביו וישתחו להם,"He walked in all the ways of his father, worshiping the fetishes that his father had worshiped and bowing down to them. ",Ninguno
II_Kings,21,22,ויעזב אתיהוה אלהי אבתיו ולא הלך בדרך יהוה,"He forsook the ETERNAL, the God of his ancestors, and did not follow the way of GOD.",Ninguno
II_Kings,21,23,ויקשרו עבדיאמון עליו וימיתו אתהמלך בביתו,Amon’s courtiers conspired against him; and they killed the king in his palace.,Ninguno
II_Kings,21,24,ויך עםהארץ את כלהקשרים עלהמלך אמון וימליכו עםהארץ אתיאשיהו בנו תחתיו,"But the people of the land put to death all who had conspired against King Amon, and the people of the land made his son Josiah king in his stead. ",Ninguno
II_Kings,21,25,ויתר דברי אמון אשר עשה הלאהם כתובים עלספר דברי הימים למלכי יהודה,The other events of Amon’s reign [and] his actions are recorded in the Annals of the Kings of Judah.,Ninguno
II_Kings,21,26,"ויקבר אתו בקברתו בגןעזא וימלך יאשיהו בנו תחתיו&nbsp;<span class=""mam-spi-pe"">{פ}</span><br>",He was buried in his tomb in the garden of Uzza; and his son Josiah succeeded him as king.,Ninguno
II_Kings,22,1,בןשמנה שנה יאשיהו במלכו ושלשים ואחת שנה מלך בירושל͏ם ושם אמו ידידה בתעדיה מבצקת,"Josiah was eight years old when he became king, and he reigned thirty-one years in Jerusalem. His mother’s name was Jedidah daughter of Adaiah of Bozkath. ",Ninguno
II_Kings,22,2,"ויעש הישר בעיני יהוה וילך בכלדרך דוד אביו ולאסר ימין ושמאול&nbsp;<span class=""mam-spi-pe"">{פ}</span><br>",He did what was pleasing to GOD and he followed all the ways of his forefather David; he did not deviate to the right or to the left.,Control/Derecha (Yamin)
II_Kings,22,3,ויהי בשמנה עשרה שנה למלך יאשיהו שלח המלך אתשפן בןאצליהו בןמשלם הספר בית יהוה לאמר,"In the eighteenth year of King Josiah, the king sent the scribe Shaphan son of Azaliah son of Meshullam to the House of GOD, saying, ",Ninguno
II_Kings,22,4,עלה אלחלקיהו הכהן הגדול ויתם אתהכסף המובא בית יהוה אשר אספו שמרי הסף מאת העם,"“Go to the high priest Hilkiah and let him weighaweigh Meaning of Heb. uncertain. Emendation yields “melt down,” cf. v. 9. the silver that has been deposited in the House of GOD, which the guards of the threshold have collected from the people. ",Ninguno
II_Kings,22,5,"<span class=""mam-kq""><span class=""mam-kq-k"">(ויתנה)</span> <span class=""mam-kq-q"">[ויתנוהו]</span></span> עליד עשי המלאכה המפקדים <span class=""mam-kq""><span class=""mam-kq-k"">(בבית)</span> <span class=""mam-kq-q"">[בית]</span></span> יהוה ויתנו אתו לעשי המלאכה אשר בבית יהוה לחזק בדק הבית","And let it be delivered to the overseers of the work who are in charge at the House of GOD, that they in turn may pay it out to the workers that are in the House of GOD, for the repair of the House: ",Ninguno
II_Kings,22,6,לחרשים ולבנים ולגדרים ולקנות עצים ואבני מחצב לחזק אתהבית,"to the carpenters, the laborers, and the masons, and for the purchase of wood and quarried stones for repairing the House. ",Ninguno
II_Kings,22,7,אך לאיחשב אתם הכסף הנתן עלידם כי באמונה הם עשים,"However, no check is to be kept on them for the silver that is delivered to them, for they deal honestly.”",Ninguno
II_Kings,22,8,ויאמר חלקיהו הכהן הגדול עלשפן הספר ספר התורה מצאתי בבית יהוה ויתן חלקיה אתהספר אלשפן ויקראהו,"Then the high priest Hilkiah said to the scribe Shaphan, “I have found a scroll of the Teaching in the House of GOD.” And Hilkiah gave the scroll to Shaphan, who read it. ",Ninguno
II_Kings,22,9,ויבא שפן הספר אלהמלך וישב אתהמלך דבר ויאמר התיכו עבדיך אתהכסף הנמצא בבית ויתנהו עליד עשי המלאכה המפקדים בית יהוה,"The scribe Shaphan then went to the king and reported to the king: “Your servants have melted down the silver that was deposited in the House, and they have delivered it to the overseers of the work who are in charge at the House of GOD.” ",Ninguno
II_Kings,22,10,ויגד שפן הספר למלך לאמר ספר נתן לי חלקיה הכהן ויקראהו שפן לפני המלך,"The scribe Shaphan also told the king, “The high priest Hilkiah has given me a scroll”; and Shaphan read it to the king.",Ninguno
II_Kings,22,11,ויהי כשמע המלך אתדברי ספר התורה ויקרע אתבגדיו,"When the king heard the words of the scroll of the Teaching, he rent his clothes. ",Ninguno
II_Kings,22,12,ויצו המלך אתחלקיה הכהן ואתאחיקם בןשפן ואתעכבור בןמיכיה ואת&thinsp;<b></b> שפן הספר ואת עשיה עבדהמלך לאמר,"And the king gave orders to the priest Hilkiah, and to Ahikam son of Shaphan, Achbor son of Michaiah, the scribe Shaphan, and Asaiah the king’s minister: ",Ninguno
II_Kings,22,13,לכו דרשו אתיהוה בעדי ובעדהעם ובעד כליהודה עלדברי הספר הנמצא הזה כיגדולה חמת יהוה אשרהיא נצתה בנו על אשר לאשמעו אבתינו עלדברי הספר הזה לעשות ככלהכתוב עלינו,"“Go, inquire of GOD on my behalf, and on behalf of the people, and on behalf of all Judah, concerning the words of this scroll that has been found. For great indeed must be GOD’s wrath that has been kindled against us, because our ancestors did not obey the words of this scroll to do all that has been prescribed for us.”",Ninguno
II_Kings,22,14,וילך חלקיהו הכהן ואחיקם ועכבור ושפן ועשיה אלחלדה הנביאה אשת&thinsp;<b></b> שלם בןתקוה בןחרחס שמר הבגדים והיא ישבת בירושל͏ם במשנה וידברו אליה,"So the priest Hilkiah, and Ahikam, Achbor, Shaphan, and Asaiah went to the prophetess Huldah—the wife of Shallum son of Tikvah son of Harhas, the keeper of the wardrobe—who was living in Jerusalem in the Mishneh,bMishneh A quarter in Jerusalem; cf. Zeph. 1.10. and they spoke to her. ",Ninguno
II_Kings,22,15,ותאמר אליהם כהאמר יהוה אלהי ישראל אמרו לאיש אשרשלח אתכם אלי,"She responded: “Thus said the ETERNAL, the God of Israel: Say to the one who sent you to me: ",Ninguno
II_Kings,22,16,כה אמר יהוה הנני מביא רעה אלהמקום הזה ועלישביו את כלדברי הספר אשר קרא מלך יהודה,"Thus said GOD: I am going to bring disaster upon this place and its inhabitants, in accordance with all the words of the scroll that the king of Judah has read. ",Ninguno
II_Kings,22,17,תחת&thinsp;<b></b> אשר עזבוני ויקטרו לאלהים אחרים למען הכעיסני בכל מעשה ידיהם ונצתה חמתי במקום הזה ולא תכבה,"Because they have forsaken Me and have made offerings to other gods and provoked My anger with all their deeds, My wrath is kindled against this place and it shall not be quenched. ",Ninguno
II_Kings,22,18,ואלמלך יהודה השלח אתכם לדרש אתיהוה כה תאמרו אליו כהאמר יהוה אלהי ישראל הדברים אשר שמעת,"But say this to the king of Judah, who sent you to inquire of GOD: Thus said the ETERNAL, the God of Israel: As for the words that you have heard— ",Ninguno
II_Kings,22,19,יען רךלבבך ותכנע&thinsp;<b></b> מפני יהוה בשמעך אשר דברתי עלהמקום הזה ועלישביו להיות לשמה ולקללה ותקרע אתבגדיך ותבכה לפני וגם אנכי שמעתי נאםיהוה,"because your heart was softened and you humbled yourself before GOD when you heard what I decreed against this place and its inhabitants—that it will become a desolation and a curse—and because you rent your clothes and wept before Me, I for My part have listened—declares GOD. ",Ninguno
II_Kings,22,20,לכן הנני אספך עלאבתיך ונאספת אלקברתיך בשלום ולאתראינה עיניך בכל הרעה אשראני מביא עלהמקום הזה וישבו אתהמלך דבר,"Assuredly, I will gather you to your ancestors and you will be laid in your tomb in peace. Your eyes shall not see all the disaster that I will bring upon this place.” So they brought back the reply to the king.",Ninguno
II_Kings,23,1,וישלח המלך ויאספו אליו כלזקני יהודה וירושל͏ם,"At the king’s summons, all the elders of Judah and Jerusalem assembled before him. ",Ninguno
II_Kings,23,2,ויעל המלך ביתיהוה וכלאיש יהודה וכלישבי ירושל͏ם אתו והכהנים והנביאים וכלהעם למקטן ועדגדול ויקרא באזניהם אתכלדברי ספר הברית הנמצא בבית יהוה,"The king went up to the House of GOD, together with the entire citizenry of Judah and all the inhabitants of Jerusalem, and the priests and prophets—all the people, young and old.ayoung and old Or “from small to great.” And he read to them the entire text of the covenant scroll that had been found in the House of GOD. ",Ninguno
II_Kings,23,3,ויעמד המלך עלהעמוד ויכרת אתהברית&thinsp;<b></b> לפני יהוה ללכת אחר יהוה ולשמר מצותיו ואתעדותיו ואתחקתיו בכללב ובכלנפש להקים אתדברי הברית הזאת הכתבים עלהספר הזה ויעמד כלהעם בברית,"The king stood by the pillarbby the pillar Or “on a platform,” cf. Targum. and solemnized the covenant before GOD: that they would follow GOD and observe God’s commandments, injunctions, and laws with all their heart and soul; that they would fulfill all the terms of this covenant as inscribed upon the scroll. And all the people entered intocentered into Cf. Targum. the covenant.",Ninguno
II_Kings,23,4,ויצו המלך אתחלקיהו הכהן הגדול ואתכהני המשנה ואתשמרי הסף להוציא מהיכל יהוה את כלהכלים העשוים לבעל ולאשרה ולכל צבא השמים וישרפם מחוץ לירושל͏ם בשדמות קדרון ונשא אתעפרם ביתאל,"Then the king ordered the high priest Hilkiah, the priests of the second rank, and the guards of the threshold to bring out of the Temple of GOD all the objects made for Baal and AsherahdAsherah For this goddess, cf. 1 Kings 18.19; ordinarily ʼasherah is rendered “sacred post,” e.g., 2 Kings 17.16. and all the host of heaven. He burned them outside Jerusalem in the fieldsefields Meaning of Heb. uncertain. of Kidron, and he removed the ashes to Bethel. ",Ninguno
II_Kings,23,5,והשבית אתהכמרים אשר נתנו מלכי יהודה ויקטר בבמות בערי יהודה ומסבי ירושל͏ם ואתהמקטרים לבעל לשמש ולירח ולמזלות ולכל צבא השמים,"He suppressed the idolatrous priests whom the kings of Judah had appointed to make offeringsfto make offerings Lit. “and he offered.” at the shrines in the towns of Judah and in the environs of Jerusalem, and those who made offerings to Baal, to the sun and moon and constellations—all the host of heaven. ",Ninguno
II_Kings,23,6,ויצא אתהאשרה מבית יהוה מחוץ לירושל͏ם אלנחל קדרון וישרף אתה בנחל קדרון וידק לעפר וישלך אתעפרה עלקבר בני העם,"He brought out the [image of] Asherah from the House of GOD to the Kidron Valley outside Jerusalem, and burned it in the Kidron Valley; he beat it to dust and scattered its dust over the burial ground of the common people. ",Ninguno
II_Kings,23,7,ויתץ אתבתי הקדשים אשר בבית יהוה אשר הנשים ארגות שם בתים לאשרה,"He tore down the cubicles of the consecrated workersgconsecrated workers Or “retainers”; meaning of Heb. qedeshim uncertain. in the House of GOD, at the place where the women wove coveringshcoverings Meaning of Heb. uncertain. for Asherah.",Ninguno
II_Kings,23,8,ויבא אתכלהכהנים מערי יהודה ויטמא אתהבמות אשר קטרושמה הכהנים מגבע עדבאר שבע ונתץ אתבמות השערים אשרפתח שער יהושע שרהעיר אשרעלשמאול איש בשער העיר,"He brought all the priests from the towns of Judah [to Jerusalem] and defiled the shrines where the priests had been making offerings—from Geba to Beer-sheba. He also demolished the shrines of the gates that were at the entrance of the gate of Joshua, the city prefect—which were on the left as one [entered] the city gate.iwhich were on the left … gate Meaning of Heb. uncertain. ",Ninguno
II_Kings,23,9,אך לא יעלו כהני הבמות אלמזבח יהוה בירושל͏ם כי אםאכלו מצות בתוך אחיהם,"jThis verse may be understood in connection with vv. 21–23. The priests of the shrines, however, did not ascend the altar of GOD in Jerusalem, but they ate unleavened bread along with their kinsmen. ",Ninguno
II_Kings,23,10,"וטמא אתהתפת אשר בגי <span class=""mam-kq""><span class=""mam-kq-k"">(בני)</span> <span class=""mam-kq-q"">[בן]</span></span>הנם לבלתי להעביר איש אתבנו ואתבתו באש למלך","He also defiled Topheth, which is in the Valley of Ben-hinnom, so that no one might consign their son or daughter to the fire of Molech. ",Ninguno
II_Kings,23,11,וישבת אתהסוסים אשר נתנו מלכי יהודה לשמש מבא ביתיהוה אללשכת נתןמלך הסריס אשר בפרורים ואתמרכבות השמש שרף באש,"He did away with the horses that the kings of Judah had dedicated to the sun, at the entrancekat the entrance Heb. “from entering.” of the House of GOD, near the chamber of the eunuch Nathan-melech, which was in the precincts.lprecincts Meaning of Heb. uncertain. He burned the chariots of the sun. ",Ninguno
II_Kings,23,12,ואתהמזבחות אשר עלהגג עלית אחז אשרעשו&thinsp;<b></b> מלכי יהודה ואתהמזבחות אשרעשה מנשה בשתי חצרות ביתיהוה נתץ המלך וירץ משם והשליך אתעפרם אלנחל קדרון,"And the king tore down the altars made by the kings of Judah on the roof by the upper chamber of Ahaz, and the altars made by Manasseh in the two courts of the House of GOD. He removed them quickly from theremremoved them quickly from there Heb. “ran from there.” Emendation yields “smashed them there.” and scattered their rubble in the Kidron Valley. ",Ninguno
II_Kings,23,13,ואתהבמות אשר&thinsp;<b></b> עלפני ירושל͏ם אשר מימין להרהמשחית אשר בנה שלמה מלךישראל לעשתרת&thinsp;<b></b> שקץ צידנים ולכמוש שקץ מואב ולמלכם תועבת בניעמון טמא המלך,"The king also defiled the shrines facing Jerusalem, to the south of the Mount of the Destroyer,nMount of the Destroyer Heb. har ha-mashḥith: a derogatory play on har ha-mishḥah (“Mount of Ointment”); Mishnah Middoth 2.4. which King Solomon of Israel had built for Ashtoreth, the abomination of the Sidonians, for Chemosh, the abomination of Moab, and for Milcom, the detestable thing of the Ammonites.othe shrines … which King Solomon of Israel had built … Ammonites Cf. 1 Kings 11.5, 7. ",Control/Derecha (Yamin)
II_Kings,23,14,ושבר אתהמצבות ויכרת אתהאשרים וימלא אתמקומם עצמות אדם,He shattered their pillars and cut down their sacred postspsacred posts See note at 13.6. and covered their sites with human bones.,Ninguno
II_Kings,23,15,וגם אתהמזבח אשר בביתאל הבמה אשר עשה ירבעם בןנבט אשר החטיא אתישראל גם אתהמזבח ההוא ואתהבמה נתץ וישרף אתהבמה הדק לעפר ושרף אשרה,"As for the altar in Bethel [and] the shrine made by Jeroboam son of Nebat who caused Israel to sin—that altar, too, and the shrine as well, he tore down. He burned down the shrine and beat it to dust, and he burned the sacred post.qsacred post See note at 13.6. ",Ninguno
II_Kings,23,16,ויפן יאשיהו וירא אתהקברים אשרשם בהר וישלח ויקח אתהעצמות מןהקברים וישרף עלהמזבח ויטמאהו כדבר יהוה אשר קרא איש האלהים אשר קרא אתהדברים האלה,"Josiah turned and saw the graves that were there on the hill; and he had the bones taken out of the graves and burned on the altar. Thus he defiled it, in fulfillment of the word of GOD foretold by the agent of God who foretold these happenings. ",Ninguno
II_Kings,23,17,ויאמר מה הציון הלז אשר אני ראה ויאמרו אליו אנשי העיר הקבר אישהאלהים אשרבא מיהודה ויקרא אתהדברים האלה אשר עשית על המזבח ביתאל,"He asked, “What is the marker I see there?” And the townspeople replied, “That is the grave of the agent of God who came from Judah and foretold these things that you have done to the altar of Bethel.”rCf. 1 Kings 13.1–3. ",Ninguno
II_Kings,23,18,ויאמר הניחו לו איש אלינע עצמותיו וימלטו עצמותיו את עצמות הנביא אשרבא משמרון,"“Let him be,” he said, “let no one disturb his bones.” So they left his bones undisturbed together with the bones of the prophetstogether with the bones of the prophet See 1 Kings 13.31–32 and next note. who came from Samaria.tSamaria The prophet lived in Bethel, which, in Josiah’s time, was part of the Assyrian province of Samaria. ",Ninguno
II_Kings,23,19,וגם אתכלבתי הבמות אשר&thinsp;<b></b> בערי שמרון אשר עשו מלכי ישראל להכעיס הסיר יאשיהו ויעש להם ככלהמעשים אשר עשה בביתאל,"Josiah also abolished all the cult places that the kings of Israel had built in the towns of Samaria, vexing [GOD]. He dealt with them just as he had done to Bethel: ",Ninguno
II_Kings,23,20,ויזבח אתכלכהני הבמות אשרשם עלהמזבחות וישרף אתעצמות אדם עליהם וישב ירושל͏ם,"He slew on the altars all the priests of the shrines who were there, and he burned human bones on them. Then he returned to Jerusalem.",Ninguno
II_Kings,23,21,ויצו המלך אתכלהעם לאמר עשו פסח ליהוה אלהיכם ככתוב על ספר הברית הזה,"The king commanded all the people, “Offer the passover sacrifice to the ETERNAL your God as prescribed in this scroll of the covenant.” ",Ninguno
II_Kings,23,22,כי לא נעשה כפסח הזה מימי השפטים אשר שפטו אתישראל וכל ימי מלכי ישראל ומלכי יהודה,"Now the passover sacrifice had not been offered in that manner in the days of the chieftains who ruled Israel, or during the days of the kings of Israel and the kings of Judah. ",Ninguno
II_Kings,23,23,כי אםבשמנה עשרה שנה למלך יאשיהו נעשה הפסח הזה ליהוה בירושל͏ם,Only in the eighteenth year of King Josiah was such a passover sacrifice offered in that manner to GOD in Jerusalem.,Ninguno
II_Kings,23,24,וגם אתהאבות ואתהידענים ואתהתרפים ואתהגללים ואת כלהשקצים אשר נראו בארץ יהודה ובירושל͏ם בער יאשיהו למען הקים אתדברי התורה הכתבים עלהספר אשר מצא חלקיהו הכהן בית יהוה,"Josiah also did away with the necromancers and the mediums,uthe necromancers and the mediums Lit. “the ghosts and the familiar spirits.” the oracle idols and the fetishes—all the detestable things that were to be seen in the land of Judah and Jerusalem. Thus he fulfilled the terms of the Teaching recorded in the scroll that the priest Hilkiah had found in the House of GOD. ",Percepción (Yada)
II_Kings,23,25,וכמהו לאהיה לפניו מלך אשרשב אליהוה בכללבבו ובכלנפשו ובכלמאדו ככל תורת משה ואחריו לאקם כמהו,"There was no king like him before who turned back to GOD with all his heart and soul and might, in full accord with the Teaching of Moses; nor did any like him arise after him.",Ninguno
II_Kings,23,26,אך&thinsp;<b></b> לאשב יהוה מחרון אפו הגדול אשרחרה אפו ביהודה על כלהכעסים אשר הכעיסו מנשה,"However, GOD did not turn away from the awesome wrath that had blazed up against Judah because of all the things Manasseh did to provoke God’s anger. ",Ninguno
II_Kings,23,27,ויאמר יהוה גם אתיהודה אסיר מעל פני כאשר הסרתי אתישראל ומאסתי אתהעיר הזאת אשרבחרתי אתירושל͏ם ואתהבית אשר אמרתי יהיה שמי שם," GOD said, “I will also banish Judah from My presence as I banished Israel; and I will reject the city of Jerusalem that I chose and the House where I said My name would abide.”",Ninguno
II_Kings,23,28,ויתר דברי יאשיהו וכלאשר עשה הלאהם כתובים עלספר דברי הימים למלכי יהודה,"The other events of Josiah’s reign, and all his actions, are recorded in the Annals of the Kings of Judah. ",Ninguno
II_Kings,23,29,בימיו עלה פרעה נכה מלךמצרים עלמלך אשור עלנהרפרת וילך המלך יאשיהו לקראתו וימיתהו במגדו כראתו אתו,"In his days, Pharaoh Neco, king of Egypt, marched against the king of AssyriavAssyria I.e., the Chaldean Empire; cf. Isa. 52.4 and note. to the River Euphrates; King Josiah marched toward him, but when he confronted him at Megiddo, [Pharaoh Neco] slew him. ",Ninguno
II_Kings,23,30,"וירכבהו עבדיו מת ממגדו ויבאהו ירושל͏ם ויקברהו בקברתו ויקח עםהארץ אתיהואחז בןיאשיהו וימשחו אתו וימליכו אתו תחת אביו&nbsp;<span class=""mam-spi-pe"">{פ}</span><br>","His servants conveyed his body in a chariot from Megiddo to Jerusalem, and they buried him in his tomb. Then the people of the land took Jehoahaz; they anointed him and made him king in place of his father.",Ninguno
II_Kings,23,31,בןעשרים ושלש שנה יהואחז במלכו ושלשה חדשים מלך בירושל͏ם ושם אמו חמוטל בתירמיהו מלבנה,"Jehoahaz was twenty-three years old when he became king, and he reigned three months in Jerusalem; his mother’s name was Hamutal daughter of Jeremiah of Libnah. ",Ninguno
II_Kings,23,32,ויעש הרע בעיני יהוה ככל אשרעשו אבתיו,"He did what was displeasing to GOD, just as his predecessors had done. ",Ninguno
II_Kings,23,33,"ויאסרהו פרעה נכה ברבלה בארץ חמת <span class=""mam-kq""><span class=""mam-kq-k"">(במלך)</span> <span class=""mam-kq-q"">[ממלך]</span></span> בירושל͏ם ויתןענש עלהארץ מאה ככרכסף וככר זהב","Pharaoh Neco imprisoned him in Riblah in the region of Hamath, to keep him from reigning in Jerusalem. And he imposed on the land an indemnity of one hundred talents of silver and a talent of gold. ",Ninguno
II_Kings,23,34,וימלך פרעה נכה אתאליקים בןיאשיהו תחת יאשיהו אביו ויסב אתשמו יהויקים ואתיהואחז לקח ויבא מצרים וימת שם,"Then Pharaoh Neco appointed Eliakim son of Josiah king in place of his father Josiah, changing his name to Jehoiakim. He took Jehoahaz and brought himwbrought him So 2 Chron. 36.4; Heb. here “he came.” to Egypt, where he died. ",Ninguno
II_Kings,23,35,"והכסף והזהב נתן יהויקים לפרעה אך העריך אתהארץ לתת אתהכסף עלפי פרעה איש כערכו נגש אתהכסף ואתהזהב אתעם הארץ לתת לפרעה נכה&nbsp;<span class=""mam-spi-samekh"">{ס}</span>&nbsp;&nbsp;&nbsp;&nbsp;&nbsp;&nbsp;&nbsp;&nbsp;","Jehoiakim gave Pharaoh the silver and the gold, and he made an assessment on the land to pay the money demanded by Pharaoh. He exacted from the people of the land the silver and gold to be paid Pharaoh Neco, each [holding] according to its assessment.",Ninguno
II_Kings,23,36,"בןעשרים וחמש שנה יהויקים במלכו ואחת עשרה שנה מלך בירושל͏ם ושם אמו <span class=""mam-kq""><span class=""mam-kq-k"">(זבידה)</span> <span class=""mam-kq-q"">[זבודה]</span></span> בתפדיה מןרומה","Jehoiakim was twenty-five years old when he became king, and he reigned eleven years in Jerusalem; his mother’s name was Zebudah daughter of Pedaiah of Rumah. ",Ninguno
II_Kings,23,37,ויעש הרע בעיני יהוה ככל אשרעשו אבתיו,"He did what was displeasing to GOD, just as his ancestors had done.",Ninguno
II_Kings,24,1,בימיו עלה נבכדנאצר מלך בבל ויהילו יהויקים עבד שלש שנים וישב וימרדבו,"In his days, King Nebuchadnezzar of Babylon came up, and Jehoiakim became his vassal for three years. Then he turned and rebelled against him. ",Ninguno
II_Kings,24,2,וישלח יהוה&thinsp;<small></small>&thinsp;בו אתגדודי כשדים ואתגדודי ארם ואת&thinsp;<b></b> גדודי מואב ואת גדודי בניעמון וישלחם ביהודה להאבידו כדבר יהוה אשר דבר ביד עבדיו הנביאים,"GOD let loose against him the raiding bands of the Chaldeans, Arameans, Moabites, and Ammonites—letting them loose against Judah to destroy it, in accordance with the word that GOD had spoken through the prophets—God’s servants. ",Ninguno
II_Kings,24,3,אך&thinsp;<b></b> עלפי יהוה היתה ביהודה להסיר מעל פניו בחטאת מנשה ככל אשר עשה,"All this befell Judah at the command of GOD, who banished [them] from the divine presence because of all the sins that Manasseh had committed, ",Ninguno
II_Kings,24,4,וגם דםהנקי אשר שפך וימלא אתירושל͏ם דם נקי ולאאבה יהוה לסלח,"and also because of the blood of the innocent that he shed. For he filled Jerusalem with the blood of the innocent, and GOD would not forgive.",Ninguno
II_Kings,24,5,ויתר דברי יהויקים וכלאשר עשה הלאהם כתובים עלספר דברי הימים למלכי יהודה,"The other events of Jehoiakim’s reign, and all of his actions, are recorded in the Annals of the Kings of Judah. ",Ninguno
II_Kings,24,6,וישכב יהויקים עםאבתיו וימלך יהויכין בנו תחתיו,"Jehoiakim rested with his ancestors, and his son Jehoiachin succeeded him as king. ",Ninguno
II_Kings,24,7,"ולאהסיף עוד מלך מצרים לצאת מארצו כילקח מלך בבל מנחל מצרים עדנהרפרת כל אשר היתה למלך מצרים&nbsp;<span class=""mam-spi-pe"">{פ}</span><br>","The king of Egypt did not venture out of his country again, for the king of Babylon had seized all the land that had belonged to the king of Egypt, from the Wadi of Egypt to the River Euphrates.",Ninguno
II_Kings,24,8,בןשמנה עשרה שנה יהויכין במלכו ושלשה חדשים מלך בירושל͏ם ושם אמו נחשתא בתאלנתן מירושל͏ם,"Jehoiachin was eighteen years old when he became king, and he reigned three months in Jerusalem; his mother’s name was Nehushta daughter of Elnathan of Jerusalem. ",Ninguno
II_Kings,24,9,ויעש הרע בעיני יהוה ככל אשרעשה אביו,"He did what was displeasing to GOD, just as his father had done. ",Ninguno
II_Kings,24,10,"בעת ההיא <span class=""mam-kq""><span class=""mam-kq-k"">(עלה)</span> <span class=""mam-kq-q"">[עלו]</span></span> עבדי נבכדנאצר מלךבבל ירושל͏ם ותבא העיר במצור","At that time, the troopsatroops Heb. “servants.” of King Nebuchadnezzar of Babylon marched against Jerusalem, and the city came under siege. ",Ninguno
II_Kings,24,11,ויבא נבכדנאצר מלךבבל עלהעיר ועבדיו צרים עליה,King Nebuchadnezzar of Babylon advanced against the city while his troops were besieging it.,Ninguno
II_Kings,24,12,ויצא יהויכין מלךיהודה עלמלך בבל הוא ואמו ועבדיו ושריו וסריסיו ויקח אתו מלך בבל בשנת שמנה למלכו,"Thereupon King Jehoiachin of Judah, along with his mother, and his courtiers, commanders, and officers, surrendered to the king of Babylon. The king of Babylon took him captive in the eighth year of his reign. ",Ninguno
II_Kings,24,13,ויוצא משם אתכלאוצרות בית יהוה ואוצרות בית המלך ויקצץ אתכלכלי הזהב אשר עשה שלמה מלךישראל בהיכל יהוה כאשר דבר יהוה,He carried off from Jerusalembfrom Jerusalem Heb. “from there.” all the treasures of the House of GOD and the treasures of the royal palace; he stripped off all the golden decorations in the Temple of GOD—which King Solomon of Israel had made—as GOD had warned. ,Ninguno
II_Kings,24,14,"והגלה אתכלירושל͏ם ואתכלהשרים ואת&thinsp;<b></b> כלגבורי החיל <span class=""mam-kq""><span class=""mam-kq-k"">(עשרה)</span> <span class=""mam-kq-q"">[עשרת]</span></span> אלפים גולה וכלהחרש והמסגר לא נשאר זולת דלת עםהארץ",He exiled all of Jerusalem: all the commanders and all the warriors—ten thousand exiles—as well as all the artisans and smiths; only the poorest people in the land were left.,Ninguno
II_Kings,24,15,"ויגל אתיהויכין בבלה ואתאם המלך ואתנשי המלך ואתסריסיו ואת <span class=""mam-kq""><span class=""mam-kq-k"">(אולי)</span> <span class=""mam-kq-q"">[אילי]</span></span> הארץ הוליך גולה מירושל͏ם בבלה",He deported Jehoiachin to Babylon; and the king’s mother and wives and officers and the notables of the land were brought as exiles from Jerusalem to Babylon.,Ninguno
II_Kings,24,16,ואת כלאנשי החיל שבעת אלפים והחרש והמסגר אלף הכל גבורים עשי מלחמה ויביאם מלךבבל גולה בבלה,"All the able men, to the number of seven thousand—all of them warriors, trained for battle—and a thousand artisans and smiths were brought to Babylon as exiles by the king of Babylon. ",Ninguno
II_Kings,24,17,"וימלך מלךבבל אתמתניה דדו תחתיו ויסב אתשמו צדקיהו&nbsp;<span class=""mam-spi-pe"">{פ}</span><br>","And the king of Babylon appointed Mattaniah, Jehoiachin’scJehoiachin’s Heb. “his.” uncle, king in his place, changing his name to Zedekiah.",Ninguno
II_Kings,24,18,"בןעשרים ואחת שנה צדקיהו במלכו ואחת עשרה שנה מלך בירושל͏ם ושם אמו <span class=""mam-kq""><span class=""mam-kq-k"">(חמיטל)</span> <span class=""mam-kq-q"">[חמוטל]</span></span> בתירמיהו מלבנה","dFor the rest of this book cf. Jer. 39 and 52. Zedekiah was twenty-one years old when he became king, and he reigned eleven years in Jerusalem; his mother’s name was Hamutal daughter of Jeremiah of Libnah. ",Ninguno
II_Kings,24,19,ויעש הרע בעיני יהוה ככל אשרעשה יהויקים,"He did what was displeasing to GOD, just as Jehoiakim had done. ",Ninguno
II_Kings,24,20,"כי&thinsp;<b></b> עלאף יהוה היתה בירושל͏ם וביהודה עדהשלכו אתם מעל פניו וימרד צדקיהו במלך בבל&nbsp;<span class=""mam-spi-samekh"">{ס}</span>&nbsp;&nbsp;&nbsp;&nbsp;&nbsp;&nbsp;&nbsp;&nbsp;","Indeed, Jerusalem and Judah were a cause of anger for GOD, so thatewere a cause of anger for GOD, so that Meaning of Heb. uncertain. they were cast out from the divine presence.Zedekiah rebelled against the king of Babylon.",Ninguno
II_Kings,25,1,ויהי בשנת התשיעית למלכו בחדש העשירי בעשור לחדש בא נבכדנאצר מלךבבל הוא וכלחילו עלירושל͏ם ויחן עליה ויבנו עליה דיק סביב,"And in the ninth year of hisahis I.e., Zedekiah’s. reign, on the tenth day of the tenth month, Nebuchadnezzar moved against Jerusalem with his whole army. He besieged it; and they built towers against it all around. ",Ninguno
II_Kings,25,2,ותבא העיר במצור עד עשתי עשרה שנה למלך צדקיהו,The city continued in a state of siege until the eleventh year of King Zedekiah.,Ninguno
II_Kings,25,3,בתשעה לחדש ויחזק הרעב בעיר ולאהיה לחם לעם הארץ,By the ninth day [of the fourth month]b[of the fourth month] Cf. Jer. 52.6. the famine had become acute in the city; there was no food left for the common people.,Ninguno
II_Kings,25,4,ותבקע העיר וכלאנשי המלחמה&thinsp;<small></small>&thinsp;הלילה דרך שער&thinsp;<b></b> בין החמתים אשר עלגן המלך וכשדים עלהעיר סביב וילך דרך הערבה,"Then [the wall of] the city was breached. All the soldiers [left the city] by night through the gate between the double walls, which is near the king’s garden—the Chaldeans were all around the city; and [the king] set out for the Arabah.cArabah Hoping to escape across the Jordan. ",Separación (Beyn)
II_Kings,25,5,וירדפו חילכשדים אחר המלך וישגו אתו בערבות ירחו וכלחילו נפצו מעליו,"But the Chaldean troops pursued the king, and they overtook him in the steppes of Jericho as his entire force left him and scattered. ",Ninguno
II_Kings,25,6,ויתפשו אתהמלך ויעלו אתו אלמלך בבל רבלתה וידברו אתו משפט,They captured the king and brought him before the king of Babylon at Riblah; and they put him on trial.,Ninguno
II_Kings,25,7,"ואתבני צדקיהו שחטו לעיניו ואתעיני צדקיהו עור ויאסרהו בנחשתים ויבאהו בבל&nbsp;<span class=""mam-spi-samekh"">{ס}</span>&nbsp;&nbsp;&nbsp;&nbsp;&nbsp;&nbsp;&nbsp;&nbsp;",They slaughtered Zedekiah’s sons before his eyes; then Zedekiah’s eyes were put out. He was chained in bronze fetters and he was brought to Babylon.,Ninguno
II_Kings,25,8,ובחדש החמישי בשבעה לחדש היא שנת תשעעשרה שנה למלך נבכדנאצר מלךבבל בא נבוזראדן רבטבחים עבד מלךבבל ירושל͏ם,"On the seventh day of the fifth month—that was the nineteenth year of King Nebuchadnezzar of Babylon—Nebuzaradan, the chief of the guards, an officer of the king of Babylon, came to Jerusalem. ",Ninguno
II_Kings,25,9,וישרף אתביתיהוה ואתבית המלך ואת כלבתי ירושל͏ם ואתכלבית גדול שרף באש,"He burned the House of GOD, the king’s palace, and all the houses of Jerusalem; he burned down the house of every notable person.dthe house of every notable person Meaning of Heb. uncertain. ",Ninguno
II_Kings,25,10,ואתחומת ירושל͏ם סביב נתצו כלחיל כשדים אשר רבטבחים,The entire Chaldean force that was with the chief of the guard tore down the walls of Jerusalem on every side.,Ninguno
II_Kings,25,11,ואת יתר העם הנשארים בעיר ואתהנפלים אשר נפלו עלהמלך בבל ואת יתר ההמון הגלה נבוזראדן רבטבחים,"The remnant of the people that was left in the city, the defectors who had gone over to the king of Babylon—and the remnant of the population—were taken into exile by Nebuzaradan, the chief of the guards. ",Ninguno
II_Kings,25,12,ומדלת הארץ השאיר רבטבחים לכרמים וליגבים,"But some of the poorest in the land were left by the chief of the guards, to be vinedressers and field hands.",Ninguno
II_Kings,25,13,ואתעמודי הנחשת אשר ביתיהוה ואתהמכנות ואתים הנחשת אשר בביתיהוה שברו כשדים וישאו אתנחשתם בבלה,"The Chaldeans broke up the bronze columns of the House of GOD, the stands, and the bronze tank that was in the House of GOD; and they carried the bronze away to Babylon. ",Ninguno
II_Kings,25,14,ואתהסירת ואתהיעים ואתהמזמרות ואתהכפות ואת כלכלי הנחשת אשר ישרתובם לקחו,"They also took all the pails, scrapers, snuffers, ladles, and all the other bronze vessels used in the service. ",Ninguno
II_Kings,25,15,ואתהמחתות ואתהמזרקות אשר זהב זהב ואשרכסף כסף לקח רבטבחים,The chief of the guards took whatever was of gold and whatever was of silver: firepans and sprinkling bowls.,Ninguno
II_Kings,25,16,העמודים&thinsp;<b></b> שנים הים האחד והמכנות אשרעשה שלמה לבית יהוה לאהיה משקל לנחשת כלהכלים האלה,"The two columns, the one tank, and the stands that Solomon provided for the House of GOD—all these objects contained bronze beyond weighing. ",Ninguno
II_Kings,25,17,"שמנה עשרה אמה קומת&thinsp;<b></b> העמוד האחד וכתרת עליו&thinsp;<small></small>&thinsp;נחשת וקומת הכתרת שלש <span class=""mam-kq""><span class=""mam-kq-k"">(אמה)</span> <span class=""mam-kq-q"">[אמות]</span></span> ושבכה ורמנים עלהכתרת סביב הכל נחשת וכאלה לעמוד השני עלהשבכה","The one column was eighteen cubits high. It had a bronze capital above it; the height of the capital was three cubits, and there was a meshwork [decorated] with pomegranates about the capital, all made of bronze. And the like was true of the other column with its meshwork.",Ninguno
II_Kings,25,18,ויקח רבטבחים אתשריה כהן הראש ואתצפניהו כהן משנה ואתשלשת שמרי הסף,"The chief of the guards also took Seraiah, the chief priest, Zephaniah, the deputy priest, and the three guardians of the threshold. ",Ninguno
II_Kings,25,19,ומןהעיר לקח סריס אחד אשרהוא פקיד&thinsp;<b></b> עלאנשי המלחמה וחמשה אנשים מראי פניהמלך אשר נמצאו בעיר ואת הספר שר הצבא המצבא אתעם הארץ וששים איש מעם הארץ הנמצאים בעיר,"And from the city he took a eunuch who was in command of the soldiers; five of the royal privy councillors who were present in the city; the scribe of the army commander, who was in charge of mustering the people of the land; and sixty of the common people who were inside the city. ",Ninguno
II_Kings,25,20,ויקח אתם נבוזראדן רבטבחים וילך אתם עלמלך בבל רבלתה,"Nebuzaradan, the chief of the guards, took them and brought them to the king of Babylon at Riblah. ",Ninguno
II_Kings,25,21,ויך אתם מלך בבל וימיתם ברבלה בארץ חמת ויגל יהודה מעל אדמתו,"The king of Babylon had them struck down and put to death at Riblah, in the region of Hamath.Thus Judah was exiled from its land. ",Ninguno
II_Kings,25,22,והעם הנשאר בארץ יהודה אשר השאיר נבוכדנאצר מלך בבל ויפקד עליהם אתגדליהו בןאחיקם בןשפן,King Nebuchadnezzar of Babylon put Gedaliah son of Ahikam son of Shaphan in charge of the people whom he left in the land of Judah.,Ninguno
II_Kings,25,23,וישמעו כלשרי החילים המה והאנשים כיהפקיד מלךבבל אתגדליהו ויבאו אלגדליהו המצפה וישמעאל בןנתניה ויוחנן בןקרח ושריה בןתנחמת הנטפתי ויאזניהו בןהמעכתי המה ואנשיהם,"When the officers of the troops and their men heard that the king of Babylon had put Gedaliah in charge, they came to Gedaliah at Mizpah with Ishmael son of Nethaniah, Johanan son of Kareah, Seraiah son of Tanhumeth the Netophathite, and Jaazaniah son of the Maachite, together with their men. ",Ninguno
II_Kings,25,24,"וישבע להם גדליהו ולאנשיהם ויאמר להם אלתיראו מעבדי הכשדים שבו בארץ ועבדו אתמלך בבל ויטב לכם&nbsp;<span class=""mam-spi-pe"">{פ}</span><br>","Gedaliah reassured themereassured them Lit. “took an oath to them.” and their men, saying, “Do not be afraid of the servants of the Chaldeans.fof the servants of the Chaldeans Cf. Jer. 40.9 “to serve the Chaldeans.” Stay in the land and serve the king of Babylon, and it will go well with you.”",Ninguno
II_Kings,25,25,ויהי&thinsp;<b></b> בחדש השביעי בא ישמעאל בןנתניה בןאלישמע מזרע המלוכה ועשרה אנשים אתו ויכו אתגדליהו וימת ואתהיהודים ואתהכשדים אשרהיו אתו במצפה,"In the seventh month, Ishmael son of Nethaniah son of Elishama, who was of royal descent, came with ten men, and they struck down Gedaliah and he died; [they also killed] the Judeans and the Chaldeans who were present with him at Mizpah. ",Ninguno
II_Kings,25,26,"ויקמו כלהעם מקטן ועדגדול ושרי החילים ויבאו מצרים כי יראו מפני כשדים&nbsp;<span class=""mam-spi-samekh"">{ס}</span>&nbsp;&nbsp;&nbsp;&nbsp;&nbsp;&nbsp;&nbsp;&nbsp;","And all the people, young and old, and the officers of the troops set out and went to Egypt because they were afraid of the Chaldeans.",Ninguno
II_Kings,25,27,ויהי בשלשים ושבע שנה לגלות יהויכין מלךיהודה בשנים עשר חדש בעשרים ושבעה לחדש נשא אויל מרדך מלך בבל בשנת מלכו אתראש יהויכין מלךיהודה מבית כלא,"In the thirty-seventh year of the exile of King Jehoiachin of Judah, on the twenty-seventh day of the twelfth month, King Evil-merodach of Babylon, in the year he became king, took note ofgtook note of Lit. “raised the head of.” King Jehoiachin of Judah and released him from prison. ",Ninguno
II_Kings,25,28,וידבר אתו טבות ויתן אתכסאו מעל כסא המלכים אשר אתו בבבל,"He spoke kindly to him, and gave him a throne above those of other kings who were with him in Babylon. ",Ninguno
II_Kings,25,29,ושנא את בגדי כלאו ואכל לחם תמיד לפניו כלימי חייו,"His prison garments were removed, and [Jehoiachin] received regular rations by his favor for the rest of his life. ",Ninguno
II_Kings,25,30,וארחתו ארחת תמיד נתנהלו מאת המלך דבריום ביומו כל ימי חיו,A regular allotment of food was given him at the king’s behest—an allotment for each day—all the days of his life.,Ninguno
