Libro,Capitulo,Versiculo,Hebreo_Limpio,Traduccion,Conceptos_Matriz
Judges,1,1,ויהי אחרי מות יהושע וישאלו בני ישראל ביהוה לאמר מי יעלהלנו אלהכנעני בתחלה להלחם בו,"After the death of Joshua, the Israelites inquired of GOD, “Which of us shall be the first to go up against the Canaanites and attack them?” ",Ninguno
Judges,1,2,ויאמר יהוה יהודה יעלה הנה נתתי אתהארץ בידו," GOD replied, “Let [the tribe of] Judah go up. I now deliver the land into their hands.” ",Ninguno
Judges,1,3,ויאמר יהודה לשמעון אחיו עלה אתי בגרלי ונלחמה בכנעני והלכתי גםאני אתך בגורלך וילך אתו שמעון,"Judah then said to their brother-tribe Simeon, “Come up with us to our allotted territory and let us attack the Canaanites, and then we will go with you to your allotted territory.” So Simeon joined them.",Ninguno
Judges,1,4,ויעל יהודה ויתן יהוה אתהכנעני והפרזי בידם ויכום בבזק עשרת אלפים איש,"When Judah advanced, GOD delivered the Canaanites and the Perizzites into their hands, and they defeated ten thousand of them at Bezek. ",Ninguno
Judges,1,5,וימצאו אתאדני בזק בבזק וילחמו בו ויכו אתהכנעני ואתהפרזי,"At Bezek, they encountered Adoni-bezek, engaged him in battle, and defeated the Canaanites and the Perizzites. ",Ninguno
Judges,1,6,וינס אדני בזק וירדפו אחריו ויאחזו אותו ויקצצו אתבהנות ידיו ורגליו,"Adoni-bezek fled, but they pursued him and captured him; and they cut off his thumbs and his big toes. ",Ninguno
Judges,1,7,"ויאמר אדניבזק שבעים&thinsp;<small></small>&thinsp;מלכים בהנות ידיהם ורגליהם מקצצים היו מלקטים תחת שלחני כאשר עשיתי כן שלםלי אלהים ויביאהו ירושל͏ם וימת שם&nbsp;<span class=""mam-spi-pe"">{פ}</span><br>","And Adoni-bezek said, “Seventy kings, with thumbs and big toes cut off, used to pick up scraps under my table; as I have done, so God has requited me.” They brought him to Jerusalem and he died there.",Ninguno
Judges,1,8,וילחמו בנייהודה בירושל͏ם וילכדו אותה ויכוה לפיחרב ואתהעיר שלחו באש,The Judahites attacked Jerusalem and captured it; they put it to the sword and set the city on fire.,Ninguno
Judges,1,9,ואחר ירדו בני יהודה להלחם בכנעני יושב ההר והנגב והשפלה,"After that the Judahites went down to attack the Canaanites who inhabited the hill country, the Negeb, and the Shephelah.",Ninguno
Judges,1,10,וילך יהודה אלהכנעני היושב בחברון ושםחברון לפנים קרית ארבע ויכו אתששי ואתאחימן ואתתלמי,"The Judahites marched against the Canaanites who dwelt in Hebron, and they defeated Sheshai, Ahiman, and Talmai. (The name of Hebron was formerly Kiriath-arba.) ",Ninguno
Judges,1,11,וילך משם אליושבי דביר ושםדביר לפנים קריתספר,From there they marched against the inhabitants of Debir (the name of Debir was formerly Kiriath-sepher).,Ninguno
Judges,1,12,ויאמר כלב אשריכה אתקריתספר ולכדה ונתתי לו אתעכסה בתי לאשה,"And Caleb announced, “I will give my daughter Achsah in marriage to the man who attacks and captures Kiriath-sepher.” ",Ninguno
Judges,1,13,וילכדה עתניאל בןקנז אחי כלב הקטן ממנו ויתןלו אתעכסה בתו לאשה,"His younger kinsman,akinsman Or “brother.” Othniel the Kenizzite,bKenizzite Cf. Josh. 14.6, 14. captured it; and Caleb gave him his daughter Achsah in marriage. ",Ninguno
Judges,1,14,ויהי בבואה ותסיתהו לשאל מאתאביה השדה ותצנח מעל החמור ויאמרלה כלב מהלך,"When she came [to him], she induced him to ask her father for some property. She dismounted from her donkey, and Caleb asked her, “What is the matter?” ",Ninguno
Judges,1,15,"ותאמר לו הבהלי ברכה כי ארץ הנגב נתתני ונתתה לי גלת מים ויתןלה כלב את גלת עלית ואת גלת תחתית&nbsp;<span class=""mam-spi-pe"">{פ}</span><br>","She replied, “Give me a present, for you have given me away as Negeb-land; give me springs of water.” And Caleb gave her Upper and Lower Gulloth.cWhen she came … Gulloth Cf. Josh. 15.18–19 and notes. ",Ninguno
Judges,1,16,ובני קיני חתן משה עלו מעיר התמרים אתבני יהודה מדבר יהודה אשר בנגב ערד וילך וישב אתהעם,"The descendants of the Kenite, the father-in-law of Moses, went up with the Judahites from the City of Palms to the wilderness of Judah; and they went and settled among the peopledpeople Meaning of Heb. uncertain. Emendation yields “Amalekites”; cf. 1 Sam. 15.6. in the Negeb of Arad. ",Ninguno
Judges,1,17,וילך יהודה אתשמעון אחיו ויכו אתהכנעני יושב צפת ויחרימו אותה ויקרא אתשםהעיר חרמה,"And Judah with its brother-tribe Simeon went on and defeated the Canaanites who dwelt in Zephath. They proscribed it, and so the town was named Hormah.eHormah I.e., “Proscribed.” Cf. notes at Num. 21.2–3. ",Ninguno
Judges,1,18,וילכד יהודה אתעזה ואתגבולה ואתאשקלון ואתגבולה ואתעקרון ואתגבולה,"And Judah capturedfAnd Judah captured Septuagint reads “But Judah did not capture Gaza….” Gaza is in the coastal plain referred to in v. 19. Gaza and its territory, Ashkelon and its territory, and Ekron and its territory.",Ninguno
Judges,1,19,ויהי יהוה אתיהודה וירש אתההר כי לא להוריש אתישבי העמק כירכב ברזל להם," 
GOD
 was with Judah, so that they took possession of the hill country; but they were not able to dispossess the inhabitants of the plain, for they had iron chariots. ",Ninguno
Judges,1,20,ויתנו לכלב אתחברון כאשר דבר משה ויורש משם אתשלשה בני הענק,"They gave Hebron to Caleb, as Moses had promised; and he drove the three Anakites out of there. ",Ninguno
Judges,1,21,"ואתהיבוסי ישב ירושל͏ם לא הורישו בני בנימן וישב היבוסי אתבני בנימן בירושל͏ם עד היום הזה&nbsp;<span class=""mam-spi-pe"">{פ}</span><br>",The Benjaminites did not dispossess the Jebusite inhabitants of Jerusalem; so the Jebusites have dwelt with the Benjaminites in Jerusalem to this day.,Ninguno
Judges,1,22,ויעלו ביתיוסף גםהם ביתאל ויהוה עמם,"The House of Joseph, for their part, advanced against Bethel, and GOD was with them. ",Ninguno
Judges,1,23,ויתירו ביתיוסף בביתאל ושםהעיר לפנים לוז,"While the House of Joseph were scouting at Bethel (the name of the town was formerly Luz), ",Ninguno
Judges,1,24,ויראו השמרים איש יוצא מןהעיר ויאמרו לו הראנו נא אתמבוא העיר ועשינו עמך חסד,"their patrolsgpatrols Lit. “watchmen.” saw someone leaving the town. They said to him, “Just show us how to get into the town, and we will treat you kindly.” ",Ninguno
Judges,1,25,ויראם אתמבוא העיר ויכו אתהעיר לפיחרב ואתהאיש ואתכלמשפחתו שלחו,"He showed them how to get into the town; they put the town to the sword, but they let the man and all his relatives go free. ",Ninguno
Judges,1,26,"וילך האיש ארץ החתים ויבן עיר ויקרא שמה לוז הוא שמה עד היום הזה&nbsp;<span class=""mam-spi-pe"">{פ}</span><br>","The man went to the Hittite country. He founded a city and named it Luz, and that has been its name to this day.",Ninguno
Judges,1,27,"ולאהוריש מנשה אתביתשאן ואתבנותיה ואתתענך ואתבנתיה ואת<span class=""mam-kq""><span class=""mam-kq-q"">[יושבי]</span> <span class=""mam-kq-k"">(יושב)</span></span> דור ואתבנותיה ואתיושבי יבלעם ואתבנתיה ואתיושבי מגדו ואתבנותיה ויואל הכנעני לשבת בארץ הזאת","Manasseh did not dispossess [the inhabitants of] Beth-shean and its dependencies, or [of] Taanach and its dependencies, or the inhabitants of Dor and its dependencies, or the inhabitants of Ibleam and its dependencies, or the inhabitants of Megiddo and its dependencies. The Canaanites persisted in dwelling in this region. ",Ninguno
Judges,1,28,"ויהי כיחזק ישראל וישם אתהכנעני למס והוריש לא הורישו&nbsp;<span class=""mam-spi-samekh"">{ס}</span>&nbsp;&nbsp;&nbsp;&nbsp;&nbsp;&nbsp;&nbsp;&nbsp;","And when Israel gained the upper hand, they subjected the Canaanites to forced labor; but they did not dispossess them. ",Ninguno
Judges,1,29,"ואפרים לא הוריש אתהכנעני היושב בגזר וישב הכנעני בקרבו בגזר&nbsp;<span class=""mam-spi-samekh"">{ס}</span>&nbsp;&nbsp;&nbsp;&nbsp;&nbsp;&nbsp;&nbsp;&nbsp;",Nor did Ephraim dispossess the Canaanites who inhabited Gezer; so the Canaanites dwelt in their midst at Gezer.,Ninguno
Judges,1,30,"זבולן לא הוריש אתיושבי קטרון ואתיושבי נהלל וישב הכנעני בקרבו ויהיו למס&nbsp;<span class=""mam-spi-samekh"">{ס}</span>&nbsp;&nbsp;&nbsp;&nbsp;&nbsp;&nbsp;&nbsp;&nbsp;","Zebulun did not dispossess the inhabitants of Kitron or the inhabitants of Nahalol; so the Canaanites dwelt in their midst, but they were subjected to forced labor. ",Ninguno
Judges,1,31,אשר לא הוריש אתישבי עכו ואתיושבי צידון ואתאחלב ואתאכזיב ואתחלבה ואתאפיק ואתרחב,"Asher did not dispossess the inhabitants of Acco or the inhabitants of Sidon, Ahlab, Achzib, Helbah, Aphik, and Rehob. ",Ninguno
Judges,1,32,"וישב האשרי בקרב הכנעני ישבי הארץ כי לא הורישו&nbsp;<span class=""mam-spi-samekh"">{ס}</span>&nbsp;&nbsp;&nbsp;&nbsp;&nbsp;&nbsp;&nbsp;&nbsp;","So the Asherites dwelt in the midst of the Canaanites, the inhabitants of the land, for they did not dispossess them. ",Ninguno
Judges,1,33,נפתלי לאהוריש אתישבי ביתשמש ואתישבי ביתענת וישב בקרב הכנעני ישבי הארץ וישבי ביתשמש ובית ענת היו להם למס,"Naphtali did not dispossess the inhabitants of Beth-shemesh or the inhabitants of Beth-anath. But they settled in the midst of the Canaanite inhabitants of the land, and the inhabitants of Beth-shemesh and Beth-anath had to perform forced labor for them.",Ninguno
Judges,1,34,וילחצו האמרי אתבנידן ההרה כילא נתנו לרדת לעמק,The Amorites pressed the Danites into the hill country; they would not let them come down to the plain.,Ninguno
Judges,1,35,ויואל האמרי לשבת בהרחרס באילון ובשעלבים ותכבד יד ביתיוסף ויהיו למס,"The Amorites also persisted in dwelling in Har-heres, in Aijalon, and in Shaalbim. But the hand of the House of Joseph bore heavily on them and they had to perform forced labor. ",Ninguno
Judges,1,36,"וגבול האמרי ממעלה עקרבים מהסלע ומעלה&nbsp;<span class=""mam-spi-pe"">{פ}</span><br>",The territory of the AmoriteshAmorites Some Septuagint mss. read “Edomites.” extended from the Ascent of Akrabbim—from Sela—onward.,Ninguno
Judges,2,1,"ויעל מלאךיהוה מןהגלגל אלהבכים&nbsp;<span class=""mam-spi-pe"">{פ}</span><br>ויאמר אעלה אתכם ממצרים ואביא אתכם אלהארץ אשר נשבעתי לאבתיכם ואמר לאאפר בריתי אתכם לעולם","An angelaAn angel Lit. “a messenger.” of GOD came up from Gilgal to Bochim and said, “I brought you up from Egypt and I took you into the land that I had promised on oath to your fathers.bfathers See note at Josh. 1.6. And I said, ‘I will never break My covenant with you. ",Ninguno
Judges,2,2,ואתם לאתכרתו ברית ליושבי הארץ הזאת מזבחותיהם תתצון ולאשמעתם בקולי מהזאת עשיתם,"And you, for your part, must make no covenant with the inhabitants of this land; you must tear down their altars.’ But you have not obeyed Me—look what you have done! ",Ninguno
Judges,2,3,וגם אמרתי לאאגרש אותם מפניכם והיו לכם לצדים ואלהיהם יהיו לכם למוקש,"Therefore, I have resolved not to drive them out before you; they shall become your oppressors,coppressors So Targum and other ancient versions. Meaning of Heb. uncertain. and their gods shall be a snare to you.” ",Ninguno
Judges,2,4,ויהי כדבר מלאך יהוה אתהדברים האלה אלכלבני ישראל וישאו העם אתקולם ויבכו,"As the angel of GOD spoke these words to all the Israelites, the people broke into weeping. ",Ninguno
Judges,2,5,"ויקראו שםהמקום ההוא בכים ויזבחושם ליהוה&nbsp;<span class=""mam-spi-pe"">{פ}</span><br>","So they named that place Bochim,dBochim I.e., “weepers.” and they offered sacrifices there to GOD.",Ninguno
Judges,2,6,וישלח יהושע אתהעם וילכו בניישראל איש לנחלתו לרשת אתהארץ,"When Joshua dismissed the people, the Israelites went to their allotted territories and took possession of the land. ",Ninguno
Judges,2,7,ויעבדו העם אתיהוה כל ימי יהושע וכל&thinsp;<b></b> ימי הזקנים אשר האריכו ימים אחרי יהושוע אשר ראו את כלמעשה יהוה הגדול אשר עשה לישראל,The people served GOD during the lifetime of Joshua and the lifetime of the older people who lived on after Joshua and who had witnessed all the marvelous deeds that GOD had wrought for Israel.,Ninguno
Judges,2,8,וימת יהושע בןנון עבד יהוה בןמאה ועשר שנים,"Joshua son of Nun, the servant of GOD, died at the age of one hundred and ten years, ",Ninguno
Judges,2,9,ויקברו אותו בגבול נחלתו בתמנתחרס בהר אפרים מצפון להרגעש,"and was buried on his own property, at Timnath-hereseTimnath-heres Some mss. read “Timnath-serah”; cf. Josh. 24.30. in the hill country of Ephraim, north of Mount Gaash. ",Ninguno
Judges,2,10,"וגם כלהדור ההוא נאספו אלאבותיו ויקם דור אחר אחריהם אשר לאידעו אתיהוה וגם אתהמעשה אשר עשה לישראל&nbsp;<span class=""mam-spi-pe"">{פ}</span><br>","And all that generation were likewise gathered to their ancestors.Another generation arose after them, which had not experienced GOD’s deliverancefwhich had not experienced GOD’s deliverance Lit. “which did not know GOD.” or the deeds that had been wrought for Israel. ",Percepción (Yada)
Judges,2,11,ויעשו בניישראל אתהרע בעיני יהוה ויעבדו אתהבעלים,And the Israelites did what was offensive to GOD. They worshiped the Baalim,Ninguno
Judges,2,12,ויעזבו אתיהוה&thinsp;<b></b> אלהי אבותם המוציא אותם מארץ מצרים וילכו אחרי&thinsp;<b></b> אלהים אחרים מאלהי העמים אשר סביבותיהם וישתחוו להם ויכעסו אתיהוה,"and forsook the ETERNAL, the God of their ancestors, who had brought them out of the land of Egypt. They followed other gods, from among the gods of the peoples around them, and bowed down to them; they provoked GOD. ",Ninguno
Judges,2,13,ויעזבו אתיהוה ויעבדו לבעל ולעשתרות,They forsook GOD and worshiped Baal and the Ashtaroth.gthe Ashtaroth Manifestations of the Canaanite goddess Ashtoreth. ,Ninguno
Judges,2,14,ויחראף יהוה בישראל ויתנם בידשסים וישסו אותם וימכרם ביד אויביהם מסביב ולאיכלו עוד לעמד לפני אויביהם,"Having become incensed at Israel, GOD then handed them over to foeshfoes Lit. “plunderers.” who plundered them, surrendering them to their enemies on all sides; they could no longer hold their own against their enemies. ",Ninguno
Judges,2,15,בכל&thinsp;<b></b> אשר יצאו ידיהוה היתהבם לרעה כאשר דבר יהוה וכאשר נשבע יהוה להם ויצר להם מאד,"In all their campaigns, GOD’s hand was against them to their undoing—as GOD had declared and as GOD had sworn to them—and they were in great distress. ",Ninguno
Judges,2,16,ויקם יהוה שפטים ויושיעום מיד שסיהם,Then GOD raised up chieftains who delivered them from those who plundered them.,Ninguno
Judges,2,17,וגם אלשפטיהם לא שמעו כי זנו אחרי אלהים אחרים וישתחוו להם סרו מהר מןהדרך אשר הלכו אבותם לשמע מצותיהוה לאעשו כן,But they did not heed their chieftains either; they went astray after other gods and bowed down to them. They were quick to turn aside from the way their ancestors had followed in obedience to GOD’s commandments; they did not do right.,Ninguno
Judges,2,18,וכיהקים יהוה&thinsp;<small></small>&thinsp;להם שפטים והיה יהוה עםהשפט והושיעם מיד איביהם כל ימי השופט כיינחם יהוה מנאקתם מפני לחציהם ודחקיהם,"When GOD raised up chieftains for them, GOD would be with that chieftain—and would save them from their enemies during that chieftain’s lifetime; for GOD would be moved to pity by their moanings because of those who oppressed and crushed them. ",Ninguno
Judges,2,19,והיה&thinsp;<b></b> במות השופט ישבו והשחיתו מאבותם ללכת אחרי אלהים אחרים לעבדם ולהשתחות להם לא הפילו ממעלליהם ומדרכם הקשה,"But when the chieftain died, they would again act basely, even more than the preceding generationithe preceding generation Lit. “their ancestors.”—following other gods, worshiping them, and bowing down to them; they omitted none of their practices and stubborn ways.",Ninguno
Judges,2,20,ויחראף יהוה בישראל ויאמר יען אשר עברו הגוי הזה אתבריתי אשר צויתי אתאבותם ולא שמעו לקולי,"Then GOD, having become incensed against Israel, said, “Since that nation has transgressed the covenant that I enjoined upon their ancestors and has not obeyed Me, ",Ninguno
Judges,2,21,גםאני לא אוסיף להוריש איש מפניהם מןהגוים אשרעזב יהושע וימת,I for My part will no longer drive out before them any of the nations that Joshua left when he died.”,Ninguno
Judges,2,22,למען נסות בם אתישראל השמרים הם אתדרך יהוה ללכת בם כאשר שמרו אבותם אםלא,"For it was in order to test Israel by them—[to see] whether they would faithfully walk in GOD’s ways, as their ancestors had done— ",Ninguno
Judges,2,23,"וינח יהוה אתהגוים האלה לבלתי הורישם מהר ולא נתנם בידיהושע&nbsp;<span class=""mam-spi-pe"">{פ}</span><br>","that GOD had left those nations, instead of driving them out at once, and had not delivered them into the hands of Joshua.",Ninguno
Judges,3,1,ואלה הגוים אשר הניח יהוה לנסות בם אתישראל את כלאשר לאידעו את כלמלחמות כנען,"aThe sentence structure of vv. 1–2 is uncertain. These are the nations that GOD left in order to test the Israelites who had not known any of the wars of Canaan, ",Percepción (Yada)
Judges,3,2,רק למען דעת דרות בניישראל ללמדם מלחמה רק אשרלפנים לא ידעום,so that succeeding generations of Israelites might be made to experience war—but only those who had not known the former wars:bformer wars Lit. “them formerly.” ,Percepción (Yada)
Judges,3,3,חמשת&thinsp;<b></b> סרני פלשתים וכלהכנעני והצידני והחוי ישב הר הלבנון מהר בעל חרמון עד לבוא חמת,"the five principalitiescprincipalities Lit. “lords.” of the Philistines and all the Canaanites, Sidonians, and Hivites who inhabited the hill country of the Lebanon from Mount Baal-hermon to Lebo-hamath.dLebo-hamath See note at Num. 13.21. ",Ninguno
Judges,3,4,ויהיו לנסות בם אתישראל לדעת הישמעו אתמצות יהוה אשרצוה אתאבותם בידמשה,"These served as a means of testing Israel, to learn whether they would obey the commandments that GOD had enjoined upon their ancestors through Moses.",Ninguno
Judges,3,5,ובני ישראל ישבו בקרב הכנעני החתי והאמרי והפרזי והחוי והיבוסי,"The Israelites settled among the Canaanites, Hittites, Amorites, Perizzites, Hivites, and Jebusites; ",Ninguno
Judges,3,6,"ויקחו אתבנותיהם להם לנשים ואתבנותיהם נתנו לבניהם ויעבדו אתאלהיהם&nbsp;<span class=""mam-spi-pe"">{פ}</span><br>","they took their daughters to wife and gave their own daughters to their sons, and they worshiped their gods. ",Ninguno
Judges,3,7,ויעשו בניישראל אתהרע בעיני יהוה וישכחו אתיהוה אלהיהם ויעבדו אתהבעלים ואתהאשרות,"The Israelites did what was offensive to GOD; they ignored the ETERNAL their God and worshiped the Baalim and the Asheroth.eBaalim…Asheroth I.e., the Canaanite god Baal and goddess Asherah, in various manifestations. ",Ninguno
Judges,3,8,ויחראף יהוה בישראל וימכרם ביד כושן רשעתים מלך ארם נהרים ויעבדו בניישראל אתכושן רשעתים שמנה שנים,GOD became incensed at Israel and surrendered them to King Cushan-rishathaim of Aram-naharaim; and the Israelites were subject to Cushan-rishathaim for eight years.,Ninguno
Judges,3,9,ויזעקו בניישראל אליהוה ויקם יהוה מושיע לבני ישראל וישיעם את עתניאל בןקנז אחי כלב הקטן ממנו,"The Israelites cried out to GOD, and GOD raised a champion for the Israelites to deliver them: Othniel the Kenizzite, a younger kinsmanfkinsman Or “brother.” of Caleb. ",Ninguno
Judges,3,10,ותהי עליו רוחיהוה וישפט אתישראל ויצא למלחמה ויתן יהוה בידו אתכושן רשעתים מלך ארם ותעז ידו על כושן רשעתים,"The spirit of GOD descended upon him and he became Israel’s chieftain. He went out to war, and GOD delivered King Cushan-rishathaim of Aram into his hands. He prevailed over Cushan-rishathaim, ",Ninguno
Judges,3,11,"ותשקט הארץ ארבעים שנה וימת עתניאל בןקנז&nbsp;<span class=""mam-spi-pe"">{פ}</span><br>","and the land had peace for forty years.When Othniel the Kenizzite died, ",Ninguno
Judges,3,12,ויספו בני ישראל לעשות הרע בעיני יהוה ויחזק יהוה אתעגלון מלךמואב עלישראל על כיעשו אתהרע בעיני יהוה,"the Israelites again did what was offensive to GOD. And because they did what was offensive to GOD, GOD let King Eglon of Moab prevail over Israel. ",Ninguno
Judges,3,13,ויאסף אליו אתבני עמון ועמלק וילך ויך אתישראל ויירשו אתעיר התמרים,"[Eglon] brought the Ammonites and the Amalekites together under his command, and went and defeated Israel and occupied the City of Palms. ",Ninguno
Judges,3,14,ויעבדו בניישראל אתעגלון מלךמואב שמונה עשרה שנה,The Israelites were subject to King Eglon of Moab for eighteen years.,Ninguno
Judges,3,15,ויזעקו בניישראל אליהוה ויקם יהוה להם מושיע אתאהוד בןגרא בןהימיני איש אטר ידימינו וישלחו בניישראל בידו מנחה לעגלון מלך מואב,"Then the Israelites cried out to GOD, and GOD raised up a champion for them: the Benjaminite Ehud son of Gera, a left-handed man. It happened that the Israelites sent tribute to King Eglon of Moab through him. ",Ninguno
Judges,3,16,ויעש לו אהוד חרב ולה שני פיות גמד ארכה ויחגר אותה מתחת למדיו על ירך ימינו,"So Ehud made for himself a two-edged dagger, a gomed in length, which he girded on his right side under his cloak. ",Ninguno
Judges,3,17,ויקרב אתהמנחה לעגלון מלך מואב ועגלון איש בריא מאד,He presented the tribute to King Eglon of Moab. Now Eglon was a very stout man.,Ninguno
Judges,3,18,ויהי כאשר כלה להקריב אתהמנחה וישלח אתהעם נשאי המנחה,"When [Ehud] had finished presenting the tribute, he dismissed the people who had conveyed the tribute. ",Ninguno
Judges,3,19,והוא שב מןהפסילים אשר אתהגלגל ויאמר דברסתר לי אליך המלך ויאמר הס ויצאו מעליו כלהעמדים עליו,"But he himself returned from Pesilim, near Gilgal, and said, “Your Majesty, I have a secret message for you.” [Eglon] thereupon commanded, “Silence!” So all those in attendance left his presence; ",Ninguno
Judges,3,20,ואהוד&thinsp;<b></b> בא אליו והואישב בעלית המקרה אשרלו לבדו ויאמר אהוד דבראלהים לי אליך ויקם מעל הכסא,"and when Ehud approached him, he was sitting alone in his cool upper chamber. Ehud said, “I have a message for you from God”; whereupon he rose from his seat. ",Ninguno
Judges,3,21,וישלח אהוד אתיד שמאלו ויקח אתהחרב מעל ירך ימינו ויתקעה בבטנו,"Reaching with his left hand, Ehud drew the dagger from his right side and drove it into Eglon’sgEglon’s Heb. “his.” belly. ",Caos/Izquierda (Smol)
Judges,3,22,ויבא גםהנצב אחר הלהב ויסגר החלב בעד הלהב כי לא שלף החרב מבטנו ויצא הפרשדנה,The fat closed over the blade and the hilt went in after the blade—for he did not pull the dagger out of his belly—and the filthhfilth Meaning of Heb. uncertain. came out.,Ninguno
Judges,3,23,ויצא אהוד המסדרונה ויסגר דלתות העליה בעדו ונעל,"Stepping out into the vestibule,ivestibule Meaning of Heb. uncertain. Ehud shut the doors of the upper chamber on him and locked them. ",Ninguno
Judges,3,24,והוא יצא ועבדיו באו ויראו והנה דלתות העליה נעלות ויאמרו אך מסיך הוא אתרגליו בחדר המקרה,"After he left, the courtiers returned. When they saw that the doors of the upper chamber were locked, they thought, “He must be relieving himself in the cool chamber.” ",Ninguno
Judges,3,25,ויחילו עדבוש והנה איננו פתח דלתות העליה ויקחו אתהמפתח ויפתחו והנה אדניהם נפל ארצה מת,"They waited a long time; and when he did not open the doors of the chamber, they took the key and opened them—and there their master was lying dead on the floor! ",Ninguno
Judges,3,26,ואהוד נמלט עד התמהמהם והוא עבר אתהפסילים וימלט השעירתה,But Ehud had made good his escape while they delayed; he had passed Pesilim and escaped to Seirah.,Ninguno
Judges,3,27,ויהי בבואו ויתקע בשופר בהר אפרים וירדו עמו בניישראל מןההר והוא לפניהם,"When he got there, he had the ram’s horn sounded through the hill country of Ephraim, and all the Israelites descended with him from the hill country; and he took the lead. ",Ninguno
Judges,3,28,ויאמר אלהם רדפו אחרי כינתן יהוה אתאיביכם אתמואב בידכם וירדו אחריו וילכדו אתמעברות הירדן למואב ולאנתנו איש לעבר,"“Follow me closely,” he said, “for GOD has delivered your enemies, the Moabites, into your hands.” They followed him down and seized the fords of the Jordan against the Moabites; they let no one cross. ",Ninguno
Judges,3,29,ויכו אתמואב בעת ההיא כעשרת אלפים איש כלשמן וכלאיש חיל ולא נמלט איש,"On that occasion they slew about 10,000 Moabites; they were all robust and brave men, yet not one of them escaped. ",Ninguno
Judges,3,30,"ותכנע מואב ביום ההוא תחת יד ישראל ותשקט הארץ שמונים שנה&nbsp;<span class=""mam-spi-pe"">{פ}</span><br>","On that day, Moab submitted to Israel; and the land was tranquil for eighty years.",Ninguno
Judges,3,31,"ואחריו היה שמגר בןענת ויך אתפלשתים ששמאות איש במלמד הבקר ויושע גםהוא אתישראל&nbsp;<span class=""mam-spi-pe"">{פ}</span><br>","After him came Shamgar son of Anath,json of Anath Or “the Beth-anathite.” who slew six hundred Philistines with an oxgoad. He too was a champion of Israel.",Ninguno
Judges,4,1,ויספו בני ישראל לעשות הרע בעיני יהוה ואהוד מת,The Israelites again did what was offensive to GOD—Ehud now being dead.,Ninguno
Judges,4,2,וימכרם יהוה ביד יבין מלךכנען אשר מלך בחצור ושרצבאו סיסרא והוא יושב בחרשת הגוים,"And GOD surrendered them to King Jabin of Canaan, who reigned in Hazor. His army commander was Sisera, whose base was Harosheth-goiim. ",Separación (Beyn)
Judges,4,3,"ויצעקו בניישראל אליהוה כי תשע מאות רכבברזל לו והוא לחץ אתבני ישראל בחזקה עשרים שנה&nbsp;<span class=""mam-spi-pe"">{פ}</span><br>","The Israelites cried out to GOD; for he had nine hundred iron chariots, and he had oppressed Israel ruthlessly for twenty years.",Ninguno
Judges,4,4,ודבורה אשה נביאה אשת לפידות היא שפטה אתישראל בעת ההיא,"Deborah, wife of Lappidoth, was a prophet; she led Israel at that time. ",Ninguno
Judges,4,5,והיא יושבת תחתתמר דבורה בין הרמה ובין ביתאל בהר אפרים ויעלו אליה בני ישראל למשפט,"She used to sit under the Palm of Deborah, between Ramah and Bethel in the hill country of Ephraim, and the Israelites would come to her for decisions.",Separación (Beyn)
Judges,4,6,ותשלח ותקרא לברק בןאבינעם מקדש נפתלי ותאמר אליו הלא צוה&thinsp;<b></b> יהוה אלהיישראל לך ומשכת בהר תבור ולקחת עמך עשרת אלפים איש מבני נפתלי ומבני זבלון,"She summoned Barak son of Abinoam, of Kedesh in Naphtali, and said to him, “The ETERNAL, the God of Israel, has commanded: Go, march up to Mount Tabor, and take with you ten thousand men of Naphtali and Zebulun. ",Ninguno
Judges,4,7,ומשכתי אליך אלנחל קישון אתסיסרא שרצבא יבין ואתרכבו ואתהמונו ונתתיהו בידך,"And I will draw Sisera, Jabin’s army commander, with his chariots and his troops, toward you up to the Wadi Kishon; and I will deliver him into your hands.” ",Separación (Beyn)
Judges,4,8,ויאמר אליה ברק אםתלכי עמי והלכתי ואםלא תלכי עמי לא אלך,"But Barak said to her, “If you will go with me, I will go; if not, I will not go.” ",Ninguno
Judges,4,9,ותאמר הלך אלך עמך אפס כי לא תהיה תפארתך עלהדרך אשר אתה הולך כי בידאשה ימכר יהוה אתסיסרא ותקם דבורה ותלך עםברק קדשה,"“Very well, I will go with you,” she answered. “However, there will be no glory for you in the course you are taking, for then GOD will deliver Sisera into the hands of a woman.” So Deborah went with Barak to Kedesh. ",Ninguno
Judges,4,10,ויזעק ברק אתזבולן ואתנפתלי קדשה ויעל ברגליו עשרת אלפי איש ותעל עמו דבורה,Barak then mustered Zebulun and Naphtali at Kedesh; ten thousand men marched up after him;aafter him Lit. “at his feet.” and Deborah also went up with him.,Ninguno
Judges,4,11,"וחבר הקיני נפרד מקין מבני חבב חתן משה ויט אהלו עדאילון <span class=""mam-kq""><span class=""mam-kq-k"">(בצענים)</span> <span class=""mam-kq-q"">[בצעננים]</span></span> אשר אתקדש","Now Heber the Kenite had separated from the other Kenites,bfrom the other Kenites Lit. “from Cain”; cf. 1.16. descendants of Hobab, father-in-law of Moses, and had pitched his tent at Elon-bezaanannim, which is near Kedesh.",Ninguno
Judges,4,12,ויגדו לסיסרא כי עלה ברק בןאבינעם הרתבור,Sisera was informed that Barak son of Abinoam had gone up to Mount Tabor.,Ninguno
Judges,4,13,ויזעק סיסרא אתכלרכבו תשע מאות רכב ברזל ואתכלהעם אשר אתו מחרשת הגוים אלנחל קישון,So Sisera ordered all his chariots—nine hundred iron chariots—and all the troops he had to move from Harosheth-goiim to the Wadi Kishon.,Ninguno
Judges,4,14,ותאמר דברה אלברק קום כי זה היום אשר נתן יהוה אתסיסרא בידך הלא יהוה יצא לפניך וירד ברק מהר תבור ועשרת אלפים איש אחריו,"Then Deborah said to Barak, “Up! This is the day on which GOD will deliver Sisera into your hands: GOD is marching before you.” Barak charged down Mount Tabor, followed by the ten thousand men, ",Ninguno
Judges,4,15,ויהם יהוה אתסיסרא ואתכלהרכב ואתכלהמחנה לפיחרב לפני ברק וירד סיסרא מעל המרכבה וינס ברגליו,and GOD threw Sisera and all his chariots and army into a panic before the onslaught of Barak.cbefore the onslaught of Barak Lit. “at the edge of the sword before Barak.” Sisera leaped from his chariot and fled on foot ,Ninguno
Judges,4,16,וברק רדף אחרי הרכב ואחרי המחנה עד חרשת הגוים ויפל כלמחנה סיסרא לפיחרב לא נשאר עדאחד,as Barak pursued the chariots and the soldiers as far as Harosheth-goiim. All of Sisera’s soldiers fell by the sword; not one was left.,Ninguno
Judges,4,17,וסיסרא נס ברגליו אלאהל יעל אשת חבר הקיני כי שלום בין יבין מלךחצור ובין בית חבר הקיני,"Sisera, meanwhile, had fled on foot to the tent of Jael, wife of Heber the Kenite; for there was friendship between King Jabin of Hazor and the family of Heber the Kenite. ",Separación (Beyn)
Judges,4,18,ותצא יעל לקראת סיסרא ותאמר אליו סורה אדני סורה אלי אלתירא ויסר אליה האהלה ותכסהו בשמיכה,"Jael came out to greet Sisera and said to him, “Come in, my lord, come in here, do not be afraid.” So he entered her tent, and she covered him with a blanket. ",Ninguno
Judges,4,19,ויאמר אליה השקינינא מעטמים כי צמאתי ותפתח אתנאוד החלב ותשקהו ותכסהו,"He said to her, “Please let me have some water; I am thirsty.” She opened a skin of milk and gave him some to drink; and she covered him again. ",Ninguno
Judges,4,20,ויאמר אליה עמד פתח האהל והיה אםאיש יבא ושאלך ואמר הישפה איש ואמרת אין,"He said to her, “Stand at the entrance of the tent. If anybody comes and asks you if there is anybody else here, say ‘No.’” ",Ninguno
Judges,4,21,ותקח יעל אשתחבר אתיתד האהל ותשם אתהמקבת בידה ותבוא אליו בלאט ותתקע אתהיתד ברקתו ותצנח בארץ והואנרדם ויעף וימת,"Then Jael wife of Heber took a tent pin and grasped the mallet. When he was fast asleep from exhaustion, she approached him stealthily and drove the pin through his temple till it went down to the ground. Thus he died.",Ninguno
Judges,4,22,והנה ברק רדף אתסיסרא ותצא יעל לקראתו ותאמר לו לך ואראך אתהאיש אשראתה מבקש ויבא אליה והנה סיסרא נפל מת והיתד ברקתו,"Now Barak appeared in pursuit of Sisera. Jael went out to greet him and said, “Come, I will show you the man you are looking for.” He went inside with her, and there Sisera was lying dead, with the pin in his temple.",Ninguno
Judges,4,23,ויכנע אלהים ביום ההוא את יבין מלךכנען לפני בני ישראל,On that day God subdued King Jabin of Canaan before the Israelites.,Separación (Beyn)
Judges,4,24,"ותלך יד בניישראל הלוך וקשה על יבין מלךכנען עד אשר הכריתו את יבין מלךכנען&nbsp;<span class=""mam-spi-pe"">{פ}</span><br>","The hand of the Israelites bore harder and harder on King Jabin of Canaan, until they destroyed King Jabin of Canaan.",Separación (Beyn)
Judges,5,1,ותשר דבורה וברק בןאבינעם&nbsp;&nbsp;&nbsp;&nbsp;&nbsp;&nbsp;&nbsp;&nbsp;ביום ההוא לאמר&nbsp;&nbsp;&nbsp;&nbsp;&nbsp;&nbsp;&nbsp;&nbsp;,On that day Deborah and Barak son of Abinoam sang:,Ninguno
Judges,5,2,בפרע פרעות בישראל&nbsp;&nbsp;&nbsp;&nbsp;&nbsp;&nbsp;&nbsp;&nbsp;בהתנדב עם ברכו יהוה&nbsp;&nbsp;&nbsp;&nbsp;&nbsp;&nbsp;&nbsp;&nbsp;,"aIn many parts of this poem the meaning is uncertain. When locks go untrimmedblocks go untrimmed Apparently an expression of dedication; cf. Num. 6.5. in Israel,When people dedicate themselves—Bless  GOD!",Ninguno
Judges,5,3,שמעו מלכים האזינו רזנים&nbsp;&nbsp;&nbsp;&nbsp;&nbsp;&nbsp;&nbsp;&nbsp;אנכי ליהוה אנכי אשירה&nbsp;&nbsp;&nbsp;&nbsp;&nbsp;&nbsp;&nbsp;&nbsp;אזמר ליהוה אלהי ישראל&nbsp;&nbsp;&nbsp;&nbsp;&nbsp;&nbsp;&nbsp;&nbsp;,"Hear, O kings! Give ear, O potentates!I will sing, will sing to  GOD,Will hymn  the ETERNAL, the God of Israel.",Ninguno
Judges,5,4,יהוה בצאתך משעיר&nbsp;&nbsp;&nbsp;&nbsp;&nbsp;&nbsp;&nbsp;&nbsp;בצעדך משדה אדום&nbsp;&nbsp;&nbsp;&nbsp;&nbsp;&nbsp;&nbsp;&nbsp;ארץ רעשה גםשמים נטפו&nbsp;&nbsp;&nbsp;&nbsp;&nbsp;&nbsp;&nbsp;&nbsp;גםעבים נטפו מים&nbsp;&nbsp;&nbsp;&nbsp;&nbsp;&nbsp;&nbsp;&nbsp;,"O  GOD, when You came forth from Seir,Advanced from the country of Edom,The earth trembled;The heavens dripped,Yea, the clouds dripped water,",Ninguno
Judges,5,5,הרים נזלו מפני יהוה&nbsp;&nbsp;&nbsp;&nbsp;&nbsp;&nbsp;&nbsp;&nbsp;זה סיני מפני יהוה אלהי ישראל&nbsp;&nbsp;&nbsp;&nbsp;&nbsp;&nbsp;&nbsp;&nbsp;,"The mountains quakedcquaked Taking nazelu as a by-form of nazollu; cf. Targum because of GOD,Yon Sinai, because of  GOD—the God of Israel.",Ninguno
Judges,5,6,בימי שמגר בןענת&nbsp;&nbsp;&nbsp;&nbsp;&nbsp;&nbsp;&nbsp;&nbsp;בימי יעל חדלו ארחות&nbsp;&nbsp;&nbsp;&nbsp;&nbsp;&nbsp;&nbsp;&nbsp;והלכי נתיבות ילכו ארחות עקלקלות&nbsp;&nbsp;&nbsp;&nbsp;&nbsp;&nbsp;&nbsp;&nbsp;,"In the days of Shamgar son of Anath,dson of Anath Or “the Beth-anathite.” In the days of Jael, caravansecaravans Or “roads.” ceased,And wayfarers wentBy roundabout paths.",Ninguno
Judges,5,7,חדלו פרזון בישראל חדלו&nbsp;&nbsp;&nbsp;&nbsp;&nbsp;&nbsp;&nbsp;&nbsp;עד שקמתי דבורה שקמתי אם בישראל&nbsp;&nbsp;&nbsp;&nbsp;&nbsp;&nbsp;&nbsp;&nbsp;,"Deliverance ceased,Ceased in Israel,Till youfyou Heb. qamti, archaic second-person singular feminine. arose, O Deborah,Arose, O mother, in Israel!",Ninguno
Judges,5,8,יבחר אלהים חדשים אז לחם שערים&nbsp;&nbsp;&nbsp;&nbsp;&nbsp;&nbsp;&nbsp;&nbsp;מגן אםיראה ורמח&nbsp;&nbsp;&nbsp;&nbsp;&nbsp;&nbsp;&nbsp;&nbsp;בארבעים אלף בישראל&nbsp;&nbsp;&nbsp;&nbsp;&nbsp;&nbsp;&nbsp;&nbsp;,"When they chose new gods,Was there a fighter then in the gates?gWas there a fighter then in the gates? Meaning of Heb. uncertain; in contrast to others “then was war in the gates.” No shield or spear was seenAmong forty thousand in Israel!",Ninguno
Judges,5,9,לבי לחוקקי ישראל&nbsp;&nbsp;&nbsp;&nbsp;&nbsp;&nbsp;&nbsp;&nbsp;המתנדבים בעם ברכו יהוה&nbsp;&nbsp;&nbsp;&nbsp;&nbsp;&nbsp;&nbsp;&nbsp;,"My heart is with Israel’s leaders,With the dedicated of the people—Bless  GOD!",Ninguno
Judges,5,10,רכבי אתנות צחרות&nbsp;&nbsp;&nbsp;&nbsp;&nbsp;&nbsp;&nbsp;&nbsp;ישבי עלמדין והלכי עלדרך שיחו&nbsp;&nbsp;&nbsp;&nbsp;&nbsp;&nbsp;&nbsp;&nbsp;,"You riders on tawny jennies,You who sit on saddle rugs,And you wayfarers, declare it!",Ninguno
Judges,5,11,מקול מחצצים בין משאבים&nbsp;&nbsp;&nbsp;&nbsp;&nbsp;&nbsp;&nbsp;&nbsp;שם יתנו צדקות יהוה&nbsp;&nbsp;&nbsp;&nbsp;&nbsp;&nbsp;&nbsp;&nbsp;צדקת פרזונו בישראל&nbsp;&nbsp;&nbsp;&nbsp;&nbsp;&nbsp;&nbsp;&nbsp;אז ירדו לשערים עםיהוה&nbsp;&nbsp;&nbsp;&nbsp;&nbsp;&nbsp;&nbsp;&nbsp;,"Louder than the sound of archers,hsound of archers Or “thunder peals”; meaning of Heb. uncertain. There among the watering placesLet them chant  GOD’s gracious acts—The gracious deliverance of Israel.Then did  GOD’s peopleMarch down to the gates!",Separación (Beyn)
Judges,5,12,עורי עורי דבורה&nbsp;&nbsp;&nbsp;&nbsp;&nbsp;&nbsp;&nbsp;&nbsp;עורי עורי דברישיר&nbsp;&nbsp;&nbsp;&nbsp;&nbsp;&nbsp;&nbsp;&nbsp;קום ברק ושבה שביך בןאבינעם&nbsp;&nbsp;&nbsp;&nbsp;&nbsp;&nbsp;&nbsp;&nbsp;,"Awake, awake, O Deborah!Awake, awake, strike up the chant!Arise, O Barak;Take your captives, O son of Abinoam!",Ninguno
Judges,5,13,אז ירד שריד לאדירים עם&nbsp;&nbsp;&nbsp;&nbsp;&nbsp;&nbsp;&nbsp;&nbsp;יהוה ירדלי בגבורים&nbsp;&nbsp;&nbsp;&nbsp;&nbsp;&nbsp;&nbsp;&nbsp;,"Then was the remnant made victor over the mighty,  GOD  ’s peopleipeople Reading ʻam (with pathaḥ) Adonai; so many Heb. mss. won my victory over the warriors.",Ninguno
Judges,5,14,מני אפרים שרשם בעמלק&nbsp;&nbsp;&nbsp;&nbsp;&nbsp;&nbsp;&nbsp;&nbsp;אחריך בנימין בעממיך&nbsp;&nbsp;&nbsp;&nbsp;&nbsp;&nbsp;&nbsp;&nbsp;מני מכיר ירדו מחקקים&nbsp;&nbsp;&nbsp;&nbsp;&nbsp;&nbsp;&nbsp;&nbsp;ומזבולן משכים בשבט ספר&nbsp;&nbsp;&nbsp;&nbsp;&nbsp;&nbsp;&nbsp;&nbsp;,"From Ephraim came they whose roots are in Amalek;After you, your kin Benjamin;From Machir came down leaders,From Zebulun such as hold the marshal’s staff.",Control/Derecha (Yamin)
Judges,5,15,ושרי ביששכר עםדברה&nbsp;&nbsp;&nbsp;&nbsp;&nbsp;&nbsp;&nbsp;&nbsp;ויששכר כן ברק בעמק שלח ברגליו&nbsp;&nbsp;&nbsp;&nbsp;&nbsp;&nbsp;&nbsp;&nbsp;בפלגות ראובן גדלים חקקילב&nbsp;&nbsp;&nbsp;&nbsp;&nbsp;&nbsp;&nbsp;&nbsp;,"And Issachar’s chiefs were with Deborah;As Barak, so was Issachar—Rushing after him into the valley.Among the clans of ReubenWere great decisions of heart.",Ninguno
Judges,5,16,למה ישבת בין המשפתים&nbsp;&nbsp;&nbsp;&nbsp;&nbsp;&nbsp;&nbsp;&nbsp;לשמע שרקות עדרים&nbsp;&nbsp;&nbsp;&nbsp;&nbsp;&nbsp;&nbsp;&nbsp;לפלגות ראובן גדולים חקרילב&nbsp;&nbsp;&nbsp;&nbsp;&nbsp;&nbsp;&nbsp;&nbsp;,Why then did you stay among the sheepfoldsAnd listen as they pipe for the flocks?Among the clans of ReubenWere great searchings of heart!,Separación (Beyn)
Judges,5,17,גלעד בעבר הירדן שכן&nbsp;&nbsp;&nbsp;&nbsp;&nbsp;&nbsp;&nbsp;&nbsp;ודן למה יגור אניות&nbsp;&nbsp;&nbsp;&nbsp;&nbsp;&nbsp;&nbsp;&nbsp;אשר ישב לחוף ימים&nbsp;&nbsp;&nbsp;&nbsp;&nbsp;&nbsp;&nbsp;&nbsp;ועל מפרציו ישכון&nbsp;&nbsp;&nbsp;&nbsp;&nbsp;&nbsp;&nbsp;&nbsp;,"Gilead tarried beyond the Jordan;And Dan—why did he linger by the ships?jby the ships Or “at Onioth,” a presumed designation of Dan’s region. Asher remained at the seacoastAnd tarried at his landings.",Ninguno
Judges,5,18,זבלון עם חרף נפשו&nbsp;&nbsp;&nbsp;&nbsp;&nbsp;&nbsp;&nbsp;&nbsp;למות ונפתלי על מרומי שדה&nbsp;&nbsp;&nbsp;&nbsp;&nbsp;&nbsp;&nbsp;&nbsp;,"Zebulun is a people that mocked at death,kthat mocked at death Lit. “belittled its life to die.” Naphtali—on the open heights.",Ninguno
Judges,5,19,באו מלכים נלחמו&nbsp;&nbsp;&nbsp;&nbsp;&nbsp;&nbsp;&nbsp;&nbsp;אז נלחמו מלכי כנען&nbsp;&nbsp;&nbsp;&nbsp;&nbsp;&nbsp;&nbsp;&nbsp;בתענך עלמי מגדו&nbsp;&nbsp;&nbsp;&nbsp;&nbsp;&nbsp;&nbsp;&nbsp;בצע כסף לא לקחו&nbsp;&nbsp;&nbsp;&nbsp;&nbsp;&nbsp;&nbsp;&nbsp;,"Then the kings came, they fought:The kings of Canaan foughtAt Taanach, by Megiddo’s waters—They got no spoil of silver.",Ninguno
Judges,5,20,מןשמים נלחמו&nbsp;&nbsp;&nbsp;&nbsp;&nbsp;&nbsp;&nbsp;&nbsp;הכוכבים ממסלותם נלחמו עםסיסרא&nbsp;&nbsp;&nbsp;&nbsp;&nbsp;&nbsp;&nbsp;&nbsp;,"The stars fought from heaven,From their courses they fought against Sisera.",Ninguno
Judges,5,21,נחל קישון גרפם&nbsp;&nbsp;&nbsp;&nbsp;&nbsp;&nbsp;&nbsp;&nbsp;נחל קדומים נחל קישון&nbsp;&nbsp;&nbsp;&nbsp;&nbsp;&nbsp;&nbsp;&nbsp;תדרכי נפשי עז&nbsp;&nbsp;&nbsp;&nbsp;&nbsp;&nbsp;&nbsp;&nbsp;,"The torrent Kishon swept themlthem I.e., the kings of Canaan (v. 19). away,The raging torrent, the torrent Kishon.March on, my soul, with courage!",Ninguno
Judges,5,22,אז הלמו עקביסוס&nbsp;&nbsp;&nbsp;&nbsp;&nbsp;&nbsp;&nbsp;&nbsp;מדהרות דהרות אביריו&nbsp;&nbsp;&nbsp;&nbsp;&nbsp;&nbsp;&nbsp;&nbsp;,"Then the horses’ hoofs poundedAs headlong galloped the steeds.mAs headlong galloped the steeds Lit. “From the gallopings, the gallopings of his steeds.” ",Ninguno
Judges,5,23,אורו מרוז אמר מלאך יהוה ארו ארור ישביה&nbsp;&nbsp;&nbsp;&nbsp;&nbsp;&nbsp;&nbsp;&nbsp;כי לאבאו לעזרת יהוה&nbsp;&nbsp;&nbsp;&nbsp;&nbsp;&nbsp;&nbsp;&nbsp;לעזרת יהוה בגבורים&nbsp;&nbsp;&nbsp;&nbsp;&nbsp;&nbsp;&nbsp;&nbsp;,"“Curse Meroz!” said the angelnthe angel Lit. “the messenger.” of GOD.“Bitterly curse its inhabitants,Because they came not to GOD’s aidTo GOD’s aid amongoamong Or “against.” the warriors.”",Ninguno
Judges,5,24,תברך מנשים יעל אשת חבר הקיני&nbsp;&nbsp;&nbsp;&nbsp;&nbsp;&nbsp;&nbsp;&nbsp;מנשים באהל תברך&nbsp;&nbsp;&nbsp;&nbsp;&nbsp;&nbsp;&nbsp;&nbsp;,"Most blessed of women be Jael,Wife of Heber the Kenite,Most blessed of women in tents.",Ninguno
Judges,5,25,מים שאל חלב נתנה&nbsp;&nbsp;&nbsp;&nbsp;&nbsp;&nbsp;&nbsp;&nbsp;בספל אדירים הקריבה חמאה&nbsp;&nbsp;&nbsp;&nbsp;&nbsp;&nbsp;&nbsp;&nbsp;,"He asked for water, she offered milk;In a princely bowl she brought him curds.",Ninguno
Judges,5,26,ידה ליתד תשלחנה&nbsp;&nbsp;&nbsp;&nbsp;&nbsp;&nbsp;&nbsp;&nbsp;וימינה להלמות עמלים&nbsp;&nbsp;&nbsp;&nbsp;&nbsp;&nbsp;&nbsp;&nbsp;והלמה סיסרא מחקה ראשו&nbsp;&nbsp;&nbsp;&nbsp;&nbsp;&nbsp;&nbsp;&nbsp;ומחצה וחלפה רקתו&nbsp;&nbsp;&nbsp;&nbsp;&nbsp;&nbsp;&nbsp;&nbsp;,"Her [left] hand reached for the tent pin,Her right for the workmen’s hammer.She struck Sisera, crushed his head,Smashed and pierced his temple.",Ninguno
Judges,5,27,בין רגליה כרע נפל שכב&nbsp;&nbsp;&nbsp;&nbsp;&nbsp;&nbsp;&nbsp;&nbsp;בין רגליה כרע נפל&nbsp;&nbsp;&nbsp;&nbsp;&nbsp;&nbsp;&nbsp;&nbsp;באשר כרע שם נפל שדוד&nbsp;&nbsp;&nbsp;&nbsp;&nbsp;&nbsp;&nbsp;&nbsp;,"At her feet he sank, lay outstretched,At her feet he sank, lay still;Where he sank, there he lay—destroyed.",Separación (Beyn)
Judges,5,28,בעד החלון נשקפה ותיבב אם סיסרא בעד האשנב&nbsp;&nbsp;&nbsp;&nbsp;&nbsp;&nbsp;&nbsp;&nbsp;מדוע בשש רכבו לבוא&nbsp;&nbsp;&nbsp;&nbsp;&nbsp;&nbsp;&nbsp;&nbsp;מדוע אחרו פעמי מרכבותיו&nbsp;&nbsp;&nbsp;&nbsp;&nbsp;&nbsp;&nbsp;&nbsp;,"Through the window peered Sisera’s mother,Behind the lattice she whined:pwhined Or “gazed”; meaning of Heb. uncertain. “Why is his chariot so long in coming?Why so late the clatter of his wheels?”",Ninguno
Judges,5,29,חכמות שרותיה תענינה&nbsp;&nbsp;&nbsp;&nbsp;&nbsp;&nbsp;&nbsp;&nbsp;אףהיא תשיב אמריה לה&nbsp;&nbsp;&nbsp;&nbsp;&nbsp;&nbsp;&nbsp;&nbsp;,"The wisest of her ladies give answer;She, too, replies to herself:",Ninguno
Judges,5,30,הלא ימצאו יחלקו שלל&nbsp;&nbsp;&nbsp;&nbsp;&nbsp;&nbsp;&nbsp;&nbsp;רחם רחמתים לראש גבר&nbsp;&nbsp;&nbsp;&nbsp;&nbsp;&nbsp;&nbsp;&nbsp;שלל צבעים לסיסרא&nbsp;&nbsp;&nbsp;&nbsp;&nbsp;&nbsp;&nbsp;&nbsp;שלל צבעים רקמה&nbsp;&nbsp;&nbsp;&nbsp;&nbsp;&nbsp;&nbsp;&nbsp;צבע רקמתים לצוארי שלל&nbsp;&nbsp;&nbsp;&nbsp;&nbsp;&nbsp;&nbsp;&nbsp;,"“They must be dividing the spoil they have found:A woman or two for each man,Spoil of dyed cloths for Sisera,Spoil of embroidered cloths,A couple of embroidered clothsRound every neck as spoil.”",Ninguno
Judges,5,31,"כן יאבדו כלאויביך יהוה ואהביו כצאת השמש בגברתו&nbsp;&nbsp;&nbsp;&nbsp;&nbsp;&nbsp;&nbsp;&nbsp;ותשקט הארץ ארבעים שנה&nbsp;<span class=""mam-spi-pe"">{פ}</span><br>","So may all Your enemies perish, O  GOD!But may YourqYour Heb. 3rd person. friends be as the sun rising in might!And the land was tranquil forty years.",Ninguno
Judges,6,1,ויעשו בניישראל הרע בעיני יהוה ויתנם יהוה בידמדין שבע שנים,"Then the Israelites did what was offensive to GOD, and GOD delivered them into the hands of the Midianites for seven years. ",Ninguno
Judges,6,2,ותעז ידמדין עלישראל מפני מדין עשו להם&thinsp;<b></b> בני ישראל אתהמנהרות אשר בהרים ואתהמערות ואתהמצדות,"The hand of the Midianites prevailed over Israel; and because of Midian, the Israelites provided themselves with refuges in the caves and strongholds of the mountains.aprovided themselves … mountains Meaning of Heb. uncertain. ",Ninguno
Judges,6,3,והיה אםזרע ישראל ועלה מדין ועמלק ובניקדם ועלו עליו,"After the Israelites had done their sowing, Midian, Amalek, and the Kedemites would come up and raid them; ",Ninguno
Judges,6,4,ויחנו עליהם וישחיתו אתיבול הארץ עדבואך עזה ולאישאירו מחיה בישראל ושה ושור וחמור,"they would attack them, destroybdestroy By grazing their livestock; see next verse. the produce of the land all the way to Gaza, and leave no means of sustenance in Israel, not a sheep or an ox or a donkey. ",Ninguno
Judges,6,5,"כי הם ומקניהם יעלו ואהליהם <span class=""mam-kq""><span class=""mam-kq-k"">(יבאו)</span> <span class=""mam-kq-q"">[ובאו]</span></span> כדיארבה לרב ולהם ולגמליהם אין מספר ויבאו בארץ לשחתה","For they would come up with their livestock and their tents, swarming as thick as locusts; they and their camels were innumerable. Thus they would invade the land and ravage it. ",Ninguno
Judges,6,6,"וידל ישראל מאד מפני מדין ויזעקו בניישראל אליהוה&nbsp;<span class=""mam-spi-pe"">{פ}</span><br>","Israel was reduced to utter misery by the Midianites, and the Israelites cried out to GOD.",Ninguno
Judges,6,7,ויהי כיזעקו בניישראל אליהוה על אדות מדין,"When the Israelites cried to GOD on account of Midian, ",Ninguno
Judges,6,8,וישלח יהוה איש נביא אלבני ישראל ויאמר להם כהאמר יהוה&thinsp;<b></b> אלהי ישראל אנכי העליתי אתכם ממצרים ואציא אתכם מבית עבדים,"GOD sent a certain prophet to the Israelites. He said to them, “Thus said the ETERNAL, the God of Israel: I brought you up out of Egypt and freed you from the house of bondage. ",Ninguno
Judges,6,9,ואצל אתכם מיד מצרים ומיד כללחציכם ואגרש אותם מפניכם ואתנה לכם אתארצם,"I rescued you from the Egyptians and from all your oppressors; I drove them out before you, and gave you their land. ",Ninguno
Judges,6,10,"ואמרה לכם אני יהוה אלהיכם לא תיראו אתאלהי האמרי אשר אתם יושבים בארצם ולא שמעתם בקולי&nbsp;<span class=""mam-spi-pe"">{פ}</span><br>","And I said to you, ‘I the ETERNAL One am your God. You must not worship the gods of the Amorites in whose land you dwell.’ But you did not obey Me.”",Ninguno
Judges,6,11,ויבא מלאך יהוה וישב תחת האלה אשר בעפרה אשר ליואש אבי העזרי וגדעון בנו חבט חטים בגת להניס מפני מדין,"An angelcAn angel Lit. “A messenger.” of GOD came and sat under the terebinth at Ophrah, which belonged to Joash the Abiezrite. His son Gideon was then beating out wheat inside a winepress in order to keep it safe from the Midianites. ",Ninguno
Judges,6,12,וירא אליו מלאך יהוה ויאמר אליו יהוה עמך גבור החיל,"The angel of GOD appeared to him and said to him,dappeared to him and said to him Or “engaged him [in conversation], saying.” “GOD is with you, valiant warrior!” ",Ninguno
Judges,6,13,ויאמר אליו גדעון בי אדני ויש יהוה עמנו ולמה מצאתנו כלזאת ואיה כלנפלאתיו אשר ספרולנו אבותינו לאמר הלא ממצרים העלנו יהוה ועתה נטשנו יהוה ויתננו בכףמדין,"Gideon said to him, “Please, my lord, if GOD is with us, why has all this befallen us? Where are all those wondrous deeds about which our ancestors told us, saying, ‘Truly GOD brought us up from Egypt’? Now GOD has abandoned us and delivered us into the hands of Midian!” ",Ninguno
Judges,6,14,ויפן אליו יהוה ויאמר לך בכחך זה והושעת אתישראל מכף מדין הלא שלחתיך," GOD eGOD I.e., the angel, in GOD’s name. Cf. Gersonides. turned to him and said, “Go in this strength of yours and deliver Israel from the Midianites. IfI Conventionally, a messenger delivers the key message as if the sender were speaking. herewith make you My messenger.” ",Ninguno
Judges,6,15,ויאמר אליו בי אדני במה אושיע אתישראל הנה אלפי הדל במנשה ואנכי הצעיר בבית אבי,"He said to him, “Please, my Sovereign, how can I deliver Israel? Why, my clan is the humblest in Manasseh, and I am the youngest in my father’s household.” ",Ninguno
Judges,6,16,ויאמר אליו יהוה כי אהיה עמך והכית אתמדין כאיש אחד," GOD gGOD See the first note at v. 14. replied, “I will be with you, and you shall defeat Midian all at once.” ",Ninguno
Judges,6,17,ויאמר אליו אםנא מצאתי חן בעיניך ועשית לי אות שאתה מדבר עמי,"And he said to him,hto him I.e., to the angel, while speaking in direct response to GOD as the message’s sender, as in v. 15. “If I have gained Your favor, give me a sign that it is You who are speaking to me.ispeaking to me I.e., via the angel. Cf. Kimhi. ",Ninguno
Judges,6,18,אלנא תמש מזה עדבאי אליך והצאתי אתמנחתי והנחתי לפניך ויאמר אנכי אשב עד שובך,"Do not leave this place until I come back to you and bring out my offering and place it before you.” And he answered, “I will stay until you return.”",Ninguno
Judges,6,19,"וגדעון בא ויעש גדיעזים ואיפתקמח מצות הבשר שם בסל והמרק שם בפרור ויוצא אליו אלתחת האלה ויגש&nbsp;<span class=""mam-spi-pe"">{פ}</span><br>","So Gideon went in and prepared a kid, and [baked] unleavened bread from an ephah of flour. He put the meat in a basket and poured the broth into a pot, and he brought them out to him under the terebinth. As he presented them, ",Ninguno
Judges,6,20,ויאמר אליו מלאך האלהים קח אתהבשר ואתהמצות והנח אלהסלע הלז ואתהמרק שפוך ויעש כן,"the angel of God said to him, “Take the meat and the unleavened bread, put them on yonder rock, and spill out the broth.” He did so. ",Ninguno
Judges,6,21,וישלח מלאך יהוה אתקצה המשענת אשר בידו ויגע בבשר ובמצות ותעל האש מןהצור ותאכל אתהבשר ואתהמצות ומלאך יהוה הלך מעיניו,"The angel of GOD held out the staff that he carried, and touched the meat and the unleavened bread with its tip. A fire sprang up from the rock and consumed the meat and the unleavened bread. And the angel of GOD vanished from his sight. ",Ninguno
Judges,6,22,וירא גדעון כימלאך יהוה הוא ויאמר גדעון אהה אדני יהוה כיעלכן ראיתי מלאך יהוה פנים אלפנים,"Then Gideon realized that indeed it was an angel of GOD; and Gideon said, “Alas, O Sovereign GOD! For I have seen an angel of GOD face to face.”",Ninguno
Judges,6,23,ויאמר לו יהוה שלום לך אלתירא לא תמות,"But GOD jGOD See the first note at v. 14. said to him, “All is well; have no fear, you shall not die.” ",Ninguno
Judges,6,24,"ויבן שם גדעון מזבח ליהוה ויקראלו יהוה שלום עד היום הזה עודנו בעפרת אבי העזרי&nbsp;<span class=""mam-spi-samekh"">{ס}</span>&nbsp;&nbsp;&nbsp;&nbsp;&nbsp;&nbsp;&nbsp;&nbsp;","So Gideon built there an altar to GOD and called it Adonai-shalom.kAdonai-shalom I.e., “GOD, ‘All-is-well.’” To this day it stands in Ophrah of the Abiezrites.",Ninguno
Judges,6,25,ויהי בלילה ההוא ויאמר לו יהוה קח אתפרהשור אשר לאביך ופר השני שבע שנים והרסת אתמזבח הבעל אשר לאביך ואתהאשרה אשרעליו תכרת,"That night GOD said to him: “Take the young bulllyoung bull Meaning of Heb. uncertain. belonging to your father and another bull seven years old; pull down the altar of Baal that belongs to your father, and cut down the sacred postmsacred post Used in worship of the goddess Asherah. that is beside it. ",Ninguno
Judges,6,26,ובנית מזבח ליהוה אלהיך על ראש המעוז הזה במערכה ולקחת אתהפר השני והעלית עולה בעצי האשרה אשר תכרת,"Then build an altar to the ETERNAL your God, on the level groundnlevel ground Meaning of Heb. uncertain. on top of this stronghold. Take the other bull and offer it as a burnt offering, using the wood of the sacred post that you have cut down.” ",Ninguno
Judges,6,27,ויקח גדעון עשרה אנשים מעבדיו ויעש כאשר דבר אליו יהוה ויהי כאשר ירא אתבית אביו ואתאנשי העיר מעשות יומם ויעש לילה,"So Gideon took ten of his servants and did as GOD had told him; but as he was afraid to do it by day, on account of his father’s household and the townspeople, he did it by night. ",Ninguno
Judges,6,28,וישכימו אנשי העיר בבקר והנה נתץ מזבח הבעל והאשרה אשרעליו כרתה ואת הפר השני העלה עלהמזבח הבנוי,"Early the next morning, the townspeople found that the altar of Baal had been torn down and the sacred post beside it had been cut down, and that the second bull had been offered on the newly built altar. ",Ninguno
Judges,6,29,ויאמרו איש אלרעהו מי עשה הדבר הזה וידרשו ויבקשו ויאמרו גדעון בןיואש עשה הדבר הזה,"They said to one another, “Who did this thing?” Upon inquiry and investigation, they were told, “Gideon son of Joash did this thing!” ",Ninguno
Judges,6,30,ויאמרו אנשי העיר אליואש הוצא אתבנך וימת כי נתץ אתמזבח הבעל וכי כרת האשרה אשרעליו,"The townspeople said to Joash, “Bring out your son, for he must die: he has torn down the altar of Baal and cut down the sacred post beside it!” ",Ninguno
Judges,6,31,ויאמר יואש לכל אשרעמדו עליו האתם&thinsp;<b></b> תריבון לבעל אםאתם תושיעון אותו אשר יריב לו יומת עדהבקר אםאלהים הוא ירב לו כי נתץ אתמזבחו,"But Joash said to all who had risen against him, “Do you have to contend for Baal? Do you have to vindicate him? Whoever fights his battles shall be dead by morning! If he is a god, let him fight his own battles, since it is his altar that has been torn down!” ",Ninguno
Judges,6,32,"ויקראלו ביוםההוא ירבעל לאמר ירב בו הבעל כי נתץ אתמזבחו&nbsp;<span class=""mam-spi-samekh"">{ס}</span>&nbsp;&nbsp;&nbsp;&nbsp;&nbsp;&nbsp;&nbsp;&nbsp;","That day they named himohim I.e., Gideon. Jerubbaal, meaning “Let Baal contend with him, since he tore down his altar.”",Ninguno
Judges,6,33,וכלמדין ועמלק ובניקדם נאספו יחדו ויעברו ויחנו בעמק יזרעאל,"All Midian, Amalek, and the Kedemites joined forces; they crossed over and encamped in the Valley of Jezreel. ",Ninguno
Judges,6,34,ורוח יהוה לבשה אתגדעון ויתקע בשופר ויזעק אביעזר אחריו,"The spirit of GOD enveloped Gideon; he sounded the horn, and the Abiezrites rallied behind him. ",Ninguno
Judges,6,35,ומלאכים שלח בכלמנשה ויזעק גםהוא אחריו ומלאכים שלח באשר ובזבלון ובנפתלי ויעלו לקראתם,"And he sent messengers throughout Manasseh, and they too rallied behind him. He then sent messengers through Asher, Zebulun, and Naphtali, and they came up to meet the Manassites.pManassites Heb. “them.” ",Ninguno
Judges,6,36,ויאמר גדעון אלהאלהים אםישך מושיע בידי אתישראל כאשר דברת,"And Gideon said to God, “If You really intend to deliver Israel through me as You have said— ",Ninguno
Judges,6,37,הנה אנכי מציג אתגזת הצמר בגרן אם טל יהיה עלהגזה לבדה ועלכלהארץ חרב וידעתי כיתושיע בידי אתישראל כאשר דברת,"here I place a fleece of wool on the threshing floor. If dew falls only on the fleece and all the ground remains dry, I shall know that You will deliver Israel through me, as You have said.” ",Percepción (Yada)
Judges,6,38,ויהיכן וישכם ממחרת ויזר אתהגזה וימץ טל מןהגזה מלוא הספל מים,"And that is what happened. Early the next day, he squeezed the fleece and wrung out the dew from the fleece, a bowlful of water. ",Ninguno
Judges,6,39,ויאמר גדעון אלהאלהים אליחר אפך בי ואדברה אך הפעם אנסה נארקהפעם בגזה יהינא חרב אלהגזה לבדה ועלכלהארץ יהיהטל,"Then Gideon said to God, “Do not be angry with me if I speak just once more. Let me make just one more test with the fleece: let the fleece alone be dry, while there is dew all over the ground.” ",Ninguno
Judges,6,40,"ויעש אלהים כן בלילה ההוא ויהיחרב אלהגזה לבדה ועלכלהארץ היה טל&nbsp;<span class=""mam-spi-pe"">{פ}</span><br>","God did so that night: only the fleece was dry, while there was dew all over the ground.",Ninguno
Judges,7,1,"וישכם ירבעל הוא גדעון וכלהעם אשר אתו ויחנו עלעין חרד ומחנה מדין היהלו מצפון מגבעת המורה בעמק&nbsp;<span class=""mam-spi-samekh"">{ס}</span>&nbsp;&nbsp;&nbsp;&nbsp;&nbsp;&nbsp;&nbsp;&nbsp;","Early next day, Jerubbaal—that is, Gideon—and all the troops with him encamped above En-harod,aEn-harod Or “the Spring of Harod.” while the camp of Midian was in the plain to the north of him, at Gibeath-moreh.bGibeath-moreh Or “the Hill of Moreh.” ",Ninguno
Judges,7,2,ויאמר יהוה אלגדעון רב העם אשר אתך מתתי אתמדין בידם פןיתפאר עלי ישראל לאמר ידי הושיעה לי," GOD said to Gideon, “You have too many troops with you for Me to deliver Midian into their hands; Israel might claim for themselves the glory due to Me, thinking, ‘Our own hand has brought us victory.’ ",Ninguno
Judges,7,3,"ועתה קרא נא באזני העם לאמר מיירא וחרד ישב ויצפר מהר הגלעד וישב מןהעם עשרים ושנים אלף ועשרת אלפים נשארו&nbsp;<span class=""mam-spi-samekh"">{ס}</span>&nbsp;&nbsp;&nbsp;&nbsp;&nbsp;&nbsp;&nbsp;&nbsp;","Therefore, announce to the men, ‘Let anybody who is timid and fearful turn back, as a bird flies from Mount Gilead.’”cas a bird flies from Mount Gilead Meaning of Heb. uncertain. Thereupon, 22,000 of the troops turned back and 10,000 remained.",Ninguno
Judges,7,4,ויאמר יהוה אלגדעון עוד העם רב הורד אותם אלהמים ואצרפנו לך שם והיה אשר אמר אליך זה&thinsp;<b></b> ילך אתך הוא ילך אתך וכל אשראמר אליך זה לאילך עמך הוא לא ילך,"“There are still too many troops,” GOD said to Gideon. “Take them down to the water and I will siftdsift Lit. “smelt.” them for you there. Anyone of whom I tell you, ‘This one is to go with you,’ that one shall go with you; and anyone of whom I tell you, ‘This one is not to go with you,’ that one shall not go.” ",Ninguno
Judges,7,5,ויורד אתהעם אלהמים ויאמר יהוה אלגדעון כל אשרילק בלשונו מןהמים כאשר ילק הכלב תציג אותו לבד וכל אשריכרע עלברכיו לשתות,"So he took the troops down to the water. Then GOD said to Gideon, “Set apart all those who lap up the water with their tongues like dogselap up the water with their tongues like dogs Actually, using their hands as a dog uses its tongue; see v. 6. from all those who get down on their knees to drink.” ",Ninguno
Judges,7,6,"ויהי מספר המלקקים בידם אלפיהם שלש מאות איש וכל יתר העם כרעו עלברכיהם לשתות מים&nbsp;<span class=""mam-spi-samekh"">{ס}</span>&nbsp;&nbsp;&nbsp;&nbsp;&nbsp;&nbsp;&nbsp;&nbsp;",Now those who “lapped” the water into their mouths by hand numbered three hundred; all the rest of the troops got down on their knees to drink.,Ninguno
Judges,7,7,ויאמר יהוה אלגדעון בשלש מאות האיש המלקקים אושיע אתכם ונתתי אתמדין בידך וכלהעם ילכו איש למקמו,"Then GOD said to Gideon, “I will deliver you and I will put Midian into your hands through the three hundred ‘lappers’; let the rest of the troops go home.” ",Ninguno
Judges,7,8,"ויקחו אתצדה העם בידם ואת שופרתיהם ואת כלאיש ישראל שלח איש לאהליו ובשלשמאות האיש החזיק ומחנה מדין היה לו מתחת בעמק&nbsp;<span class=""mam-spi-pe"">{פ}</span><br>","So [the lappers] took the provisions and horns that the other men had with them,fSo [the lappers] took … with them Meaning of Heb. uncertain. and he sent everyone else on Israel’s side back to their homes, retaining only the three hundred men.The Midianite camp was below him, in the plain. ",Ninguno
Judges,7,9,ויהי בלילה ההוא ויאמר אליו יהוה קום רד במחנה כי נתתיו בידך,"That night GOD said to him, “Come, attackgattack Lit. “descend upon”; so in vv. 10 and 11. the camp, for I have delivered it into your hands. ",Ninguno
Judges,7,10,ואםירא אתה לרדת רד אתה ופרה נערך אלהמחנה,"And if you are afraid to attack, first go down to the camp with your attendant Purah ",Ninguno
Judges,7,11,ושמעת מהידברו ואחר תחזקנה ידיך וירדת במחנה וירד הוא ופרה נערו אלקצה החמשים אשר במחנה,and listen to what they say; after that you will have the courage to attack the camp.” So he went down with his attendant Purah to the outposts of the warriors who were in the camp.—,Ninguno
Judges,7,12,ומדין ועמלק וכלבניקדם נפלים בעמק כארבה לרב ולגמליהם אין מספר כחול שעלשפת הים לרב,"Now Midian, Amalek, and all the Kedemites were spread over the plain, as thick as locusts; and their camels were countless, as numerous as the sands on the seashore.— ",Ninguno
Judges,7,13,ויבא גדעון והנהאיש מספר לרעהו חלום ויאמר הנה חלום חלמתי והנה צליל לחם שערים מתהפך במחנה מדין ויבא עדהאהל ויכהו ויפל ויהפכהו למעלה ונפל האהל,"Gideon came there just as one man was narrating a dream to another. “Listen,” he was saying, “I had this dream: There was a commotionhcommotion Meaning of Heb. uncertain.—a loaf of barley bread was whirling through the Midianite camp. It came to a tent and struck it, and it fell; it turned it upside down, and the tent collapsed.” ",Ninguno
Judges,7,14,"ויען רעהו ויאמר אין זאת בלתי אםחרב גדעון בןיואש איש ישראל נתן האלהים בידו אתמדין ואתכלהמחנה&nbsp;<span class=""mam-spi-pe"">{פ}</span><br>","To this the other responded, “That can only mean the sword of the Israelite Gideon son of Joash.ithe Israelite Gideon son of Joash Or “Gideon son of Joash, Israel’s man in charge”; cf. Kimhi. God is delivering Midian and the entire camp into his hands.”jThe loaf of bread symbolizes the agricultural Israelites; the tent, the nomadic Midianites. ",Ninguno
Judges,7,15,ויהי כשמע גדעון אתמספר החלום ואתשברו וישתחו וישב אלמחנה ישראל ויאמר קומו כינתן יהוה בידכם אתמחנה מדין,"When Gideon heard the dream told and interpreted, he bowed low. Returning to the camp of Israel, he shouted, “Come on! GOD has delivered the Midianite camp into your hands!” ",Ninguno
Judges,7,16,ויחץ אתשלשמאות האיש שלשה ראשים ויתן שופרות בידכלם וכדים ריקים ולפדים בתוך הכדים,"He divided the three hundred men into three columns and equipped them all with a ram’s horn and an empty jar, with a torch in each jar. ",Ninguno
Judges,7,17,ויאמר אליהם ממני תראו וכן תעשו והנה אנכי בא בקצה המחנה והיה כאשראעשה כן תעשון,"“Watch me,” he said, “and do the same. When I get to the outposts of the camp, do exactly as I do. ",Ninguno
Judges,7,18,"ותקעתי בשופר אנכי וכלאשר אתי ותקעתם בשופרות גםאתם סביבות כלהמחנה ואמרתם ליהוה ולגדעון&nbsp;<span class=""mam-spi-pe"">{פ}</span><br>","When I and all those with me blow our horns, you too, all around the camp, will blow your horns and shout, ‘For GOD and for Gideon!’”",Ninguno
Judges,7,19,ויבא גדעון ומאהאיש אשראתו בקצה המחנה ראש האשמרת התיכונה אך הקם הקימו אתהשמרים ויתקעו בשופרות ונפוץ הכדים אשר בידם,"Gideon and the hundred men with him arrived at the outposts of the camp, at the beginning of the middle watch, just after the sentries were posted. They sounded the horns and smashed the jars that they had with them,kThey sounded … with them Emendation yields “He sounded the horn and smashed the jar that he had with him.” ",Ninguno
Judges,7,20,ויתקעו שלשת הראשים בשופרות וישברו הכדים ויחזיקו בידשמאולם בלפדים ובידימינם השופרות לתקוע ויקראו חרב ליהוה ולגדעון,"and the three columns blew their horns and broke their jars. Holding the torches in their left hands and the horns for blowing in their right hands, they shouted, “A sword for GOD and for Gideon!” ",Ninguno
Judges,7,21,"ויעמדו איש תחתיו סביב למחנה וירץ כלהמחנה ויריעו <span class=""mam-kq""><span class=""mam-kq-k"">(ויניסו)</span> <span class=""mam-kq-q"">[וינוסו]</span></span>","They remained standing where they were, surrounding the camp; but the entire camp ran about yelling, and took to flight. ",Ninguno
Judges,7,22,ויתקעו שלשמאות השופרות וישם יהוה את חרב איש ברעהו ובכלהמחנה וינס המחנה עדבית השטה צררתה עד שפתאבל מחולה עלטבת,"For when the three hundred horns were sounded, GOD turned every man’s sword against his fellow, throughout the camp, and the entire host fled as far as Beth-shittah and on to Zererah—as far as the outskirts of Abel-meholah near Tabbath.",Ninguno
Judges,7,23,ויצעק אישישראל מנפתלי ומןאשר ומןכלמנשה וירדפו אחרי מדין,And now Israel’s side from Naphtali and Asher and from all of Manasseh rallied for the pursuit of the Midianites.,Ninguno
Judges,7,24,ומלאכים שלח גדעון בכלהר אפרים לאמר רדו לקראת מדין ולכדו להם אתהמים עד בית ברה ואתהירדן ויצעק כלאיש אפרים וילכדו אתהמים עד בית ברה ואתהירדן,Gideon also sent messengers all through the hill country of Ephraim with this order: lMeaning of rest of verse uncertain. “Go down ahead of the Midianites and seize their access to the water all along the Jordan down to Beth-barah.” So Ephraim’s entire contingent rallied and seized the waterside down to Beth-barah by the Jordan. ,Ninguno
Judges,7,25,וילכדו שנישרי מדין אתערב ואתזאב ויהרגו אתעורב בצורעורב ואתזאב הרגו ביקבזאב וירדפו אלמדין וראשערב וזאב הביאו אלגדעון מעבר לירדן,"They pursued the Midianites and captured Midian’s two generals, Oreb and Zeeb. They killed Oreb at the Rock of Oreb and they killed Zeeb at the Winepress of Zeeb; and they brought the heads of Oreb and Zeeb from the other side of the Jordan to Gideon.",Ninguno
Judges,8,1,ויאמרו אליו איש אפרים מההדבר הזה עשית לנו לבלתי קראות לנו כי הלכת להלחם במדין ויריבון אתו בחזקה,"And those in Ephraim’s contingent said to him, “Why did you do that to us—not calling us when you went to fight the Midianites?” And they rebuked him severely. ",Ninguno
Judges,8,2,ויאמר אליהם מהעשיתי עתה ככם הלא טוב עללות אפרים מבציר אביעזר,"But he answered them, “After all, what have I accomplished compared to you? Why, Ephraim’s gleanings are better than Abiezer’s vintage! ",Ninguno
Judges,8,3,בידכם נתן אלהים אתשרי מדין אתערב ואתזאב ומהיכלתי עשות ככם אז רפתה רוחם מעליו בדברו הדבר הזה,"God has delivered the Midianite generals Oreb and Zeeb into your hands, and what was I able to do compared to you?” And when he spoke in this fashion, their anger against him abated.",Ninguno
Judges,8,4,ויבא גדעון הירדנה עבר הוא ושלשמאות האיש אשר אתו עיפים ורדפים,"Gideon came to the Jordan and crossed it. The three hundred men with him were famished, but still in pursuit. ",Ninguno
Judges,8,5,ויאמר לאנשי סכות תנונא ככרות לחם לעם אשר ברגלי כיעיפים הם ואנכי רדף אחרי זבח וצלמנע מלכי מדין,"He said to the people of Succoth,apeople of Succoth I.e., its leaders, on the town’s behalf; cf. v. 6. So also in vv. 8, 14, 15, 16. “Please give some loaves of bread to the troops who are right behind me, for they are famished, and I am pursuing Zebah and Zalmunna, the kings of Midian.” ",Ninguno
Judges,8,6,ויאמר שרי סכות הכף זבח וצלמנע עתה בידך כינתן לצבאך לחם,"But the officials of Succoth replied, “Are Zebah and Zalmunna already in your hands,bAre Zebah and Zalmunna already in your hands Lit. “Is the palm of Zebah and Zalmunna in your hand.” that we should give bread to your army?” ",Ninguno
Judges,8,7,ויאמר גדעון לכן בתת יהוה אתזבח ואתצלמנע בידי ודשתי אתבשרכם אתקוצי המדבר ואתהברקנים,"“I swear,” declared Gideon, “when GOD delivers Zebah and Zalmunna into my hands, I’ll threshcthresh I.e., throw them naked in a bed of thorns and trample them; but exact meaning uncertain. your bodies upon desert thorns and briers!” ",Ninguno
Judges,8,8,ויעל משם פנואל וידבר אליהם כזאת ויענו אותו אנשי פנואל כאשר ענו אנשי סכות,From there he went up to Penuel and made the same request of them; but the people of Penueldpeople of Penuel Cf. note at v. 5. gave him the same reply as the people of Succoth. ,Ninguno
Judges,8,9,"ויאמר גםלאנשי פנואל לאמר בשובי בשלום אתץ אתהמגדל הזה&nbsp;<span class=""mam-spi-pe"">{פ}</span><br>","So he also threatened the people of Penuel: “When I come back safe, I’ll tear down this tower!”",Ninguno
Judges,8,10,וזבח וצלמנע בקרקר ומחניהם עמם כחמשת עשר אלף כל הנותרים מכל מחנה בניקדם והנפלים מאה ועשרים אלף איש שלףחרב,"Now Zebah and Zalmunna were at Karkor with their army of about 15,000; these were all that remained of the entire host of the Kedemites, for the slain numbered 120,000 fighters.efighters Lit. “drawers of a sword.” ",Ninguno
Judges,8,11,ויעל גדעון דרך השכוני באהלים מקדם לנבח ויגבהה ויך אתהמחנה והמחנה היה בטח,"Gideon marched up the road of the tent dwellers, up to east of Nobah and Jogbehah, and routed the camp, which was off guard. ",Ninguno
Judges,8,12,וינסו זבח וצלמנע וירדף אחריהם וילכד אתשני&thinsp;<b></b> מלכי מדין אתזבח ואתצלמנע וכלהמחנה החריד,"Zebah and Zalmunna took to flight, with GideonfGideon Heb. “him.” in pursuit. He captured Zebah and Zalmunna, the two kings of Midian, and threw the whole army into panic.",Ninguno
Judges,8,13,וישב גדעון בןיואש מןהמלחמה מלמעלה החרס,"On his way back from the battle at the Ascent of Heres, Gideon son of Joash ",Ninguno
Judges,8,14,וילכדנער מאנשי סכות וישאלהו ויכתב אליו אתשרי סכות ואתזקניה שבעים ושבעה איש,"captured a young man from among the people of Succoth and interrogated him. The latter drew up for him a list of the officials and elders of Succoth, seventy-seven in number. ",Ninguno
Judges,8,15,ויבא אלאנשי סכות ויאמר הנה זבח וצלמנע אשר חרפתם אותי לאמר הכף זבח וצלמנע עתה בידך כי נתן לאנשיך היעפים לחם,"Then he came to the people of Succoth and said, “Here are Zebah and Zalmunna, about whom you mocked me, saying, ‘Are Zebah and Zalmunna already in your hands,gAre Zebah and Zalmunna already in your hands See note at v. 6. that we should give your famished men bread?’” ",Ninguno
Judges,8,16,ויקח אתזקני העיר ואתקוצי המדבר ואתהברקנים וידע בהם את אנשי סכות,"And he took the elders of the city and, [bringing] desert thorns and briers, he punishedhpunished Meaning of Heb. uncertain; emendation yields “threshed”; cf. v. 7. the people of Succoth with them. ",Percepción (Yada)
Judges,8,17,ואתמגדל פנואל נתץ ויהרג אתאנשי העיר,"As for Penuel, he tore down its tower and killed the townspeople.",Ninguno
Judges,8,18,ויאמר אלזבח ואלצלמנע איפה האנשים אשר הרגתם בתבור ויאמרו כמוך כמוהם אחד כתאר בני המלך,"Then he asked Zebah and Zalmunna, “Those men you killed at Tabor, what were they like?”iwhat were they like In contrast to others “Where are they?” “They looked just like you,” they replied, “like sons of a king.” ",Ninguno
Judges,8,19,ויאמר אחי בניאמי הם חייהוה לו החיתם אותם לא הרגתי אתכם,"“They were my brothers,” he declared, “the sons of my mother. As GOD lives, if you had spared them, I would not kill you.” ",Ninguno
Judges,8,20,ויאמר ליתר בכורו קום הרג אותם ולאשלף הנער חרבו כי ירא כי עודנו נער,"And he commanded his oldest son Jether, “Go kill them!” But the boy did not draw his sword, for he was timid, being still a boy. ",Ninguno
Judges,8,21,"ויאמר זבח וצלמנע קום אתה ופגעבנו כי כאיש גבורתו ויקם גדעון ויהרג אתזבח ואתצלמנע ויקח אתהשהרנים אשר בצוארי גמליהם&nbsp;<span class=""mam-spi-pe"">{פ}</span><br>","Then Zebah and Zalmunna said, “Come, you slay us; for strength comes with manhood.”jstrength comes with manhood Or “the outcome depends upon who’s involved.” So Gideon went over and killed Zebah and Zalmunna, and he took the crescents that were on the necks of their camels.",Ninguno
Judges,8,22,ויאמרו אישישראל אלגדעון משלבנו גםאתה גםבנך גם בןבנך כי הושעתנו מיד מדין,"Then those [who fought] on Israel’s side said to Gideon, “Rule over us—you, your son, and your grandson as well; for you have saved us from the Midianites.” ",Ninguno
Judges,8,23,ויאמר אלהם גדעון לאאמשל אני בכם ולאימשל בני בכם יהוה ימשל בכם,"But Gideon replied, “I will not rule over you myself, nor shall my son rule over you; GOD alone shall rule over you.” ",Ninguno
Judges,8,24,ויאמר אלהם גדעון אשאלה מכם שאלה ותנולי איש נזם שללו כינזמי זהב להם כי ישמעאלים הם,"And Gideon said to them, “I have a request to make of you: Each of you give me the earring you received as booty.” (The MidianiteskThe Midianites Heb. “They.” The author explains that the Midianites wore earrings like the Ishmaelites, who were better known to his contemporaries. had golden earrings, for they were Ishmaelites.) ",Ninguno
Judges,8,25,ויאמרו נתון נתן ויפרשו אתהשמלה וישליכו שמה איש נזם שללו,"“Certainly!” they replied. And they spread out a cloth, and everyone threw onto it the earring he had received as booty. ",Ninguno
Judges,8,26,ויהי משקל נזמי הזהב אשר שאל אלף ושבעמאות זהב לבד מןהשהרנים והנטיפות ובגדי הארגמן שעל מלכי מדין ולבד מןהענקות אשר בצוארי גמליהם,"The weight of the golden earrings that he had requested came to 1,700 shekels of gold; this was in addition to the crescents and the pendants and the purple robes worn by the kings of Midian and in addition to the collars on the necks of their camels. ",Ninguno
Judges,8,27,ויעש אותו גדעון לאפוד ויצג אותו בעירו בעפרה ויזנו כלישראל אחריו שם ויהי לגדעון ולביתו למוקש,"Gideon made an ephod of this goldlthis gold Heb. “it.” and set it up in his own town of Ophrah. There all Israel went astray after it, and it became a snare to Gideon and his household.",Ninguno
Judges,8,28,"ויכנע מדין לפני בני ישראל ולא יספו לשאת ראשם ותשקט הארץ ארבעים שנה בימי גדעון&nbsp;<span class=""mam-spi-pe"">{פ}</span><br>",Thus Midian submitted to the Israelites and did not raise its head again; and the land was tranquil for forty years in Gideon’s time.,Ninguno
Judges,8,29,וילך ירבעל בןיואש וישב בביתו,So Jerubbaal son of Joash retired to his own house.,Ninguno
Judges,8,30,ולגדעון היו שבעים בנים יצאי ירכו כינשים רבות היו לו,"Gideon had seventy sons of his own issue, for he had many wives. ",Ninguno
Judges,8,31,ופילגשו אשר בשכם ילדהלו גםהיא בן וישם אתשמו אבימלך,"A son was also born to him by his concubine in Shechem, and he named him Abimelech. ",Ninguno
Judges,8,32,"וימת גדעון בןיואש בשיבה טובה ויקבר בקבר יואש אביו בעפרה אבי העזרי&nbsp;<span class=""mam-spi-pe"">{פ}</span><br>","Gideon son of Joash died at a ripe old age, and was buried in the tomb of his father Joash at Ophrah of the Abiezrites.",Ninguno
Judges,8,33,ויהי כאשר מת גדעון וישובו בני ישראל ויזנו אחרי הבעלים וישימו להם בעל ברית לאלהים,"After Gideon died, the Israelites again went astray after the Baalim, and they adopted Baal-berith as a god. ",Ninguno
Judges,8,34,ולא זכרו בני ישראל אתיהוה אלהיהם המציל אותם מיד כלאיביהם מסביב,"The Israelites gave no thought to the ETERNAL their God, who saved them from all the enemies around them. ",Ninguno
Judges,8,35,"ולאעשו חסד עםבית ירבעל גדעון ככלהטובה אשר עשה עםישראל&nbsp;<span class=""mam-spi-pe"">{פ}</span><br>",Nor did they show loyalty to the house of Jerubbaal-Gideon in return for all the good that he had done for Israel.,Ninguno
Judges,9,1,וילך אבימלך בןירבעל שכמה אלאחי אמו וידבר אליהם ואלכלמשפחת ביתאבי אמו לאמר,"Abimelech son of Jerubbaal went to his mother’s brothers in Shechem and spoke to them and to the whole clan of his mother’s family. He said, ",Ninguno
Judges,9,2,דברונא באזני כלבעלי שכם מהטוב לכם המשל בכם שבעים איש כל בני ירבעל אםמשל בכם איש אחד וזכרתם כיעצמכם ובשרכם אני,"“Put this question to all the citizens of Shechem: Which is better for you—to be ruled by all seventy sons of Jerubbaal, or to be ruled by one? And remember, I am your own flesh and blood.”aflesh and blood Lit. “bone and flesh.” ",Ninguno
Judges,9,3,וידברו אחיאמו עליו באזני כלבעלי שכם את כלהדברים האלה ויט לבם אחרי אבימלך כי אמרו אחינו הוא,"His mother’s brothers said all this in his behalf to all the citizens of Shechem, and they were won over to Abimelech; for they thought, “He is our kinsman.” ",Ninguno
Judges,9,4,ויתנולו שבעים כסף מבית בעל ברית וישכר בהם אבימלך אנשים ריקים ופחזים וילכו אחריו,"They gave him seventy shekels from the temple of Baal-berith; and with this Abimelech hired some worthlessbworthless Or “rootless”; cf. Kimhi. and reckless men, and they followed him. ",Ninguno
Judges,9,5,"ויבא ביתאביו עפרתה ויהרג אתאחיו בניירבעל שבעים איש עלאבן אחת ויותר יותם בןירבעל הקטן כי נחבא&nbsp;<span class=""mam-spi-samekh"">{ס}</span>&nbsp;&nbsp;&nbsp;&nbsp;&nbsp;&nbsp;&nbsp;&nbsp;","Then he went to his father’s house in Ophrah and killed his brothers, the sons of Jerubbaal, seventy in succession on one stone. Only Jotham, the youngest son of Jerubbaal, survived, because he went into hiding.",Ninguno
Judges,9,6,ויאספו כלבעלי שכם וכלבית מלוא וילכו וימליכו אתאבימלך למלך עםאלון מצב אשר בשכם,"All the citizens of Shechem and all Beth-millo convened, and they proclaimed Abimelech king at the terebinth of the pillarcpillar Meaning of Heb. uncertain. at Shechem. ",Ninguno
Judges,9,7,ויגדו ליותם וילך ויעמד בראש הרגרזים וישא קולו ויקרא ויאמר להם שמעו אלי בעלי שכם וישמע אליכם אלהים,"When Jotham was informed, he went and stood on top of Mount Gerizim and called out to them in a loud voice. “Citizens of Shechem!” he cried, “Listen to me, that God may listen to you.",Ninguno
Judges,9,8,"הלוך הלכו העצים למשח עליהם מלך ויאמרו לזית <span class=""mam-kq""><span class=""mam-kq-k"">(מלוכה)</span> <span class=""mam-kq-q"">[מלכה]</span></span> עלינו","“Once the trees went to anoint a king over themselves. They said to the olive tree, ‘Reign over us.’ ",Ninguno
Judges,9,9,ויאמר להם הזית החדלתי אתדשני אשרבי יכבדו אלהים ואנשים והלכתי לנוע עלהעצים,"But the olive tree replied, ‘Have I, through whom God and humans are honored, stopped yielding my rich oil, that I should go and wave above the trees?’ ",Ninguno
Judges,9,10,ויאמרו העצים לתאנה לכיאת מלכי עלינו,"So the trees said to the fig tree, ‘You come and reign over us.’ ",Ninguno
Judges,9,11,ותאמר להם התאנה החדלתי אתמתקי ואתתנובתי הטובה והלכתי לנוע עלהעצים,"But the fig tree replied, ‘Have I stopped yielding my sweetness, my delicious fruit, that I should go and wave above the trees?’ ",Ninguno
Judges,9,12,"ויאמרו העצים לגפן לכיאת <span class=""mam-kq""><span class=""mam-kq-k"">(מלוכי)</span> <span class=""mam-kq-q"">[מלכי]</span></span> עלינו","So the trees said to the vine, ‘You come and reign over us.’ ",Ninguno
Judges,9,13,ותאמר להם הגפן החדלתי אתתירושי המשמח אלהים ואנשים והלכתי לנוע עלהעצים,"But the vine replied, ‘Have I stopped yielding my new wine, which gladdens God and humans, that I should go and wave above the trees?’ ",Ninguno
Judges,9,14,ויאמרו כלהעצים אלהאטד לך אתה מלךעלינו,"Then all the trees said to the thornbush, ‘You come and reign over us.’ ",Ninguno
Judges,9,15,ויאמר האטד אלהעצים אם באמת אתם משחים אתי למלך עליכם באו חסו בצלי ואםאין תצא אש מןהאטד ותאכל אתארזי הלבנון,"And the thornbush said to the trees, ‘If you are acting honorably in anointing me king over you, come and take shelter in my shade; but if not, may fire issue from the thornbush and consume the cedars of Lebanon!’",Ninguno
Judges,9,16,ועתה אםבאמת ובתמים עשיתם ותמליכו אתאבימלך ואםטובה עשיתם עםירבעל ועםביתו ואםכגמול ידיו עשיתם לו,"“Now then, if you acted honorably and loyally in making Abimelech king, if you have done right by Jerubbaal and his house and have requited him according to his deserts— ",Ninguno
Judges,9,17,אשרנלחם אבי עליכם וישלך אתנפשו מנגד ויצל אתכם מיד מדין,"considering that my father fought for you and saved you from the Midianites at the risk of his life, ",Ninguno
Judges,9,18,ואתם קמתם עלבית אבי היום ותהרגו אתבניו שבעים איש עלאבן אחת ותמליכו אתאבימלך בןאמתו עלבעלי שכם כי אחיכם הוא,"and now you have turned on my father’s household, killed his sons (seventy in succession on one stone!) and set up Abimelech, the son of his handmaid, as king over the citizens of Shechem just because he is your kinsman— ",Ninguno
Judges,9,19,ואםבאמת ובתמים עשיתם עםירבעל ועםביתו היום הזה שמחו באבימלך וישמח גםהוא בכם,"if, I say, you have this day acted honorably and loyally toward Jerubbaal and his house, have joy in Abimelech and may he likewise have joy in you. ",Ninguno
Judges,9,20,ואםאין תצא אש מאבימלך ותאכל אתבעלי שכם ואתבית מלוא ותצא אש מבעלי שכם ומבית מלוא ותאכל אתאבימלך,"But if not, may fire issue from Abimelech and consume the citizens of Shechem and Beth-millo, and may fire issue from the citizens of Shechem and Beth-millo and consume Abimelech!”",Ninguno
Judges,9,21,"וינס יותם ויברח וילך בארה וישב שם מפני אבימלך אחיו&nbsp;<span class=""mam-spi-pe"">{פ}</span><br>","With that, Jotham fled. He ran to Beer and stayed there, because of his brother Abimelech.",Ninguno
Judges,9,22,וישר אבימלך עלישראל שלש שנים,Abimelech held sway over Israel for three years.,Ninguno
Judges,9,23,וישלח אלהים רוח רעה בין אבימלך ובין בעלי שכם ויבגדו בעלישכם באבימלך,"Then God sent a spirit of discord between Abimelech and the citizens of Shechem, and the citizens of Shechem broke faith with Abimelech— ",Separación (Beyn)
Judges,9,24,לבוא חמס שבעים בניירבעל ודמם לשום עלאבימלך אחיהם אשר הרג אותם ועל בעלי שכם אשרחזקו אתידיו להרג אתאחיו,"to the end that the crime committed against the seventy sons of Jerubbaal might be avenged, and their blood recoil upon their brother Abimelech, who had slain them, and upon the citizens of Shechem, who had abetted him in the slaying of his brothers. ",Ninguno
Judges,9,25,"וישימו לו בעלי שכם מארבים על ראשי ההרים ויגזלו את כלאשריעבר עליהם בדרך ויגד לאבימלך&nbsp;<span class=""mam-spi-pe"">{פ}</span><br>",The citizens of Shechem planted ambuscades against him on the hilltops; and they robbed whoever passed by them on the road. Word of this reached Abimelech.,Ninguno
Judges,9,26,ויבא געל בןעבד ואחיו ויעברו בשכם ויבטחובו בעלי שכם,"Then Gaal son of Ebed and his companions came passing through Shechem, and the citizens of Shechem gave him their confidence. ",Ninguno
Judges,9,27,ויצאו השדה ויבצרו אתכרמיהם וידרכו ויעשו הלולים ויבאו בית אלהיהם ויאכלו וישתו ויקללו אתאבימלך,"They went out into the fields, gathered and trod out the vintage of their vineyards, and made a festival. They entered the temple of their god, and as they ate and drank they reviled Abimelech. ",Ninguno
Judges,9,28,ויאמר&thinsp;<b></b> געל בןעבד מיאבימלך ומישכם כי נעבדנו הלא בןירבעל וזבל פקידו עבדו אתאנשי חמור אבי שכם ומדוע נעבדנו אנחנו,"Gaal son of Ebed said, “Who is Abimelech and who are [we] Shechemites, that we should serve him? This same son of Jerubbaal and his lieutenant Zebul once served the entourage of Hamor, the father of Shechem;dThis same son … Shechem Meaning of Heb. uncertain. so why should we serve him? ",Ninguno
Judges,9,29,ומי יתן אתהעם הזה בידי ואסירה אתאבימלך ויאמר לאבימלך רבה צבאך וצאה,"Oh, if only this people were under my command, I would get rid of Abimelech! OneeOne Septuagint reads “I.” would challenge Abimelech, ‘Fill up your ranks and come out here!’”",Ninguno
Judges,9,30,וישמע זבל שרהעיר אתדברי געל בןעבד ויחר אפו,"When Zebul, the governor of the city, heard the words of Gaal son of Ebed, he was furious. ",Ninguno
Judges,9,31,וישלח מלאכים אלאבימלך בתרמה לאמר הנה געל בןעבד ואחיו באים שכמה והנם צרים אתהעיר עליך,"He sent messages to Abimelech at TormahfTormah Called “Arumah” in v. 41. to say, “Gaal son of Ebed and his companions have come to Shechem and they are incitingginciting Meaning of Heb. uncertain. the city against you. ",Ninguno
Judges,9,32,ועתה קום לילה אתה והעם אשראתך וארב בשדה,"Therefore, set out at night with the forces you have with you and conceal yourself in the fields. ",Ninguno
Judges,9,33,והיה בבקר כזרח השמש תשכים ופשטת עלהעיר והנההוא והעם אשראתו יצאים אליך ועשית לו כאשר תמצא ידך,"Early next morning, as the sun rises, advance on the city. He and his troops will thereupon come out against you, and you will do to him whatever you find possible.”",Ninguno
Judges,9,34,ויקם אבימלך וכלהעם אשרעמו לילה ויארבו עלשכם ארבעה ראשים,Abimelech and all the troops with him set out at night and disposed themselves against Shechem in four hiding places.,Ninguno
Judges,9,35,ויצא געל בןעבד ויעמד פתח שער העיר ויקם אבימלך והעם אשראתו מןהמארב,"When Gaal son of Ebed came out and stood at the entrance to the city gate, Abimelech and the troops with him emerged from concealment. ",Ninguno
Judges,9,36,ויראגעל אתהעם ויאמר אלזבל הנהעם יורד מראשי ההרים ויאמר אליו זבל את צל ההרים אתה ראה כאנשים,"Gaal saw the troops and said to Zebul, “Look, troops are coming down from the hilltops!” But Zebul said to him, “The shadows of the hills look to you like people.” ",Ninguno
Judges,9,37,ויסף עוד געל לדבר ויאמר הנהעם יורדים מעם טבור הארץ וראשאחד בא מדרך אלון מעוננים,"Gaal spoke up again, “Look, troops are coming down from Tabbur-erez, and another column is coming from the direction of Elon-meonenim.” ",Ninguno
Judges,9,38,ויאמר אליו זבל איה אפוא פיך אשר תאמר מי אבימלך כי נעבדנו הלא זה העם אשר מאסתה בו צאנא עתה והלחם בו,"“Well,” replied Zebul, “where is your boast, ‘Who is Abimelech that we should serve him’? Are these not the troops you sneered at? Now go out and fight with them!”",Ninguno
Judges,9,39,ויצא געל לפני בעלי שכם וילחם באבימלך,So Gaal went out at the head of the citizens of Shechem and gave battle to Abimelech.,Ninguno
Judges,9,40,וירדפהו אבימלך וינס מפניו ויפלו חללים רבים עדפתח השער,"But he had to flee before him, and Abimelech pursued him, and many fell slain, all the way to the entrance of the gate. ",Ninguno
Judges,9,41,"וישב אבימלך בארומה ויגרש זבל אתגעל ואתאחיו משבת בשכם&nbsp;<span class=""mam-spi-samekh"">{ס}</span>&nbsp;&nbsp;&nbsp;&nbsp;&nbsp;&nbsp;&nbsp;&nbsp;","Then Abimelech stayed in Arumah,hArumah Cf. “Tormah” in v. 31. while Zebul expelled Gaal and his companions and kept them out of Shechem.",Ninguno
Judges,9,42,ויהי ממחרת ויצא העם השדה ויגדו לאבימלך,"The next day, people went out into the fields,iinto the fields For their everyday labor. and this was reported to Abimelech. ",Ninguno
Judges,9,43,ויקח אתהעם ויחצם לשלשה ראשים ויארב בשדה וירא והנה העם יצא מןהעיר ויקם עליהם ויכם,"So he took his troops, divided them into three columns, and lay in ambush in the fields; and when he saw the people coming out of the city, he pounced upon them and struck them down. ",Ninguno
Judges,9,44,ואבימלך והראשים אשר עמו פשטו ויעמדו פתח שער העיר ושני הראשים פשטו עלכלאשר בשדה ויכום,"While Abimelech and the columnjcolumn Heb. “columns.” that followed him dashed ahead and took up a position at the entrance of the city gate, the other two columns rushed upon all that were in the open and struck them down. ",Ninguno
Judges,9,45,"ואבימלך נלחם בעיר כל היום ההוא וילכד אתהעיר ואתהעם אשרבה הרג ויתץ אתהעיר ויזרעה מלח&nbsp;<span class=""mam-spi-pe"">{פ}</span><br>",Abimelech fought against the city all that day. He captured the city and massacred the people in it; he razed the town and sowed it with salt.,Ninguno
Judges,9,46,וישמעו כלבעלי מגדלשכם ויבאו אלצריח בית אל ברית,"When all the citizens of the Tower of ShechemkTower of Shechem Perhaps identical with Beth-millo of vv. 6 and 20. learned of this, they went into the tunnelltunnel Cf. 1 Sam. 13.6; in contrast to others “citadel.” of the temple of El-berith.mEl-berith Called “Baal-berith” in v. 4. ",Ninguno
Judges,9,47,ויגד לאבימלך כי התקבצו כלבעלי מגדלשכם,"When Abimelech was informed that all the citizens of the Tower of Shechem had gathered [there], ",Ninguno
Judges,9,48,ויעל אבימלך הרצלמון הוא וכלהעם אשראתו ויקח אבימלך אתהקרדמות בידו ויכרת שוכת עצים וישאה וישם עלשכמו ויאמר אלהעם אשרעמו מה ראיתם עשיתי מהרו עשו כמוני,"Abimelech and all the troops he had with him went up on Mount Zalmon. Taking an axnan ax Heb. plural. in his hand, Abimelech lopped off a tree limb and lifted it onto his shoulder. Then he said to the troops that accompanied him, “What you saw me do—quick, do the same!” ",Ninguno
Judges,9,49,"ויכרתו גםכלהעם איש שוכה וילכו אחרי אבימלך וישימו עלהצריח ויציתו עליהם אתהצריח באש וימתו גם כלאנשי מגדלשכם כאלף איש ואשה&nbsp;<span class=""mam-spi-pe"">{פ}</span><br>","So each of the troops also lopped off a bough; then they marched behind Abimelech and laid them against the tunnel, and set fire to the tunnel over their heads. Thus all the peopleopeople Or “occupants.” of the Tower of Shechem also perished, about a thousand men and women.",Ninguno
Judges,9,50,וילך אבימלך אלתבץ ויחן בתבץ וילכדה,Abimelech proceeded to Thebez; he encamped at Thebez and occupied it.,Ninguno
Judges,9,51,ומגדלעז היה בתוךהעיר וינסו שמה כלהאנשים והנשים וכל בעלי העיר ויסגרו בעדם ויעלו עלגג המגדל,"Within the town was a fortified tower; and men and women took refuge there, including all the citizens of the town. They shut themselves in, and went up on the roof of the tower. ",Ninguno
Judges,9,52,ויבא אבימלך עדהמגדל וילחם בו ויגש עדפתח המגדל לשרפו באש,Abimelech pressed forward to the tower and attacked it. He approached the door of the tower to set it on fire.,Ninguno
Judges,9,53,ותשלך אשה אחת פלח רכב עלראש אבימלך ותרץ אתגלגלתו,But a woman dropped an upper millstone on Abimelech’s head and cracked his skull.,Ninguno
Judges,9,54,ויקרא מהרה אלהנער&thinsp;<b></b> נשא כליו ויאמר לו שלף חרבך ומותתני פןיאמרו לי אשה הרגתהו וידקרהו נערו וימת,"He immediately cried out to his attendant, his arms-bearer, “Draw your dagger and finish me off, that they may not say of me, ‘A woman killed him!’” So his attendant stabbed him, and he died. ",Ninguno
Judges,9,55,ויראו אישישראל כי מת אבימלך וילכו איש למקמו,"When those on Israel’s side saw that Abimelech was dead, everyone went home.",Ninguno
Judges,9,56,וישב אלהים את רעת אבימלך אשר עשה לאביו להרג אתשבעים אחיו,Thus God repaid Abimelech for the evil he had done to his father by slaying his seventy brothers;,Ninguno
Judges,9,57,"ואת כלרעת אנשי שכם השיב אלהים בראשם ותבא אליהם קללת יותם בןירבעל&nbsp;<span class=""mam-spi-pe"">{פ}</span><br>",and God likewise repaid the people of Shechemppeople of Shechem Cf. v. 23 and note at 8.5. for all their wickedness. And so the curse of Jotham son of Jerubbaal was fulfilled upon them.,Ninguno
Judges,10,1,ויקם אחרי אבימלך להושיע אתישראל תולע בןפואה בןדודו איש יששכר והואישב בשמיר בהר אפרים,"After Abimelech, Tola son of Puah son of Dodo, of Issachar,aof Issachar Or “Issachar’s man in charge”; cf. 7.14. arose to deliver Israel. He lived at Shamir in the hill country of Ephraim. ",Ninguno
Judges,10,2,"וישפט אתישראל עשרים ושלש שנה וימת ויקבר בשמיר&nbsp;<span class=""mam-spi-pe"">{פ}</span><br>",He led Israel for twenty-three years; then he died and was buried at Shamir.,Ninguno
Judges,10,3,ויקם אחריו יאיר הגלעדי וישפט אתישראל עשרים ושתים שנה,"After him arose Jair the Gileadite, and he led Israel for twenty-two years. ",Ninguno
Judges,10,4,ויהילו שלשים בנים רכבים עלשלשים עירים ושלשים עירים להם להם יקראו&thinsp;<b></b> חות יאיר עד היום הזה אשר בארץ הגלעד,"(He had thirty sons, who rode on thirty burros and owned thirty boroughsbburros…boroughs Imitating the pun in the Heb., which employs ʻayarim first in the sense of “donkeys” and then in the sense of “towns.” in the region of Gilead; these are called Havvoth-jaircHavvoth-jair I.e., “the villages of Jair”; cf. Num. 32.41. to this day.) ",Ninguno
Judges,10,5,"וימת יאיר ויקבר בקמון&nbsp;<span class=""mam-spi-pe"">{פ}</span><br>",Then Jair died and was buried at Kamon.,Ninguno
Judges,10,6,ויסיפו&thinsp;<b></b> בני ישראל לעשות הרע בעיני יהוה ויעבדו אתהבעלים ואתהעשתרות ואתאלהי ארם ואתאלהי צידון ואת&thinsp;<b></b> אלהי מואב ואת אלהי בניעמון ואת אלהי פלשתים ויעזבו אתיהוה ולא עבדוהו,"The Israelites again did what was offensive to GOD. They served the Baalim and the Ashtaroth,dAshtaroth See note at 2.13. and the gods of Aram, the gods of Sidon, the gods of Moab, the gods of the Ammonites, and the gods of the Philistines; they forsook and did not serve GOD. ",Ninguno
Judges,10,7,ויחראף יהוה בישראל וימכרם בידפלשתים וביד בני עמון,"And GOD, incensed with Israel, surrendered them to the Philistines and to the Ammonites. ",Ninguno
Judges,10,8,וירעצו וירצצו אתבני ישראל בשנה ההיא שמנה עשרה שנה אתכלבני ישראל אשר בעבר הירדן בארץ האמרי אשר בגלעד,"That year they battered and shattered the Israelites—forefor Meaning of Heb. uncertain; perhaps “enough for” or “continuing for.” eighteen years—all the Israelites beyond the Jordan, in [what had been] the land of the Amorites in Gilead. ",Ninguno
Judges,10,9,ויעברו בניעמון אתהירדן להלחם גםביהודה ובבנימין ובבית אפרים ותצר לישראל מאד,"The Ammonites also crossed the Jordan to make war on Judah, Benjamin, and the House of Ephraim. Israel was in great distress.",Control/Derecha (Yamin)
Judges,10,10,"ויזעקו בני ישראל אליהוה לאמר חטאנו לך וכי עזבנו אתאלהינו ונעבד אתהבעלים&nbsp;<span class=""mam-spi-pe"">{פ}</span><br>","Then the Israelites cried out to GOD, “We stand guilty before You, for we have forsaken our God and served the Baalim.” ",Ninguno
Judges,10,11,ויאמר יהוה אלבני ישראל הלא ממצרים ומןהאמרי ומןבני עמון ומןפלשתים,"But GOD said to the Israelites, “[I have rescued you] from the Egyptians, from the Amorites, from the Ammonites, and from the Philistines. ",Ninguno
Judges,10,12,וצידונים ועמלק ומעון לחצו אתכם ותצעקו אלי ואושיעה אתכם מידם,"The Sidonians, Amalek, and MaonfMaon Septuagint reads “Midian.” also oppressed you; and when you cried out to Me, I saved you from them. ",Ninguno
Judges,10,13,ואתם עזבתם אותי ותעבדו אלהים אחרים לכן לאאוסיף להושיע אתכם,"Yet you have forsaken Me and have served other gods. No, I will not deliver you again. ",Ninguno
Judges,10,14,לכו וזעקו אלהאלהים אשר בחרתם בם המה יושיעו לכם בעת צרתכם,Go cry to the gods you have chosen; let them deliver you in your time of distress!”,Ninguno
Judges,10,15,ויאמרו בניישראל אליהוה חטאנו עשהאתה לנו ככלהטוב בעיניך אך הצילנו נא היום הזה,But the Israelites implored GOD: “We stand guilty. Do to us as You see fit; only save us this day!”,Ninguno
Judges,10,16,"ויסירו אתאלהי הנכר מקרבם ויעבדו אתיהוה ותקצר נפשו בעמל ישראל&nbsp;<span class=""mam-spi-pe"">{פ}</span><br>",They removed the alien gods from among them and served GOD; and [God] could not bear the miseries of Israel.,Ninguno
Judges,10,17,ויצעקו בני עמון ויחנו בגלעד ויאספו בני ישראל ויחנו במצפה,The Ammonites mustered and they encamped in Gilead; and the Israelites massed and they encamped at Mizpah.,Ninguno
Judges,10,18,"ויאמרו העם שרי גלעד איש אלרעהו מי האיש אשר יחל להלחם בבני עמון יהיה לראש לכל ישבי גלעד&nbsp;<span class=""mam-spi-pe"">{פ}</span><br>","The troops—the officers of Gilead—said to one another, “Let whoever is the first to fight the Ammonites be chieftain over all the inhabitants of Gilead.”",Ninguno
Judges,11,1,ויפתח הגלעדי היה גבור חיל והוא בןאשה זונה ויולד גלעד אתיפתח,"Jephthah the Gileadite was an able warrior, who was the son of a certain prostitute. Jephthah’s father was Gilead; ",Ninguno
Judges,11,2,ותלד אשתגלעד לו בנים ויגדלו בניהאשה ויגרשו אתיפתח ויאמרו לו לאתנחל בביתאבינו כי בןאשה אחרת אתה,"but Gilead also had sons by his wife, and when the wife’s sons grew up, they drove Jephthah out. They said to him, “You shall have no share in our father’s property, for you are the son of an outsider.”aan outsider Lit. “another woman.” ",Ninguno
Judges,11,3,"ויברח יפתח מפני אחיו וישב בארץ טוב ויתלקטו אליפתח אנשים ריקים ויצאו עמו&nbsp;<span class=""mam-spi-pe"">{פ}</span><br>",So Jephthah fled from his brothers and settled in the Tob country. Men of low characterbMen of low character Or “Rootless men”; see note at 9.4. gathered about Jephthah and went out raiding with him.,Ninguno
Judges,11,4,ויהי מימים וילחמו בניעמון עםישראל,"Some time later, the Ammonites went to war against Israel. ",Ninguno
Judges,11,5,ויהי כאשרנלחמו בניעמון עםישראל וילכו זקני גלעד לקחת אתיפתח מארץ טוב,"And when the Ammonites attacked Israel, the elders of Gilead went to bring Jephthah back from the Tob country. ",Ninguno
Judges,11,6,ויאמרו ליפתח לכה והייתה לנו לקצין ונלחמה בבני עמון,"They said to Jephthah, “Come be our chief, so that we can fight the Ammonites.” ",Ninguno
Judges,11,7,ויאמר יפתח לזקני גלעד הלא אתם שנאתם אותי ותגרשוני מבית אבי ומדוע באתם אלי עתה כאשר צר לכם,"Jephthah replied to the elders of Gilead, “You are the very people who rejected me and drove me out of my father’s house. How can you come to me now when you are in trouble?” ",Ninguno
Judges,11,8,ויאמרו זקני גלעד אליפתח לכן עתה שבנו אליך והלכת עמנו ונלחמת בבני עמון והיית לנו לראש לכל ישבי גלעד,"The elders of Gilead said to Jephthah, “Honestly, we have now turned back to you. If you come with us and fight the Ammonites, you shall be our commander over all the inhabitants of Gilead.” ",Ninguno
Judges,11,9,ויאמר יפתח אלזקני גלעד אםמשיבים אתם אותי להלחם בבני עמון ונתן יהוה אותם לפני אנכי אהיה לכם לראש,"Jephthah said to the elders of Gilead, “[Very well,] if you bring me back to fight the Ammonites and GOD delivers them to me, I am to be your commander.” ",Ninguno
Judges,11,10,ויאמרו זקניגלעד אליפתח יהוה יהיה שמע בינותינו אםלא כדברך כן נעשה,"And the elders of Gilead answered Jephthah, “GOD shall be witness between us: we will do just as you have said.”",Ninguno
Judges,11,11,"וילך יפתח עםזקני גלעד וישימו העם אותו עליהם לראש ולקצין וידבר יפתח אתכלדבריו לפני יהוה במצפה&nbsp;<span class=""mam-spi-pe"">{פ}</span><br>","Jephthah went with the elders of Gilead, and the people made him their commander and chief. And Jephthah repeated all these terms before GOD at Mizpah.",Ninguno
Judges,11,12,וישלח יפתח מלאכים אלמלך בניעמון לאמר מהלי ולך כיבאת אלי להלחם בארצי,"Jephthah then sent messengers to the king of the Ammonites, saying, “What have you against me that you have come to make war on my country?” ",Ninguno
Judges,11,13,ויאמר מלך בניעמון אלמלאכי יפתח כילקח ישראל אתארצי בעלותו ממצרים מארנון ועדהיבק ועדהירדן ועתה השיבה אתהן בשלום,"The king of the Ammonites replied to Jephthah’s messengers, “When Israel came from Egypt, they seized the land that is mine, from the Arnon to the Jabbok as far as the Jordan. Now, then, restore it peaceably.”",Ninguno
Judges,11,14,ויוסף עוד יפתח וישלח מלאכים אלמלך בני עמון,Jephthah again sent messengers to the king of the Ammonites.,Ninguno
Judges,11,15,ויאמר לו כה אמר יפתח לאלקח ישראל אתארץ מואב ואתארץ בני עמון,"He said to him, “Thus said Jephthah: Israel did not seize the land of Moab or the land of the Ammonites. ",Ninguno
Judges,11,16,כי בעלותם ממצרים וילך ישראל במדבר עדיםסוף ויבא קדשה,"When they left Egypt, Israel traveled through the wilderness to the Sea of Reeds and went on to Kadesh. ",Ninguno
Judges,11,17,וישלח ישראל מלאכים&thinsp;<small></small>&thinsp;אלמלך אדום&thinsp;<small></small>&thinsp;לאמר אעברהנא בארצך ולא שמע מלך אדום וגם אלמלך מואב שלח ולא אבה וישב ישראל בקדש,"Israel then sent messengers to the king of Edom, saying, ‘Allow us to cross your country.’ But the king of Edom would not consent. They also sent a mission to the king of Moab, and he refused. So Israel, after staying at Kadesh, ",Ninguno
Judges,11,18,וילך במדבר ויסב אתארץ אדום ואתארץ מואב ויבא ממזרחשמש לארץ מואב ויחנון בעבר ארנון ולאבאו בגבול מואב כי ארנון גבול מואב,"traveled on through the wilderness, skirting the land of Edom and the land of Moab. They kept to the east of the land of Moab until they encamped on the other side of the Arnon; and, since Moab ends at the Arnon, they never entered Moabite territory.",Ninguno
Judges,11,19,וישלח ישראל מלאכים אלסיחון מלךהאמרי מלך חשבון ויאמר לו ישראל נעברהנא בארצך עדמקומי,"“Then Israel sent messengers to Sihon king of the Amorites, the king of Heshbon. Israel said to him, ‘Allow us to cross through your country to our homeland.’ ",Ninguno
Judges,11,20,ולאהאמין סיחון אתישראל עבר בגבלו ויאסף סיחון אתכלעמו ויחנו ביהצה וילחם עםישראל,"But Sihon would not trust Israel to pass through his territory. Sihon mustered all his troops, and they encamped at Jahaz; he engaged Israel in battle. ",Ninguno
Judges,11,21,ויתן יהוה אלהיישראל אתסיחון ואתכלעמו ביד ישראל ויכום ויירש ישראל את כלארץ האמרי יושב הארץ ההיא,"But the ETERNAL, the God of Israel, delivered Sihon and all his troops into Israel’s hands, and they defeated them; and Israel took possession of all the land of the Amorites, the inhabitants of that land. ",Ninguno
Judges,11,22,ויירשו את כלגבול האמרי מארנון ועדהיבק ומןהמדבר ועדהירדן,Thus they possessed all the territory of the Amorites from the Arnon to the Jabbok and from the wilderness to the Jordan.,Ninguno
Judges,11,23,ועתה יהוה&thinsp;<b></b> אלהי ישראל הוריש אתהאמרי מפני עמו ישראל ואתה תירשנו,"“Now, then, the ETERNAL, the God of Israel, dispossessed the Amorites before this covenanted people Israel; and should you possess their land? ",Ninguno
Judges,11,24,הלא את אשר יורישך כמוש אלהיך אותו תירש ואת כלאשר הוריש יהוה אלהינו מפנינו אותו נירש,Do you not hold what Chemosh your god gives you to possess? So we will hold on to everything that the ETERNAL our God has given us to possess.,Ninguno
Judges,11,25,ועתה הטוב טוב אתה מבלק בןצפור מלך מואב הרוב רב עםישראל אםנלחם נלחם בם,"“Besides, are you any better than Balak son of Zippor, king of Moab? Did he start a quarrel with Israel or go to war with them?",Ninguno
Judges,11,26,בשבת ישראל בחשבון ובבנותיה ובערעור ובבנותיה ובכלהערים אשר עלידי ארנון שלש מאות שנה ומדוע לאהצלתם בעת ההיא,"“While Israel has been inhabiting Heshbon and its dependencies, and Aroer and its dependencies, and all the towns along the Arnon for three hundred years, why have you not tried to recover them all this time? ",Ninguno
Judges,11,27,ואנכי לאחטאתי לך ואתה עשה אתי רעה להלחם בי ישפט יהוה השפט היום בין בני ישראל ובין בני עמון,"I have done you no wrong; yet you are doing me harm and making war on me. May GOD, who judges, decide today between the Israelites and the Ammonites!”",Separación (Beyn)
Judges,11,28,"ולא שמע מלך בני עמון אלדברי יפתח אשר שלח אליו&nbsp;<span class=""mam-spi-pe"">{פ}</span><br>",But the king of the Ammonites paid no heed to the message that Jephthah sent him.,Ninguno
Judges,11,29,ותהי עליפתח רוח יהוה ויעבר אתהגלעד ואתמנשה ויעבר אתמצפה גלעד וממצפה גלעד עבר בני עמון,"Then the spirit of GOD came upon Jephthah. He marched through Gilead and Manasseh, passing Mizpeh of Gilead; and from Mizpeh of Gilead he crossed over [to] the Ammonites. ",Ninguno
Judges,11,30,וידר יפתח נדר ליהוה ויאמר אםנתון תתן אתבני עמון בידי,"And Jephthah made the following vow to GOD: “If You deliver the Ammonites into my hands, ",Ninguno
Judges,11,31,"והיה היוצא אשר יצא מדלתי ביתי לקראתי בשובי בשלום מבני עמון והיה ליהוה והעליתיהו עלה&nbsp;<span class=""mam-spi-pe"">{פ}</span><br>",then whatever comes out of the door of my house to meet me on my safe return from the Ammonites shall be GOD’s and shall be offered by me as a burnt offering.”,Ninguno
Judges,11,32,ויעבר יפתח אלבני עמון להלחם בם ויתנם יהוה בידו,"Jephthah crossed over to the Ammonites and attacked them, and GOD delivered them into his hands. ",Ninguno
Judges,11,33,"ויכם מערוער ועדבאך מנית עשרים עיר ועד אבל כרמים מכה גדולה מאד ויכנעו בני עמון מפני בני ישראל&nbsp;<span class=""mam-spi-pe"">{פ}</span><br>","He utterly routed them—from Aroer as far as Minnith, twenty towns—all the way to Abel-cheramim. So the Ammonites submitted to the Israelites.",Ninguno
Judges,11,34,ויבא יפתח המצפה אלביתו והנה בתו יצאת לקראתו בתפים ובמחלות ורק היא יחידה איןלו ממנו בן אובת,"When Jephthah arrived at his home in Mizpah, there was his daughter coming out to meet him, with hand-drum and dance! She was an only child; he had no other son or daughter. ",Ninguno
Judges,11,35,ויהי כראותו אותה ויקרע אתבגדיו ויאמר אהה בתי הכרע הכרעתני ואת היית בעכרי ואנכי פציתי פי אליהוה ולא אוכל לשוב,"On seeing her, he rent his clothes and said, “Alas, daughter! You have brought me low; you have become my troubler! For I have uttered a vowcuttered a vow Lit. “opened my mouth.” to GOD and I cannot retract.” ",Ninguno
Judges,11,36,ותאמר אליו אבי פציתה אתפיך אליהוה עשה לי כאשר יצא מפיך אחרי אשר עשה לך יהוה נקמות מאיביך מבני עמון,"“Father,” she said, “you have uttered a vow to GOD; do to me as you have vowed, seeing that GOD has vindicated you against your enemies, the Ammonites.” ",Ninguno
Judges,11,37,"ותאמר אלאביה יעשה לי הדבר הזה הרפה ממני שנים חדשים ואלכה וירדתי עלההרים ואבכה עלבתולי אנכי <span class=""mam-kq""><span class=""mam-kq-k"">(ורעיתי)</span> <span class=""mam-kq-q"">[ורעותי]</span></span>","She further said to her father, “Let this be done for me: let me be for two months, and I will go with my companions and lamentdlament Lit. “descend,” i.e., with weeping; cf. Isa. 15.3. upon the hills and there bewail my maidenhood.” ",Ninguno
Judges,11,38,ויאמר לכי וישלח אותה שני חדשים ותלך היא ורעותיה ותבך עלבתוליה עלההרים,"“Go,” he replied. He let her go for two months, and she and her companions went and bewailed her maidenhood upon the hills. ",Ninguno
Judges,11,39,ויהי מקץ&thinsp;<b></b> שנים חדשים ותשב אלאביה ויעש לה אתנדרו אשר נדר והיא לאידעה איש ותהיחק בישראל,"After two months’ time, she returned to her father, and he did to her as he had vowed. She had never known a man. So it became a custom in Israel ",Percepción (Yada)
Judges,11,40,"מימים&thinsp;<b></b> ימימה תלכנה בנות ישראל לתנות לבתיפתח הגלעדי ארבעת ימים בשנה&nbsp;<span class=""mam-spi-pe"">{פ}</span><br>","for the maidensemaidens Lit. “daughters.” of Israel to go every year, for four days in the year, and chant dirges for the daughter of Jephthah the Gileadite.",Ninguno
Judges,12,1,ויצעק איש אפרים ויעבר צפונה ויאמרו ליפתח מדוע&thinsp;<b></b> עברת&thinsp;<b></b> להלחם בבניעמון ולנו לא קראת ללכת עמך ביתך נשרף עליך באש,"Ephraim’s contingent mustered and crossed [the Jordan] to Zaphon. They said to Jephthah, “Why did you march to fight the Ammonites without calling us to go with you? We’ll burn your house down over you!” ",Ninguno
Judges,12,2,ויאמר יפתח אליהם איש ריב הייתי אני ועמי ובניעמון מאד ואזעק אתכם ולאהושעתם אותי מידם,"Jephthah answered them, “I and my people were involved in a bitter conflict with the Ammonites; and I summoned you, but you did not save me from them. ",Ninguno
Judges,12,3,ואראה כיאינך מושיע ואשימה נפשי בכפי ואעברה אלבני עמון ויתנם יהוה בידי ולמה עליתם אלי היום הזה להלחם בי,"When I saw that you were no saviors, I risked my life and advanced against the Ammonites; and GOD delivered them into my hands. Why have you come here now to fight against me?” ",Ninguno
Judges,12,4,ויקבץ יפתח אתכלאנשי גלעד וילחם אתאפרים ויכו אנשי גלעד אתאפרים כי אמרו פליטי אפרים אתם גלעד בתוך אפרים בתוך מנשה,"And Jephthah gathered all the Gileadites and fought Ephraim. The Gileadites defeated Ephraim; for they had said, “You, Gilead, are nothing but fugitives from Ephraim—being in Manasseh is like being in Ephraim.”athey had said, “You, Gilead, … Ephraim.” Meaning of Heb. uncertain. ",Ninguno
Judges,12,5,וילכד גלעד אתמעברות הירדן לאפרים והיה כי יאמרו פליטי אפרים אעברה ויאמרו לו אנשיגלעד האפרתי אתה ויאמר&thinsp;<small></small>&thinsp;לא,"Gilead held the fords of the Jordan against Ephraim. And when any fugitive from Ephraim said, “Let me cross,” the Gileadites would ask him, “Are you an Ephraimite?”; if he said “No,” ",Ninguno
Judges,12,6,ויאמרו לו אמרנא שבלת ויאמר סבלת ולא יכין לדבר כן ויאחזו אותו וישחטוהו אלמעברות הירדן ויפל בעת ההיא מאפרים ארבעים ושנים אלף,"they would say to him, “Then say shibboleth”; but he would say “sibboleth,” not being able to pronounce it correctly. Thereupon they would seize him and slay him by the fords of the Jordan. Forty-two thousand from Ephraim fell at that time.",Ninguno
Judges,12,7,"וישפט יפתח אתישראל שש שנים וימת יפתח הגלעדי ויקבר בערי גלעד&nbsp;<span class=""mam-spi-pe"">{פ}</span><br>",Jephthah led Israel six years. Then Jephthah the Gileadite died and he was buried in one of the towns of Gilead.,Ninguno
Judges,12,8,וישפט אחריו אתישראל אבצן מבית לחם,"After him, Ibzan of BethlehembBethlehem I.e., Bethlehem in Zebulun; cf. Josh. 19.15. led Israel. ",Ninguno
Judges,12,9,ויהילו שלשים בנים ושלשים בנות שלח החוצה ושלשים בנות הביא לבניו מןהחוץ וישפט אתישראל שבע שנים,"He had thirty sons, and he married off thirty daughters outside the clan and likewise brought in thirty from outside the clan for his sons. He led Israel seven years. ",Ninguno
Judges,12,10,"וימת אבצן ויקבר בבית לחם&nbsp;<span class=""mam-spi-pe"">{פ}</span><br>",Then Ibzan died and was buried in Bethlehem.,Ninguno
Judges,12,11,וישפט אחריו אתישראל אילון הזבולני וישפט אתישראל עשר שנים,"After him, Elon the Zebulunite led Israel; he led Israel for ten years. ",Ninguno
Judges,12,12,"וימת אילון הזבולני ויקבר באילון בארץ זבולן&nbsp;<span class=""mam-spi-pe"">{פ}</span><br>","Then Elon the Zebulunite died and was buried in Aijalon, in the territory of Zebulun.",Ninguno
Judges,12,13,וישפט אחריו אתישראל עבדון בןהלל הפרעתוני,"After him, Abdon son of Hillel the Pirathonite led Israel. ",Ninguno
Judges,12,14,ויהילו ארבעים בנים ושלשים בני בנים רכבים עלשבעים עירם וישפט אתישראל שמנה שנים,"He had forty sons and thirty grandsons, who rode on seventy jackasses. He led Israel for eight years. ",Ninguno
Judges,12,15,"וימת עבדון בןהלל הפרעתוני ויקבר בפרעתון בארץ אפרים בהר העמלקי&nbsp;<span class=""mam-spi-pe"">{פ}</span><br>","Then Abdon son of Hillel the Pirathonite died. He was buried in Pirathon, in the territory of Ephraim, on the hill of the Amalekites.",Ninguno
Judges,13,1,"ויסיפו בני ישראל לעשות הרע בעיני יהוה ויתנם יהוה בידפלשתים ארבעים שנה&nbsp;<span class=""mam-spi-pe"">{פ}</span><br>","The Israelites again did what was offensive to GOD, and GOD delivered them into the hands of the Philistines for forty years.",Ninguno
Judges,13,2,ויהי איש אחד מצרעה ממשפחת הדני ושמו מנוח ואשתו עקרה ולא ילדה,"There was a certain man from Zorah, of the stock of Dan, whose name was Manoah. His wife was infertile and had borne no children. ",Ninguno
Judges,13,3,וירא מלאךיהוה אלהאשה ויאמר אליה הנהנא אתעקרה ולא ילדת והרית וילדת בן,"An angelaAn angel Lit. “A messenger.” of GOD appeared tobappeared to Or “made contact with.” the woman and said to her, “You are infertile and have borne no children; but you shall conceive and bear a son. ",Ninguno
Judges,13,4,ועתה השמרי נא ואלתשתי יין ושכר ואלתאכלי כלטמא,"Now be careful not to drink wine or other intoxicant, or to eat anything impure. ",Ninguno
Judges,13,5,כי הנך הרה וילדת בן ומורה לאיעלה עלראשו כינזיר אלהים יהיה הנער מןהבטן והוא יחל להושיע אתישראל מיד פלשתים,"For you are going to conceive and bear a son; let no razor touch his head, for the boy is to be a nazirite to God from the womb on. He shall be the first to deliver Israel from the Philistines.”",Ninguno
Judges,13,6,ותבא האשה ותאמר לאישה לאמר איש האלהים בא אלי ומראהו כמראה מלאך האלהים נורא מאד ולא שאלתיהו אימזה הוא ואתשמו לאהגיד לי,"The woman went and told her husband, “An agent of God came to me; he looked like an angel of God, very frightening. I did not ask him where he was from, nor did he tell me his name. ",Ninguno
Judges,13,7,"ויאמר לי הנך הרה וילדת בן ועתה אלתשתי&thinsp;<b></b> יין ושכר ואלתאכלי כלטמאה כינזיר אלהים יהיה הנער מןהבטן עדיום מותו&nbsp;<span class=""mam-spi-pe"">{פ}</span><br>","He said to me, ‘You are going to conceive and bear a son. Drink no wine or other intoxicant, and eat nothing impure, for the boy is to be a nazirite to God from the womb to the day of his death!’”",Ninguno
Judges,13,8,ויעתר מנוח אליהוה ויאמר בי אדוני איש האלהים אשר שלחת יבואנא עוד אלינו ויורנו מהנעשה לנער היולד,"Manoah pleaded with GOD. “Oh, my Sovereign!” he said, “please let the agent of God that You sent come to us again, and let him instruct us how to act with the child that is to be born.” ",Ninguno
Judges,13,9,וישמע האלהים בקול מנוח ויבא מלאך האלהים עוד אלהאשה והיא יושבת בשדה ומנוח אישה אין עמה,"God heeded Manoah’s plea, and the angel of God came to the woman again. She was sitting in the field and her husband Manoah was not with her. ",Ninguno
Judges,13,10,ותמהר האשה ותרץ ותגד לאישה ותאמר אליו הנה נראה אלי האיש אשרבא ביום אלי,"The woman ran in haste to tell her husband. She said to him, “The man who came to me beforecbefore Lit. “in the day.” has just appeared todappeared to Or “contacted.” me.” ",Ninguno
Judges,13,11,ויקם וילך מנוח אחרי אשתו ויבא אלהאיש ויאמר לו האתה האיש אשרדברת אלהאשה ויאמר אני,"Manoah promptly followed his wife. He came to that figure and asked him: “Are you the one who spoke to my wife?” “Yes,” he answered. ",Ninguno
Judges,13,12,ויאמר מנוח עתה יבא דבריך מהיהיה משפטהנער ומעשהו,"Then Manoah said, “May your words soon come true! What rules shall be observed for the boy?” ",Ninguno
Judges,13,13,ויאמר מלאך יהוה אלמנוח מכל אשראמרתי אלהאשה תשמר,"The angel of GOD said to Manoah, “The woman must abstain from all the things against which I warned her. ",Ninguno
Judges,13,14,"מכל אשריצא מגפן היין לא תאכל ויין ושכר אלתשת וכלטמאה אלתאכל כל אשרצויתיה תשמר&nbsp;<span class=""mam-spi-samekh"">{ס}</span>&nbsp;&nbsp;&nbsp;&nbsp;&nbsp;&nbsp;&nbsp;&nbsp;","She must not eat anything that comes from the grapevine, or drink wine or other intoxicant, or eat anything impure. She must observe all that I commanded her.”",Ninguno
Judges,13,15,ויאמר מנוח אלמלאך יהוה נעצרהנא אותך ונעשה לפניך גדי עזים,"Manoah said to the angel of GOD, “Let us detain you and prepare a kid for you.” ",Ninguno
Judges,13,16,ויאמר מלאך יהוה אלמנוח אםתעצרני לאאכל בלחמך ואםתעשה עלה ליהוה תעלנה כי לאידע מנוח כימלאך יהוה הוא,"But the angel of GOD said to Manoah, “If you detain me, I shall not eat your food; and if you present a burnt offering, offer it to GOD.”—For Manoah did not know that he was an angel of GOD. ",Percepción (Yada)
Judges,13,17,"ויאמר מנוח אלמלאך יהוה מי שמך כייבא <span class=""mam-kq""><span class=""mam-kq-k"">(דבריך)</span> <span class=""mam-kq-q"">[דברך]</span></span> וכבדנוך","So Manoah said to the angel of GOD, “What is your name? We should like to honor you when your words come true.” ",Ninguno
Judges,13,18,"ויאמר לו מלאך יהוה למה זה תשאל לשמי והואפלאי&nbsp;<span class=""mam-spi-pe"">{פ}</span><br>","The angel said to him, “You must not ask for my name; it is unknowable!”",Ninguno
Judges,13,19,ויקח מנוח אתגדי העזים ואתהמנחה ויעל עלהצור ליהוה ומפלא לעשות ומנוח ואשתו ראים,Manoah took the kid and the grain offering and offered them up on the rock to GOD; and a marvelous thing happenedeand a marvelous thing happened Meaning of Heb. uncertain. while Manoah and his wife looked on. ,Ninguno
Judges,13,20,ויהי בעלות הלהב מעל המזבח השמימה ויעל מלאךיהוה בלהב המזבח ומנוח ואשתו ראים ויפלו עלפניהם ארצה,"As the flames leaped up from the altar toward the sky, the angel of GOD ascended in the flames of the altar, while Manoah and his wife looked on; and they flung themselves on their faces to the ground.— ",Ninguno
Judges,13,21,ולאיסף עוד מלאך יהוה להראה אלמנוח ואלאשתו אז ידע מנוח כימלאך יהוה הוא,The angel of GOD never appeared again tofnever appeared again to Or “never again made contact with.” Manoah and his wife.—Manoah then realized that it had been an angel of GOD. ,Percepción (Yada)
Judges,13,22,ויאמר מנוח אלאשתו מות נמות כי אלהים ראינו,"And Manoah said to his wife, “We will surely die, for we have seen a divine being.” ",Ninguno
Judges,13,23,ותאמר לו אשתו לו חפץ יהוה להמיתנו לאלקח מידנו עלה ומנחה ולא הראנו אתכלאלה וכעת לא השמיענו כזאת,"But his wife said to him, “Had GOD meant to take our lives, our burnt offering and grain offering would not have been accepted, nor would we have been shown all these things—and [God] would not have made such an announcement to us.”",Ninguno
Judges,13,24,ותלד האשה בן ותקרא אתשמו שמשון ויגדל הנער ויברכהו יהוה,"The woman bore a son, and she named him Samson. The boy grew up, and GOD blessed him. ",Ninguno
Judges,13,25,"ותחל רוח יהוה לפעמו במחנהדן בין צרעה ובין אשתאל&nbsp;<span class=""mam-spi-pe"">{פ}</span><br>","The spirit of GOD first moved him in the encampment of Dan, between Zorah and Eshtaol.",Separación (Beyn)
Judges,14,1,וירד שמשון תמנתה וירא אשה בתמנתה מבנות פלשתים,"Once Samson went down to Timnah; and while in Timnah, he noticed a certain young Philistine woman. ",Ninguno
Judges,14,2,ויעל ויגד לאביו ולאמו ויאמר אשה ראיתי בתמנתה מבנות פלשתים ועתה קחואותה לי לאשה,"On his return, he told his father and mother, “I noticed one of the Philistine women in Timnah; please get her for me as a wife.” ",Ninguno
Judges,14,3,ויאמר לו אביו ואמו האין בבנות אחיך ובכלעמי אשה כיאתה הולך לקחת אשה מפלשתים הערלים ויאמר שמשון אלאביו אותה קחלי כיהיא ישרה בעיני,"His father and mother said to him, “Is there no one among the daughters of your own kindred and among all ouraour Heb. “my.” people, that you must go and take a wife from the uncircumcised Philistines?” But Samson answered his father, “Get me that one, for she is the one that pleases me.” ",Ninguno
Judges,14,4,ואביו ואמו לא ידעו כי מיהוה היא כיתאנה הואמבקש מפלשתים ובעת ההיא פלשתים משלים בישראל,"His father and mother did not realize that his requestbhis request Heb. “it.” was from GOD, who was seeking a pretext against the Philistines, for the Philistines were ruling over Israel at that time. ",Percepción (Yada)
Judges,14,5,וירד שמשון ואביו ואמו תמנתה ויבאו עדכרמי תמנתה והנה כפיר אריות שאג לקראתו,"So Samson and his father and mother went down to Timnah.When heche Heb. “they.” came to the vineyards of Timnah [for the first time], a full-grown lion came roaring at him. ",Ninguno
Judges,14,6,ותצלח עליו רוח יהוה וישסעהו כשסע הגדי ומאומה אין בידו ולא הגיד לאביו ולאמו את אשר עשה,"The spirit of GOD gripped him, and he tore him asunder with his bare hands as one might tear a kid asunder; but he did not tell his father and mother what he had done. ",Ninguno
Judges,14,7,וירד וידבר לאשה ותישר בעיני שמשון,"Then he went down and spoke to the woman, and she pleased Samson.",Ninguno
Judges,14,8,וישב מימים לקחתה ויסר לראות את מפלת האריה והנה עדת דבורים בגוית האריה ודבש,"Returning the following year to marry her, he turned aside to look at the remains of the lion; and in the lion’s skeleton he found a swarm of bees, and honey. ",Ninguno
Judges,14,9,וירדהו אלכפיו וילך הלוך ואכל וילך אלאביו ואלאמו ויתן להם ויאכלו ולאהגיד להם כי מגוית האריה רדה הדבש,"He scooped it into his palms and ate it as he went along. When he rejoined his father and mother, he gave them some and they ate it; but he did not tell them that he had scooped the honey out of a lion’s skeleton.",Ninguno
Judges,14,10,וירד אביהו אלהאשה ויעש שם שמשון משתה כי כן יעשו הבחורים,"So his father came down to the woman, and Samson made a feast there, as young men used to do. ",Ninguno
Judges,14,11,ויהי כראותם אותו ויקחו שלשים מרעים ויהיו אתו,"When the people of Timnahdthe people of Timnah Heb. “they.” saw him, they designated thirty companions to be with him. ",Ninguno
Judges,14,12,ויאמר להם שמשון אחודהנא לכם חידה אםהגד תגידו אותה לי שבעת ימי המשתה ומצאתם ונתתי לכם שלשים סדינים ושלשים חלפת בגדים,"Then Samson said to them, “Let me propound a riddle to you. If you can give me the right answer during the seven days of the feast, I shall give you thirty linen tunics and thirty sets of clothing; ",Ninguno
Judges,14,13,ואםלא תוכלו להגיד לי ונתתם אתם לי שלשים סדינים ושלשים חליפות בגדים ויאמרו לו חודה חידתך ונשמענה,"but if you are not able to tell it to me, you must give me thirty linen tunics and thirty sets of clothing.” And they said to him, “Ask your riddle and we will listen.” ",Ninguno
Judges,14,14,ויאמר להם מהאכל יצא מאכל ומעז יצא מתוק ולא יכלו להגיד החידה שלשת ימים,"So he said to them:“Out of the eater came something to eat,Out of the strong came something sweet.”For three days they could not answer the riddle.",Ninguno
Judges,14,15,ויהי&thinsp;<b></b> ביום השביעי ויאמרו לאשתשמשון פתי אתאישך ויגדלנו אתהחידה פןנשרף אותך ואתבית אביך באש הלירשנו קראתם לנו הלא,"On the seventheseventh Septuagint and Syriac read “fourth.” day, they said to Samson’s wife, “Coax your husband to provide us with the answer to the riddle; else we shall put you and your father’s household to the fire; have you invited us herefhere Reading halom, with some Heb. mss. and Targum. in order to impoverish us?” ",Ninguno
Judges,14,16,ותבך אשת שמשון עליו ותאמר רקשנאתני ולא אהבתני החידה חדת לבני עמי ולי לא הגדתה ויאמר לה הנה לאבי ולאמי לא הגדתי ולך אגיד,"Then Samson’s wife harassed him with tears, and she said, “You really hate me, you don’t love me. You asked my people a riddle, and you didn’t tell me the answer.” He replied, “I haven’t even told my father and mother; shall I tell you?” ",Ninguno
Judges,14,17,ותבך עליו שבעת הימים אשרהיה להם המשתה ויהי&thinsp;<b></b> ביום השביעי ויגדלה כי הציקתהו ותגד החידה לבני עמה,"During the rest of the seven days of the feast she continued to harass him with her tears, and on the seventh day he told her, because she nagged him so. And she explained the riddle to her people. ",Ninguno
Judges,14,18,ויאמרו לו אנשי העיר ביום השביעי בטרם יבא החרסה מהמתוק מדבש ומה עז מארי ויאמר להם לולא חרשתם בעגלתי לא מצאתם חידתי,"On the seventh day, before the sunset, the townspeople said to him:“What is sweeter than honey,And what is stronger than a lion?”He responded:“Had you not plowed with my heifer,You would not have guessed my riddle!”",Ninguno
Judges,14,19,ותצלח עליו רוח יהוה וירד אשקלון ויך מהם&thinsp;<b></b> שלשים איש ויקח אתחליצותם ויתן החליפות למגידי החידה ויחר אפו ויעל בית אביהו,The spirit of GOD gripped him. He went down to Ashkelon and killed thirty of its men. He stripped them and gave the sets of clothing to those who had answered the riddle. And he left in a rage for his father’s house.,Ninguno
Judges,14,20,"ותהי אשת שמשון למרעהו אשר רעה לו&nbsp;<span class=""mam-spi-pe"">{פ}</span><br>",Samson’s wife then got married to one of those who had been his wedding companions.,Ninguno
Judges,15,1,ויהי מימים בימי קצירחטים ויפקד שמשון אתאשתו בגדי עזים ויאמר אבאה אלאשתי החדרה ולאנתנו אביה לבוא,"Some time later, in the season of the wheat harvest, Samson came to visit his wife, bringing a kid as a gift. He said, “Let me go into the chamber to my wife.” But her father would not let him go in. ",Ninguno
Judges,15,2,ויאמר אביה אמר אמרתי כישנא שנאתה ואתננה למרעך הלא אחותה הקטנה טובה ממנה תהינא לך תחתיה,"“I was sure,” said her father, “that you had taken a dislike to her, so I gave her to your wedding companion. But her younger sister is more beautiful than she; let her become your wife instead.” ",Ninguno
Judges,15,3,ויאמר להם שמשון נקיתי הפעם מפלשתים כיעשה אני עמם רעה,"Thereupon Samson declared, “Now the Philistines can have no claim against me for the harm I shall do them.”",Ninguno
Judges,15,4,וילך שמשון וילכד שלשמאות שועלים ויקח לפדים ויפן זנב אלזנב וישם לפיד אחד ביןשני הזנבות בתוך,"Samson went and caught three hundred foxes. He took torches and, turning [the foxes] tail to tail, he placed a torch between each pair of tails. ",Separación (Beyn)
Judges,15,5,ויבעראש בלפידים וישלח בקמות פלשתים ויבער מגדיש ועדקמה ועדכרם זית,"He lit the torches and turned [the foxes] loose among the standing grain of the Philistines, setting fire to stacked grain, standing grain, vineyards, [and]a[and] So Targum. olive trees.",Ninguno
Judges,15,6,ויאמרו פלשתים מי עשה זאת ויאמרו שמשון חתן התמני כי לקח אתאשתו ויתנה למרעהו ויעלו פלשתים וישרפו אותה ואתאביה באש,"The Philistines asked, “Who did this?” And they were told, “It was Samson, the son-in-law of the Timnite, who took Samson’sbSamson’s Heb. “his.” wife and gave her to his wedding companion.” Thereupon the Philistines came up and put her and her fathercher father Many mss. read “her father’s household”; cf. 14.15. to the fire. ",Ninguno
Judges,15,7,ויאמר להם שמשון אםתעשון כזאת כי אםנקמתי בכם ואחר אחדל,"Samson said to them, “If that is how you act, I will not rest until I have taken revenge on you.” ",Ninguno
Judges,15,8,"ויך אותם שוק עלירך מכה גדולה וירד וישב בסעיף סלע עיטם&nbsp;<span class=""mam-spi-pe"">{פ}</span><br>","He gave them a sound and thorough thrashing.dHe gave them a sound and thorough thrashing Lit. “He smote them leg as well as thigh, a great smiting.” Then he went down and stayed in the cave of the rock of Etam.",Ninguno
Judges,15,9,ויעלו פלשתים ויחנו ביהודה וינטשו בלחי,"The Philistines came up, pitched camp in Judah and spread out over Lehi. ",Ninguno
Judges,15,10,ויאמרו איש יהודה למה עליתם עלינו ויאמרו לאסור אתשמשון עלינו לעשות לו כאשר עשה לנו,"Those on Judah’s side asked, “Why have you come up against us?” They answered, “We have come to take Samson prisoner, and to do to him as he did to us.” ",Ninguno
Judges,15,11,וירדו שלשת אלפים איש מיהודה אלסעיף סלע עיטם ויאמרו לשמשון הלא ידעת כימשלים בנו פלשתים ומהזאת עשית לנו ויאמר להם כאשר עשו לי כן עשיתי להם,"Thereupon three thousand Judahites went down to the cave of the rock of Etam, and they said to Samson, “You knew that the Philistines rule over us; why have you done this to us?” He replied, “As they did to me, so I did to them.” ",Percepción (Yada)
Judges,15,12,ויאמרו לו לאסרך ירדנו לתתך בידפלשתים ויאמר להם שמשון השבעו לי פןתפגעון בי אתם,"“We have come down,” they told him, “to take you prisoner and to hand you over to the Philistines.” “But swear to me,” said Samson to them, “that you yourselves will not attack me.” ",Ninguno
Judges,15,13,ויאמרו לו לאמר לא כיאסר נאסרך ונתנוך בידם והמת לא נמיתך ויאסרהו בשנים עבתים חדשים ויעלוהו מןהסלע,"“We won’t,” they replied. “We will only take you prisoner and hand you over to them; we will not slay you.” So they bound him with two new ropes and brought him up from the rock.",Ninguno
Judges,15,14,הואבא עדלחי ופלשתים הריעו לקראתו ותצלח עליו רוח יהוה ותהיינה העבתים אשר עלזרועותיו כפשתים אשר בערו באש וימסו אסוריו מעל ידיו,"When he reached Lehi, the Philistines came shouting to meet him. Thereupon the spirit of GOD gripped him, and the ropes on his arms became like flax that catches fire; the bonds melted off his hands. ",Ninguno
Judges,15,15,וימצא לחיחמור טריה וישלח ידו ויקחה ויךבה אלף איש,He came upon a fresh jawbone of a donkey and he picked it up; and with it he killed a thousand men.,Ninguno
Judges,15,16,ויאמר שמשון בלחי החמור חמור חמרתים בלחי החמור הכיתי אלף איש,"Then Samson said:“With the jaw of an ass,Mass upon mass!With the jaw of an assI have slain a thousand men.”",Ninguno
Judges,15,17,ויהי ככלתו לדבר וישלך הלחי מידו ויקרא למקום ההוא רמת לחי,"As he finished speaking, he threw the jawbone away; hence that place was called Ramath-lehi.eRamath-lehi I.e., “Jawbone Heights.” ",Ninguno
Judges,15,18,ויצמא מאד ויקרא אליהוה ויאמר אתה נתת בידעבדך אתהתשועה הגדלה הזאת ועתה אמות בצמא ונפלתי ביד הערלים,"He was very thirsty and he called to GOD, “You Yourself have granted this great victory through Your servant; and must I now die of thirst and fall into the hands of the uncircumcised?” ",Percepción (Yada)
Judges,15,19,ויבקע אלהים אתהמכתש אשרבלחי ויצאו ממנו מים וישת ותשב רוחו ויחי עלכן&thinsp;<b></b> קרא שמה עין הקורא אשר בלחי עד היום הזה,"So God split open the hollow that is at Lehi, and the water gushed out of it; he drank, regained his strength, and revived. That is why it is called to this day “En-hakkorefEn-hakkore Understood as “The Spring of the Caller.” of Lehi.”",Ninguno
Judges,15,20,"וישפט אתישראל בימי פלשתים עשרים שנה&nbsp;<span class=""mam-spi-pe"">{פ}</span><br>",He led Israel in the days of the Philistines for twenty years.,Ninguno
Judges,16,1,וילך שמשון עזתה ויראשם אשה זונה ויבא אליה,Once Samson went to Gaza; there he met a prostitute and slept with her.,Ninguno
Judges,16,2,לעזתים&thinsp;<b></b> לאמר בא שמשון הנה ויסבו ויארבולו כלהלילה בשער העיר ויתחרשו כלהלילה לאמר עדאור הבקר והרגנהו,"aMeaning of parts of verse uncertain. The Gazites [learned]b[learned] Septuagint reads “were told.” that Samson had come there, so they gathered and lay in ambush for him in the town gate the whole night; and all night long they kept whispering to each other, “When daylight comes, we’ll kill him.” ",Ninguno
Judges,16,3,"וישכב שמשון עדחצי הלילה ויקם&thinsp;<b></b> בחצי הלילה ויאחז בדלתות שערהעיר ובשתי המזזות ויסעם עםהבריח וישם עלכתפיו ויעלם אלראש ההר אשר עלפני חברון&nbsp;<span class=""mam-spi-pe"">{פ}</span><br>","But Samson lay in bed only till midnight. At midnight he got up, grasped the doors of the town gate together with the two gateposts, and pulled them out along with the bar. He placed them on his shoulders and carried them off to the top of the hill that is near Hebron.",Ninguno
Judges,16,4,ויהי אחריכן ויאהב אשה בנחל שרק ושמה דלילה,"After that, he fell in love with a woman in the Wadi Sorek, named Delilah. ",Ninguno
Judges,16,5,ויעלו אליה סרני פלשתים ויאמרו לה פתי אותו וראי במה כחו גדול ובמה נוכל לו ואסרנוהו לענותו ואנחנו נתןלך איש אלף ומאה כסף,"The lords of the Philistines went up to her and said, “Coax him and find out what makes him so strong, and how we can overpower him, tie him up, and make him helpless; and we’ll each give you eleven hundred shekels of silver.”",Ninguno
Judges,16,6,ותאמר דלילה אלשמשון הגידהנא לי במה כחך גדול ובמה תאסר לענותך,"So Delilah said to Samson, “Tell me, what makes you so strong? And how could you be tied up and made helpless?” ",Ninguno
Judges,16,7,ויאמר אליה שמשון אםיאסרני בשבעה יתרים לחים אשר לאחרבו וחליתי והייתי כאחד האדם,"Samson replied, “If I were to be tied with seven fresh tendons that had not been dried,cdried For use as bowstrings. I should become as weak as an ordinary man.” ",Ninguno
Judges,16,8,ויעלולה סרני פלשתים שבעה יתרים לחים אשר לאחרבו ותאסרהו בהם,"So the lords of the Philistines brought up to her seven fresh tendons that had not been dried. She bound him with them, ",Ninguno
Judges,16,9,והארב ישב לה בחדר ותאמר אליו פלשתים עליך שמשון וינתק אתהיתרים כאשר ינתק פתילהנערת בהריחו אש ולא נודע כחו,"while an ambush was waiting in her room. Then she called out to him, “Samson, the Philistines are upon you!” Whereupon he pulled the tendons apart, as a strand of tow comes apart at the touch of fire. So the secret of his strength remained unknown.",Ninguno
Judges,16,10,ותאמר דלילה אלשמשון הנה התלת בי ותדבר אלי כזבים עתה הגידהנא לי במה תאסר,"Then Delilah said to Samson, “Oh, you deceived me; you lied to me! Do tell me now how you could be tied up.” ",Ninguno
Judges,16,11,ויאמר אליה אםאסור יאסרוני בעבתים חדשים אשר לאנעשה בהם מלאכה וחליתי והייתי כאחד האדם,"He said, “If I were to be bound with new ropes that had never been used, I would become as weak as an ordinary man.” ",Ninguno
Judges,16,12,ותקח דלילה עבתים חדשים ותאסרהו בהם ותאמר אליו פלשתים עליך שמשון והארב ישב בחדר וינתקם מעל זרעתיו כחוט,"So Delilah took new ropes and bound him with them, while an ambush was waiting in a room. And she cried, “Samson, the Philistines are upon you!” But he tore them off his arms like a thread. ",Ninguno
Judges,16,13,ותאמר דלילה אלשמשון עדהנה התלת בי ותדבר אלי כזבים הגידה לי במה תאסר ויאמר אליה אםתארגי אתשבע מחלפות ראשי עםהמסכת,"Then Delilah said to Samson, “You have been deceiving me all along; you have been lying to me! Tell me, how could you be tied up?” He answered her, “If you weave seven locks of my head into the web.”dSeptuagint adds “and pin it with a peg to the wall, I shall become as weak as an ordinary man. So Delilah put him to sleep and wove the seven locks of his head into the web.” ",Ninguno
Judges,16,14,ותתקע ביתד ותאמר אליו פלשתים עליך שמשון וייקץ משנתו ויסע אתהיתד הארג ואתהמסכת,"And she pinned it with a pegewith a peg Septuagint adds “to the wall.” and cried to him, “Samson, the Philistines are upon you!” Awaking from his sleep, he pulled out the peg, the loom,floom Meaning of Heb. uncertain. and the web.",Ninguno
Judges,16,15,ותאמר אליו איך תאמר אהבתיך ולבך אין אתי זה שלש פעמים התלת בי ולאהגדת לי במה כחך גדול,"Then she said to him, “How can you say you love me, when you don’t confide in me? This makes three times that you’ve deceived me and haven’t told me what makes you so strong.” ",Ninguno
Judges,16,16,ויהי כיהציקה לו בדבריה כלהימים ותאלצהו ותקצר נפשו למות,"Finally, after she had nagged him and pressed him constantly, he was wearied to death ",Ninguno
Judges,16,17,ויגדלה אתכללבו ויאמר לה מורה לאעלה עלראשי כינזיר אלהים אני מבטן אמי אםגלחתי וסר ממני כחי וחליתי והייתי ככלהאדם,"and he confided everything to her. He said to her, “No razor has ever touched my head, for I have been a nazirite to God since I was in my mother’s womb. If my hair were cut, my strength would leave me and I should become as weak as an ordinary man.”",Ninguno
Judges,16,18,"ותרא דלילה כיהגיד לה אתכללבו ותשלח ותקרא לסרני פלשתים לאמר עלו הפעם כיהגיד <span class=""mam-kq""><span class=""mam-kq-k"">(לה)</span> <span class=""mam-kq-q"">[לי]</span></span> אתכללבו ועלו אליה סרני פלשתים ויעלו הכסף בידם","Sensing that he had confided everything to her, Delilah sent for the lords of the Philistines, with this message: “Come up once more, for he has confided everything to me.” And the lords of the Philistines came up and brought the money with them. ",Ninguno
Judges,16,19,ותישנהו עלברכיה ותקרא לאיש ותגלח אתשבע מחלפות ראשו ותחל לענותו ויסר כחו מעליו,"She lulled him to sleep on her lap. Then she called in someone else, and she had him cut off the seven locks of his head; thus she weakened himgweakened him Taking wattaḥel as equivalent to wattaḥal; cf. vv. 7, 11, and 17. and made him helpless: his strength slipped away from him. ",Ninguno
Judges,16,20,ותאמר פלשתים עליך שמשון ויקץ משנתו ויאמר אצא כפעם בפעם ואנער והוא לא ידע כי יהוה סר מעליו,"She cried, “Samson, the Philistines are upon you!” And he awoke from his sleep, thinking he would break loosehloose Meaning of Heb. uncertain. and shake himself free as he had the other times. For he did not know that GOD had departed from him. ",Percepción (Yada)
Judges,16,21,"ויאחזוהו פלשתים וינקרו אתעיניו ויורידו אותו עזתה ויאסרוהו בנחשתים ויהי טוחן בבית <span class=""mam-kq""><span class=""mam-kq-k"">(האסירים)</span> <span class=""mam-kq-q"">[האסורים]</span></span>","The Philistines seized him and gouged out his eyes. They brought him down to Gaza and shackled him in bronze fetters, and he became a mill slave in the prison. ",Ninguno
Judges,16,22,"ויחל שערראשו לצמח כאשר גלח&nbsp;<span class=""mam-spi-pe"">{פ}</span><br>","After his hair was cut off, it began to grow back.",Ninguno
Judges,16,23,וסרני פלשתים נאספו לזבח זבחגדול לדגון אלהיהם ולשמחה ויאמרו נתן אלהינו בידנו את שמשון אויבנו,"Now the lords of the Philistines gathered to offer a great sacrifice to their god Dagon and to make merry. They chanted,“Our god has delivered into our handsOur enemy Samson.”",Ninguno
Judges,16,24,ויראו אתו העם ויהללו אתאלהיהם כי אמרו נתן אלהינו בידנו אתאויבנו ואת מחריב ארצנו ואשר הרבה אתחללינו,"iThis verse would read well after v. 25. When the people saw him, they sang praises to their god, chanting,“Our god has delivered into our handsThe enemy who devastated our land,And who slew so many of us.”",Ninguno
Judges,16,25,"ויהי <span class=""mam-kq""><span class=""mam-kq-k"">(כי טוב)</span> <span class=""mam-kq-q"">[כטוב]</span></span> לבם ויאמרו קראו לשמשון וישחקלנו ויקראו לשמשון מבית <span class=""mam-kq""><span class=""mam-kq-k"">(האסירים)</span> <span class=""mam-kq-q"">[האסורים]</span></span> ויצחק לפניהם ויעמידו אותו בין העמודים","As their spirits rose, they said, “Call Samson here and let him dance for us.” Samson was fetched from the prison, and he danced for them. Then they put him between the pillars. ",Separación (Beyn)
Judges,16,26,"ויאמר שמשון אלהנער המחזיק בידו הניחה אותי <span class=""mam-kq""><span class=""mam-kq-k"">(והימשני)</span> <span class=""mam-kq-q"">[והמישני]</span></span> אתהעמדים אשר הבית נכון עליהם ואשען עליהם","And Samson said to the boy who was leading him by the hand, “Let go of me and let me feel the pillars that the temple rests upon, that I may lean on them.” ",Ninguno
Judges,16,27,והבית מלא האנשים והנשים ושמה כל סרני פלשתים ועלהגג כשלשת אלפים איש ואשה הראים בשחוק שמשון,"Now the temple was full of men and women; all the lords of the Philistines were there, and there were some three thousand men and women on the roof watching Samson dance. ",Ninguno
Judges,16,28,ויקרא שמשון אליהוה ויאמר אדני יהוה זכרני נא וחזקני נא אך הפעם הזה האלהים ואנקמה נקםאחת משתי עיני מפלשתים,"Then Samson called to GOD, “O Sovereign GOD! Please remember me, and give me strength just this once, O God, to take revenge of the Philistines, if only for one of my two eyes.” ",Ninguno
Judges,16,29,וילפת שמשון אתשני&thinsp;<b></b> עמודי התוך אשר הבית נכון עליהם ויסמך עליהם אחד בימינו ואחד בשמאלו,"He embraced the two middle pillars that the temple rested upon, one with his right arm and one with his left, and leaned against them; ",Caos/Izquierda (Smol)
Judges,16,30,ויאמר שמשון תמות נפשי עםפלשתים ויט בכח ויפל הבית עלהסרנים ועלכלהעם אשרבו ויהיו המתים אשר המית במותו רבים מאשר המית בחייו,"Samson cried, “Let me die with the Philistines!” and he pulled with all his might. The temple came crashing down on the lords and on all the people in it. Those who were slain by him as he died outnumbered those who had been slain by him when he lived.",Ninguno
Judges,16,31,"וירדו אחיו וכלבית אביהו וישאו אתו ויעלו&thinsp;<b></b> ויקברו אותו בין צרעה ובין אשתאל בקבר מנוח אביו והוא שפט אתישראל עשרים שנה&nbsp;<span class=""mam-spi-pe"">{פ}</span><br>","His brothers and all his father’s household came down and carried him up and buried him in the tomb of his father Manoah, between Zorah and Eshtaol. He had led Israel for twenty years.",Separación (Beyn)
Judges,17,1,ויהיאיש מהראפרים ושמו מיכיהו,There was a man in the hill country of Ephraim whose name was Micah.aMicah “Micaihu” here and in v. 4. ,Ninguno
Judges,17,2,"ויאמר לאמו אלף ומאה הכסף אשר לקחלך <span class=""mam-kq""><span class=""mam-kq-k"">(ואתי)</span> <span class=""mam-kq-q"">[ואת]</span></span> אלית וגם אמרת באזני הנההכסף אתי אני לקחתיו ותאמר אמו ברוך בני ליהוה","He said to his mother, “The eleven hundred shekels of silver that were taken from you, so that you uttered an imprecationbimprecation Cursing anyone who knew the whereabouts of the silver and did not disclose it; cf. Lev. 5.1; 1 Kings 8.31. that you repeated in my hearing—I have that silver; I took it.” “Blessed of GOD be my son,” said his mother.c“Blessed … be my son,” said his mother In order to nullify the imprecation. ",Ninguno
Judges,17,3,וישב אתאלףומאה הכסף לאמו ותאמר אמו הקדש הקדשתי אתהכסף ליהוה מידי לבני לעשות פסל ומסכה ועתה אשיבנו לך,"He returned the eleven hundred shekels of silver to his mother; but his mother said, “I herewith consecrate the silver to GOD, transferring it to my son to make a sculptured image and a molten image. I now return it to you.” ",Ninguno
Judges,17,4,וישב אתהכסף לאמו ותקח אמו מאתים כסף ותתנהו לצורף ויעשהו פסל ומסכה ויהי בבית מיכיהו,"So when he gave the silver back to his mother, his mother took two hundred shekels of silver and gave it to a smith. He made of it a sculptured image and a molten image, which were kept in the house of Micah.",Ninguno
Judges,17,5,והאיש מיכה לו בית אלהים ויעש אפוד ותרפים וימלא אתיד אחד מבניו ויהילו לכהן,"Now this man Micah had a house of God; he had made an ephod and oracle idolsdoracle idols Figurines, apparently with a human form, used as a medium in divination. and he had inducted one of his sons to be his priest. ",Ninguno
Judges,17,6,"בימים ההם אין מלך בישראל איש הישר בעיניו יעשה&nbsp;<span class=""mam-spi-pe"">{פ}</span><br>","In those days there was no king in Israel; everyoneeeveryone I.e., every householder. did as they pleased.",Ninguno
Judges,17,7,ויהינער מבית לחם יהודה ממשפחת יהודה והוא לוי והוא גרשם,"There was a young man from Bethlehem of Judah, from the clan seat of Judah; he was a Levite and had resided there as a sojourner. ",Ninguno
Judges,17,8,וילך האיש מהעיר מבית לחם יהודה לגור באשר ימצא ויבא הראפרים עדבית מיכה לעשות דרכו,"This man had left the town of Bethlehem of Judah to take up residence wherever he could find a place. On his way, he came to the house of Micah in the hill country of Ephraim. ",Ninguno
Judges,17,9,ויאמרלו מיכה מאין תבוא ויאמר אליו לוי אנכי מבית לחם יהודה ואנכי הלך לגור באשר אמצא,"“Where do you come from?” Micah asked him. He replied, “I am a Levite from Bethlehem of Judah, and I am traveling to take up residence wherever I can find a place.” ",Ninguno
Judges,17,10,ויאמר לו מיכה שבה עמדי והיהלי לאב ולכהן ואנכי אתןלך עשרת כסף לימים וערך בגדים ומחיתך וילך הלוי,"“Stay with me,” Micah said to him, “and be a father and a priest to me, and I will pay you ten shekels of silver a year, an allowance of clothing, and your food.” The Levite went.fThe Levite went Force of Heb. uncertain. ",Ninguno
Judges,17,11,ויואל הלוי לשבת אתהאיש ויהי הנער לו כאחד מבניו,"The Levite agreed to stay with the man, and the youth became like one of his own sons. ",Ninguno
Judges,17,12,וימלא מיכה אתיד הלוי ויהילו הנער לכהן ויהי בבית מיכה,"Micah inducted the Levite, and the young man became his priest and remained in Micah’s shrine. ",Ninguno
Judges,17,13,"ויאמר מיכה עתה ידעתי כיייטיב יהוה לי כי היהלי הלוי לכהן&nbsp;<span class=""mam-spi-pe"">{פ}</span><br>","“Now I know,” Micah told himself, “that GOD will make me prosper, since the Levite has become my priest.”",Percepción (Yada)
Judges,18,1,"בימים ההם אין מלך בישראל ובימים ההם שבט הדני מבקשלו נחלה לשבת כי לאנפלה לו עדהיום ההוא בתוךשבטי ישראל בנחלה&nbsp;<span class=""mam-spi-pe"">{פ}</span><br>","In those days there was no king in Israel, and in those days the tribe of Dan was seeking a territory in which to settle; for to that day no territory had fallen to their lot among the tribes of Israel. ",Ninguno
Judges,18,2,וישלחו בנידן&thinsp;<small></small>&thinsp;ממשפחתם חמשה אנשים מקצותם אנשים בניחיל מצרעה ומאשתאל לרגל אתהארץ ולחקרה ויאמרו אלהם לכו חקרו אתהארץ ויבאו הראפרים עדבית מיכה וילינו שם,"The Danites sent out five of their number, from their clan seat at Zorah and Eshtaol—valiant men—to spy out the land and explore it. “Go,” they told them, “and explore the land.” When they had advanced into the hill country of Ephraim as far as the house of Micah, they stopped there for the night. ",Ninguno
Judges,18,3,המה עםבית מיכה והמה הכירו אתקול הנער הלוי ויסורו שם ויאמרו לו מיהביאך הלם ומהאתה עשה בזה ומהלך פה,"While in the vicinity of Micah’s house, they recognized the speechaspeech Lit. “voice.” The Danites could tell by his dialect that he came from Judah and was therefore a former neighbor of theirs; cf. vv. 11–12. of the young Levite, so they went over and asked him, “Who brought you to these parts? What are you doing in this place? What is your business here?” ",Ninguno
Judges,18,4,ויאמר אלהם כזה וכזה עשה לי מיכה וישכרני ואהילו לכהן,"He replied, “Thus and thus Micah did for me—he hired me and I became his priest.” ",Ninguno
Judges,18,5,ויאמרו לו שאלנא באלהים ונדעה התצלח דרכנו אשר אנחנו הלכים עליה,"They said to him, “Please, inquire of God; we would like to know if the mission on which we are going will be successful.” ",Ninguno
Judges,18,6,"ויאמר להם הכהן לכו לשלום נכח יהוה דרככם אשר תלכובה&nbsp;<span class=""mam-spi-pe"">{פ}</span><br>","“Go in peace,” the priest said to them, “GOD views with favor the mission you are going on.” ",Ninguno
Judges,18,7,וילכו חמשת האנשים ויבאו לישה ויראו אתהעם אשרבקרבה יושבתלבטח כמשפט צדנים שקט&thinsp;<b></b> ובטח ואיןמכלים דבר בארץ יורש עצר ורחוקים המה מצידנים ודבר איןלהם עםאדם,"The five men went on and came to Laish. They observed the people in it dwelling carefree, after the manner of the Sidonians, a tranquil and unsuspecting people, with no one in the land to molest them and with no hereditary ruler.bwith no hereditary ruler Meaning of Heb. uncertain. Moreover, they were distant from the Sidonians and had no dealings with anybody.",Ninguno
Judges,18,8,ויבאו אלאחיהם צרעה ואשתאל ויאמרו להם אחיהם מה אתם,"When [the spies] came back to their clans at Zorah and Eshtaol, their fellows asked them, “How did you fare?” ",Ninguno
Judges,18,9,ויאמרו קומה ונעלה עליהם כי ראינו אתהארץ והנה טובה מאד ואתם מחשים אלתעצלו ללכת לבא לרשת אתהארץ,"They replied, “Let us go at once and attack them! For we found that the land was very good, and you are sitting idle! Don’t delay; go and invade the land and take possession of it, ",Ninguno
Judges,18,10,כבאכם תבאו&thinsp;<b></b> אלעם בטח והארץ רחבת ידים כינתנה אלהים בידכם מקום אשר איןשם מחסור כלדבר אשר בארץ,"for God has delivered it into your hand. When you come, you will come to an unsuspecting people; and the land is spacious and nothing on earth is lacking there.”",Ninguno
Judges,18,11,ויסעו משם ממשפחת הדני מצרעה ומאשתאל ששמאות איש חגור כלי מלחמה,"They departed from there, from the clan seat of the Danites, from Zorah and Eshtaol, six hundred strong, girt with weapons of war. ",Ninguno
Judges,18,12,ויעלו ויחנו בקרית יערים ביהודה עלכן קראו למקום ההוא מחנהדן עד היום הזה הנה אחרי קרית יערים,They went up and encamped at Kiriath-jearim in Judah. That is why that place is called “the Camp of Dan” to this day; it lies west of Kiriath-jearim.,Ninguno
Judges,18,13,ויעברו משם הראפרים ויבאו עדבית מיכה,From there they passed on to the hill country of Ephraim and arrived at the house of Micah.,Ninguno
Judges,18,14,ויענו חמשת האנשים ההלכים לרגל אתהארץ ליש ויאמרו אלאחיהם הידעתם כי יש בבתים האלה אפוד ותרפים ופסל ומסכה ועתה דעו מהתעשו,"Here the five men who had gone to spy out the Laish region remarked to their clans, “Do you know, there is an ephod in these houses, and oracle idols,coracle idols See note at 17.5. and a sculptured image and a molten image? Now you know what you have to do.” ",Percepción (Yada)
Judges,18,15,ויסורו שמה ויבאו אלביתהנער הלוי בית מיכה וישאלולו לשלום,So they turned off there and entered the home of the young Levite at Micah’s house and greeted him.,Ninguno
Judges,18,16,וששמאות איש חגורים כלי מלחמתם נצבים פתח השער אשר מבנידן,"The six hundred Danites, girt with their weapons of war, stood at the entrance of the gate, ",Ninguno
Judges,18,17,ויעלו חמשת האנשים ההלכים לרגל אתהארץ באו שמה לקחו אתהפסל ואתהאפוד ואתהתרפים ואתהמסכה והכהן נצב פתח השער וששמאות האיש החגור כלי המלחמה,"while the five who had gone to spy out the land went inside and took the sculptured image, the ephod, the oracle idols, and the molten image. The priest was standing at the entrance of the gate, and the six hundred men girt with their weapons of war, ",Ninguno
Judges,18,18,ואלה באו בית מיכה ויקחו אתפסל האפוד ואתהתרפים ואתהמסכה ויאמר אליהם הכהן מה אתם עשים,"while the others entered Micah’s house and took the sculptured image, the molten image, the ephod, and the oracle idols.dthe sculptured image, the molten image, the ephod, and the oracle idols Lit. “the sculptured image of the ephod, and the oracle idols, and the molten image.” The priest said to them, “What are you doing?” ",Ninguno
Judges,18,19,ויאמרו לו החרש שיםידך עלפיך ולך עמנו והיהלנו לאב ולכהן הטוב&thinsp;<b></b> היותך כהן לבית איש אחד או היותך כהן לשבט ולמשפחה בישראל,"But they said to him, “Be quiet; put your hand on your mouth! Come with us and be our father and priest. Would you rather be priest to one man’s household, or be priest to a tribe and clan in Israel?” ",Ninguno
Judges,18,20,וייטב לב הכהן ויקח אתהאפוד ואתהתרפים ואתהפסל ויבא בקרב העם,"The priest was delighted. He took the ephod, the oracle idols, and the sculptured image, and he joined the people.",Ninguno
Judges,18,21,ויפנו וילכו וישימו אתהטף ואתהמקנה ואתהכבודה לפניהם,"They set out again, placing the children, the cattle, and their household goods in front. ",Ninguno
Judges,18,22,המה הרחיקו מבית מיכה והאנשים אשר בבתים אשר עםבית מיכה נזעקו וידביקו אתבנידן,"They had already gone some distance from Micah’s house, when Micah’s neighbors mustered and caught up with the Danites. ",Ninguno
Judges,18,23,ויקראו אלבנידן ויסבו פניהם ויאמרו למיכה מהלך כי נזעקת,"They called out to the Danites, who turned around and said to Micah, “What’s the matter? Why have you mustered?” ",Ninguno
Judges,18,24,ויאמר אתאלהי אשרעשיתי לקחתם ואתהכהן ותלכו ומהלי עוד ומהזה תאמרו אלי מהלך,"He said, “You have taken my priest and the gods that I made, and walked off! What do I have left? How can you ask, ‘What’s the matter’?” ",Ninguno
Judges,18,25,ויאמרו אליו בנידן אלתשמע קולך עמנו פןיפגעו בכם אנשים מרי נפש ואספתה נפשך ונפש ביתך,"But the Danites replied, “Don’t do any shouting at us, or some desperate party might attack you, and you and your family would lose your lives.” ",Ninguno
Judges,18,26,וילכו בנידן לדרכם וירא מיכה כיחזקים המה ממנו ויפן וישב אלביתו,"So Micah, realizing that they were stronger than he, turned back and went home; and the Danites went on their way, ",Ninguno
Judges,18,27,והמה לקחו את אשרעשה מיכה ואתהכהן אשר היהלו ויבאו עלליש עלעם שקט ובטח ויכו אותם לפיחרב ואתהעיר שרפו באש,"taking the things Micah had made and the priest he had acquired. They proceeded to Laish, a people tranquil and unsuspecting, and they put them to the sword and burned down the town. ",Ninguno
Judges,18,28,ואין מציל כי רחוקההיא מצידון ודבר איןלהם עםאדם והיא בעמק אשר לביתרחוב ויבנו אתהעיר וישבו בה,"There was none to come to the rescue, for it was distant from Sidon and they had no dealings with anyone; it lay in the valley of Beth-rehob.They rebuilt the town and settled there, ",Ninguno
Judges,18,29,ויקראו שםהעיר דן בשם דן אביהם אשר יולד לישראל ואולם ליש שםהעיר לראשנה,"and they named the town Dan, after their ancestor Dan who was Israel’s son. Originally, however, the name of the town was Laish. ",Ninguno
Judges,18,30,ויקימו להם בנידן אתהפסל ויהונתן בןגרשם בןמ<sup>נ</sup>שה הוא ובניו היו כהנים לשבט הדני עדיום גלות הארץ,"The Danites set up the sculptured image for themselves; and Jonathan son of Gershom son of Manasseh,eManasseh Heb. מנשה with נ suspended, indicating an earlier reading “Moses”; cf. Exod. 2.22. and his descendants, served as priests to the Danite tribe until the land went into exile. ",Ninguno
Judges,18,31,"וישימו להם אתפסל מיכה אשר עשה כלימי היות ביתהאלהים בשלה&nbsp;<span class=""mam-spi-pe"">{פ}</span><br>",They maintainedfmaintained Meaning of Heb. uncertain. the sculptured image that Micah had made throughout the time that the House of God stood at Shiloh.,Ninguno
Judges,19,1,ויהי בימים ההם ומלך אין בישראל ויהי&thinsp;<b></b> איש לוי גר בירכתי הראפרים ויקחלו אשה פילגש מבית לחם יהודה,"In those days, when there was no king in Israel, a certain Levite residing at the other end of the hill country of Ephraim took to himself a concubine from Bethlehem in Judah. ",Ninguno
Judges,19,2,ותזנה עליו פילגשו ותלך מאתו אלבית אביה אלבית לחם יהודה ותהישם ימים ארבעה חדשים,"Once his concubine desertedadeserted Lit. “played the prostitute.” him, leaving him for her father’s house in Bethlehem in Judah; and she stayed there a full four months. ",Ninguno
Judges,19,3,"ויקם אישה וילך אחריה לדבר עללבה <span class=""mam-kq""><span class=""mam-kq-k"">(להשיבו)</span> <span class=""mam-kq-q"">[להשיבה]</span></span> ונערו עמו וצמד חמרים ותביאהו בית אביה ויראהו אבי הנערה וישמח לקראתו","Then her husband set out, with an attendant and a pair of donkeys, and went after her to woo her and to win her back. She admitted him into her father’s house; and when the young woman’s father saw him, he received him warmly. ",Ninguno
Judges,19,4,ויחזקבו חתנו אבי הנערה וישב אתו שלשת ימים ויאכלו וישתו וילינו שם,"His father-in-law, the young woman’s father, pressed him, and he stayed with him three days; they ate and drank and lodged there. ",Ninguno
Judges,19,5,ויהי ביום הרביעי וישכימו בבקר ויקם ללכת ויאמר אבי הנערה אלחתנו סעד לבך פתלחם ואחר תלכו,"Early in the morning of the fourth day, he started to leave; but the young woman’s father said to his son-in-law, “Eat something to give you strength, then you can leave.” ",Ninguno
Judges,19,6,וישבו ויאכלו שניהם יחדו וישתו ויאמר אבי הנערה אלהאיש הואלנא ולין וייטב לבך,"So the two of them sat down and they feasted together. Then the young woman’s father said to the man, “Won’t you stay overnight and enjoy yourself?” ",Ninguno
Judges,19,7,ויקם האיש ללכת ויפצרבו חתנו וישב וילן שם,"The man started to leave, but his father-in-law kept urging him until he turned back and spent the night there. ",Ninguno
Judges,19,8,וישכם בבקר ביום החמישי ללכת ויאמר&thinsp;<b></b> אבי הנערה סעדנא לבבך והתמהמהו עדנטות היום ויאכלו שניהם,"Early in the morning of the fifth day, he was about to leave, when the young woman’s father said, “Come, have a bite.” The two of them ate, dawdling until past noon. ",Ninguno
Judges,19,9,ויקם האיש ללכת הוא ופילגשו ונערו ויאמר לו חתנו אבי הנערה הנה נא רפה היום לערוב לינונא הנה חנות היום לין פה וייטב לבבך והשכמתם מחר לדרככם והלכת לאהלך,"Then the man, his concubine, and his attendant started to leave. His father-in-law, the young woman’s father, said to him, “Look, the day is waning toward evening; do stop for the night. See, the day is declining; spend the night here and enjoy yourself. You can start early tomorrow on your journey and head for home.”",Ninguno
Judges,19,10,ולאאבה האיש ללון ויקם וילך ויבא עדנכח יבוס היא ירושל͏ם ועמו צמד חמורים חבושים ופילגשו עמו,"But the man refused to stay for the night. He set out and traveled as far as the vicinity of Jebus—that is, Jerusalem; he had with him a pair of laden donkeys, and his concubine was with him.bwas with him Emendation yields “and his attendant.” ",Ninguno
Judges,19,11,הם עםיבוס והיום רד מאד ויאמר הנער אלאדניו לכהנא ונסורה אלעירהיבוסי הזאת ונלין בה,"Since they were close to Jebus, and the day was very far spent, the attendant said to his master, “Let us turn aside to this town of the Jebusites and spend the night in it.” ",Ninguno
Judges,19,12,ויאמר אליו אדניו לא נסור אלעיר נכרי אשר לאמבני ישראל הנה ועברנו עדגבעה,"But his master said to him, “We will not turn aside to a town of aliens who are not of Israel, but will continue to Gibeah. ",Ninguno
Judges,19,13,ויאמר לנערו לך ונקרבה באחד המקמות ולנו בגבעה או ברמה,"Come,” he said to his attendant, “let us approach one of those places and spend the night either in Gibeah or in Ramah.” ",Ninguno
Judges,19,14,ויעברו וילכו ותבא להם השמש אצל הגבעה אשר לבנימן,"So they traveled on, and the sun set when they were near Gibeah of Benjamin.",Ninguno
Judges,19,15,ויסרו שם לבוא ללון בגבעה ויבא וישב ברחוב העיר ואין איש מאסףאותם הביתה ללון,"They turned off there and went in to spend the night in Gibeah. He went and sat down in the town square, but nobody took them indoors to spend the night. ",Ninguno
Judges,19,16,והנה&thinsp;<b></b> איש זקן בא מןמעשהו מןהשדה בערב והאיש מהר אפרים והואגר בגבעה ואנשי המקום בני ימיני,"In the evening, an old man came along from his property outside the town.coutside the town Lit. “in the field.” (This man hailed from the hill country of Ephraim and resided at Gibeah, where the locals were Benjaminites.) ",Ninguno
Judges,19,17,וישא עיניו וירא אתהאיש הארח ברחב העיר ויאמר האיש הזקן אנה תלך ומאין תבוא,"He happened to notice the wayfarer in the town square. “Where,” the old man inquired, “are you going to, and where do you come from?” ",Ninguno
Judges,19,18,ויאמר אליו עברים אנחנו מביתלחם יהודה עדירכתי הראפרים משם אנכי ואלך עדבית לחם יהודה ואתבית יהוה אני הלך ואין איש מאסף אותי הביתה,"He replied, “We are traveling from Bethlehem in Judah to the other end of the hill country of Ephraim. That is where I live. I made a journey to Bethlehem of Judah, and now I am on my way to the House of GOD,dto the House of GOD Meaning of Heb. uncertain; emendation yields “to my home”; cf. v. 29. and nobody has taken me indoors. ",Ninguno
Judges,19,19,וגםתבן גםמספוא יש לחמורינו וגם לחם ויין ישלי ולאמתך ולנער עםעבדיך אין מחסור כלדבר,"We have both bruised straw and feed for our donkeys, and bread and wine for me and your handmaid,eyour handmaid I.e., my concubine. and for the attendant with your servants.fyour servants I.e., us. We lack nothing.” ",Ninguno
Judges,19,20,ויאמר האיש הזקן שלום לך רק כלמחסורך עלי רק ברחוב אלתלן,"“Rest easy,” said the old man. “Let me take care of all your needs. Do not on any account spend the night in the square.” ",Ninguno
Judges,19,21,"ויביאהו לביתו <span class=""mam-kq""><span class=""mam-kq-k"">(ויבול)</span> <span class=""mam-kq-q"">[ויבל]</span></span> לחמורים וירחצו רגליהם ויאכלו וישתו",And he took him into his house. He mixed fodder for the donkeys; then they bathed their feet and ate and drank.,Ninguno
Judges,19,22,המה מיטיבים אתלבם והנה אנשי העיר אנשי בניבליעל נסבו אתהבית מתדפקים עלהדלת ויאמרו אלהאיש בעל הבית הזקן לאמר הוצא אתהאיש אשרבא אלביתך ונדענו,"While they were enjoying themselves, the townsmen, a depraved lot, had gathered about the house and were pounding on the door. They called to the aged owner of the house, “Bring out that man who’s come into your house, so that we can be intimate with him.”gbe intimate with him In order to humiliate him; lit. “know him.” ",Ninguno
Judges,19,23,ויצא אליהם האיש בעל הבית ויאמר אלהם אלאחי אלתרעו נא אחרי אשרבא האיש הזה אלביתי אלתעשו אתהנבלה הזאת,"The owner of the house went out and said to them, “Please, my friends, do not commit such a wrong. Since this fellow has entered my house, do not perpetrate this outrage. ",Ninguno
Judges,19,24,הנה בתי הבתולה ופילגשהו אוציאהנא אותם וענו אותם ועשו להם הטוב בעיניכם ולאיש הזה לא תעשו דבר הנבלה הזאת,"Look, here is my virgin daughter, and his concubine. Let me bring them out to you. Use them, do what you like with them; but don’t do that outrageous thing to this fellow.” ",Ninguno
Judges,19,25,"ולאאבו האנשים לשמע לו ויחזק האיש בפילגשו ויצא אליהם החוץ וידעו אותה ויתעללובה כלהלילה עדהבקר וישלחוה <span class=""mam-kq""><span class=""mam-kq-k"">(בעלות)</span> <span class=""mam-kq-q"">[כעלות]</span></span> השחר",But the others would not listen to him. So the man seized his concubine and pushed her out to them. They rapedhraped Lit. “knew”; cf. v. 22. her and abused her all night long until morning; and they let her go when dawn broke.,Percepción (Yada)
Judges,19,26,ותבא האשה לפנות הבקר ותפל פתח ביתהאיש אשראדוניה שם עדהאור,"Toward morning the woman came back; and as it was growing light, she collapsed at the entrance of the very house where her husband was. ",Ninguno
Judges,19,27,ויקם אדניה בבקר ויפתח דלתות הבית ויצא ללכת לדרכו והנה האשה פילגשו נפלת פתח הבית וידיה עלהסף,"When her husband arose in the morning, he opened the doors of the house and went out to continue his journey; and there was the woman, his concubine, lying at the entrance of the house, with her hands on the threshold. ",Ninguno
Judges,19,28,ויאמר אליה קומי ונלכה ואין ענה ויקחה עלהחמור ויקם האיש וילך למקמו,"“Get up,” he said to her, “let us go.” But there was no reply. So the man placed her on the donkey and set out for home. ",Ninguno
Judges,19,29,ויבא אלביתו ויקח אתהמאכלת ויחזק בפילגשו וינתחה לעצמיה לשנים עשר נתחים וישלחה בכל גבול ישראל,"When he came home, he picked up a knife, and took hold of his concubine and cut her up limb by limb into twelve parts. He sent them throughout the territory of Israel. ",Ninguno
Judges,19,30,"והיה כלהראה ואמר לאנהיתה ולאנראתה כזאת למיום עלות בניישראל מארץ מצרים עד היום הזה שימולכם עליה עצו ודברו&nbsp;<span class=""mam-spi-pe"">{פ}</span><br>","And everyone who saw it cried out, “Never has such a thing happened or been seen from the day the Israelites came out of the land of Egypt to this day! Put your mind to this; take counsel and decide.”",Ninguno
Judges,20,1,ויצאו כלבני ישראל ותקהל העדה כאיש אחד למדן ועדבאר שבע וארץ הגלעד אליהוה המצפה,"Thereupon all the Israelites—from Dan to Beer-sheba and [from] the land of Gilead—marched forth, and the community assembled as one, before GOD at Mizpah. ",Ninguno
Judges,20,2,"ויתיצבו פנות כלהעם כל שבטי ישראל בקהל עם האלהים ארבע מאות אלף איש רגלי שלףחרב&nbsp;<span class=""mam-spi-pe"">{פ}</span><br>","All the leaders of the people [and] all the tribes of Israel presented themselves in the assembly of God’s people, 400,000 fighters on foot.— ",Ninguno
Judges,20,3,וישמעו בני בנימן כיעלו בניישראל המצפה ויאמרו בני ישראל דברו איכה נהיתה הרעה הזאת,"The Benjaminites heard that the Israelites had come up to Mizpah.aThis sentence is continued at v. 14 below.—The Israelites said, “Tell us, how did this evil thing happen?” ",Ninguno
Judges,20,4,ויען האיש הלוי איש האשה הנרצחה ויאמר הגבעתה אשר לבנימן באתי אני ופילגשי ללון,"And that Levite, the husband of the murdered woman, replied, “My concubine and I came to Gibeah of Benjamin to spend the night. ",Ninguno
Judges,20,5,ויקמו עלי בעלי הגבעה ויסבו עלי אתהבית לילה אותי דמו להרג ואתפילגשי ענו ותמת,"The citizens of Gibeah set out to harm me. They gathered against me around the house in the night; they meant to kill me, and they abused my concubine until she died. ",Ninguno
Judges,20,6,ואחז בפילגשי ואנתחה ואשלחה בכלשדה נחלת ישראל כי עשו זמה ונבלה בישראל,So I took hold of my concubine and I cut her in pieces and sent them through every part of Israel’s territory. For an outrageous act of depravity had been committed in Israel.,Ninguno
Judges,20,7,הנה כלכם בני ישראל הבו לכם דבר ועצה הלם,Now you are all Israelites; produce a plan of action here and now!”,Ninguno
Judges,20,8,ויקם כלהעם כאיש אחד לאמר לא נלך איש לאהלו ולא נסור איש לביתו,"Then all the people rose as one and declared, “We will not go back to our homes, we will not enter our houses! ",Ninguno
Judges,20,9,ועתה זה הדבר אשר נעשה לגבעה עליה בגורל,But this is what we will do to Gibeah: [we will wage war] against it according to lot.,Ninguno
Judges,20,10,ולקחנו עשרה אנשים למאה לכל&thinsp;<b></b> שבטי ישראל ומאה לאלף ואלף לרבבה לקחת צדה לעם לעשות לבואם לגבע בנימן ככלהנבלה אשר עשה בישראל,"We will take from all the tribes of Israel ten of every hundred, a hundred of every thousand, and a thousand of every ten thousand to supply provisions for the troops—to prepare for their going to Geba in Benjaminbto prepare for their going to Geba in Benjamin Emendation yields “for those who go to requite Gibeah.” for all the outrage it has committed in Israel.” ",Ninguno
Judges,20,11,"ויאסף כלאיש ישראל אלהעיר כאיש אחד חברים&nbsp;<span class=""mam-spi-pe"">{פ}</span><br>","So Israel’s entire force, united as one, massed against the town. ",Ninguno
Judges,20,12,וישלחו שבטי ישראל אנשים בכלשבטי בנימן לאמר מה הרעה הזאת אשר נהיתה בכם,"And the tribes of Israel sent agents through the whole tribectribe Heb. plural. of Benjamin, saying, “What is this evil thing that has happened among you? ",Ninguno
Judges,20,13,"ועתה תנו אתהאנשים בניבליעל אשר בגבעה ונמיתם ונבערה רעה מישראל ולא אבו <span class=""mam-kq-q"">[בני]</span> בנימן לשמע בקול אחיהם בניישראל","Come, hand over those scoundrels in Gibeah so that we may put them to death and stamp out the evil from Israel.” But the Benjaminites would not yield to the demand of their fellow Israelites.",Ninguno
Judges,20,14,ויאספו בניבנימן מןהערים הגבעתה לצאת למלחמה עםבני ישראל,So the Benjaminites gathered from their towns to Gibeah in order to take the field against the Israelites.,Ninguno
Judges,20,15,ויתפקדו בני בנימן ביום ההוא מהערים עשרים וששה אלף איש שלף חרב לבד מישבי הגבעה התפקדו שבע מאות איש בחור,"dMeaning of parts of vv. 15 and 16 uncertain. On that day the Benjaminites mustered from the towns 26,000 fighters, mustered apart from the inhabitants of Gibeah; 700 elite troops ",Ninguno
Judges,20,16,"מכל&thinsp;<b></b> העם הזה שבע מאות איש בחור אטר ידימינו כלזה קלע באבן אלהשערה ולא יחטא&nbsp;<span class=""mam-spi-pe"">{פ}</span><br>",of these forces—700 of the best troops—were left-handed. Every one of them could sling a stone at a hair and not miss.,Ninguno
Judges,20,17,ואיש ישראל התפקדו לבד מבנימן ארבע מאות אלף איש שלף חרב כלזה איש מלחמה,"Those on Israel’s side—other than Benjamin—mustered 400,000 fighters, every one of them a warrior. ",Ninguno
Judges,20,18,ויקמו ויעלו ביתאל וישאלו באלהים ויאמרו בני ישראל מי יעלהלנו בתחלה למלחמה עםבני בנימן ויאמר יהוה יהודה בתחלה,"They proceeded to Bethel and inquired of God; the Israelites asked, “Who of us shall advance first to fight the Benjaminites?” And GOD replied, “Judah first.” ",Ninguno
Judges,20,19,ויקומו בניישראל בבקר ויחנו עלהגבעה,So the Israelites arose in the morning and encamped against Gibeah.,Ninguno
Judges,20,20,ויצא איש ישראל למלחמה עםבנימן ויערכו אתם אישישראל מלחמה אלהגבעה,Israel’s side took the field against the Benjaminites; those on Israel’s side drew up in battle order against them at Gibeah.,Ninguno
Judges,20,21,ויצאו בניבנימן מןהגבעה וישחיתו בישראל ביום ההוא שנים ועשרים אלף איש ארצה,"But the Benjaminites issued from Gibeah, and that day they struck down 22,000 of the Israelites.",Ninguno
Judges,20,22,ויתחזק העם איש ישראל ויספו לערך מלחמה במקום אשרערכו שם ביום הראשון,Now the army—Israel’s side—rallied and again drew up in battle order at the same place as they had on the first day.,Ninguno
Judges,20,23,"ויעלו בניישראל ויבכו לפנייהוה עדהערב וישאלו ביהוה לאמר האוסיף לגשת למלחמה עםבני בנימן אחי ויאמר יהוה עלו אליו&nbsp;<span class=""mam-spi-pe"">{פ}</span><br>","For the Israelites had gone up and wept before GOD until evening. They had inquired of GOD, “Shall we again join battle with our kinsmen the Benjaminites?” And GOD had replied, “March against them.” ",Ninguno
Judges,20,24,ויקרבו בניישראל אלבני בנימן ביום השני,The Israelites advanced against the Benjaminites on the second day.,Ninguno
Judges,20,25,ויצא בנימן&thinsp;<small></small>&thinsp;לקראתם&thinsp;<small></small>&thinsp;מןהגבעה ביום השני וישחיתו בבני ישראל עוד שמנת עשר אלף איש ארצה כלאלה שלפי חרב,"But the Benjaminites came out from Gibeah against them on the second day and struck down 18,000 more of the Israelites, all of them fighters.",Ninguno
Judges,20,26,ויעלו כלבני ישראל וכלהעם ויבאו ביתאל ויבכו וישבו שם לפני יהוה ויצומו ביוםההוא עדהערב ויעלו עלות ושלמים לפני יהוה,"Then all the Israelites, all the army, went up and came to Bethel and they sat there, weeping before GOD. They fasted that day until evening, and presented burnt offerings and offerings of well-being to GOD. ",Ninguno
Judges,20,27,וישאלו בניישראל ביהוה ושם ארון ברית האלהים בימים ההם,"The Israelites inquired of GOD (for the Ark of God’s Covenant was there in those days, ",Ninguno
Judges,20,28,ופינחס בןאלעזר בןאהרן עמד&thinsp;<b></b> לפניו בימים ההם לאמר האוסף עוד לצאת למלחמה עםבניבנימן אחי אםאחדל ויאמר יהוה עלו כי מחר אתננו בידך,"and Phinehas son of Eleazar son of Aaron the priest ministered before [God] in those days), “Shall we again take the field against our kinsmen the Benjaminites, or shall we not?” GOD answered, “Go up, for tomorrow I will deliver them into your hands.”",Ninguno
Judges,20,29,"וישם ישראל ארבים אלהגבעה סביב&nbsp;<span class=""mam-spi-pe"">{פ}</span><br>",Israel set up ambushes against Gibeah on all sides.,Ninguno
Judges,20,30,ויעלו בניישראל אלבני בנימן ביום השלישי ויערכו אלהגבעה כפעם בפעם,"And on the third day, the Israelites went up against the Benjaminites, as before, and engaged them in battle at Gibeah. ",Ninguno
Judges,20,31,ויצאו בניבנימן לקראת העם הנתקו מןהעיר ויחלו להכות מהעם חללים כפעם&thinsp;<b></b> בפעם במסלות אשר אחת עלה ביתאל ואחת גבעתה בשדה כשלשים איש בישראל,"The Benjaminites dashed out to meet the army and were drawn away from the town onto the roads, of which one runs to Bethel and the other to Gibeah. As before, they started out by striking some of the troops dead in the open field, about 30 of the Israelites.",Ninguno
Judges,20,32,ויאמרו בני בנימן נגפים הם לפנינו כבראשנה ובני ישראל אמרו ננוסה ונתקנוהו מןהעיר אלהמסלות,"The Benjaminites thought, “They are being routed before us as previously.” But the Israelites had planned: “We will take to flight and draw them away from the town to the roads.” ",Ninguno
Judges,20,33,וכל&thinsp;<b></b> איש ישראל קמו ממקומו ויערכו בבעל תמר וארב ישראל מגיח ממקמו ממערה גבע,"And while everyone else on Israel’s side had moved away from their positions and had drawn up in battle order at Baal-tamar, the Israelite ambush was rushing out from its position at Maareh-geba.eMaareh-geba Emendation yields “west of Gibeah.” ",Ninguno
Judges,20,34,"ויבאו מנגד לגבעה עשרת אלפים איש בחור מכלישראל והמלחמה כבדה והם לא ידעו כינגעת עליהם הרעה&nbsp;<span class=""mam-spi-pe"">{פ}</span><br>","Thus 10,000 of the best troops from all Israel came to a point south offsouth of So many Heb. mss. and Targum; most mss. and the editions read “opposite.” Gibeah, and the battle was furious. Before they realized that disaster was approaching, ",Percepción (Yada)
Judges,20,35,ויגף יהוה&thinsp;<small></small>&thinsp;אתבנימן לפני ישראל וישחיתו בני ישראל בבנימן ביום ההוא עשרים וחמשה אלף ומאה איש כלאלה שלףחרב," GOD routed the Benjaminites before Israel. That day the Israelites slew 25,100 of the Benjaminites, all of them fighters. ",Ninguno
Judges,20,36,ויראו בניבנימן כי נגפו ויתנו אישישראל מקום לבנימן כי בטחו אלהארב אשרשמו אלהגבעה,"Then the Benjaminites realized that they were routed.gThen the Benjaminites realized that they were routed This sentence is continued by v. 45. Now the rest of Israel’s side had yielded ground to the Benjaminites, for they relied on the ambush that they had laid against Gibeah. ",Ninguno
Judges,20,37,והארב החישו ויפשטו אלהגבעה וימשך הארב ויך אתכלהעיר לפיחרב,"One ambush quickly deployed against Gibeah, and the other ambush advanced and put the whole town to the sword.",Ninguno
Judges,20,38,והמועד היה לאיש ישראל עםהארב הרב להעלותם משאת העשן מןהעיר,"A time had been agreed upon by the rest of Israel’s side with those in ambush: When a huge column of smoke was sent up from the town, ",Ninguno
Judges,20,39,ויהפך אישישראל במלחמה ובנימן החל להכות חללים באישישראל כשלשים איש כי אמרו אך נגוף נגף הוא לפנינו כמלחמה הראשנה,"the rest of Israel’s side was to turn about in battle. Benjamin had begun by striking dead about 30 men on Israel’s side, and they thought, “They are being routed before us as in the previous fighting.” ",Ninguno
Judges,20,40,והמשאת החלה לעלות מןהעיר עמוד עשן ויפן בנימן אחריו והנה עלה כלילהעיר השמימה,"But when the column, the pillar of smoke, began to rise from the city, the Benjaminites looked behind them, and there was the whole town going up in smoke to the sky! ",Ninguno
Judges,20,41,ואיש ישראל הפך ויבהל איש בנימן כי ראה כינגעה עליו הרעה,"And now Israel’s side turned about, and Benjamin’s side was thrown into panic, for they realized that disaster had overtaken them. ",Ninguno
Judges,20,42,ויפנו לפני איש ישראל אלדרך המדבר והמלחמה הדביקתהו ואשר מהערים משחיתים אותו בתוכו,"They retreated before Israel’s force along the road to the wilderness, where the fighting caught up with them; meanwhile those from the townshfrom the towns Meaning of Heb. uncertain; emendation yields “in the town” (i.e., Gibeah). were massacring them in it. ",Ninguno
Judges,20,43,כתרו אתבנימן הרדיפהו מנוחה הדריכהו עד נכח הגבעה ממזרחשמש,"iMeaning of verse uncertain. They encircled the Benjaminites, pursued them, and trod them down [from] Menuhah to a point opposite Gibeah on the east. ",Ninguno
Judges,20,44,ויפלו מבנימן שמנהעשר אלף איש אתכלאלה אנשיחיל,"That day 18,000 of the Benjaminites fell, all of them brave men. ",Ninguno
Judges,20,45,ויפנו וינסו המדברה אלסלע הרמון ויעללהו במסלות חמשת אלפים איש וידביקו אחריו עדגדעם ויכו ממנו אלפים איש,"They turned and fled to the wilderness, to the Rock of Rimmon; but [the Israelites] picked off another 5,000 on the roads and, continuing in hot pursuit of them up to Gidom, they slew 2,000 more. ",Ninguno
Judges,20,46,ויהי כלהנפלים מבנימן עשרים וחמשה אלף איש שלף חרב ביום ההוא אתכלאלה אנשיחיל,"Thus the Benjaminite fighters who fell that day numbered 25,000, all of them brave men. ",Ninguno
Judges,20,47,ויפנו וינסו המדברה אלסלע הרמון שש מאות איש וישבו בסלע רמון ארבעה חדשים,"But 600 others turned and fled to the wilderness, to the Rock of Rimmon; they remained at the Rock of Rimmon four months. ",Ninguno
Judges,20,48,"ואיש ישראל שבו אלבני בנימן ויכום לפיחרב מעיר מתם עדבהמה עד כלהנמצא גם כלהערים הנמצאות שלחו באש&nbsp;<span class=""mam-spi-pe"">{פ}</span><br>","Those on Israel’s side, meanwhile, turned back to the rest of the Benjaminites and put them to the sword—towns, people, cattle—everything that remained. Finally, they set fire to all the towns that were left.",Ninguno
Judges,21,1,ואיש ישראל נשבע במצפה לאמר איש ממנו לאיתן בתו לבנימן לאשה,Now Israel’s side had taken an oath at Mizpah: “None of us will give his daughter in marriage to a Benjaminite.”,Ninguno
Judges,21,2,ויבא העם ביתאל וישבו שם עדהערב לפני האלהים וישאו קולם ויבכו בכי גדול,"The people came to Bethel and sat there before God until evening. They wailed and wept bitterly, ",Ninguno
Judges,21,3,ויאמרו למה יהוה אלהי ישראל היתה זאת בישראל להפקד היום מישראל שבט אחד,"and they said, “O ETERNAL God of Israel, why has this happened in Israel, that one tribe must now be missing from Israel?” ",Ninguno
Judges,21,4,"ויהי ממחרת וישכימו העם ויבנושם מזבח ויעלו עלות ושלמים&nbsp;<span class=""mam-spi-pe"">{פ}</span><br>","Early the next day, the people built an altar there, and they brought burnt offerings and offerings of well-being.",Ninguno
Judges,21,5,ויאמרו בני ישראל מי אשר לאעלה בקהל מכלשבטי ישראל אליהוה כי השבועה הגדולה היתה לאשר לאעלה אליהוה המצפה לאמר מות יומת,"The Israelites asked, “Is there anyone from all the tribes of Israel who failed to come up to the assembly before GOD?” For a solemn oath had been taken concerning anyone who did not go up to GOD at Mizpah: “He shall be put to death.” ",Ninguno
Judges,21,6,וינחמו בני ישראל אלבנימן אחיו ויאמרו נגדע היום שבט אחד מישראל,"The Israelites now relented toward their kin the Benjaminites, and they said, “This day one tribe has been cut off from Israel! ",Ninguno
Judges,21,7,מהנעשה להם לנותרים לנשים ואנחנו נשבענו ביהוה לבלתי תתלהם מבנותינו לנשים,"What can we do to provide wives for those who are left, seeing that we have sworn by GOD not to give any of our daughters to them in marriage?”",Ninguno
Judges,21,8,ויאמרו מי אחד משבטי ישראל אשר לאעלה אליהוה המצפה והנה לא באאיש אלהמחנה מיביש גלעד אלהקהל,"They inquired, “Is there anyone from the tribes of Israel who did not go up to GOD at Mizpah?” Now no one from Jabesh-gilead had come to the camp, to the assembly. ",Ninguno
Judges,21,9,ויתפקד העם והנה איןשם איש מיושבי יבש גלעד,"For, when the roll of the troops was taken, not one of the inhabitants of Jabesh-gilead was present. ",Ninguno
Judges,21,10,וישלחושם העדה שניםעשר אלף איש מבני החיל ויצוו אותם לאמר לכו והכיתם אתיושבי יבש גלעד לפיחרב והנשים והטף,"So the assemblage dispatched 12,000 of the warriors, instructing them as follows: “Go and put the inhabitants of Jabesh-gilead to the sword, women and children included. ",Ninguno
Judges,21,11,וזה הדבר אשר תעשו כלזכר וכלאשה ידעת משכבזכר תחרימו,"This is what you are to do: Proscribe every male, and every woman who has known a man carnally.” ",Percepción (Yada)
Judges,21,12,"וימצאו מיושבי&thinsp;<b></b> יביש גלעד ארבע מאות נערה בתולה אשר לאידעה איש למשכב זכר ויבאו אותם אלהמחנה שלה אשר בארץ כנען&nbsp;<span class=""mam-spi-pe"">{פ}</span><br>","They found among the inhabitants of Jabesh-gilead 400 maidens who had not known a man carnally; and they brought them to the camp at Shiloh, which is in the land of Canaan.ain the land of Canaan I.e., west of the Jordan, while Jabesh-gilead is east of the Jordan. ",Percepción (Yada)
Judges,21,13,וישלחו כלהעדה וידברו אלבני בנימן אשר בסלע רמון ויקראו להם שלום,"Then the whole community sent word to the Benjaminites who were at the Rock of Rimmon, and offered them terms of peace. ",Ninguno
Judges,21,14,וישב בנימן בעת ההיא ויתנו להם הנשים אשר חיו מנשי יבש גלעד ולאמצאו להם כן,"Thereupon the Benjaminites returned, and they gave them the maidensbmaidens Heb. “women”; cf. v. 12. who had been spared from the women of Jabesh-gilead. But there were not enough of them.cBut there were not enough of them Meaning of Heb. uncertain. ",Ninguno
Judges,21,15,והעם נחם לבנימן כיעשה יהוה פרץ בשבטי ישראל,"Now the people had relented toward Benjamin, for GOD had made a breach in the tribes of Israel. ",Ninguno
Judges,21,16,ויאמרו זקני העדה מהנעשה לנותרים לנשים כינשמדה מבנימן אשה,"So the elders of the community asked, “What can we do about wives for those who are left, since the women of Benjamin have been killed off?” ",Ninguno
Judges,21,17,ויאמרו ירשת פליטה לבנימן ולאימחה שבט מישראל,"For they said, “There must be a saving remnant for Benjamin, that a tribe may not be blotted out of Israel; ",Ninguno
Judges,21,18,"ואנחנו לא נוכל לתתלהם נשים מבנותינו כינשבעו בניישראל לאמר ארור נתן אשה לבנימן&nbsp;<span class=""mam-spi-samekh"">{ס}</span>&nbsp;&nbsp;&nbsp;&nbsp;&nbsp;&nbsp;&nbsp;&nbsp;","yet we cannot give them any of our daughters as wives,” since the Israelites had taken an oath: “Cursed be anyone who gives a wife to Benjamin!”",Ninguno
Judges,21,19,ויאמרו הנה חגיהוה בשלו מימים&thinsp;<b></b> ימימה אשר מצפונה לביתאל מזרחה השמש למסלה העלה מביתאל שכמה ומנגב ללבונה,"They said, “The annual feast of GOD is now being held at Shiloh.” (It lies north of Bethel, east of the highway that runs from Bethel to Shechem, and south of Lebonah.)",Ninguno
Judges,21,20,"<span class=""mam-kq""><span class=""mam-kq-k"">(ויצו)</span> <span class=""mam-kq-q"">[ויצוו]</span></span> אתבני בנימן לאמר לכו וארבתם בכרמים",So they instructed the Benjaminites as follows: “Go and lie in wait in the vineyards.,Ninguno
Judges,21,21,וראיתם והנה אםיצאו בנותשילו לחול במחלות ויצאתם מןהכרמים וחטפתם לכם איש אשתו מבנות שילו והלכתם ארץ בנימן,"As soon as you see the daughters of Shiloh coming out to join in the dances, come out from the vineyards; let each of you seize a wife from among the daughters of Shiloh, and be off for the land of Benjamin. ",Ninguno
Judges,21,22,"והיה כייבאו אבותם או אחיהם <span class=""mam-kq""><span class=""mam-kq-k"">(לרוב)</span> <span class=""mam-kq-q"">[לריב&thinsp;<b></b>]</span></span> אלינו ואמרנו אליהם חנונו אותם כי לא לקחנו איש אשתו במלחמה כי לא אתם נתתם להם כעת תאשמו&nbsp;<span class=""mam-spi-samekh"">{ס}</span>&nbsp;&nbsp;&nbsp;&nbsp;&nbsp;&nbsp;&nbsp;&nbsp;","And if their fathers or brothers come to us to complain, we shall say to them, ‘Be generous to them for our sake! We could not provide any of them with a wife on account of the war, and you would have incurred guilt if you yourselves had given them [wives].’”dBe generous … given them [wives]. Meaning of Heb. uncertain. ",Ninguno
Judges,21,23,ויעשוכן בני בנימן וישאו נשים למספרם מןהמחללות אשר גזלו וילכו וישובו אלנחלתם ויבנו אתהערים וישבו בהם,"The Benjaminites did so. They took to wife, from the dancers whom they carried off, as many as they themselves numbered. Then they went back to their own territory, and rebuilt their towns and settled in them. ",Ninguno
Judges,21,24,"ויתהלכו משם בניישראל בעת ההיא איש לשבטו ולמשפחתו ויצאו משם איש לנחלתו&nbsp;<span class=""mam-spi-pe"">{פ}</span><br>",Thereupon the Israelites dispersed to their own tribes and clans; everyone departed for their own territory.,Ninguno
Judges,21,25,בימים ההם אין מלך בישראל איש הישר בעיניו יעשה,In those days there was no king in Israel; everyone did as they pleased.,Ninguno
