Libro,Capitulo,Versiculo,Hebreo_Limpio,Traduccion,Conceptos_Matriz
Psalms,1,1,"אשרי<span class=""mam-implicit-maqaf""></span>האיש אשר&thinsp;<b></b> לא הלך בעצת רשעים ובדרך חטאים לא עמד ובמושב לצים לא ישב","Happy is the one who has not followed the counsel of the wicked,or taken the path of sinners,or joined the company of the insolent;",Ninguno
Psalms,1,2,"כי אם<span class=""mam-implicit-maqaf""></span>בתורת יהוה חפצו ובתורתו יהגה יומם ולילה","rather, this one delights in GOD’s teaching,and studiesastudies Or “recites”; lit. “utters.” that teaching day and night.",Ninguno
Psalms,1,3,"והיה כעץ שתול עלפלגי<span class=""mam-implicit-maqaf""></span>מים אשר פריו&thinsp;<b></b> יתן בעתו ועלהו לאיבול וכל אשריעשה יצליח","Such a one is like a tree planted beside streams of water,which yields its fruit in season,whose foliage never fades,and whatever it produces thrives.bit produces thrives Or “he does prospers.” ",Ninguno
Psalms,1,4,לאכן הרשעים כי אםכמץ אשרתדפנו רוח,"Not so the wicked;rather, they are like chaff that wind blows away.",Ninguno
Psalms,1,5,עלכן&thinsp;<b></b> לאיקמו רשעים במשפט וחטאים בעדת צדיקים,"Therefore the wicked will not survive judgment,nor will sinners, in the assembly of the righteous.",Ninguno
Psalms,1,6,"כייודע יהוה דרך צדיקים ודרך רשעים תאבד&nbsp;<span class=""mam-spi-pe"">{פ}</span><br>","For GOD cherishes the way of the righteous,but the way of the wicked is doomed.",Ninguno
Psalms,2,1,למה רגשו גוים ולאמים יהגוריק,"Why do nations assemble,and peoples plotaplot Lit. “utter.” vain things;",Ninguno
Psalms,2,2,יתיצבו&thinsp;<b></b> מלכיארץ ורוזנים נוסדויחד עליהוה ועלמשיחו,"kings of the earth take their stand,and regents intrigue togetheragainst the one anointed by GOD?bagainst the one anointed by GOD Lit. “against GOD and against His anointed one.” ",Ninguno
Psalms,2,3,ננתקה אתמוסרותימו ונשליכה ממנו עבתימו,"“Let us break the cords of their yoke,shake off their ropes from us!”",Ninguno
Psalms,2,4,יושב בשמים ישחק אדני ילעגלמו,The One who is enthroned in heaven laughs;my Sovereign mocks at them.,Ninguno
Psalms,2,5,אז ידבר אלימו באפו ובחרונו יבהלמו,"Then [God] speaks to them in anger,terrifying them with divine rage,",Ninguno
Psalms,2,6,ואני נסכתי מלכי עלציון הרקדשי,"“But I have installed My kingon Zion, My holy mountain!”",Ninguno
Psalms,2,7,"אספרה אל<span class=""mam-implicit-maqaf""></span>חק יהוה אמר<span class=""mam-implicit-maqaf""></span>אלי בני אתה אני היום ילדתיך","Let me tell of the decree: GOD said to me,“You are My son,I have fathered you this day.cYou are My son, / I have fathered you this day I.e., GOD agrees to provide the king with what fathers in the ancient Near East normally provide sons: ongoing protection and aid, in return for accountability. Compare 2 Sam. 7.14 and Ps. 89.27ff. ",Ninguno
Psalms,2,8,שאל ממני ואתנה גוים נחלתך ואחזתך אפסיארץ,"Ask it of Me,and I will make the nations your domain;your estate, the limits of the earth.",Ninguno
Psalms,2,9,תרעם בשבט ברזל ככלי יוצר תנפצם,"You can smash them with an iron mace,shatter them like potter’s ware.”",Ninguno
Psalms,2,10,ועתה מלכים השכילו הוסרו שפטי ארץ,"So now, O kings, be prudent;accept discipline, you rulers of the earth!",Ninguno
Psalms,2,11,עבדו אתיהוה ביראה וגילו ברעדה,"Serve GOD in awe;tremble with fright,dtremble with fright Meaning of Heb. uncertain; in contrast to others “rejoice with trembling.” ",Ninguno
Psalms,2,12,"נשקובר פןיאנף&thinsp;<b></b> ותאבדו דרך כייבער כמעט אפו אשרי כלחוסי בו&nbsp;<span class=""mam-spi-pe"">{פ}</span><br>","pay homage in good faith,epay homage in good faith Meaning of Heb. uncertain. lest [God] be angered, and your way be doomedin the mere flash of divine anger.Happy are all who take refuge in [God].",Ninguno
Psalms,3,1,מזמור לדוד בברחו מפני&thinsp;<b></b> אבשלום בנו,A psalm of David when he fled from his son Absalom.,Ninguno
Psalms,3,2,יהוה מהרבו צרי רבים קמים עלי,"O ETERNAL One, my foes are so many!Many are those who attack me;",Ninguno
Psalms,3,3,רבים אמרים לנפשי אין ישועתה לו באלהים סלה,"many say of me,“There is no deliverance for him through God.”    Selah.aSelah A liturgical direction of uncertain meaning. ",Ninguno
Psalms,3,4,ואתה יהוה מגן בעדי כבודי ומרים ראשי,"But You, O ETERNAL One, are a shield about me,my glory, who holds my head high.",Ninguno
Psalms,3,5,קולי אליהוה אקרא ויענני מהר קדשו סלה,"I cry aloud to GOD,who answers me from the holy mountain.    Selah. ",Ninguno
Psalms,3,6,אני שכבתי ואישנה הקיצותי כי יהוה יסמכני,"I lie down and sleep and wake again,for GOD sustains me.",Ninguno
Psalms,3,7,לאאירא מרבבות עם אשר סביב שתו עלי,I have no fear of the myriad forcesarrayed against me on every side.,Ninguno
Psalms,3,8,קומה יהוה&thinsp;<b></b> הושיעני אלהי כיהכית אתכלאיבי לחי שני רשעים שברת,"Rise, O ETERNAL One!Deliver me, O my God!For You slap all my enemies in the face;bface Lit. “cheek.” You break the teeth of the wicked.",Ninguno
Psalms,3,9,"ליהוה הישועה עלעמך ברכתך סלה&nbsp;<span class=""mam-spi-pe"">{פ}</span><br>",Deliverance is GOD’s;Your blessing be upon Your people!    Selah. ,Ninguno
Psalms,4,1,למנצח בנגינות מזמור לדוד,For the leader; with instrumental music.aFor the leader; with instrumental music Meaning of Heb. uncertain. A psalm of David.,Ninguno
Psalms,4,2,בקראי ענני&thinsp;<b></b> אלהי צדקי בצר הרחבת לי חנני ושמע תפלתי,"Answer me when I call,O God, my vindicator!You freed me from distress;have mercy on me and hear my prayer.",Ninguno
Psalms,4,3,בני איש עדמה כבודי לכלמה תאהבון ריק תבקשו כזב סלה,"You who side against me,bwho side against me Or “high and mighty ones,” or “people”; force of Heb. uncertain. how long will my glory be mocked,will you love illusions,have recourse to frauds?    Selah. ",Ninguno
Psalms,4,4,ודעו כיהפלה יהוה חסיד לו יהוה ישמע בקראי אליו,Know that GOD keeps the faithful close; GOD hears when I call out.,Ninguno
Psalms,4,5,רגזו ואלתחטאו אמרו בלבבכם עלמשכבכם ודמו סלה,"So tremble, and sin no more;ponder it on your bed, and sigh.csigh In contrast to others “be still.”    Selah. ",Ninguno
Psalms,4,6,זבחו זבחיצדק ובטחו אליהוה,Offer sacrifices in righteousnessand trust in GOD.,Ninguno
Psalms,4,7,רבים אמרים מייראנו טוב נסהעלינו אור פניך יהוה,"Many say, “O for good days!”Bestow Your favor on us,dBestow Your favor on us Lit. “Lift up the light of Your countenance upon us”; cf. Num. 6.25–26. O ETERNAL One.",Ninguno
Psalms,4,8,נתתה שמחה בלבי מעת דגנם ותירושם רבו,You put joy into my heartwhen their grain and wine show increase.,Ninguno
Psalms,4,9,"בשלום יחדו אשכבה ואישן כיאתה יהוה לבדד לבטח תושיבני&nbsp;<span class=""mam-spi-pe"">{פ}</span><br>","Safe and sound, I lie down and sleep,for You alone, O ETERNAL One, keep me secure.efor You alone, O ETERNAL ONE, keep me secure Or “for You, O ETERNAL ONE, keep me alone and secure.” ",Ninguno
Psalms,5,1,למנצח אלהנחילות מזמור לדוד,For the leader; on neḥiloth.aFor the leader; on neḥiloth Meaning of Heb. uncertain. A psalm of David.,Ninguno
Psalms,5,2,אמרי האזינה&thinsp;<small></small>&thinsp;יהוה בינה הגיגי,"Give ear to my speech, O ETERNAL One;consider my utterance.",Ninguno
Psalms,5,3,הקשיבה&thinsp;<b></b> לקול שועי מלכי ואלהי כיאליך אתפלל,"Heed the sound of my cry,my Sovereign and God,for I pray to You.",Ninguno
Psalms,5,4,יהוה בקר תשמע קולי בקר אערךלך ואצפה,"Hear my voice, O ETERNAL One, at daybreak;at daybreak I plead before You, and wait.",Ninguno
Psalms,5,5,"כי&thinsp;<b></b> לא אלחפץ<span class=""mam-implicit-maqaf""></span>רשע&thinsp;<small></small>&thinsp;אתה לא יגרך רע",For You are not a God who desires wickedness;evil cannot abide with You;,Ninguno
Psalms,5,6,לאיתיצבו הוללים לנגד עיניך שנאת כלפעלי און,the wanton cannot endure in Your sight.You detest all evildoers;,Ninguno
Psalms,5,7,תאבד דברי כזב אישדמים ומרמה יתעב&thinsp;<small></small>&thinsp;יהוה,You doom those who speak lies;deceitful murderers GOD abhors.,Ninguno
Psalms,5,8,ואני ברב חסדך אבוא ביתך אשתחוה אלהיכלקדשך ביראתך,"But I, through Your abundant love, enter Your house;I bow down in awe at Your holy temple.",Ninguno
Psalms,5,9,"יהוה&thinsp;<b></b> נחני בצדקתך למען שוררי <span class=""mam-kq""><span class=""mam-kq-k"">(הושר)</span> <span class=""mam-kq-q"">[הישר]</span></span> לפני דרכך","O ETERNAL One, lead me along Your righteous [path]blead me along Your righteous [path] Or “as You are righteous, lead me.” because of my watchful foes;make Your way straight before me.",Ninguno
Psalms,5,10,כי אין בפיהו נכונה קרבם הוות קברפתוח גרנם לשונם יחליקון,For there is no sincerity on their lips;clips Lit. “mouth.” their heart is [filled with] malice;their throat is an open grave;their tongue slippery.,Ninguno
Psalms,5,11,האשימם&thinsp;<b></b> אלהים יפלו ממעצותיהם ברב פשעיהם הדיחמו כימרו בך,"Condemn them, O God;let them fall by their own devices;cast them out for their many crimes,for they defy You.",Ninguno
Psalms,5,12,וישמחו כלחוסי בך לעולם ירננו ותסך עלימו ויעלצו בך אהבי שמך,"But let all who take refuge in You rejoice,ever jubilant as You shelter them;and let those who love Your name exult in You.",Ninguno
Psalms,5,13,"כיאתה תברך צדיק יהוה כצנה רצון תעטרנו&nbsp;<span class=""mam-spi-pe"">{פ}</span><br>","For You surely bless the righteous, O ETERNAL One,encompassing them with favor like a shield.",Ninguno
Psalms,6,1,למנצח בנגינות עלהשמינית מזמור לדוד,For the leader; with instrumental music on the sheminith.aFor the leader; with instrumental music on the sheminith Meaning of Heb. uncertain. A psalm of David.,Ninguno
Psalms,6,2,יהוה אלבאפך תוכיחני ואלבחמתך תיסרני,"O ETERNAL One, do not punish me in anger,do not chastise me in fury.",Ninguno
Psalms,6,3,"חנני יהוה כי אמלל<span class=""mam-implicit-maqaf""></span>אני רפאני יהוה כי נבהלו עצמי","Have mercy on me, O ETERNAL One, for I languish;heal me, O ETERNAL One, for my bones shake with terror.",Ninguno
Psalms,6,4,"ונפשי נבהלה מאד <span class=""mam-kq""><span class=""mam-kq-k"">(ואת)</span> <span class=""mam-kq-q"">[ואתה]</span></span> יהוה עדמתי","My whole being is stricken with terror,while You, ETERNAL One—O, how long!",Ninguno
Psalms,6,5,שובה יהוה חלצה נפשי הושיעני למען חסדך,"O ETERNAL One, turn! Rescue me!Deliver me as befits Your faithfulness.",Ninguno
Psalms,6,6,כי אין במות זכרך בשאול מי יודהלך,"For there is no praise of You among the dead;in Sheol, who can acclaim You?",Ninguno
Psalms,6,7,יגעתי&thinsp;<b></b> באנחתי אשחה בכללילה מטתי בדמעתי ערשי אמסה,"I am weary with groaning;every night I drench my bed,I melt my couch in tears.",Ninguno
Psalms,6,8,עששה מכעס עיני עתקה בכלצוררי,"My eyes are wasted by vexation,worn out because of all my foes.",Ninguno
Psalms,6,9,סורו ממני כלפעלי און כישמע יהוה קול בכיי,"Away from me, all you evildoers,for GOD heeds the sound of my weeping.",Ninguno
Psalms,6,10,שמע יהוה תחנתי יהוה תפלתי יקח,"GOD heeds my plea, GOD accepts my prayer.",Ninguno
Psalms,6,11,"יבשו&thinsp;<b></b> ויבהלו מאד כלאיבי ישבו יבשו רגע&nbsp;<span class=""mam-spi-pe"">{פ}</span><br>","All my enemies will be frustrated and stricken with terror;they will turn back in an instant, frustrated.",Ninguno
Psalms,7,1,שגיון לדוד אשרשר ליהוה עלדבריכוש בןימיני,"Shiggaion of David,aShiggaion of David Meaning of Heb. uncertain. which he sang to GOD, concerning Cush, a Benjaminite.",Ninguno
Psalms,7,2,יהוה אלהי בך חסיתי הושיעני מכלרדפי והצילני,"O my ETERNAL God, in You I seek refuge;deliver me from all my pursuers and save me,",Ninguno
Psalms,7,3,פןיטרף כאריה נפשי פרק ואין מציל,"lest, like a lion, they tear me apart,rending in pieces, and no one save me.",Ninguno
Psalms,7,4,יהוה אלהי אםעשיתי זאת אםישעול בכפי,"O my ETERNAL God, if I have done such things,if my hands bear the guilt of wrongdoing,",Ninguno
Psalms,7,5,אםגמלתי שולמי רע ואחלצה צוררי ריקם,if I have dealt evil to my ally—I who rescued my foe without rewardbI who rescued my foe without reward Meaning of Heb. uncertain; in contrast to others “or stripped my foe clean.”—,Ninguno
Psalms,7,6,ירדףאויב&thinsp;<b></b> נפשי וישג וירמס לארץ חיי וכבודי&thinsp;<b></b> לעפר ישכן סלה,"then let the enemy pursue and overtake me;let my life be trampled to the ground,and my body dwell in the dust.    Selah. ",Ninguno
Psalms,7,7,קומה יהוה&thinsp;<b></b> באפך הנשא בעברות צוררי ועורה אלי משפט צוית,"Rise, O ETERNAL One, in Your anger;assert Yourself against the fury of my foes;cagainst the fury of my foes Or “in Your fury against my foes.” bestir Yourself in my behalf;You have ordained judgment.",Ninguno
Psalms,7,8,ועדת לאמים תסובבך ועליה למרום שובה,"dMeaning of verse uncertain. Let the assembly of peoples gather about You,with You enthroned above, on high.",Ninguno
Psalms,7,9,יהוה ידין עמים שפטני יהוה כצדקי וכתמי עלי,"GOD judges the peoples;vindicate me, O ETERNAL One,for the righteousness and blamelessness that are mine.",Ninguno
Psalms,7,10,יגמרנא רע&thinsp;<b></b> רשעים ותכונן צדיק ובחן לבות וכליות אלהים צדיק,"Let the evil of the wicked come to an end,but establish the righteous;the One who probes the mind and conscienceeconscience Lit. “kidneys.” is God the Righteous.",Ninguno
Psalms,7,11,מגני עלאלהים מושיע ישרילב,I look to God to shield me;fI look to God to shield me Cf. Ibn Ezra and Kimhi; lit. “My Shield is upon God.” the deliverer of the upright.,Ninguno
Psalms,7,12,אלהים שופט צדיק ואל זעם בכליום,God vindicates the righteous;God pronounces doomgpronounces doom In contrast to others “has indignation.” each day.,Ninguno
Psalms,7,13,אםלא ישוב חרבו ילטוש קשתו דרך ויכוננה,"If someone [wicked] does not turn back, but whets his sword,bends his bow and aims it,",Ninguno
Psalms,7,14,ולו הכין כלימות חציו לדלקים יפעל,"then against himself he readies deadly weapons,and makes his arrows sharp.hMeaning of these verses uncertain. Or, with God as the main subject: “If one does not turn back, [God] whets a sword, / bends a bow and aims it— / 14preparing deadly weapons for him, / and making the arrows sharp.” ",Ninguno
Psalms,7,15,הנה יחבלאון והרה עמל וילד שקר,"See, he hatches evil, conceives mischief,and gives birth to fraud.",Ninguno
Psalms,7,16,בור כרה ויחפרהו ויפל בשחת יפעל,"He has dug a pit and deepened it,and will fall into the trap he made.",Ninguno
Psalms,7,17,ישוב עמלו בראשו ועל קדקדו חמסו ירד,His mischief will recoil upon his own head;his lawlessness will come down upon his skull.,Ninguno
Psalms,7,18,"אודה יהוה כצדקו ואזמרה שםיהוה עליון&nbsp;<span class=""mam-spi-pe"">{פ}</span><br>","I will praise GOD for being righteous,and sing a hymn to the name of GOD Most High.",Ninguno
Psalms,8,1,למנצח עלהגתית מזמור לדוד,For the leader; on the gittith.aFor the leader; on the gittith Meaning of Heb. uncertain. A psalm of David.,Ninguno
Psalms,8,2,יהוה אדנינו מהאדיר שמך בכלהארץ אשר תנה הודך עלהשמים,"O ETERNAL One, our Sovereign,how majestic is Your name throughout the earth—You who have covered the heavens with Your splendor!bYou who have covered the heavens with Your splendor Meaning of Heb. uncertain; or “You whose splendor is celebrated all over the heavens!” ",Ninguno
Psalms,8,3,מפי עוללים&thinsp;<b></b> וינקים יסדת עז למען צורריך להשבית אויב ומתנקם,"cMeaning of verse uncertain. From the mouths of infants and sucklingsYou have founded strength on account of Your foes,to put an end to enemy and avenger.",Ninguno
Psalms,8,4,כיאראה שמיך מעשה אצבעתיך ירח וכוכבים אשר כוננתה,"When I behold Your heavens, the work of Your fingers,the moon and stars that You set in place,",Ninguno
Psalms,8,5,מהאנוש כיתזכרנו ובןאדם כי תפקדנו,"what are human beings that You have been mindful of them,mortals that You have taken note of them,",Ninguno
Psalms,8,6,ותחסרהו מעט מאלהים וכבוד והדר תעטרהו,"that You have made them little less than divine,ddivine Or “the angels.” and adorned them with glory and majesty?",Ninguno
Psalms,8,7,תמשילהו במעשי ידיך כל שתה תחתרגליו,"You have made them master over Your handiwork,laying the world at their feet—",Ninguno
Psalms,8,8,צנה ואלפים כלם וגם בהמות שדי,"sheep and oxen, all of them,and wild beasts, too;",Ninguno
Psalms,8,9,צפור שמים ודגי הים עבר ארחות ימים,"the birds of the heavens, the fish of the sea,whatever travels the paths of the seas.",Ninguno
Psalms,8,10,"יהוה אדנינו מהאדיר שמך בכלהארץ&nbsp;<span class=""mam-spi-pe"">{פ}</span><br>","O ETERNAL One, our Sovereign, how majestic is Your name throughout the earth!",Ninguno
Psalms,9,1,למנצח עלמות לבן מזמור לדוד,"For the leader; ʻalmuth labben.aFor the leader; ʻalmuth labben Meaning of Heb. uncertain; some mss. and ancient versions, ʻal muth labben, as though “over the death of the son.” A psalm of David.",Ninguno
Psalms,9,2,אודה יהוה בכללבי אספרה כלנפלאותיך,"I will praise You, ETERNAL One, with all my heart;I will tell all Your wonders.",Ninguno
Psalms,9,3,אשמחה ואעלצה בך אזמרה שמך עליון,"I will rejoice and exult in You,singing a hymn to Your name, O Most High.",Ninguno
Psalms,9,4,בשובאויבי אחור יכשלו ויאבדו מפניך,"When my enemies retreat,they stumble to their doom at Your presence.",Ninguno
Psalms,9,5,כיעשית משפטי ודיני ישבת לכסא שופט צדק,"For You uphold my right and claim,enthroned as righteous judge.",Ninguno
Psalms,9,6,גערת גוים אבדת רשע שמם מחית לעולם ועד,You blast the nations;You destroy the wicked;You blot out their name forever.,Ninguno
Psalms,9,7,האויב&thinsp;<b></b> תמו חרבות לנצח וערים נתשת אבד זכרם המה,bMeaning of verse uncertain. The enemy is no more—ruins everlasting;You have torn down their cities;their very names are lost.,Ninguno
Psalms,9,8,ויהוה לעולם ישב כונן למשפט כסאו,"But GOD, whose throne is set up for judgment, abides forever;",Ninguno
Psalms,9,9,והוא ישפטתבל בצדק ידין לאמים במישרים,"it is [God] who judges the world with righteousness,rules the peoples with equity.",Ninguno
Psalms,9,10,ויהי יהוה משגב לדך משגב לעתות בצרה,"GOD is a haven for the oppressed,a haven in times of trouble.",Ninguno
Psalms,9,11,ויבטחו בך יודעי שמך כי לאעזבת דרשיך יהוה,"Those who know Your name trust You,for You do not abandon those who turn to You, O ETERNAL One.",Ninguno
Psalms,9,12,זמרו ליהוה ישב ציון הגידו בעמים עלילותיו,"Sing a hymn to the ETERNAL, who reigns in Zion;cwho reigns in Zion Or “O You who dwell in Zion.” declare God’s deeds among the peoples.",Ninguno
Psalms,9,13,"כידרש דמים אותם זכר לאשכח צעקת <span class=""mam-kq""><span class=""mam-kq-k"">(עניים)</span> <span class=""mam-kq-q"">[ענוים]</span></span>",For [God] does not ignore the cry of the afflicted;the One who requites bloodshed is mindful of them.dClauses transposed for clarity. ,Ninguno
Psalms,9,14,חננני יהוה ראה עניי משנאי מרוממי משערי מות,"Have mercy on me, O ETERNAL One;see my affliction at the hands of my foes,You who lift me from the gates of death,",Ninguno
Psalms,9,15,למען אספרה כלתהלתיך בשערי בתציון אגילה בישועתך,"so that in the gates of Fair ZioneFair Zion Lit. “the Daughter of Zion.” I might tell all Your praise,I might exult in Your deliverance.",Ninguno
Psalms,9,16,טבעו גוים בשחת עשו ברשתזו טמנו נלכדה רגלם,The nations sink in the pit they have made;their own foot is caught in the net they have hidden.,Ninguno
Psalms,9,17,נודע&thinsp;<b></b> יהוה משפט עשה בפעל כפיו נוקש רשע הגיון סלה,"GOD is known,having worked judgment;the wicked are snared by their own devices. Higgaion.fHiggaion Meaning of Heb. uncertain.    Selah. ",Ninguno
Psalms,9,18,ישובו רשעים לשאולה כלגוים שכחי אלהים,"Let the wicked begbe In contrast to others “return to.” in Sheol,all the nations who ignore God!",Ninguno
Psalms,9,19,"כי לא לנצח ישכח אביון תקות <span class=""mam-kq""><span class=""mam-kq-k"">(ענוים)</span> <span class=""mam-kq-q"">[עניים]</span></span> תאבד לעד","Not always shall the needy be ignored,nor the hope of the afflicted forever lost.",Ninguno
Psalms,9,20,קומה יהוה אליעז אנוש ישפטו גוים עלפניך,"Rise, O ETERNAL One!Let not mortals have power;let the nations be judged in Your presence.",Ninguno
Psalms,9,21,"שיתה יהוה&thinsp;<b></b> מורה להם ידעו גוים אנוש המה סלה&nbsp;<span class=""mam-spi-pe"">{פ}</span><br>","Strike fear into them,hStrike fear into them Meaning of Heb. uncertain. O ETERNAL One;let the nations know they are only mortals.    Selah. ",Percepción (Yada)
Psalms,10,1,למה יהוה תעמד ברחוק תעלים לעתות בצרה,"Why, O ETERNAL One, do You stand aloof,heedless in times of trouble?",Ninguno
Psalms,10,2,בגאות רשע ידלק עני יתפשו&thinsp;<b></b> במזמות זו חשבו,"The wicked in their arrogance hound the lowly—may they be caught in the schemes they devise!amay they be caught in the schemes they devise Or “they (i.e., the lowly) are caught by the schemes they devised.” ",Ninguno
Psalms,10,3,כיהלל רשע עלתאות נפשו ובצע ברך נאץ&thinsp;<small></small>&thinsp;יהוה,The wicked crow about their unbridled lusts;the grasping revile and scorn GOD.,Ninguno
Psalms,10,4,רשע כגבה אפו בלידרש אין אלהים כלמזמותיו,"The wicked, arrogant as they are,in all their scheming [think],bThe wicked crow … their scheming [think] Meaning of Heb. uncertain. “God does not carecGod does not care Lit. “There is no God.” and does not call to account.”dClauses transposed for clarity. ",Ninguno
Psalms,10,5,"יחילו <span class=""mam-kq-trivial"">דרכו&thinsp;<b></b></span> בכלעת מרום משפטיך מנגדו כלצורריו יפיח בהם",Their ways prosper at all times;Your judgments are far beyond them;they snort at all their foes.,Ninguno
Psalms,10,6,אמר בלבו בלאמוט לדר ודר אשר לאברע,"Such people think, “I shall not be shaken,through all time never be in trouble.”",Ninguno
Psalms,10,7,אלה&thinsp;<b></b> פיהו מלא ומרמות ותך תחת לשונו עמל ואון,"Their mouth is full of oaths, deceit, and fraud;mischief and evil are under their tongue.",Ninguno
Psalms,10,8,ישב&thinsp;<b></b> במארב חצרים במסתרים יהרג נקי עיניו לחלכה יצפנו,They lurk in outlying places;from a covert they slay the innocent;their eyes spy out the hapless.,Ninguno
Psalms,10,9,יארב במסתר&thinsp;<b></b> כאריה בסכה יארב לחטוף עני יחטף עני במשכו ברשתו,They wait in a covert like a lion in a lair;wait to seize the lowly;they seize the lowly as they pull their net shut;,Ninguno
Psalms,10,10,"<span class=""mam-kq""><span class=""mam-kq-k"">(ודכה)</span> <span class=""mam-kq-q"">[ידכה]</span></span> ישח ונפל בעצומיו <span class=""mam-kq""><span class=""mam-kq-k"">(חלכאים)</span> <span class=""mam-kq-q"">[חל כאים]</span></span>","they stoop, they crouch,and the hapless fall prey to their might.eand the hapless fall prey to their might Meaning of Heb. uncertain. ",Ninguno
Psalms,10,11,אמר בלבו שכח אל הסתיר פניו בלראה לנצח,"They think, “God is not mindful,the divine face is hidden and never looks.”",Ninguno
Psalms,10,12,"קומה יהוה אל נשא ידך אלתשכח <span class=""mam-kq""><span class=""mam-kq-k"">(עניים)</span> <span class=""mam-kq-q"">[ענוים]</span></span>","Rise, O ETERNAL One!Strike at them,fStrike at them Lit. “Lift Your hand.” O God!Do not forget the lowly.",Ninguno
Psalms,10,13,עלמה&thinsp;<b></b> נאץ רשע&thinsp;<small></small>&thinsp;אלהים אמר בלבו לא תדרש,"Why should the wicked scorn God,thinking You do not call to account?",Ninguno
Psalms,10,14,ראתה כיאתה&thinsp;<b></b> עמל וכעס&thinsp;<b></b> תביט לתת בידך עליך יעזב חלכה יתום אתה&thinsp;<b></b> היית עוזר,You do look!You take note of mischief and vexation!To requite is in Your power.gTo requite is in Your power Meaning of Heb. uncertain. To You the hapless can entrust themselves;You have ever been the orphans’ help.,Ninguno
Psalms,10,15,שבר זרוע רשע ורע תדרושרשעו בלתמצא,"O break the power of the wicked and evildoers,so that when You look forhlook for A play on darash, which in vv. 4 and 13 means “to call to account.” their wickednessYou will find it no more.",Ninguno
Psalms,10,16,יהוה מלך עולם ועד אבדו גוים מארצו,GOD is sovereign for ever and ever;the nations will perish from thisithis Heb. “His.” land.,Ninguno
Psalms,10,17,תאות ענוים שמעת יהוה תכין לבם תקשיב אזנך,"You will listen to the entreaty of the lowly, O ETERNAL One,You will make their hearts firm;You will incline Your ear",Ninguno
Psalms,10,18,"לשפט יתום ודך בליוסיף עוד לערץ אנוש מןהארץ&nbsp;<span class=""mam-spi-pe"">{פ}</span><br>","to champion the orphan and the downtrodden,that mere earthly mortals tyrannize no more.jthat mere earthly mortals tyrannize no more Meaning of Heb. uncertain. ",Ninguno
Psalms,11,1,"למנצח לדוד ביהוה&thinsp;<b></b> חסיתי איך תאמרו לנפשי <span class=""mam-kq""><span class=""mam-kq-k"">(נודו)</span> <span class=""mam-kq-q"">[נודי]</span></span> הרכם צפור","For the leader. Of David.In GOD I take refuge;how can you say to me,“Take to the hills like a bird!athe hills like a bird Meaning of Heb. uncertain; lit. “your hill, bird!” ",Ninguno
Psalms,11,2,כי הנה הרשעים ידרכון קשת כוננו חצם עליתר לירות במואפל לישרילב,"For see, the wicked bend the bow,they set their arrow on the stringto shoot from the shadows at the upright.",Ninguno
Psalms,11,3,כי השתות יהרסון צדיק מהפעל,"When the foundations are destroyed,what can the righteous do?”bWhen the foundations are destroyed, / what can the righteous do? Or “For the foundations are destroyed; what has the Righteous One done?” Or “If the foundations are destroyed, what have the righteous accomplished?” ",Ninguno
Psalms,11,4,יהוה&thinsp;<b></b> בהיכל קדשו יהוה בשמים כסאו עיניו יחזו עפעפיו יבחנו בני אדם," GOD is in the divine holy palace; GOD—whose throne is in heaven,whose eyes behold, whose gaze searches humankind.",Ninguno
Psalms,11,5,יהוה צדיק יבחן ורשע ואהב חמס שנאה נפשו,"GOD seeks out someone righteous,but loathes the wicked one who loves injustice.",Ninguno
Psalms,11,6,ימטר עלרשעים פחים אש וגפרית ורוח זלעפות מנת כוסם,[God] will rain down upon the wicked blazing coals and sulfur;a scorching wind shall be their lot.ctheir lot Lit. “the portion of their cup.” ,Ninguno
Psalms,11,7,"כיצדיק יהוה צדקות אהב ישר יחזו פנימו&nbsp;<span class=""mam-spi-pe"">{פ}</span><br>","For GOD is righteous,and loves righteous deeds;the upright shall behold God’s face.",Ninguno
Psalms,12,1,למנצח עלהשמינית מזמור לדוד,For the leader; on the sheminith. A psalm of David.,Ninguno
Psalms,12,2,הושיעה יהוה כיגמר חסיד כיפסו אמונים מבני אדם,"Help, O ETERNAL One!For the faithful are no more;the loyal have vanished from among mortals.",Ninguno
Psalms,12,3,שוא&thinsp;<b></b> ידברו איש אתרעהו שפת חלקות בלב ולב ידברו,People speak lies to one another;their speech is smooth;they talk with duplicity.,Ninguno
Psalms,12,4,יכרת יהוה כלשפתי חלקות לשון מדברת גדלות,"May GOD cut off all flattering lips,every tongue that speaks arrogance.",Ninguno
Psalms,12,5,אשר אמרו&thinsp;<b></b> ללשננו נגביר שפתינו אתנו מי אדון לנו,"They say, “By our tongues we shall prevail;with lips such as ours, who can be our master?”",Ninguno
Psalms,12,6,משד עניים מאנקת אביונים עתה אקום יאמר יהוה אשית בישע יפיחלו,"“Because of the groans of the plundered poor and needy,I will now act,” says GOD.“I will give help,” [God] affirms to them.a“I will give help,” [God] affirms to them Meaning of Heb. uncertain. ",Ninguno
Psalms,12,7,אמרות יהוה אמרות טהרות כסף צרוף בעליל לארץ מזקק שבעתים,"GOD’s words are pure words,silver purged in an earthen crucible,refined sevenfold.",Ninguno
Psalms,12,8,אתהיהוה תשמרם תצרנו&thinsp;<b></b> מןהדור זו לעולם,"You, O ETERNAL One, will keep them,guarding each from this agebfrom this age Meaning of Heb. uncertain. evermore.",Ninguno
Psalms,12,9,"סביב רשעים יתהלכון כרם זלות לבני אדם&nbsp;<span class=""mam-spi-pe"">{פ}</span><br>",On every side the wicked roamwhen baseness is exalted among mortals.cwhen baseness is exalted among mortals Meaning of Heb. uncertain. ,Ninguno
Psalms,13,1,למנצח מזמור לדוד,For the leader. A psalm of David.,Ninguno
Psalms,13,2,עדאנה יהוה תשכחני נצח עדאנה&thinsp;<b></b> תסתיר אתפניך ממני,"How long, O ETERNAL One; will You ignore me forever?How long will You hide Your face from me?",Ninguno
Psalms,13,3,עדאנה אשית עצות בנפשי יגון בלבבי יומם עדאנה&thinsp;<b></b> ירום איבי עלי,"How long will I have cares on my mind,grief in my heart all day?How long will my enemy have the upper hand?",Ninguno
Psalms,13,4,הביטה ענני יהוה אלהי האירה עיני פןאישן המות,"Look at me, answer me, O my ETERNAL God!Restore the luster to my eyes,lest I sleep the sleep of death;",Ninguno
Psalms,13,5,פןיאמר איבי יכלתיו צרי יגילו כי אמוט,"lest my enemy say, “I have overcome him,”my foes exult when I totter.",Ninguno
Psalms,13,6,"ואני&thinsp;<b></b> בחסדך בטחתי יגל לבי בישועתך אשירה ליהוה כי גמל עלי&nbsp;<span class=""mam-spi-pe"">{פ}</span><br>","But I trust in Your faithfulness,my heart will exult in Your deliverance.I will sing to GOD,who has been good to me.",Ninguno
Psalms,14,1,למנצח לדוד אמר נבל בלבו אין אלהים השחיתו התעיבו עלילה אין עשהטוב,"aCf. Psalm 53. For the leader. Of David.The scoundrel thinks,“God does not care.”bGod does not care Lit. “There is no God”; cf. 10.4. HumancHuman Heb. “Their.” deeds are corrupt and loathsome;no one does good.",Ninguno
Psalms,14,2,יהוה משמים השקיף עלבניאדם לראות היש משכיל דרש אתאלהים,"GOD looks down from heaven on humankindto find someone with understanding,someone mindful of God.",Ninguno
Psalms,14,3,הכל סר יחדו נאלחו אין עשהטוב אין גםאחד,"All have turned bad,altogether foul;there is no one who does good,not even one.",Ninguno
Psalms,14,4,הלא ידעו כלפעלי און אכלי עמי אכלו לחם יהוה לא קראו,"Are they so witless, all those evildoers,who devour my people as they devour food,and do not invoke GOD?",Percepción (Yada)
Psalms,14,5,שם&thinsp;<b></b> פחדו פחד כיאלהים בדור צדיק,"There they will be seized with fright,for God is present in the circle of the righteous.",Ninguno
Psalms,14,6,עצתעני תבישו כי יהוה מחסהו,"You may set at naught the counsel of the lowly,but GOD is their refuge.",Ninguno
Psalms,14,7,"מי<span class=""mam-implicit-maqaf""></span>יתן מציון ישועת ישראל בשוב יהוה שבות עמו יגל יעקב ישמח ישראל&nbsp;<span class=""mam-spi-pe"">{פ}</span><br>","O that the deliverance of Israel might come from Zion!When GOD restores the fortunes of this covenanted people,Jacob will exult, Israel will rejoice.",Ninguno
Psalms,15,1,מזמור לדוד יהוה מייגור באהלך מיישכן בהר קדשך,"A psalm of David. GOD, who may sojourn in Your tent,who may dwell on Your holy mountain?",Ninguno
Psalms,15,2,הולך תמים ופעל צדק ודבר אמת בלבבו,"Anyone who lives without blame,who does what is right,and in their heart acknowledges the truth;",Ninguno
Psalms,15,3,לארגל&thinsp;<b></b> עללשנו לאעשה לרעהו רעה וחרפה לאנשא עלקרבו,"whose tongue is not given to evil;awhose tongue is not given to evil Meaning of Heb. uncertain; or “who has no slander upon the tongue.” who has never done harm to a compatriot,or borne reproach for [acts toward] a neighbor;",Ninguno
Psalms,15,4,נבזה&thinsp;<b></b> בעיניו נמאס ואתיראי יהוה יכבד נשבע להרע ולא ימר,"for whom someone contemptible is abhorrent,but who honors those who fear GOD;who keeps an oath even when it hurts;",Ninguno
Psalms,15,5,"כספו&thinsp;<b></b> לאנתן בנשך ושחד עלנקי לא<span class=""mam-implicit-maqaf""></span>לקח עשהאלה לא ימוט לעולם&nbsp;<span class=""mam-spi-pe"">{פ}</span><br>","who has never lent money at interest,or accepted a bribe against the innocent.One who acts thus shall never be shaken.",Ninguno
Psalms,16,1,מכתם לדוד שמרני אל כיחסיתי בך,"A michtamamichtam Meaning of Heb. uncertain. of David.Protect me, O God, for I seek refuge in You.",Ninguno
Psalms,16,2,אמרת ליהוה אדני אתה טובתי בלעליך,"I say to GOD,“You are my Sovereign, my benefactor;there is none above You.”bmy benefactor; / there is none above You In contrast to others “I have no good but in You.” ",Ninguno
Psalms,16,3,לקדושים אשרבארץ המה ואדירי כלחפציבם,"As to the holy and mighty ones that are in the land,my whole desire concerning them is that",Ninguno
Psalms,16,4,ירבו עצבותם אחר מהרו בלאסיך נסכיהם מדם ובלאשא אתשמותם עלשפתי,"those who espouse another [god]may have many sorrows!cAs to the holy and mighty ones … sorrows Meaning of Heb. uncertain; “holy and mighty ones” taken as epithets for divine beings; cf. qedoshim in Ps. 89.6, 8, and ʼaddirim in 1 Sam. 4.8. I will have no part of their bloody libations;their names will not pass my lips.",Ninguno
Psalms,16,5,יהוה מנתחלקי וכוסי אתה תומיך גורלי,GOD is my allotted share and portion;dportion Lit. “cup.” You control my fate.,Ninguno
Psalms,16,6,חבלים נפלולי בנעמים אףנחלת שפרה עלי,Delightful country has fallen to my lot;lovely indeed is my estate.,Ninguno
Psalms,16,7,אברך אתיהוה אשר יעצני אףלילות יסרוני כליותי,I bless GOD who has guided me;my conscienceeconscience Lit. “kidneys.” admonishes me at night.,Ninguno
Psalms,16,8,שויתי יהוה לנגדי תמיד כי מימיני בלאמוט,I am ever mindful of GOD’s presence—who is at my right hand; I shall never be shaken.,Ninguno
Psalms,16,9,לכן&thinsp;<b></b> שמח לבי ויגל כבודי אףבשרי ישכן לבטח,"So my heart rejoices,my whole being exults,and my body rests secure.",Ninguno
Psalms,16,10,כי&thinsp;<b></b> לאתעזב נפשי לשאול לאתתן חסידך לראות שחת,"For You will not abandon me to Sheol,or let Your faithful one see the Pit.",Ninguno
Psalms,16,11,"תודיעני ארח חיים שבע שמחות אתפניך נעמות בימינך נצח&nbsp;<span class=""mam-spi-pe"">{פ}</span><br>",You will teach me the path of life.In Your presence is perfect joy;delights are ever in Your right hand.,Ninguno
Psalms,17,1,תפלה לדוד שמעה יהוה&thinsp;<b></b> צדק הקשיבה רנתי האזינה תפלתי בלא שפתי מרמה,"A prayer of David.Hear, O ETERNAL One, what is just;heed my cry, give ear to my prayer,uttered without guile.",Ninguno
Psalms,17,2,מלפניך משפטי יצא עיניך תחזינה מישרים,My vindication will come from You;Your eyes will behold what is right.,Ninguno
Psalms,17,3,בחנת לבי&thinsp;<b></b> פקדת לילה צרפתני בלתמצא זמתי בליעברפי,"You have visited me at night, probed my mind,You have tested me and found nothing amiss;I determined that my mouth should not transgress.",Ninguno
Psalms,17,4,לפעלות אדם בדבר שפתיך אני שמרתי ארחות פריץ,"As for mortals’ dealings,in accord with the command of Your lips,aI determined … lips Meaning of Heb. uncertain. I have kept in view the fatebfate Cf. Prov. 1.19; lit. “paths.” of the lawless.",Ninguno
Psalms,17,5,תמך אשרי במעגלותיך בלנמוטו פעמי,My feet have held to Your paths;my legs have not given way.,Ninguno
Psalms,17,6,אניקראתיך כיתענני אל הטאזנך לי שמע אמרתי,"I call on You;You will answer me, God;turn Your ear to me,hear what I say.",Ninguno
Psalms,17,7,הפלה חסדיך מושיע חוסים ממתקוממים בימינך,"Display Your faithfulness in wondrous deeds,You who deliver with Your right handthose who seek refuge from assailants.",Ninguno
Psalms,17,8,שמרני כאישון בתעין בצל כנפיך תסתירני,Guard me like the apple of Your eye;hide me in the shadow of Your wings,Ninguno
Psalms,17,9,מפני רשעים זו שדוני איבי בנפש יקיפו עלי,"from the wicked who despoil me,my mortal enemies whocmy mortal enemies who Or “from my enemies who avidly.” encircle me.",Ninguno
Psalms,17,10,חלבמו סגרו פימו דברו בגאות,Their hearts are closed to pity;dTheir hearts are closed to pity Meaning of Heb. uncertain. they mouth arrogance;,Ninguno
Psalms,17,11,"אשרינו עתה <span class=""mam-kq""><span class=""mam-kq-k"">(סבבוני)</span> <span class=""mam-kq-q"">[סבבונו]</span></span> עיניהם ישיתו לנטות בארץ",now they hem in our feet on every side;they set their eyes roaming over the land.,Ninguno
Psalms,17,12,דמינו כאריה יכסוף לטרף וככפיר ישב במסתרים,"They areeThey are Heb. “He is.” like a lion eager for prey,a king of beasts lying in wait.",Ninguno
Psalms,17,13,קומה יהוה קדמה פניו הכריעהו פלטה נפשי מרשע חרבך,"Rise, O ETERNAL One! Go forth to meet my enemies.fmy enemies Heb. “him.” Bring them down;rescue me from the wicked with Your sword,",Ninguno
Psalms,17,14,"ממתיםידך&thinsp;<b></b> יהוה ממתים מחלד חלקם בחיים <span class=""mam-kq""><span class=""mam-kq-k"">(וצפינך)</span> <span class=""mam-kq-q"">[וצפונך]</span></span> תמלא בטנם ישבעו בנים והניחו יתרם לעולליהם","from mortals, O ETERNAL One, with Your hand,from mortals whose share in life is fleeting.But as to Your treasured ones,fill their bellies.gfrom mortals, O ETERNAL ONE, … fill their bellies Meaning of Heb. uncertain. Their children too shall be satisfied,and have something to leave over for their young.",Ninguno
Psalms,17,15,"אני בצדק אחזה פניך אשבעה בהקיץ תמונתך&nbsp;<span class=""mam-spi-pe"">{פ}</span><br>","Then I, justified, will behold Your face;awake, I am filled with the vision of You.",Ninguno
Psalms,18,1,"למנצח&thinsp;<b></b> לעבד יהוה לדוד אשר דבר&thinsp;<b></b> ליהוה אתדברי השירה הזאת ביום הציליהוה<span class=""mam-implicit-maqaf""></span>אותו מכף כלאיביו ומיד שאול","aThis poem occurs again at 2 Sam. 22, with a number of variations, some of which are cited in the following notes. For the leader. Of David, the servant of GOD, who addressed the words of this song to GOD after GOD had saved him from the hands of all his enemies and from the clutches of Saul.",Ninguno
Psalms,18,2,ויאמר ארחמך יהוה חזקי,"He said:I adore you, O ETERNAL One, my strength,bI adore you, O ETERNAL ONE, my strength Not in 2 Sam. 22.2. ",Ninguno
Psalms,18,3,יהוה&thinsp;<b></b> סלעי ומצודתי ומפלטי אלי צורי אחסהבו מגני וקרןישעי משגבי,"O ETERNAL One, my crag, my fortress, my deliverer,my God, my rock in which I take shelter,my shield, my mighty champion,cmighty champion Lit. “horn of rescue.” my haven.",Ninguno
Psalms,18,4,מהלל אקרא יהוה ומןאיבי אושע,All praise! I called on GODdAll praise! I called on GOD Construction of Heb. uncertain. and was delivered from my enemies.,Ninguno
Psalms,18,5,אפפוני חבלימות ונחלי בליעל יבעתוני,"RopeseRopes Cf. 2 Sam. 22.5 “breakers.” of Death encompassed me;torrents of BelialfBelial I.e., the netherworld, like “Death” and “Sheol.” terrified me;",Ninguno
Psalms,18,6,חבלי שאול סבבוני קדמוני מוקשי מות,ropes of Sheol encircled me;snares of Death confronted me.,Ninguno
Psalms,18,7,בצרלי&thinsp;<b></b> אקרא יהוה ואלאלהי אשוע ישמע מהיכלו קולי ושועתי לפניו&thinsp;<b></b> תבוא באזניו,"In my anguish I called on the ETERNAL,cried out to my God,who from a heavenly abodega heavenly abode Lit. “His temple”; cf. v. 10. heard my voice,whose ears received my cry.",Ninguno
Psalms,18,8,ותגעש ותרעש&thinsp;<b></b> הארץ ומוסדי הרים ירגזו ויתגעשו כיחרה לו,Then the earth rocked and quaked;the foundations of the mountains shook—rocked by divine indignation;,Ninguno
Psalms,18,9,עלה עשן&thinsp;<b></b> באפו ואשמפיו תאכל גחלים בערו ממנו,"smoke went up from God’s nostrils,devouring fire from God’s mouth—live coals blazing forth.",Ninguno
Psalms,18,10,ויט שמים וירד וערפל תחת רגליו,"[God] bent the sky and came down,thick cloud beneath divine feet.",Ninguno
Psalms,18,11,וירכב עלכרוב ויעף וידא עלכנפירוח,"[God] mounted a cherub and flew,gliding on the wings of the wind.",Ninguno
Psalms,18,12,"ישת<span class=""mam-implicit-maqaf""></span>חשך&thinsp;<b></b> סתרו סביבותיו סכתו חשכתמים עבי שחקים","[God] made darkness a screen—pavilions of dark thunderheads,dense clouds of the sky all around.",Ninguno
Psalms,18,13,מנגה נגדו עביו עברו ברד וגחליאש,"In the divine brilliance,hail and fiery coals pierced those clouds.hpierced those clouds Cf. 2 Sam. 22.13 “blazed.” ",Ninguno
Psalms,18,14,וירעם בשמים&thinsp;<b></b> יהוה ועליון יתן קלו ברד וגחליאש,"Then GOD thundered from heaven,the Most High gave forth voice—hail and fiery coalsihail and fiery coals Not in 2 Sam. 22.14.—",Ninguno
Psalms,18,15,וישלח חציו ויפיצם וברקים רב ויהמם,"letting shafts fly, and scattering them;discharging lightning, and routing them.",Ninguno
Psalms,18,16,ויראו&thinsp;<b></b> אפיקי מים ויגלו מוסדות תבל מגערתך יהוה מנשמת רוח אפך,"The ocean bed was exposed;the foundations of the world were laid bareby Your mighty roaring, O ETERNAL One,at the blast of Your breath.jYour breath Lit. “the breath of Your nostrils.” ",Ninguno
Psalms,18,17,ישלח ממרום יקחני ימשני ממים רבים,"Reaching down from on high, [God] took me,drawing me out of the mighty waters—",Ninguno
Psalms,18,18,יצילני מאיבי עז ומשנאי כיאמצו ממני,"rescuing me from my fierce enemy,from foes too strong for me.",Ninguno
Psalms,18,19,יקדמוני ביוםאידי ויהייהוה למשען לי,"They confronted me on the day of my calamity,but GOD was my support—",Ninguno
Psalms,18,20,"ויוציאני למרחב יחלצני כי<span class=""mam-implicit-maqaf""></span>חפץ<span class=""mam-implicit-maqaf""></span>בי","bringing me out to freedom,pleased with me enough to rescue me.",Ninguno
Psalms,18,21,יגמלני יהוה כצדקי כבר ידי ישיב לי,GOD rewarded me according to my merit—requiting the cleanness of my hands—,Ninguno
Psalms,18,22,כישמרתי דרכי יהוה ולארשעתי מאלהי,for I have kept to the ways of GOD and have not been guilty before my God;,Ninguno
Psalms,18,23,כי כלמשפטיו לנגדי וחקתיו לאאסיר מני,for I am mindful of all God’s rulesand have not disregarded God’s laws.,Ninguno
Psalms,18,24,ואהי תמים עמו ואשתמר מעוני,"I have been blameless toward [God],and have guarded myself against sinning;",Ninguno
Psalms,18,25,וישביהוה לי כצדקי כבר ידי לנגד עיניו,"and GOD has requited my merit,according to the evident cleanness of my hands.",Ninguno
Psalms,18,26,עםחסיד תתחסד עםגבר תמים תתמם,"With the loyal, You deal loyally;with the blameless,kthe blameless Heb. “blameless man.” blamelessly.",Ninguno
Psalms,18,27,עםנבר תתברר ועםעקש תתפתל,"With the pure, You act purely,and with the perverse, You are wily.",Ninguno
Psalms,18,28,כיאתה עםעני תושיע ועינים רמות תשפיל,"It is You who deliver lowly folk,but haughty eyes You humble.",Ninguno
Psalms,18,29,כיאתה תאיר נרי יהוה אלהי יגיה חשכי,It is You who light my lamp;my ETERNAL God lights up my darkness.,Ninguno
Psalms,18,30,כיבך ארץ גדוד ובאלהי אדלגשור,"With You, I can rush a barrier;lbarrier Cf. note to 2 Sam. 22.30; or “troop.” with my God, I can scale a wall.",Ninguno
Psalms,18,31,האל תמים דרכו אמרתיהוה צרופה מגן הוא לכל&thinsp;<b></b> החסים בו,The way of God is perfect;the word of the ETERNAL is pure.[God] shields all who seek refuge.,Ninguno
Psalms,18,32,כי מי אלוה מבלעדי יהוה ומי צור זולתי אלהינו,"Truly, who is a god except the ETERNAL,who is a rock but our God?—",Ninguno
Psalms,18,33,האל המאזרני חיל ויתן תמים דרכי,"the God who girded me with might,who made my way secure;",Ninguno
Psalms,18,34,משוה רגלי כאילות ועל במתי יעמידני,"who made my legs like a deer’s,and set me firmly on themthe Taking bamothai as a poetic form of bamoth; cf. Hab. 3.19; in contrast to others “my.” heights;",Ninguno
Psalms,18,35,מלמד ידי למלחמה ונחתה קשתנחושה זרועתי,who trained my hands for battle—my arms can bend a bow of bronze!,Ninguno
Psalms,18,36,ותתןלי מגן ישעך וימינך תסעדני וענותך תרבני,"You have granted me the shield of Your protection;Your right hand has sustained me,Your carencare Meaning of Heb. uncertain; in contrast to others “condescension.” has made me great.",Ninguno
Psalms,18,37,תרחיב צעדי תחתי ולא מעדו קרסלי,You have let me stride on freely;my feet have not slipped.,Ninguno
Psalms,18,38,ארדוף אויבי ואשיגם ולאאשוב עדכלותם,I pursued my enemies and overtook them;I did not turn back till I destroyed them.,Ninguno
Psalms,18,39,אמחצם ולאיכלו קום יפלו תחת רגלי,"I struck them down,and they could rise no more;they lay at my feet.",Ninguno
Psalms,18,40,ותאזרני חיל למלחמה תכריע קמי תחתי,"You have girded me with strength for battle,brought low my adversaries before me,",Ninguno
Psalms,18,41,ואיבי נתתה לי ערף ומשנאי אצמיתם,made my enemies turn tail before me;I wiped out my foes.,Ninguno
Psalms,18,42,ישועו ואיןמושיע עליהוה ולא ענם,"They cried out, but there was none to deliver;to GOD, who did not answer them.",Ninguno
Psalms,18,43,ואשחקם כעפר עלפנירוח כטיט חוצות אריקם,I ground them fine as windswept dust;I trod them flat like dirt of the streets.,Ninguno
Psalms,18,44,תפלטני מריבי עם תשימני לראש גוים עם לאידעתי יעבדוני,You have rescued me from the strife of people;You have set me at the head of nations;peoples I knew not must serve me.,Percepción (Yada)
Psalms,18,45,לשמע אזן ישמעו לי בנינכר יכחשולי,At the mere report of me they are submissive;foreign peoples cower before me.,Ninguno
Psalms,18,46,בנינכר יבלו ויחרגו ממסגרותיהם,"Foreign peoples lose courage,and come trembling out of their strongholds.oand come trembling out of their strongholds Meaning of Heb. uncertain. ",Ninguno
Psalms,18,47,חייהוה וברוך צורי וירום אלוהי ישעי,"GOD lives! Blessed is my rock!Exalted be God, my deliverer,",Ninguno
Psalms,18,48,האל הנותן נקמות לי וידבר עמים תחתי,"the God who has vindicated meand made peoples subject to me,",Ninguno
Psalms,18,49,מפלטי מאיבי אף מןקמי תרוממני מאיש חמס תצילני,"who rescued me from my enemies,who raised me clear of my adversaries,saved me from the lawless opposition!",Ninguno
Psalms,18,50,עלכן&thinsp;<b></b> אודך בגוים&thinsp;<small></small>&thinsp;יהוה ולשמך אזמרה,"For this I sing Your praise among the nations, ETERNAL One,and hymn Your name:",Ninguno
Psalms,18,51,"<span class=""mam-kq-trivial"">מגדל</span> ישועות מלכו ועשה חסד&thinsp;<b></b> למשיחו לדוד ולזרעו עדעולם&nbsp;<span class=""mam-spi-pe"">{פ}</span><br>","According great victoriespAccording great victories Cf. 2 Sam. 22.51, “Tower of victory.” to YourqYour Heb. 3rd person. king,keeping faith with YourrYour See preceding note. anointed,with David and his offspring evermore.",Ninguno
Psalms,19,1,למנצח מזמור לדוד,For the leader. A psalm of David.,Ninguno
Psalms,19,2,השמים מספרים כבודאל ומעשה ידיו מגיד הרקיע,"The heavens declare the glory of God,the sky proclaims God’s handiwork.",Ninguno
Psalms,19,3,יום ליום יביע אמר ולילה ללילה יחוהדעת,"Day to day makes utterance,night to night speaks out.",Ninguno
Psalms,19,4,איןאמר ואין דברים בלי נשמע קולם,"There is no utterance,there are no words,whose sound goes unheard.awhose sound goes unheard With Septuagint, Symmachus, and Vulgate; or “their sound is not heard.” ",Ninguno
Psalms,19,5,בכלהארץ&thinsp;<b></b> יצא קום ובקצה תבל מליהם לשמש שםאהל בהם,"TheirbTheir Namely, of the heavens. voicecvoice Cf. Septuagint, Symmachus, and Vulgate; Arabic qawwah, “to shout.” carries throughout the earth,their words to the end of the world.[God] placed in them a tent for the sun,",Ninguno
Psalms,19,6,והוא כחתן יצא מחפתו ישיש כגבור לרוץ ארח,"who is like a groom coming forth from the chamber,like a hero, eager to run his course.",Ninguno
Psalms,19,7,מקצה השמים&thinsp;<b></b> מוצאו ותקופתו עלקצותם ואין נסתר מחמתו,"His rising-place is at one end of heaven,and his circuit reaches the other;nothing escapes his heat.",Ninguno
Psalms,19,8,תורת יהוה תמימה משיבת נפש עדות יהוה נאמנה מחכימת פתי,"The teaching of GOD is perfect,renewing life;the decrees of GOD are enduring,making the simple wise,",Ninguno
Psalms,19,9,פקודי יהוה ישרים משמחילב מצות יהוה ברה מאירת עינים,"The precepts of GOD are just,rejoicing the heart;the instruction of GOD is lucid,making the eyes light up.",Ninguno
Psalms,19,10,יראת יהוה&thinsp;<b></b> טהורה עומדת לעד משפטייהוה אמת צדקו יחדו,"The fear of GOD is pure,abiding forever;the judgments of GOD are true,righteous altogether,",Ninguno
Psalms,19,11,הנחמדים מזהב ומפז רב ומתוקים מדבש ונפת צופים,"more desirable than gold,than much fine gold;sweeter than honey,than drippings of the comb.",Ninguno
Psalms,19,12,גםעבדך נזהר בהם בשמרם עקב רב,Your servant pays them heed;in obeying them there is much reward.,Ninguno
Psalms,19,13,שגיאות מייבין מנסתרות נקני,"Who can be aware of errors?Clear me of unperceived guilt,",Separación (Beyn)
Psalms,19,14,גם מזדים&thinsp;<b></b> חשך עבדך אלימשלובי אז איתם ונקיתי מפשע רב,and from willful sinsdwillful sins Or “the arrogant”; cf. 119.51. keep Your servant;let them not dominate me;then shall I be blamelessand clear of grave offense.,Ninguno
Psalms,19,15,"יהיולרצון&thinsp;<b></b> אמריפי והגיון לבי לפניך יהוה צורי וגאלי&nbsp;<span class=""mam-spi-pe"">{פ}</span><br>","May the words of my mouthand the prayer of my hearteheart For leb as a source of speech, see note to Eccl. 5.1. be acceptable to You,O ETERNAL One, my rock and my redeemer.",Ninguno
Psalms,20,1,למנצח מזמור לדוד,For the leader. A psalm of David.,Ninguno
Psalms,20,2,יענך יהוה ביום צרה ישגבך שם&thinsp;<b></b> אלהי יעקב,"May GOD answer you in time of trouble,the name of Jacob’s God keep you safe—",Ninguno
Psalms,20,3,ישלחעזרך מקדש ומציון יסעדך,"sending you help from the sanctuary,and sustaining you from Zion.",Ninguno
Psalms,20,4,יזכר כלמנחתך ועולתך ידשנה סלה,"May [God] receive the tokensareceive the tokens Cf. ʼazkarah, “token portion” of grain offering; Lev. 2.2, 9, 16, etc. of all your grain offerings,and approvebapprove Meaning of Heb. uncertain. your burnt offerings.    Selah. ",Ninguno
Psalms,20,5,יתןלך כלבבך וכלעצתך ימלא,"May your desire be granted,your every plan fulfilled.",Ninguno
Psalms,20,6,נרננה&thinsp;<b></b> בישועתך ובשםאלהינו נדגל ימלא יהוה כלמשאלותיך,"May we shout for joy in your victory,arrayed by standards in the name of our God.May GOD fulfill your every wish.",Ninguno
Psalms,20,7,עתה ידעתי כי הושיע&thinsp;<small></small>&thinsp;יהוה משיחו יענהו משמי קדשו בגברות ישע ימינו,"Now I know that GOD will give victory to our anointed one,will answer him from the heavenly sanctuarywith the mighty victories of God’s right arm.",Percepción (Yada)
Psalms,20,8,אלה ברכב ואלה בסוסים ואנחנו&thinsp;<b></b> בשםיהוה אלהינו נזכיר,"They [call] on chariots, they [call] on horses,but we call on the name of the ETERNAL our God.",Ninguno
Psalms,20,9,המה כרעו ונפלו ואנחנו קמנו ונתעודד,"They collapse and lie fallen,but we rally and gather strength.",Ninguno
Psalms,20,10,"יהוה הושיעה המלך יעננו ביוםקראנו&nbsp;<span class=""mam-spi-pe"">{פ}</span><br>","O ETERNAL One, grant victory to the king;may [God] answer us when we call.cO ETERNAL ONE, grant victory to the king; / may [God] answer us when we call Or “O ETERNAL ONE, grant victory! / May the King answer us when we call,” depicting GOD as the figure who leads the (divine) army into battle. ",Ninguno
Psalms,21,1,למנצח מזמור לדוד,For the leader. A psalm of David.,Ninguno
Psalms,21,2,"יהוה בעזך ישמחמלך ובישועתך מה<span class=""mam-kq""><span class=""mam-kq-q"">[יגל]</span> <span class=""mam-kq-k"">(יגיל)</span></span> מאד","O ETERNAL One, the king rejoices in Your strength;how greatly he exults in Your victory!",Ninguno
Psalms,21,3,תאות לבו נתתה לו וארשת שפתיו בלמנעת סלה,"You have granted him the desire of his heart,have not denied the request of his lips.    Selah. ",Ninguno
Psalms,21,4,כיתקדמנו ברכות טוב תשית לראשו עטרת פז,"You have proffered him blessings of good things,have set upon his head a crown of fine gold.",Ninguno
Psalms,21,5,חיים&thinsp;<b></b> שאל ממך נתתה לו ארך ימים עולם ועד,"He asked You for life; You granted it;a long life, everlasting.",Ninguno
Psalms,21,6,גדול כבודו בישועתך הוד והדר תשוה עליו,Great is his glory through Your victory;You have endowed him with splendor and majesty.,Ninguno
Psalms,21,7,כיתשיתהו ברכות לעד תחדהו בשמחה אתפניך,"You have made him blessed forever,gladdened him with the joy of Your presence.",Ninguno
Psalms,21,8,כיהמלך בטח ביהוה ובחסד עליון בלימוט,For the king trusts in GOD;through the faithfulness of the Most Highhe will not be shaken.,Ninguno
Psalms,21,9,תמצא ידך לכלאיביך ימינך תמצא שנאיך,Your hand is equal to all Your enemies;Your right hand overpowers Your foes.,Ninguno
Psalms,21,10,תשיתמו&thinsp;<b></b> כתנור אש לעת פניך יהוה באפו יבלעם ותאכלם אש,You set them ablaze like a furnacewhen You show Your presence.awhen You show Your presence Or “at the time of Your anger.” GOD in anger destroys them;fire consumes them.,Ninguno
Psalms,21,11,פרימו מארץ תאבד וזרעם מבני אדם,"You wipe their offspring from the earth,their issue from among humankind.",Ninguno
Psalms,21,12,כינטו עליך רעה חשבו מזמה בליוכלו,"For they schemed against You;they laid plans,but could not succeed.",Ninguno
Psalms,21,13,כי תשיתמו שכם במיתריך תכונן עלפניהם,For You make them turn backbFor You make them turn back Meaning of Heb. uncertain. by Your bows aimed at their face.,Ninguno
Psalms,21,14,"רומה יהוה בעזך נשירה ונזמרה גבורתך&nbsp;<span class=""mam-spi-pe"">{פ}</span><br>","Be exalted, O ETERNAL One, through Your strength;we will sing and chant the praises of Your mighty deeds.",Ninguno
Psalms,22,1,למנצח עלאילת השחר מזמור לדוד,For the leader; on ayyeleth ha-shaḥar.aayyeleth ha-shaḥar Meaning of Heb. uncertain. A psalm of David.,Ninguno
Psalms,22,2,אלי אלי למה עזבתני רחוק מישועתי דברי שאגתי,"My God, my God,why have You abandoned me;why so far from delivering meand from my anguished roaring?",Ninguno
Psalms,22,3,אלהי אקרא יומם ולא תענה ולילה ולאדמיה לי,"My God,I cry by day—You answer not;by night, and have no respite.",Ninguno
Psalms,22,4,ואתה קדוש יושב תהלות ישראל,"But You are the Holy One,enthroned,the Praise of Israel.bBut You are the Holy One, / enthroned, / the Praise of Israel Or “But You are holy, enthroned upon the praises of Israel.” ",Ninguno
Psalms,22,5,בך בטחו אבתינו בטחו ותפלטמו,"In You our ancestors trusted;they trusted, and You rescued them.",Ninguno
Psalms,22,6,אליך זעקו ונמלטו בך בטחו ולאבושו,To You they cried outand they escaped;in You they trustedand were not disappointed.,Ninguno
Psalms,22,7,ואנכי תולעת ולאאיש חרפת אדם ובזוי עם,"But I am a worm, less than human;cless than human Or “inconsequential.” scorned by everyone, despised by people.",Ninguno
Psalms,22,8,כלראי ילעגו לי יפטירו בשפה יניעו ראש,"All who see me mock me;they curl their lips,dthey curl their lips Lit. “they open wide with a lip.” they shake their heads.",Ninguno
Psalms,22,9,"גל אליהוה יפלטהו יצילהו כי<span class=""mam-implicit-maqaf""></span>חפץ<span class=""mam-implicit-maqaf""></span>בו","“Let him commit himself to GOD;let [God] rescue him,let [God] save him,for [God] is pleased with him.”",Ninguno
Psalms,22,10,כיאתה גחי מבטן מבטיחי עלשדי אמי,"You drew meedrew me Meaning of Heb. uncertain. from the womb,made me secure at my mother’s breast.",Ninguno
Psalms,22,11,עליך השלכתי מרחם מבטן אמי אלי אתה,I became Your charge at birth;from my mother’s womb You have been my God.,Ninguno
Psalms,22,12,אלתרחק ממני כיצרה קרובה כיאין עוזר,"Do not be far from me,for trouble is near,and there is none to help.",Ninguno
Psalms,22,13,סבבוני פרים רבים אבירי בשן כתרוני,"Many bulls surround me,mighty ones of Bashan encircle me.",Ninguno
Psalms,22,14,פצו עלי פיהם אריה טרף ושאג,"They open their mouths at melike tearing, roaring lions.",Ninguno
Psalms,22,15,כמים נשפכתי והתפרדו כלעצמותי היה לבי כדונג נמס בתוך מעי,"My life ebbs away:fMy life ebbs away Lit. “I am poured out like water.” all my bones are disjointed;my heart is like wax,melting within me;",Ninguno
Psalms,22,16,יבש כחרש&thinsp;<b></b> כחי ולשוני מדבק מלקוחי ולעפרמות תשפתני,my vigor dries up like a shard;my tongue cleaves to my palate;You commit me to the dust of death.,Ninguno
Psalms,22,17,כי סבבוני כלבים עדת מרעים הקיפוני כארי ידי ורגלי,"Dogs surround me;a pack of evil ones closes in on me,like lions [they maul] my hands and feet.glike lions [they maul] my hands and feet With Rashi; cf. Isa. 38.13. ",Ninguno
Psalms,22,18,אספר כלעצמותי המה יביטו יראובי,I take the count of all my boneswhile they look on and gloat.,Ninguno
Psalms,22,19,יחלקו בגדי להם ועללבושי יפילו גורל,"They divide my clothes among themselves,casting lots for my garments.",Ninguno
Psalms,22,20,ואתה יהוה אלתרחק אילותי לעזרתי חושה,"But You, O ETERNAL One, be not far off;my strength, hasten to my aid.",Ninguno
Psalms,22,21,הצילה מחרב נפשי מידכלב יחידתי,"Save my life from the sword,my precious lifehprecious life Lit. “only one.” from the clutches of a dog.",Ninguno
Psalms,22,22,הושיעני מפי אריה ומקרני רמים עניתני,Deliver me from a lion’s mouth;from the horns of wild oxen rescueirescue Lit. “answer.” me.,Ninguno
Psalms,22,23,אספרה שמך לאחי בתוך קהל אהללך,"Then will I proclaim Your fame to my kin,praise You in the congregation.",Ninguno
Psalms,22,24,יראי יהוה&thinsp;<b></b> הללוהו כלזרע יעקב כבדוהו וגורו ממנו כלזרע ישראל,"You who fear GOD, give praise!All you offspring of Jacob, show honor!Be in dread, all you offspring of Israel!",Ninguno
Psalms,22,25,כי לאבזה ולא שקץ ענות עני ולאהסתיר פניו ממנו ובשועו אליו שמע,"For [God] did not scorn, and did not spurn,the pleajplea Or “plight.” of anyone lowly;[God] did not turn awaykturn away Lit. “hide His face.” from them;when they cried out, [God] listened.",Ninguno
Psalms,22,26,מאתך תהלתי בקהל רב נדרי אשלם נגד יראיו,Because of You I offer praiselBecause of You I offer praise Lit. “From You is my praise.” in the great congregation;I pay my vows in the presence of God’s worshipers.,Ninguno
Psalms,22,27,יאכלו ענוים&thinsp;<b></b> וישבעו יהללו יהוה דרשיו יחי לבבכם לעד,Let the lowly eat and be satisfied;let all who seek GOD give praise.Always be of good cheer!,Ninguno
Psalms,22,28,יזכרו&thinsp;<b></b> וישבו אליהוה כלאפסיארץ וישתחוו לפניך כלמשפחות גוים,"Let all the ends of the earth pay heed and turn to GOD,and the peoples of all nations prostrate themselves before You;",Ninguno
Psalms,22,29,כי ליהוה המלוכה ומשל בגוים,"for sovereignty is GOD’s,who rules the nations.",Ninguno
Psalms,22,30,אכלו וישתחוו&thinsp;<b></b> כלדשניארץ לפניו יכרעו כליורדי עפר ונפשו לא חיה,"mMeaning of verse uncertain; in contrast to others “All the fat ones of the earth shall eat and worship; / All they that go down to the dust shall kneel before Him, / Even he that cannot keep his soul alive.” All those in full vigor shall eat and prostrate themselves;all those at death’s door, whose spirits flag,shall bend the knee in submission.",Ninguno
Psalms,22,31,זרע יעבדנו יספר לאדני לדור,Offspring shall serve [God];the Sovereign’s fame shall be proclaimed to the generation ,Ninguno
Psalms,22,32,"יבאו ויגידו צדקתו לעם נולד כי עשה&nbsp;<span class=""mam-spi-pe"">{פ}</span><br>","to come;they shall tell of the beneficence to people yet to be born,for [God] has acted.",Ninguno
Psalms,23,1,מזמור לדוד יהוה רעי לא אחסר,A psalm of David. GOD is my shepherd;I lack nothing.,Ninguno
Psalms,23,2,בנאות דשא ירביצני עלמי מנחות ינהלני,"[God] makes me lie down in green pastures,and leads me to water in places of repose—awater in places of repose In contrast to others “still waters.” ",Ninguno
Psalms,23,3,נפשי ישובב ינחני במעגליצדק למען שמו,"renewing my life,guiding me in the right pathsas befits the divine name.",Ninguno
Psalms,23,4,גם כיאלך בגיא צלמות לאאירא רע כיאתה עמדי שבטך ומשענתך המה ינחמני,"Though I walk through a valley of deepest darkness,ba valley of deepest darkness In contrast to others “the valley of the shadow of death.” I fear no harm, for You are with me;Your rod and Your staff—they comfort me.",Ninguno
Psalms,23,5,תערך לפני&thinsp;<b></b> שלחן נגד צררי דשנת בשמן ראשי כוסי רויה,You spread a table for me in full view of my enemies;You anoint my head with oil;my drink is abundant.,Ninguno
Psalms,23,6,"אך&thinsp;<b></b> טוב וחסד ירדפוני כלימי חיי ושבתי בביתיהוה לארך ימים&nbsp;<span class=""mam-spi-pe"">{פ}</span><br>","Only goodness and steadfast love shall pursue meall the days of my life,and I shall dwell in GOD’s housefor many long years.",Ninguno
Psalms,24,1,לדוד מזמור ליהוה הארץ ומלואה תבל וישבי בה,"Of David. A psalm.The earth is GOD’s and all that it holds,the world and its inhabitants.",Ninguno
Psalms,24,2,כיהוא עלימים יסדה ועלנהרות יכוננה,"For [God] founded it upon the ocean,set it on the nether-streams.",Ninguno
Psalms,24,3,מייעלה בהריהוה ומייקום במקום קדשו,Who may ascend GOD’s mountain?Who may stand in that holy place?—,Ninguno
Psalms,24,4,נקי כפים וברלבב אשר&thinsp;<b></b> לאנשא לשוא נפשי ולא נשבע למרמה,"Anyone who has clean hands and a pure heart,who has not taken a false oath by MyaMy Ancient versions and some mss. read in the 3rd person. lifeor sworn deceitfully.",Ninguno
Psalms,24,5,ישא ברכה מאת יהוה וצדקה מאלהי ישעו,"They shall carry away a blessing from GOD,a just reward from God, their deliverer.",Ninguno
Psalms,24,6,זה דור דרשו מבקשי פניך יעקב סלה,"Such is the circlebcircle Lit. “generation.” of those who turn to You,cYou Heb. 3rd person. Jacob, who seek Your presence.    Selah. ",Ninguno
Psalms,24,7,שאו שערים&thinsp;<b></b> ראשיכם והנשאו פתחי עולם ויבוא מלך הכבוד,"O gates, lift up your heads!Up high, you everlasting doors,so the KingdKing I.e., the One who leads the celestial army. of glory may come in!",Ninguno
Psalms,24,8,מי זה מלך הכבוד יהוה עזוז וגבור יהוה גבור מלחמה,"Who is the King of glory?—GOD, mighty and valiant, GOD, valiant in battle.",Ninguno
Psalms,24,9,שאו שערים&thinsp;<b></b> ראשיכם ושאו פתחי עולם ויבא מלך הכבוד,"O gates, lift up your heads!Lift them up, you everlasting doors,so the King of glory may come in!",Ninguno
Psalms,24,10,"מי<span class=""mam-implicit-maqaf""></span>הוא זה מלך הכבוד יהוה צבאות הוא מלך הכבוד סלה&nbsp;<span class=""mam-spi-pe"">{פ}</span><br>",Who is the King of glory?—GOD of Hostsis truly the King of glory!    Selah. ,Ninguno
Psalms,25,1,לדוד אליך יהוה נפשי אשא,"Of David. א O ETERNAL One, I set my hope on You;",Ninguno
Psalms,25,2,אלהי בך בטחתי אלאבושה אליעלצו אויבי לי,"ב my God, in You I trust;may I not be disappointed,may my enemies not exult over me.",Ninguno
Psalms,25,3,גם כלקויך לא יבשו יבשו הבוגדים ריקם,"ג O let no one who looks to You be disappointed;let the faithless be disappointed, empty-handed.",Ninguno
Psalms,25,4,דרכיך יהוה הודיעני ארחותיך למדני,"ד Let me know Your paths, O ETERNAL One;teach me Your ways;",Ninguno
Psalms,25,5,הדריכני באמתך&thinsp;<b></b> ולמדני כיאתה אלהי ישעי אותך קויתי כלהיום,"ה ו guide me in Your true way and teach me,for You are God, my deliverer;it is You I look to at all times.",Ninguno
Psalms,25,6,זכררחמיך יהוה וחסדיך כי מעולם המה,"ז O ETERNAL One, be mindful of Your compassionand Your faithfulness;they are old as time.",Ninguno
Psalms,25,7,חטאות נעורי&thinsp;<b></b> ופשעי אלתזכר כחסדך זכרליאתה למען טובך יהוה,"ח Be not mindful of my youthful sins and transgressions;in keeping with Your faithfulness consider what is in my favor,as befits Your goodness, O ETERNAL One.",Ninguno
Psalms,25,8,טובוישר יהוה עלכן יורה חטאים בדרך,"ט Good and upright is GOD,who shows sinners the way.",Ninguno
Psalms,25,9,ידרך ענוים במשפט וילמד ענוים דרכו,"י [God] guides the lowly in the right path,and teaches the lowly the godly way.",Ninguno
Psalms,25,10,כלארחות יהוה חסד ואמת לנצרי בריתו ועדתיו,כ All GOD’s paths are steadfast lovefor those who keep the decrees of the covenant.,Ninguno
Psalms,25,11,למעןשמך יהוה וסלחת לעוני כי רבהוא,"ל As befits Your name, O ETERNAL One,pardon my iniquity though it be great.",Ninguno
Psalms,25,12,מיזה האיש ירא יהוה יורנו בדרך יבחר,מ Whoever fears GOD will be shown what path to choose.,Ninguno
Psalms,25,13,נפשו בטוב תלין וזרעו יירש ארץ,"נ They shall live a happy life,and their children shall inherit the land.",Ninguno
Psalms,25,14,סוד יהוה ליראיו ובריתו להודיעם,ס GOD’s counselacounsel Or “secret.” is for those who show reverence;to them the covenant is made known.,Ninguno
Psalms,25,15,עיני תמיד אליהוה כי הואיוציא מרשת רגלי,"ע My eyes are ever toward GOD,who will loose my feet from the net.",Ninguno
Psalms,25,16,פנהאלי וחנני כייחיד ועני אני,"פ Turn to me, have mercy on me,for I am alone and afflicted.",Ninguno
Psalms,25,17,צרות לבבי הרחיבו ממצוקותי הוציאני,צ My deep distressbMy deep distress Lit. “The distress of my heart.” increases;deliver me from my straits.,Ninguno
Psalms,25,18,ראה עניי ועמלי ושא לכלחטאותי,"ר Look at my affliction and suffering,and forgive all my sins.",Ninguno
Psalms,25,19,ראהאיבי כירבו ושנאת חמס שנאוני,"See how numerous my enemies are,and how unjustly they hate me!",Ninguno
Psalms,25,20,שמרה נפשי והצילני אלאבוש כיחסיתי בך,"ש Protect me and save me;let me not be disappointed,for I have sought refuge in You.",Ninguno
Psalms,25,21,תםוישר יצרוני כי קויתיך,"ת May integrity and uprightness watch over me,for I look to You.",Ninguno
Psalms,25,22,"פדה אלהים אתישראל מכל צרותיו&nbsp;<span class=""mam-spi-pe"">{פ}</span><br>","O God, redeem Israelfrom all its distress.",Ninguno
Psalms,26,1,לדוד&thinsp;<b></b> שפטני יהוה כיאני בתמי הלכתי וביהוה בטחתי לא אמעד,"Of David.Vindicate me, O ETERNAL One,for I have walked without blame;I have trusted in GOD;I have not faltered.",Ninguno
Psalms,26,2,"בחנני יהוה ונסני <span class=""mam-kq""><span class=""mam-kq-k"">(צרופה)</span> <span class=""mam-kq-q"">[צרפה]</span></span> כליותי ולבי","Probe me, O ETERNAL One, and try me,test my heart and mind;aheart and mind Lit. “kidneys and heart.” ",Ninguno
Psalms,26,3,כיחסדך לנגד עיני והתהלכתי באמתך,"for my eyes are on Your steadfast love;I have set my course by it.bfor my eyes are on Your steadfast love; / I have set my course by it Or “I am aware of Your faithfulness, and always walk in Your true [path].” ",Ninguno
Psalms,26,4,לאישבתי עםמתישוא ועם נעלמים לא אבוא,"I do not consort with scoundrels,or mix with hypocrites;",Ninguno
Psalms,26,5,שנאתי קהל מרעים ועםרשעים לא אשב,"I detest the company of evildoers,and do not consort with the wicked;",Ninguno
Psalms,26,6,ארחץ בנקיון כפי ואסבבה אתמזבחך יהוה,"I wash my hands in innocence,and walk around Your altar, O ETERNAL One,",Ninguno
Psalms,26,7,לשמע בקול תודה ולספר כלנפלאותיך,"raising my voice in thanksgiving,and telling all Your wonders.",Ninguno
Psalms,26,8,יהוה אהבתי מעון ביתך ומקום משכן כבודך,"O ETERNAL One, I love Your temple abode,the dwelling-place of Your glory.",Ninguno
Psalms,26,9,אלתאסף עםחטאים נפשי ועםאנשי דמים חיי,"Do not sweep me away with sinners,or [snuff out] my life with murderers,",Ninguno
Psalms,26,10,אשרבידיהם זמה וימינם מלאה שחד,"who have schemes at their fingertips,and hands full of bribes.",Ninguno
Psalms,26,11,ואני בתמי אלך פדני וחנני,"But I walk without blame;redeem me, have mercy on me!",Ninguno
Psalms,26,12,"רגלי עמדה במישור במקהלים אברך יהוה&nbsp;<span class=""mam-spi-pe"">{פ}</span><br>",My feet are on level ground.In assemblies I will bless GOD.,Ninguno
Psalms,27,1,לדוד&thinsp;<b></b> יהוה&thinsp;<b></b> אורי וישעי ממי אירא יהוה מעוזחיי ממי אפחד,"Of David. GOD is my light and my help;whom should I fear? GOD is the stronghold of my life,whom should I dread?",Ninguno
Psalms,27,2,בקרב עלי&thinsp;<b></b> מרעים לאכל אתבשרי צרי ואיבי לי המה כשלו ונפלו,"When evildoers assail meto devour my fleshato devour my flesh Or “to slander me”; cf. Dan. 3.8; 6.25.—it is they, my foes and my enemies,who stumble and fall.",Ninguno
Psalms,27,3,אםתחנה עלי&thinsp;<b></b> מחנה לאיירא לבי אםתקום עלי מלחמה בזאת אני בוטח,"Should an army besiege me,my heart would have no fear;should war beset me,still would I be confident.",Ninguno
Psalms,27,4,אחת&thinsp;<b></b> שאלתי מאתיהוה אותה אבקש שבתי בביתיהוה כלימי חיי לחזות בנעםיהוה ולבקר בהיכלו,"One thing I ask of GOD,only that do I seek:to live in GOD’s houseall the days of my life,to gaze upon GOD’s beauty,to frequentbto frequent Meaning of Heb. uncertain. the temple.",Ninguno
Psalms,27,5,כי יצפנני&thinsp;<b></b> בסכה ביום רעה יסתרני בסתר אהלו בצור ירוממני,"I will be sheltered in God’s pavilionon an evil day,granted the protection of God’s tent,and raised up high upon a rock.",Ninguno
Psalms,27,6,ועתה ירום ראשי על איבי סביבותי ואזבחה באהלו זבחי תרועה אשירה ואזמרה ליהוה,"Now is my head highover my enemies round about;I sacrifice in that tent with shouts of joy,singing and chanting a hymn to GOD.",Ninguno
Psalms,27,7,שמעיהוה קולי אקרא וחנני וענני,"Hear, O ETERNAL One, when I cry aloud;have mercy on me, answer me.",Ninguno
Psalms,27,8,לך&thinsp;<b></b> אמר לבי בקשו פני אתפניך יהוה אבקש,"In Your behalfcIn Your behalf Meaning of Heb. uncertain. my heart says:“Seek My face!”O ETERNAL One, I seek Your face.",Ninguno
Psalms,27,9,אלתסתר פניך&thinsp;<b></b> ממני אל תטבאף עבדך עזרתי היית אלתטשני ואלתעזבני אלהי ישעי,"Do not hide Your face from me;do not thrust aside Your servant in anger;You have ever been my help.Do not forsake me, do not abandon me,O God, my deliverer.",Ninguno
Psalms,27,10,כיאבי ואמי עזבוני ויהוה יאספני,"Though my father and mother abandon me, GOD will take me in.",Ninguno
Psalms,27,11,הורני יהוה דרכך ונחני בארח מישור למען שוררי,"Show me Your way, O ETERNAL One,and lead me on a level pathbecause of my watchful foes.",Ninguno
Psalms,27,12,אלתתנני בנפש צרי כי קמובי עדישקר ויפח חמס,"Do not subject me to the will of my foes,for false witnesses and unjust accusershave appeared against me.",Ninguno
Psalms,27,13,לולא האמנתי לראות בטוביהוה בארץ חיים,Had I not the assurancethat I would enjoy GOD’s goodnessin the land of the living…,Ninguno
Psalms,27,14,"קוה אליהוה חזק ויאמץ לבך וקוה אליהוה&nbsp;<span class=""mam-spi-pe"">{פ}</span><br>",Look to GOD;be strong and of good courage!O look to GOD!,Ninguno
Psalms,28,1,לדוד אליך יהוה&thinsp;<b></b> אקרא צורי אלתחרש ממני פןתחשה ממני ונמשלתי עםיורדי בור,"Of David.O ETERNAL One, I call to You;my rock, do not disregard me,for if You hold aloof from me,I shall be like those gone down into the Pit.",Ninguno
Psalms,28,2,שמע קול תחנוני בשועי אליך בנשאי ידי אלדביר קדשך,"Listen to my plea for mercywhen I cry out to You,when I lift my handstoward Your inner sanctuary.",Ninguno
Psalms,28,3,אלתמשכני עםרשעים ועםפעלי און דברי שלום עםרעיהם ורעה בלבבם,Do not count meacount me Or “drag me off”; meaning of Heb. uncertain. with the wicked and evildoerswho profess goodwill toward their fellowswhile malice is in their heart.,Ninguno
Psalms,28,4,תןלהם כפעלם וכרע מעלליהם כמעשה ידיהם תן להם השב גמולם להם,"Pay them according to their deeds,their malicious acts;according to their handiwork pay them,give them their deserts.",Ninguno
Psalms,28,5,כי לא יבינו אלפעלת יהוה ואלמעשה ידיו יהרסם ולא יבנם,"For they do not consider GOD’s deeds,the work of divine hands.May [God] tear them down,never to rebuild them!",Ninguno
Psalms,28,6,ברוך יהוה כישמע קול תחנוני,"Blessed is GOD,who listens to my plea for mercy.",Ninguno
Psalms,28,7,יהוה&thinsp;<b></b> עזי ומגני בו בטח לבי ונעזרתי ויעלז לבי ומשירי אהודנו,"GOD is my strength and my shield,the One in whom my heart trusts.I was helped,bhelped Or “strengthened.” and my heart exulted,so I will give glory with my song.",Ninguno
Psalms,28,8,יהוה עזלמו ומעוז ישועות משיחו הוא,"GOD is their strength;ctheir strength Septuagint, Saadia, and others render, and some mss. read, ʻoz leʻammo, “the strength of God’s people.” and a stronghold for the deliverance of our anointed ruler.dour anointed ruler Heb. “His anointed one.” ",Ninguno
Psalms,28,9,"הושיעה&thinsp;<b></b> אתעמך וברך אתנחלתך ורעם ונשאם עדהעולם&nbsp;<span class=""mam-spi-pe"">{פ}</span><br>",Deliver and bless Your very own people;tend them and sustain them forever.,Ninguno
Psalms,29,1,מזמור לדוד הבו ליהוה בני אלים הבו ליהוה כבוד ועז,"A psalm of David.Ascribe to GOD, O divine beings,ascribe to GOD glory and strength.",Ninguno
Psalms,29,2,הבו ליהוה כבוד שמו השתחוו ליהוה בהדרתקדש,"Ascribe to GOD the glory of that name;bow down to GOD, majestic in holiness.",Ninguno
Psalms,29,3,קול יהוה עלהמים אלהכבוד הרעים יהוה עלמים רבים,"GOD’s voice is over the waters;the God of glory thunders, GOD, over the mighty waters.",Ninguno
Psalms,29,4,קוליהוה בכח קול יהוה בהדר,The voice of GOD is power; GOD’s voice is majesty;,Ninguno
Psalms,29,5,קול יהוה שבר ארזים וישבר יהוה אתארזי הלבנון,GOD’s voice breaks cedars; GOD shatters the cedars of Lebanon—,Ninguno
Psalms,29,6,וירקידם כמועגל לבנון ושרין כמו בןראמים,"making Lebanon skip like a calf,amaking Lebanon skip like a calf Lit. “makes them skip like a calf, Lebanon and Sirion….” Sirion, like a young wild ox.",Ninguno
Psalms,29,7,קוליהוה חצב להבות אש,GOD’s voice kindles flames of fire;,Ninguno
Psalms,29,8,קול יהוה יחיל מדבר יחיל יהוה מדבר קדש,GOD’s voice convulses the wilderness; GOD convulses the wilderness of Kadesh;,Ninguno
Psalms,29,9,קול יהוה&thinsp;<b></b> יחולל אילות ויחשף יערות ובהיכלו כלו אמר כבוד,"GOD’s voice causes hinds to calve,and strips forests bare;band strips forests bare Or “brings ewes to early birth.” while in the divine temple all say “Glory!”",Ninguno
Psalms,29,10,יהוה למבול ישב וישב יהוה מלך לעולם,"GOD sat enthroned at the Flood; GOD sits enthroned, ruler forever.",Ninguno
Psalms,29,11,"יהוה עז לעמו יתן יהוה&thinsp;<b></b> יברך אתעמו בשלום&nbsp;<span class=""mam-spi-pe"">{פ}</span><br>",May strength be granted to GOD’s people;may GOD bless this people with well-being.,Ninguno
Psalms,30,1,מזמור שירחנכת הבית לדוד,"A psalm of David. A song for the dedication of the House.athe House I.e., the temple. ",Ninguno
Psalms,30,2,ארוממך יהוה כי דליתני ולאשמחת איבי לי,"I extol You, O ETERNAL One,for You have lifted me up,and not let my enemies rejoice over me.",Ninguno
Psalms,30,3,יהוה אלהי שועתי אליך ותרפאני,"O my ETERNAL God,I cried out to You,and You healed me.",Ninguno
Psalms,30,4,"יהוה העלית מןשאול נפשי חייתני <span class=""mam-kq""><span class=""mam-kq-k"">(מיורדי)</span> <span class=""mam-kq-q"">[מירדי]</span></span>בור","O ETERNAL One, You brought me up from Sheol,preserved me from going down into the Pit.",Ninguno
Psalms,30,5,זמרו ליהוה חסידיו והודו לזכר קדשו,"O you faithful of GOD, sing out,and praise that holy name.",Ninguno
Psalms,30,6,כי רגע&thinsp;<b></b> באפו חיים ברצונו בערב ילין בכי ולבקר רנה,"For [God] is angry but a moment,and when pleased, there is life.One may lie down weeping at nightfall;bOne may lie down weeping at nightfall Or “Weeping may linger for the night.” but at dawn there are shouts of joy.",Ninguno
Psalms,30,7,ואני אמרתי בשלוי בלאמוט לעולם,"When I was untroubled,I thought, “I shall never be shaken,”",Ninguno
Psalms,30,8,"יהוה ברצונך העמדתה להררי<span class=""mam-implicit-maqaf""></span>עז הסתרת פניך הייתי נבהל","for You, O ETERNAL One, when You were pleased,made [me]c[me] Following Saadia, R. Isaiah of Trani; cf. Ibn Ezra. firm as a mighty mountain.When You hid Your face,I was terrified.",Ninguno
Psalms,30,9,אליך יהוה אקרא ואלאדני אתחנן,"I called to You, O ETERNAL One;to my Sovereign I made appeal,",Ninguno
Psalms,30,10,"מהבצע בדמי ברדתי אל<span class=""mam-implicit-maqaf""></span>שחת היודך עפר היגיד אמתך","“What is to be gained from my death,ddeath Lit. “blood.” from my descent into the Pit?Can dust praise You?Can it declare Your faithfulness?",Ninguno
Psalms,30,11,שמעיהוה וחנני יהוה היהעזר לי,"Hear, O ETERNAL One, and have mercy on me;O ETERNAL One, be my help!”",Ninguno
Psalms,30,12,הפכת מספדי למחול לי פתחת שקי ותאזרני שמחה,"You turned my lament into dancing,you undid my sackcloth and girded me with joy,",Ninguno
Psalms,30,13,"למען&thinsp;<b></b> יזמרך כבוד ולא ידם יהוה אלהי לעולם אודך&nbsp;<span class=""mam-spi-pe"">{פ}</span><br>","that [my] whole being might sing hymns to You endlessly;O my ETERNAL God, I will praise You forever.",Ninguno
Psalms,31,1,למנצח מזמור לדוד,For the leader. A psalm of David.,Ninguno
Psalms,31,2,בךיהוה חסיתי אלאבושה לעולם בצדקתך פלטני,"I seek refuge in You, O ETERNAL One;may I never be disappointed;as You are righteous, rescue me.",Ninguno
Psalms,31,3,הטה אלי&thinsp;<b></b> אזנך מהרה הצילני היה לי&thinsp;<b></b> לצורמעוז לבית מצודות להושיעני,"Incline Your ear to me;be quick to save me;be a rock, a stronghold for me,a citadel, for my deliverance.",Ninguno
Psalms,31,4,כיסלעי ומצודתי אתה ולמען שמך תנחני ותנהלני,For You are my rock and my fortress;You lead me and guide me as befits Your name.,Ninguno
Psalms,31,5,תוציאני מרשת זו טמנו לי כיאתה מעוזי,"You free me from the net laid for me,for You are my stronghold.",Ninguno
Psalms,31,6,בידך אפקיד רוחי פדית אותי יהוה אל אמת,"Into Your hand I entrust my spirit;You redeem me, O ETERNAL One, faithful God.",Ninguno
Psalms,31,7,שנאתי השמרים הבלישוא ואני אליהוה בטחתי,"I detest those who rely on empty folly,but I trust in GOD.",Ninguno
Psalms,31,8,אגילה ואשמחה בחסדך אשר ראית אתעניי ידעת בצרות נפשי,"Let me exult and rejoice in Your faithfulnesswhen You notice my affliction,are mindful of my deep distress,",Percepción (Yada)
Psalms,31,9,ולא הסגרתני בידאויב העמדת במרחב רגלי,"and do not hand me over to my enemy,but grant me relief.agrant me relief Lit. “make my feet stand in a broad place.” ",Ninguno
Psalms,31,10,"חנני יהוה כי צר<span class=""mam-implicit-maqaf""></span>לי עששה בכעס עיני נפשי ובטני","Have mercy on me, O ETERNAL One,for I am in distress;my eyes are wasted by vexation,my substance and body too.bmy substance and body too Meaning of Heb. uncertain. ",Ninguno
Psalms,31,11,כי כלו ביגון חיי ושנותי באנחה כשל בעוני כחי ועצמי עששו,"My life is spent in sorrow,my years in groaning;my strength fails because of my iniquity,my limbs waste away.",Ninguno
Psalms,31,12,מכלצררי הייתי חרפה ולשכני&thinsp;<b></b> מאד ופחד למידעי ראי בחוץ נדדו ממני,"Because of all my foesI am the particular butt of my neighbors,a horror to my friends;those who see me on the street avoid me.",Percepción (Yada)
Psalms,31,13,נשכחתי כמת מלב הייתי ככלי אבד,I am put out of mind like the dead;I am like an object given up for lost.,Ninguno
Psalms,31,14,כי שמעתי&thinsp;<b></b> דבת רבים מגור מסביב בהוסדם יחד עלי לקחת נפשי זממו,"I hear the whisperings of many,intriguecintrigue In contrast to others “terror.” on every side,as they scheme together against me,plotting to take my life.",Ninguno
Psalms,31,15,ואני&thinsp;<b></b> עליך בטחתי יהוה אמרתי אלהי אתה,"But I trust in You, O ETERNAL One;I say, “You are my God!”",Ninguno
Psalms,31,16,בידך עתתי הצילני מידאויבי ומרדפי,My fate is in Your hand;save me from the hand of my enemies and pursuers.,Ninguno
Psalms,31,17,האירה פניך עלעבדך הושיעני בחסדך,"Show favor to Your servant;as You are faithful, deliver me.",Ninguno
Psalms,31,18,יהוה אלאבושה כי קראתיך יבשו רשעים ידמו לשאול,"O ETERNAL One, let me not be disappointed when I call You;let the wicked be disappointed;let them be silenced in Sheol;",Ninguno
Psalms,31,19,"תאלמנה שפתי<span class=""mam-implicit-maqaf""></span>שקר הדברות עלצדיק עתק בגאוה ובוז",let lying lips be stilledthat speak haughtily against the righteouswith arrogance and contempt.,Ninguno
Psalms,31,20,מה רבטובך אשרצפנת ליראיך פעלת לחסים בך נגד בני אדם,"How abundant is the goodthat You have in store for those who fear You,that You do in full viewfor those who take refuge in You.",Ninguno
Psalms,31,21,"תסתירם&thinsp;<b></b> בסתר פניך מרכסי<span class=""mam-implicit-maqaf""></span>איש תצפנם בסכה מריב לשנות",You grant them the protection of Your presenceagainst the opposition’s schemes;dagainst the opposition’s schemes Or “against human schemes.” You shelter them in Your pavilionfrom contentious tongues.,Ninguno
Psalms,31,22,"ברוך יהוה כי הפליא<span class=""mam-implicit-maqaf""></span>חסדו לי בעיר מצור","Blessed is GOD,who has been wondrously faithful to me,a veritable bastion.",Ninguno
Psalms,31,23,ואני&thinsp;<b></b> אמרתי בחפזי נגרזתי מנגד עיניך אכן שמעת קול תחנוני בשועי אליך,"Alarmed, I had thought,“I am thrust out of Your sight”;yet You listened to my plea for mercywhen I cried out to You.",Ninguno
Psalms,31,24,אהבו אתיהוה כלחסידיו אמונים נצר יהוה ומשלם עליתר עשה גאוה,"So love GOD, all you faithful; GOD guards the loyal,and more than requitesthe one who acts arrogantly.",Ninguno
Psalms,31,25,"חזקו ויאמץ לבבכם כלהמיחלים ליהוה&nbsp;<span class=""mam-spi-pe"">{פ}</span><br>","Be strong and of good courage,all you who wait for GOD.",Ninguno
Psalms,32,1,לדוד משכיל אשרי נשויפשע כסוי חטאה,"Of David. A maskil.amaskil Meaning of Heb. uncertain. Happy is the one whose transgression is forgiven,whose sin is covered over.",Ninguno
Psalms,32,2,"אשרי<span class=""mam-implicit-maqaf""></span>אדם לא יחשב יהוה לו עון ואין ברוחו רמיה","Happy the person whom GOD does not hold guilty,and in whose spirit there is no deceit.",Ninguno
Psalms,32,3,כיהחרשתי בלו עצמי בשאגתי כלהיום,"As long as I said nothing,my limbs wasted awayfrom my anguished roaring all day long.",Ninguno
Psalms,32,4,כי&thinsp;<b></b> יומם ולילה תכבד עלי ידך נהפך לשדי בחרבני קיץ סלה,For night and dayYour hand lay heavy on me;my vigor wanedas in the summer drought.    Selah. ,Ninguno
Psalms,32,5,חטאתי אודיעך ועוני לאכסיתי אמרתי אודה עלי פשעי ליהוה ואתה נשאת עון חטאתי סלה,"Then I acknowledged my sin to You;I did not cover up my guilt;I resolved, “I will confess my transgressions to GOD,”and You forgave the guilt of my sin.    Selah. ",Ninguno
Psalms,32,6,עלזאת יתפלל כלחסיד&thinsp;<b></b> אליך לעת מצא רק לשטף מים רבים אליו לא יגיעו,"Therefore let all the faithful pray to Youupon discovering [their sin],bupon discovering [their sin] Meaning of Heb. uncertain; in contrast to others “in a time when You may be found.” that the rushing mighty watersnot overtake them.",Ninguno
Psalms,32,7,אתה&thinsp;<b></b> סתר לי מצר תצרני רני פלט תסובבני סלה,You are my shelter;You preserve me from distress;You surround me with the joyous shouts of deliverance.    Selah. ,Ninguno
Psalms,32,8,אשכילך&thinsp;<b></b> ואורך בדרךזו תלך איעצה עליך עיני,Let me enlighten youand show you which way to go;let me offer counsel; my eye is on you.,Ninguno
Psalms,32,9,אלתהיו&thinsp;<b></b> כסוס כפרד אין הבין במתגורסן עדיו לבלום בל קרב אליך,Be not like a senseless horse or mulewhose movement must be curbed by bit and bridle;cwhose movement must be curbed by bit and bridle Meaning of Heb. uncertain. far be it from you!dfar be it from you Meaning of Heb. uncertain; for this rendering cf. Ibn Ezra. ,Separación (Beyn)
Psalms,32,10,רבים מכאובים לרשע והבוטח ביהוה חסד יסובבנו,"Many are the torments of the wicked,but those who trust in GOD shall be surrounded with favor.",Ninguno
Psalms,32,11,"שמחו ביהוה וגילו צדיקים והרנינו כלישרילב&nbsp;<span class=""mam-spi-pe"">{פ}</span><br>","Rejoice in GOD and exult, O you righteous;shout for joy, all the upright!",Ninguno
Psalms,33,1,רננו צדיקים ביהוה לישרים נאוה תהלה,"Sing forth, O you righteous, to GOD;it is fitting that the upright offer praise.",Ninguno
Psalms,33,2,הודו ליהוה בכנור בנבל עשור זמרולו,Praise GOD with the lyre;with the ten-stringed harp sing out;,Ninguno
Psalms,33,3,שירולו שיר חדש היטיבו נגן בתרועה,sing [God] a new song;play sweetly with shouts of joy.,Ninguno
Psalms,33,4,כיישר דבריהוה וכלמעשהו באמונה,"For the word of GOD is right,and God’s every deed is faithful.",Ninguno
Psalms,33,5,אהב צדקה ומשפט חסד יהוה מלאה הארץ,[God] loves what is right and just;the earth is full of GOD’s faithful care.,Ninguno
Psalms,33,6,בדבר יהוה שמים נעשו וברוח פיו כלצבאם,"By the word of GOD the heavens were made,by the breath of God’s mouth, all their host.",Ninguno
Psalms,33,7,כנס כנד מי הים נתן באוצרות תהומות,"[God] heaps up the ocean waters like a mound,stores the deep in vaults.",Ninguno
Psalms,33,8,ייראו מיהוה כלהארץ ממנו יגורו כלישבי תבל,Let all the earth fear GOD;let all the inhabitants of the world feel dread.,Ninguno
Psalms,33,9,כי הוא אמר ויהי הואצוה ויעמד,"For [God] spoke, and it was;issued the command, and it endured.",Ninguno
Psalms,33,10,יהוה הפיר עצתגוים הניא מחשבות עמים,"GOD frustrates the plans of nations,brings to naught the designs of peoples.",Ninguno
Psalms,33,11,עצת יהוה לעולם תעמד מחשבות לבו לדר ודר,"What GOD plans endures forever,what [God] designs, for ages on end.",Ninguno
Psalms,33,12,אשרי הגוי אשריהוה אלהיו העם&thinsp;<b></b> בחר לנחלה לו,"Happy the nation whose God is the ETERNAL,the people who are chosen as a permanent possession.",Ninguno
Psalms,33,13,משמים הביט יהוה ראה אתכלבני האדם,GOD looks down from heavenand sees all humankind.,Ninguno
Psalms,33,14,ממכוןשבתו השגיח אל כלישבי הארץ,From God’s dwelling-place the divine gaze toucheson all the inhabitants of the earth—,Ninguno
Psalms,33,15,היצר יחד לבם המבין אלכלמעשיהם,"the One who fashions the hearts of them all,who discerns all their doings.",Separación (Beyn)
Psalms,33,16,איןהמלך נושע ברבחיל גבור לאינצל ברבכח,Kings are not delivered by a large force;warriors are not saved by great strength;,Ninguno
Psalms,33,17,שקר הסוס לתשועה וברב חילו לא ימלט,horses are a false hope for deliverance;for all their great power they provide no escape.,Ninguno
Psalms,33,18,הנה עין יהוה אליראיו למיחלים לחסדו,"Truly GOD’s eye is on those who show reverence,who wait for God’s faithful care",Ninguno
Psalms,33,19,להציל ממות נפשם ולחיותם ברעב,"to save them from death,to sustain them in famine.",Ninguno
Psalms,33,20,נפשנו חכתה ליהוה עזרנו ומגננו הוא,"We set our hope on GOD,who is our help and shield;",Ninguno
Psalms,33,21,כיבו ישמח לבנו כי בשם קדשו בטחנו,"in whom our hearts rejoice,in whose holy name we trust.",Ninguno
Psalms,33,22,"יהיחסדך יהוה עלינו כאשר יחלנו לך&nbsp;<span class=""mam-spi-pe"">{פ}</span><br>","May we enjoy, O ETERNAL One, Your faithful care,as we have put our hope in You.",Ninguno
Psalms,34,1,לדוד בשנותו אתטעמו לפני אבימלך ויגרשהו וילך,"Of David, when he feigned madness in the presence of Abimelech, who turned him out, and he left.awhen he feigned madness … and he left Cf. 1 Sam. 21.14ff.",Ninguno
Psalms,34,2,אברכה אתיהוה בכלעת תמיד תהלתו בפי,א I bless GOD at all times;praise is ever in my mouth.,Ninguno
Psalms,34,3,ביהוה תתהלל נפשי ישמעו ענוים וישמחו,ב I glory in GOD;let the lowly hear it and rejoice.,Ninguno
Psalms,34,4,גדלו ליהוה אתי ונרוממה שמו יחדו,ג Exalt GOD with me;let us extol the divine name together.,Ninguno
Psalms,34,5,דרשתי אתיהוה וענני ומכלמגורותי הצילני,"ד I turned to GOD, and I was answered;I was saved from all my terrors.",Ninguno
Psalms,34,6,הביטו אליו ונהרו ופניהם אליחפרו,ה People look to [God] and are radiant;ו let their faces not be downcast.,Ninguno
Psalms,34,7,זה עני קרא ויהוה שמע ומכלצרותיו הושיעו,"ז Here was a lowly man who called—GOD listened,and delivered him from all his troubles.",Ninguno
Psalms,34,8,חנה מלאךיהוה סביב ליראיו ויחלצם,"ח The angel of GOD camps around those who show awe,and rescues them.",Ninguno
Psalms,34,9,טעמו וראו כיטוב יהוה אשרי הגבר יחסהבו,ט Taste and see how good GOD is;happy the onebone Or “virile man.” who takes refuge in the divine!,Ninguno
Psalms,34,10,יראו אתיהוה קדשיו כיאין מחסור ליראיו,"י Fear the ETERNAL, you consecrated ones,for those who fear [God] lack nothing.",Ninguno
Psalms,34,11,כפירים רשו ורעבו ודרשי יהוה לאיחסרו כלטוב,"כ Lions have been reduced to starvation,but those who turn to GOD shall not lack any good.",Ninguno
Psalms,34,12,לכובנים שמעולי יראת יהוה אלמדכם,"ל Come, my children, listen to me;I will teach you what it is to fear GOD.",Ninguno
Psalms,34,13,מיהאיש החפץ חיים אהב ימים לראות טוב,מ Which of you are eager for lifeand desire years of good fortune?,Ninguno
Psalms,34,14,נצר לשונך מרע ושפתיך מדבר מרמה,"נ Guard your tongue from evil,your lips from deceitful speech.",Ninguno
Psalms,34,15,סור מרע ועשהטוב בקש שלום ורדפהו,"ס Shun evil and do good,seek amitycamity Or “integrity.” and pursue it.",Ninguno
Psalms,34,16,עיני יהוה אלצדיקים ואזניו אלשועתם,"ע GOD’s eyes are on the righteous,the ears, attentive to their cry.",Ninguno
Psalms,34,17,פני יהוה בעשי רע להכרית מארץ זכרם,"פ GOD’s face is set against evildoers,to erase their names from the earth.",Ninguno
Psalms,34,18,צעקו ויהוה שמע ומכלצרותם הצילם,"צ TheydThey Namely, the righteous of v. 16. cry out, and GOD hears,and saves them from all their troubles.",Ninguno
Psalms,34,19,קרוב יהוה לנשברילב ואתדכאירוח יושיע,ק GOD is close to the brokenhearted;those crushed in spirit are delivered.,Ninguno
Psalms,34,20,רבות רעות צדיק ומכלם יצילנו יהוה,"ר Though their misfortunes be many, GOD will save the righteous from them all,",Ninguno
Psalms,34,21,שמר כלעצמותיו אחת מהנה לא נשברה,"ש Keeping all his bones intact,not one of them being broken.",Ninguno
Psalms,34,22,תמותת רשע רעה ושנאי צדיק יאשמו,ת One misfortune is the deathblow of the wicked;the foes of the righteous shall be ruined.,Ninguno
Psalms,34,23,"פדה יהוה נפש עבדיו ולא יאשמו כלהחסים בו&nbsp;<span class=""mam-spi-pe"">{פ}</span><br>", GOD redeems the life of those who render service;no one who takes refuge in [God] shall be ruined.,Ninguno
Psalms,35,1,לדוד&thinsp;<b></b> ריבה יהוה אתיריבי לחם אתלחמי,"Of David.O ETERNAL One, strive with my adversaries,give battle to my foes,",Ninguno
Psalms,35,2,החזק מגן וצנה וקומה בעזרתי,"take up shield and buckler,and come to my defense;",Ninguno
Psalms,35,3,והרק חנית וסגר לקראת רדפי אמר לנפשי ישעתך אני,"ready the spear and javelinagainst my pursuers;tell me, “I am your deliverance.”",Ninguno
Psalms,35,4,יבשו ויכלמו מבקשי נפשי יסגו אחור ויחפרו חשבי רעתי,Let those who seek my lifebe frustrated and put to shame;let those who plan to harm mefall back in disgrace.,Ninguno
Psalms,35,5,יהיו כמץ לפנירוח ומלאך יהוה דוחה,"Let them be as chaff in the wind, GOD’s angel driving them on.",Ninguno
Psalms,35,6,יהידרכם חשך וחלקלקת ומלאך יהוה רדפם,"Let their path be dark and slippery,with GOD’s angel in pursuit.",Ninguno
Psalms,35,7,כיחנם טמנולי שחת רשתם חנם חפרו לנפשי,For without cause they hid a net to trap me;without cause they dug a pitaa pit Transferred from first clause for clarity. for me.,Ninguno
Psalms,35,8,תבואהו שואה לאידע ורשתו אשרטמן תלכדו בשואה יפלבה,Let disaster overtake them unawares;let the net they hid catch them;let them fall into it when disaster [strikes].,Percepción (Yada)
Psalms,35,9,ונפשי תגיל ביהוה תשיש בישועתו,"Then shall I exult in GOD,rejoice in having been delivered.",Ninguno
Psalms,35,10,"כל<span class=""mam-implicit-maqaf""></span>עצמותי&thinsp;<b></b> תאמרנה יהוה מי<span class=""mam-implicit-maqaf""></span>כמוך מציל עני מחזק ממנו ועני ואביון מגזלו","All my bones shall say,“ETERNAL One, who is like You?You save a pauper from someone stronger,a needy pauper from a despoiler.”",Ninguno
Psalms,35,11,יקומון עדי חמס אשר לאידעתי ישאלוני,Malicious witnesses appearwho question me about things I do not know.,Percepción (Yada)
Psalms,35,12,ישלמוני רעה תחת טובה שכול לנפשי,"They repay me evil for good,[seeking] my bereavement.",Ninguno
Psalms,35,13,ואני&thinsp;<b></b> בחלותם לבושי שק עניתי בצום נפשי ותפלתי עלחיקי תשוב,"Yet, when they were ill,my dress was sackcloth,I kept a fast—may what I prayed for happen to me!bmay what I prayed for happen to me Meaning of Heb. uncertain; lit. “my prayer returns upon my bosom.” ",Ninguno
Psalms,35,14,כרעכאח לי התהלכתי כאבלאם קדר שחותי,"I walked about as though it were my friend or my kin;I was bowed with gloom, like one mourning for a mother.",Ninguno
Psalms,35,15,ובצלעי שמחו ונאספו נאספו עלי נכים ולא ידעתי קרעו ולאדמו,"But when I stumble, they gleefully gather;wretches gather against me,I know not why;they tear at me without end.",Percepción (Yada)
Psalms,35,16,בחנפי לעגי מעוג חרק עלי שנימו,"With impious, mocking grimacecthey tear … grimace Meaning of Heb. uncertain. they gnash their teeth at me.",Ninguno
Psalms,35,17,אדני כמה תראה השיבה נפשי משאיהם מכפירים יחידתי,"O my Sovereign, how long will You look on?Rescue me from their attacks,dfrom their attacks Meaning of Heb. uncertain. my precious life, from the lions,",Ninguno
Psalms,35,18,אודך בקהל רב בעם עצום אהללך,"that I may praise You in a great congregation,acclaim You in a mighty throng.",Ninguno
Psalms,35,19,אלישמחולי איבי שקר שנאי חנם יקרצועין,"Let not my treacherous enemies rejoice over me,or those who hate me without reason wink their eyes.",Ninguno
Psalms,35,20,כי לא שלום ידברו ועל רגעיארץ דברי מרמות יחשבון,"For they do not offer amity,but devise fraudulent schemes against harmless folk.",Ninguno
Psalms,35,21,וירחיבו עלי פיהם אמרו האח&thinsp;<small></small>&thinsp;האח ראתה עיננו,"They open wide their mouths at me,saying, “Aha, aha, we have seen it!”",Ninguno
Psalms,35,22,ראיתה יהוה אלתחרש אדני אלתרחק ממני,"You have seen it, O ETERNAL One;do not hold aloof!O my Sovereign, be not far from me!",Ninguno
Psalms,35,23,העירה והקיצה למשפטי אלהי ואדני לריבי,"Wake, rouse Yourself for my cause,for my claim, O my God and my Sovereign!",Ninguno
Psalms,35,24,שפטני כצדקך יהוה אלהי ואלישמחולי,"Take up my cause, O my ETERNAL God, as You are beneficent,and let them not rejoice over me.",Ninguno
Psalms,35,25,אליאמרו בלבם האח נפשנו אליאמרו בלענוהו,"Let them not think,“Aha, just what we wished!”Let them not say,“We have destroyed him!”",Ninguno
Psalms,35,26,יבשו ויחפרו&thinsp;<b></b> יחדו שמחי רעתי ילבשובשת וכלמה המגדילים עלי,May those who rejoice at my misfortunebe frustrated and utterly disgraced;may those who vaunt themselves over mebe clad in frustration and shame.,Ninguno
Psalms,35,27,ירנו וישמחו חפצי צדקי ויאמרו תמיד יגדל יהוה החפץ שלום עבדו,"May those who desire my vindicationsing forth joyously;may they always say,“Extolled be GOD who desires the well-being of one who renders service,”",Ninguno
Psalms,35,28,"ולשוני תהגה צדקך כלהיום תהלתך&nbsp;<span class=""mam-spi-pe"">{פ}</span><br>","while my tongue shall recite Your beneficent acts,Your praises all day long.",Ninguno
Psalms,36,1,למנצח&thinsp;<small></small>&thinsp;לעבדיהוה לדוד,"For the leader. Of the servant of GOD, of David.",Ninguno
Psalms,36,2,נאםפשע לרשע בקרב לבי איןפחד אלהים לנגד עיניו,"I knowaI know Lit. “In my heart is.” what Transgression says to the wicked;they have no sense of the dread of God,",Ninguno
Psalms,36,3,כיהחליק אליו בעיניו למצא עונו לשנא,because its speech is seductive to themtill their iniquity be found out and they be hated.bMeaning of verse uncertain. ,Ninguno
Psalms,36,4,דבריפיו און ומרמה חדל להשכיל להיטיב,Their words are evil and deceitful;they will not consider doing good.,Ninguno
Psalms,36,5,און&thinsp;<b></b> יחשב עלמשכבו יתיצב עלדרך לאטוב רע לא ימאס,"In bed they plot mischief;they are set on a path of no good,they do not reject evil.",Ninguno
Psalms,36,6,יהוה בהשמים חסדך אמונתך עדשחקים,"O ETERNAL One, Your faithfulness reaches to heaven;Your steadfastness to the sky;",Ninguno
Psalms,36,7,"צדקתך&thinsp;<b></b> כהרריאל משפטיך תהום רבה אדם<span class=""mam-implicit-maqaf""></span>ובהמה תושיע יהוה","Your beneficence is like the high mountains;Your justice like the great deep;human and animal You deliver, O ETERNAL One.",Ninguno
Psalms,36,8,מהיקר חסדך אלהים ובני אדם בצל כנפיך יחסיון,"How precious is Your faithful care, O God!Humankind shelters in the shadow of Your wings.",Ninguno
Psalms,36,9,ירוין מדשן ביתך ונחל עדניך תשקם,They feast on the rich fare of Your house;You let them drink at Your refreshing stream.,Ninguno
Psalms,36,10,כיעמך מקור חיים באורך נראהאור,With You is the fountain of life;by Your light do we see light.,Ninguno
Psalms,36,11,משך חסדך לידעיך וצדקתך לישרילב,"Bestow Your faithful care on those devoted to You,and Your beneficence on the upright.",Percepción (Yada)
Psalms,36,12,אלתבואני רגל גאוה וידרשעים אלתנדני,"Let not the foot of the arrogant tread on me,or the hand of the wicked drive me away.",Ninguno
Psalms,36,13,"שם נפלו פעלי און דחו ולאיכלו קום&nbsp;<span class=""mam-spi-pe"">{פ}</span><br>","There lie the evildoers, fallen,thrust down, unable to rise.",Ninguno
Psalms,37,1,לדוד&thinsp;<b></b> אלתתחר במרעים אלתקנא בעשי עולה,Of David. א Do not be vexed by evildoers;do not be incensed by wrongdoers;,Ninguno
Psalms,37,2,כי כחציר מהרה ימלו וכירק דשא יבולון,"for they soon wither like grass,like verdure fade away.",Ninguno
Psalms,37,3,בטח ביהוה ועשהטוב שכןארץ ורעה אמונה,"ב Trust in GOD and do good,abide in the land and remain loyal.",Ninguno
Psalms,37,4,והתענג עליהוה ויתןלך משאלת לבך,"Seek GOD’s favor,and you will be granted the desires of your heart.",Ninguno
Psalms,37,5,גול עליהוה דרכך ובטח עליו והוא יעשה,ג Leave allaall Lit. “your way.” to GOD;be trusting; [God] will do it—,Ninguno
Psalms,37,6,והוציא כאור צדקך ומשפטך כצהרים,"causing your vindication to shine forth like the light,the justice of your case, like the noonday sun.",Ninguno
Psalms,37,7,דום&thinsp;<b></b> ליהוה והתחולל לו אלתתחר במצליח דרכו באיש עשה מזמות,"ד Be patient and wait for GOD,do not be vexed by the one who is prospering—the opponent who carries out schemes.",Ninguno
Psalms,37,8,הרף מאף ועזב חמה אלתתחר אךלהרע,"ה Give up anger, abandon fury,do not be vexed;it can only do harm.",Ninguno
Psalms,37,9,כימרעים יכרתון וקוי יהוה המה יירשוארץ,"For evildoers will be cut off,but those who look to GOD—they shall inherit the land.",Ninguno
Psalms,37,10,ועוד מעט ואין רשע והתבוננת עלמקומו ואיננו,ו A little longer and there will be no wicked;you will look at where they were—they will be gone.,Ninguno
Psalms,37,11,וענוים יירשוארץ והתענגו עלרב שלום,"But the lowly shall inherit the land,and delight in abundant well-being.",Ninguno
Psalms,37,12,זמם רשע לצדיק וחרק עליו שניו,"ז The wicked scheme against the righteous,and gnash their teeth at them.",Ninguno
Psalms,37,13,אדני ישחקלו כיראה כייבא יומו,"My Sovereign laughs at them,knowing that their day will come.",Ninguno
Psalms,37,14,חרב&thinsp;<b></b> פתחו רשעים ודרכו קשתם להפיל עני ואביון לטבוח ישרידרך,"ח The wicked draw their swords, bend their bows,to bring down the lowly and needy,to slaughter the upright.bthe upright Lit. “those whose way is upright.” ",Ninguno
Psalms,37,15,חרבם תבוא בלבם וקשתותם תשברנה,"Their swords shall pierce their own hearts,and their bows shall be broken.",Ninguno
Psalms,37,16,טובמעט לצדיק מהמון רשעים רבים,ט Better the little that a righteous person hasthan the great abundance of the wicked.,Ninguno
Psalms,37,17,כי זרועות רשעים תשברנה וסומך צדיקים יהוה,"For the arms of the wicked shall be broken,but GOD is the support of the righteous.",Ninguno
Psalms,37,18,יודע יהוה ימי תמימם ונחלתם לעולם תהיה,י GOD is concerned for the needscneeds Lit. “days.” of the blameless;their portion lasts forever;,Ninguno
Psalms,37,19,לאיבשו בעת רעה ובימי רעבון ישבעו,"they shall not come to grief in bad times;in famine, they shall eat their fill.",Ninguno
Psalms,37,20,כי רשעים&thinsp;<b></b> יאבדו ואיבי יהוה כיקר כרים כלו בעשן כלו,"כ But the wicked shall perish,and GOD’s enemies shall be consumed,like meadow grassdmeadow grass Meaning of Heb. uncertain. consumed in smoke.",Ninguno
Psalms,37,21,לוה רשע ולא ישלם וצדיק חונן ונותן,ל The wicked borrow and do not repay;the righteous are generous and keep giving.,Ninguno
Psalms,37,22,כי מברכיו יירשו ארץ ומקלליו יכרתו,"Those blessed by [God] shall inherit the land,but those who are cursed shall be cut off.",Ninguno
Psalms,37,23,מיהוה מצעדיגבר כוננו ודרכו יחפץ,"מ People’s stepsePeople’s steps Or “[Even] the steps of virile men.” are made firm by GOD,when their way is a delight to [God].",Ninguno
Psalms,37,24,כייפל לאיוטל כייהוה סומך ידו,"Though they stumble, they do not fall down,for GOD gives them support.",Ninguno
Psalms,37,25,נער&thinsp;<b></b> הייתי גםזקנתי ולאראיתי צדיק נעזב וזרעו מבקשלחם,"נ I have been young and am now old,but I have never seen someone righteous abandoned,or their children seeking bread.",Ninguno
Psalms,37,26,כלהיום חונן ומלוה וזרעו לברכה,"They are always generous, and lend,and their children are held blessed.",Ninguno
Psalms,37,27,סור מרע ועשהטוב ושכן לעולם,"ס Shun evil and do good,and you shall abide forever.",Ninguno
Psalms,37,28,כי יהוה&thinsp;<b></b> אהב משפט ולאיעזב אתחסידיו לעולם נשמרו וזרע רשעים נכרת,"For GOD loves what is right,and does not abandon those who are faithful.They are preserved forever,while the children of the wicked will be cut off.",Ninguno
Psalms,37,29,צדיקים יירשוארץ וישכנו לעד עליה,"The righteous shall inherit the land,and abide forever in it.",Ninguno
Psalms,37,30,פיצדיק יהגה חכמה ולשונו תדבר משפט,"פ The mouth of the righteous utters wisdom,and their tongue speaks what is right.",Ninguno
Psalms,37,31,תורת אלהיו בלבו לא תמעד אשריו,The teaching of their God is in their heart;their feet do not slip.,Ninguno
Psalms,37,32,צופה רשע לצדיק ומבקש להמיתו,"צ The wicked watch for the righteous,seeking to put them to death;",Ninguno
Psalms,37,33,יהוה לאיעזבנו בידו ולא ירשיענו בהשפטו,"GOD will not abandon them to their power,and will not let them be condemned in judgment.",Ninguno
Psalms,37,34,קוה אליהוה&thinsp;<b></b> ושמר דרכו וירוממך לרשת ארץ בהכרת רשעים תראה,"ק Look to GOD and keep to the godly way,and you will be raised high that you may inherit the land;when the wicked are cut off, you shall see it.",Ninguno
Psalms,37,35,ראיתי רשע עריץ ומתערה כאזרח רענן,"ר I saw the wicked, powerful,well-rooted like a robust native tree.",Ninguno
Psalms,37,36,ויעבר והנה איננו ואבקשהו ולא נמצא,"Suddenly they vanished and were gone;I sought them, but they were not to be found.",Ninguno
Psalms,37,37,שמרתם וראה ישר כיאחרית לאיש שלום,"ש Mark the blameless, note the upright,for there is a future for the person of integrity.",Ninguno
Psalms,37,38,ופשעים נשמדו יחדו אחרית רשעים נכרתה,"But transgressors shall be utterly destroyed,the future of the wicked shall be cut off.",Ninguno
Psalms,37,39,ותשועת צדיקים מיהוה מעוזם בעת צרה,"ת The deliverance of the righteous comes from GOD,their stronghold in time of trouble.",Ninguno
Psalms,37,40,"ויעזרם יהוה ויפלטם יפלטם מרשעים ויושיעם כיחסו בו&nbsp;<span class=""mam-spi-pe"">{פ}</span><br>","GOD helps them and rescues them,rescues them from the wicked and delivers them,for in [God] they seek refuge.",Ninguno
Psalms,38,1,מזמור לדוד להזכיר,A psalm of David. Lehazkir.aLehazkir Meaning of Heb. uncertain. ,Ninguno
Psalms,38,2,יהוה אלבקצפך תוכיחני ובחמתך תיסרני,"O ETERNAL One, do not punish me in wrath;do not chastise me in fury.",Ninguno
Psalms,38,3,כיחציך נחתו בי ותנחת עלי ידך,For Your arrows have struck me;Your blows have fallen upon me.,Ninguno
Psalms,38,4,איןמתם בבשרי מפני זעמך איןשלום בעצמי מפני חטאתי,"There is no soundness in my flesh because of Your rage,no wholeness in my bones because of my sin.",Ninguno
Psalms,38,5,כי עונתי עברו ראשי כמשא כבד יכבדו ממני,"For my iniquities have overwhelmed me;boverwhelmed me Lit. “passed over my head.” they are like a heavy burden, more than I can bear.",Ninguno
Psalms,38,6,הבאישו נמקו חבורתי מפני אולתי,My wounds stink and festerbecause of my folly.,Ninguno
Psalms,38,7,נעויתי שחתי עדמאד כלהיום קדר הלכתי,I am all bent and bowed;I walk about in gloom all day long.,Ninguno
Psalms,38,8,כיכסלי מלאו נקלה ואין מתם בבשרי,For my sinews are full of fever;there is no soundness in my flesh.,Ninguno
Psalms,38,9,נפוגותי ונדכיתי עדמאד שאגתי מנהמת לבי,I am all benumbed and crushed;I roar because of the turmoil in my mind.,Ninguno
Psalms,38,10,אדני נגדך כלתאותי ואנחתי ממך לאנסתרה,"O my Sovereign, You are aware of all my entreaties;my groaning is not hidden from You.",Ninguno
Psalms,38,11,לבי סחרחר עזבני כחי ואורעיני גםהם אין אתי,My mind reels;my strength fails me;my eyes too have lost their luster.,Ninguno
Psalms,38,12,אהבי&thinsp;<b></b> ורעי מנגד נגעי יעמדו וקרובי מרחק עמדו,My friends and companions stand back from my affliction;my kin stand far off.,Ninguno
Psalms,38,13,וינקשו&thinsp;<b></b> מבקשי נפשי ודרשי רעתי דברו הוות ומרמות כלהיום יהגו,Those who seek my life lay traps;those who wish me harm speak malice;they utter deceit all the time.,Ninguno
Psalms,38,14,ואני כחרש לא אשמע וכאלם לא יפתחפיו,"But I am like the deaf, unhearing,like the mute who cannot speak up;",Ninguno
Psalms,38,15,ואהי כאיש אשר לאשמע ואין בפיו תוכחות,"I am like one who does not hear,whose mouth has no retort.",Ninguno
Psalms,38,16,כילך יהוה הוחלתי אתה תענה אדני אלהי,"But I wait for You, O ETERNAL One;You will answer, O my Sovereign, my God.",Ninguno
Psalms,38,17,כיאמרתי פןישמחולי במוט רגלי עלי הגדילו,For I fear they will rejoice over me;when my foot gives way they will vaunt themselves against me.,Ninguno
Psalms,38,18,כיאני לצלע נכון ומכאובי נגדי תמיד,For I am on the verge of collapse;my pain is always with me.,Ninguno
Psalms,38,19,כיעוני אגיד אדאג מחטאתי,I acknowledge my iniquity;I am fearful over my sin;,Ninguno
Psalms,38,20,ואיבי חיים עצמו ורבו שנאי שקר,for my mortal enemies are numerous;my treacherous foes are many.,Ninguno
Psalms,38,21,"ומשלמי רעה תחת טובה ישטנוני תחת <span class=""mam-kq""><span class=""mam-kq-k"">(רדופי)</span> <span class=""mam-kq-q"">[רדפי]</span></span>טוב",Those who repay evil for goodharass me for pursuing good.,Ninguno
Psalms,38,22,אלתעזבני יהוה אלהי אלתרחק ממני,"Do not abandon me, O ETERNAL One;my God, be not far from me;",Ninguno
Psalms,38,23,"חושה לעזרתי אדני תשועתי&nbsp;<span class=""mam-spi-pe"">{פ}</span><br>","hasten to my aid,O my Sovereign, my deliverance.",Ninguno
Psalms,39,1,"למנצח <span class=""mam-kq""><span class=""mam-kq-k"">(לידיתון)</span> <span class=""mam-kq-q"">[לידותון]</span></span> מזמור לדוד",For the leader; for Jeduthun. A psalm of David.,Ninguno
Psalms,39,2,אמרתי אשמרה דרכי מחטוא בלשוני אשמרה לפי מחסום בעד רשע לנגדי,I resolved I would watch my steplest I offend by my speech;I would keep my mouth muzzledwhile the villain was in my presence.,Ninguno
Psalms,39,3,נאלמתי דומיה החשיתי מטוב וכאבי נעכר,"I was dumb, silent;I was veryavery Cf. use of ṭwb in Hos. 10.1; Jonah 4.4. stillwhile my pain was intense.",Ninguno
Psalms,39,4,חםלבי&thinsp;<b></b> בקרבי בהגיגי תבעראש דברתי בלשוני,"My mind was in a rage,my thoughts were all aflame;I spoke out:",Ninguno
Psalms,39,5,הודיעני יהוה&thinsp;<b></b> קצי ומדת ימי מההיא אדעה מהחדל אני,"Tell me, O ETERNAL One, what my term is,what is the measure of my days;I would know how fleeting my life is.",Ninguno
Psalms,39,6,הנה טפחות&thinsp;<b></b> נתתה ימי וחלדי כאין נגדך אך כלהבל כלאדם נצב סלה,You have made my life just handbreadths long;its span is as nothing in Your sight;no human endures any longer than a breath.bno human endures any longer than a breath Meaning of Heb. uncertain.    Selah. ,Ninguno
Psalms,39,7,אךבצלם&thinsp;<b></b> יתהלךאיש אךהבל יהמיון יצבר ולאידע מיאספם,"Everyone walks about as a mere shadow;mere futility is their hustle and bustle,amassing and not knowing who will gather in.",Percepción (Yada)
Psalms,39,8,ועתה מהקויתי אדני תוחלתי לך היא,"What, then, can I count on, O my Sovereign?In You my hope lies.",Ninguno
Psalms,39,9,מכלפשעי הצילני חרפת נבל אלתשימני,Deliver me from all my transgressions;make me not the butt of the benighted.,Ninguno
Psalms,39,10,נאלמתי לא אפתחפי כי אתה עשית,"I am dumb, I do not speak up,for it is Your doing.",Ninguno
Psalms,39,11,הסר מעלי נגעך מתגרת ידך אני כליתי,Take away Your plague from me;I perish from Your blows.,Ninguno
Psalms,39,12,בתוכחות עלעון&thinsp;<b></b> יסרת איש ותמס כעש חמודו אך הבל כלאדם סלה,"You chastise everyone in punishment for sin,consuming like a moth what they treasure.No human is more than a breath.    Selah. ",Ninguno
Psalms,39,13,"שמעה<span class=""mam-implicit-maqaf""></span>תפלתי&thinsp;<b></b> יהוה ושועתי&thinsp;<b></b> האזינה אלדמעתי אלתחרש כי גר אנכי עמך תושב ככלאבותי","Hear my prayer, O ETERNAL One;give ear to my cry;do not disregard my tears;for like all my forebearsI am an alien, resident with You.",Ninguno
Psalms,39,14,"השע ממני ואבליגה בטרם אלך ואינני&nbsp;<span class=""mam-spi-pe"">{פ}</span><br>","Look away from me, that I may recover,cthat I may recover Meaning of Heb. uncertain. before I pass away and am gone.",Ninguno
Psalms,40,1,למנצח לדוד מזמור,For the leader. A psalm of David.,Ninguno
Psalms,40,2,קוה קויתי יהוה ויט אלי וישמע שועתי,"I put my hope in GOD,who inclined toward me,and heeded my cry.",Ninguno
Psalms,40,3,ויעלני&thinsp;<b></b> מבור שאון מטיט היון ויקם עלסלע רגלי כונן אשרי,"I was lifted out of the miry pit,the slimy clay,and my feet were set on a rock,my legs steadied.",Ninguno
Psalms,40,4,ויתן בפי&thinsp;<b></b> שיר חדש תהלה לאלהינו יראו רבים וייראו ויבטחו ביהוה,"A new song was placed into my mouth,a hymn to our God.May many see it and stand in awe,and trust in GOD.",Ninguno
Psalms,40,5,"אשרי<span class=""mam-implicit-maqaf""></span>הגבר אשרשם יהוה מבטחו ולאפנה אלרהבים ושטי כזב","Happy is the oneathe one Or “a virile man.” who trusts in GOD,who turns not to the arrogant or to followers of falsehood.",Ninguno
Psalms,40,6,רבות עשית&thinsp;<b></b> אתה&thinsp;<b></b> יהוה אלהי נפלאתיך ומחשבתיך אלינו אין&thinsp;<b></b> ערך אליך אגידה ואדברה עצמו מספר,"You, O my ETERNAL God, have done many things;the wonders You have devised for uscannot be set out before You;bYou, O my ETERNAL God, have done many things; / the wonders You have devised for us / cannot be set out before You Or “You, O my ETERNAL God, have done many things— / the wonders You have devised for us; / none can equal You.” I would rehearse the tale of them,but they are more than can be told.",Ninguno
Psalms,40,7,זבח ומנחה&thinsp;<b></b> לאחפצת אזנים כרית לי עולה וחטאה לא שאלת,You gave me to understand thatcYou gave me to understand that Meaning of Heb. uncertain. You do not desire sacrifice and grain offering;You do not ask for burnt offering and purgation offering.,Ninguno
Psalms,40,8,אז אמרתי הנהבאתי במגלתספר כתוב עלי,"Then I said,“See, I will bring a scroll recounting what befell me.”dSee, I will bring a scroll recounting what befell me Meaning of Heb. uncertain. ",Ninguno
Psalms,40,9,לעשותרצונך אלהי חפצתי ותורתך בתוך מעי,"To do what pleases You, my God, is my desire;Your teaching is in my inmost parts.",Ninguno
Psalms,40,10,בשרתי צדק&thinsp;<b></b> בקהל רב הנה שפתי לא אכלא יהוה אתה ידעת,"I proclaimed [Your] righteousness in a great congregation;see, I did not withhold my words;O ETERNAL One, You must know it.",Percepción (Yada)
Psalms,40,11,צדקתך לאכסיתי&thinsp;<b></b> בתוך לבי אמונתך ותשועתך אמרתי לאכחדתי חסדך ואמתך לקהל רב,I did not keep Your beneficence to myself;I declared Your faithful deliverance;I did not fail to speak of Your steadfast love in a great congregation.,Ninguno
Psalms,40,12,אתה יהוה לאתכלא רחמיך ממני חסדך ואמתך תמיד יצרוני,"O ETERNAL One, You will not withhold from me Your compassion;Your steadfast love will protect me always.",Ninguno
Psalms,40,13,כי אפפועלי&thinsp;<b></b> רעות עדאין מספר השיגוני עונתי ולאיכלתי לראות עצמו משערות ראשי ולבי עזבני,For misfortunes without number envelop me;my iniquities have caught up with me;I cannot see;they are more than the hairs of my head;I am at my wits’ end.eI am at my wits’ end Or “my courage fails me.” ,Ninguno
Psalms,40,14,רצה יהוה להצילני יהוה לעזרתי חושה,"fCf. Psalm 70. O favor me, ETERNAL One, and save me;O ETERNAL One, hasten to my aid.",Ninguno
Psalms,40,15,יבשו ויחפרו&thinsp;<b></b> יחד מבקשי נפשי לספותה יסגו אחור ויכלמו חפצי רעתי,Let those who seek to destroy my lifebe frustrated and disgraced;let those who wish me harmfall back in shame.,Ninguno
Psalms,40,16,ישמו עלעקב בשתם האמרים לי האח&thinsp;<small></small>&thinsp;האח,Let those who say “Aha! Aha!” over mebe desolate because of their frustration.,Ninguno
Psalms,40,17,ישישו וישמחו&thinsp;<b></b> בך כלמבקשיך יאמרו תמיד יגדל יהוה אהבי תשועתך,"But let all who seek You be glad and rejoice in You;let those who are eager for Your deliverance always say,“Extolled be GOD!”",Ninguno
Psalms,40,18,"ואני&thinsp;<b></b> עני ואביון אדני יחשב<span class=""mam-implicit-maqaf""></span>לי עזרתי ומפלטי אתה אלהי אלתאחר&nbsp;<span class=""mam-spi-pe"">{פ}</span><br>","But I am poor and needy;may my Sovereign devise [deliverance] for me.You are my help and my rescuer;my God, do not delay.",Ninguno
Psalms,41,1,למנצח מזמור לדוד,For the leader. A psalm of David.,Ninguno
Psalms,41,2,אשרי משכיל אלדל ביום רעה ימלטהו יהוה,"Happy is someone who is thoughtful of the wretched;in bad times may GOD keep themathem I.e., the thoughtful person. from harm.",Ninguno
Psalms,41,3,"יהוה&thinsp;<b></b> ישמרהו ויחיהו <span class=""mam-kq""><span class=""mam-kq-k"">(יאשר)</span> <span class=""mam-kq-q"">[ואשר]</span></span> בארץ ואלתתנהו בנפש איביו",May GOD guard them and preserve them;and may they be thought happy in the land.Do not subject them to the will of their enemies.,Ninguno
Psalms,41,4,יהוה יסעדנו עלערש דוי כלמשכבו הפכת בחליו,GOD will sustain them on their sickbed;You shall wholly transform their bed of suffering.bYou shall wholly transform their bed of suffering Meaning of Heb. uncertain. ,Ninguno
Psalms,41,5,אניאמרתי יהוה חנני רפאה נפשי כיחטאתי לך,"I said, “O ETERNAL One, have mercy on me,heal me, for I have sinned against You.”",Ninguno
Psalms,41,6,אויבי יאמרו רע לי מתי ימות ואבד שמו,"My enemies speak evilly of me,“When will he die and his name perish?”",Ninguno
Psalms,41,7,ואםבא לראות&thinsp;<b></b> שוא ידבר לבו יקבץאון לו יצא לחוץ ידבר,"Each of them who comes to visit speaks falsely,storing up evil thoughts—speaking them once outside.",Ninguno
Psalms,41,8,יחד עלי יתלחשו כלשנאי עלי&thinsp;<b></b> יחשבו רעה לי,"All my enemies whisper together against me,imagining the worst for me.",Ninguno
Psalms,41,9,דברבליעל יצוק בו ואשר שכב לאיוסיף לקום,“Something baneful has settled in him;he’ll not rise from his bed again.”,Ninguno
Psalms,41,10,גםאיש שלומי&thinsp;<b></b> אשרבטחתי בו אוכל לחמי הגדיל עלי עקב,"My ally in whom I trusted,even someone who shares my bread,has been utterly false to me.chas been utterly false to me Meaning of Heb. uncertain. ",Ninguno
Psalms,41,11,ואתה יהוה חנני והקימני ואשלמה להם,"But You, O ETERNAL One, have mercy on me;let me rise again and repay them.",Ninguno
Psalms,41,12,בזאת ידעתי כיחפצת בי כי לאיריע איבי עלי,Then shall I know that You are pleased with me:when my enemy cannot shout in triumph over me.,Percepción (Yada)
Psalms,41,13,ואני בתמי תמכת בי ותציבני לפניך לעולם,"You will support me because of my integrity,and let me abide in Your presence forever.",Ninguno
Psalms,41,14,ברוך יהוה&thinsp;<b></b> אלהי ישראל מהעולם ועד העולם אמן&thinsp;<small></small>&thinsp;ואמן,"Blessed is the ETERNAL, God of Israel,from eternity to eternity.Amen and Amen.",Ninguno
Psalms,42,1,למנצח משכיל לבניקרח,For the leader. A maskil of the Korahites.,Ninguno
Psalms,42,2,כאיל תערג עלאפיקימים כן נפשי תערג אליך אלהים,"Like a hind crying for water,awater Lit. “watercourses.” my soul cries for You, O God;",Ninguno
Psalms,42,3,צמאה נפשי&thinsp;<b></b> לאלהים לאל חי מתי אבוא ואראה פני אלהים,"my soulbsoul Or “throat.” thirsts for God, the living God;O when will I come to appear before God!",Ninguno
Psalms,42,4,היתהלי דמעתי לחם יומם ולילה באמר אלי כלהיום איה אלהיך,"My tears have been my food day and night;I am ever taunted with, “Where is your God?”",Ninguno
Psalms,42,5,"אלה אזכרה&thinsp;<b></b> ואשפכה עלי&thinsp;<b></b> נפשי כי אעבר&thinsp;<b></b> בסך אדדם עדבית<span class=""mam-implicit-maqaf""></span>אלהים בקולרנה ותודה המון חוגג","When I think of this, I pour out my soul:how I walked with the crowd, moved with them,cwalked with the crowd, moved with them Meaning of Heb. uncertain. the festive throng, to the House of Godwith joyous shouts of praise.",Ninguno
Psalms,42,6,מהתשתוחחי&thinsp;<b></b> נפשי ותהמי עלי הוחלי לאלהים כיעוד אודנו ישועות פניו,"Why so downcast, my soul,why disquieted within me?Have hope in God;I will yet give praisefor God’s saving presence.dfor God’s saving presence Several ancient versions and Heb. mss. connect the end of this verse with the first word in v. 7, reading yeshuʻot panai we-ʼElohai, “my ever-present help, my God,” as in v. 12 and 43.5. ",Ninguno
Psalms,42,7,אלהי עלי נפשי תשתוחח עלכן אזכרך מארץ ירדן וחרמונים מהר מצער,"O my God, my soul is downcast;therefore I think of Youin this land of Jordan and Hermon,in Mount Mizar,",Ninguno
Psalms,42,8,תהוםאלתהום קורא לקול צנוריך כלמשבריך וגליך עלי עברו,where deep calls to deepin the roar of Your cataracts;eYour cataracts Meaning of Heb. uncertain. all Your breakers and billows have swept over me.,Ninguno
Psalms,42,9,יומם&thinsp;<b></b> יצוה יהוה&thinsp;<b></b> חסדו ובלילה שירה עמי תפלה לאל חיי,"By day may GOD devote faithful care,so that at night a song may be with me:a prayer to the God of my life.",Ninguno
Psalms,42,10,אומרה&thinsp;<b></b> לאל סלעי למה שכחתני למהקדר אלך בלחץ אויב,"I say to God, my rock,“Why have You forgotten me,why must I walk in gloom,oppressed by my enemy?”",Ninguno
Psalms,42,11,ברצח&thinsp;<b></b> בעצמותי חרפוני צוררי באמרם אלי כלהיום איה אלהיך,"Crushing my bones,fCrushing my bones Meaning of Heb. uncertain. my foes revile me,taunting me always with, “Where is your God?”",Ninguno
Psalms,42,12,"מהתשתוחחי&thinsp;<b></b> נפשי ומהתהמי עלי הוחילי לאלהים כיעוד אודנו ישועת פני ואלהי&nbsp;<span class=""mam-spi-pe"">{פ}</span><br>","Why so downcast, my soul,why disquieted within me?Have hope in God;I will yet give praise,my ever-present help, my God.",Ninguno
Psalms,43,1,"שפטני אלהים&thinsp;<b></b> וריבה ריבי מגוי לאחסיד מאיש<span class=""mam-implicit-maqaf""></span>מרמה ועולה תפלטני","aA continuation of Psalm 42. Vindicate me, O God,champion my causeagainst faithless people;rescue me from treacherous, dishonest opponents.",Ninguno
Psalms,43,2,כיאתה&thinsp;<b></b> אלהי מעוזי למה זנחתני למהקדר אתהלך בלחץ אויב,"For You are my God, my stronghold;why have You rejected me?Why must I walk in gloom,oppressed by the enemy?",Ninguno
Psalms,43,3,שלחאורך ואמתך המה ינחוני יביאוני אלהרקדשך ואלמשכנותיך,"Send forth Your light and Your truth;they will lead me;they will bring me to Your holy mountain,to Your dwelling-place,",Ninguno
Psalms,43,4,ואבואה&thinsp;<b></b> אלמזבח אלהים אלאל שמחת גילי ואודך בכנור אלהים אלהי,"that I may come to the altar of God,God, my delight, my joy;that I may praise You with the lyre,O God, my God.",Ninguno
Psalms,43,5,"מהתשתוחחי&thinsp;<b></b> נפשי ומהתהמי עלי הוחילי לאלהים כיעוד אודנו ישועת פני ואלהי&nbsp;<span class=""mam-spi-pe"">{פ}</span><br>","Why so downcast, my soul,why disquieted within me?Have hope in God;I will yet give praise,my ever-present help, my God.",Ninguno
Psalms,44,1,למנצח&thinsp;<small></small>&thinsp;לבניקרח משכיל,For the leader. Of the Korahites. A maskil.,Ninguno
Psalms,44,2,אלהים&thinsp;<b></b> באזנינו שמענו אבותינו ספרולנו פעל פעלת בימיהם בימי קדם,"We have heard, O God,our ancestors have told usthe deeds You performed in their time,in days of old.",Ninguno
Psalms,44,3,אתה&thinsp;<b></b> ידך גוים הורשת ותטעם תרע לאמים ותשלחם,"With Your hand You planted them,displacing nations;You brought misfortune on peoples,and drove them out.",Ninguno
Psalms,44,4,כי לא בחרבם ירשו ארץ וזרועם לאהושיעה למו כיימינך וזרועך ואור פניך כי רציתם,"It was not by their sword that they took the land,their arm did not give them victory,but Your right hand, Your arm, and Your goodwill,for You favored them.",Ninguno
Psalms,44,5,אתההוא מלכי אלהים צוה ישועות יעקב,"You are my king,aking See note at 24.7. O God;decree victories for Jacob!",Ninguno
Psalms,44,6,בך צרינו ננגח בשמך נבוס קמינו,Through You we gore our foes;by Your name we trample our adversaries;,Ninguno
Psalms,44,7,כי לא בקשתי אבטח וחרבי לא תושיעני,I do not trust in my bow;it is not my sword that gives me victory;,Ninguno
Psalms,44,8,כי הושעתנו מצרינו ומשנאינו הבישות,You give us victory over our foes;You thwart those who hate us.,Ninguno
Psalms,44,9,באלהים הללנו כלהיום ושמך&thinsp;<b></b> לעולם נודה סלה,"In God we glory at all times,and praise Your name unceasingly.    Selah. ",Ninguno
Psalms,44,10,אףזנחת ותכלימנו ולאתצא בצבאותינו,Yet You have rejected and disgraced us;You do not go with our armies.,Ninguno
Psalms,44,11,תשיבנו אחור מניצר ומשנאינו שסו למו,You make us retreat before our foe;our enemies plunder us at will.,Ninguno
Psalms,44,12,תתננו כצאן מאכל ובגוים זריתנו,You let them devour us like sheep;You disperse us among the nations.,Ninguno
Psalms,44,13,תמכרעמך בלאהון ולארבית במחיריהם,"You sell Your people for no fortune,You set no high price on them.",Ninguno
Psalms,44,14,תשימנו חרפה לשכנינו לעג וקלס לסביבותינו,"You make us the butt of our neighbors,the scorn and derision of those around us.",Ninguno
Psalms,44,15,תשימנו משל בגוים מנודראש בלאמים,"You make us a byword among the nations,a laughingstockblaughingstock Lit. “wagging of the head.” among the peoples.",Ninguno
Psalms,44,16,כלהיום כלמתי נגדי ובשת פני כסתני,I am always aware of my disgrace;I am wholly covered with shame,Ninguno
Psalms,44,17,מקול מחרף ומגדף מפני אויב ומתנקם,"at the sound of taunting revilers,in the presence of the vengeful foe.",Ninguno
Psalms,44,18,כלזאת באתנו ולא שכחנוך ולאשקרנו בבריתך,"All this has come upon us,yet we have not forgotten You,or been false to Your covenant.",Ninguno
Psalms,44,19,לאנסוג אחור לבנו ותט אשרינו מני ארחך,"Our hearts have not gone astray,nor have our feet swerved from Your path,",Ninguno
Psalms,44,20,כי דכיתנו במקום תנים ותכס עלינו בצלמות,"though You cast us, crushed, to where the sea monstercsea monster Heb. tannim = tannin, as in Ezek. 29.3; 32.2. is,and covered us over with deepest darkness.",Ninguno
Psalms,44,21,אםשכחנו שם אלהינו ונפרש כפינו לאל זר,"If we forgot the name of our Godand spread forth our hands to a foreign god,",Ninguno
Psalms,44,22,הלא אלהים יחקרזאת כיהוא ידע תעלמות לב,"God would surely search it out,as the One who knows the secrets of the heart.",Percepción (Yada)
Psalms,44,23,כיעליך הרגנו כלהיום נחשבנו כצאן טבחה,"It is for Your sake that we are slain all day long,that we are regarded as sheep to be slaughtered.",Ninguno
Psalms,44,24,עורה&thinsp;<b></b> למה תישן&thinsp;<small></small>&thinsp;אדני הקיצה אלתזנח לנצח,"Rouse Yourself; why do You sleep, O my Sovereign?Awaken, do not reject us forever!",Ninguno
Psalms,44,25,למהפניך תסתיר תשכח ענינו ולחצנו,"Why do You hide Your face,ignoring our affliction and distress?",Ninguno
Psalms,44,26,כי שחה לעפר נפשנו דבקה לארץ בטננו,We lie prostrate in the dust;our body clings to the ground.,Ninguno
Psalms,44,27,"קומה עזרתה לנו ופדנו למען חסדך&nbsp;<span class=""mam-spi-pe"">{פ}</span><br>","Arise and help us,redeem us, as befits Your faithfulness.",Ninguno
Psalms,45,1,למנצח עלששנים לבניקרח משכיל שיר ידידת,For the leader; on shoshannim.ashoshannim Meaning of Heb. uncertain. Of the Korahites. A maskil. A love song.,Ninguno
Psalms,45,2,רחש לבי&thinsp;<b></b> דבר טוב אמר אני מעשי למלך לשוני עט&thinsp;<b></b> סופר מהיר,My heart is astir with gracious words;I speak my poem to a king;my tongue is the pen of an expert scribe.,Ninguno
Psalms,45,3,יפיפית מבני אדם הוצק חן בשפתותיך עלכן ברכך אלהים לעולם,You are fairer than all mortals;your speech is endowed with grace;rightly has God given you an eternal blessing.,Ninguno
Psalms,45,4,חגורחרבך עלירך גבור הודך והדרך,"Gird your sword upon your thigh, O hero,in your splendor and glory;",Ninguno
Psalms,45,5,והדרך&thinsp;<b></b> צלח רכב עלדבראמת וענוהצדק ותורך נוראות ימינך,"bMeaning of verse uncertain. in your glory, win success;ride on in the cause of truth and meekness and right;and let your right hand lead you to awesome deeds.",Ninguno
Psalms,45,6,חציך שנונים עמים תחתיך יפלו בלב אויבי המלך,"Your arrows, sharpened,[pierce] the breast of the king’s enemies;peoples fall at your feet.c[pierce] the breast of the king’s enemies; / peoples fall at your feet Clauses transposed for clarity. ",Ninguno
Psalms,45,7,כסאך אלהים עולם ועד שבט מישר שבט מלכותך,Your divine throneddivine throne Cf. 1 Chron. 29.23. is everlasting;your royal scepter is a scepter of equity.,Ninguno
Psalms,45,8,"אהבת צדק ותשנא<span class=""mam-implicit-maqaf""></span>רשע עלכן&thinsp;<b></b> משחך אלהים אלהיך שמן ששון מחברך","You love righteousness and hate wickedness;rightly has God, your God, chosen to anoint youwith oil of gladness over all your peers.",Ninguno
Psalms,45,9,מרואהלות קציעות כלבגדתיך מןהיכלי שן מני שמחוך,All your robes [are fragrant] withmyrrh and aloes and cassia;from ivoried palaceslutes entertain you.,Ninguno
Psalms,45,10,בנות מלכים ביקרותיך נצבה שגל לימינך בכתם אופיר,"Royal princesses are your favorites;the consort stands at your right hand,decked in gold of Ophir.",Ninguno
Psalms,45,11,שמעיבת וראי והטי אזנך ושכחי עמך ובית אביך,"Take heed, lass, and note,incline your ear:forget your people and your father’s house,",Ninguno
Psalms,45,12,ויתאו המלך יפיך כיהוא אדניך והשתחוילו,"and let the king be aroused by your beauty;since he is your lord, bow to him.",Ninguno
Psalms,45,13,ובתצר&thinsp;<b></b> במנחה פניך יחלו עשירי עם,"O Tyrian lass,the wealthiest people will court your favor with gifts,",Ninguno
Psalms,45,14,כלכבודה בתמלך פנימה ממשבצות זהב לבושה,"goods of all sorts.The royal princess,her dress embroidered with golden mountings,",Ninguno
Psalms,45,15,לרקמות תובל למלך בתולות אחריה רעותיה מובאות לך,"is led inside to the king;egoods of all sorts … to the king Meaning of Heb. uncertain. maidens in her train, her companions,are presented to you.",Ninguno
Psalms,45,16,תובלנה בשמחת וגיל תבאינה בהיכל מלך,They are led in with joy and gladness;they enter the palace of the king.,Ninguno
Psalms,45,17,תחת אבתיך יהיו בניך תשיתמו לשרים בכלהארץ,Your sons will succeed your fathers;you will appoint them princes throughout the land.,Ninguno
Psalms,45,18,"אזכירה שמך בכלדר ודר עלכן עמים יהודוך לעלם ועד&nbsp;<span class=""mam-spi-pe"">{פ}</span><br>","I commemorate your fame for all generations,so peoples will praise you forever and ever.",Ninguno
Psalms,46,1,למנצח לבניקרח עלעלמות שיר,For the leader. Of the Korahites; alamoth.aalamoth Meaning of Heb. uncertain. A song.,Ninguno
Psalms,46,2,אלהים לנו מחסה ועז עזרה בצרות נמצא מאד,"God is our refuge and stronghold,a help in trouble, very near.",Ninguno
Psalms,46,3,עלכן לאנירא בהמיר ארץ ובמוט הרים בלב ימים,"Therefore we are not afraidthough the earth reels,though mountains topple into the sea—",Ninguno
Psalms,46,4,"יהמו יחמרו מימיו ירעשו<span class=""mam-implicit-maqaf""></span>הרים בגאותו סלה",its waters rage and foam;in its swell mountains quake.    Selah. ,Ninguno
Psalms,46,5,נהר פלגיו ישמחו עיראלהים קדש משכני עליון,"There is a river whose streams gladden God’s city,the holy dwelling-place of the Most High.",Ninguno
Psalms,46,6,אלהים בקרבה בלתמוט יעזרה אלהים לפנות בקר,"God is in its midst, it will not be toppled;by daybreak God will come to its aid.",Ninguno
Psalms,46,7,המו גוים מטו ממלכות נתן בקולו תמוג ארץ,"Nations rage, kingdoms topple;at the sound of God’s thunder the earth dissolves.",Ninguno
Psalms,46,8,יהוה צבאות עמנו משגבלנו אלהי יעקב סלה,GOD of hosts is with us;the God of Jacob is our haven.    Selah. ,Ninguno
Psalms,46,9,לכוחזו מפעלות יהוה אשרשם שמות בארץ,"Come and see what GOD has done,how devastation has been wrought on the earth.",Ninguno
Psalms,46,10,משבית מלחמות עדקצה הארץ קשת ישבר וקצץ חנית עגלות ישרף באש,"[God] puts a stop to wars throughout the earth,breaking the bow, snapping the spear,consigning wagons to the flames.",Ninguno
Psalms,46,11,הרפו ודעו כיאנכי אלהים ארום בגוים ארום בארץ,“Desist! Realize that I am God!I dominate the nations;I dominate the earth.”,Ninguno
Psalms,46,12,"יהוה צבאות עמנו משגבלנו אלהי יעקב סלה&nbsp;<span class=""mam-spi-pe"">{פ}</span><br>",GOD of hosts is with us;the God of Jacob is our haven.    Selah. ,Ninguno
Psalms,47,1,למנצח&thinsp;<small></small>&thinsp;לבניקרח מזמור,For the leader. Of the Korahites. A psalm.,Ninguno
Psalms,47,2,כלהעמים תקעוכף הריעו לאלהים בקול רנה,"All you peoples, clap your hands,raise a joyous shout for God.",Ninguno
Psalms,47,3,כייהוה עליון נורא מלך גדול עלכלהארץ,"For GOD Most High is awesome,great ruler over all the earth,",Ninguno
Psalms,47,4,ידבר עמים תחתינו ולאמים תחת רגלינו,"who subjects peoples to us,sets nations at our feet.",Ninguno
Psalms,47,5,"יבחרלנו אתנחלתנו את<span class=""mam-implicit-maqaf""></span>גאון יעקב אשראהב סלה","[God] chose our heritage for us,the pride of Jacob the beloved.    Selah. ",Ninguno
Psalms,47,6,עלה אלהים בתרועה יהוה בקול שופר,"God ascends midst acclamation; the ETERNAL, to the blasts of the horn.",Ninguno
Psalms,47,7,זמרו אלהים זמרו זמרו למלכנו זמרו,"Sing, O sing to God;sing, O sing to our sovereign;",Ninguno
Psalms,47,8,כי מלך כלהארץ אלהים זמרו משכיל,"for God is ruler over all the earth;sing a hymn.ahymn Heb. maskil, a musical term of uncertain meaning. ",Ninguno
Psalms,47,9,מלך אלהים עלגוים אלהים ישב&thinsp;<b></b> עלכסא קדשו,God reigns over the nations;God is seated on the holy throne.,Ninguno
Psalms,47,10,"נדיבי עמים&thinsp;<b></b> נאספו עם אלהי אברהם כי לאלהים מגניארץ מאד נעלה&nbsp;<span class=""mam-spi-pe"">{פ}</span><br>","The great of the peoples are gathered together,the retinue of Abraham’s God;for the guardians of the earth belong to God,who is greatly exalted.",Ninguno
Psalms,48,1,שיר מזמור לבניקרח,A song. A psalm of the Korahites.,Ninguno
Psalms,48,2,גדול יהוה ומהלל מאד בעיר אלהינו הרקדשו,"GOD is great and much acclaimedin the city of our God,the holy mountain—",Ninguno
Psalms,48,3,יפה נוף משוש כלהארץ הרציון ירכתי צפון קרית מלך רב,"fair-crested, joy of all the earth,Mount Zion, summit of Zaphon,aZaphon A term for the divine abode. city of the great ruler.",Ninguno
Psalms,48,4,אלהים בארמנותיה נודע למשגב,"Through its citadels, God has become known as a haven.",Ninguno
Psalms,48,5,כיהנה המלכים נועדו עברו יחדו,"See, the kings joined forces;they advanced together.",Ninguno
Psalms,48,6,המה ראו כן תמהו נבהלו נחפזו,"At the mere sight of it they were stunned,they were terrified, they panicked;",Ninguno
Psalms,48,7,רעדה אחזתם שם חיל כיולדה,"they were seized there with a trembling,like a woman in the throes of labor,",Ninguno
Psalms,48,8,ברוח קדים תשבר אניות תרשיש,as the Tarshish fleet was wreckedin an easterly gale.bas the Tarshish fleet … gale See 1 Kings 22.49. ,Ninguno
Psalms,48,9,כאשר שמענו&thinsp;<b></b> כן ראינו בעיריהוה צבאות בעיר אלהינו אלהים יכוננה עדעולם סלה,"The likes of what we heard we have now witnessedin the city of GOD of hosts,in the city of our God—may God preserve it forever!    Selah. ",Ninguno
Psalms,48,10,דמינו אלהים חסדך בקרב היכלך,"In Your temple, God,we meditate upon Your faithful care.",Ninguno
Psalms,48,11,כשמך אלהים כן תהלתך עלקצויארץ צדק מלאה ימינך,"The praise of You, God, like Your name,reaches to the ends of the earth;Your right hand is filled with beneficence.",Ninguno
Psalms,48,12,ישמח&thinsp;<b></b> הרציון תגלנה בנות יהודה למען משפטיך,"Let Mount Zion rejoice!Let the townsctowns Or “women.” of Judah exult,because of Your judgments.",Ninguno
Psalms,48,13,סבו ציון והקיפוה ספרו מגדליה,"Walk around Zion,circle it;count its towers,",Ninguno
Psalms,48,14,שיתו לבכם&thinsp;<b></b> לחילה פסגו ארמנותיה למען תספרו לדור אחרון,"take note of its ramparts;go throughdgo through Meaning of Heb. uncertain. its citadels,that you may recount it to a future age.",Ninguno
Psalms,48,15,"כי זה&thinsp;<b></b> אלהים אלהינו עולם ועד הוא ינהגנו עלמות&nbsp;<span class=""mam-spi-pe"">{פ}</span><br>","For God truly is our God forever,who will lead us evermore.eevermore Meaning of Heb. uncertain. ",Ninguno
Psalms,49,1,למנצח&thinsp;<small></small>&thinsp;לבניקרח מזמור,For the leader. Of the Korahites. A psalm.,Ninguno
Psalms,49,2,שמעוזאת כלהעמים האזינו כלישבי חלד,"Hear this, all you peoples;give ear, all inhabitants of the world,",Ninguno
Psalms,49,3,גםבני אדם גםבניאיש יחד עשיר ואביון,"both low and high,rich and poor alike.",Ninguno
Psalms,49,4,פי ידבר חכמות והגות לבי תבונות,"My mouth utters wisdom,my speechamy speech Lit. “utterance of my heart”; on leb, cf. 19.15. is full of insight.",Ninguno
Psalms,49,5,אטה למשל אזני אפתח בכנור חידתי,"I will turn my attention to a theme,set forth my lesson to the music of a lyre.",Ninguno
Psalms,49,6,למה אירא בימי רע עון עקבי יסובני,"In time of trouble, why should I fearthe encompassing evil of those who would supplant me—",Ninguno
Psalms,49,7,הבטחים עלחילם וברב עשרם יתהללו,"those who trust in their riches,who glory in their great wealth?",Ninguno
Psalms,49,8,אח לאפדה יפדה איש לאיתן לאלהים כפרו,"Ah, itbAh, it Or “A brother.” cannot redeem anyone,or pay one’s ransom to God;",Ninguno
Psalms,49,9,ויקר פדיון נפשם וחדל לעולם,"the price of life is too high;and so one ceases to be, forever.",Ninguno
Psalms,49,10,ויחיעוד לנצח לא יראה השחת,"Shall anyone live eternally,and never see the grave?",Ninguno
Psalms,49,11,כי יראה&thinsp;<b></b> חכמים ימותו יחד כסיל ובער יאבדו ועזבו לאחרים חילם,"For one sees that the wise die,that the foolish and ignorant both perish,leaving their wealth to others.",Ninguno
Psalms,49,12,קרבם בתימו&thinsp;<b></b> לעולם משכנתם לדור ודר קראו בשמותם עלי אדמות,"Their gravecTheir grave Heb. qirbam, taken with ancient versions and medieval commentators as the equivalent of qibram. is their eternal home,the dwelling-place for all generationsof those once famous on earth.",Ninguno
Psalms,49,13,ואדם ביקר בלילין נמשל כבהמות נדמו,Mortals do not abide in honor;they are like the beasts that perish.,Ninguno
Psalms,49,14,זה דרכם כסל למו ואחריהם&thinsp;<b></b> בפיהם ירצו סלה,"Such is the fate of those who are self-confident,the end of those pleased with their own talk.dthe end of those pleased with their own talk Meaning of Heb. uncertain.    Selah. ",Ninguno
Psalms,49,15,"כצאן&thinsp;<b></b> לשאול שתו מות ירעם וירדו<span class=""mam-implicit-maqaf""></span>בם ישרים&thinsp;<b></b> לבקר <span class=""mam-kq""><span class=""mam-kq-k"">(וצירם)</span> <span class=""mam-kq-q"">[וצורם]</span></span> לבלות שאול מזבל לו","Sheeplike they head for Sheol,with Death as their shepherd.The upright shall rule over them at daybreak,and their form shall waste away in Sheoltill its nobility be gone.eand their form … gone Meaning of Heb. uncertain. ",Ninguno
Psalms,49,16,אךאלהים יפדה נפשי מידשאול כי יקחני סלה,"But God will redeem my life from the clutches of Sheol,by taking me.    Selah. ",Ninguno
Psalms,49,17,אלתירא כייעשר איש כיירבה כבוד ביתו,"Do not be afraid when someone else becomes rich,when their household goods increase;",Ninguno
Psalms,49,18,כי לא במותו יקח הכל לאירד אחריו כבודו,for when they die they can take none of it along;their goods cannot follow them down.,Ninguno
Psalms,49,19,כינפשו בחייו יברך ויודך כיתיטיב לך,Though they congratulate themselves in their lifetime—“All must admit that you did well by yourself”fAll must admit that you did well by yourself Meaning of Heb. uncertain.—,Ninguno
Psalms,49,20,תבוא עדדור אבותיו עדנצח לא יראואור,"yet they must join the company of their ancestors,who will never see daylight again.",Ninguno
Psalms,49,21,"אדם ביקר ולא יבין נמשל כבהמות נדמו&nbsp;<span class=""mam-spi-pe"">{פ}</span><br>",Mortals do not understand honor;they are like the beasts that perish.,Separación (Beyn)
Psalms,50,1,מזמור לאסף אל&thinsp;<b></b> אלהים יהוה דבר ויקראארץ ממזרחשמש עדמבאו,"A psalm of Asaph.God, the ETERNAL God,aGod,…God Heb. ʼEl ʼElohim. spokeand summoned the world from east to west.",Ninguno
Psalms,50,2,מציון מכלליפי אלהים הופיע,"From Zion, perfect in beauty,God appeared",Ninguno
Psalms,50,3,יבא אלהינו ואליחרש אשלפניו תאכל וסביביו נשערה מאד,"—let our God come and not fail to act![God] was preceded by devouring fire,with a fierce storm all around.",Ninguno
Psalms,50,4,יקרא אלהשמים מעל ואלהארץ לדין עמו,"The heavens above were summoned,and the earth, for the trial of God’s people.",Ninguno
Psalms,50,5,אספולי חסידי כרתי בריתי עליזבח,"“Bring in My devotees,who made a covenant with Me over sacrifice!”",Ninguno
Psalms,50,6,ויגידו שמים צדקו כיאלהים&thinsp;<b></b> שפט הוא סלה,"Then the heavens proclaimed God’s righteousness,for this is a God who judges.    Selah. ",Ninguno
Psalms,50,7,שמעה עמי&thinsp;<b></b> ואדברה ישראל ואעידה בך אלהים אלהיך אנכי,"“Pay heed, My people, and I will speak,O Israel, and I will arraign you.I am God, your God.",Ninguno
Psalms,50,8,לא עלזבחיך אוכיחך ועולתיך לנגדי תמיד,"I censure you not for your sacrifices,and your burnt offerings, made to Me daily;",Ninguno
Psalms,50,9,לאאקח מביתך פר ממכלאתיך עתודים,"I claim no bull from your estate,no he-goats from your pens.",Ninguno
Psalms,50,10,כילי כלחיתויער בהמות בהרריאלף,"For Mine is every animal of the forest,the beasts on a thousand mountains.ba thousand mountains Meaning of Heb. uncertain. ",Ninguno
Psalms,50,11,ידעתי כלעוף הרים וזיז שדי עמדי,"I know every bird of the mountains,the creatures of the field are subject to Me.",Percepción (Yada)
Psalms,50,12,אםארעב לאאמר לך כילי תבל ומלאה,"Were I hungry, I would not tell you,for Mine is the world and all it holds.",Ninguno
Psalms,50,13,האוכל בשר אבירים ודם עתודים אשתה,"Do I eat the flesh of bulls,or drink the blood of he-goats?",Ninguno
Psalms,50,14,זבח לאלהים תודה ושלם לעליון נדריך,"Sacrifice a thank offering to God,and pay your vows to the Most High.",Ninguno
Psalms,50,15,וקראני ביום צרה אחלצך ותכבדני,"Call upon Me in time of trouble;I will rescue you, and you shall honor Me.”",Ninguno
Psalms,50,16,ולרשע&thinsp;<b></b> אמר אלהים מהלך לספר חקי ותשא בריתי עליפיך,"And to the wicked, God said:“Who are you to recite My laws,and mouth the terms of My covenant,",Ninguno
Psalms,50,17,ואתה שנאת מוסר ותשלך דברי אחריך,"seeing that you spurn My discipline,and brush My words aside?",Ninguno
Psalms,50,18,אםראית גנב ותרץ עמו ועם מנאפים חלקך,"You fall in with a thief when you see one,and throw in your lot with adulterers;",Ninguno
Psalms,50,19,פיך שלחת ברעה ולשונך תצמיד מרמה,"you devote your mouth to evil,and yoke your tongue to deceit;",Ninguno
Psalms,50,20,תשב באחיך תדבר בבןאמך תתןדפי,"you are busy maligning your kin,defaming the child of your mother.",Ninguno
Psalms,50,21,אלה עשית&thinsp;<b></b> והחרשתי דמית היותאהיה כמוך אוכיחך ואערכה לעיניך,"If I failed to act when you did these things,you would fancy that I was like you;so I censure you and confront you with charges.",Ninguno
Psalms,50,22,בינונא זאת שכחי אלוה פןאטרף ואין מציל,"Mark this, you who are unmindful of God,lest I tear you apart and no one save you.",Ninguno
Psalms,50,23,"זבח תודה יכבדנני ושם דרך אראנו בישע אלהים&nbsp;<span class=""mam-spi-pe"">{פ}</span><br>","Whoever sacrifices a thank offering honors Me,and to one who sets out on the proper waycand to one who sets out on the proper way Meaning of Heb. uncertain. I will show the salvation of God.”",Ninguno
Psalms,51,1,למנצח מזמור לדוד,"For the leader. A psalm of David, ",Ninguno
Psalms,51,2,בבואאליו נתן הנביא כאשרבא אלבתשבע,when Nathan the prophet came to him after he had come to Bathsheba.awhen Nathan … Bathsheba Cf. 2 Sam. 12. ,Ninguno
Psalms,51,3,חנני אלהים כחסדך כרב רחמיך מחה פשעי,"Have mercy upon me, O God,as befits Your faithfulness;in keeping with Your abundant compassion,blot out my transgressions.",Ninguno
Psalms,51,4,"<span class=""mam-kq""><span class=""mam-kq-k"">(הרבה)</span> <span class=""mam-kq-q"">[הרב]</span></span> כבסני מעוני ומחטאתי טהרני","Wash me thoroughly of my iniquity,and purify me of my sin;",Ninguno
Psalms,51,5,כיפשעי אני אדע וחטאתי נגדי תמיד,"for I recognize my transgressions,and am ever conscious of my sin.",Ninguno
Psalms,51,6,לך לבדך&thinsp;<b></b> חטאתי והרע בעיניך עשיתי למען תצדק בדברך תזכה בשפטך,"Against You alone have I sinned,and done what is evil in Your sight;so You are just in Your sentence,and right in Your judgment.",Ninguno
Psalms,51,7,הןבעוון חוללתי ובחטא יחמתני אמי,Indeed I was born with iniquity;with sin my mother conceived me.,Ninguno
Psalms,51,8,הןאמת חפצת בטחות ובסתם חכמה תודיעני,bMeaning of verse uncertain. Indeed You desire truth about that which is hidden;teach me wisdom about secret things.,Ninguno
Psalms,51,9,תחטאני באזוב ואטהר תכבסני ומשלג אלבין,Purge me with hyssop till I am pure;wash me till I am whiter than snow.,Separación (Beyn)
Psalms,51,10,תשמיעני ששון ושמחה תגלנה עצמות דכית,Let me hear tidings of joy and gladness;let the bones You have crushed exult.,Ninguno
Psalms,51,11,הסתר פניך מחטאי וכלעונתי מחה,Hide Your face from my sins;blot out all my iniquities.,Ninguno
Psalms,51,12,לב טהור בראלי אלהים ורוח נכון חדש בקרבי,"Fashion a pure heart for me, O God;create in me a steadfast spirit.",Ninguno
Psalms,51,13,אלתשליכני מלפניך ורוח קדשך אלתקח ממני,"Do not cast me out of Your presence,or take Your holy spirit away from me.",Ninguno
Psalms,51,14,השיבה לי ששון ישעך ורוח נדיבה תסמכני,Let me again rejoice in Your help;let a vigorous spirit sustain me.,Ninguno
Psalms,51,15,אלמדה פשעים דרכיך וחטאים אליך ישובו,"I will teach transgressors Your ways,that sinners may return to You.",Ninguno
Psalms,51,16,הצילני מדמים&thinsp;<b></b> אלהים אלהי תשועתי תרנן לשוני צדקתך,"Save me from bloodguilt,O God, God, my deliverer,that I may sing forth Your beneficence.",Ninguno
Psalms,51,17,אדני שפתי תפתח ופי יגיד תהלתך,"O my Sovereign, open my lips,and let my mouth declare Your praise.",Ninguno
Psalms,51,18,כי&thinsp;<b></b> לאתחפץ זבח ואתנה עולה לא תרצה,You do not want me to bring sacrifices;You do not desire burnt offerings;,Ninguno
Psalms,51,19,זבחי אלהים רוח נשברה לבנשבר ונדכה אלהים לא תבזה,"True sacrifice to God is a contrite spirit;God, You will not despisea contrite and crushed heart.",Ninguno
Psalms,51,20,היטיבה ברצונך אתציון תבנה חומות ירושל͏ם,May it please You to make Zion prosper;rebuild the walls of Jerusalem.,Ninguno
Psalms,51,21,"אז תחפץ זבחיצדק עולה וכליל אז יעלו עלמזבחך פרים&nbsp;<span class=""mam-spi-pe"">{פ}</span><br>","Then You will want sacrifices offered in righteousness,burnt and whole offerings;then bulls will be offered on Your altar.",Ninguno
Psalms,52,1,למנצח משכיל לדוד,"For the leader. A maskil of David, ",Ninguno
Psalms,52,2,בבוא&thinsp;<b></b> דואג האדמי ויגד לשאול ויאמר לו בא דוד אלבית אחימלך,"when Doeg the Edomite came and informed Saul, telling him, “David came to Ahimelech’s house.”aCf. 1 Sam. 22.9ff. ",Ninguno
Psalms,52,3,מהתתהלל ברעה הגבור חסד אל כלהיום,"Why do you boast of your evil, brave fellow?God’s faithfulness never ceases.bnever ceases Lit. “is all the day.” ",Ninguno
Psalms,52,4,הוות תחשב לשונך כתער מלטש עשה רמיה,"Your tongue devises mischief,like a sharpened razor that works treacherously.",Ninguno
Psalms,52,5,אהבת רע מטוב שקר&thinsp;<b></b> מדבר צדק סלה,"You prefer evil to good,the lie, to speaking truthfully.    Selah. ",Ninguno
Psalms,52,6,אהבת כלדבריבלע לשון מרמה,"You love all pernicious words,treacherous speech.",Ninguno
Psalms,52,7,גםאל יתצך לנצח יחתך ויסחך מאהל ושרשך מארץ חיים סלה,"So God will tear you down for good,will break you and pluck you from your tent,and root you out of the land of the living.    Selah. ",Ninguno
Psalms,52,8,ויראו צדיקים וייראו ועליו ישחקו,"The righteous, seeing it, will be awestruck;they will jibe at you,cyou Heb. “him.” saying,",Ninguno
Psalms,52,9,הנה הגבר לא ישים אלהים מעוזו ויבטח ברב עשרו יעז בהותו,"“Here was a fellow who did not make God his refuge,but trusted in his great wealth,relied upon his mischief.”",Ninguno
Psalms,52,10,ואני&thinsp;<b></b> כזית רענן בבית אלהים בטחתי בחסדאלהים עולם ועד,But I am like a thriving olive tree in God’s house;I trust in the faithfulness of God forever and ever.,Ninguno
Psalms,52,11,"אודך לעולם כי עשית ואקוה שמך כיטוב נגד חסידיך&nbsp;<span class=""mam-spi-pe"">{פ}</span><br>","I praise You forever, for You have acted;I declare that Your name is gooddI declare that Your name is good Meaning of Heb. uncertain; in contrast to others “I will wait for Your name for it is good.” in the presence of Your faithful ones.",Ninguno
Psalms,53,1,למנצח עלמחלת משכיל לדוד,aCf. Psalm 14. For the leader; on mahalath.bmahalath Meaning of Heb. unknown. A maskil of David.,Ninguno
Psalms,53,2,אמר נבל בלבו אין אלהים השחיתו והתעיבו עול אין עשהטוב,"The scoundrel thinks,“God does not care.”cGod does not care Lit. “There is no God”; cf. 10.4. Mortals’dMortals’ Heb. “Their.” wrongdoing is corrupt and loathsome;no one does good.",Ninguno
Psalms,53,3,אלהים משמים השקיף עלבניאדם לראות היש משכיל דרש אתאלהים,"God looks down from heaven on humankindto find someone with understanding,someone mindful of God.",Ninguno
Psalms,53,4,כלו סג יחדו נאלחו אין עשהטוב אין גםאחד,"Everyone is dross,altogether foul;there is no one who does good,not even one.",Ninguno
Psalms,53,5,הלא ידעו פעלי און אכלי עמי אכלו לחם אלהים לא קראו,"Are they so witless, those evildoers,who devour my people as they devour food,and do not invoke God?",Percepción (Yada)
Psalms,53,6,שם&thinsp;<b></b> פחדו פחד לאהיה פחד כיאלהים פזר עצמות חנך הבשתה כיאלהים מאסם,"There they will be seized with fright—never was there such a fright—for God has scattered the bones of your besiegers;you have put them to shame,enever was there … put them to shame Meaning of Heb. uncertain. for God has rejected them.",Ninguno
Psalms,53,7,"מי<span class=""mam-implicit-maqaf""></span>יתן מציון ישעות ישראל בשוב אלהים שבות עמו יגל יעקב ישמח ישראל&nbsp;<span class=""mam-spi-pe"">{פ}</span><br>","O that the deliverance of Israel might come from Zion!When God restores the fortunes of this covenanted people,Jacob will exult, Israel will rejoice.",Ninguno
Psalms,54,1,למנצח בנגינת משכיל לדוד,"For the leader; with instrumental music. A maskil of David, ",Ninguno
Psalms,54,2,בבא הזיפים ויאמרו לשאול הלא דוד מסתתר עמנו,"when the Ziphites came and told Saul, “Know, David is in hiding among us.”aCf. 1 Sam. 23.19. ",Ninguno
Psalms,54,3,אלהים בשמך הושיעני ובגבורתך תדינני,"O God, deliver me by Your name;by Your power vindicate me.",Ninguno
Psalms,54,4,אלהים שמע תפלתי האזינה לאמריפי,"O God, hear my prayer;give ear to the words of my mouth.",Ninguno
Psalms,54,5,כי זרים&thinsp;<b></b> קמו עלי ועריצים בקשו נפשי לא שמו אלהים לנגדם סלה,"For strangers have risen against me,and those who are ruthless seek my life;they are unmindful of God.    Selah. ",Ninguno
Psalms,54,6,הנה אלהים עזר לי אדני בסמכי נפשי,"See, God is my helper;my Sovereign is my support.",Ninguno
Psalms,54,7,"<span class=""mam-kq""><span class=""mam-kq-k"">(ישוב)</span> <span class=""mam-kq-q"">[ישיב]</span></span> הרע לשררי באמתך הצמיתם","[God] will repay the evil of my watchful foes;by Your faithfulness, destroy them!",Ninguno
Psalms,54,8,"בנדבה אזבחהלך אודה<span class=""mam-implicit-maqaf""></span>שמך יהוה כיטוב","Then I will offer You a freewill sacrifice;I will praise Your name, ETERNAL One, for it is good,",Ninguno
Psalms,54,9,"כי מכלצרה הצילני ובאיבי ראתה עיני&nbsp;<span class=""mam-spi-pe"">{פ}</span><br>","for it has saved me from my foes,and let me gaze triumphant upon my enemies.",Ninguno
Psalms,55,1,למנצח בנגינת משכיל לדוד,For the leader; with instrumental music. A maskil of David.,Ninguno
Psalms,55,2,האזינה אלהים תפלתי ואלתתעלם מתחנתי,"Give ear, O God, to my prayer;do not ignore my plea;",Ninguno
Psalms,55,3,הקשיבה לי וענני אריד בשיחי ואהימה,"pay heed to me and answer me.I am tossed about, complaining and moaning",Ninguno
Psalms,55,4,מקול אויב מפני עקת רשע כיימיטו עלי און ובאף ישטמוני,"at the clamor of the enemy,because of the oppression of the wicked;for they bring evil upon meand furiously harass me.",Ninguno
Psalms,55,5,לבי יחיל בקרבי ואימות מות נפלו עלי,My heart is convulsed within me;terrors of death assail me.,Ninguno
Psalms,55,6,יראה ורעד יבא בי ותכסני פלצות,Fear and trembling invade me;I am clothed with horror.,Ninguno
Psalms,55,7,ואמר מייתןלי אבר כיונה אעופה ואשכנה,"I said,“O that I had the wings of a dove!I would fly away and find rest;",Ninguno
Psalms,55,8,הנה ארחיק נדד אלין במדבר סלה,"surely, I would flee far off;I would lodge in the wilderness;    selah ",Ninguno
Psalms,55,9,אחישה מפלט לי מרוח סעה מסער,"I would soon find me a refugefrom the sweeping wind,from the tempest.”",Ninguno
Psalms,55,10,בלע אדני פלג לשונם כיראיתי חמס וריב בעיר,"O my Sovereign, confound their speech, confuse it!For I see lawlessness and strife in the city;",Ninguno
Psalms,55,11,יומם ולילה יסובבה עלחומתיה ואון ועמל בקרבה,day and night they make their rounds on its walls;evil and mischief are inside it.,Ninguno
Psalms,55,12,הוות בקרבה ולאימיש מרחבה תך ומרמה,Malice is within it;fraud and deceit never leave its square.,Ninguno
Psalms,55,13,כי לאאויב יחרפני ואשא לאמשנאי עלי הגדיל ואסתר ממנו,It is not an enemy who reviles me—I could bear that;it is not my foe who boasts against me—for then I could hide;,Ninguno
Psalms,55,14,ואתה אנוש כערכי אלופי ומידעי,"but it is you, my equal,my companion, my friend;",Percepción (Yada)
Psalms,55,15,אשר יחדו נמתיק סוד בבית אלהים נהלך ברגש,sweet was our fellowship;we walked together in God’s house.,Ninguno
Psalms,55,16,"<span class=""mam-kq""><span class=""mam-kq-k"">(ישימות)</span> <span class=""mam-kq-q"">[ישי מות&thinsp;<b></b>]</span></span> עלימו ירדו שאול חיים כירעות במגורם בקרבם","Let [God] incite death against them;may they go down alive into Sheol!For where they dwell,there evil is.",Ninguno
Psalms,55,17,אני אלאלהים אקרא ויהוה יושיעני,"As for me, I call to God; GOD will deliver me.",Ninguno
Psalms,55,18,ערב ובקר וצהרים אשיחה ואהמה וישמע קולי,"Evening, morning, and noon,I complain and moan,and my voice is heard.",Ninguno
Psalms,55,19,פדה בשלום נפשי מקרבלי כיברבים היו עמדי,[God] redeems me unharmedfrom the battle against me;it is as though many are on my side.ait is as though many are on my side Meaning of Heb. uncertain. ,Ninguno
Psalms,55,20,ישמע&thinsp;<b></b> אל&thinsp;<b></b> ויענם וישב קדם סלה אשר אין חליפות למו ולא יראו אלהים,"God who has reigned from the first,who will have no successor,hears and humbles those who show no reverence.    Selah. ",Ninguno
Psalms,55,21,שלח ידיו בשלמיו חלל בריתו,"My companionbMy companion Heb. “He,” i.e., the friend of v. 14. caused harm to alliesand broke a pact—",Ninguno
Psalms,55,22,חלקו&thinsp;<b></b> מחמאת פיו וקרבלבו רכו דבריו משמן והמה פתחות,"with talk smoother than butter,yet with a mind set on war;with words that were softer than oil,yet in fact were drawn swords.",Ninguno
Psalms,55,23,השלך עליהוה&thinsp;<b></b> יהבך והוא יכלכלך לאיתן לעולם מוט לצדיק,Cast your burden on GOD and you will be sustained;the righteous will never be allowed to collapse.,Ninguno
Psalms,55,24,"ואתה אלהים&thinsp;<b></b> תורדם&thinsp;<small></small>&thinsp;לבאר שחת אנשי דמים ומרמה לאיחצו ימיהם ואני אבטחבך&nbsp;<span class=""mam-spi-pe"">{פ}</span><br>","For You, O God, will bring them down to the nethermost Pit—those treacherous murderers;they shall not live out half their days—but I trust in You.",Ninguno
Psalms,56,1,למנצח&thinsp;<b></b> עליונת אלם רחקים לדוד מכתם באחז אותו פלשתים בגת,For the leader; on yonath elem reḥokim.ayonath elem reḥokim Meaning of Heb. uncertain. Of David. A michtam; when the Philistines seized him in Gath.,Ninguno
Psalms,56,2,חנני אלהים כישאפני אנוש כלהיום לחם ילחצני,"Have mercy on me, O God,for people persecute me;all day long my adversary oppresses me.",Ninguno
Psalms,56,3,שאפו שוררי כלהיום כירבים לחמים לי מרום,"My watchful foes persecute me all day long;many are my adversaries, O Exalted One.",Ninguno
Psalms,56,4,יום אירא אני אליך אבטח,"When I am afraid, I trust in You,",Ninguno
Psalms,56,5,באלהים אהלל דברו באלהים בטחתי לא אירא מהיעשה בשר לי,"in God, whose word I praise,in God I trust;I am not afraid;what can mortalsbmortals Lit. “flesh.” do to me?",Ninguno
Psalms,56,6,כלהיום דברי יעצבו עלי כלמחשבתם לרע,"All day long they cause me grief in my affairs,cthey cause me grief in my affairs Meaning of Heb. uncertain. they plan only evil against me.",Ninguno
Psalms,56,7,"יגורו&thinsp;<b></b> <span class=""mam-kq""><span class=""mam-kq-k"">(יצפינו)</span> <span class=""mam-kq-q"">[יצפונו]</span></span> המה עקבי ישמרו כאשר קוו נפשי","They plot, they lie in ambush;they watch my every move, hoping for my death.",Ninguno
Psalms,56,8,עלאון פלטלמו באף עמים&thinsp;<b></b> הורד אלהים,"Cast them out for their evil;subdue peoples in Your anger, O God.",Ninguno
Psalms,56,9,נדי ספרתה אתה שימה דמעתי בנאדך הלא בספרתך,"dMeaning of verse uncertain. You keep count of my wanderings;put my tears into Your flask,into Your record.",Ninguno
Psalms,56,10,אז ישובו אויבי אחור ביום אקרא זהידעתי כיאלהים לי,"Then my enemies will retreat when I call on You;this I know, that God is for me.",Percepción (Yada)
Psalms,56,11,באלהים אהלל דבר ביהוה אהלל דבר,"In God, whose word I praise,in GOD, whose word I praise,",Ninguno
Psalms,56,12,באלהים בטחתי לא אירא מהיעשה אדם לי,in God I trust;I am not afraid;what can mere humans do to me?,Ninguno
Psalms,56,13,עלי אלהים נדריך אשלם תודת לך,"I must pay my vows to You, O God;I will render thank offerings to You.",Ninguno
Psalms,56,14,"כי הצלת נפשי ממות הלא רגלי מדחי להתהלך לפני אלהים באור החיים&nbsp;<span class=""mam-spi-pe"">{פ}</span><br>","For You have saved me from death,my foot from stumbling,that I may walk before God in the light of life.",Ninguno
Psalms,57,1,למנצח אלתשחת לדוד מכתם בברחו מפנישאול במערה,For the leader; al tashḥeth.aal tashḥeth Meaning of Heb. uncertain. Of David. A michtam; when he fled from Saul into a cave.,Ninguno
Psalms,57,2,חנני אלהים&thinsp;<b></b> חנני כי בך חסיה נפשי ובצלכנפיך אחסה עד יעבר הוות,"Have mercy on me, O God, have mercy on me,for I seek refuge in You,I seek refuge in the shadow of Your wings,until danger passes.",Ninguno
Psalms,57,3,אקרא לאלהים עליון לאל גמר עלי,"I call to God Most High,to God who is good to me,",Ninguno
Psalms,57,4,ישלח משמים&thinsp;<b></b> ויושיעני חרף שאפי סלה ישלח אלהים חסדו ואמתו,who will reach down from heaven and deliver me—sending down steadfast love;my persecutor reviles.    Selah. ,Ninguno
Psalms,57,5,נפשי&thinsp;<b></b> בתוך לבאם אשכבה להטים בניאדם שניהם חנית וחצים ולשונם חרב חדה,"As for me, I lie down among lions who devour humans—whose teeth are spears and arrows,whose tongue is a sharp sword.",Ninguno
Psalms,57,6,רומה עלהשמים אלהים על כלהארץ כבודך,"Exalt Yourself over the heavens, O God,let Your glory be over all the earth!",Ninguno
Psalms,57,7,רשת&thinsp;<b></b> הכינו לפעמי כפף נפשי כרו לפני שיחה נפלו בתוכה סלה,"They prepared a net for my feet to ensnare me;bto ensnare me Cf. Mishnaic Heb. kefifah, a wicker basket used in fishing. they dug a pit for me,but they fell into it.    Selah. ",Ninguno
Psalms,57,8,נכון לבי אלהים נכון לבי אשירה ואזמרה,"cCf. 108.2–6. My heart is firm, O God;my heart is firm;I will sing, I will chant a hymn.",Ninguno
Psalms,57,9,עורה כבודי עורה הנבל וכנור אעירה שחר,"Awake, O my soul!Awake, O harp and lyre!I will wake the dawn.",Ninguno
Psalms,57,10,אודך בעמים&thinsp;<small></small>&thinsp;אדני אזמרך בלאמים,"I will praise You among the peoples, O my Sovereign;I will sing a hymn to You among the nations—",Ninguno
Psalms,57,11,כיגדל עדשמים חסדך ועדשחקים אמתך,for Your faithfulness is as high as heaven;Your steadfastness reaches to the sky.,Ninguno
Psalms,57,12,"רומה עלשמים אלהים על כלהארץ כבודך&nbsp;<span class=""mam-spi-pe"">{פ}</span><br>","Exalt Yourself over the heavens, O God,let Your glory be over all the earth!",Ninguno
Psalms,58,1,למנצח אלתשחת לדוד מכתם,For the leader; al tashḥeth. Of David. A michtam.,Ninguno
Psalms,58,2,האמנם אלם צדק תדברון מישרים תשפטו בני אדם,"O mighty ones,aO mighty ones Meaning of Heb. uncertain. do you really decree what is just?Do you judge humankind with equity?",Ninguno
Psalms,58,3,אףבלב עולת תפעלון בארץ חמס ידיכם תפלסון,In your minds you devise wrongdoing in the land;with your hands you deal out lawlessness.bwith your hands you deal out lawlessness Meaning of Heb. uncertain. ,Ninguno
Psalms,58,4,זרו רשעים מרחם תעו מבטן דברי כזב,The wicked are defiant from birth;the liars go astray from the womb.,Ninguno
Psalms,58,5,חמתלמו כדמות חמתנחש כמופתן חרש יאטם אזנו,"Their venom is like that of a snake,a deaf viper that stops its ears",Ninguno
Psalms,58,6,אשר לאישמע לקול מלחשים חובר חברים מחכם,so as not to hear the voice of charmersor the expert mutterer of spells.,Ninguno
Psalms,58,7,אלהים הרסשנימו בפימו מלתעות כפירים נתץ&thinsp;<small></small>&thinsp;יהוה,"O God, smash their teeth in their mouth;shatter the fangs of lions, O ETERNAL One;",Ninguno
Psalms,58,8,"ימאסו כמומים יתהלכולמו ידרך <span class=""mam-kq-trivial"">חצו</span> כמו יתמללו","let them melt, let them vanish like water—aim Your arrows that they be cut down—",Ninguno
Psalms,58,9,כמו שבלול תמס יהלך נפל אשת בלחזו שמש,like a snail that melts away as it moves;clike a snail that melts away as it moves Meaning of Heb. uncertain. like a woman’s stillbirth—may they never see the sun!,Ninguno
Psalms,58,10,בטרם&thinsp;<b></b> יבינו סירתכם אטד כמוחי כמוחרון ישערנו,"Before the thorns grow into a bramble,whirl them away alive in fury.dthe thorns grow … in fury Meaning of Heb. uncertain. ",Ninguno
Psalms,58,11,ישמח צדיק כיחזה נקם פעמיו ירחץ בדם הרשע,The righteous will rejoice when they see revenge;they will bathe their feet in the blood of the wicked.,Ninguno
Psalms,58,12,"ויאמר אדם אךפרי לצדיק אך ישאלהים שפטים בארץ&nbsp;<span class=""mam-spi-pe"">{פ}</span><br>","People will say,“There is, then, a reward for the righteous;there is, indeed, divine justice on earth.”",Ninguno
Psalms,59,1,למנצח אלתשחת לדוד מכתם בשלח שאול וישמרו אתהבית להמיתו,For the leader; al tashḥeth. Of David. A michtam; when Saul sent men to watch his house in order to put him to death.awhen Saul sent … death Cf. 1 Sam. 19.11. ,Ninguno
Psalms,59,2,הצילני מאיבי&thinsp;<small></small>&thinsp;אלהי ממתקוממי תשגבני,"Save me from my enemies, O my God;secure me against my assailants.",Ninguno
Psalms,59,3,הצילני מפעלי און ומאנשי דמים הושיעני,Save me from evildoers;deliver me from murderers.,Ninguno
Psalms,59,4,כי הנה ארבו לנפשי יגורו עלי עזים לאפשעי ולאחטאתי יהוה,"For see, they lie in wait for me;fierce people plot against mefor no offense of mine,for no transgression, O ETERNAL One;",Ninguno
Psalms,59,5,בליעון ירצון ויכוננו עורה לקראתי וראה,"for no guilt of minedo they rush to array themselves against me.Look, rouse Yourself in my behalf!",Ninguno
Psalms,59,6,ואתה יהוהאלהים&thinsp;<small></small>&thinsp;צבאות אלהי ישראל הקיצה לפקד כלהגוים אלתחן כלבגדי און סלה,"You, O ETERNAL One, God of hosts,God of Israel,bestir Yourself to bring all nations to account;have no mercy on any treacherous villain.    Selah. ",Ninguno
Psalms,59,7,ישובו לערב יהמו ככלב ויסובבו עיר,"They come each evening growling like dogs,roaming the city.",Ninguno
Psalms,59,8,הנה&thinsp;<b></b> יביעון בפיהם חרבות בשפתותיהם כימי שמע,"They rave with their mouths,sharp wordsbsharp words Lit. “swords.” are on their lips;[they think,] “Who hears?”",Ninguno
Psalms,59,9,ואתה יהוה תשחקלמו תלעג לכלגוים,"But You, O ETERNAL One, laugh at them;You mock all the nations.",Ninguno
Psalms,59,10,עזו אליך אשמרה כיאלהים משגבי,"O mycmy With several mss.; cf. v. 18; Heb. 3rd person. strength, I wait for You;for God is my haven.",Ninguno
Psalms,59,11,"אלהי <span class=""mam-kq""><span class=""mam-kq-k"">(חסדו)</span> <span class=""mam-kq-q"">[חסדי]</span></span> יקדמני אלהים יראני בשררי",My faithful God will come to aid me;God will let me gloat over my watchful foes.,Ninguno
Psalms,59,12,אלתהרגם&thinsp;<b></b> פןישכחו עמי הניעמו בחילך והורידמו מגננו אדני,"Do not kill them lest my people be unmindful;with Your power make wanderers of them;bring them low, O our shield, my Sovereign,",Ninguno
Psalms,59,13,חטאתפימו דברשפתימו וילכדו בגאונם ומאלה ומכחש יספרו,"because of their sinful mouths,the words on their lips.Let them be trapped by their pride,and by the imprecations and lies they utter.",Ninguno
Psalms,59,14,כלה בחמה כלה ואינמו וידעו כיאלהים משל ביעקב לאפסי הארץ סלה,In Your fury put an end to them;put an end to them that they be no more;that it may be known to the ends of the earththat God does rule over Jacob.    Selah. ,Percepción (Yada)
Psalms,59,15,וישבו לערב יהמו ככלב ויסובבו עיר,"They come each evening growling like dogs,roaming the city.",Ninguno
Psalms,59,16,"המה <span class=""mam-kq""><span class=""mam-kq-k"">(ינועון)</span> <span class=""mam-kq-q"">[יניעון]</span></span> לאכל אםלא ישבעו וילינו",They wander in search of food;and whine if they are not satisfied.,Ninguno
Psalms,59,17,ואני&thinsp;<b></b> אשיר עזך וארנן לבקר חסדך כיהיית משגב לי ומנוס ביום צרלי,"But I will sing of Your strength,extol each morning Your faithfulness;for You have been my haven,a refuge in time of trouble.",Ninguno
Psalms,59,18,"עזי אליך אזמרה כיאלהים משגבי אלהי חסדי&nbsp;<span class=""mam-spi-pe"">{פ}</span><br>","O my strength, to You I sing hymns;for God is my haven, my faithful God.",Ninguno
Psalms,60,1,למנצח עלשושן עדות מכתם לדוד ללמד,"For the leader; on shushan eduth.ashushan eduth Meaning of Heb. uncertain. A michtam of David (to be taught), ",Ninguno
Psalms,60,2,"בהצותו&thinsp;<b></b> את<span class=""mam-implicit-maqaf""></span>ארם נהרים ואתארם צובה וישב יואב ויך אתאדום בגיאמלח שנים עשר אלף","when he fought with Aram-naharaim and Aram-zobah, and Joab returned and defeated Edom—[an army] of twelve thousand men—in the Valley of Salt.bCf. 2 Sam. 8; 1 Chron. 18. ",Ninguno
Psalms,60,3,אלהים זנחתנו פרצתנו אנפת תשובב לנו,"O God, You have rejected us,You have made a breach in us;You have been angry;restore us!",Ninguno
Psalms,60,4,הרעשתה ארץ פצמתה רפה שבריה כימטה,"You have made the land quake;You have torn it open.Mend its fissures,for it is collapsing.",Ninguno
Psalms,60,5,הראית עמך קשה השקיתנו יין תרעלה,You have made Your people suffer hardship;You have given us wine that makes us reel.cYou have given us wine that makes us reel Or “You have sated Your people with a bitter draft.” ,Ninguno
Psalms,60,6,נתתה ליראיך נס להתנוסס מפני קשט סלה,Give those who fear You because of Your trutha banner for rallying.dGive those … rallying Meaning of Heb. uncertain.    Selah. ,Ninguno
Psalms,60,7,"למען יחלצון ידידיך הושיעה ימינך <span class=""mam-kq""><span class=""mam-kq-k"">(ועננו)</span> <span class=""mam-kq-q"">[וענני]</span></span>","eCf. Ps. 108.7–14. That those whom You love might be rescued,deliver with Your right hand and answer me.",Ninguno
Psalms,60,8,אלהים&thinsp;<b></b> דבר בקדשו אעלזה אחלקה שכם ועמק סכות אמדד,"God promised in the sanctuaryfin the sanctuary Or “by God’s holiness.” that I would exultingly divide up Shechem,and measure the Valley of Sukkoth;",Ninguno
Psalms,60,9,לי גלעד&thinsp;<b></b> ולי מנשה ואפרים מעוז ראשי יהודה מחקקי,"Gilead and Manasseh would be mine,Ephraim my chief stronghold,Judah my scepter;",Ninguno
Psalms,60,10,מואב&thinsp;<b></b> סיר רחצי עלאדום אשליך נעלי עלי פלשת התרועעי,"Moab would be my washbasin;on Edom I would cast my shoe;acclaim me, O Philistia!",Ninguno
Psalms,60,11,מי יבלני עיר מצור מי נחני עדאדום,Would that I were brought to the bastion!Would that I were led to Edom!,Ninguno
Psalms,60,12,הלאאתה אלהים זנחתנו ולאתצא אלהים בצבאותינו,"But You have rejected us, O God;God, You do not march with our armies.",Ninguno
Psalms,60,13,הבהלנו עזרת מצר ושוא תשועת אדם,"Grant us Your aid against the foe,for human help is worthless.",Ninguno
Psalms,60,14,"באלהים נעשהחיל והוא יבוס צרינו&nbsp;<span class=""mam-spi-pe"">{פ}</span><br>","We shall triumph with God,who will trample our foes.",Ninguno
Psalms,61,1,למנצח&thinsp;<small></small>&thinsp;עלנגינת לדוד,For the leader; with instrumental music. Of David.,Ninguno
Psalms,61,2,שמעה אלהים רנתי הקשיבה תפלתי,"Hear my cry, O God,heed my prayer.",Ninguno
Psalms,61,3,מקצה הארץ&thinsp;<b></b> אליך אקרא בעטף לבי בצורירום ממני תנחני,"From the end of the earth I call to You;when my heart is faint,You lead me to a rock that is high above me.",Ninguno
Psalms,61,4,כיהיית מחסה לי מגדלעז מפני אויב,"For You have been my refuge,a tower of strength against the enemy.",Ninguno
Psalms,61,5,אגורה באהלך עולמים אחסה בסתר כנפיך סלה,"O that I might dwell in Your tent forever,take refuge under Your protecting wings.    Selah. ",Ninguno
Psalms,61,6,כיאתה אלהים שמעת לנדרי נתת ירשת יראי שמך,"O God, You have heard my vows;grant the requestarequest Taking the noun yrsht as an alternate form of ʼrsht; cf. Ps. 21.3. of those who fear Your name.",Ninguno
Psalms,61,7,ימים עלימימלך תוסיף שנותיו כמודר ודר,Add days to the days of the king;may his years extend through generations;,Ninguno
Psalms,61,8,ישב עולם לפני אלהים חסד ואמת מן ינצרהו,may he dwell in God’s presence forever;appointbappoint Meaning of Heb. uncertain. steadfast love to guard him.,Ninguno
Psalms,61,9,"כן אזמרה שמך לעד לשלמי נדרי יום&thinsp;<small></small>&thinsp;יום&nbsp;<span class=""mam-spi-pe"">{פ}</span><br>","So I will sing hymns to Your name forever,as I fulfill my vows day after day.",Ninguno
Psalms,62,1,למנצח עלידותון מזמור לדוד,For the leader; on Jeduthun. A psalm of David.,Ninguno
Psalms,62,2,אך אלאלהים דומיה נפשי ממנו ישועתי,"Truly my soul waits quietly for God,from whom my deliverance comes.",Ninguno
Psalms,62,3,אךהוא צורי וישועתי משגבי לאאמוט רבה,"Truly [God] is my rock and deliverance,my haven; I shall never be shaken.",Ninguno
Psalms,62,4,עדאנה&thinsp;<b></b> תהותתו עלאיש תרצחו כלכם כקיר נטוי גדר הדחויה,"How long will all of you attackaattack Meaning of Heb. uncertain. someone,to crushbcrush Meaning of Heb. uncertain. them, as though they werea leaning wall, a tottering fence?",Ninguno
Psalms,62,5,אך משאתו&thinsp;<b></b> יעצו להדיח ירצו כזב בפיו יברכו ובקרבם יקללוסלה,"You lay plans to topple them from their status;you delight in falsehood;you bless with your mouths,while inwardly you curse.cYou…your…you Heb. “They…their…they.”    Selah. ",Ninguno
Psalms,62,6,אך לאלהים דומי נפשי כיממנו תקותי,"Truly, wait quietly for God, O my soul,from whom comes my hope.",Ninguno
Psalms,62,7,אךהוא צורי וישועתי משגבי לא אמוט,"[God] is my rock and deliverance,my haven; I shall not be shaken.",Ninguno
Psalms,62,8,עלאלהים ישעי וכבודי צורעזי מחסי באלהים,"I rely on God, my deliverance and glory,my rock of strength;in God is my refuge.",Ninguno
Psalms,62,9,"בטחו<span class=""mam-implicit-maqaf""></span>בו בכלעת&thinsp;<b></b> עם שפכולפניו לבבכם אלהים מחסהלנו סלה","Trust in [God] at all times, O people;pour out your hearts before the Holy One;God is our refuge.    Selah. ",Ninguno
Psalms,62,10,"אך&thinsp;<b></b> הבל בניאדם כזב בני<span class=""mam-implicit-maqaf""></span>איש במאזנים לעלות המה מהבל יחד","Humans are mere breath;mortals, an illusiondHumans are mere breath; / mortals, an illusion Or “The common people are mere breath; / even the notables, an illusion—”; or “Mortals are mere breath; / partisans, an illusion—.”—placed on a scale all together,they weigh even less than a breath.",Ninguno
Psalms,62,11,אלתבטחו בעשק ובגזל אלתהבלו חיל&thinsp;<b></b> כיינוב אלתשיתו לב,"Do not trust in violence,or put false hopes in robbery;if force bears fruit pay it no mind.",Ninguno
Psalms,62,12,אחת&thinsp;<b></b> דבר אלהים שתיםזו שמעתי כי עז לאלהים,"One thing God has spoken;two things have I heard:that might belongs to God,",Ninguno
Psalms,62,13,"ולךאדני חסד כיאתה תשלם לאיש כמעשהו&nbsp;<span class=""mam-spi-pe"">{פ}</span><br>","and faithfulness is Yours, O my Sovereign,to reward everyone according to their deeds.",Ninguno
Psalms,63,1,מזמור לדוד בהיותו במדבר יהודה,"A psalm of David, when he was in the Wilderness of Judah.",Ninguno
Psalms,63,2,אלהים&thinsp;<b></b> אלי אתה אשחרך צמאה לך&thinsp;<b></b> נפשי כמה לך בשרי בארץציה ועיף בלימים,"God, You are my God;I search for You,my soul thirsts for You,my body yearns for You,as a parched and thirsty land that has no water.",Ninguno
Psalms,63,3,כן בקדש חזיתך לראות עזך וכבודך,"I shall behold You in the sanctuary,and see Your might and glory,",Ninguno
Psalms,63,4,כיטוב חסדך מחיים שפתי ישבחונך,Truly Your faithfulness is better than life;my lips declare Your praise.,Ninguno
Psalms,63,5,כן אברכך בחיי בשמך אשא כפי,"I bless You all my life;I lift up my hands, invoking Your name.",Ninguno
Psalms,63,6,כמו חלב ודשן תשבע נפשי ושפתי רננות יהללפי,"I am sated as with a rich feast,arich feast Lit. “suet and fat.” I sing praises with joyful lips",Ninguno
Psalms,63,7,אםזכרתיך עליצועי באשמרות אהגהבך,"when I call You to mind upon my bed,when I think of You in the watches of the night—",Ninguno
Psalms,63,8,כיהיית עזרתה לי ובצל כנפיך ארנן,"for You are my help,and in the shadow of Your wingsI shout for joy.",Ninguno
Psalms,63,9,דבקה נפשי אחריך בי תמכה ימינך,My soul is attached to You;Your right hand supports me.,Ninguno
Psalms,63,10,והמה לשואה יבקשו נפשי יבאו בתחתיות הארץ,May those who seek to destroy my lifeenter the depths of the earth.,Ninguno
Psalms,63,11,יגירהו עלידיחרב מנת שעלים יהיו,May they be gutted by the sword;may they be prey to jackals.,Ninguno
Psalms,63,12,"והמלך ישמח באלהים יתהלל כלהנשבע בו כי יסכר פי דוברישקר&nbsp;<span class=""mam-spi-pe"">{פ}</span><br>","But the king shall rejoice in God;all who swear by [God] shall exult,when the mouth of liars is stopped.",Ninguno
Psalms,64,1,למנצח מזמור לדוד,For the leader. A psalm of David.,Ninguno
Psalms,64,2,שמעאלהים קולי בשיחי מפחד אויב תצר חיי,"Hear my voice, O God, when I plead;guard my life from the enemy’s terror.",Ninguno
Psalms,64,3,תסתירני מסוד מרעים מרגשת פעלי און,"Hide me from a band of evildoers,from a crowd of wrongdoers,",Ninguno
Psalms,64,4,אשר שננו כחרב לשונם דרכו חצם דבר מר,who whet their tongues like swords;they aim their arrows—cruel words—,Ninguno
Psalms,64,5,לירת במסתרים תם פתאם ירהו ולא ייראו,"to shoot from hiding at someone blameless,shooting suddenly and without fear.",Ninguno
Psalms,64,6,יחזקולמו&thinsp;<b></b> דבר רע יספרו לטמון מוקשים אמרו מי יראהלמו,"They arm themselves with an evil word;when they speak, it is to conceal traps;aThey arm themselves … conceal traps Meaning of Heb. uncertain. they think, “Who will see them?”",Ninguno
Psalms,64,7,"יחפשו<span class=""mam-implicit-maqaf""></span>עולת תמנו חפש מחפש וקרב איש ולב עמק","bMeaning of verse uncertain. Let the wrongdoings they have concealed,cthey have concealed Reading ṭamnu with some mss. (cf. Minḥat Shai) and Rashi; most printed editions tamnu, traditionally rendered “they have accomplished.” each one’s inner, secret thoughts,be wholly exposed.",Ninguno
Psalms,64,8,וירם אלהים חץ פתאום היו מכותם,God shall shoot them with arrows;they shall be struck down suddenly.,Ninguno
Psalms,64,9,ויכשילוהו עלימו לשונם יתנדדו כלראה בם,Their tongue shall be their downfall;all who see them shall recoil in horror;,Ninguno
Psalms,64,10,וייראו כלאדם ויגידו פעל אלהים ומעשהו השכילו,all people shall stand in awe;they shall proclaim the work of Godwhose deed they perceived.,Ninguno
Psalms,64,11,"ישמח צדיק ביהוה וחסה בו ויתהללו כלישרילב&nbsp;<span class=""mam-spi-pe"">{פ}</span><br>",In GOD shall the righteous rejoiceand take refuge;all the upright shall exult.,Ninguno
Psalms,65,1,למנצח מזמור לדוד שיר,For the leader. A psalm of David. A song.,Ninguno
Psalms,65,2,לך דמיה תהלה אלהים בציון ולך ישלםנדר,"Praise befits You in Zion, O God;vows are paid to You;",Ninguno
Psalms,65,3,שמע תפלה עדיך כלבשר יבאו,"all humankindahumankind Lit. “flesh.” comes to You,You who hear prayer.",Ninguno
Psalms,65,4,דברי עונת גברו מני פשעינו אתה תכפרם,"When all manner of sins overwhelm me,it is You who forgive our iniquities.",Ninguno
Psalms,65,5,אשרי&thinsp;<b></b> תבחר ותקרב ישכן חצריך נשבעה בטוב ביתך קדש היכלך,"Happy is the one You choose and bring nearto dwell in Your courts;may we be sated with the blessings of Your house,Your holy temple.",Ninguno
Psalms,65,6,נוראות&thinsp;<b></b> בצדק תעננו אלהי ישענו מבטח כלקצויארץ וים רחקים,"Answer us with victory through awesome deeds,O God, our deliverer,in whom all the ends of the earthand the distant seasput their trust;",Ninguno
Psalms,65,7,מכין הרים בכחו נאזר בגבורה,"who by divine power fixed the mountains firmly,who is girded with might,",Ninguno
Psalms,65,8,משביח&thinsp;<b></b> שאון ימים שאון גליהם והמון לאמים,"who stills the raging seas,the raging waves,and tumultuous peoples.",Ninguno
Psalms,65,9,"וייראו&thinsp;<b></b> ישבי קצות מאותתיך מוצאי<span class=""mam-implicit-maqaf""></span>בקר וערב תרנין",Those who live at the ends of the earth are awed by Your signs;You make the lands of sunrise and sunset shout for joy.,Ninguno
Psalms,65,10,"פקדת<span class=""mam-implicit-maqaf""></span>הארץ ותשקקה רבת תעשרנה פלג אלהים מלא מים תכין דגנם כיכן תכינה","You take care of the earth and irrigate it;You enrich it greatly,with the channel of God full of water;You provide grain for all;bgrain for all Heb. “their grain.” for so do You prepare it.",Ninguno
Psalms,65,11,תלמיה רוה נחת גדודה ברביבים תמגגנה צמחה תברך,"Saturating its furrows,leveling its ridges,You soften it with showers,You bless its growth.",Ninguno
Psalms,65,12,עטרת שנת טובתך ומעגליך ירעפון דשן,You crown the year with Your bounty;fatness is distilled in Your paths—,Ninguno
Psalms,65,13,ירעפו נאות מדבר וגיל גבעות תחגרנה,the pasturelands distill it;the hills are girded with joy.,Ninguno
Psalms,65,14,"לבשו כרים&thinsp;<b></b> הצאן ועמקים יעטפובר יתרועעו אףישירו&nbsp;<span class=""mam-spi-pe"">{פ}</span><br>","The meadows are clothed with flocks,the valleys mantled with grain;they raise a shout, they break into song.",Ninguno
Psalms,66,1,למנצח שיר מזמור הריעו לאלהים כלהארץ,"For the leader. A song. A psalm.Raise a shout for God, all the earth;",Ninguno
Psalms,66,2,זמרו כבודשמו שימו כבוד תהלתו,"sing the glory of God’s name,make glorious God’s praise.",Ninguno
Psalms,66,3,אמרו לאלהים מהנורא מעשיך ברב עזך יכחשו לך איביך,"Say to God,“How awesome are Your deeds,Your enemies cower before Your great strength;",Ninguno
Psalms,66,4,כלהארץ&thinsp;<b></b> ישתחוו לך ויזמרולך יזמרו שמך סלה,"all the earth bows to You,and sings hymns to You;all sing hymns to Your name.”    Selah. ",Ninguno
Psalms,66,5,לכו וראו מפעלות אלהים נורא עלילה עלבני אדם,"Come and see the works of God,who is held in awe by mortals for acts divine,",Ninguno
Psalms,66,6,הפך ים&thinsp;<b></b> ליבשה בנהר יעברו ברגל שם נשמחהבו,and who turned the sea into dry land:IsraelaIsrael Heb. “they”; cf. Josh. 4.23. crossed the river on foot;we therefore rejoice in [God].,Ninguno
Psalms,66,7,"משל בגבורתו&thinsp;<b></b> עולם עיניו בגוים תצפינה הסוררים&thinsp;<b></b> אל<span class=""mam-kq""><span class=""mam-kq-q"">[ירומו]</span> <span class=""mam-kq-k"">(ירימו)</span></span> למו סלה","[God] rules forever with divine might,eyes scanning the nations—not letting the rebellious assert themselves.    Selah. ",Ninguno
Psalms,66,8,ברכו עמים&thinsp;<small></small>&thinsp;אלהינו והשמיעו קול תהלתו,"O peoples, bless our God;celebrate with praises",Ninguno
Psalms,66,9,השם נפשנו בחיים ולאנתן למוט רגלנו,"the One who has granted us life,and has not let our feet slip.",Ninguno
Psalms,66,10,כיבחנתנו אלהים צרפתנו כצרףכסף,"You have tried us, O God,refining us, as one refines silver.",Ninguno
Psalms,66,11,הבאתנו במצודה שמת מועקה במתנינו,"You have caught us in a net,caught us in trammels.bcaught us in trammels Lit. “put a trammel on our loins.” ",Ninguno
Psalms,66,12,הרכבת אנוש לראשנו באנובאש ובמים ותוציאנו לרויה,"You have let people ride over us;we have endured fire and water,and You have brought us through to prosperity.",Ninguno
Psalms,66,13,אבוא ביתך בעולות אשלם לך נדרי,"I enter Your house with burnt offerings,I pay my vows to You,",Ninguno
Psalms,66,14,אשרפצו שפתי ודברפי בצרלי,"[vows] that my lips pronounced,that my mouth uttered in my distress.",Ninguno
Psalms,66,15,"עלות מיחים אעלהלך עםקטרת אילים אעשה<span class=""mam-implicit-maqaf""></span>בקר עםעתודים סלה","I offer up fatlings to You,with the odor of burning rams;I sacrifice bulls and he-goats.    Selah. ",Ninguno
Psalms,66,16,לכושמעו ואספרה כליראי אלהים אשר עשה לנפשי,"Come and hear, all you who fear God,as I tell what was done for me.",Ninguno
Psalms,66,17,אליו פיקראתי ורומם תחת לשוני,"I called aloud to [God],glorification on my tongue.",Ninguno
Psalms,66,18,און אםראיתי בלבי לא ישמע&thinsp;<small></small>&thinsp;אדני,"Had I an evil thought in my mind,my Sovereign would not have listened.",Ninguno
Psalms,66,19,אכן שמע אלהים הקשיב בקול תפלתי,But God did listen—paying heed to my prayer.,Ninguno
Psalms,66,20,"ברוך אלהים אשר לאהסיר<span class=""mam-implicit-maqaf""></span>תפלתי וחסדו מאתי&nbsp;<span class=""mam-spi-pe"">{פ}</span><br>","Blessed is God who has not turned away my prayer,or faithful care, from me.",Ninguno
Psalms,67,1,למנצח בנגינת מזמור שיר,For the leader; with instrumental music. A psalm. A song.,Ninguno
Psalms,67,2,"אלהים יחננו ויברכנו יאר<span class=""mam-implicit-maqaf""></span>פניו אתנו סלה","May God be gracious to us and bless us,showing us favor,    selah ",Ninguno
Psalms,67,3,לדעת בארץ דרכך בכלגוים ישועתך,"that Your way be known on earth,Your deliverance among all nations.",Ninguno
Psalms,67,4,יודוך עמים&thinsp;<small></small>&thinsp;אלהים יודוך עמים כלם,"Peoples will praise You, O God;all peoples will praise You.",Ninguno
Psalms,67,5,ישמחו וירננו לאמים כיתשפט עמים מישר ולאמים&thinsp;<b></b> בארץ תנחם סלה,"Nations will exult and shout for joy,for You rule the peoples with equity,You guide the nations of the earth.    Selah. ",Ninguno
Psalms,67,6,יודוך עמים&thinsp;<small></small>&thinsp;אלהים יודוך עמים כלם,"The peoples will praise You, O God;all peoples will praise You.",Ninguno
Psalms,67,7,ארץ נתנה יבולה יברכנו אלהים אלהינו,"May the earth yield its produce;may God, our God, bless us.",Ninguno
Psalms,67,8,"יברכנו אלהים וייראו אותו כלאפסיארץ&nbsp;<span class=""mam-spi-pe"">{פ}</span><br>","May God bless us,and be revered to the ends of the earth.",Ninguno
Psalms,68,1,למנצח לדוד מזמור שיר,aThe coherence of this psalm and the meaning of many of its passages are uncertain. For the leader. Of David. A psalm. A song.,Ninguno
Psalms,68,2,יקום אלהים יפוצו אויביו וינוסו משנאיו מפניו,"God will arise;all opponents shall be scattered,and foes shall flee.",Ninguno
Psalms,68,3,כהנדף עשן תנדף כהמס דונג מפניאש יאבדו רשעים מפני אלהים,"Disperse them as smoke is dispersed;as wax melts at fire,so the wicked shall perish before God.",Ninguno
Psalms,68,4,וצדיקים ישמחו יעלצו לפני אלהים וישישו בשמחה,But the righteous shall rejoice;they shall exult in the presence of God;they shall be exceedingly joyful.,Ninguno
Psalms,68,5,שירו&thinsp;<b></b> לאלהים זמרו שמו סלו לרכב בערבות ביה שמו ועלזו לפניו,"Sing to God, chant hymns to the divine name;extol the One who rides the clouds,the One whose name is Yah.bYah A shortened form of the divine Name; see Isa. 12.2; 26.4. Exult in God’s presence—",Ninguno
Psalms,68,6,אבי יתומים ודין אלמנות אלהים במעון קדשו,"the guardian of the fatherless, the champion of widows,God, dwelling in holiness.",Ninguno
Psalms,68,7,אלהים&thinsp;<b></b> מושיב יחידים&thinsp;<b></b> ביתה מוציא אסירים בכושרות אך סוררים שכנו צחיחה,"God restores the lonely to their homes,sets free the imprisoned, safe and sound,while the rebellious must live in a parched land.",Ninguno
Psalms,68,8,אלהים בצאתך לפני עמך בצעדך בישימון סלה,"O God, when You went at the head of Your army,when You marched through the desert,    selah ",Ninguno
Psalms,68,9,ארץ רעשה&thinsp;<b></b> אףשמים נטפו מפני אלהים זה סיני מפני אלהים אלהי ישראל,"the earth trembled, the sky rained because of God,yon Sinai, because of God—the God of Israel.",Ninguno
Psalms,68,10,גשם נדבות תניף אלהים נחלתך ונלאה אתה כוננתה,"You released a bountiful rain, O God;when Your own land languished, You sustained it.",Ninguno
Psalms,68,11,"חיתך ישבובה תכין<span class=""mam-implicit-maqaf""></span>בטובתך לעני אלהים","Your tribe dwells there;O God, in Your goodness You provide for the needy.",Ninguno
Psalms,68,12,אדני יתןאמר המבשרות צבא רב,My Sovereign gives a command;the women who bring the news are a great host:,Ninguno
Psalms,68,13,מלכי צבאות ידדון ידדון ונותבית תחלק שלל,“The kings and their armies are in headlong flight;the women at home are sharing in the spoils;,Ninguno
Psalms,68,14,אםתשכבון בין שפתים כנפי יונה נחפה בכסף ואברותיה בירקרק חרוץ,"even for those of you who lie among the sheepfoldsthere are wings of a dove sheathed in silver,its pinions in fine gold.”",Separación (Beyn)
Psalms,68,15,בפרש שדי מלכים בה תשלג בצלמון,"When Shaddai scattered the kings,it seemed like a snowstorm in Zalmon.",Ninguno
Psalms,68,16,הראלהים הרבשן הר גבננים הרבשן,"O majestic mountain, Mount Bashan;O jagged mountain, Mount Bashan;",Ninguno
Psalms,68,17,למה&thinsp;<b></b> תרצדון הרים גבננים ההר חמד אלהים לשבתו אףיהוה ישכן לנצח,"why so hostile, O jagged mountains,toward the mountain God desired as a dwelling? GOD shall abide there forever.",Ninguno
Psalms,68,18,רכב אלהים רבתים אלפי שנאן אדני בם סיני בקדש,"God’s chariots are myriads upon myriads,thousands upon thousands;my Sovereign is among them as in Sinai in holiness.",Ninguno
Psalms,68,19,עלית למרום&thinsp;<b></b> שבית שבי לקחת מתנות באדם ואף סוררים לשכן&thinsp;<b></b> יה אלהים,"You went up to the heights, having taken captives,having received tribute of people,even of those who rebelagainst the abiding there of Yah—who is God.",Ninguno
Psalms,68,20,ברוך אדני יום&thinsp;<b></b> יום יעמסלנו האל ישועתנו סלה,"Blessed is my Sovereign,day by day supporting us—God, our deliverance.    Selah. ",Ninguno
Psalms,68,21,האל&thinsp;<small></small>&thinsp;לנו אל למושעות וליהוה אדני למות תצאות,God is for us a God of deliverance; GOD my Sovereign provides an escape from death.,Ninguno
Psalms,68,22,אךאלהים ימחץ ראש איביו קדקד שער מתהלך באשמיו,"God will smash the heads of all opponents,the hairy crown of the one who walks about in guilt.",Ninguno
Psalms,68,23,אמר אדני מבשן אשיב אשיב ממצלות ים,"My Sovereign said, “I will retrieve from Bashan,I will retrieve from the depths of the sea;",Ninguno
Psalms,68,24,למען&thinsp;<b></b> תמחץ רגלך בדם לשון כלביך מאיבים מנהו,"that your feet may wade through blood,that the tongue of your dogs may have its portion of your enemies.”",Ninguno
Psalms,68,25,ראו הליכותיך אלהים הליכות אלי מלכי בקדש,"People see Your processions, O God,the processions of my God, my monarch,into the sanctuary.",Ninguno
Psalms,68,26,קדמו שרים אחר נגנים בתוך עלמות תופפות,"First come singers, then musicians,amidst maidens playing hand-drums.cmaidens playing hand-drums See note at Exod. 15.20. ",Ninguno
Psalms,68,27,במקהלות ברכו אלהים אדני ממקור ישראל,"In assemblies bless God, ETERNAL One, O you who are from the fountain of Israel.",Ninguno
Psalms,68,28,שם בנימן&thinsp;<b></b> צעיר רדם שרי יהודה רגמתם שרי זבלון שרי נפתלי,"There is little Benjamin who rules them,the princes of Judah who command them,the princes of Zebulun and Naphtali.",Ninguno
Psalms,68,29,צוה אלהיך עזך עוזה אלהים זו פעלת לנו,"Your God has ordained strength for you,the strength, O God,that You displayed for us",Ninguno
Psalms,68,30,מהיכלך עלירושל͏ם לך יובילו מלכים שי,from Your temple above Jerusalem.The kings bring You tribute.,Ninguno
Psalms,68,31,גער חית קנה עדת אבירים&thinsp;<b></b> בעגלי עמים מתרפס ברציכסף בזר עמים קרבות יחפצו,"Blast the beast of the marsh,the herd of bulls among the peoples, the calves,till they come cringing with pieces of silver.Scatter the peoples who delight in wars!",Ninguno
Psalms,68,32,יאתיו חשמנים מני מצרים כוש תריץ ידיו לאלהים,Tribute-bearers shall come from Egypt;Cush shall hasten its gifts to God.,Ninguno
Psalms,68,33,ממלכות הארץ שירו לאלהים זמרו אדני סלה,"O kingdoms of the earth,sing to God;chant hymns to my Sovereign,    selah ",Ninguno
Psalms,68,34,לרכב בשמי שמיקדם הן יתן בקולו קול עז,"to the One who rides the ancient highest heavens,who thunders forth with a mighty voice.",Ninguno
Psalms,68,35,תנו עז לאלהים עלישראל גאותו ועזו בשחקים,"Ascribe might to God,whose majesty is over Israel,whose might is in the skies.",Ninguno
Psalms,68,36,"נורא אלהים ממקדשיך אל ישראל הוא נתן&thinsp;<b></b> עז ותעצמות לעם ברוך אלהים&nbsp;<span class=""mam-spi-pe"">{פ}</span><br>","You are awesome, O God, in Your holy places;it is the God of Israel who gives might and power to the people.Blessed is God.",Ninguno
Psalms,69,1,למנצח&thinsp;<small></small>&thinsp;עלשושנים לדוד,For the leader. On shoshannim.ashoshannim Meaning of Heb. uncertain. Of David.,Ninguno
Psalms,69,2,הושיעני אלהים כי באו מים עדנפש,"Deliver me, O God,for the waters have reached my neck;",Ninguno
Psalms,69,3,טבעתי&thinsp;<b></b> ביון מצולה ואין מעמד באתי במעמקימים ושבלת שטפתני,I am sinking into the slimy deepand find no foothold;I have come into the watery depths;the flood sweeps me away.,Ninguno
Psalms,69,4,יגעתי בקראי נחר גרוני כלו עיני מיחל לאלהי,I am weary with calling;my throat is dry;my eyes failwhile I wait for God.,Ninguno
Psalms,69,5,רבו&thinsp;<b></b> משערות ראשי שנאי חנם עצמו מצמיתי איבי שקר אשר לאגזלתי אז אשיב,"More numerous than the hairs of my headare those who hate me without reason;many are those who would destroy me,my treacherous enemies.Must I restore what I have not stolen?",Ninguno
Psalms,69,6,אלהים אתה ידעת לאולתי ואשמותי ממך לאנכחדו,"God, You know my folly;my guilty deeds are not hidden from You.",Percepción (Yada)
Psalms,69,7,אליבשו בי&thinsp;<b></b> קויך אדני יהוה צבאות אליכלמו בי מבקשיך אלהי ישראל,"Let those who look to You,O my Sovereign, GOD of hosts,not be disappointed on my account;let those who seek You,O God of Israel,not be shamed because of me.",Ninguno
Psalms,69,8,כיעליך נשאתי חרפה כסתה כלמה פני,"It is for Your sake that I have been reviled,that shame covers my face;",Ninguno
Psalms,69,9,מוזר הייתי לאחי ונכרי לבני אמי,"I am a stranger to my kin,an alien to my own siblings.",Ninguno
Psalms,69,10,כיקנאת ביתך אכלתני וחרפות חורפיך נפלו עלי,My zeal for Your house has been my undoing;the reproaches of those who revile You have fallen upon me.,Ninguno
Psalms,69,11,ואבכה בצום נפשי ותהי לחרפות לי,"When I wept and fasted,I was reviled for it.",Ninguno
Psalms,69,12,ואתנה לבושי שק ואהי להם למשל,I made sackcloth my garment;I became a byword among them.,Ninguno
Psalms,69,13,ישיחו בי ישבי שער ונגינות שותי שכר,Those who sit in the gate talk about me;I am the taunt of drunkards.,Ninguno
Psalms,69,14,ואני תפלתילך&thinsp;<b></b> יהוה עת רצון אלהים ברבחסדך ענני באמת ישעך,"As for me, may my prayer come to You, O ETERNAL One,at a favorable moment;O God, in Your abundant faithfulness,answer me with Your sure deliverance.",Ninguno
Psalms,69,15,"הצילני מטיט ואלאטבעה אנצלה משנאי וממעמקי<span class=""mam-implicit-maqaf""></span>מים","Rescue me from the mire;let me not sink;let me be rescued from my enemies,and from the watery depths.",Ninguno
Psalms,69,16,אלתשטפני&thinsp;<b></b> שבלת מים ואלתבלעני מצולה ואלתאטרעלי באר פיה,Let the floodwaters not sweep me away;let the deep not swallow me;let the mouth of the Pit not close over me.,Ninguno
Psalms,69,17,ענני יהוה כיטוב חסדך כרב רחמיך פנה אלי,"Answer me, O ETERNAL One,according to Your great steadfastness;in accordance with Your abundant mercyturn to me;",Ninguno
Psalms,69,18,ואלתסתר פניך מעבדך כיצרלי מהר ענני,"do not hide Your face from Your servant,for I am in distress;answer me quickly.",Ninguno
Psalms,69,19,קרבה אלנפשי גאלה למען איבי פדני,Come near to me and redeem me;free me from my enemies.,Ninguno
Psalms,69,20,אתה ידעת חרפתי ובשתי וכלמתי נגדך כלצוררי,"You know my reproach,my shame, my disgrace;You are aware of all my foes.",Percepción (Yada)
Psalms,69,21,חרפה&thinsp;<b></b> שברה לבי ואנושה ואקוה לנוד ואין ולמנחמים ולא מצאתי,"Reproach breaks my heart,I am in despair;bin despair Meaning of Heb. uncertain. I hope for consolation, but there is none,for comforters, but find none.",Ninguno
Psalms,69,22,ויתנו בברותי ראש ולצמאי ישקוני חמץ,"They give me gall for food,vinegar to quench my thirst.",Ninguno
Psalms,69,23,יהישלחנם לפניהם לפח ולשלומים למוקש,"May their table be a trap for them,a snare for their allies.",Ninguno
Psalms,69,24,תחשכנה עיניהם מראות ומתניהם תמיד המעד,May their eyes grow dim so that they cannot see;may their loins collapse continually.,Ninguno
Psalms,69,25,שפךעליהם זעמך וחרון אפך ישיגם,Pour out Your wrath on them;may Your blazing anger overtake them;,Ninguno
Psalms,69,26,תהיטירתם נשמה באהליהם אליהי ישב,may their encampments be desolate;may their tents stand empty.,Ninguno
Psalms,69,27,כיאתה אשרהכית רדפו ואלמכאוב חלליך יספרו,For they persecute those You have struck;they talk about the pain of those You have felled.,Ninguno
Psalms,69,28,תנהעון עלעונם ואליבאו בצדקתך,Add that to their guilt;let them have no share of Your beneficence;,Ninguno
Psalms,69,29,ימחו מספר חיים ועם צדיקים אליכתבו,"may they be erased from the book of life,and not be inscribed with the righteous.",Ninguno
Psalms,69,30,ואני עני וכואב ישועתך אלהים תשגבני,"But I am lowly and in pain;Your help, O God, keeps me safe.",Ninguno
Psalms,69,31,אהללה שםאלהים בשיר ואגדלנו בתודה,"I will extol God’s name with song,exultation, and praise.",Ninguno
Psalms,69,32,ותיטב ליהוה משור פר מקרן מפריס,"That will please GOD more than oxen,than bulls with horns and hoofs.",Ninguno
Psalms,69,33,ראו ענוים ישמחו דרשי אלהים ויחי לבבכם,"The lowly will see and rejoice;you who are mindful of God, take heart!",Ninguno
Psalms,69,34,כישמע אלאביונים יהוה ואתאסיריו לא בזה,"For GOD listens to the needy,and does not spurn those held captive.",Ninguno
Psalms,69,35,יהללוהו שמים וארץ ימים וכלרמש בם,"Heaven and earth shall sing praise,the seas, and all that moves in them.",Ninguno
Psalms,69,36,כי אלהים&thinsp;<b></b> יושיע ציון ויבנה ערי יהודה וישבו שם וירשוה,For God will deliver Zionand rebuild the cities of Judah;they shall live there and inherit it;,Ninguno
Psalms,69,37,"וזרע עבדיו ינחלוה ואהבי שמו ישכנובה&nbsp;<span class=""mam-spi-pe"">{פ}</span><br>",the offspring of God’s servants shall possess it;those who cherish God’s name shall dwell there.,Ninguno
Psalms,70,1,למנצח לדוד להזכיר,For the leader. Of David. Lehazkir.aLehazkir Meaning of Heb. uncertain. ,Ninguno
Psalms,70,2,אלהים להצילני יהוה לעזרתי חושה,"bCf. Ps. 40.14–18. Hasten, O God, to save me;O ETERNAL One, to aid me!",Ninguno
Psalms,70,3,יבשו ויחפרו מבקשי נפשי יסגו אחור ויכלמו חפצי רעתי,"Let those who seek my lifebe frustrated and disgraced;let those who wish me harm,fall back in shame.",Ninguno
Psalms,70,4,ישובו עלעקב בשתם האמרים האח&thinsp;<small></small>&thinsp;האח,"Let those who say, “Aha! Aha!”turn back because of their frustration.",Ninguno
Psalms,70,5,ישישו וישמחו&thinsp;<b></b> בך כלמבקשיך ויאמרו תמיד יגדל אלהים אהבי ישועתך,"But let all who seek You be glad and rejoice in You;let those who are eager for Your deliverance always say,“Extolled be God!”",Ninguno
Psalms,70,6,"ואני&thinsp;<b></b> עני ואביון אלהים חושהלי עזרי ומפלטי אתה יהוה אלתאחר&nbsp;<span class=""mam-spi-pe"">{פ}</span><br>","But I am poor and needy;O God, hasten to me!You are my help and my rescuer;O ETERNAL One, do not delay.",Ninguno
Psalms,71,1,בךיהוה חסיתי אלאבושה לעולם,"I seek refuge in You, O ETERNAL One;may I never be disappointed.",Ninguno
Psalms,71,2,בצדקתך תצילני ותפלטני הטהאלי אזנך והושיעני,"As You are beneficent, save me and rescue me;incline Your ear to me and deliver me.",Ninguno
Psalms,71,3,היה לי&thinsp;<b></b> לצור מעון לבוא תמיד צוית להושיעני כיסלעי ומצודתי אתה,"Be a sheltering rock for me to which I may always repair;decree my deliverance,for You are my rock and my fortress.",Ninguno
Psalms,71,4,אלהי פלטני מיד רשע מכף מעול וחומץ,"My God, rescue me from the hand of the wicked,from the grasp of the unjust and the lawless.",Ninguno
Psalms,71,5,כיאתה תקותי אדני יהוה מבטחי מנעורי,"For You are my hope,O my Sovereign GOD,my trust from my youth.",Ninguno
Psalms,71,6,עליך&thinsp;<b></b> נסמכתי מבטן ממעי אמי אתה גוזי בך תהלתי תמיד,"While yet unborn, I depended on You;in the womb of my mother, You were my support;asupport Meaning of Heb. uncertain. I sing Your praises always.",Ninguno
Psalms,71,7,כמופת הייתי לרבים ואתה מחסיעז,"I have become an example for many,since You are my mighty refuge.",Ninguno
Psalms,71,8,ימלא פי תהלתך כלהיום תפארתך,"My mouth is full of praise to You,glorifying You all day long.",Ninguno
Psalms,71,9,אלתשליכני לעת זקנה ככלות כחי אלתעזבני,"Do not cast me off in old age;when my strength fails, do not forsake me!",Ninguno
Psalms,71,10,כיאמרו אויבי לי ושמרי נפשי נועצו יחדו,"For my enemies talk against me;those who wait for me are of one mind,",Ninguno
Psalms,71,11,לאמר אלהים עזבו רדפו ותפשוהו כיאין מציל,"saying, “God has forsaken him;chase him and catch him,for no one will save him!”",Ninguno
Psalms,71,12,"אלהים אלתרחק ממני אלהי לעזרתי <span class=""mam-kq""><span class=""mam-kq-k"">(חישה)</span> <span class=""mam-kq-q"">[חושה]</span></span>","O God, be not far from me;my God, hasten to my aid!",Ninguno
Psalms,71,13,יבשו יכלו שטני נפשי יעטו חרפה וכלמה מבקשי רעתי,Let my accusers perish in frustration;let those who seek my ruin be clothed in reproach and disgrace!,Ninguno
Psalms,71,14,ואני תמיד איחל והוספתי עלכלתהלתך,"As for me, I will hope always,and add to the many praises of You.",Ninguno
Psalms,71,15,פי&thinsp;<b></b> יספר צדקתך כלהיום תשועתך כי לא ידעתי ספרות,"My mouth tells of Your beneficence,of Your deliverance all day long,though I know not how to tell it.",Percepción (Yada)
Psalms,71,16,אבוא בגברות אדני יהוה אזכיר צדקתך לבדך,"I come with praise of Your mighty acts, O my Sovereign GOD;I celebrate Your beneficence, Yours alone.",Ninguno
Psalms,71,17,אלהים למדתני מנעורי ועדהנה אגיד נפלאותיך,"You have let me experience it, God, from my youth;until now I have proclaimed Your wondrous deeds,",Ninguno
Psalms,71,18,וגם עדזקנה&thinsp;<b></b> ושיבה אלהים אלתעזבני עדאגיד זרועך לדור לכליבוא גבורתך,"and even in hoary old age do not forsake me, God,until I proclaim Your strength to the next generation,Your mighty acts, to all who are to come,",Ninguno
Psalms,71,19,וצדקתך אלהים עדמרום אשרעשית גדלות אלהים מי כמוך,"Your beneficence, high as the heavens, O God,You who have done great things;O God, who is Your peer!",Ninguno
Psalms,71,20,"אשר <span class=""mam-kq""><span class=""mam-kq-k"">(הראיתנו)</span> <span class=""mam-kq-q"">[הראיתני&thinsp;<b></b>]</span></span> צרות רבות ורעות תשוב <span class=""mam-kq""><span class=""mam-kq-k"">(תחינו)</span> <span class=""mam-kq-q"">[תחיני]</span></span> ומתהמות הארץ תשוב תעלני","You who have made me undergo many troubles and misfortuneswill revive me again,and raise me up from the depths of the earth.",Ninguno
Psalms,71,21,תרב&thinsp;<b></b> גדלתי ותסב תנחמני,"You will grant me much greatness,You will turn and comfort me.",Ninguno
Psalms,71,22,גםאני&thinsp;<b></b> אודך בכלינבל אמתך אלהי אזמרה לך בכנור קדוש ישראל,"Then I will acclaim You to the music of the lyrefor Your faithfulness, O my God;I will sing a hymn to You with a harp,O Holy One of Israel.",Ninguno
Psalms,71,23,תרננה שפתי כי אזמרהלך ונפשי אשר פדית,"My lips shall be jubilant, as I sing a hymn to You,my whole being, which You have redeemed.",Ninguno
Psalms,71,24,"גםלשוני כלהיום תהגה צדקתך כיבשו כיחפרו מבקשי רעתי&nbsp;<span class=""mam-spi-pe"">{פ}</span><br>","All day long my tongue shall recite Your beneficent acts,how those who sought my ruin were frustrated and disgraced.",Ninguno
Psalms,72,1,לשלמה&thinsp;<b></b> אלהים משפטיך למלך תן וצדקתך לבןמלך,"Of Solomon.O God, endow the king with Your judgments,the king’s son with Your righteousness;",Ninguno
Psalms,72,2,ידין עמך בצדק וענייך במשפט,"that he may judge Your people rightly,Your lowly ones, justly.",Ninguno
Psalms,72,3,ישאו הרים שלום לעם וגבעות בצדקה,"Let the mountains produce well-being for the people,the hills, the reward of justice.",Ninguno
Psalms,72,4,ישפט&thinsp;<b></b> ענייעם יושיע לבני אביון וידכא עושק,"Let him champion the lowly among the people,deliver the needy folk,and crush those who wrong them.",Ninguno
Psalms,72,5,ייראוך עםשמש ולפני ירח דור דורים,"Let them fear You as long as the sun shines,while the moon lasts, generations on end.",Ninguno
Psalms,72,6,ירד כמטר עלגז כרביבים זרזיף ארץ,"Let him be like rain that falls on a mown field,like a downpour of rain on the ground,",Ninguno
Psalms,72,7,יפרחבימיו צדיק ורב שלום עדבלי ירח,"that the righteous may flourish in his time,and well-being abound, till the moon is no more.",Ninguno
Psalms,72,8,וירד מים עדים ומנהר עדאפסיארץ,"Let him rule from sea to sea,from the river to the ends of the earth.",Ninguno
Psalms,72,9,לפניו יכרעו ציים ואיביו עפר ילחכו,"Let desert-dwellers kneel before him,and his enemies lick the dust.",Ninguno
Psalms,72,10,מלכי תרשיש ואיים מנחה ישיבו מלכי שבא וסבא אשכר יקריבו,"Let kings of Tarshish and the islands pay tribute,kings of Sheba and Seba offer gifts.",Ninguno
Psalms,72,11,וישתחוולו כלמלכים כלגוים יעבדוהו,"Let all kings bow to him,and all nations serve him.",Ninguno
Psalms,72,12,כייציל אביון משוע ועני ואיןעזר לו,"For he saves the needy who cry out,the lowly who have no helper.",Ninguno
Psalms,72,13,יחס עלדל ואביון ונפשות אביונים יושיע,He cares about the poor and the needy;He brings the needy deliverance.,Ninguno
Psalms,72,14,מתוך ומחמס יגאל נפשם וייקר דמם בעיניו,He redeems them from fraud and lawlessness;the shedding of their blood weighs heavily upon him.athe shedding of their blood weighs heavily upon him Or “their life is precious in his sight.” ,Ninguno
Psalms,72,15,ויחי ויתןלו מזהב שבא ויתפלל בעדו תמיד כלהיום יברכנהו,"So let him live, and receive gold of Sheba;let prayers for him be said always,blessings on him invoked at all times.",Ninguno
Psalms,72,16,יהי פסתבר&thinsp;<b></b> בארץ בראש הרים ירעש כלבנון פריו ויציצו מעיר כעשב הארץ,"Let abundant grain be in the land, to the tops of the mountains;let his crops thrive like the forest of Lebanon;and let the people sprout up in towns like country grass.",Ninguno
Psalms,72,17,"יהי שמו&thinsp;<b></b> לעולם לפנישמש <span class=""mam-kq""><span class=""mam-kq-k"">(ינין)</span> <span class=""mam-kq-q"">[ינון]</span></span> שמו ויתברכו בו כלגוים יאשרוהו","May his name be eternal;while the sun lasts, may his name endure;bLet abundant grain … endure Meaning of some Heb. phrases in these verses uncertain. let peoples invoke his blessedness upon themselves;let all nations count him happy.",Ninguno
Psalms,72,18,ברוך&thinsp;<b></b> יהוה אלהים אלהי ישראל עשה נפלאות לבדו,"Blessed is the ETERNAL God, God of Israel,who alone does wondrous things;",Ninguno
Psalms,72,19,וברוך&thinsp;<b></b> שם כבודו לעולם וימלא כבודו אתכל הארץ אמן&thinsp;<small></small>&thinsp;ואמן,Blessed is God’s glorious name forever;such glory fills the whole world.Amen and Amen.,Ninguno
Psalms,72,20,כלו תפלות דוד בןישי,End of the prayers of David son of Jesse.,Ninguno
Psalms,73,1,מזמור לאסף אך טוב לישראל אלהים לברי לבב,"A psalm of Asaph.God is truly good to Israel,to those whose heart is pure.",Ninguno
Psalms,73,2,"ואני כמעט <span class=""mam-kq""><span class=""mam-kq-k"">(נטוי)</span> <span class=""mam-kq-q"">[נטיו]</span></span> רגלי כאין <span class=""mam-kq""><span class=""mam-kq-k"">(שפכה)</span> <span class=""mam-kq-q"">[שפכו]</span></span> אשרי","As for me, my feet had almost strayed,my steps were nearly led off course,",Ninguno
Psalms,73,3,כיקנאתי בהוללים שלום רשעים אראה,for I envied the wanton;I saw the wicked at ease.,Ninguno
Psalms,73,4,כי אין חרצבות למותם ובריא אולם,Death has no pangs for them;their body is healthy.,Ninguno
Psalms,73,5,בעמל אנוש אינמו ועםאדם לא ינגעו,They have no part in human travail;they are not afflicted like the rest of humankind.,Ninguno
Psalms,73,6,לכן ענקתמו גאוה יעטףשית חמס למו,"So pride adorns their necks,lawlessness enwraps them as a mantle.",Ninguno
Psalms,73,7,יצא מחלב עינמו עברו משכיות לבב,Fat shuts out their eyes;their fancies are extravagant.aFat … extravagant Meaning of Heb. uncertain. ,Ninguno
Psalms,73,8,ימיקו&thinsp;<b></b> וידברו ברע עשק ממרום ידברו,They scoff and plan evil;from their eminence they plan wrongdoing.,Ninguno
Psalms,73,9,שתו בשמים פיהם ולשונם תהלך בארץ,"They set their mouths against heaven,and their tongues range over the earth.",Ninguno
Psalms,73,10,"לכן&thinsp;<b></b> <span class=""mam-kq""><span class=""mam-kq-k"">(ישיב)</span> <span class=""mam-kq-q"">[ישוב]</span></span> עמו הלם ומי מלא ימצו למו","bMeaning of verse uncertain. So they pound this people again and again,until they are drained of their very last tear.",Ninguno
Psalms,73,11,ואמרו איכה ידעאל ויש דעה בעליון,"Then they say, “How could God know?Is there knowledge with the Most High?”",Percepción (Yada)
Psalms,73,12,הנהאלה רשעים ושלוי עולם השגוחיל,"Such are the wicked;ever tranquil, they amass wealth.",Ninguno
Psalms,73,13,אךריק זכיתי לבבי וארחץ בנקיון כפי,"It was for nothing that I kept my heart pureand washed my hands in innocence,",Ninguno
Psalms,73,14,ואהי נגוע כלהיום ותוכחתי לבקרים,"seeing that I have been constantly afflicted,that each morning brings new punishments.",Ninguno
Psalms,73,15,אםאמרתי אספרה כמו הנה דור בניך בגדתי,"Had I decided to say these things,I should have been false to the circle of Your disciples.",Ninguno
Psalms,73,16,"ואחשבה לדעת זאת עמל <span class=""mam-kq""><span class=""mam-kq-k"">(היא)</span> <span class=""mam-kq-q"">[הוא]</span></span> בעיני","So I applied myself to understand this,but it seemed a hopeless task",Ninguno
Psalms,73,17,עדאבוא אלמקדשיאל אבינה לאחריתם,till I entered God’s sanctuaryand reflected on their fate.,Ninguno
Psalms,73,18,אך בחלקות תשית למו הפלתם למשואות,You surround them with flattery;You make them fall through blandishments.,Ninguno
Psalms,73,19,איך היו לשמה כרגע ספו תמו מןבלהות,"How suddenly are they ruined,wholly swept away by terrors.",Ninguno
Psalms,73,20,כחלום מהקיץ אדני בעיר&thinsp;<b></b> צלמם תבזה,"When You are aroused You despise their image,as one does a dream after waking, O my Sovereign.",Ninguno
Psalms,73,21,כי יתחמץ לבבי וכליותי אשתונן,"My mind was stripped of its reason,my feelings were numbed.cmy feelings were numbed Lit. “I was pierced through in my kidneys.” ",Ninguno
Psalms,73,22,ואניבער ולא אדע בהמות הייתי עמך,"I was a dolt, without knowledge;I was brutish toward You.",Ninguno
Psalms,73,23,ואני תמיד עמך אחזת בידימיני,"Yet I was always with You,You held my right hand;",Ninguno
Psalms,73,24,בעצתך תנחני ואחר כבוד תקחני,You guided me by Your counseland led me toward honor.dand led me toward honor Meaning of Heb. uncertain; in contrast to others “And afterward receive me with glory.” ,Ninguno
Psalms,73,25,מילי בשמים ועמך לאחפצתי בארץ,"Whom else have I in heaven?And having You, I want no one on earth.",Ninguno
Psalms,73,26,כלה שארי ולבבי צורלבבי וחלקי אלהים לעולם,"My body and mind fail;but God is the stayestay Lit. “rock.” of my mind, my portion forever.",Ninguno
Psalms,73,27,כיהנה רחקיך יאבדו הצמתה כלזונה ממך,Those who keep far from You perish;You annihilate all who are untrue to You.,Ninguno
Psalms,73,28,"ואני&thinsp;<b></b> קרבת אלהים לי<span class=""mam-implicit-maqaf""></span>טוב שתי&thinsp;<b></b> באדני יהוה מחסי לספר כלמלאכותיך&nbsp;<span class=""mam-spi-pe"">{פ}</span><br>","As for me, nearness to God is good;I have made the Sovereign GOD my refuge,that I may recount all Your works.",Ninguno
Psalms,74,1,משכיל לאסף למה אלהים זנחת לנצח יעשן אפך בצאן מרעיתך,"A maskil of Asaph.Why, O God, do You forever reject us,do You fume in anger at the flock that You tend?",Ninguno
Psalms,74,2,זכר עדתך&thinsp;<b></b> קנית קדם גאלת שבט נחלתך הרציון זה&thinsp;<b></b> שכנת בו,"Remember the community You made Yours long ago,Your very own tribe that You redeemed,Mount Zion, where You dwell.",Ninguno
Psalms,74,3,הרימה פעמיך למשאות נצח כלהרע אויב בקדש,"Bestir YourselfaBestir Yourself Lit. “Lift up Your feet.” because of the perpetual tumult,bperpetual tumult Meaning of Heb. uncertain. all the outrages of the enemy in the sanctuary.",Ninguno
Psalms,74,4,שאגו צרריך בקרב מועדך שמו אותתם אתות,Your foes roar inside Your meeting-place;they take their signs for true signs.,Ninguno
Psalms,74,5,יודע כמביא למעלה בסבךעץ קרדמות,It is like those who wield axesagainst a gnarled tree;,Ninguno
Psalms,74,6,"<span class=""mam-kq""><span class=""mam-kq-k"">(ועת)</span> <span class=""mam-kq-q"">[ועתה]</span></span> פתוחיה יחד בכשיל וכילפות יהלמון",with hatchet and pikethey hacked away at its carved work.cIt is like … carved work Meaning of Heb. uncertain. ,Ninguno
Psalms,74,7,שלחו באש מקדשך לארץ חללו משכןשמך,They made Your sanctuary go up in flames;they brought low in dishonor the dwelling-place of Your presence.,Ninguno
Psalms,74,8,אמרו בלבם נינם יחד שרפו כלמועדיאל בארץ,"They resolved, “Let us destroy them altogether!”They burned all God’s tabernacles in the land.",Ninguno
Psalms,74,9,"אותתינו לא<span class=""mam-implicit-maqaf""></span>ראינו איןעוד נביא ולאאתנו ידע עדמה",No signs appear for us;there is no longer any prophet;no one among us knows for how long.,Percepción (Yada)
Psalms,74,10,עדמתי אלהים יחרף צר ינאץ אויב שמך לנצח,"Till when, O God, will the foe blaspheme,will the enemy forever revile Your name?",Ninguno
Psalms,74,11,"למה תשיב ידך וימינך מקרב <span class=""mam-kq""><span class=""mam-kq-k"">(חוקך)</span> <span class=""mam-kq-q"">[חיקך]</span></span> כלה","Why do You hold back Your hand, Your right hand?Draw it out of Your bosom!dDraw it out of Your bosom Meaning of Heb. uncertain. ",Ninguno
Psalms,74,12,ואלהים מלכי מקדם פעל ישועות בקרב הארץ,"O God, my Sovereign from of old,who brings deliverance throughout the land;",Ninguno
Psalms,74,13,אתה פוררת בעזך ים שברת ראשי תנינים עלהמים,"it was You who drove back the sea with Your might,who smashed the heads of the monsters in the waters;",Ninguno
Psalms,74,14,אתה רצצת ראשי לויתן תתננו מאכל לעם לציים,"it was You who crushed the heads of Leviathan,who left it as food for the denizens of the desert;ethe denizens of the desert Or “seafaring peoples”; meaning of Heb. uncertain. ",Ninguno
Psalms,74,15,אתה בקעת מעין ונחל אתה הובשת נהרות איתן,"it was You who released springs and torrents,who made mighty rivers run dry;",Ninguno
Psalms,74,16,לך יום אףלך לילה אתה הכינות מאור ושמש,"the day is Yours, the night also;it was You who set in place the orb of the sun;",Ninguno
Psalms,74,17,אתה הצבת כלגבולות ארץ קיץ וחרף אתה יצרתם,You fixed all the boundaries of the earth;summer and winter—You made them.,Ninguno
Psalms,74,18,זכרזאת אויב חרף&thinsp;<small></small>&thinsp;יהוה ועם נבל נאצו שמך,"Be mindful of how the enemy blasphemes GOD,how base people revile Your name.",Ninguno
Psalms,74,19,אלתתן לחית נפש תורך חית ענייך אלתשכח לנצח,Do not deliver Your dove to the wild beast;do not ignore forever the band of Your lowly ones.,Ninguno
Psalms,74,20,הבט לברית כי מלאו מחשכיארץ נאות חמס,Look to the covenant!For the dark places of the land are full of the haunts of lawlessness.,Ninguno
Psalms,74,21,אלישב דך נכלם עני ואביון יהללו שמך,Let not the downtrodden turn away disappointed;let the poor and needy praise Your name.,Ninguno
Psalms,74,22,קומה אלהים ריבה ריבך זכר חרפתך מנינבל כלהיום,"Rise, O God, champion Your cause;be mindful that You are blasphemed by scoundrels all day long.",Ninguno
Psalms,74,23,"אלתשכח קול צרריך שאון קמיך עלה תמיד&nbsp;<span class=""mam-spi-pe"">{פ}</span><br>","Do not ignore the shouts of Your foes,the din of Your adversaries that ascends all the time.",Ninguno
Psalms,75,1,למנצח אלתשחת מזמור לאסף שיר,"For the leader; al tashḥeth.A psalm of Asaph, a song.",Ninguno
Psalms,75,2,הודינו לך&thinsp;<b></b> אלהים הודינו וקרוב שמך ספרו נפלאותיך,"We praise You, O God;we praise You;Your presence is near;people tell of Your wondrous deeds.",Ninguno
Psalms,75,3,כי אקח מועד אני מישרים אשפט,"“At the time I choose,I will give judgment equitably.",Ninguno
Psalms,75,4,נמגים ארץ וכלישביה אנכי תכנתי עמודיה סלה,Earth and all its inhabitants dissolve;it is I who keep its pillars firm.    Selah. ,Ninguno
Psalms,75,5,אמרתי להוללים אלתהלו ולרשעים אלתרימו קרן,"To the wanton I say, ‘Do not be wanton!’to the wicked, ‘Do not lift up your horns!’”",Ninguno
Psalms,75,6,אלתרימו למרום קרנכם תדברו בצואר עתק,Do not lift your horns up highin vainglorious bluster.ain vainglorious bluster Lit. “with arrogant neck you speak.” ,Ninguno
Psalms,75,7,כי לא ממוצא וממערב ולא ממדבר הרים,"For exaltation comes not from the eastor from the west or the wilderness;bwilderness Reading midbār (with qamaṣ, not pataḥ), as in many mss. ",Ninguno
Psalms,75,8,כיאלהים שפט זה ישפיל וזה ירים,for God it is who gives judgment—bringing down one and lifting up another.,Ninguno
Psalms,75,9,כי כוס בידיהוה ויין חמר&thinsp;<b></b> מלא מסך ויגר מזה אךשמריה ימצו ישתו כל רשעיארץ,"There is a cup in GOD’s handwith foaming wine fully mixed;from this [God] pours;all the wicked of the earth drink,draining it to the very dregs.",Ninguno
Psalms,75,10,ואני אגיד לעלם אזמרה לאלהי יעקב,"As for me, I will declare forever,I will sing a hymn to the God of Jacob.",Ninguno
Psalms,75,11,"וכלקרני רשעים אגדע תרוממנה קרנות צדיק&nbsp;<span class=""mam-spi-pe"">{פ}</span><br>",“All the horns of the wicked I will cut;but the horns of the righteous shall be lifted up.”,Ninguno
Psalms,76,1,למנצח בנגינת מזמור לאסף שיר,"For the leader; with instrumental music.A psalm of Asaph, a song.",Ninguno
Psalms,76,2,נודע ביהודה אלהים בישראל גדול שמו,"God is known in Judah,God’s name is great in Israel;",Ninguno
Psalms,76,3,ויהי בשלם סוכו ומעונתו בציון,"Salem became an abode;Zion, the divine den.",Ninguno
Psalms,76,4,שמה שבר רשפיקשת מגן וחרב ומלחמה סלה,"There [God] broke the fiery arrows of the bow,the shield and the sword of war.    Selah. ",Ninguno
Psalms,76,5,נאור אתה אדיר מהרריטרף,"You were resplendent,glorious, on the mountains of prey.",Ninguno
Psalms,76,6,אשתוללו&thinsp;<b></b> אבירי לב נמו שנתם ולאמצאו כלאנשיחיל ידיהם,The stout-hearted were despoiled;they were in a stupor;the bravest of soldiers could not lift a hand.,Ninguno
Psalms,76,7,מגערתך אלהי יעקב נרדם ורכב וסוס,"At Your blast, O God of Jacob,horse and chariot lay stunned.",Ninguno
Psalms,76,8,אתה&thinsp;<b></b> נורא אתה ומייעמד לפניך מאז אפך,O You! You are awesome!Who can withstand Youwhen You are enraged?,Ninguno
Psalms,76,9,משמים השמעת דין ארץ יראה ושקטה,In heaven You pronounced sentence;the earth was numbed with fright,Ninguno
Psalms,76,10,בקוםלמשפט אלהים להושיע כלענויארץ סלה,"as God rose to execute judgment,to deliver all the lowly of the earth.    Selah. ",Ninguno
Psalms,76,11,כיחמת אדם תודך שארית חמת תחגר,"aMeaning of verse uncertain. Even the fiercest among humans shall acknowledge You,when You gird on the last bit of fury.",Ninguno
Psalms,76,12,נדרו ושלמו ליהוה אלהיכם כלסביביו יבילו שי למורא,Make vows and pay them to the ETERNAL your God;those all around shall bring tribute to the Awesome One—ball around … Awesome One Meaning of Heb. uncertain. ,Ninguno
Psalms,76,13,"יבצר רוח נגידים נורא למלכיארץ&nbsp;<span class=""mam-spi-pe"">{פ}</span><br>","who curbs the spirit of princes,inspires awe in the kings of the earth.",Ninguno
Psalms,77,1,"למנצח על<span class=""mam-kq""><span class=""mam-kq-q"">[ידותון]</span> <span class=""mam-kq-k"">(ידיתון)</span></span> לאסף מזמור",For the leader; on Jeduthun.Of Asaph. A psalm.,Ninguno
Psalms,77,2,קולי אלאלהים ואצעקה קולי אלאלהים והאזין אלי,I cry aloud to God;I cry to God that I may be heard.,Ninguno
Psalms,77,3,ביום צרתי אדני דרשתי ידי&thinsp;<b></b> לילה נגרה ולא תפוג מאנה הנחם נפשי,"In my time of distress I turn to my Sovereign,with my hand [uplifted];[my eyes] flow all night without respite;awith my hand … without respite Meaning of Heb. uncertain. I will not be comforted.",Ninguno
Psalms,77,4,אזכרה אלהים ואהמיה אשיחה&thinsp;<b></b> ותתעטף רוחי סלה,"I call God to mind, I moan,I complain, my spirit fails.    Selah. ",Ninguno
Psalms,77,5,אחזת שמרות עיני נפעמתי ולא אדבר,"You have held my eyelids open;I am overwrought, I cannot speak.",Ninguno
Psalms,77,6,חשבתי ימים מקדם שנות עולמים,"My thoughts turn to days of old,to years long past.",Ninguno
Psalms,77,7,אזכרה נגינתי בלילה עםלבבי אשיחה ויחפש רוחי,"I recall at night their jibes at me;I commune with myself;my spirit inquires,",Ninguno
Psalms,77,8,הלעולמים יזנח&thinsp;<small></small>&thinsp;אדני ולאיסיף לרצות עוד,“Will my Sovereign reject foreverand never again show favor?,Ninguno
Psalms,77,9,האפס לנצח חסדו גמר אמר לדר ודר,Has such faithfulness disappeared forever?Will those promises be unfulfilled for all time?,Ninguno
Psalms,77,10,השכח חנות אל אםקפץ באף רחמיו סלה,Has God forgotten how to pity?Has God’s compassion been stifled in anger?”    Selah. ,Ninguno
Psalms,77,11,ואמר חלותי היא שנות ימין עליון,"And I said, “It is my faultthat the right hand of the Most High has changed.”bIt is my fault / … changed Meaning of Heb. uncertain. ",Control/Derecha (Yamin)
Psalms,77,12,"<span class=""mam-kq""><span class=""mam-kq-k"">(אזכיר)</span> <span class=""mam-kq-q"">[אזכור]</span></span> מעללייה כיאזכרה מקדם פלאך","I recall the deeds of Yah;cYah See note at 68.5. yes, I recall Your wonders of old;",Ninguno
Psalms,77,13,והגיתי בכלפעלך ובעלילותיך אשיחה,I recount all Your works;I speak of Your acts.,Ninguno
Psalms,77,14,אלהים בקדש דרכך מיאל גדול כאלהים,"O God, Your ways are holiness;what god is as great as God?",Ninguno
Psalms,77,15,אתה האל עשה פלא הודעת בעמים עזך,You are the God who works wonders;You have manifested Your strength among the peoples.,Ninguno
Psalms,77,16,גאלת בזרוע עמך בנייעקב ויוסף סלה,"By Your arm You redeemed Your people,the children of Jacob and Joseph.    Selah. ",Ninguno
Psalms,77,17,ראוך מים&thinsp;<b></b> אלהים ראוך מים יחילו אף ירגזו תהמות,"The waters saw You, O God,the waters saw You and were convulsed;the very deep quaked as well.",Ninguno
Psalms,77,18,זרמו מים&thinsp;<b></b> עבות קול נתנו שחקים אףחצציך יתהלכו,Clouds streamed water;the heavens rumbled;Your arrows flew about;,Ninguno
Psalms,77,19,קול רעמך&thinsp;<b></b> בגלגל האירו ברקים תבל רגזה ותרעש הארץ,Your thunder rumbled like wheels;lightning lit up the world;the earth quaked and trembled.,Ninguno
Psalms,77,20,"בים דרכך <span class=""mam-kq""><span class=""mam-kq-k"">(ושביליך)</span> <span class=""mam-kq-q"">[ושבילך]</span></span> במים רבים ועקבותיך לא נדעו","Your way was through the sea,Your path, through the mighty waters;Your tracks could not be seen.",Ninguno
Psalms,77,21,"נחית כצאן עמך בידמשה ואהרן&nbsp;<span class=""mam-spi-pe"">{פ}</span><br>",You led Your people like a flockin the care of Moses and Aaron.,Ninguno
Psalms,78,1,משכיל לאסף האזינה עמי תורתי הטו אזנכם לאמריפי,"A maskil of Asaph.Give ear, my people, to my teaching,turn your ear to what I say.",Ninguno
Psalms,78,2,אפתחה במשל פי אביעה חידות מניקדם,"I will expound a theme,hold forth on the lessons of the past—",Ninguno
Psalms,78,3,אשר שמענו ונדעם ואבותינו ספרולנו,"things we have heard and known,that our ancestors have told us.",Ninguno
Psalms,78,4,לא נכחד&thinsp;<b></b> מבניהם לדור אחרון מספרים תהלות יהוה ועזוזו ונפלאתיו אשר עשה,"We will not withhold them from their children,telling the coming generationthe praises of GOD and of divine might,and the wonders performed.",Ninguno
Psalms,78,5,ויקם עדות&thinsp;<b></b> ביעקב ותורה שם בישראל אשר צוה אתאבותינו להודיעם לבניהם,"[God] established a decree in Jacob,ordained a teaching in Israel,charging our ancestorsto make them known to their children,",Ninguno
Psalms,78,6,למען ידעו&thinsp;<b></b> דור אחרון בנים יולדו יקמו ויספרו לבניהם,that a future generation might know—children yet to be born—and in turn tell their children,Percepción (Yada)
Psalms,78,7,וישימו באלהים כסלם ולא ישכחו מעלליאל ומצותיו ינצרו,"that they might put their confidence in God,and not forget God’s great deeds,but observe the commandments,",Ninguno
Psalms,78,8,ולא יהיו&thinsp;<b></b> כאבותם דור סורר ומרה דור לאהכין לבו ולאנאמנה אתאל רוחו,"and not be like their ancestors,a wayward and defiant generation,a generation whose heart was inconstant,whose spirit was not true to God.",Ninguno
Psalms,78,9,בניאפרים נושקי רומיקשת הפכו ביום קרב,"Like the Ephraimite archerswho played false in the day of battle,",Ninguno
Psalms,78,10,לא שמרו ברית אלהים ובתורתו מאנו ללכת,"they did not keep God’s covenant,they refused to follow divine instruction;",Ninguno
Psalms,78,11,וישכחו עלילותיו ונפלאותיו אשר הראם,they forgot what was done for themand the wonders they were shown.,Ninguno
Psalms,78,12,נגד אבותם עשה פלא בארץ מצרים שדהצען,"[God] performed marvels in the sight of their ancestors,in the land of Egypt, the plain of Zoan.",Ninguno
Psalms,78,13,בקע ים ויעבירם ויצבמים כמונד,[God] split the sea and took them through it—making the waters stand like a wall.,Ninguno
Psalms,78,14,וינחם בענן יומם וכלהלילה באור אש,"[God] led them with a cloud by day,and throughout the night by the light of fire.",Ninguno
Psalms,78,15,יבקע צרים במדבר וישק כתהמות רבה,[God] split rocks in the wildernessand gave them drink as if from the great deep.,Ninguno
Psalms,78,16,ויוצא נוזלים מסלע ויורד כנהרות מים,[God] brought forth streams from a rockand made them flow down like a river.,Ninguno
Psalms,78,17,ויוסיפו עוד לחטאלו למרות עליון בציה,"But they went on sinning,defying the Most High in the parched land.",Ninguno
Psalms,78,18,וינסואל בלבבם לשאלאכל לנפשם,To test God was in their mindwhen they demanded food for themselves.,Ninguno
Psalms,78,19,וידברו באלהים אמרו היוכל אל לערך שלחן במדבר,"They spoke against God, saying,“Can God spread a feast in the wilderness?",Ninguno
Psalms,78,20,הן הכהצור&thinsp;<b></b> ויזובו מים ונחלים ישטפו הגםלחם יוכל תת אםיכין שאר לעמו,"True, [God]a[God] I.e., Moses, acting as God’s agent; cf. Exod. 17.5–6. struck the rock and waters flowed,streams gushed forth;but can [God] provide breadand supply meat for this people?”",Ninguno
Psalms,78,21,לכן&thinsp;<b></b> שמע יהוה ויתעבר ואש נשקה ביעקב וגםאף עלה בישראל,"GOD heard and then raged;fire broke out against Jacob,anger flared up at Israel,",Ninguno
Psalms,78,22,כי לא האמינו באלהים ולא בטחו בישועתו,"because they did not put their trust in God,did not rely on divine deliverance.",Ninguno
Psalms,78,23,ויצו שחקים ממעל ודלתי שמים פתח,"So [God] commanded the skies above,opened the doors of heaven",Ninguno
Psalms,78,24,וימטר עליהם מן לאכל ודגןשמים נתן למו,"and rained manna upon them for food,giving them heavenly grain.",Ninguno
Psalms,78,25,לחם אבירים אכל איש צידה שלח להם לשבע,Each person ate a hero’s meal;they were sent provision in plenty.,Ninguno
Psalms,78,26,יסע קדים בשמים וינהג בעזו תימן,"[God] set the east wind moving in heaven,and drove the south wind mightily.",Ninguno
Psalms,78,27,וימטר עליהם כעפר שאר וכחול ימים עוף כנף,"[God] rained meat on them like dust,winged birds like the sands of the sea,",Ninguno
Psalms,78,28,ויפל בקרב מחנהו סביב למשכנתיו,"making them come down inside God’s camp,around the divine dwelling-place.",Ninguno
Psalms,78,29,ויאכלו וישבעו מאד ותאותם יבא להם,They ate till they were sated;they were given what they craved.,Ninguno
Psalms,78,30,לאזרו מתאותם עוד אכלם בפיהם,"They had not yet wearied of what they craved,the food was still in their mouths",Ninguno
Psalms,78,31,ואף אלהים&thinsp;<b></b> עלה בהם ויהרג במשמניהם ובחורי ישראל הכריע,"when God’s anger flared up at them.[God] slew their sturdiest,struck down the youth of Israel.",Ninguno
Psalms,78,32,בכלזאת חטאועוד ולאהאמינו בנפלאותיו,"Nonetheless, they went on sinningand had no faith in God’s wonders.",Ninguno
Psalms,78,33,ויכלבהבל ימיהם ושנותם בבהלה,"Their days were made to end in futility,their years in sudden death.",Ninguno
Psalms,78,34,אםהרגם ודרשוהו ושבו ושחרואל,"When stricken,bstricken Lit. “killed.” they returned,and sought God once again.",Ninguno
Psalms,78,35,ויזכרו כיאלהים צורם ואל עליון גאלם,"They remembered that God was their rock,God Most High, their Redeemer.",Ninguno
Psalms,78,36,ויפתוהו בפיהם ובלשונם יכזבולו,"Yet they deceived [God] with their speech,and lied with their words.",Ninguno
Psalms,78,37,ולבם לאנכון עמו ולא נאמנו בבריתו,Their hearts were inconstant;they were untrue to the covenant.,Ninguno
Psalms,78,38,והוא רחום&thinsp;<b></b> יכפר עון ולאישחית והרבה להשיב אפו ולאיעיר כלחמתו,"But [God], being merciful, forgave iniquityand would not destroy—restraining wrath time and againand not giving full vent to such fury—",Ninguno
Psalms,78,39,ויזכר כיבשר המה רוח הולך ולא ישוב,"remembering that they were but flesh,a passing breath that does not return.",Ninguno
Psalms,78,40,כמה ימרוהו במדבר יעציבוהו בישימון,"How often did they act defiantly in the wilderness,then cause grief in the wasteland!",Ninguno
Psalms,78,41,וישובו וינסו אל וקדוש ישראל התוו,"Again and again they tested God,vexedcvexed Or “set a limit to.” the Holy One of Israel.",Ninguno
Psalms,78,42,לאזכרו אתידו יום אשרפדם מניצר,"They did not remember God’s strength,or the day they were redeemed from the foe;",Ninguno
Psalms,78,43,אשרשם במצרים אתותיו ומופתיו בשדהצען,"how [God] displayed signs in Egypt,and wonders in the plain of Zoan.",Ninguno
Psalms,78,44,ויהפך לדם יאריהם ונזליהם בלישתיון,[God first] turned their rivers into blood—making their waters undrinkable;,Ninguno
Psalms,78,45,ישלח בהם ערב ויאכלם וצפרדע ותשחיתם,"then inflicted upon them swarms of insects to devour them,frogs to destroy them;",Ninguno
Psalms,78,46,ויתן לחסיל יבולם ויגיעם לארבה,"then gave their crops over to grubs,their produce to locusts;",Ninguno
Psalms,78,47,יהרג בברד גפנם ושקמותם בחנמל,"then killed their vines with hail,their sycamores with frost;dwith frost Meaning of Heb. uncertain. ",Ninguno
Psalms,78,48,ויסגר לברד בעירם ומקניהם לרשפים,"then gave their beasts over to hail,their cattle to lightning bolts;",Ninguno
Psalms,78,49,ישלחבם&thinsp;<b></b> חרון אפו עברה וזעם וצרה משלחת מלאכי רעים,"and inflicted a burning anger upon them—wrath, indignation, trouble,a band of deadly messengers.",Ninguno
Psalms,78,50,יפלס נתיב לאפו לאחשך ממות נפשם וחיתם לדבר הסגיר,"[God] cleared a path for that anger,and did not stop short of slaying them,but gave them over to pestilence.",Ninguno
Psalms,78,51,ויך כלבכור במצרים ראשית אונים באהליחם,"[God] struck every [male] first-born in Egypt,the first fruits of their vigor in the tents of Ham.",Ninguno
Psalms,78,52,ויסע כצאן עמו וינהגם כעדר במדבר,"God’s own people were set moving like sheep,driven like a flock in the wilderness.",Ninguno
Psalms,78,53,וינחם לבטח ולא פחדו ואתאויביהם כסה הים,"[God] led them in safety; they were unafraid;as for their enemies, the sea covered them.",Ninguno
Psalms,78,54,ויביאם אלגבול קדשו הרזה קנתה ימינו,"[God] brought them to the holy realm,erealm Or “hill” with Septuagint and Saadia. the mountain God’s right hand had acquired.",Ninguno
Psalms,78,55,ויגרש מפניהם&thinsp;<b></b> גוים ויפילם בחבל נחלה וישכן באהליהם שבטי ישראל,"[God] expelled nations before them,settled the tribes of Israel in their tents,allotting them their portion by the line.fsettled the tribes of Israel in their tents, / allotting them their portion by the line Clauses transposed for clarity. ",Ninguno
Psalms,78,56,וינסו וימרו אתאלהים עליון ועדותיו לא שמרו,"Yet they defiantly tested God Most High,and did not observe divine decrees.",Ninguno
Psalms,78,57,ויסגו ויבגדו כאבותם נהפכו כקשת רמיה,"They fell away, disloyal like their ancestors;they played false like a treacherous bow.",Ninguno
Psalms,78,58,ויכעיסוהו בבמותם ובפסיליהם יקניאוהו,They provoked anger with their high places;they kindled wrath with their idols.,Ninguno
Psalms,78,59,שמע אלהים ויתעבר וימאס מאד בישראל,God heard it and was enraged—utterly rejecting Israel.,Ninguno
Psalms,78,60,ויטש משכן שלו אהל שכן באדם,"[God] forsook the tabernacle of Shiloh,the tent that had been set among mortals.",Ninguno
Psalms,78,61,ויתן לשבי עזו ותפארתו בידצר,"God’s mightgGod’s might I.e., the Ark; cf. Ps. 132.8. was allowed to go into captivity,that glory into the hands of the foe.",Ninguno
Psalms,78,62,ויסגר לחרב עמו ובנחלתו התעבר,This people was given over to the sword;God’s very own the object of rage.,Ninguno
Psalms,78,63,בחוריו אכלהאש ובתולתיו לא הוללו,"Fire consumed their young men,and their maidens remained unwed.hremained unwed Lit. “had no nuptial song.” ",Ninguno
Psalms,78,64,כהניו בחרב נפלו ואלמנתיו לא תבכינה,"Their priests fell by the sword,and their widows could not weep.",Ninguno
Psalms,78,65,ויקץ כישן&thinsp;<small></small>&thinsp;אדני כגבור מתרונן מיין,The Sovereign awoke as from sleep—like a warrior shaking offishaking off Meaning of Heb. uncertain. wine—,Ninguno
Psalms,78,66,ויךצריו אחור חרפת עולם נתן למו,"and beat back all foes,dealing them lasting disgrace.",Ninguno
Psalms,78,67,וימאס באהל יוסף ובשבט אפרים לא בחר,[God] rejected the clan of Josephand did not choose the tribe of Ephraim.,Ninguno
Psalms,78,68,ויבחר אתשבט יהודה אתהר ציון אשר אהב,"[God] did choose the tribe of Judah—Mount Zion, which was beloved—",Ninguno
Psalms,78,69,ויבן כמורמים מקדשו כארץ יסדה לעולם,"building the Sanctuary like the heavens,like the earth that [God] established forever.",Ninguno
Psalms,78,70,ויבחר בדוד עבדו ויקחהו ממכלאת צאן,"David, God’s servant, was chosen,and taken from the sheepfolds.",Ninguno
Psalms,78,71,מאחר עלות הביאו לרעות ביעקב עמו ובישראל נחלתו,"He was brought from minding the nursing ewesto tend the people of Jacob, Israel, God’s very own.",Ninguno
Psalms,78,72,"וירעם כתם לבבו ובתבונות כפיו ינחם&nbsp;<span class=""mam-spi-pe"">{פ}</span><br>",He tended them with blameless heart;with skillful hands he led them.,Ninguno
Psalms,79,1,מזמור לאסף אלהים באו גוים&thinsp;<b></b> בנחלתך טמאו אתהיכל קדשך שמו אתירושל͏ם לעיים,"A psalm of Asaph.O God, heathens have entered Your domain,defiled Your holy temple,and turned Jerusalem into ruins.",Ninguno
Psalms,79,2,נתנו אתנבלת עבדיך מאכל לעוף השמים בשר חסידיך לחיתוארץ,"They have left Your servants’ corpsesas food for the fowl of heaven,and the flesh of Your faithful for the wild beasts.",Ninguno
Psalms,79,3,שפכו דמם&thinsp;<b></b> כמים סביבות ירושל͏ם ואין קובר,"Their blood was shed like water around Jerusalem,with none to bury them.",Ninguno
Psalms,79,4,היינו חרפה לשכנינו לעג וקלס לסביבותינו,"We have become the butt of our neighbors,the scorn and derision of those around us.",Ninguno
Psalms,79,5,עדמה יהוה תאנף לנצח תבער כמואש קנאתך,"How long, O ETERNAL One, will You be angry forever,will Your indignation blaze like fire?",Ninguno
Psalms,79,6,שפך חמתך אלהגוים אשר לאידעוך ועל ממלכות אשר בשמך לא קראו,"Pour out Your fury on the nations that do not know You,upon the kingdoms that do not invoke Your name,",Percepción (Yada)
Psalms,79,7,כי אכל אתיעקב ואתנוהו השמו,for they have devoured Jacoband desolated his home.,Ninguno
Psalms,79,8,אלתזכרלנו עונת ראשנים מהר יקדמונו רחמיך כי דלונו מאד,"Do not hold our former iniquities against us;let Your compassion come swiftly toward us,for we have sunk very low.",Ninguno
Psalms,79,9,עזרנו&thinsp;<b></b> אלהי ישענו עלדבר כבודשמך והצילנו וכפר עלחטאתינו למען שמך,"Help us, O God, our deliverer,for the sake of the glory of Your name.Save us and forgive our sin,for the sake of Your name.",Ninguno
Psalms,79,10,"למה&thinsp;<b></b> יאמרו הגוים איה אלהיהם יודע <span class=""mam-kq""><span class=""mam-kq-k"">(בגיים)</span> <span class=""mam-kq-q"">[בגוים]</span></span> לעינינו נקמת דםעבדיך השפוך","Let the nations not say, “Where is their God?”Before our eyes let it be known among the nationsthat You avenge the spilled blood of Your servants.",Ninguno
Psalms,79,11,תבוא לפניך אנקת אסיר כגדל זרועך הותר בני תמותה,"Let the groans of the prisoners reach You;reprieve those condemned to death,as befits Your great strength.",Ninguno
Psalms,79,12,והשב לשכנינו שבעתים אלחיקם חרפתם אשר חרפוך אדני,"Pay back our neighbors sevenfoldfor the abuse they have flung at You, O Sovereign.",Ninguno
Psalms,79,13,"ואנחנו עמך&thinsp;<b></b> וצאן מרעיתך נודה לך לעולם לדור ודר נספר תהלתך&nbsp;<span class=""mam-spi-pe"">{פ}</span><br>","Then we, Your people,the flock You shepherd,shall glorify You forever;for all time we shall tell Your praises.",Ninguno
Psalms,80,1,למנצח אלששנים עדות לאסף מזמור,"For the leader; on shoshannim, eduth. Of Asaph. A psalm.",Ninguno
Psalms,80,2,רעה ישראל&thinsp;<b></b> האזינה נהג כצאן יוסף ישב הכרובים הופיעה,"Give ear, O shepherd of Israelwho leads Joseph like a flock!Appear, You who are enthroned on the cherubim,",Ninguno
Psalms,80,3,לפני אפרים&thinsp;<b></b> ובנימן ומנשה עוררה אתגבורתך ולכה לישעתה לנו,"at the head of Ephraim, Benjamin, and Manasseh!Rouse Your might and come to our help!",Ninguno
Psalms,80,4,אלהים השיבנו והאר פניך ונושעה,"Restore us, O God;show Your favor that we may be delivered.",Ninguno
Psalms,80,5,יהוה אלהים צבאות עדמתי עשנת בתפלת עמך,"O ETERNAL One, God of hosts,how long will You be wrathfultoward the prayers of Your people?",Ninguno
Psalms,80,6,האכלתם לחם דמעה ותשקמו בדמעות שליש,"You have fed them tears as their daily bread,made them drink great measures of tears.",Ninguno
Psalms,80,7,תשימנו מדון לשכנינו ואיבינו ילעגולמו,You set us at strife with our neighbors;our enemies mock us at will.,Ninguno
Psalms,80,8,אלהים צבאות השיבנו והאר פניך ונושעה,"O God of hosts, restore us;show Your favor that we may be delivered.",Ninguno
Psalms,80,9,גפן ממצרים תסיע תגרש גוים ותטעה,You plucked up a vine from Egypt;You expelled nations and planted it.,Ninguno
Psalms,80,10,פנית לפניה ותשרש שרשיה ותמלאארץ,You cleared a place for it;it took deep root and filled the land.,Ninguno
Psalms,80,11,כסו הרים צלה וענפיה ארזיאל,"The mountains were covered by its shade,mighty cedars by its boughs.",Ninguno
Psalms,80,12,תשלח קצירה עדים ואלנהר יונקותיה,"Its branches reached the sea,its shoots, the river.",Ninguno
Psalms,80,13,למה פרצת גדריה וארוה כלעברי דרך,"Why did You breach its wallso that every passerby plucks its fruit,",Ninguno
Psalms,80,14,יכרסמנה חזיר מי<sup>ע</sup>ר וזיז שדי ירענה,"wild boars gnaw at it,and creatures of the field feed on it?",Ninguno
Psalms,80,15,"אלהים צבאות שוב<span class=""mam-implicit-maqaf""></span>נא הבט משמים וראה ופקד גפן זאת","O God of hosts, turn again,look down from heaven and see;take note of that vine,",Ninguno
Psalms,80,16,ו<big>כ</big>נה אשרנטעה ימינך ועלבן אמצתה לך,"the stock planted by Your right hand,the stemastem Lit. “son.” you have taken as Your own.",Ninguno
Psalms,80,17,שרפה באש כסוחה מגערת פניך יאבדו,"For it is burned by fire and cut down,perishing before Your angry blast.",Ninguno
Psalms,80,18,תהיידך עלאיש ימינך עלבןאדם אמצת לך,"Grant Your helpbhelp Lit. “hand.” to the one at Your right hand,the mortal You have taken as Your own.",Ninguno
Psalms,80,19,ולאנסוג ממך תחינו ובשמך נקרא,We will not turn away from You;preserve our life that we may invoke Your name.,Ninguno
Psalms,80,20,"יהוה אלהים צבאות השיבנו האר פניך ונושעה&nbsp;<span class=""mam-spi-pe"">{פ}</span><br>","O ETERNAL One, God of hosts, restore us;show Your favor that we may be delivered.",Ninguno
Psalms,81,1,למנצח&thinsp;<small></small>&thinsp;עלהגתית לאסף,For the leader; on the gittith. Of Asaph.,Ninguno
Psalms,81,2,הרנינו לאלהים עוזנו הריעו לאלהי יעקב,"Sing joyously to God, our strength;raise a shout for the God of Jacob.",Ninguno
Psalms,81,3,שאוזמרה ותנותף כנור נעים עםנבל,"Take up the song,sound the hand-drum,the melodious lyre and harp.",Ninguno
Psalms,81,4,תקעו בחדש שופר בכסה ליום חגנו,"Blow the horn on the new moon,on the full moon for our feast day.",Ninguno
Psalms,81,5,כי חק לישראל הוא משפט לאלהי יעקב,"For it is a law for Israel,a ruling of the God of Jacob—",Ninguno
Psalms,81,6,עדות&thinsp;<b></b> ביהוסף שמו בצאתו עלארץ מצרים שפת לאידעתי אשמע,imposed as a decree upon Josephwhen he went forth fromahe went forth from Or “[God] went forth against.” the land of Egypt;I heard a language that I knew not.,Percepción (Yada)
Psalms,81,7,הסירותי מסבל שכמו כפיו מדוד תעברנה,"“I relieved his shoulder of the burden,his hands were freed from the basket.",Ninguno
Psalms,81,8,בצרה קראת ואחלצך אענך בסתר רעם אבחנך עלמי מריבה סלה,In distress you called and I rescued you;I answered you from the secret place of thunderbsecret place of thunder Meaning of Heb. uncertain. I tested you at the Waters of Meribah.    Selah. ,Ninguno
Psalms,81,9,שמע עמי ואעידה בך ישראל אםתשמעלי,"Hear, My people, and I will admonish you;Israel, if you would but listen to Me!",Ninguno
Psalms,81,10,לאיהיה בך אל זר ולא תשתחוה לאל נכר,"You shall have no foreign god,you shall not bow to an alien god.",Ninguno
Psalms,81,11,אנכי&thinsp;<b></b> יהוה אלהיך המעלך מארץ מצרים הרחבפיך ואמלאהו,I the ETERNAL am your Godwho brought you out of the land of Egypt;open your mouth wide and I will fill it.,Ninguno
Psalms,81,12,ולאשמע עמי לקולי וישראל לאאבה לי,"But My people would not listen to Me,Israel would not obey Me.",Ninguno
Psalms,81,13,ואשלחהו בשרירות לבם ילכו במועצותיהם,So I let them go after their willful heartthat they might follow their own devices.,Ninguno
Psalms,81,14,לו עמי שמע לי ישראל בדרכי יהלכו,"If only My people would listen to Me,if Israel would follow My paths,",Ninguno
Psalms,81,15,כמעט אויביהם אכניע ועל צריהם אשיב ידי,"then would I subdue their enemies at once,strike their foes again and again.”",Ninguno
Psalms,81,16,משנאי יהוה יכחשולו ויהי עתם לעולם,Those who hate GOD shall cower;their doom shall be eternal.,Ninguno
Psalms,81,17,"ויאכילהו מחלב חטה ומצור דבש אשביעך&nbsp;<span class=""mam-spi-pe"">{פ}</span><br>",[God] fed IsraelcIsrael Heb. “him.” the finest wheat;“I sated you with honey from the rock.”,Ninguno
Psalms,82,1,מזמור לאסף אלהים נצב בעדתאל בקרב אלהים ישפט,"A psalm of Asaph.God stands in the divine assembly,pronouncing judgment among the divine beings.",Ninguno
Psalms,82,2,עדמתי תשפטועול ופני רשעים תשאוסלה,"How long will you judge perversely,showing favor to the wicked?    Selah. ",Ninguno
Psalms,82,3,שפטודל ויתום עני ורש הצדיקו,"Judge the wretched and the orphan,vindicate the lowly and the poor,",Ninguno
Psalms,82,4,פלטודל ואביון מיד רשעים הצילו,rescue the wretched and the needy;save them from the hand of the wicked.,Ninguno
Psalms,82,5,לא ידעו&thinsp;<b></b> ולא יבינו בחשכה יתהלכו ימוטו כלמוסדי ארץ,"They neither know nor understand,they go about in darkness;all the foundations of the earth totter.",Percepción (Yada)
Psalms,82,6,אניאמרתי אלהים אתם ובני עליון כלכם,"I had taken you for divine beings,attendantsaattendants Lit. “sons.” of the Most High, all of you;",Ninguno
Psalms,82,7,אכן כאדם תמותון וכאחד השרים תפלו,"but you shall die as mortals do,fall like any prince.",Ninguno
Psalms,82,8,"קומה אלהים שפטה הארץ כיאתה תנחל בכלהגוים&nbsp;<span class=""mam-spi-pe"">{פ}</span><br>","Arise, O God, judge the earth,for all the nations are Your possession.",Ninguno
Psalms,83,1,שיר מזמור לאסף,"A song, a psalm of Asaph.",Ninguno
Psalms,83,2,אלהים אלדמילך אלתחרש ואלתשקט אל,"O God, do not be silent;do not hold aloof;do not be quiet, O God!",Ninguno
Psalms,83,3,כיהנה אויביך יהמיון ומשנאיך נשאו ראש,"For Your enemies rage,Your foes assert themselves.aassert themselves Lit. “lift up the head.” ",Ninguno
Psalms,83,4,עלעמך יערימו סוד ויתיעצו עלצפוניך,"They plot craftily against Your people,take counsel against Your treasured ones.",Ninguno
Psalms,83,5,אמרו לכו ונכחידם מגוי ולאיזכר שםישראל עוד,"They say, “Let us wipe them out as a nation;Israel’s name will be mentioned no more.”",Ninguno
Psalms,83,6,כי נועצו לב יחדו עליך ברית יכרתו,Unanimous in their counselthey have made an alliance against You—,Ninguno
Psalms,83,7,אהלי אדום וישמעאלים מואב והגרים,"the clans of Edom and the Ishmaelites,Moab and the Hagrites,",Ninguno
Psalms,83,8,גבל ועמון ועמלק פלשת עםישבי צור,"Gebal, Ammon, and Amalek,Philistia with the inhabitants of Tyre;",Ninguno
Psalms,83,9,"גםאשור נלוה עמם היו<span class=""mam-implicit-maqaf""></span>זרוע לבנילוט סלה","Assyria too joins forces with them;they give support to the descendants of Lot.bthe descendants of Lot I.e., the Moabites and the Ammonites; cf. Gen. 19.36–38.    Selah. ",Ninguno
Psalms,83,10,עשהלהם כמדין כסיסרא כיבין בנחל קישון,"Deal with them as You did with Midian,with Sisera, with Jabin,at the brook Kishon—",Separación (Beyn)
Psalms,83,11,נשמדו בעיןדאר היו דמן לאדמה,"who were destroyed at En-dor,who became dung for the field.",Ninguno
Psalms,83,12,שיתמו נדיבימו כערב וכזאב וכזבח וכצלמנע כלנסיכימו,"Treat their nobles like Oreb and Zeeb,all their princes like Zebah and Zalmunna,",Ninguno
Psalms,83,13,אשר אמרו נירשה לנו את נאות אלהים,"who said, “Let us take the meadows of God as our possession.”",Ninguno
Psalms,83,14,אלהי שיתמו כגלגל כקש לפנירוח,"O my God, make them like thistledown,like stubble driven by the wind.",Ninguno
Psalms,83,15,כאש תבעריער וכלהבה תלהט הרים,"As a fire burns a forest,as flames scorch the hills,",Ninguno
Psalms,83,16,כן תרדפם בסערך ובסופתך תבהלם,"pursue them with Your tempest,terrify them with Your storm.",Ninguno
Psalms,83,17,מלא פניהם קלון ויבקשו שמך יהוה,"CovercCover Lit. “Fill.” their faces with shameso that they seek Your name, O ETERNAL One.",Ninguno
Psalms,83,18,יבשו ויבהלו עדיעד ויחפרו ויאבדו,"May they be frustrated and terrified,disgraced and doomed forever.",Ninguno
Psalms,83,19,"וידעו כיאתה שמך יהוה לבדך עליון עלכלהארץ&nbsp;<span class=""mam-spi-pe"">{פ}</span><br>","May they knowthat Your name, Yours alone, is GOD,supreme over all the earth.",Percepción (Yada)
Psalms,84,1,למנצח עלהגתית לבניקרח מזמור,For the leader; on the gittith. Of the Korahites. A psalm.,Ninguno
Psalms,84,2,מהידידות משכנותיך יהוה צבאות,"How lovely is Your dwelling-place,O GOD of Hosts.",Ninguno
Psalms,84,3,נכספה וגםכלתה&thinsp;<b></b> נפשי לחצרות יהוה לבי ובשרי ירננו אל אלחי,"I long, I yearn for the courts of the ETERNAL One;my body and soul shout for joy to the living God.",Ninguno
Psalms,84,4,גםצפור מצאה בית ודרור&thinsp;<b></b> <big>ק</big>ן לה אשרשתה אפרחיה אתמזבחותיך יהוה צבאות מלכי ואלהי,"Even the sparrow has found a home,and the swallow a nest for herselfin which to set her young,near Your altar, O GOD of Hosts,my monarch and my God.",Ninguno
Psalms,84,5,אשרי יושבי ביתך עוד יהללוך סלה,Happy are those who dwell in Your house;they forever praise You.    Selah. ,Ninguno
Psalms,84,6,אשרי אדם עוזלו בך מסלות בלבבם,"Happy are those who find refuge in You,whose mind is on the [pilgrim] highways.",Ninguno
Psalms,84,7,עברי&thinsp;<b></b> בעמק הבכא מעין ישיתוהו גםברכות יעטה מורה,"They pass through the Valley of Baca,regarding it as a place of springs,as if the early rain had covered it with blessing.aregarding it … blessing Meaning of Heb. uncertain. ",Ninguno
Psalms,84,8,ילכו מחיל אלחיל יראה אלאלהים בציון,"They go from rampart to rampart,brampart to rampart In contrast to others “strength to strength.” appearing before God in Zion.",Ninguno
Psalms,84,9,יהוה אלהים צבאות שמעה תפלתי האזינה אלהי יעקב סלה,"O ETERNAL God of hosts,hear my prayer;give ear, O God of Jacob.    Selah. ",Ninguno
Psalms,84,10,מגננו ראה אלהים והבט פני משיחך,"O God, behold our shield,look upon the face of Your anointed.",Ninguno
Psalms,84,11,כי טוביום בחצריך מאלף בחרתי הסתופף בבית אלהי מדור באהלירשע,Better one day in Your courts than a thousand [anywhere else];I would rather stand at the threshold of God’s housethan dwell in the tents of the wicked.,Ninguno
Psalms,84,12,כי שמש&thinsp;<b></b> ומגן יהוה אלהים חן וכבוד יתן יהוה לא ימנעטוב להלכים בתמים,"For the ETERNAL God is suncsun Or “bulwark,” with Targum; cf. Isa. 54.12. and shield; GOD bestows grace and glory,and does not withhold bounty from those who live without blame.",Ninguno
Psalms,84,13,"יהוה צבאות אשרי אדם בטח בך&nbsp;<span class=""mam-spi-pe"">{פ}</span><br>","O GOD of Hosts,happy is the one who trusts in You.",Ninguno
Psalms,85,1,למנצח&thinsp;<small></small>&thinsp;לבניקרח מזמור,For the leader. Of the Korahites. A psalm.,Ninguno
Psalms,85,2,"רצית יהוה ארצך שבת <span class=""mam-kq""><span class=""mam-kq-k"">(שבות)</span> <span class=""mam-kq-q"">[שבית]</span></span> יעקב","O ETERNAL One, You will favorawill favor Or “have favored.” Your land,restorebrestore Or “have restored.” Jacob’s fortune;",Ninguno
Psalms,85,3,נשאת עון עמך כסית כלחטאתם סלה,"You will forgivecwill forgive Or “have forgiven.” Your people’s iniquity,pardondpardon Or “have pardoned.” all their sins;    selah ",Ninguno
Psalms,85,4,אספת כלעברתך השיבות מחרון אפך,"You will withdrawewill withdraw Or “have withdrawn.” all Your anger,turnfturn Or “have turned.” away from Your rage.",Ninguno
Psalms,85,5,שובנו אלהי ישענו והפר כעסך עמנו,"Turn again, O God, our helper,revoke Your displeasure with us.",Ninguno
Psalms,85,6,הלעולם תאנףבנו תמשך אפך לדר ודר,"Will You be angry with us forever,prolong Your wrath for all generations?",Ninguno
Psalms,85,7,הלאאתה תשוב תחינו ועמך ישמחובך,"Surely You will revive us again,so that Your people may rejoice in You.",Ninguno
Psalms,85,8,הראנו יהוה חסדך וישעך תתןלנו,"Show us, O ETERNAL One, Your faithfulness;grant us Your deliverance.",Ninguno
Psalms,85,9,אשמעה מהידבר האל&thinsp;<small></small>&thinsp;יהוה כי&thinsp;<b></b> ידבר שלום אלעמו ואלחסידיו ואלישובו לכסלה,"Let me hear what God, the ETERNAL, will speak,as a promise of well-being to the faithful ones—this people;may they not turn to folly.",Ninguno
Psalms,85,10,אך קרוב ליראיו ישעו לשכן כבוד בארצנו,"Help is very near those who show reverence,to make God’s glory dwell in our land.",Ninguno
Psalms,85,11,חסדואמת נפגשו צדק ושלום נשקו,Faithfulness and truth meet;justice and well-being kiss.,Ninguno
Psalms,85,12,אמת מארץ תצמח וצדק משמים נשקף,Truth springs up from the earth;justice looks down from heaven.,Ninguno
Psalms,85,13,גםיהוה יתן הטוב וארצנו תתן יבולה,GOD also bestows bounty;our land yields its produce.,Ninguno
Psalms,85,14,"צדק לפניו יהלך וישם לדרך פעמיו&nbsp;<span class=""mam-spi-pe"">{פ}</span><br>",Justice walks in frontas [God] sets out on the way.,Ninguno
Psalms,86,1,תפלה לדוד הטהיהוה אזנך ענני כיעני ואביון אני,"A prayer of David.Incline Your ear, O ETERNAL One,answer me,for I am poor and needy.",Ninguno
Psalms,86,2,שמרה נפשי כיחסיד אני הושע עבדך אתה אלהי הבוטח אליך,"Preserve my life, for I am steadfast;O You, my God,deliver Your servant who trusts in You.",Ninguno
Psalms,86,3,חנני אדני כי אליך אקרא כלהיום,"Have mercy on me, O my Sovereign,for I call to You all day long;",Ninguno
Psalms,86,4,שמח נפש עבדך כי אליך אדני נפשי אשא,"bring joy to Your servant’s life,for on You, my Sovereign, I set my hope.",Ninguno
Psalms,86,5,כיאתה אדני טוב וסלח ורבחסד לכלקראיך,"For You, my Sovereign, are good and forgiving,abounding in steadfast love to all who call on You.",Ninguno
Psalms,86,6,האזינה יהוה תפלתי והקשיבה בקול תחנונותי,"Give ear, O ETERNAL One, to my prayer;heed my plea for mercy.",Ninguno
Psalms,86,7,ביום צרתי אקראך כי תענני,"In my time of trouble I call You,for You will answer me.",Ninguno
Psalms,86,8,איןכמוך באלהים&thinsp;<small></small>&thinsp;אדני ואין כמעשיך,"There is none like You among the gods, O my Sovereign,and there are no deeds like Yours.",Ninguno
Psalms,86,9,כלגוים&thinsp;<b></b> אשר עשית יבואו&thinsp;<b></b> וישתחוו לפניך אדני ויכבדו לשמך,"All the nations You have madewill come to bow down before You, O my Sovereign,and they will pay honor to Your name.",Ninguno
Psalms,86,10,כיגדול אתה ועשה נפלאות אתה אלהים לבדך,For You are great and perform wonders;You alone are God.,Ninguno
Psalms,86,11,הורני יהוה&thinsp;<b></b> דרכך אהלך באמתך יחד לבבי ליראה שמך,"Teach me Your way, O ETERNAL One;I will walk in Your truth;let my heart be undivided in reverence for Your name.",Ninguno
Psalms,86,12,אודך&thinsp;<b></b> אדני אלהי בכללבבי ואכבדה שמך לעולם,"I will praise You, O my Sovereign, my God, with all my heartand pay honor to Your name forever.",Ninguno
Psalms,86,13,כיחסדך גדול עלי והצלת נפשי משאול תחתיה,For Your steadfast love toward me is great;You have saved me from the depths of Sheol.,Ninguno
Psalms,86,14,אלהים&thinsp;<b></b> זדים קמועלי ועדת עריצים בקשו נפשי ולא שמוך לנגדם,"O God, arrogant people have risen against me;a ruthless band seeks my life;they are not mindful of You.",Ninguno
Psalms,86,15,ואתה אדני אלרחום וחנון ארך אפים ורבחסד ואמת,"But You, O my Sovereign, are a Godcompassionate and merciful,slow to anger, abounding in steadfast love and faithfulness.",Ninguno
Psalms,86,16,פנה אלי וחנני תנהעזך לעבדך והושיעה לבןאמתך,Turn to me and have mercy on me;grant Your strength to Your servantand deliver the son of Your maidservant.,Ninguno
Psalms,86,17,"עשהעמי אות לטובה ויראו שנאי ויבשו כיאתה יהוה עזרתני ונחמתני&nbsp;<span class=""mam-spi-pe"">{פ}</span><br>","Show me a sign of Your favor,that my enemies may see and be frustratedbecause You, O ETERNAL One, have given me aid and comfort.",Ninguno
Psalms,87,1,לבניקרח מזמור שיר יסודתו בהרריקדש,aThe meaning of many passages in this psalm is uncertain. Of the Korahites. A psalm. A song.The temple’sbThe temple’s Heb. “Its.” foundation on the holy mountains—,Ninguno
Psalms,87,2,אהב יהוה שערי ציון מכל משכנות יעקב,the gates of Zion—GOD lovesmore than all the dwellings of Jacob.,Ninguno
Psalms,87,3,נכבדות מדבר בך עיר האלהים סלה,"Glorious things are spoken of you,O city of God.    Selah. ",Ninguno
Psalms,87,4,אזכיר&thinsp;<b></b> רהב ובבל לידעי הנה פלשת וצר עםכוש זה ילדשם,"I mention RahabcRahab A primeval monster; here, a poetic term for Egypt; cf. Isa. 30.7. and Babylon among those who acknowledge Me;Philistia, and Tyre, and Cush—each was born there.",Percepción (Yada)
Psalms,87,5,ולציון&thinsp;<b></b> יאמר איש ואיש ילדבה והוא יכוננה עליון,"Indeed, it shall be said of Zion,“TheydThey I.e., the nations of v. 4, or their members. were all born there.”It is the Most High who will preserve it.eIt is the Most High who will preserve it Or “[God] will preserve it supreme.” ",Ninguno
Psalms,87,6,יהוה יספר בכתוב עמים זה ילדשם סלה,GOD will inscribe in the register of peoplesthat each was born there.    Selah. ,Ninguno
Psalms,87,7,"ושרים כחללים כלמעיני בך&nbsp;<span class=""mam-spi-pe"">{פ}</span><br>",Singers and dancers alike [will say]:“All my rootsfroots Lit. “sources.” are in You.”,Ninguno
Psalms,88,1,"שיר מזמור לבני<span class=""mam-implicit-maqaf""></span>קרח למנצח עלמחלת לענות משכיל להימן האזרחי",A song. A psalm of the Korahites. For the leader; maḥalath leannoth.amaḥalath leannoth Meaning of Heb. uncertain. A maskil of Heman the Ezrahite.,Ninguno
Psalms,88,2,יהוה אלהי ישועתי יוםצעקתי בלילה נגדך,"O ETERNAL One, God of my deliverance,when I cry out in the nightbwhen I cry out in the night Or “by day I cry out [and] by night.” before You,",Ninguno
Psalms,88,3,תבוא לפניך תפלתי הטה אזנך לרנתי,let my prayer reach You;incline Your ear to my cry.,Ninguno
Psalms,88,4,כישבעה ברעות נפשי וחיי לשאול הגיעו,For I am sated with misfortune;I am at the brink of Sheol.,Ninguno
Psalms,88,5,נחשבתי עםיורדי בור הייתי כגבר איןאיל,I am numbered with those who go down to the Pit;I am like someone helplessclike someone helpless Or “like a virile man who is helpless.” ,Ninguno
Psalms,88,6,במתים חפשי כמו חללים&thinsp;<b></b> שכבי קבר אשר לא זכרתם עוד והמה מידך נגזרו,"abandoneddabandoned Lit. “released.” among the dead,like bodies lying in the graveof whom You are mindful no more,and who are cut off from Your care.",Ninguno
Psalms,88,7,שתני בבור תחתיות במחשכים במצלות,"You have put me at the bottom of the Pit,in the darkest places, in the depths.",Ninguno
Psalms,88,8,עלי סמכה חמתך וכלמשבריך ענית סלה,Your fury lies heavy upon me;You afflict me with all Your breakers.    Selah. ,Ninguno
Psalms,88,9,הרחקת מידעי ממני שתני תועבות למו כלא ולא אצא,You make my companions shun me;You make me abhorrent to them;I am shut in and do not go out.,Percepción (Yada)
Psalms,88,10,"עיני דאבה מני<span class=""mam-implicit-maqaf""></span>עני קראתיך יהוה בכליום שטחתי אליך כפי","My eyes pine away from affliction;I call to You, O ETERNAL One, each day;I stretch out my hands to You.",Ninguno
Psalms,88,11,הלמתים תעשהפלא אםרפאים יקומו&thinsp;<b></b> יודוך סלה,Do You work wonders for the dead?Do the shades rise to praise You?    Selah. ,Ninguno
Psalms,88,12,היספר בקבר חסדך אמונתך באבדון,"Is Your faithful care recounted in the grave,Your constancy in the place of perdition?",Ninguno
Psalms,88,13,היודע בחשך פלאך וצדקתך בארץ נשיה,"Are Your wonders made known in the netherworld,enetherworld Lit. “darkness.” Your beneficent deeds in the land of oblivion?",Ninguno
Psalms,88,14,ואני&thinsp;<b></b> אליך יהוה שועתי ובבקר תפלתי תקדמך,"As for me, I cry out to You, O ETERNAL One;each morning my prayer greets You.",Ninguno
Psalms,88,15,למה יהוה תזנח נפשי תסתיר פניך ממני,"Why, O ETERNAL One, do You reject me,do You hide Your face from me?",Ninguno
Psalms,88,16,עני אני וגוע מנער נשאתי אמיך אפונה,From my youth I have been afflictedand near death;I suffer Your terrors wherever I turn.fwherever I turn Following Saadia; meaning of Heb. uncertain. ,Ninguno
Psalms,88,17,עלי עברו חרוניך בעותיך צמתותני,Your fury overwhelms me;Your terrors destroy me.,Ninguno
Psalms,88,18,סבוני כמים כלהיום הקיפו עלי יחד,They swirl about me like water all day long;they encircle me on every side.,Ninguno
Psalms,88,19,"הרחקת ממני אהב ורע מידעי מחשך&nbsp;<span class=""mam-spi-pe"">{פ}</span><br>",You have put friend and neighbor far from meand my companions out of my sight.gout of my sight Lit. “into darkness.” ,Percepción (Yada)
Psalms,89,1,משכיל לאיתן האזרחי,A maskil of Ethan the Ezrahite.,Ninguno
Psalms,89,2,חסדי יהוה עולם אשירה לדר ודר&thinsp;<b></b> אודיע אמונתך בפי,I will sing of GOD’s steadfast love forever;to all generations I will proclaim Your faithfulness with my mouth.,Ninguno
Psalms,89,3,כיאמרתי עולם חסד יבנה שמים&thinsp;<b></b> תכן אמונתך בהם,"I declare, “Your steadfast love is confirmed forever;there in the heavens You establish Your faithfulness.”",Ninguno
Psalms,89,4,כרתי ברית לבחירי נשבעתי לדוד עבדי,“I have made a covenant with My chosen one;I have sworn to My servant David:,Ninguno
Psalms,89,5,עדעולם אכין זרעך ובניתי לדרודור כסאך סלה,"I will establish your offspring forever,I will confirm your throne for all generations.”    Selah. ",Ninguno
Psalms,89,6,ויודו שמים פלאך יהוה אףאמונתך בקהל קדשים,"Your wonders, O ETERNAL One, are praised by the heavens,Your faithfulness, too, in the assembly of holy beings.",Ninguno
Psalms,89,7,כי מי בשחק יערך ליהוה ידמה ליהוה בבני אלים,"For who in the skies can equal GOD,can compare with GOD among the divine beings,",Ninguno
Psalms,89,8,אל נערץ בסודקדשים רבה ונורא עלכלסביביו,"a God greatly dreaded in the council of holy beings,held in awe by those all around?",Ninguno
Psalms,89,9,יהוה&thinsp;<b></b> אלהי צבאות מיכמוך חסין&thinsp;<small></small>&thinsp;יה ואמונתך סביבותיך,"O ETERNAL One, God of hosts,who is mighty like You, O Yah?aYah See note at 68.5. Your faithfulness surrounds You;",Ninguno
Psalms,89,10,אתה מושל בגאות הים בשוא גליו אתה תשבחם,"You rule the swelling of the sea;when its waves surge, You still them.",Ninguno
Psalms,89,11,אתה דכאת כחלל רהב בזרוע עזך פזרת אויביך,You crushed Rahab; he was like a corpse;with Your powerful arm You scattered Your enemies.,Ninguno
Psalms,89,12,לך שמים אףלך ארץ תבל ומלאה אתה יסדתם,"The heaven is Yours,the earth too;the world and all it holds—You established them.",Ninguno
Psalms,89,13,צפון וימין אתה בראתם תבור וחרמון בשמך ירננו,North and south—You created them;Tabor and Hermon sing forth Your name.,Control/Derecha (Yamin)
Psalms,89,14,לך זרוע עםגבורה תעז ידך תרום ימינך,"Yours is an arm endowed with might;Your hand is strong;Your right hand, exalted.",Ninguno
Psalms,89,15,צדק ומשפט מכון כסאך חסד ואמת יקדמו פניך,Righteousness and justice are the base of Your throne;steadfast love and faithfulness stand before You.,Ninguno
Psalms,89,16,אשרי העם ידעי תרועה יהוה באורפניך יהלכון,"Happy is the people who know the joyful shout;O ETERNAL One, they walk in the light of Your presence.",Percepción (Yada)
Psalms,89,17,בשמך יגילון כלהיום ובצדקתך ירומו,They rejoice in Your name all day long;they are exalted through Your righteousness.,Ninguno
Psalms,89,18,"כיתפארת עזמו אתה וברצונך <span class=""mam-kq""><span class=""mam-kq-k"">(תרים)</span> <span class=""mam-kq-q"">[תרום]</span></span> קרנינו",For You are their strength in which they glory;our horn is exalted through Your favor.,Ninguno
Psalms,89,19,כי ליהוה מגננו ולקדוש ישראל מלכנו,"Truly our shield is of GOD,our monarch, of the Holy One of Israel.",Ninguno
Psalms,89,20,אז דברתבחזון לחסידיך ותאמר שויתי עזר עלגבור הרימותי בחור מעם,"ThenbThen Referring to vv. 4–5; cf. 2 Sam. 7.1–17. You spoke to Your faithful ones in a visionand said, “I have conferred power upon a warrior;I have exalted one chosen out of the people.",Ninguno
Psalms,89,21,מצאתי דוד עבדי בשמן קדשי משחתיו,"I have found David, My servant;anointed him with My sacred oil.",Ninguno
Psalms,89,22,אשר ידי תכון עמו אףזרועי תאמצנו,"My hand shall be constantly with him,and My arm shall strengthen him.",Ninguno
Psalms,89,23,לאישיא אויב בו ובןעולה לא יעננו,"No enemy shall oppress him,coppress him Meaning of Heb. uncertain. no one vile afflict him.",Ninguno
Psalms,89,24,וכתותי מפניו צריו ומשנאיו אגוף,I will crush his adversaries before him;I will strike down those who hate him.,Ninguno
Psalms,89,25,ואמונתי וחסדי עמו ובשמי תרום קרנו,My faithfulness and steadfast love shall be with him;his horn shall be exalted through My name.,Ninguno
Psalms,89,26,ושמתי בים ידו ובנהרות ימינו,"I will set his hand upon the sea,his right hand upon the rivers.",Ninguno
Psalms,89,27,הוא יקראני אבי אתה אלי וצור ישועתי,"He shall say to Me,‘You are my father,dfather I.e., with the authority to declare which offspring (= nation’s king) is the favored one. my God, the rock of my deliverance.’",Ninguno
Psalms,89,28,אףאני בכור אתנהו עליון למלכיארץ,"I will appoint him first-born,highest of the kings of the earth.",Ninguno
Psalms,89,29,"לעולם <span class=""mam-kq""><span class=""mam-kq-k"">(אשמור)</span> <span class=""mam-kq-q"">[אשמר]</span></span>לו חסדי ובריתי נאמנת לו",I will maintain My steadfast love for him always;My covenant with him shall endure.,Ninguno
Psalms,89,30,ושמתי לעד זרעו וכסאו כימי שמים,"I will establish his line forever,his throne, as long as the heavens last.",Ninguno
Psalms,89,31,אםיעזבו בניו תורתי ובמשפטי לא ילכון,If his sons forsake My Teachingand do not live by My rules;,Ninguno
Psalms,89,32,אםחקתי יחללו ומצותי לא ישמרו,"if they violate My laws,and do not observe My commands,",Ninguno
Psalms,89,33,ופקדתי בשבט פשעם ובנגעים עונם,"I will punish their transgression with the rod,their iniquity with plagues.",Ninguno
Psalms,89,34,וחסדי לאאפיר מעמו ולאאשקר באמונתי,But I will not take away My steadfast love from him;I will not betray My faithfulness.,Ninguno
Psalms,89,35,לאאחלל בריתי ומוצא שפתי לא אשנה,"I will not violate My covenant,or change what I have uttered.",Ninguno
Psalms,89,36,אחת נשבעתי בקדשי אםלדוד אכזב,"I have sworn by My holiness, once and for all;I will not be false to David.",Ninguno
Psalms,89,37,זרעו לעולם יהיה וכסאו כשמש נגדי,"His line shall continue forever,his throne, as the sun before Me,",Ninguno
Psalms,89,38,כירח יכון עולם ועד בשחק נאמן סלה,"as the moon, established forever,an enduring witness in the sky.”    Selah. ",Ninguno
Psalms,89,39,ואתה זנחת ותמאס התעברת עםמשיחך,"Yet You have rejected, spurned,and become enraged at Your anointed.",Ninguno
Psalms,89,40,נארתה ברית עבדך חללת לארץ נזרו,You have repudiated the covenant with Your servant;You have dragged his dignity in the dust.,Ninguno
Psalms,89,41,פרצת כלגדרתיו שמת מבצריו מחתה,"You have breached all his defenses,shattered his strongholds.",Ninguno
Psalms,89,42,שסהו כלעברי דרך היה חרפה לשכניו,All who pass by plunder him;he has become the butt of his neighbors.,Ninguno
Psalms,89,43,הרימות ימין צריו השמחת כלאויביו,"You have exalted the right hand of his adversaries,and made all his enemies rejoice.",Control/Derecha (Yamin)
Psalms,89,44,אףתשיב צור חרבו ולא הקימתו במלחמה,"You have turned back the blade of his sword,and have not sustained him in battle.",Ninguno
Psalms,89,45,השבת מטהרו וכסאו לארץ מגרתה,You have brought his splendorehis splendor Meaning of Heb. uncertain. to an endand have hurled his throne to the ground.,Ninguno
Psalms,89,46,הקצרת ימי עלומיו העטית עליו בושה סלה,You have cut short the days of his youth;You have covered him with shame.    Selah. ,Ninguno
Psalms,89,47,עדמה יהוה תסתר לנצח תבער כמואש חמתך,"How long, O ETERNAL One; will You forever hide Your face,will Your fury blaze like fire?",Ninguno
Psalms,89,48,זכראני מהחלד עלמהשוא בראת כלבניאדם,O remember how short my life is;fhow short my life is Meaning of Heb. uncertain. why should You have created every person in vain?,Ninguno
Psalms,89,49,מי גבר יחיה ולא יראהמות ימלט נפשו מידשאול סלה,"WhogWho Or “What virile man.” can live and not see death,can escape the clutches of Sheol?    Selah. ",Ninguno
Psalms,89,50,איה&thinsp;<b></b> חסדיך הראשנים&thinsp;<small></small>&thinsp;אדני נשבעת לדוד באמונתך,"O my Sovereign, where is Your steadfast love of oldthat You swore to David in Your faithfulness?",Ninguno
Psalms,89,51,זכר אדני חרפת עבדיך שאתי בחיקי כלרבים עמים,"Remember, O my Sovereign, the abuse flung at Your servantsthat I have borne in my bosom [from] many peoples,hthat I have borne in my bosom [from] many peoples Meaning of Heb. uncertain. ",Ninguno
Psalms,89,52,אשר חרפו אויביך&thinsp;<small></small>&thinsp;יהוה אשר חרפו עקבות משיחך,"how Your enemies, O ETERNAL One, have flung abuse,abuse at Your anointed at every step.",Ninguno
Psalms,89,53,ברוך יהוה לעולם אמן&thinsp;<small></small>&thinsp;ואמן,Blessed is GOD forever;Amen and Amen.,Ninguno
Psalms,90,1,תפלה למשה אישהאלהים אדני מעון אתה היית לנו בדר ודר,"A prayer of Moses, the agent of God.O my Sovereign, You have been our refuge in every generation.",Ninguno
Psalms,90,2,בטרם&thinsp;<b></b> הרים ילדו ותחולל ארץ ותבל ומעולם עדעולם אתה אל,"Before the mountains came into being,before You brought forth the earth and the world,from eternity to eternity You are God.",Ninguno
Psalms,90,3,תשב אנוש עדדכא ותאמר שובו בניאדם,"You return humans to dust;adust Or “contrition.” You decreed, “Return, you mortals!”",Ninguno
Psalms,90,4,כי אלף שנים בעיניך כיום אתמול כי יעבר ואשמורה בלילה,"For in Your sight a thousand yearsare like yesterday that has passed,like a watch of the night.",Ninguno
Psalms,90,5,זרמתם שנה יהיו בבקר כחציר יחלף,You engulf mortalsbmortals Heb. “them.” in sleep;cFor in Your sight … sleep Meaning of Heb. uncertain. at daybreak they are like grass that renews itself;,Ninguno
Psalms,90,6,בבקר יציץ וחלף לערב ימולל ויבש,at daybreak it flourishes anew;by dusk it withers and dries up.,Ninguno
Psalms,90,7,כיכלינו באפך ובחמתך נבהלנו,"So we are consumed by Your anger,terror-struck by Your fury.",Ninguno
Psalms,90,8,"<span class=""mam-kq-trivial"">שת</span> עונתינו לנגדך עלמנו למאור פניך","You have set our iniquities before You,our hidden sins in the light of Your face.",Ninguno
Psalms,90,9,כי כלימינו פנו בעברתך כלינו שנינו כמוהגה,All our days pass away in Your wrath;we spend our years like a sigh.,Ninguno
Psalms,90,10,ימישנותינו בהם שבעים שנה ואם בגבורת&thinsp;<b></b> שמונים שנה ורהבם עמל ואון כיגז חיש ונעפה,"The span of our life is seventy years,or, given the strength, eighty years;but the best of themdbest of them Meaning of Heb. uncertain. are trouble and sorrow.They pass by speedily, and we are in darkness.eare in darkness Or “fly away.” ",Ninguno
Psalms,90,11,מייודע עז אפך וכיראתך עברתך,Who can know Your furious anger?Your wrath matches the fear of You.,Ninguno
Psalms,90,12,למנות ימינו כן הודע ונבא לבב חכמה,"Teach us to count our days rightly,that we may obtain a wise heart.",Ninguno
Psalms,90,13,שובה יהוה עדמתי והנחם עלעבדיך,"Turn, O ETERNAL One!How long?Show mercy to Your servants.",Ninguno
Psalms,90,14,שבענו בבקר חסדך ונרננה ונשמחה בכלימינו,Satisfy us at daybreak with Your steadfast lovethat we may sing for joy all our days.,Ninguno
Psalms,90,15,שמחנו כימות עניתנו שנות ראינו רעה,"Give us joy for as long as You have afflicted us,for the years we have suffered misfortune.",Ninguno
Psalms,90,16,יראה אלעבדיך פעלך והדרך עלבניהם,"Let Your deeds be seen by Your servants,Your glory by their children.",Ninguno
Psalms,90,17,"ויהי&thinsp;<b></b> נעם אדני אלהינו עלינו ומעשה ידינו כוננה עלינו ומעשה ידינו כוננהו&nbsp;<span class=""mam-spi-pe"">{פ}</span><br>","May the favor of my Sovereign, our God, be upon us;let the work of our hands prosper,O prosper the work of our hands!",Ninguno
Psalms,91,1,ישב בסתר עליון בצל שדי יתלונן,O you who dwell in the shelter of the Most Highand abide in the protection of Shaddai—,Ninguno
Psalms,91,2,אמר ליהוה מחסי ומצודתי אלהי אבטחבו,"I say of GOD, my refuge and stronghold,my God in whom I trust,",Ninguno
Psalms,91,3,כי הוא יצילך מפח יקוש מדבר הוות,"that you will be saved from the fowler’s trap,from the destructive plague.",Ninguno
Psalms,91,4,באברתו&thinsp;<b></b> יסך לך ותחתכנפיו תחסה צנה וסחרה אמתו,With pinions you will be covered;you will find refuge under God’s wings—whose fidelity is an encircling shield.,Ninguno
Psalms,91,5,לאתירא מפחד לילה מחץ יעוף יומם,"You need not fear the terror by night,or the arrow that flies by day,",Ninguno
Psalms,91,6,מדבר באפל יהלך מקטב ישוד צהרים,"the plague that stalks in the darkness,or the scourge that ravages at noon.",Ninguno
Psalms,91,7,יפל מצדך&thinsp;<b></b> אלף ורבבה מימינך אליך לא יגש,"A thousand may fall at your left side,ten thousand at your right,but it shall not reach you.",Ninguno
Psalms,91,8,רק בעיניך תביט ושלמת רשעים תראה,"You will see it with your eyes,you will witness the punishment of the wicked.",Ninguno
Psalms,91,9,כיאתה יהוה מחסי עליון שמת מעונך,"Because you took GOD—my refuge,the Most High—as your haven,",Ninguno
Psalms,91,10,לאתאנה אליך רעה ונגע לאיקרב באהלך,"no harm will befall you,no disease touch your tent.",Ninguno
Psalms,91,11,כי מלאכיו יצוהלך לשמרך בכלדרכיך,For God’s angels will be orderedto guard you wherever you go.,Ninguno
Psalms,91,12,עלכפים ישאונך פןתגף באבן רגלך,They will carry you in their handslest you hurt your foot on a stone.,Ninguno
Psalms,91,13,עלשחל ופתן תדרך תרמס כפיר ותנין,You will tread on cubs and vipers;you will trample lions and asps.,Ninguno
Psalms,91,14,כי בי חשק ואפלטהו אשגבהו כיידע שמי,"“Because such people are devoted to Me, I will deliver them;I will keep them safe, for they know My name.",Percepción (Yada)
Psalms,91,15,יקראני&thinsp;<b></b> ואענהו עמואנכי בצרה אחלצהו ואכבדהו,"When they call on Me, I will answer them;I will be with them in distress;I will rescue them and make them honored;",Ninguno
Psalms,91,16,"ארך ימים אשביעהו ואראהו בישועתי&nbsp;<span class=""mam-spi-pe"">{פ}</span><br>","I will let them live to a ripe old age,and show them My salvation.”",Ninguno
Psalms,92,1,מזמור שיר ליום השבת,A psalm. A song; for the sabbath day.,Ninguno
Psalms,92,2,טוב להדות ליהוה ולזמר לשמך עליון,"It is good to praise GOD,to sing hymns to Your name, O Most High,",Ninguno
Psalms,92,3,להגיד בבקר חסדך ואמונתך בלילות,"To proclaim Your steadfast love at daybreak,Your faithfulness each night",Ninguno
Psalms,92,4,עליעשור ועלינבל עלי הגיון בכנור,"With a ten-stringed harp,with voice and lyre together.",Ninguno
Psalms,92,5,כי שמחתני יהוה בפעלך במעשי ידיך ארנן,"You have gladdened me by Your deeds, O ETERNAL One;I shout for joy at Your handiwork.",Ninguno
Psalms,92,6,מהגדלו מעשיך יהוה מאד עמקו מחשבתיך,"How great are Your works, O ETERNAL One,how very subtleasubtle Or “profound.” Your designs!",Ninguno
Psalms,92,7,אישבער לא ידע וכסיל לאיבין אתזאת,"A brute cannot know,a fool cannot understand this:","Percepción (Yada), Separación (Beyn)"
Psalms,92,8,בפרח רשעים&thinsp;<b></b> כמועשב ויציצו כלפעלי און להשמדם עדיעד,"though the wicked sprout like grass,though all evildoers blossom,it is only that they may be destroyed forever.",Ninguno
Psalms,92,9,ואתה מרום לעלם יהוה,"But You are exalted, O ETERNAL One, for all time.",Ninguno
Psalms,92,10,כי הנה איביך יהוה כיהנה איביך יאבדו יתפרדו כלפעלי און,"Surely, Your enemies, O ETERNAL One,surely, Your enemies perish;all evildoers are scattered.",Ninguno
Psalms,92,11,ותרם כראים קרני בלתי בשמן רענן,You raise my horn high like that of a wild ox;I am soaked in freshening oil.,Ninguno
Psalms,92,12,ותבט עיני בשורי בקמים עלי מרעים תשמענה אזני,"I shall see the defeat of my watchful foes,hear of the downfall of the wicked who beset me.",Ninguno
Psalms,92,13,צדיק כתמר יפרח כארז בלבנון ישגה,The righteous bloom like a date-palm;they thrive like a cedar in Lebanon;,Ninguno
Psalms,92,14,שתולים בבית יהוה בחצרות אלהינו יפריחו,"planted in the house of GOD,they flourish in the courts of our God.",Ninguno
Psalms,92,15,עוד ינובון בשיבה דשנים ורעננים יהיו,In old age they still produce fruit;they are full of sap and freshness—,Ninguno
Psalms,92,16,"להגיד כיישר יהוה צורי ולא<span class=""mam-kq""><span class=""mam-kq-q"">[עולתה]</span> <span class=""mam-kq-k"">(עלתה)</span></span> בו&nbsp;<span class=""mam-spi-pe"">{פ}</span><br>","attesting that GOD is upright,my rock, in whom there is no wrong.",Ninguno
Psalms,93,1,יהוה מלך גאות לבש לבש יהוה עז התאזר אףתכון תבל בלתמוט,"GOD is sovereign,and robed in grandeur; GOD is robed,and girded with strength.The world stands firm;it cannot be shaken.",Ninguno
Psalms,93,2,נכון כסאך מאז מעולם אתה,Your throne stands firm from of old;from eternity You have existed.,Ninguno
Psalms,93,3,נשאו נהרות&thinsp;<b></b> יהוה נשאו נהרות קולם ישאו נהרות דכים,"The ocean sounds, O ETERNAL One,the ocean sounds its thunder,the ocean sounds its pounding.",Ninguno
Psalms,93,4,מקלות&thinsp;<b></b> מים רבים אדירים משבריים אדיר במרום יהוה,"Above the thunder of the mighty waters,more majestic than the breakers of the seais GOD, majestic on high.",Ninguno
Psalms,93,5,"עדתיך&thinsp;<b></b> נאמנו מאד לביתך נאוהקדש יהוה לארך ימים&nbsp;<span class=""mam-spi-pe"">{פ}</span><br>","Your decrees are indeed enduring;holiness befits Your house,O ETERNAL One, for all times.",Ninguno
Psalms,94,1,אלנקמות יהוה אל נקמות הופיע,"God of retribution, ETERNAL One,God of retribution, appear!",Ninguno
Psalms,94,2,הנשא שפט הארץ השב גמול עלגאים,"Rise up, judge of the earth,give the arrogant their deserts!",Ninguno
Psalms,94,3,עדמתי רשעים&thinsp;<small></small>&thinsp;יהוה עדמתי רשעים יעלזו,"How long shall the wicked, O ETERNAL One,how long shall the wicked exult,",Ninguno
Psalms,94,4,יביעו ידברו עתק יתאמרו כלפעלי און,"shall they utter insolent speech,shall all evildoers vaunt themselves?",Ninguno
Psalms,94,5,עמך יהוה ידכאו ונחלתך יענו,"They crush Your people, O ETERNAL One,they afflict Your very own;",Ninguno
Psalms,94,6,אלמנה וגר יהרגו ויתומים ירצחו,"they kill the widow and the stranger;they murder the fatherless,",Ninguno
Psalms,94,7,ויאמרו לא יראהיה ולאיבין אלהי יעקב,"thinking, “YahaYah See note at 68.5. does not see it,the God of Jacob does not pay heed.”",Separación (Beyn)
Psalms,94,8,בינו בערים בעם וכסילים מתי תשכילו,"Take heed, you most brutish people;fools, when will you get wisdom?",Ninguno
Psalms,94,9,הנטע אזן הלא ישמע אםיצר עין הלא יביט,"Shall the One who implants the ear not hear,the One who forms the eye not see?",Ninguno
Psalms,94,10,היסר גוים הלא יוכיח המלמד אדם דעת,"Shall the One who disciplines nations not punish,the One who instructs humankind in knowledge?",Ninguno
Psalms,94,11,יהוה ידע מחשבות אדם כיהמה הבל,GOD knows human designs to be futile.,Percepción (Yada)
Psalms,94,12,אשרי&thinsp;<b></b> הגבר אשרתיסרנו יה ומתורתך תלמדנו,"Happy are thosebare those Or “is the virile man.” whom You discipline, O Yah,whom You instruct in Your teaching,",Ninguno
Psalms,94,13,להשקיט לו מימי רע עד יכרה לרשע שחת,"whom You give tranquility in times of misfortune,until a pit be dug for the wicked.",Ninguno
Psalms,94,14,כי&thinsp;<b></b> לאיטש יהוה עמו ונחלתו לא יעזב,For GOD will not forsake this people;God’s very own will not be abandoned.,Ninguno
Psalms,94,15,כיעדצדק ישוב משפט ואחריו כלישרילב,Judgment shall again accord with justiceand all the upright shall rally to it.,Ninguno
Psalms,94,16,מייקום לי עםמרעים מייתיצב לי עםפעלי און,Who will take my part against evildoers?Who will stand up for me against wrongdoers?,Ninguno
Psalms,94,17,לולי יהוה עזרתה לי כמעט&thinsp;<b></b> שכנה דומה נפשי,"Were not GOD my help,I should soon dwell in silence.",Ninguno
Psalms,94,18,אםאמרתי מטה רגלי חסדך יהוה יסעדני,"When I think my foot has given way,Your faithfulness, O ETERNAL One, supports me.",Ninguno
Psalms,94,19,ברב שרעפי בקרבי תנחומיך ישעשעו נפשי,"When I am filled with cares,Your assurance soothes my soul.",Ninguno
Psalms,94,20,היחברך כסא הוות יצר עמל עליחק,"Shall the seat of injustice be Your partner,that frames mischief by statute?",Ninguno
Psalms,94,21,יגודו עלנפש צדיק ודם נקי ירשיעו,They band together to do away with the righteous;they condemn the innocent to death.,Ninguno
Psalms,94,22,ויהי יהוה לי למשגב ואלהי לצור מחסי,But GOD is my haven;my God is my sheltering rock.,Ninguno
Psalms,94,23,"וישב עליהם&thinsp;<b></b> אתאונם וברעתם יצמיתם יצמיתם יהוה אלהינו&nbsp;<span class=""mam-spi-pe"">{פ}</span><br>","Their evil will be made to recoil upon them,through their own wickedness they will be annihilated; the ETERNAL our God will annihilate them.",Ninguno
Psalms,95,1,לכו נרננה ליהוה נריעה לצור ישענו,"Come, let us sing joyously to GOD,raise a shout for our rock and deliverer;",Ninguno
Psalms,95,2,נקדמה פניו בתודה בזמרות נריע לו,let us come into the divine presence with praise;let us shout out in song!,Ninguno
Psalms,95,3,כי אל גדול יהוה ומלך גדול עלכלאלהים,"For the ETERNAL is a great God,the great ruler of all divine beings.",Ninguno
Psalms,95,4,אשר בידו מחקריארץ ותועפת הרים לו,In God’s hand are the depths of the earth;the peaks of the mountains are God’s.,Ninguno
Psalms,95,5,אשרלו הים והוא עשהו ויבשת ידיו יצרו,"The sea is God’s—the One who made it;and the land, fashioned by God’s hands.",Ninguno
Psalms,95,6,באו נשתחוה ונכרעה נברכה לפנייהוה עשנו,"Come, let us bow down and kneel,bend the knee before the ETERNAL our maker,",Ninguno
Psalms,95,7,"כי<span class=""mam-implicit-maqaf""></span>הוא אלהינו ואנחנו עם מרעיתו וצאן ידו היום אםבקלו תשמעו","for this One is our God,and we are the people being cared for—the tended flock.O, if you would but heed God’s charge this day:",Ninguno
Psalms,95,8,אלתקשו לבבכם כמריבה כיום מסה במדבר,"Do not be stubborn as at Meribah,as on the day of Massah, in the wilderness,",Ninguno
Psalms,95,9,אשר נסוני אבותיכם בחנוני גםראו פעלי,"when your ancestors put Me to the test,tried Me, though they had seen My deeds.",Ninguno
Psalms,95,10,ארבעים שנה&thinsp;<b></b> אקוט בדור ואמר עם תעי לבב הם והם לאידעו דרכי,"Forty years I was provoked by that generation;I thought, “They are a senseless people;they would not know My ways.”",Percepción (Yada)
Psalms,95,11,"אשרנשבעתי באפי אםיבאון אלמנוחתי&nbsp;<span class=""mam-spi-pe"">{פ}</span><br>","Concerning them I swore in anger,“They shall never come to My resting-place!”",Ninguno
Psalms,96,1,שירו ליהוה שיר חדש שירו ליהוה כלהארץ,"aCf. 1 Chron. 16.23–33. Sing to GOD a new song,sing to GOD, all the earth.",Ninguno
Psalms,96,2,שירו ליהוה ברכו שמו בשרו מיוםליום ישועתו,"Sing to GOD, bless this name,proclaim God’s victory day after day.",Ninguno
Psalms,96,3,ספרו בגוים כבודו בכלהעמים נפלאותיו,"Tell of this glory among the nations,God’s wondrous deeds, among all peoples.",Ninguno
Psalms,96,4,"כי<span class=""mam-implicit-maqaf""></span>גדול יהוה ומהלל מאד נורא הוא עלכלאלהים","For GOD is great and much acclaimed,and is held in awe by all divine beings.",Ninguno
Psalms,96,5,כי&thinsp;<b></b> כלאלהי העמים אלילים ויהוה שמים עשה,"All the gods of the peoples are mere idols,but the ETERNAL made the heavens.",Ninguno
Psalms,96,6,הודוהדר לפניו עז ותפארת במקדשו,Glory and majesty are present;strength and splendor are in the holy temple.,Ninguno
Psalms,96,7,הבו ליהוה משפחות עמים הבו ליהוה כבוד ועז,"Ascribe to GOD, O families of the peoples,ascribe to GOD glory and strength.",Ninguno
Psalms,96,8,הבו ליהוה כבוד שמו שאומנחה ובאו לחצרותיו,"Ascribe to GOD the glory of this name,bring tribute and enter the temple’sbthe temple’s Heb. “its.” courts.",Ninguno
Psalms,96,9,השתחוו ליהוה בהדרתקדש חילו מפניו כלהארץ,"Bow down to GOD, majestic in holiness;tremble in the divine presence, all the earth!",Ninguno
Psalms,96,10,אמרו בגוים&thinsp;<b></b> יהוה מלך אףתכון תבל בלתמוט ידין עמים במישרים,"Declare among the nations, “GOD is sovereign!”The world stands firm; it cannot be shaken;the peoples will be judged with equity.",Ninguno
Psalms,96,11,ישמחו השמים ותגל הארץ ירעם הים ומלאו,"Let the heavens rejoice and the earth exult;let the sea and all within it thunder,",Ninguno
Psalms,96,12,יעלז שדי וכלאשרבו אז ירננו כלעצייער,the fields and everything in them exult;then shall all the trees of the forest shout for joy,Ninguno
Psalms,96,13,"לפני יהוה&thinsp;<b></b> כי בא כי בא לשפט הארץ ישפטתבל בצדק ועמים באמונתו&nbsp;<span class=""mam-spi-pe"">{פ}</span><br>","at the presence of GOD, who is coming,coming to rule the earth—to rule the world justly,and its peoples in faithfulness.",Ninguno
Psalms,97,1,יהוה מלך תגל הארץ ישמחו איים רבים,"GOD is sovereign!Let the earth exult,the many islands rejoice!",Ninguno
Psalms,97,2,ענן וערפל סביביו צדק ומשפט מכון כסאו,Surrounded by dense clouds—righteousness and justice are the base of the heavenly throne.,Ninguno
Psalms,97,3,אש לפניו תלך ותלהט סביב צריו,"Fire is the vanguard,burning up foes on every side.",Ninguno
Psalms,97,4,האירו ברקיו תבל ראתה ותחל הארץ,God’s lightnings light up the world;the earth is convulsed at the sight;,Ninguno
Psalms,97,5,הרים כדונג נמסו מלפני יהוה מלפני אדון כלהארץ,"mountains melt like wax at GOD’s presence,at the presence of the Sovereign of all the earth.",Ninguno
Psalms,97,6,הגידו השמים צדקו וראו כלהעמים כבודו,The heavens proclaim God’s righteousnessand all peoples see God’s glory.,Ninguno
Psalms,97,7,יבשו&thinsp;<b></b> כלעבדי פסל המתהללים באלילים השתחוולו כלאלהים,"All who worship images,who vaunt their idols,are dismayed;all divine beings bow down in homage.",Ninguno
Psalms,97,8,שמעה ותשמח&thinsp;<b></b> ציון ותגלנה בנות יהודה למען משפטיך יהוה,"Zion, hearing it, rejoices,the townsatowns Or “women.” of Judah exult,because of Your judgments, O ETERNAL One.",Ninguno
Psalms,97,9,כיאתה יהוה עליון עלכלהארץ מאד נעלית עלכלאלהים,"For You, ETERNAL One, are supreme over all the earth;You are exalted high above all divine beings.",Ninguno
Psalms,97,10,"אהבי יהוה שנאו<span class=""mam-implicit-maqaf""></span>רע שמר נפשות חסידיו מיד רשעים יצילם","O you who love GOD, hate evil!For the lives of the loyal are guarded;they are saved from the hand of the wicked.",Ninguno
Psalms,97,11,אור זרע לצדיק ולישרילב שמחה,"Light is sown for the righteous,radiancebradiance In contrast to others “joy.” for the upright.",Ninguno
Psalms,97,12,"שמחו צדיקים ביהוה והודו לזכר קדשו&nbsp;<span class=""mam-spi-pe"">{פ}</span><br>","O you righteous, rejoice in GOD and acclaim God’s holy name!",Ninguno
Psalms,98,1,מזמור שירו ליהוה&thinsp;<b></b> שיר חדש כינפלאות עשה הושיעהלו ימינו וזרוע קדשו,"A psalm.Sing to GOD a new song,who has worked wonders—who with right hand, and holy arm,has won victory.",Ninguno
Psalms,98,2,הודיע יהוה ישועתו לעיני הגוים גלה צדקתו,"GOD has manifested victory,and displayed triumph in the sight of the nations—",Ninguno
Psalms,98,3,זכר חסדו&thinsp;<b></b> ואמונתו לבית ישראל ראו כלאפסיארץ את ישועת אלהינו,mindful of God’s steadfast love and faithfulness toward the house of Israel.All the ends of the earth beheld the victory of our God.,Ninguno
Psalms,98,4,הריעו ליהוה כלהארץ פצחו ורננו וזמרו,"Raise a shout to GOD, all the earth,break into joyous songs of praise!",Ninguno
Psalms,98,5,זמרו ליהוה בכנור בכנור וקול זמרה,"Sing praise to GOD with the lyre,with the lyre and melodious song.",Ninguno
Psalms,98,6,בחצצרות וקול שופר הריעו לפני&thinsp;<b></b> המלך יהוה,"With trumpets and the blast of the hornraise a shout before GOD, the King.aKing I.e., the One who leads the celestial army to victory. ",Ninguno
Psalms,98,7,ירעם הים ומלאו תבל וישבי בה,"Let the sea and all within it thunder,the world and its inhabitants;",Ninguno
Psalms,98,8,נהרות ימחאוכף יחד הרים ירננו,"let the rivers clap their hands,the mountains sing joyously together",Ninguno
Psalms,98,9,"לפני<span class=""mam-implicit-maqaf""></span>יהוה כי בא לשפט הארץ ישפטתבל בצדק ועמים במישרים&nbsp;<span class=""mam-spi-pe"">{פ}</span><br>","at the presence of GOD—who is coming to rule the earth:[God] will rule the world justly,and its peoples with equity.",Ninguno
Psalms,99,1,יהוה מלך ירגזו עמים ישב כרובים תנוט הארץ,"GOD, enthroned on cherubim, is sovereign,peoples tremble,aGOD, enthroned on cherubim, is sovereign, / peoples tremble Clauses transposed for clarity. the earth quakes.",Ninguno
Psalms,99,2,יהוה בציון גדול ורם הוא עלכלהעמים,"GOD is great in Zion,and exalted above all peoples.",Ninguno
Psalms,99,3,יודו שמך גדול ונורא קדוש הוא,They praise Your name as great and awesome;[God] is holy!,Ninguno
Psalms,99,4,ועז מלך משפט אהב אתה כוננת מישרים משפט וצדקה ביעקב&thinsp;<b></b> אתה עשית,"Mighty rulerbMighty ruler Meaning of Heb. uncertain. who loves justice,it was You who established equity,You who worked righteous judgment in Jacob.",Ninguno
Psalms,99,5,רוממו יהוה אלהינו והשתחוו להדם רגליו קדוש הוא,Exalt the ETERNAL our Godand bow down to the divine footstool;[God] is holy!,Ninguno
Psalms,99,6,משה ואהרן&thinsp;<b></b> בכהניו ושמואל בקראי שמו קראים אליהוה והוא יענם,"Moses and Aaron among God’s priests,Samuel, among those who call on the divine name—when they called to GOD,they were answered.",Ninguno
Psalms,99,7,בעמוד ענן ידבר אליהם שמרו עדתיו וחק נתןלמו,"[God] spoke to them in a pillar of cloud;they obeyed those decrees,the law given to them.",Ninguno
Psalms,99,8,יהוה אלהינו אתה עניתם אל נשא היית להם ונקם עלעלילותם,"Our ETERNAL God, You answered them;You were a forgiving God for them,but You exacted retribution for their misdeeds.",Ninguno
Psalms,99,9,"רוממו יהוה אלהינו והשתחוו להר קדשו כיקדוש יהוה אלהינו&nbsp;<span class=""mam-spi-pe"">{פ}</span><br>","Exalt the ETERNAL our God,and bow toward God’s holy hill,for the ETERNAL our God is holy.",Ninguno
Psalms,100,1,מזמור לתודה הריעו ליהוה כלהארץ,"A psalm for praise.afor praise Traditionally “for the thanksgiving offering.” Raise a shout for GOD, all the earth;",Ninguno
Psalms,100,2,עבדו אתיהוה בשמחה באו לפניו ברננה,worship GOD in gladness;come into the divine presence with shouts of joy.,Ninguno
Psalms,100,3,"דעו כייהוה הוא אלהים הואעשנו <span class=""mam-kq""><span class=""mam-kq-k"">(ולא)</span> <span class=""mam-kq-q"">[ולו]</span></span> אנחנו עמו וצאן מרעיתו","Acknowledge that the ETERNAL is God,who made us and to whom we belong,bto whom we belong So qere; kethib and some ancient versions “not we ourselves.” a covenanted people, the flock whom [God] tends.",Ninguno
Psalms,100,4,באו שעריו&thinsp;<b></b> בתודה חצרתיו בתהלה הודולו ברכו שמו,"Enter the temple’s gates with praise,its courts with acclamation.Give praise!Bless the divine name!",Ninguno
Psalms,100,5,"כיטוב יהוה לעולם חסדו ועדדר ודר אמונתו&nbsp;<span class=""mam-spi-pe"">{פ}</span><br>","For GOD—whose steadfast love is eternal,and whose faithfulness is for all generations—is good.",Ninguno
Psalms,101,1,לדוד מזמור חסדומשפט אשירה לך יהוה אזמרה,"Of David. A psalm.I will sing of faithfulness and justice;I will chant a hymn to You, O ETERNAL One.",Ninguno
Psalms,101,2,אשכילה&thinsp;<b></b> בדרך תמים מתי תבוא אלי אתהלך בתםלבבי בקרב ביתי,I will study the way of the blameless;when shall I attain it?I will live without blame within my house.,Ninguno
Psalms,101,3,לאאשית&thinsp;<b></b> לנגד עיני דברבליעל עשהסטים שנאתי לא ידבק בי,I will not set before my eyes anything base;I hate crooked dealing;I will have none of it.,Ninguno
Psalms,101,4,לבב עקש יסור ממני רע לא אדע,Perverse thoughts will be far from me;I will know nothing of evil.,Ninguno
Psalms,101,5,"<span class=""mam-kq""><span class=""mam-kq-k"">(מלושני)</span> <span class=""mam-kq-q"">[מלשני]</span></span> בסתר&thinsp;<b></b> רעהו אותו אצמית גבהעינים ורחב לבב אתו לא אוכל",One who slanders a friend in secret I will destroy;I cannot endure anyone haughty and proud.,Ninguno
Psalms,101,6,עיני&thinsp;<b></b> בנאמניארץ לשבת עמדי הלך בדרך תמים הוא ישרתני,"My eyes are on the trustworthy ones of the land,to have them at my side.One who follows the way of the blamelessshall be in my service.",Ninguno
Psalms,101,7,לאישב&thinsp;<b></b> בקרב ביתי עשה רמיה דבר שקרים לאיכון לנגד עיני,One who deals deceitfullyshall not live in my house;one who speaks untruthshall not stand before my eyes.,Ninguno
Psalms,101,8,"לבקרים אצמית כלרשעיארץ להכרית מעיריהוה כלפעלי און&nbsp;<span class=""mam-spi-pe"">{פ}</span><br>","Each morning I will destroyall the wicked of the land,to rid GOD’s cityof all evildoers.",Ninguno
Psalms,102,1,תפלה לעני כייעטף ולפני יהוה ישפך שיחו,"A prayer of one who is lowly and faint, pouring forth a plea before GOD.",Ninguno
Psalms,102,2,יהוה שמעה תפלתי ושועתי אליך תבוא,"O ETERNAL One, hear my prayer;let my cry come before You.",Ninguno
Psalms,102,3,"אלתסתר פניך&thinsp;<b></b> ממני ביום צר<span class=""mam-implicit-maqaf""></span>לי הטהאלי אזנך ביום אקרא מהר ענני","Do not hide Your face from mein my time of trouble;turn Your ear to me;when I cry, answer me speedily.",Ninguno
Psalms,102,4,כיכלו בעשן ימי ועצמותי כמוקד נחרו,For my days have vanished like smokeand my bones are charred like a hearth.,Ninguno
Psalms,102,5,הוכהכעשב ויבש לבי כישכחתי מאכל לחמי,My body is stricken and withered like grass;too wastedatoo wasted In contrast to others “I forget.” to eat my food;,Ninguno
Psalms,102,6,מקול אנחתי דבקה עצמי לבשרי,on account of my vehement groaningmy bones show through my skin.bshow through my skin Lit. “cling to my flesh.” ,Ninguno
Psalms,102,7,דמיתי לקאת מדבר הייתי ככוס חרבות,"I am like a great owl in the wilderness,an owl among the ruins.",Ninguno
Psalms,102,8,שקדתי ואהיה כצפור בודד עלגג,I lie awake; I am likea lone bird upon a roof.,Ninguno
Psalms,102,9,כלהיום חרפוני אויבי מהוללי בי נשבעו,All day long my enemies revile me;my deriders use my name to curse.,Ninguno
Psalms,102,10,כיאפר כלחם אכלתי ושקוי בבכי מסכתי,"For I have eaten ashes like breadand mixed my drink with tears,",Ninguno
Psalms,102,11,מפניזעמך וקצפך כי נשאתני ותשליכני,because of Your wrath and Your fury;for You have cast me far away.,Ninguno
Psalms,102,12,ימי כצל נטוי ואני כעשב איבש,My days are like a lengthening shadow;I wither like grass.,Ninguno
Psalms,102,13,ואתה יהוה לעולם תשב וזכרך לדר ודר,"But You, O ETERNAL One, are enthroned forever;Your fame endures throughout the ages.",Ninguno
Psalms,102,14,אתה תקום תרחם ציון כיעת לחננה כיבא מועד,"You will surely arise and take pity on Zion,for it is time to be gracious to her;the appointed time has come.",Ninguno
Psalms,102,15,כירצו עבדיך אתאבניה ואתעפרה יחננו,"Your servants take delight in its stones,and cherish its dust.",Ninguno
Psalms,102,16,וייראו גוים אתשם יהוה וכלמלכי הארץ אתכבודך,"The nations will fear the name of GOD,all the kings of the earth, Your glory.",Ninguno
Psalms,102,17,כיבנה יהוה ציון נראה בכבודו,"For GOD has built Zion,appearing in divine glory—",Ninguno
Psalms,102,18,פנה אלתפלת הערער ולאבזה אתתפלתם,turning to the prayer of the destitutecof the destitute Meaning of Heb. uncertain. and not spurning their prayer.,Ninguno
Psalms,102,19,תכתב זאת לדור אחרון ועם נברא יהלליה,"May this be written down for a coming generation,that people yet to be created may praise Yah.dYah See note at 68.5. ",Ninguno
Psalms,102,20,כיהשקיף ממרום קדשו יהוה משמים&thinsp;<b></b> אלארץ הביט,"Looking down from the holy heights, GOD beholds the earth from heaven",Ninguno
Psalms,102,21,לשמע אנקת אסיר לפתח בני תמותה,"to hear the groans of the prisoner,to release those condemned to death;",Ninguno
Psalms,102,22,לספר בציון שם יהוה ותהלתו בירושל͏ם,"that GOD’s fame may be recounted in Zion,with praises offered in Jerusalem,",Ninguno
Psalms,102,23,בהקבץ עמים יחדו וממלכות לעבד אתיהוה,"when the nations gather together,the kingdoms, to serve GOD.",Ninguno
Psalms,102,24,"ענה בדרך <span class=""mam-kq""><span class=""mam-kq-k"">(כחו)</span> <span class=""mam-kq-q"">[כחי]</span></span> קצר ימי","My strength was drained in mid-course,my days shortened.",Ninguno
Psalms,102,25,אמר אלי אלתעלני בחצי ימי בדור דורים שנותיך,"I say, “O my God, do not take me awayin the midst of my days,You whose years go on for generations on end.",Ninguno
Psalms,102,26,לפנים הארץ יסדת ומעשה ידיך שמים,Of old You established the earth;the heavens are the work of Your hands.,Ninguno
Psalms,102,27,המה&thinsp;<b></b> יאבדו ואתה תעמד וכלם כבגד יבלו כלבוש תחליפם ויחלפו,"They shall perish, but You shall endure;they shall all wear out like a garment;You change them like clothing and they pass away.",Ninguno
Psalms,102,28,ואתההוא ושנותיך לא יתמו,"But You are the same, and Your years never end.",Ninguno
Psalms,102,29,"בניעבדיך ישכונו וזרעם לפניך יכון&nbsp;<span class=""mam-spi-pe"">{פ}</span><br>",May the children of Your servants dwell securelyand their offspring endure in Your presence.”,Ninguno
Psalms,103,1,לדוד&thinsp;<b></b> ברכי נפשי אתיהוה וכלקרבי אתשם קדשו,"Of David.Bless GOD, O my soul,all my being, that holy name.",Ninguno
Psalms,103,2,ברכי נפשי אתיהוה ואלתשכחי כלגמוליו,"Bless the ETERNAL One, O my soul,and do not forget all God’s bounties.",Ninguno
Psalms,103,3,הסלח לכלעונכי הרפא לכלתחלואיכי,"All your sins are forgiven,all your diseases healed.",Ninguno
Psalms,103,4,הגואל משחת חייכי המעטרכי חסד ורחמים,"Your life is redeemed from the Pit,you are surrounded with steadfast love and mercy.",Ninguno
Psalms,103,5,המשביע בטוב עדיך תתחדש כנשר נעוריכי,"You are satisfied with good things in the prime of life,athe prime of life Meaning of Heb. uncertain. so that your youth is renewed like the eagle’s.",Ninguno
Psalms,103,6,עשה צדקות יהוה ומשפטים לכלעשוקים,GOD executes righteous actsand judgments for all who are wronged—,Ninguno
Psalms,103,7,יודיע דרכיו למשה לבני ישראל עלילותיו,"making known to Moses the divine ways,and to the children of Israel, holy deeds.",Ninguno
Psalms,103,8,רחום וחנון יהוה ארך אפים ורבחסד,"GOD is compassionate and gracious,slow to anger, abounding in steadfast love.",Ninguno
Psalms,103,9,לאלנצח יריב ולא לעולם יטור,"[God] will not contend forever,or nurse anger for all time.",Ninguno
Psalms,103,10,לא כחטאינו עשה לנו ולא כעונתינו גמל עלינו,"[God] has not dealt with us according to our sins,nor requited us according to our iniquities.",Ninguno
Psalms,103,11,כי כגבה שמים עלהארץ גבר חסדו עליראיו,"For as the heavens are high above the earth,so great is divine steadfast love toward those who show reverence.",Ninguno
Psalms,103,12,כרחק מזרח ממערב הרחיק ממנו אתפשעינו,"As east is far from west,so far have our sins been removed from us.",Ninguno
Psalms,103,13,כרחם אב עלבנים רחם יהוה עליראיו,"As a father has compassion for his children,so GOD has compassion for those who show reverence.",Ninguno
Psalms,103,14,כיהוא ידע יצרנו זכור כיעפר אנחנו,"For [God] knows how we are formed,and is mindful that we are dust.",Percepción (Yada)
Psalms,103,15,אנוש כחציר ימיו כציץ השדה כן יציץ,"Mortals, their days are like those of grass;they bloom like a flower of the field;",Ninguno
Psalms,103,16,כי רוח עברהבו ואיננו ולאיכירנו עוד מקומו,"a wind passes by and it is no more,its own place no longer knows it.",Ninguno
Psalms,103,17,וחסד יהוה&thinsp;<b></b> מעולם ועדעולם עליראיו וצדקתו לבני בנים,"But GOD’s steadfast love is for all eternitytoward those who show reverence,and God’s beneficence is for the children’s children",Ninguno
Psalms,103,18,לשמרי בריתו ולזכרי פקדיו לעשותם,of those who keep the covenantand remember to observe the divine precepts.,Ninguno
Psalms,103,19,יהוה בשמים הכין כסאו ומלכותו בכל משלה,"GOD has established the heavenly throne,with a sovereign rule over all.",Ninguno
Psalms,103,20,ברכו יהוה מלאכיו גברי כח עשי דברו לשמע בקול דברו,"Bless the ETERNAL One, O angels,mighty creatures who do God’s bidding,ever obedient to that bidding;",Ninguno
Psalms,103,21,ברכו יהוה כלצבאיו משרתיו עשי רצונו,"bless the ETERNAL One, all youbyou Heb. “His.” hosts,youcyou See preceding note. servants who do God’s will;",Ninguno
Psalms,103,22,"ברכו יהוה&thinsp;<b></b> כלמעשיו בכלמקמות ממשלתו ברכי נפשי אתיהוה&nbsp;<span class=""mam-spi-pe"">{פ}</span><br>","bless the ETERNAL One, all God’s works,through the length and breadth of God’s realm;bless the ETERNAL One, O my soul.",Ninguno
Psalms,104,1,ברכי נפשי אתיהוה יהוה אלהי גדלת מאד הוד והדר לבשת,"Bless the ETERNAL One, O my soul;O ETERNAL One, my God, You are very great;You are clothed in glory and majesty,",Ninguno
Psalms,104,2,עטהאור כשלמה נוטה שמים כיריעה,wrapped in a robe of light;You spread the heavens like a tent cloth.,Ninguno
Psalms,104,3,המקרה במים עליותיו השםעבים רכובו המהלך עלכנפירוח,"YouaYou Heb. 3rd person; so also in vv. 4 and 5. set the rafters of the heavenly lofts in the waters—making the clouds a chariot,moving on the wings of the wind.",Ninguno
Psalms,104,4,עשה מלאכיו רוחות משרתיו אש להט,"You make messengers of the winds,servants of fiery flames.",Ninguno
Psalms,104,5,יסדארץ עלמכוניה בלתמוט עולם ועד,"You established the earth on its foundations,so that it shall never totter.",Ninguno
Psalms,104,6,"תהום כלבוש כסיתו עלהרים יעמדו<span class=""mam-implicit-maqaf""></span>מים",You made the deep cover it as a garment;the waters stood above the mountains.,Ninguno
Psalms,104,7,מןגערתך ינוסון מןקול רעמך יחפזון,"They fled at Your blast,rushed away at the sound of Your thunder—",Ninguno
Psalms,104,8,יעלו הרים ירדו בקעות אלמקום זה&thinsp;<b></b> יסדת להם,"mountains rising, valleys sinking—to the place You established for them.",Ninguno
Psalms,104,9,גבולשמת בליעברון בלישבון לכסות הארץ,You set bounds they must not passso that they never again cover the earth.,Ninguno
Psalms,104,10,המשלח מעינים בנחלים בין הרים יהלכון,"You make springs gush forth in torrents;they make their way between the hills,",Separación (Beyn)
Psalms,104,11,ישקו כלחיתו שדי ישברו פראים צמאם,giving drink to all the wild beasts;the wild asses slake their thirst.,Ninguno
Psalms,104,12,עליהם עוףהשמים ישכון מבין עפאים יתנוקול,The birds of the sky dwell beside themand sing among the foliage.,Separación (Beyn)
Psalms,104,13,משקה הרים מעליותיו מפרי מעשיך תשבע הארץ,You water the mountains from YourbYour Heb. 3rd person. lofts;the earth is sated from the fruit of Your work.,Ninguno
Psalms,104,14,מצמיח חציר&thinsp;<b></b> לבהמה ועשב לעבדת האדם להוציא לחם מןהארץ,"You make the grass grow for the cattle,and herbage for humans’ laborthat they may get food out of the earth—",Ninguno
Psalms,104,15,ויין&thinsp;<b></b> ישמח לבבאנוש להצהיל פנים משמן ולחם לבבאנוש יסעד,"wine that cheers human hearts,oil that makes the face shine,coil that makes the face shine Lit. “to make the face shine from oil.” and bread that sustains human life.",Ninguno
Psalms,104,16,ישבעו עצי יהוה ארזי לבנון אשר נטע,"The trees of the ETERNAL drink their fill,the cedars of Lebanon, God’s own planting,",Ninguno
Psalms,104,17,אשרשם צפרים יקננו חסידה ברושים ביתה,where birds make their nests;the stork has her home in the junipers.,Ninguno
Psalms,104,18,הרים הגבהים ליעלים סלעים מחסה לשפנים,The high mountains are for wild goats;the crags are a refuge for rock-badgers.,Ninguno
Psalms,104,19,עשה ירח למועדים שמש ידע מבואו,[God] made the moon to mark the seasons;the sun knows when to set.,Percepción (Yada)
Psalms,104,20,תשתחשך ויהי לילה בותרמש כלחיתויער,"You bring on darkness and it is night,when all the beasts of the forests stir.",Ninguno
Psalms,104,21,הכפירים שאגים לטרף ולבקש מאל אכלם,"The lions roar for prey,seeking their food from God.",Ninguno
Psalms,104,22,תזרח השמש יאספון ואלמעונתם ירבצון,"When the sun rises, they come homeand couch in their dens.",Ninguno
Psalms,104,23,יצא אדם לפעלו ולעבדתו עדיערב,"People then go out to their work,to their labor until the evening.",Ninguno
Psalms,104,24,מהרבו מעשיך&thinsp;<b></b> יהוה כלם בחכמה עשית מלאה הארץ קנינך,"How many are the things You have made, O ETERNAL One;You have made them all with wisdom;the earth is full of Your creations.",Ninguno
Psalms,104,25,זה&thinsp;<b></b> הים גדול ורחב ידים שםרמש ואין מספר חיות קטנות עםגדלות,"There is the sea, vast and wide,with its creatures beyond number,living things, small and great.",Ninguno
Psalms,104,26,שם אניות יהלכון לויתן זהיצרת לשחקבו,"There go the ships,and Leviathan that You formed to sport with.",Ninguno
Psalms,104,27,כלם אליך ישברון לתת אכלם בעתו,All of them look to Youto give them their food when it is due.,Ninguno
Psalms,104,28,תתן להם ילקטון תפתח ידך ישבעון טוב,"Give it to them, they gather it up;open Your hand, they are well satisfied;",Ninguno
Psalms,104,29,תסתיר פניך יבהלון תסף רוחם יגועון ואלעפרם ישובון,"hide Your face, they are terrified;take away their breath, they perishand turn again into dust;",Ninguno
Psalms,104,30,תשלח רוחך יבראון ותחדש פני אדמה,"send back Your breath, they are created,and You renew the face of the earth.",Ninguno
Psalms,104,31,יהי כבוד יהוה לעולם ישמח יהוה במעשיו,May GOD’s glory endure forever;may GOD rejoice in these works!,Ninguno
Psalms,104,32,המביט לארץ ותרעד יגע בהרים ויעשנו,"—The One who looks at the earth and it trembles,touches the mountains and they smoke.",Ninguno
Psalms,104,33,אשירה ליהוה בחיי אזמרה לאלהי בעודי,I will sing to the ETERNAL as long as I live;all my life I will chant hymns to my God.,Ninguno
Psalms,104,34,יערב עליו שיחי אנכי אשמח ביהוה,May my prayer be found pleasing;I will rejoice in GOD.,Ninguno
Psalms,104,35,"יתמו חטאים&thinsp;<b></b> מןהארץ ורשעים&thinsp;<b></b> עוד אינם ברכי נפשי אתיהוה הללויה&nbsp;<span class=""mam-spi-pe"">{פ}</span><br>","May sinners disappear from the earth,and the wicked be no more.Bless Yah,dYah See note at 68.5. O my soul.Hallelujah.",Ninguno
Psalms,105,1,הודו ליהוה קראו בשמו הודיעו בעמים עלילותיו,Praise GOD;call on this name;proclaim God’s deeds among the peoples.,Ninguno
Psalms,105,2,שירולו זמרולו שיחו בכלנפלאותיו,Sing out praises;speak of all those wondrous acts.,Ninguno
Psalms,105,3,התהללו בשם קדשו ישמח לב&thinsp;<b></b> מבקשי יהוה,Exult in this holy name;let all who seek GOD rejoice.,Ninguno
Psalms,105,4,דרשו יהוה ועזו בקשו פניו תמיד,"Turn to GOD, to divine might;adivine might I.e., the Ark; cf. Ps. 78.61; 132.8. seek God’s presence constantly.",Ninguno
Psalms,105,5,זכרו נפלאותיו אשרעשה מפתיו ומשפטיפיו,"Remember the wonders that have been done,the portents, and judgments pronounced,",Ninguno
Psalms,105,6,זרע אברהם עבדו בני יעקב בחיריו,"O offspring of Abraham, God’s servant,O descendants of Jacob, the chosen ones.",Ninguno
Psalms,105,7,הוא יהוה אלהינו בכלהארץ משפטיו,"The ETERNAL is our God,whose judgments are throughout the earth.",Ninguno
Psalms,105,8,זכר לעולם בריתו דבר צוה לאלף דור,"[God] is ever mindful of the covenant,the promise given for a thousand generations,",Ninguno
Psalms,105,9,אשר כרת אתאברהם ושבועתו לישחק,"that was made with Abraham,sworn to Isaac,",Ninguno
Psalms,105,10,ויעמידה ליעקב לחק לישראל ברית עולם,"and confirmed in a decree for Jacob,for Israel, as an eternal covenant,",Ninguno
Psalms,105,11,לאמר לך אתן אתארץכנען חבל נחלתכם,"saying, “To you I will give the land of Canaanas your allotted heritage.”",Ninguno
Psalms,105,12,בהיותם מתי מספר כמעט וגרים בה,"They were then few in number,a mere handful, sojourning there,",Ninguno
Psalms,105,13,ויתהלכו מגוי אלגוי מממלכה אלעם אחר,"wandering from nation to nation,from one kingdom to another.",Ninguno
Psalms,105,14,לאהניח אדם לעשקם ויוכח עליהם מלכים,"None were allowed to oppress them;kings were reproved on their account,",Ninguno
Psalms,105,15,אלתגעו במשיחי ולנביאי אלתרעו,“Do not touch My anointed ones;do not harm My prophets.”,Ninguno
Psalms,105,16,ויקרא רעב עלהארץ כלמטהלחם שבר,"A famine was called down on the land,destroying every staff of bread.",Ninguno
Psalms,105,17,שלח לפניהם איש לעבד נמכר יוסף,"[God] sent ahead of them an agent—Joseph, sold into slavery.",Ninguno
Psalms,105,18,"ענו בכבל <span class=""mam-kq""><span class=""mam-kq-k"">(רגליו)</span> <span class=""mam-kq-q"">[רגלו]</span></span> ברזל באה נפשו",His feet were subjected to fetters;an iron collar was put on his neck.,Ninguno
Psalms,105,19,עדעת באדברו אמרת יהוה צרפתהו,Until his prediction came true GOD’s decree purged him.,Ninguno
Psalms,105,20,שלח מלך ויתירהו משל עמים ויפתחהו,The king sent to have him freed;the ruler of nations released him.,Ninguno
Psalms,105,21,שמו אדון לביתו ומשל בכלקנינו,"He made him the lord of his household,empowered him over all his possessions,",Ninguno
Psalms,105,22,לאסר שריו בנפשו וזקניו יחכם,"to discipline his princes at will,to teach his elders wisdom.",Ninguno
Psalms,105,23,ויבא ישראל מצרים ויעקב גר בארץחם,Then Israel came to Egypt;Jacob sojourned in the land of Ham.,Ninguno
Psalms,105,24,ויפר אתעמו מאד ויעצמהו מצריו,"[God] made that people very fruitful,more numerous than their foes,",Ninguno
Psalms,105,25,הפך לבם לשנא עמו להתנכל בעבדיו,"then changed the heartbchanged the heart Or “Their heart changed.” [of the Egyptians] to hate this people,to plot against God’s servants.",Ninguno
Psalms,105,26,שלח משה עבדו אהרן אשר בחרבו,"Moses—God’s servant—was sent,and Aaron, who had been chosen.",Ninguno
Psalms,105,27,שמובם דברי אתותיו ומפתים בארץ חם,"They performed God’s signs among them,and wonders, against the land of Ham.",Ninguno
Psalms,105,28,"שלח חשך ויחשך ולאמרו את<span class=""mam-kq""><span class=""mam-kq-q"">[דברו]</span> <span class=""mam-kq-k"">(דבריו)</span></span>",[God] sent darkness; it was very dark;did they not defy God’s word?cdid they not defy God’s word Meaning of Heb. uncertain. ,Ninguno
Psalms,105,29,הפך אתמימיהם לדם וימת אתדגתם,Their waters were turned into bloodand their fish were killed.,Ninguno
Psalms,105,30,שרץ ארצם צפרדעים בחדרי מלכיהם,"Their land teemed with frogs,even the rooms of their king.",Ninguno
Psalms,105,31,אמר ויבא ערב כנים בכלגבולם,"Swarms of insects came at God’s command,lice, throughout their country.",Ninguno
Psalms,105,32,נתן גשמיהם ברד אש להבות בארצם,"They were given hail for rain,and flaming fire in their land.",Ninguno
Psalms,105,33,ויך גפנם ותאנתם וישבר עץ גבולם,"Their vines and fig trees were struck,the trees of their country broken down.",Ninguno
Psalms,105,34,אמר ויבא ארבה וילק ואין מספר,"Locusts came at God’s command,grasshoppers without number.",Ninguno
Psalms,105,35,ויאכל כלעשב בארצם ויאכל פרי אדמתם,They devoured every green thing in the land;they consumed the produce of the soil.,Ninguno
Psalms,105,36,ויך כלבכור בארצם ראשית לכלאונם,"[God] struck down every [male] first-born in the land,the first fruit of their vigor.",Ninguno
Psalms,105,37,ויוציאם בכסף וזהב ואין בשבטיו כושל,IsraeldIsrael Heb. “them.” was led out with silver and gold;none among their tribes faltered.,Ninguno
Psalms,105,38,שמח מצרים בצאתם כינפל פחדם עליהם,"Egypt rejoiced when they left,for dread of IsraeleIsrael Heb. “them.” had fallen upon them.",Ninguno
Psalms,105,39,פרש ענן למסך ואש להאיר לילה,"[God] spread a cloud for a cover,and fire to light up the night.",Ninguno
Psalms,105,40,"שאל ויבא <span class=""mam-kq-trivial"">שלו</span> ולחם שמים ישביעם","They asked, and were brought quail,and were satisfied with food from heaven.",Ninguno
Psalms,105,41,פתח צור ויזובו מים הלכו בציות נהר,[God] opened a rock so that water gushed forth;it flowed as a stream in the parched land.,Ninguno
Psalms,105,42,כיזכר אתדבר קדשו אתאברהם עבדו,"Mindful of the sacred promiseto Abraham—God’s servant,",Ninguno
Psalms,105,43,ויוצא עמו בששון ברנה אתבחיריו,"The people were led out in gladness,God’s chosen ones with joyous song.",Ninguno
Psalms,105,44,ויתן להם ארצות גוים ועמל לאמים יירשו,"They were given the lands of nations;they inherited the wealth of peoples,",Ninguno
Psalms,105,45,"בעבור&thinsp;<b></b> ישמרו חקיו ותורתיו ינצרו הללויה&nbsp;<span class=""mam-spi-pe"">{פ}</span><br>",that they might keep God’s lawsand observe God’s teachings.Hallelujah.,Ninguno
Psalms,106,1,"הללו<span class=""mam-implicit-maqaf""></span>יה&thinsp;<b></b> הודו ליהוה כיטוב כי לעולם חסדו","Hallelujah.Praise GOD, who is good—whose steadfast love is eternal.",Ninguno
Psalms,106,2,מי ימלל גבורות יהוה ישמיע כלתהלתו,"Who can tell GOD’s mighty acts,proclaim all due praises?",Ninguno
Psalms,106,3,אשרי שמרי משפט עשה צדקה בכלעת,"Happy are those who act justly,who do right at all times.",Ninguno
Psalms,106,4,זכרני יהוה ברצון עמך פקדני בישועתך,"Be mindful of me, O ETERNAL One, when You favor Your people;take note of me when You deliver them,",Ninguno
Psalms,106,5,לראות&thinsp;<b></b> בטובת בחיריך לשמח בשמחת גויך להתהלל עםנחלתך,"that I may enjoy the prosperity of Your chosen ones,share the joy of Your nation,glory in Your very own people.",Ninguno
Psalms,106,6,חטאנו עםאבותינו העוינו הרשענו,"We have sinned like our ancestors;we have gone astray, done evil.",Ninguno
Psalms,106,7,אבותינו במצרים&thinsp;<b></b> לאהשכילו נפלאותיך לא זכרו אתרב חסדיך וימרו עלים ביםסוף,"Our ancestors in Egypt did not perceive Your wonders;they did not remember Your abundant love,but rebelled at the sea, at the Sea of Reeds.",Ninguno
Psalms,106,8,ויושיעם למען שמו להודיע אתגבורתו,"Yet they were saved, as befits God’s name,to make known God’s might.",Ninguno
Psalms,106,9,ויגער ביםסוף ויחרב ויוליכם בתהמות כמדבר,A blast was sent against the Sea of Reeds;it became dry;they were led through the deep as through a wilderness.,Ninguno
Psalms,106,10,ויושיעם מיד שונא ויגאלם מיד אויב,"They were delivered from the foe,redeemed from the enemy.",Ninguno
Psalms,106,11,ויכסומים צריהם אחד מהם לא נותר,Water covered their adversaries;not one of them was left.,Ninguno
Psalms,106,12,ויאמינו בדבריו ישירו תהלתו,"Then they believed God’s promise,and sang God’s praises.",Ninguno
Psalms,106,13,מהרו שכחו מעשיו לאחכו לעצתו,But they soon forgot those deeds;they would not wait to learn the divine plan.,Ninguno
Psalms,106,14,ויתאוו תאוה במדבר וינסואל בישימון,"They were seized with craving in the wilderness,and put God to the test in the wasteland.",Ninguno
Psalms,106,15,ויתן להם שאלתם וישלח רזון בנפשם,"They were given what they asked for,then made to waste away.",Ninguno
Psalms,106,16,ויקנאו למשה במחנה לאהרן קדוש יהוה,"There was envy of Moses in the camp,and of Aaron, GOD’s holy one.",Ninguno
Psalms,106,17,תפתחארץ ותבלע דתן ותכס עלעדת אבירם,"The earth opened up and swallowed Dathan,closed over the party of Abiram.",Ninguno
Psalms,106,18,ותבעראש בעדתם להבה תלהט רשעים,"A fire blazed among their party,a flame that consumed the wicked.",Ninguno
Psalms,106,19,יעשועגל בחרב וישתחוו למסכה,They made a calf at Horeband bowed down to a molten image.,Ninguno
Psalms,106,20,וימירו אתכבודם בתבנית שור אכל עשב,They exchanged their gloryfor the image of a bull that feeds on grass.,Ninguno
Psalms,106,21,שכחו אל מושיעם עשה גדלות במצרים,"They forgot God who saved them,who performed great deeds in Egypt,",Ninguno
Psalms,106,22,נפלאות בארץ חם נוראות עליםסוף,"wondrous deeds in the land of Ham,awesome deeds at the Sea of Reeds.",Ninguno
Psalms,106,23,ויאמר להשמידם לולי משה בחירו עמד בפרץ לפניו להשיב חמתו מהשחית,"They would have been destroyedhad not Moses, God’s chosen one,stood in the breachto avert God’s destructive wrath.",Ninguno
Psalms,106,24,וימאסו בארץ חמדה לאהאמינו לדברו,"They rejected the desirable land,and put no faith in the divine promise.",Ninguno
Psalms,106,25,וירגנו באהליהם לא שמעו בקול יהוה,They grumbled in their tentsand disobeyed GOD.,Ninguno
Psalms,106,26,וישא ידו להם להפיל אותם במדבר,"So a divine hand was raised in oathto make them fall in the wilderness,",Ninguno
Psalms,106,27,ולהפיל זרעם בגוים ולזרותם בארצות,"to disperseadisperse Cf. Targum, Kimhi. their offspring among the nationsand scatter them through the lands.",Ninguno
Psalms,106,28,ויצמדו לבעל פעור ויאכלו זבחי מתים,"They attached themselves to Baal Peor,ate sacrifices offered to the dead.",Ninguno
Psalms,106,29,ויכעיסו במעלליהם ותפרץבם מגפה,"They provoked anger by their deeds,and a plague broke out among them.",Ninguno
Psalms,106,30,ויעמד פינחס ויפלל ותעצר המגפה,"Phinehas stepped forth and intervened,and the plague ceased.",Ninguno
Psalms,106,31,ותחשב לו לצדקה לדר ודר עדעולם,"It was reckoned to his meritfor all generations, to eternity.",Ninguno
Psalms,106,32,ויקציפו עלמי מריבה וירע למשה בעבורם,"They provoked wrath at the waters of Meribahand Moses suffered on their account,",Ninguno
Psalms,106,33,כיהמרו אתרוחו ויבטא בשפתיו,because they rebelled against [God]and he spoke rashly.,Ninguno
Psalms,106,34,לאהשמידו אתהעמים אשר אמר יהוה להם,"They did not destroy the nationsas GOD had commanded them,",Ninguno
Psalms,106,35,ויתערבו בגוים וילמדו מעשיהם,but mingled with the nationsand learned their ways.,Ninguno
Psalms,106,36,ויעבדו אתעצביהם ויהיו להם למוקש,"They worshiped their idols,which became a snare for them.",Ninguno
Psalms,106,37,ויזבחו אתבניהם ואתבנותיהם לשדים,Their own sons and daughtersthey sacrificed to demons.,Ninguno
Psalms,106,38,וישפכו דם נקי דםבניהם ובנותיהם אשר זבחו לעצבי כנען ותחנף הארץ בדמים,"They shed innocent blood,the blood of their sons and daughters,whom they sacrificed to the idols of Canaan;so the land was polluted with bloodguilt.",Ninguno
Psalms,106,39,ויטמאו במעשיהם ויזנו במעלליהם,"Thus they became defiled by their acts,debauched through their deeds.",Ninguno
Psalms,106,40,ויחראף יהוה בעמו ויתעב אתנחלתו,GOD was angry with this peopleand abhorred them as an inheritance.,Ninguno
Psalms,106,41,ויתנם בידגוים וימשלו בהם שנאיהם,They were handed over to the nations;their foes ruled them.,Ninguno
Psalms,106,42,וילחצום אויביהם ויכנעו תחת ידם,Their enemies oppressed themand they were subject to their power.,Ninguno
Psalms,106,43,פעמים רבות יצילם והמה ימרו בעצתם וימכו בעונם,"They were saved time and again,but they were deliberately rebellious,and so they were brought low by their iniquity.",Ninguno
Psalms,106,44,וירא בצר להם בשמעו אתרנתם,"Upon seeing that they were in distress,and hearing their cry,",Ninguno
Psalms,106,45,"ויזכר להם בריתו וינחם כרב <span class=""mam-kq-trivial"">חסדו</span>",[God] was mindful of the covenantand in great faithfulness relented.,Ninguno
Psalms,106,46,ויתן אותם לרחמים לפני כלשוביהם,Their captors were made to be kindly disposed toward them.,Ninguno
Psalms,106,47,הושיענו&thinsp;<b></b> יהוה אלהינו וקבצנו מןהגוים להדות לשם קדשך להשתבח בתהלתך,"Deliver us, our ETERNAL God,and gather us from among the nations,to acclaim Your holy name,to glory in Your praise.",Ninguno
Psalms,106,48,"ברוך<span class=""mam-implicit-maqaf""></span>יהוה אלהי ישראל מןהעולם&thinsp;<b></b> ועד העולם ואמר כלהעם אמן הללויה","Blessed is the ETERNAL, God of Israel,From eternity to eternity.Let all the people say, “Amen.”Hallelujah.",Ninguno
Psalms,107,1,הדו ליהוה כיטוב כי לעולם חסדו,"“Praise GOD, who is good—whose steadfast love is eternal!”",Ninguno
Psalms,107,2,יאמרו גאולי יהוה אשר גאלם מידצר,"Thus let GOD’s redeemed say,those redeemed from adversity,",Ninguno
Psalms,107,3,ומארצות קבצם ממזרח וממערב מצפון ומים,"who have been gathered in from the lands,from east and west,from the north and from the sea.",Ninguno
Psalms,107,4,תעו במדבר בישימון דרך עיר מושב לא מצאו,"Some lost their way in the wilderness,in the wasteland;they found no settled place.",Ninguno
Psalms,107,5,רעבים גםצמאים נפשם בהם תתעטף,"Hungry and thirsty,their spirit failed.",Ninguno
Psalms,107,6,ויצעקו אליהוה בצר להם ממצוקותיהם יצילם,"In their adversity they cried to GOD,and they were rescued from their troubles.",Ninguno
Psalms,107,7,וידריכם בדרך ישרה ללכת אלעיר מושב,They were shown a direct wayto reach a settled place.,Ninguno
Psalms,107,8,יודו ליהוה חסדו ונפלאותיו לבני אדם,Let them give praise for GOD’s steadfast loveand wondrous deeds for humankind—,Ninguno
Psalms,107,9,כיהשביע נפש שקקה ונפש רעבה מלאטוב,"for satisfying the thirsty,and filling the hungry with all good things.",Ninguno
Psalms,107,10,ישבי חשך וצלמות אסירי עני וברזל,"Some lived in deepest darkness,bound in cruel irons,",Ninguno
Psalms,107,11,כיהמרו אמריאל ועצת עליון נאצו,"because they defied the word of God,spurned the counsel of the Most High.",Ninguno
Psalms,107,12,ויכנע בעמל לבם כשלו ואין עזר,Their hearts were humbled through suffering;they stumbled with no one to help.,Ninguno
Psalms,107,13,ויזעקו אליהוה בצר להם ממצקותיהם יושיעם,"In their adversity they cried to GOD,and were rescued from their troubles.",Ninguno
Psalms,107,14,יוציאם מחשך וצלמות ומוסרותיהם ינתק,"They were brought out of deepest darkness,their bonds broken asunder.",Ninguno
Psalms,107,15,יודו ליהוה חסדו ונפלאותיו לבני אדם,Let them give praise for GOD’s steadfast loveand wondrous deeds for humankind—,Ninguno
Psalms,107,16,כישבר דלתות נחשת ובריחי ברזל גדע,"shattering gates of bronze,breaking their iron bars.",Ninguno
Psalms,107,17,אולים מדרך פשעם ומעונתיהם יתענו,"There were fools who suffered for their sinful way,and for their iniquities.",Ninguno
Psalms,107,18,כלאכל תתעב נפשם ויגיעו עדשערי מות,All food was loathsome to them;they reached the gates of death.,Ninguno
Psalms,107,19,ויזעקו אליהוה בצר להם ממצקותיהם יושיעם,In their adversity they cried to GOD and they were saved from their troubles.,Ninguno
Psalms,107,20,ישלח דברו וירפאם וימלט משחיתותם,[God] gave an order and healed them—delivering them from the pits.athe pits Of death. ,Ninguno
Psalms,107,21,יודו ליהוה חסדו ונפלאותיו לבני אדם,Let them give praise for GOD’s steadfast loveand wondrous deeds for humankind.,Ninguno
Psalms,107,22,ויזבחו זבחי תודה ויספרו מעשיו ברנה,"Let them offer thanksgiving sacrifices,and tell those deeds in joyful song.",Ninguno
Psalms,107,23,"<span class=""mam-spi-invnun""></span>&nbsp;יורדי הים באניות עשי מלאכה במים רבים","Others go down to the sea in ships,ply their trade in the mighty waters;",Ninguno
Psalms,107,24,"<span class=""mam-spi-invnun""></span>&nbsp;המה ראו מעשי יהוה ונפלאותיו במצולה",they have seen GOD’s worksand such wonders in the deep.,Ninguno
Psalms,107,25,"<span class=""mam-spi-invnun""></span>&nbsp;ויאמר ויעמד רוח סערה ותרומם גליו",God’s word raised a storm windthat made the waves surge.,Ninguno
Psalms,107,26,"<span class=""mam-spi-invnun""></span>&nbsp;יעלו שמים ירדו תהומות נפשם ברעה תתמוגג","Mounting up to the heaven,plunging down to the depths,disgorging in their misery,",Ninguno
Psalms,107,27,"<span class=""mam-spi-invnun""></span>&nbsp;יחוגו וינועו כשכור וכלחכמתם תתבלע","they reeled and staggered like a drunk,all their skill to no avail.",Ninguno
Psalms,107,28,"<span class=""mam-spi-invnun""></span>&nbsp;ויצעקו אליהוה בצר להם וממצוקתיהם יוציאם","In their adversity they cried to GOD,and were saved from their troubles.",Ninguno
Psalms,107,29,יקם סערה לדממה ויחשו גליהם,The storm was reduced to a whisper;the waves were stilled.,Ninguno
Psalms,107,30,וישמחו כיישתקו וינחם אלמחוז חפצם,"They rejoiced when all was quiet,and were brought to the port they desired.",Ninguno
Psalms,107,31,יודו ליהוה חסדו ונפלאותיו לבני אדם,"Let them give praise for GOD’s steadfast love,and wondrous deeds for humankind.",Ninguno
Psalms,107,32,וירוממוהו בקהלעם ובמושב זקנים יהללוהו,"Let them exalt in the congregation of the people,acclaim in the assembly of the elders.",Ninguno
Psalms,107,33,ישם נהרות למדבר ומצאי מים לצמאון,"The rivers are turned into a wilderness,springs of water into thirsty land,",Ninguno
Psalms,107,34,ארץ פרי למלחה מרעת יושבי בה,"fruitful land into a salt marsh,because of the wickedness of its inhabitants.",Ninguno
Psalms,107,35,ישם מדבר לאגםמים וארץ ציה למצאי מים,"The wilderness is turned into pools,parched land into springs of water.",Ninguno
Psalms,107,36,ויושב שם רעבים ויכוננו עיר מושב,There the hungry are settled;they build a place to settle in.,Ninguno
Psalms,107,37,ויזרעו שדות ויטעו כרמים ויעשו פרי תבואה,They sow fields and plant vineyardsthat yield a fruitful harvest.,Ninguno
Psalms,107,38,ויברכם וירבו מאד ובהמתם לא ימעיט,"They are blessed and they increase greatly—their cattle do not decrease,",Ninguno
Psalms,107,39,וימעטו וישחו מעצר רעה ויגון,"after they had been few and crushedby oppression, misery, and sorrow.",Ninguno
Psalms,107,40,"<span class=""mam-spi-invnun""></span>&nbsp;שפך בוז עלנדיבים ויתעם בתהו לאדרך",[God] pours contempt on noblesand makes them lose their way in trackless deserts;,Ninguno
Psalms,107,41,וישגב אביון מעוני וישם כצאן משפחות,"but the needy are secured from suffering,their families increased like flocks.",Ninguno
Psalms,107,42,יראו ישרים וישמחו וכלעולה קפצה פיה,The upright see it and rejoice;the mouth of all wrongdoers is stopped.,Ninguno
Psalms,107,43,"מיחכם וישמראלה ויתבוננו חסדי יהוה&nbsp;<span class=""mam-spi-pe"">{פ}</span><br>",One who is wise will take note of these thingsand consider GOD’s steadfast love.,Ninguno
Psalms,108,1,שיר מזמור לדוד,A song. A psalm of David.,Ninguno
Psalms,108,2,נכון לבי אלהים אשירה ואזמרה אףכבודי,"aCf. Ps. 57.8–12. My heart is firm, O God;I will sing and chant a hymn with all my soul.",Ninguno
Psalms,108,3,עורה הנבל וכנור אעירה שחר,"Awake, O harp and lyre!I will wake the dawn.",Ninguno
Psalms,108,4,אודך בעמים&thinsp;<small></small>&thinsp;יהוה ואזמרך בלאמים,"I will praise You among the peoples, O ETERNAL One,sing a hymn to You among the nations;",Ninguno
Psalms,108,5,כיגדול מעלשמים חסדך ועדשחקים אמתך,for Your faithfulness is higher than the heavens;Your steadfastness reaches to the sky.,Ninguno
Psalms,108,6,רומה עלשמים אלהים ועל כלהארץ כבודך,"Exalt Yourself over the heavens, O God;let Your glory be over all the earth!",Ninguno
Psalms,108,7,למען יחלצון ידידיך הושיעה ימינך וענני,"bCf. Ps. 60.7–14. That those whom You love may be rescued,deliver with Your right hand and answer me.",Ninguno
Psalms,108,8,אלהים&thinsp;<b></b> דבר בקדשו אעלזה אחלקה שכם ועמק סכות אמדד,"God promised in the sanctuarycin the sanctuary Or “by God’s holiness.” that I would exultingly divide up Shechem,and measure the Valley of Sukkoth;",Ninguno
Psalms,108,9,לי גלעד&thinsp;<b></b> לי מנשה ואפרים מעוז ראשי יהודה מחקקי,"Gilead and Manasseh would be mine,Ephraim my chief stronghold,Judah my scepter;",Ninguno
Psalms,108,10,מואב&thinsp;<b></b> סיר רחצי עלאדום אשליך נעלי עליפלשת אתרועע,Moab would be my washbasin;on Edom I would cast my shoe;I would raise a shout over Philistia.,Ninguno
Psalms,108,11,מי יבלני עיר מבצר מי נחני עדאדום,Would that I were brought to the bastion!Would that I were led to Edom!,Ninguno
Psalms,108,12,הלאאלהים זנחתנו ולאתצא אלהים בצבאתינו,"But You have rejected us, O God;God, You do not march with our armies.",Ninguno
Psalms,108,13,הבהלנו עזרת מצר ושוא תשועת אדם,"Grant us Your aid against the foe,for human help is worthless.",Ninguno
Psalms,108,14,"באלהים נעשהחיל והוא יבוס צרינו&nbsp;<span class=""mam-spi-pe"">{פ}</span><br>","We shall triumph with God,who will trample our foes.",Ninguno
Psalms,109,1,למנצח לדוד מזמור אלהי תהלתי אלתחרש,"For the leader. Of David. A psalm.O God of my praise,do not keep aloof,",Ninguno
Psalms,109,2,כי פי רשע ופימרמה עלי פתחו דברו אתי לשון שקר,for the wicked and the deceitfulopen their mouth against me;they speak to me with lying tongue.,Ninguno
Psalms,109,3,ודברי שנאה סבבוני וילחמוני חנם,They encircle me with words of hate;they attack me without cause.,Ninguno
Psalms,109,4,תחתאהבתי ישטנוני ואני תפלה,"They answer my love with accusationand I must stand judgmentaand I must stand judgment Or “but I am all prayer”; meaning of Heb. uncertain, but see v. 7. ",Ninguno
Psalms,109,5,וישימו עלי רעה תחת טובה ושנאה תחת אהבתי,"They repay me with evil for good,with hatred for my love.",Ninguno
Psalms,109,6,הפקד עליו רשע ושטן יעמד עלימינו,Appoint someone wicked over him;may an accuser stand at his right side;,Ninguno
Psalms,109,7,בהשפטו יצא רשע ותפלתו תהיה לחטאה,may he be tried and convicted;may he be judged and found guilty.,Ninguno
Psalms,109,8,יהיוימיו מעטים פקדתו יקח אחר,May his days be few;may another take over his position.bhis position Meaning of Heb. uncertain. ,Ninguno
Psalms,109,9,יהיובניו יתומים ואשתו אלמנה,"May his children be orphans,his wife a widow.",Ninguno
Psalms,109,10,ונוע ינועו בניו ושאלו ודרשו מחרבותיהם,"May his children wander from their hovels,begging in search of [bread].",Ninguno
Psalms,109,11,ינקש נושה לכלאשרלו ויבזו זרים יגיעו,May his creditor seize all his possessions;may strangers plunder his wealth.,Ninguno
Psalms,109,12,אליהילו משך חסד ואליהי חונן ליתומיו,May no one show him mercy;may none pity his orphans;,Ninguno
Psalms,109,13,יהיאחריתו להכרית בדור אחר ימח שמם,may his posterity be cut off;may their names be blotted out in the next generation.,Ninguno
Psalms,109,14,יזכר&thinsp;<b></b> עון אבתיו אליהוה וחטאת אמו אלתמח,"May God be ever mindful of his father’s iniquity,and may the sin of his mother not be blotted out.",Ninguno
Psalms,109,15,יהיו נגדיהוה תמיד ויכרת מארץ זכרם,"May GOD be aware of them alwaysand cause their names to be cut off from the earth,",Ninguno
Psalms,109,16,יען אשר&thinsp;<b></b> לא זכר עשות חסד וירדף אישעני ואביון ונכאה לבב למותת,"because he was not minded to act kindly,and hounded to death the poor and needy man,cthe poor and needy man The psalmist himself; cf. vv. 22, 31. one crushed in spirit.",Ninguno
Psalms,109,17,ויאהב קללה ותבואהו ולאחפץ בברכה ותרחק ממנו,He loved to curse—may a curse come upon him!He would not bless—may blessing be far from him!,Ninguno
Psalms,109,18,וילבש קללה כמדו ותבא כמים בקרבו וכשמן בעצמותיו,"May he be clothed in a curse like a garment,may it enter his body like water,his bones like oil.",Ninguno
Psalms,109,19,תהילו כבגד יעטה ולמזח תמיד יחגרה,"Let it be like the cloak he wraps around him,like the belt he always wears.",Ninguno
Psalms,109,20,זאת פעלת שטני מאת יהוה והדברים רע עלנפשי,"May GOD thus repay my accusers,all those who speak evil against me.",Ninguno
Psalms,109,21,ואתה&thinsp;<b></b> יהוה אדני עשהאתי למען שמך כיטוב חסדך הצילני,"Now You, O GOD, my Sovereign,act in my behalf as befits Your name.Good and faithful as You are, save me.",Ninguno
Psalms,109,22,כיעני ואביון אנכי ולבי חלל בקרבי,"For I am poor and needy,and my heart is pierced within me.",Ninguno
Psalms,109,23,כצלכנטותו נהלכתי ננערתי כארבה,I fade away like a lengthening shadow;I am shaken off like locusts.,Ninguno
Psalms,109,24,ברכי כשלו מצום ובשרי כחש משמן,"My knees give way from fasting;my flesh is lean, has lost its fat.",Ninguno
Psalms,109,25,ואני&thinsp;<b></b> הייתי חרפה להם יראוני יניעון ראשם,"I am the object of their scorn;when they see me, they shake their head.",Ninguno
Psalms,109,26,עזרני יהוה אלהי הושיעני כחסדך,"Help me, O my ETERNAL God;save me in accord with Your faithfulness—",Ninguno
Psalms,109,27,וידעו כיידך זאת אתה יהוה עשיתה,"that all may know that it is Your hand,that You, O ETERNAL One, have done it.",Percepción (Yada)
Psalms,109,28,יקללוהמה ואתה תברך קמו&thinsp;<b></b> ויבשו ועבדך ישמח,"Let them curse, but You bless;let them rise up, but come to grief,while Your servant rejoices.",Ninguno
Psalms,109,29,ילבשו שוטני כלמה ויעטו כמעיל בשתם,"My accusers shall be clothed in shame,wrapped in their disgrace as in a robe.",Ninguno
Psalms,109,30,אודה יהוה מאד בפי ובתוך רבים אהללנו,"My mouth shall sing much praise to GOD;I will acclaim in the midst of a throng,",Ninguno
Psalms,109,31,"כייעמד לימין אביון להושיע משפטי נפשו&nbsp;<span class=""mam-spi-pe"">{פ}</span><br>","because [God] stands at the right hand of the needy,to save them from those who would condemn them.",Control/Derecha (Yamin)
Psalms,110,1,לדוד מזמור נאם יהוה&thinsp;<b></b> לאדני שב לימיני עדאשית איביך הדם לרגליך,"Of David. A psalm. GOD said to my lord,amy lord I.e., the king, who leads his army on campaigns. “Sit at My right handwhile I make your enemies your footstool.”",Ninguno
Psalms,110,2,מטהעזך ישלח יהוה מציון רדה בקרב איביך,GOD will stretch forth from Zion your mighty scepter;hold sway over your enemies!,Ninguno
Psalms,110,3,עמך נדבת ביום חילך בהדריקדש מרחם משחר לך טל ילדתיך,"bMeaning of verse uncertain. Your people come forward willingly on your day of battle.In majestic holiness, from the womb,from the dawn, yours was the dew of youth.",Ninguno
Psalms,110,4,נשבע יהוה&thinsp;<b></b> ולא ינחם אתהכהן לעולם עלדברתי מלכיצדק,"GOD has sworn and will not relent,“You are a priest forever, a rightful king by My decree.”ca rightful king by My decree Or “after the manner of Melchizedek.” ",Ninguno
Psalms,110,5,אדני עלימינך מחץ ביוםאפו מלכים,My Sovereign is at your right hand—crushing kings in the day of divine anger.,Ninguno
Psalms,110,6,ידין בגוים מלא גויות מחץ ראש עלארץ רבה,"[God] works judgment upon the nations,heaping up bodies,crushing heads far and wide.",Ninguno
Psalms,110,7,"מנחל בדרך ישתה עלכן ירים ראש&nbsp;<span class=""mam-spi-pe"">{פ}</span><br>",My lorddMy lord Heb. “He”; cf. v. 1. drinks from the stream on his way;therefore he holds his head high.eholds his head high A sign of victory; cf. 3.4; 27.6. ,Ninguno
Psalms,111,1,"הללו<span class=""mam-implicit-maqaf""></span>יה&thinsp;<b></b> אודה יהוה בכללבב בסוד ישרים ועדה",Hallelujah.אI praise GOD with all my heartבin the assembled congregation of the upright.,Ninguno
Psalms,111,2,גדלים מעשי יהוה דרושים לכלחפציהם,"גGOD’s works are great,דwithin reach of all who desire them.awithin reach of all who desire them Meaning of Heb. uncertain. ",Ninguno
Psalms,111,3,הודוהדר פעלו וצדקתו עמדת לעד,הSplendid and glorious are God’s deeds;וGod’s beneficence is everlasting;,Ninguno
Psalms,111,4,זכר עשה לנפלאותיו חנון ורחום יהוה,זrenowned are God’s wonders.חGOD is gracious and compassionate—,Ninguno
Psalms,111,5,טרף נתן ליראיו יזכר לעולם בריתו,"טgiving food to those who show reverence,יand ever mindful of the covenant—",Ninguno
Psalms,111,6,כח מעשיו הגיד לעמו לתת להם נחלת גוים,"כrevealing powerful works to this people,לand giving them the heritage of nations.",Ninguno
Psalms,111,7,מעשי ידיו אמת ומשפט נאמנים כלפקודיו,"מTruth and justice are God’s handiwork—נwhose precepts are enduring,",Ninguno
Psalms,111,8,סמוכים לעד לעולם עשוים באמת וישר,"סwell-founded for all eternity,עעwrought of truth and equity.",Ninguno
Psalms,111,9,פדות&thinsp;<b></b> שלח לעמו צוהלעולם בריתו קדוש ונורא שמו,"פRedeeming this people,צ[God] ordained the covenant for all time;קholy and awesome is God’s name.",Ninguno
Psalms,111,10,"ראשית חכמה&thinsp;<b></b> יראת יהוה שכל טוב לכלעשיהם תהלתו עמדת לעד&nbsp;<span class=""mam-spi-pe"">{פ}</span><br>",רThe beginningbbeginning Or “chief part.” of wisdom is reverence toward GOD;שall who practice it gain sound understanding.תPraise of [God] is everlasting.,Ninguno
Psalms,112,1,"הללו<span class=""mam-implicit-maqaf""></span>יה&thinsp;<b></b> אשריאיש ירא אתיהוה במצותיו חפץ מאד","Hallelujah. א Happy are those who fear GOD,who are ardently devoted to God’s commandments.",Ninguno
Psalms,112,2,גבור בארץ יהיה זרעו דור ישרים יברך,"ג Their descendants will be mighty in the land,ד a blessed generation of the upright.",Ninguno
Psalms,112,3,הוןועשר בביתו וצדקתו עמדת לעד,"ה Wealth and riches are in their house,ו and their beneficence lasts forever.",Ninguno
Psalms,112,4,זרח בחשך אור לישרים חנון ורחום וצדיק,"ז A light shinesaA light shines Or “[God] shines as a light.” for the upright in the darkness;bthey are Or “[God] is.” gracious, compassionate, and beneficent.",Ninguno
Psalms,112,5,טובאיש חונן ומלוה יכלכל דבריו במשפט,"ח ט All goes well with those who lend generously,יwho conduct affairs with equity.",Ninguno
Psalms,112,6,כילעולם לאימוט לזכר עולם יהיה צדיק,כ They shall never be shaken;לthe beneficent will be remembered forever.,Ninguno
Psalms,112,7,משמועה רעה לא יירא נכון לבו בטח ביהוה,"מ They are not afraid of evil tidings;נtheir heart is firm, they trust in GOD.",Ninguno
Psalms,112,8,סמוך לבו לא יירא עד אשריראה בצריו,"ס Their heart is resolute, they are unafraid;עin the end they will see the fall of their foes.",Ninguno
Psalms,112,9,פזר&thinsp;<b></b> נתן לאביונים צדקתו עמדת לעד קרנו תרום בכבוד,פ They give freely to the poor;צtheir beneficence lasts forever; קtheir horn is exalted in honor.,Ninguno
Psalms,112,10,"רשע יראה&thinsp;<b></b> וכעס שניו יחרק ונמס תאות רשעים תאבד&nbsp;<span class=""mam-spi-pe"">{פ}</span><br>",ר The wicked shall see it and be vexed;שthey shall gnash their teeth; their courage shall fail.תThe desire of the wicked shall come to nothing.,Ninguno
Psalms,113,1,"הללו<span class=""mam-implicit-maqaf""></span>יה&thinsp;<b></b> הללו עבדי יהוה הללו אתשם יהוה","ש ת Hallelujah.O servants of GOD, give praise;praise the name of GOD.",Ninguno
Psalms,113,2,יהי שם יהוה מברך מעתה ועדעולם,Let GOD’s name be blessednow and forever.,Ninguno
Psalms,113,3,ממזרחשמש עדמבואו מהלל שם יהוה,From east to west GOD’s name is praised.,Ninguno
Psalms,113,4,רם עלכלגוים&thinsp;<small></small>&thinsp;יהוה על השמים כבודו,GOD is exalted above all nations;God’s glory is above the heavens.,Ninguno
Psalms,113,5,מי כיהוה אלהינו המגביהי לשבת,"Who is like the ETERNAL our God—the One who, enthroned on high,",Ninguno
Psalms,113,6,המשפילי לראות בשמים ובארץ,"sees what is below,in heaven and on earth?",Ninguno
Psalms,113,7,מקימי מעפר דל מאשפת ירים אביון,"[God] raises the poor from the dust,lifts up the needy from the refuse heap",Ninguno
Psalms,113,8,להושיבי עםנדיבים עם נדיבי עמו,"to set them with the nobles,with the nobles of God’s people,",Ninguno
Psalms,113,9,"מושיבי&thinsp;<b></b> עקרת הבית אםהבנים שמחה הללויה&nbsp;<span class=""mam-spi-pe"">{פ}</span><br>",and sets the childless woman among her householdas a happy mother of children.Hallelujah.,Ninguno
Psalms,114,1,בצאת ישראל ממצרים בית יעקב מעם לעז,"When Israel went forth from Egypt,the house of Jacob from a people of strange speech,",Ninguno
Psalms,114,2,היתה יהודה לקדשו ישראל ממשלותיו,"Judah became God’s holy one,aholy one Or “sanctuary.” Israel, God’s dominion.",Ninguno
Psalms,114,3,הים ראה וינס הירדן יסב לאחור,"The sea saw them and fled,Jordan ran backward,",Ninguno
Psalms,114,4,ההרים רקדו כאילים גבעות כבניצאן,"mountains skipped like rams,hills like sheep.",Ninguno
Psalms,114,5,מהלך הים כי תנוס הירדן תסב לאחור,"What alarmed you, O sea, that you fled,Jordan, that you ran backward,",Ninguno
Psalms,114,6,ההרים תרקדו כאילים גבעות כבניצאן,"mountains, that you skipped like rams,hills, like sheep?",Ninguno
Psalms,114,7,מלפני אדון חולי ארץ מלפני אלוה יעקב,"Tremble, O earth, at the presence of the Sovereign,at the presence of the God of Jacob,",Ninguno
Psalms,114,8,ההפכי הצור אגםמים חלמיש למעינומים,"who turned the rock into a pool of water,the flinty rock into a fountain.",Ninguno
Psalms,115,1,לא לנו יהוה לאלנו כילשמך תן כבוד עלחסדך עלאמתך,"Not to us, O ETERNAL One, not to usbut to Your name bring gloryfor the sake of Your love and Your faithfulness.",Ninguno
Psalms,115,2,למה יאמרו הגוים איהנא אלהיהם,"Let the nations not say,“Where, now, is their God?”",Ninguno
Psalms,115,3,ואלהינו בשמים כל אשרחפץ עשה,when our God is in heavenand whatever [God] wants is accomplished.,Ninguno
Psalms,115,4,עצביהם כסף וזהב מעשה ידי אדם,"aCf. Ps. 135.15–20. Their idols are silver and gold,the work of human hands.",Ninguno
Psalms,115,5,פהלהם ולא ידברו עינים להם ולא יראו,"They have mouths, but cannot speak,eyes, but cannot see;",Ninguno
Psalms,115,6,אזנים להם ולא ישמעו אף להם ולא יריחון,"they have ears, but cannot hear,noses, but cannot smell;",Ninguno
Psalms,115,7,ידיהם&thinsp;<b></b> ולא ימישון רגליהם ולא יהלכו לאיהגו בגרונם,"they have hands, but cannot touch,feet, but cannot walk;they can make no sound in their throats.",Ninguno
Psalms,115,8,כמוהם יהיו עשיהם כל אשרבטח בהם,"Those who fashion them,all who trust in them,shall become like them.",Ninguno
Psalms,115,9,ישראל בטח ביהוה עזרם ומגנם הוא,"O Israel, trust in GOD—who is yourbyour Heb. “their.” help and shield.",Ninguno
Psalms,115,10,בית אהרן בטחו ביהוה עזרם ומגנם הוא,"O house of Aaron, trust in GOD—who is yourcyour See note at v. 9. help and shield.",Ninguno
Psalms,115,11,יראי יהוה בטחו ביהוה עזרם ומגנם הוא,"O you who fear GOD, trust in GOD—who is yourdyour See note at v. 9. help and shield.",Ninguno
Psalms,115,12,יהוה זכרנו יברך יברך אתבית ישראל יברך אתבית אהרן,"GOD, mindful of us, will bless us— blessing the house of Israel,blessing the house of Aaron,",Ninguno
Psalms,115,13,יברך יראי יהוה הקטנים עםהגדלים,"and blessing those who revere GOD,small and great alike.",Ninguno
Psalms,115,14,יסף יהוה עליכם עליכם ועלבניכם,"May GOD increase your numbers,yours and your children’s also.",Ninguno
Psalms,115,15,ברוכים אתם ליהוה עשה שמים וארץ,"May you be blessed by GOD,Maker of heaven and earth.",Ninguno
Psalms,115,16,השמים שמים ליהוה והארץ נתן לבניאדם,"The heavens belong to GOD,but the earth was given over to humankind.",Ninguno
Psalms,115,17,לא המתים יהללויה ולא כלירדי דומה,"The dead cannot praise Yah,eYah See note at 68.5. nor any who go down into silence.",Ninguno
Psalms,115,18,"ואנחנו&thinsp;<b></b> נברך יה מעתה ועדעולם הללויה&nbsp;<span class=""mam-spi-pe"">{פ}</span><br>",But we will bless Yahnow and forever.Hallelujah.,Ninguno
Psalms,116,1,אהבתי כיישמע&thinsp;<small></small>&thinsp;יהוה אתקולי תחנוני,"I love the ETERNAL One for hearing my voice, my pleas;aI love the ETERNAL ONE / for hearing my voice, my pleas Heb. transposed for clarity; in contrast to others “I would love that the LORD hear,” etc. ",Ninguno
Psalms,116,2,כיהטה אזנו לי ובימי אקרא,for turning an ear to mewhenever I call.,Ninguno
Psalms,116,3,אפפוני&thinsp;<b></b> חבלימות ומצרי שאול מצאוני צרה ויגון אמצא,The bonds of death encompassed me;the torments of Sheol overtook me.I came upon trouble and sorrow,Ninguno
Psalms,116,4,ובשםיהוה אקרא אנה יהוה מלטה נפשי,"and I invoked GOD’s name,“O ETERNAL One, save my life!”",Ninguno
Psalms,116,5,חנון יהוה וצדיק ואלהינו מרחם,GOD is gracious and beneficent;our God is compassionate.,Ninguno
Psalms,116,6,שמר פתאים יהוה דלתי ולי יהושיע,"GOD protects the simple;I was saved, after having been brought low.",Ninguno
Psalms,116,7,שובי נפשי למנוחיכי כייהוה גמל עליכי,"Be at rest, once again, O my soul,for GOD has been good to you.",Ninguno
Psalms,116,8,כי חלצת נפשי ממות אתעיני מןדמעה אתרגלי מדחי,"YoubYou I.e., God. have delivered me from death,my eyes from tears,my feet from stumbling.",Ninguno
Psalms,116,9,אתהלך לפני יהוה בארצות החיים,I shall walk before GOD in the lands of the living.,Ninguno
Psalms,116,10,האמנתי כי אדבר אני עניתי מאד,I trust [in GOD];out of great suffering I spokecI trust … I spoke Meaning of Heb. uncertain. ,Ninguno
Psalms,116,11,אני אמרתי בחפזי כלהאדם כזב,"and said rashly,“All people are false.”",Ninguno
Psalms,116,12,מהאשיב ליהוה כלתגמולוהי עלי,How can I repay GOD for all the bounties given to me?,Ninguno
Psalms,116,13,כוסישועות אשא ובשם יהוה אקרא,I raise the cup of deliveranceand invoke GOD’s name.,Ninguno
Psalms,116,14,נדרי ליהוה אשלם נגדהנא לכלעמו,I will pay my vows to GOD in the presence of all those assembled.,Ninguno
Psalms,116,15,יקר בעיני יהוה המותה לחסידיו,The death of God’s faithful onesis grievous in GOD’s sight.,Ninguno
Psalms,116,16,אנה יהוה כיאני עבדך אניעבדך בןאמתך פתחת למוסרי,"O ETERNAL One,I am Your servant,Your servant, the child of Your maidservant;You have undone the cords that bound me.",Ninguno
Psalms,116,17,לךאזבח זבח תודה ובשם יהוה אקרא,I will sacrifice a thank offering to Youand invoke GOD’s name.,Ninguno
Psalms,116,18,נדרי ליהוה אשלם נגדהנא לכלעמו,"I will pay my vows to GOD in the presence of all those assembled,",Ninguno
Psalms,116,19,"בחצרות&thinsp;<b></b> בית יהוה בתוככי ירושל͏ם הללויה&nbsp;<span class=""mam-spi-pe"">{פ}</span><br>","in the courts of GOD’s house,in the midst ofdof In contrast to others “of you.” Jerusalem.Hallelujah.",Ninguno
Psalms,117,1,הללו אתיהוה כלגוים שבחוהו כלהאמים,"Praise GOD, all you nations;extol [God], all you peoples,",Ninguno
Psalms,117,2,"כי<span class=""mam-implicit-maqaf""></span>גבר עלינו&thinsp;<b></b> חסדו ואמתיהוה לעולם הללויה&nbsp;<span class=""mam-spi-pe"">{פ}</span><br>",for great is this steadfast love toward us; GOD’s faithfulness endures forever.Hallelujah.,Ninguno
Psalms,118,1,הודו ליהוה כיטוב כי לעולם חסדו,"Praise GOD, who is good—whose steadfast love is eternal.",Ninguno
Psalms,118,2,יאמרנא ישראל כי לעולם חסדו,"Let Israel declare,“God’s steadfast love is eternal.”",Ninguno
Psalms,118,3,יאמרונא ביתאהרן כי לעולם חסדו,"Let the house of Aaron declare,“God’s steadfast love is eternal.”",Ninguno
Psalms,118,4,יאמרונא יראי יהוה כי לעולם חסדו,"Let those who fear GOD declare,“God’s steadfast love is eternal.”",Ninguno
Psalms,118,5,מןהמצר קראתי יה ענני במרחב יה,In distress I called on Yah;aYah See note at 68.5. Yah answered me and brought me relief.,Ninguno
Psalms,118,6,יהוה לי לא אירא מהיעשה לי אדם,"GOD is on my side,I have no fear;what can mortals do to me?",Ninguno
Psalms,118,7,יהוה לי בעזרי ואני אראה בשנאי,"With GOD on my side as my helper,I will see the downfall of my foes.",Ninguno
Psalms,118,8,טוב לחסות ביהוה מבטח באדם,It is better to take refuge in GOD than to trust in mortals;,Ninguno
Psalms,118,9,טוב לחסות ביהוה מבטח בנדיבים,it is better to take refuge in GOD than to trust in the great.,Ninguno
Psalms,118,10,כלגוים סבבוני בשם יהוה כי אמילם,All nations have beset me;by GOD’s name I will surely cut them down.bcut them down Meaning of ʼamilam in this and the following two verses uncertain. ,Ninguno
Psalms,118,11,סבוני גםסבבוני בשם יהוה כי אמילם,"They beset me, they surround me;by GOD’s name I will surely cut them down.",Ninguno
Psalms,118,12,סבוני כדבורים דעכו כאש קוצים בשם יהוה כי אמילם,They have beset me like bees;they shall be extinguished like burning thorns;by GOD’s name I will surely cut them down.,Ninguno
Psalms,118,13,דחה דחיתני לנפל ויהוה עזרני,"YoucYou I.e., the enemy. pressed me hard,I nearly fell;but GOD helped me.",Ninguno
Psalms,118,14,עזי וזמרת יה ויהילי לישועה,"Yah is my strength and might,and has become my deliverance.",Ninguno
Psalms,118,15,קול&thinsp;<b></b> רנה וישועה באהלי צדיקים ימין יהוה עשה חיל,"The tents of the victoriousdvictorious Or “righteous.” resound with joyous shouts of deliverance,“GOD’s right hand is triumphant!",Control/Derecha (Yamin)
Psalms,118,16,ימין יהוה רוממה ימין יהוה עשה חיל,GOD’s right hand is exalted! GOD’s right hand is triumphant!”,Control/Derecha (Yamin)
Psalms,118,17,לאאמות כיאחיה ואספר מעשי יה,I shall not die but liveand proclaim the works of Yah.,Ninguno
Psalms,118,18,יסר יסרני יה ולמות לא נתנני,"Yah punished me severely,but did not hand me over to death.",Ninguno
Psalms,118,19,פתחולי שעריצדק אבאבם אודה יה,Open the gates of victoryevictory Or “righteousness.” for methat I may enter them and praise Yah.,Ninguno
Psalms,118,20,זההשער ליהוה צדיקים יבאו בו,This is the gateway to GOD—the victoriousfvictorious Or “righteous.” shall enter through it.,Ninguno
Psalms,118,21,אודך כי עניתני ותהילי לישועה,"I praise You, for You have answered me,and have become my deliverance.",Ninguno
Psalms,118,22,אבן מאסו הבונים היתה לראש פנה,The stone that the builders rejectedhas become the chief cornerstone.,Ninguno
Psalms,118,23,מאת יהוה היתה זאת היא נפלאת בעינינו,This is GOD’s doing;it is marvelous in our sight.,Ninguno
Psalms,118,24,זההיום עשה יהוה נגילה ונשמחה בו,This is the day that GOD has made—let us exult and rejoice on it.,Ninguno
Psalms,118,25,אנא יהוה הושיעה נא אנא יהוה הצליחה נא,"O ETERNAL One, deliver us!O ETERNAL One, let us prosper!",Ninguno
Psalms,118,26,ברוך הבא בשם יהוה ברכנוכם מבית יהוה,May everyone who enters be blessed in the name of GOD;we bless you from the House of GOD.,Ninguno
Psalms,118,27,אל&thinsp;<b></b> יהוה ויאר לנו אסרוחג בעבתים עדקרנות המזבח,"The ETERNAL is God,who has given us light;bind the festal offering to the horns of the altar with cords.gbind … with cords Meaning of Heb. uncertain. ",Ninguno
Psalms,118,28,אלי אתה ואודך אלהי ארוממך,You are my God and I will praise You;You are my God and I will extol You.,Ninguno
Psalms,118,29,"הודו ליהוה כיטוב כי לעולם חסדו&nbsp;<span class=""mam-spi-pe"">{פ}</span><br>","Praise GOD, who is good—whose steadfast love is eternal.",Ninguno
Psalms,119,1,אשרי תמימידרך ההלכים בתורת יהוה,"א Happy are those whose way is blameless,who follow GOD’s teaching.",Ninguno
Psalms,119,2,אשרי נצרי עדתיו בכללב ידרשוהו,"Happy are those who observe God’s decrees,who turn to the divine wholeheartedly.",Ninguno
Psalms,119,3,אף לאפעלו עולה בדרכיו הלכו,"They have done no wrong,but have followed God’s ways.",Ninguno
Psalms,119,4,אתה צויתה פקדיך לשמר מאד,You have commanded that Your preceptsbe kept diligently.,Ninguno
Psalms,119,5,אחלי יכנו דרכי לשמר חקיך,Would that my ways were firmin keeping Your laws;,Ninguno
Psalms,119,6,אז לאאבוש בהביטי אלכלמצותיך,then I would not be ashamedwhen I regard all Your commandments.,Ninguno
Psalms,119,7,אודך בישר לבב בלמדי משפטי צדקך,I will praise You with a sincere heartas I learn Your just rules.,Ninguno
Psalms,119,8,"אתחקיך אשמר אלתעזבני עדמאד&nbsp;<span class=""mam-spi-pe"">{פ}</span><br>",I will keep Your laws;do not utterly forsake me.,Ninguno
Psalms,119,9,במה יזכהנער אתארחו לשמר כדברך,ב How can youths keep their way pure?—by holding to Your word.,Ninguno
Psalms,119,10,בכללבי דרשתיך אלתשגני ממצותיך,I have turned to You with all my heart;do not let me stray from Your commandments.,Ninguno
Psalms,119,11,בלבי צפנתי אמרתך למען לא אחטאלך,In my heart I treasure Your promise;therefore I do not sin against You.,Ninguno
Psalms,119,12,ברוך אתה יהוה למדני חקיך,"Blessed are You, O ETERNAL One;train me in Your laws.",Ninguno
Psalms,119,13,בשפתי ספרתי כל משפטיפיך,With my lips I rehearseall the rules You proclaimed.,Ninguno
Psalms,119,14,בדרך עדותיך ששתי כעל כלהון,I rejoice over the way of Your decreesas over all riches.,Ninguno
Psalms,119,15,בפקודיך אשיחה ואביטה ארחתיך,I study Your precepts;I regard Your ways;,Ninguno
Psalms,119,16,"בחקתיך אשתעשע לא אשכח דברך&nbsp;<span class=""mam-spi-pe"">{פ}</span><br>",I take delight in Your laws;I will not neglect Your word.,Ninguno
Psalms,119,17,גמל עלעבדך אחיה ואשמרה דברך,"ג Deal kindly with Your servant,that I may live to keep Your word.",Ninguno
Psalms,119,18,גלעיני ואביטה נפלאות מתורתך,"Open my eyes, that I may perceivethe wonders of Your teaching.",Ninguno
Psalms,119,19,גר אנכי בארץ אלתסתר ממני מצותיך,I am only a sojourner in the land;do not hide Your commandments from me.,Ninguno
Psalms,119,20,גרסה נפשי לתאבה אלמשפטיך בכלעת,My soul is consumed with longingfor Your rules at all times.,Ninguno
Psalms,119,21,גערת זדים ארורים השגים ממצותיך,You blast the accursed insolent oneswho stray from Your commandments.,Ninguno
Psalms,119,22,גל מעלי חרפה ובוז כי עדתיך נצרתי,"Take away from me taunt and abuse,because I observe Your decrees.",Ninguno
Psalms,119,23,גם ישבו שרים בי נדברו עבדך ישיח בחקיך,"Though princes meet and speak against me,Your servant studies Your laws.",Ninguno
Psalms,119,24,"גםעדתיך שעשעי אנשי עצתי&nbsp;<span class=""mam-spi-pe"">{פ}</span><br>","For Your decrees are my delight,my intimate companions.",Ninguno
Psalms,119,25,דבקה לעפר נפשי חיני כדברך,ד My soul clings to the dust;revive me in accordance with Your word.,Ninguno
Psalms,119,26,דרכי ספרתי ותענני למדני חקיך,"I have declared my way, and You have answered me;train me in Your laws.",Ninguno
Psalms,119,27,דרךפקודיך הבינני ואשיחה בנפלאותיך,"Make me understand the way of Your precepts,that I may study Your wondrous acts.",Ninguno
Psalms,119,28,דלפה נפשי מתוגה קימני כדברך,I am racked with grief;sustain me in accordance with Your word.,Ninguno
Psalms,119,29,דרךשקר הסר ממני ותורתך חנני,Remove all false ways from me;favor me with Your teaching.,Ninguno
Psalms,119,30,דרךאמונה בחרתי משפטיך שויתי,I have chosen the way of faithfulness;I have set Your rules before me.,Ninguno
Psalms,119,31,דבקתי בעדותיך יהוה אלתבישני,"I cling to Your decrees;O ETERNAL One, do not put me to shame.",Ninguno
Psalms,119,32,"דרךמצותיך ארוץ כי תרחיב לבי&nbsp;<span class=""mam-spi-pe"">{פ}</span><br>","I eagerly pursue Your commandments,for You broaden my understanding.",Ninguno
Psalms,119,33,הורני יהוה דרך חקיך ואצרנה עקב,"ה Teach me, O ETERNAL One, the way of Your laws;I will observe them to the utmost.ato the utmost Meaning of Heb. uncertain. ",Ninguno
Psalms,119,34,הבינני ואצרה תורתך ואשמרנה בכללב,"Give me understanding, that I may observe Your teachingand keep it wholeheartedly.",Ninguno
Psalms,119,35,הדריכני בנתיב מצותיך כיבו חפצתי,"Lead me in the path of Your commandments,for that is my concern.",Ninguno
Psalms,119,36,הטלבי אלעדותיך ואל אלבצע,Turn my heart to Your decreesand not to love of gain.,Ninguno
Psalms,119,37,העבר עיני מראות שוא בדרכך חיני,Avert my eyes from seeing falsehood;by Your ways preserve me.,Ninguno
Psalms,119,38,הקם לעבדך אמרתך אשר ליראתך,"Fulfill Your promise to Your servant,which is for those who worship You.",Ninguno
Psalms,119,39,העבר חרפתי אשר יגרתי כי משפטיך טובים,"Remove the taunt that I dread,for Your rules are good.",Ninguno
Psalms,119,40,"הנה תאבתי לפקדיך בצדקתך חיני&nbsp;<span class=""mam-spi-pe"">{פ}</span><br>","See, I have longed for Your precepts;by Your righteousness preserve me.",Ninguno
Psalms,119,41,ויבאני חסדך יהוה תשועתך כאמרתך,"ו May Your steadfast love reach me, O ETERNAL One,Your deliverance, as You have promised.",Ninguno
Psalms,119,42,ואענה חרפי דבר כיבטחתי בדברך,"I shall have an answer for those who taunt me,for I have put my trust in Your word.",Ninguno
Psalms,119,43,ואלתצל מפי דבראמת עדמאד כי למשפטך יחלתי,"Do not utterly take the truth away from my mouth,for I have put my hope in Your rules.",Ninguno
Psalms,119,44,ואשמרה תורתך תמיד לעולם ועד,"I will always obey Your teaching,forever and ever.",Ninguno
Psalms,119,45,ואתהלכה ברחבה כי פקדיך דרשתי,"I will walk about at ease,for I have turned to Your precepts.",Ninguno
Psalms,119,46,ואדברה בעדתיך נגד מלכים ולא אבוש,"I will speak of Your decrees,and not be ashamed in the presence of kings.",Ninguno
Psalms,119,47,ואשתעשע במצותיך אשר אהבתי,"I will delight in Your commandments,which I love.",Ninguno
Psalms,119,48,"ואשאכפי אלמצותיך אשר אהבתי ואשיחה בחקיך&nbsp;<span class=""mam-spi-pe"">{פ}</span><br>","I reach out for Your commandments, which I love;I study Your laws.",Ninguno
Psalms,119,49,זכרדבר לעבדך על אשר יחלתני,ז Remember Your word to Your servantthrough which You have given me hope.,Ninguno
Psalms,119,50,זאת נחמתי בעניי כי אמרתך חיתני,"This is my comfort in my affliction,that Your promise has preserved me.",Ninguno
Psalms,119,51,זדים הליצני עדמאד מתורתך לא נטיתי,"Though the arrogant have cruelly mocked me,I have not swerved from Your teaching.",Ninguno
Psalms,119,52,זכרתי משפטיך מעולם&thinsp;<small></small>&thinsp;יהוה ואתנחם,"I remember Your rules of old, O ETERNAL One,and find comfort in them.",Ninguno
Psalms,119,53,זלעפה אחזתני מרשעים עזבי תורתך,I am seized with ragebecause of the wicked who forsake Your teaching.,Ninguno
Psalms,119,54,זמרות היולי חקיך בבית מגורי,Your laws are a source of strength to meba source of strength to me Or “songs for me.” wherever I may dwell.,Ninguno
Psalms,119,55,זכרתי בלילה שמך יהוה ואשמרה תורתך,"I remember Your name at night, O ETERNAL One,and obey Your teaching.",Ninguno
Psalms,119,56,"זאת היתהלי כי פקדיך נצרתי&nbsp;<span class=""mam-spi-pe"">{פ}</span><br>","This has been my lot,for I have observed Your precepts.",Ninguno
Psalms,119,57,חלקי יהוה אמרתי לשמר דבריך,ח GOD is my portion;I have resolved to keep Your words.,Ninguno
Psalms,119,58,חליתי פניך בכללב חנני כאמרתך,"I have implored You with all my heart;have mercy on me, in accordance with Your promise.",Ninguno
Psalms,119,59,חשבתי דרכי ואשיבה רגלי אלעדתיך,"I have considered my ways,and have turned back to Your decrees.",Ninguno
Psalms,119,60,חשתי ולא התמהמהתי לשמר מצותיך,I have hurried and not delayedto keep Your commandments.,Ninguno
Psalms,119,61,חבלי רשעים עודני תורתך לא שכחתי,"Though the bonds of the wicked are coiled round me,I have not neglected Your teaching.",Ninguno
Psalms,119,62,חצותלילה אקום להודות לך על משפטי צדקך,I arise at midnight to praise Youfor Your just rules.,Ninguno
Psalms,119,63,חבר אני לכלאשר יראוך ולשמרי פקודיך,"I am a companion to all who fear You,to those who keep Your precepts.",Ninguno
Psalms,119,64,"חסדך יהוה מלאה הארץ חקיך למדני&nbsp;<span class=""mam-spi-pe"">{פ}</span><br>","Your steadfast love, O ETERNAL One, fills the earth;teach me Your laws.",Ninguno
Psalms,119,65,טוב עשית עםעבדך יהוה כדברך,"ט You have treated Your servant well,according to Your word, O ETERNAL One.",Ninguno
Psalms,119,66,טוב טעם ודעת למדני כי במצותיך האמנתי,"Teach me good sense and knowledge,for I have put my trust in Your commandments.",Ninguno
Psalms,119,67,טרם אענה אני שגג ועתה אמרתך שמרתי,"Before I was humbled I went astray,but now I keep Your word.",Ninguno
Psalms,119,68,טובאתה ומטיב למדני חקיך,You are good and beneficent;teach me Your laws.,Ninguno
Psalms,119,69,טפלו עלי שקר זדים אני בכללב&thinsp;<b></b> אצר פקודיך,"Though the arrogant have accused me falsely,I observe Your precepts wholeheartedly.",Ninguno
Psalms,119,70,טפש כחלב לבם אני תורתך שעשעתי,"Their minds are thick like fat;as for me, Your teaching is my delight.",Ninguno
Psalms,119,71,טובלי כיעניתי למען אלמד חקיך,"It was good for me that I was humbled,so that I might learn Your laws.",Ninguno
Psalms,119,72,"טובלי תורתפיך מאלפי זהב וכסף&nbsp;<span class=""mam-spi-pe"">{פ}</span><br>",I prefer the teaching You proclaimedto thousands of gold and silver pieces.,Ninguno
Psalms,119,73,ידיך עשוני ויכוננוני הבינני ואלמדה מצותיך,י Your hands made me and fashioned me;give me understanding that I may learn Your commandments.,Ninguno
Psalms,119,74,יראיך יראוני וישמחו כי לדברך יחלתי,"Those who fear You will see me and rejoice,for I have put my hope in Your word.",Ninguno
Psalms,119,75,ידעתי יהוה כיצדק משפטיך ואמונה עניתני,"I know, O ETERNAL One, that Your rulings are just;rightly have You humbled me.",Percepción (Yada)
Psalms,119,76,יהינא חסדך לנחמני כאמרתך לעבדך,May Your steadfast love comfort mein accordance with Your promise to Your servant.,Ninguno
Psalms,119,77,יבאוני רחמיך ואחיה כיתורתך שעשעי,"May Your mercy reach me, that I might live,for Your teaching is my delight.",Ninguno
Psalms,119,78,יבשו זדים כישקר עותוני אני אשיח בפקודיך,"Let the insolent be dismayed, for they have wronged me without cause;I will study Your precepts.",Ninguno
Psalms,119,79,"ישובו לי יראיך <span class=""mam-kq""><span class=""mam-kq-k"">(וידעו)</span> <span class=""mam-kq-q"">[וידעי]</span></span> עדתיך","May those who fear You,those who know Your decrees,turn again to me.",Percepción (Yada)
Psalms,119,80,"יהילבי תמים בחקיך למען לא אבוש&nbsp;<span class=""mam-spi-pe"">{פ}</span><br>",May I wholeheartedly follow Your lawsso that I do not come to grief.,Ninguno
Psalms,119,81,כלתה לתשועתך נפשי לדברך יחלתי,כ I long for Your deliverance;I hope for Your word.,Ninguno
Psalms,119,82,כלו עיני לאמרתך לאמר מתי תנחמני,"My eyes pine away for Your promise;I say, “When will You comfort me?”",Ninguno
Psalms,119,83,כיהייתי כנאד בקיטור חקיך לא שכחתי,"Though I have become like a water-skin dried in smoke,I have not neglected Your laws.",Ninguno
Psalms,119,84,כמה ימיעבדך מתי תעשה ברדפי משפט,How long has Your servant to live?when will You bring my persecutors to judgment?,Ninguno
Psalms,119,85,כרולי זדים שיחות אשר לא כתורתך,"The insolent have dug pits for me,flouting Your teaching.",Ninguno
Psalms,119,86,כלמצותיך אמונה שקר רדפוני עזרני,All Your commandments are enduring;I am persecuted without cause; help me!,Ninguno
Psalms,119,87,כמעט כלוני בארץ ואני לאעזבתי פקדיך,"Though they almost wiped me off the earth,I did not abandon Your precepts.",Ninguno
Psalms,119,88,"כחסדך חיני ואשמרה עדות פיך&nbsp;<span class=""mam-spi-pe"">{פ}</span><br>","As befits Your steadfast love, preserve me,so that I may keep the decree You proclaimed.",Ninguno
Psalms,119,89,לעולם יהוה דברך נצב בשמים,ל GOD exists forever;Your word stands firm in heaven.,Ninguno
Psalms,119,90,לדר ודר אמונתך כוננת ארץ ותעמד,"Your faithfulness is for all generations;You have established the earth, and it stands.",Ninguno
Psalms,119,91,למשפטיך עמדו היום כי הכל עבדיך,"They stand this day to [carry out] Your rulings,for all are Your servants.",Ninguno
Psalms,119,92,לולי תורתך שעשעי אז אבדתי בעניי,Were not Your teaching my delightI would have perished in my affliction.,Ninguno
Psalms,119,93,לעולם לאאשכח פקודיך כי בם חייתני,"I will never neglect Your precepts,for You have preserved my life through them.",Ninguno
Psalms,119,94,לךאני הושיעני כי פקודיך דרשתי,I am Yours; save me!For I have turned to Your precepts.,Ninguno
Psalms,119,95,לי קוו רשעים לאבדני עדתיך אתבונן,"The wicked hope to destroy me,but I ponder Your decrees.",Ninguno
Psalms,119,96,"לכלתכלה ראיתי קץ רחבה מצותך מאד&nbsp;<span class=""mam-spi-pe"">{פ}</span><br>","I have seen that all things have their limit,but Your commandment is broad beyond measure.",Ninguno
Psalms,119,97,מהאהבתי תורתך כלהיום היא שיחתי,מ O how I love Your teaching!It is my study all day long.,Ninguno
Psalms,119,98,מאיבי תחכמני מצותך כי לעולם היאלי,Your commandments make me wiser than my enemies;they always stand by me.,Ninguno
Psalms,119,99,מכלמלמדי השכלתי כי עדותיך שיחה לי,"I have gained more insight than all my teachers,for Your decrees are my study.",Ninguno
Psalms,119,100,מזקנים אתבונן כי פקודיך נצרתי,"I have gained more understanding than my elders,for I observe Your precepts.",Ninguno
Psalms,119,101,מכלארח רע כלאתי רגלי למען אשמר דברך,I have avoided every evil wayso that I may keep Your word.,Ninguno
Psalms,119,102,ממשפטיך לאסרתי כיאתה הורתני,"I have not departed from Your rules,for You have instructed me.",Ninguno
Psalms,119,103,מהנמלצו לחכי אמרתך מדבש לפי,"How pleasing is Your word to my palate,sweeter than honey.",Ninguno
Psalms,119,104,"מפקודיך אתבונן עלכן שנאתי&thinsp;<b></b> כלארח שקר&nbsp;<span class=""mam-spi-pe"">{פ}</span><br>",I ponder Your precepts;therefore I hate every false way.,Ninguno
Psalms,119,105,נרלרגלי דברך ואור לנתיבתי,"נ Your word is a lamp to my feet,a light for my path.",Ninguno
Psalms,119,106,נשבעתי ואקימה לשמר משפטי צדקך,I have firmly swornto keep Your just rules.,Ninguno
Psalms,119,107,נעניתי עדמאד יהוה חיני כדברך,"I am very much afflicted;O ETERNAL One, preserve me in accordance with Your word.",Ninguno
Psalms,119,108,נדבות פי רצהנא יהוה ומשפטיך למדני,"Accept, O ETERNAL One, my freewill offerings;teach me Your rules.",Ninguno
Psalms,119,109,נפשי בכפי תמיד ותורתך לא שכחתי,"Though my life is always in danger,I do not neglect Your teaching.",Ninguno
Psalms,119,110,נתנו רשעים פח לי ומפקודיך לא תעיתי,"Though the wicked have set a trap for me,I have not strayed from Your precepts.",Ninguno
Psalms,119,111,נחלתי עדותיך לעולם כיששון לבי המה,Your decrees are my eternal heritage;they are my heart’s delight.,Ninguno
Psalms,119,112,"נטיתי לבי לעשות חקיך לעולם עקב&nbsp;<span class=""mam-spi-pe"">{פ}</span><br>",I am resolved to follow Your lawsto the utmostcto the utmost Meaning of Heb. uncertain. forever.,Ninguno
Psalms,119,113,סעפים שנאתי ותורתך אהבתי,"ס I hate the double-minded,but I love Your teaching.",Ninguno
Psalms,119,114,סתרי ומגני אתה לדברך יחלתי,You are my protection and my shield;I hope for Your word.,Ninguno
Psalms,119,115,סורוממני מרעים ואצרה מצות אלהי,"Keep away from me, you evildoers,that I may observe the commandments of my God.",Ninguno
Psalms,119,116,סמכני כאמרתך ואחיה ואלתבישני משברי,"Support me as You promised, so that I may live;do not thwart my expectation.",Ninguno
Psalms,119,117,סעדני ואושעה ואשעה בחקיך תמיד,"Sustain me that I may be saved,and I will always muse upon Your laws.",Ninguno
Psalms,119,118,סלית כלשוגים מחקיך כישקר תרמיתם,"You reject all who stray from Your laws,for they are false and deceitful.",Ninguno
Psalms,119,119,סגים השבת כלרשעיארץ לכן אהבתי עדתיך,You do away with the wicked as if they were dross;rightly do I love Your decrees.,Ninguno
Psalms,119,120,"סמר מפחדך בשרי וממשפטיך יראתי&nbsp;<span class=""mam-spi-pe"">{פ}</span><br>",My flesh creeps from fear of You;I am in awe of Your rulings.,Ninguno
Psalms,119,121,עשיתי משפט וצדק בלתניחני לעשקי,ע I have done what is just and right;do not abandon me to those who would wrong me.,Ninguno
Psalms,119,122,ערב עבדך לטוב אליעשקני זדים,Guarantee Your servant’s well-being;do not let the arrogant wrong me.,Ninguno
Psalms,119,123,עיני כלו לישועתך ולאמרת צדקך,"My eyes pine away for Your deliverance,for Your promise of victory.",Ninguno
Psalms,119,124,עשה עםעבדך כחסדך וחקיך למדני,Deal with Your servant as befits Your steadfast love;teach me Your laws.,Ninguno
Psalms,119,125,עבדךאני הבינני ואדעה עדתיך,"I am Your servant;give me understanding,that I might know Your decrees.",Ninguno
Psalms,119,126,עת לעשות ליהוה הפרו תורתך,"It is a time to act for GOD,for they have violated Your teaching.",Ninguno
Psalms,119,127,עלכן אהבתי מצותיך מזהב ומפז,"Rightly do I love Your commandmentsmore than gold, even fine gold.",Ninguno
Psalms,119,128,"עלכן&thinsp;<b></b> כלפקודי כל ישרתי כלארח שקר שנאתי&nbsp;<span class=""mam-spi-pe"">{פ}</span><br>",Truly by all [Your] precepts I walk straight;dby all [Your] precepts I walk straight Or “I declare all [Your] precepts to be just.” I hate every false way.,Ninguno
Psalms,119,129,פלאות עדותיך עלכן נצרתם נפשי,פ Your decrees are wondrous;rightly do I observe them.,Ninguno
Psalms,119,130,פתח דבריך יאיר מבין פתיים,"The words You inscribed giveeThe words You inscribed give With Targum; or “The exposition of Your words gives”; meaning of Heb. uncertain. light,and grant understanding to the simple.",Separación (Beyn)
Psalms,119,131,פיפערתי ואשאפה כי למצותיך יאבתי,"I open my mouth wide, I pant,longing for Your commandments.",Ninguno
Psalms,119,132,פנהאלי וחנני כמשפט לאהבי שמך,"Turn to me and be gracious to me,as is Your rule with those who love Your name.",Ninguno
Psalms,119,133,פעמי הכן באמרתך ואלתשלטבי כלאון,Make my feet firm through Your promise;do not let iniquity dominate me.,Ninguno
Psalms,119,134,פדני מעשק אדם ואשמרה פקודיך,"Redeem me from being wronged by others,that I may keep Your precepts.",Ninguno
Psalms,119,135,פניך האר בעבדך ולמדני אתחקיך,"Show favor to Your servant,and teach me Your laws.",Ninguno
Psalms,119,136,"פלגימים ירדו עיני על לאשמרו תורתך&nbsp;<span class=""mam-spi-pe"">{פ}</span><br>",My eyes shed streams of waterbecause others do not obey Your teaching.,Ninguno
Psalms,119,137,צדיק אתה יהוה וישר משפטיך,"צ You are righteous, O ETERNAL One;Your rulings are just.",Ninguno
Psalms,119,138,צוית צדק עדתיך ואמונה מאד,You have ordained righteous decrees;they are firmly enduring.,Ninguno
Psalms,119,139,צמתתני קנאתי כישכחו דבריך צרי,I am consumed with rageover my foes’ neglect of Your words.,Ninguno
Psalms,119,140,צרופה אמרתך מאד ועבדך אהבה,"Your word is exceedingly pure,and Your servant loves it.",Ninguno
Psalms,119,141,צעיר אנכי ונבזה פקדיך לא שכחתי,"Though I am belittled and despised,I have not neglected Your precepts.",Ninguno
Psalms,119,142,צדקתך צדק לעולם ותורתך אמת,Your righteousness is eternal;Your teaching is true.,Ninguno
Psalms,119,143,צרומצוק מצאוני מצותיך שעשעי,"Though anguish and distress come upon me,Your commandments are my delight.",Ninguno
Psalms,119,144,"צדק עדותיך לעולם הבינני ואחיה&nbsp;<span class=""mam-spi-pe"">{פ}</span><br>","Your righteous decrees are eternal;give me understanding, that I might live.",Ninguno
Psalms,119,145,קראתי בכללב ענני יהוה חקיך אצרה,"ק I call with all my heart;answer me, O ETERNAL One,that I may observe Your laws.",Ninguno
Psalms,119,146,קראתיך הושיעני ואשמרה עדתיך,"I call upon You; save me,that I may keep Your decrees.",Ninguno
Psalms,119,147,"קדמתי בנשף ואשועה <span class=""mam-kq""><span class=""mam-kq-k"">(לדבריך)</span> <span class=""mam-kq-q"">[לדברך]</span></span> יחלתי",I rise before dawn and cry for help;I hope for Your word.,Ninguno
Psalms,119,148,קדמו עיני אשמרות לשיח באמרתך,"My eyes greet each watch of the night,as I meditate on Your promise.",Ninguno
Psalms,119,149,קולי שמעה כחסדך יהוה כמשפטך חיני,"Hear my voice as befits Your steadfast love;O ETERNAL One, preserve me, as is Your rule.",Ninguno
Psalms,119,150,קרבו רדפי זמה מתורתך רחקו,Those who pursue intrigue draw near;they are far from Your teaching.,Ninguno
Psalms,119,151,קרוב אתה יהוה וכלמצותיך אמת,"You, O ETERNAL One, are near,and all Your commandments are true.",Ninguno
Psalms,119,152,"קדם ידעתי מעדתיך כי לעולם יסדתם&nbsp;<span class=""mam-spi-pe"">{פ}</span><br>",I know from Your decrees of oldthat You have established them forever.,Percepción (Yada)
Psalms,119,153,ראהעניי וחלצני כיתורתך לא שכחתי,"ר See my affliction and rescue me,for I have not neglected Your teaching.",Ninguno
Psalms,119,154,ריבה ריבי וגאלני לאמרתך חיני,Champion my cause and redeem me;preserve me according to Your promise.,Ninguno
Psalms,119,155,רחוק מרשעים ישועה כיחקיך לא דרשו,"Deliverance is far from the wicked,for they have not turned to Your laws.",Ninguno
Psalms,119,156,רחמיך רבים&thinsp;<small></small>&thinsp;יהוה כמשפטיך חיני,"Your mercies are great, O ETERNAL One;as is Your rule, preserve me.",Ninguno
Psalms,119,157,רבים רדפי וצרי מעדותיך לא נטיתי,Many are my persecutors and foes;I have not swerved from Your decrees.,Ninguno
Psalms,119,158,ראיתי בגדים ואתקוטטה אשר אמרתך לא שמרו,"I have seen traitors and loathedfloathed Or “have contended with.” them,because they did not keep Your word in mind.",Ninguno
Psalms,119,159,ראה כיפקודיך אהבתי יהוה כחסדך חיני,"See that I have loved Your precepts;O ETERNAL One, preserve me, as befits Your steadfast love.",Ninguno
Psalms,119,160,"ראשדברך אמת ולעולם כלמשפט צדקך&nbsp;<span class=""mam-spi-pe"">{פ}</span><br>",Truth is the essence of Your word;Your just rules are eternal.,Ninguno
Psalms,119,161,"שרים רדפוני חנם <span class=""mam-kq""><span class=""mam-kq-k"">(ומדבריך)</span> <span class=""mam-kq-q"">[ומדברך]</span></span> פחד לבי",ש Princes have persecuted me without reason;my heart thrills at Your word.,Ninguno
Psalms,119,162,שש אנכי עלאמרתך כמוצא שלל רב,I rejoice over Your promiseas one who obtains great spoil.,Ninguno
Psalms,119,163,שקר שנאתי ואתעבה תורתך אהבתי,I hate and abhor falsehood;I love Your teaching.,Ninguno
Psalms,119,164,שבע ביום הללתיך על משפטי צדקך,I praise You seven times each dayfor Your just rules.,Ninguno
Psalms,119,165,שלום רב לאהבי תורתך ואיןלמו מכשול,Those who love Your teaching enjoy well-being;they encounter no adversity.,Ninguno
Psalms,119,166,שברתי לישועתך יהוה ומצותיך עשיתי,"I hope for Your deliverance, O ETERNAL One;I observe Your commandments.",Ninguno
Psalms,119,167,שמרה נפשי עדתיך ואהבם מאד,I obey Your decreesand love them greatly.,Ninguno
Psalms,119,168,"שמרתי פקודיך ועדתיך כי כלדרכי נגדך&nbsp;<span class=""mam-spi-pe"">{פ}</span><br>",I obey Your precepts and decrees;all my ways are before You.,Ninguno
Psalms,119,169,תקרב רנתי לפניך יהוה כדברך הבינני,"ת May my plea reach You, O ETERNAL One;grant me understanding according to Your word.",Ninguno
Psalms,119,170,תבוא תחנתי לפניך כאמרתך הצילני,May my petition come before You;save me in accordance with Your promise.,Ninguno
Psalms,119,171,תבענה שפתי תהלה כי תלמדני חקיך,"My lips shall pour forth praise,for You teach me Your laws.",Ninguno
Psalms,119,172,תען לשוני אמרתך כי כלמצותיך צדק,"My tongue shall declare Your promise,for all Your commandments are just.",Ninguno
Psalms,119,173,תהיידך לעזרני כי פקודיך בחרתי,"Lend Your hand to help me,for I have chosen Your precepts.",Ninguno
Psalms,119,174,תאבתי לישועתך יהוה ותורתך שעשעי,"I have longed for Your deliverance, O ETERNAL One;Your teaching is my delight.",Ninguno
Psalms,119,175,תחינפשי ותהללך ומשפטך יעזרני,"Let me live, that I may praise You;may Your rules be my help;",Ninguno
Psalms,119,176,"תעיתי כשה אבד בקש עבדך כי מצותיך לא שכחתי&nbsp;<span class=""mam-spi-pe"">{פ}</span><br>","I have strayed like a lost sheep;search for Your servant,for I have not neglected Your commandments.",Ninguno
Psalms,120,1,שיר המעלות אליהוה בצרתה לי קראתי ויענני,A song of ascents.aascents A term of uncertain meaning. In my distress I called to GOD—who answered me.,Ninguno
Psalms,120,2,יהוה הצילה נפשי משפתשקר מלשון רמיה,"O ETERNAL One, save me from treacherous lips,from a deceitful tongue!",Ninguno
Psalms,120,3,מהיתן לך ומהיסיף לך לשון רמיה,"What can you profit,what can you gain,O deceitful tongue?",Ninguno
Psalms,120,4,חצי גבור שנונים עם גחלי רתמים,"A warrior’s sharp arrows,with hot coals of broom-wood.",Ninguno
Psalms,120,5,אויהלי כיגרתי משך שכנתי עםאהלי קדר,"Woe is me, that I live with Meshech,that I dwell among the clans of Kedar.",Ninguno
Psalms,120,6,רבת שכנהלה נפשי עם שונא שלום,Too long have I dwelt with those who hate peace.,Ninguno
Psalms,120,7,"אנישלום וכי אדבר המה למלחמה&nbsp;<span class=""mam-spi-pe"">{פ}</span><br>","I am all peace;but when I speak,they are for war.",Ninguno
Psalms,121,1,שיר למעלות אשא עיני אלההרים מאין יבא עזרי,A song for ascents.I turn my eyes to the mountains;from where will my help come?,Ninguno
Psalms,121,2,עזרי מעם יהוה עשה שמים וארץ,"My help comes from GOD,maker of heaven and earth.",Ninguno
Psalms,121,3,אליתן למוט רגלך אלינום שמרך,[God] will not let your foot give way;your guardian will not slumber.,Ninguno
Psalms,121,4,הנה לאינום ולא יישן שומר ישראל,"See, the guardian of Israelneither slumbers nor sleeps!",Ninguno
Psalms,121,5,יהוה שמרך יהוה צלך עליד ימינך,"GOD is your guardian, GOD is your protectionat your right hand.",Ninguno
Psalms,121,6,יומם השמש לאיככה וירח בלילה,"By day the sun will not strike you,nor the moon by night.",Ninguno
Psalms,121,7,יהוה ישמרך מכלרע ישמר אתנפשך,"GOD will guard you from all harm,and will guard your life.",Ninguno
Psalms,121,8,"יהוה ישמרצאתך ובואך מעתה ועדעולם&nbsp;<span class=""mam-spi-pe"">{פ}</span><br>",GOD will guard your going and comingnow and forever.,Ninguno
Psalms,122,1,שיר המעלות לדוד שמחתי באמרים לי בית יהוה נלך,"A song of ascents. Of David.I rejoiced when they said to me,“We are going to the House of GOD.”",Ninguno
Psalms,122,2,עמדות היו רגלינו בשעריך ירושל͏ם,"Our feet stood inside your gates, O Jerusalem,",Ninguno
Psalms,122,3,ירושל͏ם הבנויה כעיר שחברהלה יחדו,"Jerusalem built up, a city knit together,",Ninguno
Psalms,122,4,ששם עלו שבטים שבטייה עדות לישראל להדות לשם יהוה,"to which tribes would make pilgrimage,the tribes of Yah,aYah See note at 68.5. as was enjoined upon Israel—to praise GOD’s name.",Ninguno
Psalms,122,5,כי שמה&thinsp;<b></b> ישבו כסאות למשפט כסאות לבית דוד,"There the thrones of judgment stood,thrones of the house of David.",Ninguno
Psalms,122,6,שאלו שלום ירושל͏ם ישליו אהביך,Pray for the well-being of Jerusalem;“May those who love you be at peace.,Ninguno
Psalms,122,7,יהישלום בחילך שלוה בארמנותיך,"May there be well-being within your ramparts,peace in your citadels.”",Ninguno
Psalms,122,8,למען אחי ורעי אדברהנא שלום בך,"For the sake of my kin and friends,I pray for your well-being;",Ninguno
Psalms,122,9,"למען ביתיהוה אלהינו אבקשה טוב לך&nbsp;<span class=""mam-spi-pe"">{פ}</span><br>","for the sake of the house of the ETERNAL our God,I seek your good.",Ninguno
Psalms,123,1,שיר המעלות אליך נשאתי אתעיני הישבי בשמים,"A song of ascents.To You, enthroned in heaven,I turn my eyes.",Ninguno
Psalms,123,2,הנה כעיני עבדים אליד אדוניהם כעיני שפחה אליד גברתה כן עינינו אליהוה אלהינו עד שיחננו,"As the eyes of servants follow their master’s hand,as the eyes of a maid follow the hand of her mistress,so our eyes are toward the ETERNAL our God,awaiting divine favor.",Ninguno
Psalms,123,3,חננו יהוה חננו כירב שבענו בוז,"Show us favor, O ETERNAL One,show us favor!We have had more than enough of contempt.",Ninguno
Psalms,123,4,"רבת שבעהלה נפשנו הלעג השאננים הבוז <span class=""mam-kq""><span class=""mam-kq-k"">(לגאיונים)</span> <span class=""mam-kq-q"">[לגאי יונים]</span></span>&nbsp;<span class=""mam-spi-pe"">{פ}</span><br>","Long enough have we enduredthe scorn of the complacent,the contempt of the haughty.",Ninguno
Psalms,124,1,שיר המעלות לדוד לולי יהוה שהיה לנו יאמרנא ישראל,"A song of ascents. Of David.Were it not for GOD, who was on our side,let Israel now declare,",Ninguno
Psalms,124,2,לולי יהוה שהיה לנו בקום עלינו אדם,"were it not for GOD, who was on our sidewhen others assailed us,",Ninguno
Psalms,124,3,אזי חיים בלעונו בחרות אפם בנו,they would have swallowed us alivein their burning rage against us;,Ninguno
Psalms,124,4,אזי המים שטפונו נחלה עבר עלנפשנו,"the waters would have carried us off,the torrent would have swept over us;",Ninguno
Psalms,124,5,אזי עבר עלנפשנו המים הזידונים,over us would have sweptthe seething waters.,Ninguno
Psalms,124,6,ברוך יהוה שלא נתננו טרף לשניהם,"Blessed is GOD, who did not let usbe ripped apart by their teeth.",Ninguno
Psalms,124,7,נפשנו כצפור נמלטה מפח יוקשים הפח נשבר ואנחנו נמלטנו,We are like a bird escaped from the fowler’s trap;the trap broke and we escaped.,Ninguno
Psalms,124,8,"עזרנו בשם יהוה עשה שמים וארץ&nbsp;<span class=""mam-spi-pe"">{פ}</span><br>","Our help is the name of GOD,maker of heaven and earth.",Ninguno
Psalms,125,1,שיר המעלות הבטחים ביהוה כהרציון לאימוט לעולם ישב,"A song of ascents.Those who trust in GOD are like Mount Zionthat cannot be moved,enduring forever.",Ninguno
Psalms,125,2,ירושל͏ם הרים סביב לה ויהוה סביב לעמו מעתה ועדעולם,"Jerusalem, hills enfold it,and GOD enfolds this peoplenow and forever.",Ninguno
Psalms,125,3,כי לא ינוח שבט הרשע על גורל הצדיקים למען לאישלחו הצדיקים בעולתה ידיהם,"aMeaning of verse uncertain. The scepter of the wicked shall never restupon the land allotted to the righteous,that the righteous not set their hand to wrongdoing.",Ninguno
Psalms,125,4,היטיבה יהוה לטובים ולישרים בלבותם,"Do good, O ETERNAL One, to the good,to the upright in heart.",Ninguno
Psalms,125,5,"והמטים עקלקלותם יוליכם יהוה אתפעלי האון שלום עלישראל&nbsp;<span class=""mam-spi-pe"">{פ}</span><br>","But those who in their crookedness act corruptly,bBut those who in their crookedness act corruptly Meaning of Heb. uncertain. let GOD make them go the way of evildoers.May it be well with Israel!",Ninguno
Psalms,126,1,שיר המעלות בשוב יהוה אתשיבת ציון היינו כחלמים,A song of ascents.When GOD restores the fortunes of Zion—we see it as in a dreamawe see it as in a dream Lit. “we are veritable dreamers.”—,Ninguno
Psalms,126,2,אז ימלא שחוק פינו ולשוננו רנה אז יאמרו בגוים הגדיל יהוה לעשות עםאלה,"our mouths shall be filled with laughter,our tongues, with songs of joy.Then shall they say among the nations,“GOD has done great things for them!”",Ninguno
Psalms,126,3,הגדיל יהוה לעשות עמנו היינו שמחים,GOD will do great things for usand we shall rejoice.,Ninguno
Psalms,126,4,"שובה יהוה את<span class=""mam-kq""><span class=""mam-kq-q"">[שביתנו]</span> <span class=""mam-kq-k"">(שבותנו)</span></span> כאפיקים בנגב","Restore our fortunes, O ETERNAL One,like watercourses in the Negeb.",Ninguno
Psalms,126,5,הזרעים בדמעה ברנה יקצרו,They who sow in tearsshall reap with songs of joy.,Ninguno
Psalms,126,6,"הלוך ילך&thinsp;<b></b> ובכה נשא משךהזרע באיבא ברנה נשא אלמתיו&nbsp;<span class=""mam-spi-pe"">{פ}</span><br>","One who goes along weeping,carrying the seed-bag,shall come back with songs of joy,carrying the sheaves.",Ninguno
Psalms,127,1,שיר המעלות לשלמה אםיהוה&thinsp;<b></b> לאיבנה בית שוא עמלו בוניו בו אםיהוה לאישמרעיר שוא&thinsp;<b></b> שקד שומר,"A song of ascents. Of Solomon.Unless GOD builds the house,its builders labor in vain on it;unless GOD watches over the city,the guard keeps vigil in vain.",Ninguno
Psalms,127,2,שוא לכם משכימי קום מאחרישבת אכלי לחם העצבים כן יתן לידידו שנא,"In vain do you rise earlyand stay up late,you who toil for the bread you eat;God’s loved ones are provided for while they sleep.aGod’s loved ones … they sleep Meaning of Heb. uncertain. ",Ninguno
Psalms,127,3,הנה נחלת יהוה בנים שכר פרי הבטן,"Sons are the provisionbprovision Lit. “heritage.” of GOD;the fruit of the womb, divine reward.",Ninguno
Psalms,127,4,כחצים בידגבור כן בני הנעורים,Like arrows in the hand of a warriorare sons born to a man in his youth.,Ninguno
Psalms,127,5,"אשרי הגבר אשר מלא אתאשפתו מהם לאיבשו כיידברו אתאויבים בשער&nbsp;<span class=""mam-spi-pe"">{פ}</span><br>",Happy is the man who fills his quiver with them;they shall not be put to shamewhen they contend with the enemy in the gate.,Ninguno
Psalms,128,1,שיר המעלות אשרי כלירא יהוה ההלך בדרכיו,"A song of ascents.Happy is any manaman Moved up from v. 4 for clarity. who fears GOD,who follows godly ways.",Ninguno
Psalms,128,2,יגיע כפיך כי תאכל אשריך וטוב לך,You shall enjoy the fruit of your labors;you shall be happy and you shall prosper.,Ninguno
Psalms,128,3,אשתך&thinsp;<b></b> כגפן פריה בירכתי ביתך בניך כשתלי זיתים סביב לשלחנך,"Your wife shall be like a fruitful vine within your house;your children, like olive saplings around your table.",Ninguno
Psalms,128,4,הנה כיכן יברך גבר ירא יהוה,So shall allball Moved down from v. 1 for clarity there. who fear GOD be blessed.,Ninguno
Psalms,128,5,יברכך יהוה מציון וראה בטוב ירושל͏ם כל ימי חייך,"May GOD bless you from Zion;may you share the prosperity of Jerusalemall the days of your life,",Ninguno
Psalms,128,6,"וראהבנים לבניך שלום עלישראל&nbsp;<span class=""mam-spi-pe"">{פ}</span><br>",and live to see your children’s children.May all be well with Israel!,Ninguno
Psalms,129,1,שיר המעלות רבת צררוני מנעורי יאמרנא ישראל,"A song of ascents.Since my youth they have often assailed me,let Israel now declare,",Ninguno
Psalms,129,2,רבת צררוני מנעורי גם לאיכלו לי,"since my youth they have often assailed me,but they have never overcome me.",Ninguno
Psalms,129,3,"עלגבי חרשו חרשים האריכו <span class=""mam-kq""><span class=""mam-kq-k"">(למענותם)</span> <span class=""mam-kq-q"">[למעניתם]</span></span>",Plowers plowed across my back;they made long furrows.,Ninguno
Psalms,129,4,יהוה צדיק קצץ עבות רשעים,"GOD, the righteous one,has snapped the cords of the wicked.",Ninguno
Psalms,129,5,יבשו ויסגו אחור כל שנאי ציון,Let all who hate Zionfall back in disgrace.,Ninguno
Psalms,129,6,יהיו כחציר גגות שקדמת שלף יבש,"Let them be like grass on roofsthat fades before it can be pulled up,",Ninguno
Psalms,129,7,שלא מלא כפו קוצר וחצנו מעמר,"that affords no handful for the reaper,no armful for the gatherer of sheaves,",Ninguno
Psalms,129,8,"ולא אמרו&thinsp;<b></b> העברים ברכתיהוה אליכם ברכנו אתכם בשם יהוה&nbsp;<span class=""mam-spi-pe"">{פ}</span><br>",no exchange with passersby:“GOD’s blessing be upon you.”“We bless you by GOD’s name.”,Ninguno
Psalms,130,1,שיר המעלות ממעמקים קראתיך יהוה,"A song of ascents.Out of the depths I call You, O ETERNAL One.",Ninguno
Psalms,130,2,אדני שמעה בקולי תהיינה אזניך קשבות לקול תחנוני,"O my Sovereign, listen to my cry;let Your ears be attentiveto my plea for mercy.",Ninguno
Psalms,130,3,אםעונות תשמריה אדני מי יעמד,"If You keep account of sins, O Yah,aYah See note at 68.5. my Sovereign, who will survive?",Ninguno
Psalms,130,4,כיעמך הסליחה למען תורא,Yours is the power to forgiveso that You may be held in awe.,Ninguno
Psalms,130,5,קויתי יהוה קותה נפשי ולדברו הוחלתי,I look to GOD;my whole being is looking;I await God’s word.,Ninguno
Psalms,130,6,נפשי לאדני משמרים לבקר שמרים לבקר,"I am more eager for my Sovereignthan guards for the morning,guards for the morning.",Ninguno
Psalms,130,7,יחל ישראל אליהוה כיעםיהוה החסד והרבה עמו פדות,"O Israel, wait for GOD;for with GOD is steadfast loveand great power to redeem.",Ninguno
Psalms,130,8,"והוא יפדה אתישראל מכל עונתיו&nbsp;<span class=""mam-spi-pe"">{פ}</span><br>",It is this One who will redeem Israel from all their iniquities.,Ninguno
Psalms,131,1,שיר המעלות לדוד יהוה&thinsp;<b></b> לאגבה לבי ולארמו עיני ולאהלכתי&thinsp;<b></b> בגדלות ובנפלאות ממני,"A song of ascents. Of David.O ETERNAL One, my heart is not proudnor my look haughty;I do not aspire to great thingsor to what is beyond me;",Ninguno
Psalms,131,2,אםלא שויתי&thinsp;<b></b> ודוממתי נפשי כגמל עלי אמו כגמל עלי נפשי,aMeaning of verse uncertain. but I have taught myself to be contentedlike a weaned child with its mother;like a weaned child am I in my mind.,Ninguno
Psalms,131,3,"יחל ישראל אליהוה מעתה ועדעולם&nbsp;<span class=""mam-spi-pe"">{פ}</span><br>","O Israel, wait for GOD now and forever.",Ninguno
Psalms,132,1,שיר המעלות זכוריהוה לדוד את כלענותו,"A song of ascents.O ETERNAL One, remember in David’s favorhis extreme self-denial,",Ninguno
Psalms,132,2,אשר נשבע ליהוה נדר לאביר יעקב,"how he swore to GOD,vowed to the Mighty One of Jacob,",Ninguno
Psalms,132,3,אםאבא באהל ביתי אםאעלה עלערש יצועי,"“I will not enter my house,nor will I mount my bed,",Ninguno
Psalms,132,4,אםאתן שנת לעיני לעפעפי תנומה,"I will not give sleep to my eyes,or slumber to my eyelidsaeyelids Lit. “eyes.” ",Ninguno
Psalms,132,5,עדאמצא מקום ליהוה משכנות לאביר יעקב,"until I find a place for GOD,an abode for the Mighty One of Jacob.”",Ninguno
Psalms,132,6,הנהשמענוה באפרתה מצאנוה בשדייער,We heard it was in Ephrath;we came upon it in the region of Jaar.bregion of Jaar Cf. 1 Sam. 7.1–2; 1 Chron. 13.5–6. ,Ninguno
Psalms,132,7,נבואה למשכנותיו נשתחוה להדם רגליו,"Let us enter God’s abode,bow at the divine footstool.",Ninguno
Psalms,132,8,קומה יהוה למנוחתך אתה וארון עזך,"Advance, O ETERNAL One, to Your resting-place,You and Your mighty Ark!",Ninguno
Psalms,132,9,כהניך ילבשוצדק וחסידיך ירננו,Your priests are clothed in triumph;Your loyal ones sing for joy.,Ninguno
Psalms,132,10,בעבור דוד עבדך אלתשב פני משיחך,For the sake of Your servant Daviddo not reject Your anointed one.,Ninguno
Psalms,132,11,נשבעיהוה&thinsp;<b></b> לדוד אמת לאישוב ממנה מפרי בטנך אשית לכסאלך,"GOD swore to Davida firm oath that will not be renounced,“One of your own issue I will set upon your throne.",Ninguno
Psalms,132,12,אםישמרו בניך&thinsp;<b></b> בריתי ועדתי זו אלמדם גםבניהם עדיעד ישבו לכסאלך,"If your sons keep My covenantand My decrees that I teach them,then their sons also,to the end of time,shall sit upon your throne.”",Ninguno
Psalms,132,13,כיבחר יהוה בציון אוה למושב לו,"For GOD has chosen Zion,desiring it for a seat.",Ninguno
Psalms,132,14,זאתמנוחתי עדיעד פהאשב כי אותיה,"“This is my resting-place for all time;here I will dwell, for I desire it.",Ninguno
Psalms,132,15,צידה ברך אברך אביוניה אשביע לחם,"I will amply bless its store of food,give its needy their fill of bread.",Ninguno
Psalms,132,16,וכהניה אלביש ישע וחסידיה רנן ירננו,"I will clothe its priests in victory,its loyal ones shall sing for joy.",Ninguno
Psalms,132,17,שם אצמיח קרן לדוד ערכתי נר למשיחי,There I will make a horn sprout for David;I have prepared a lamp for My anointed one.,Ninguno
Psalms,132,18,"אויביו אלביש בשת ועליו יציץ נזרו&nbsp;<span class=""mam-spi-pe"">{פ}</span><br>","I will clothe his enemies in disgrace,while on him his crown shall sparkle.”",Ninguno
Psalms,133,1,שיר המעלות לדוד הנה מהטוב ומהנעים שבת אחים גםיחד,"A song of ascents. Of David.How good and how pleasant it isthat kindredakindred Heb. “brothers,” i.e., Jerusalem’s pilgrims, or the Israelite tribes. dwell together.",Ninguno
Psalms,133,2,כשמן הטוב&thinsp;<b></b> עלהראש ירד עלהזקן זקןאהרן שירד עלפי מדותיו,"It is like fine oil on the headrunning down onto the beard,the beard of Aaron,that comes down over the collar of his robe;",Ninguno
Psalms,133,3,"כטלחרמון שירד עלהררי ציון כי שם&thinsp;<b></b> צוה יהוה אתהברכה חיים עדהעולם&nbsp;<span class=""mam-spi-pe"">{פ}</span><br>","like the dew of Hermonthat falls upon the mountains of Zion.There GOD ordained blessing,everlasting life.",Ninguno
Psalms,134,1,שיר המעלות הנה&thinsp;<b></b> ברכו אתיהוה כלעבדי יהוה העמדים בביתיהוה בלילות,"A song of ascents.Now bless GOD,all you servants of GOD who stand nightlyin GOD’s house.",Ninguno
Psalms,134,2,שאוידכם קדש וברכו אתיהוה,Lift your hands toward the sanctuaryand bless GOD.,Ninguno
Psalms,134,3,"יברכך יהוה מציון עשה שמים וארץ&nbsp;<span class=""mam-spi-pe"">{פ}</span><br>","May GOD,maker of heaven and earth,bless you from Zion.",Ninguno
Psalms,135,1,"הללו<span class=""mam-implicit-maqaf""></span>יה&thinsp;<b></b> הללו אתשם יהוה הללו עבדי יהוה","Hallelujah.Praise the name of GOD;give praise, you servants of GOD ",Ninguno
Psalms,135,2,שעמדים בבית יהוה בחצרות בית אלהינו,"who stand in the house of GOD,in the courts of the house of our God.",Ninguno
Psalms,135,3,הללויה כיטוב יהוה זמרו לשמו כי נעים,"Praise Yah,aYah See note at 68.5. for GOD is good;sing hymns to this name, for it is pleasant.",Ninguno
Psalms,135,4,כייעקב בחר לו יה ישראל לסגלתו,"For Yah has chosen to keep Jacob close,[treating] Israel as a treasured possession.",Ninguno
Psalms,135,5,כי אני ידעתי כיגדול יהוה ואדנינו מכלאלהים,"For I know that GOD is great,that our Sovereign is greater than all gods.",Percepción (Yada)
Psalms,135,6,כל אשרחפץ יהוה עשה בשמים ובארץ בימים וכלתהמות,"Whatever GOD desires is donein heaven and earth,in the seas and all the depths.",Ninguno
Psalms,135,7,מעלה נשאים מקצה הארץ ברקים למטר עשה מוצארוח מאוצרותיו,This is who makes clouds rise from the end of the earth;who makes lightning for the rain;who releases the wind from divine vaults.,Ninguno
Psalms,135,8,שהכה בכורי מצרים מאדם עדבהמה,"[God] struck down the first-born of Egypt,human and animal alike—",Ninguno
Psalms,135,9,שלח&thinsp;<b></b> אותת ומפתים בתוככי מצרים בפרעה ובכלעבדיו,"sending signs and portents againstbagainst In contrast to others “against you.” Egypt,against Pharaoh and all his servants,",Ninguno
Psalms,135,10,שהכה גוים רבים והרג מלכים עצומים,striking down many nationsand slaying numerous kings—,Ninguno
Psalms,135,11,לסיחון&thinsp;<b></b> מלך האמרי ולעוג מלך הבשן ולכל ממלכות כנען,"Sihon, king of the Amorites,Og, king of Bashan,and all the royalty of Canaan—",Ninguno
Psalms,135,12,ונתן ארצם נחלה נחלה לישראל עמו,"and giving their lands as a heritage,as a heritage to Israel—God’s people.",Ninguno
Psalms,135,13,יהוה שמך לעולם יהוה זכרך לדרודר,"O ETERNAL One, Your name endures forever,Your fame, O ETERNAL One, through all generations;",Ninguno
Psalms,135,14,כיידין יהוה עמו ועלעבדיו יתנחם,"for GOD will champion this people,and obtain satisfaction for their service.ctheir service Lit. “His servants.” ",Ninguno
Psalms,135,15,עצבי הגוים כסף וזהב מעשה ידי אדם,"dCf. Ps. 115.4–11. The idols of the nations are silver and gold,the work of human hands.",Ninguno
Psalms,135,16,פהלהם ולא ידברו עינים להם ולא יראו,"They have mouths, but cannot speak;they have eyes, but cannot see;",Ninguno
Psalms,135,17,אזנים להם ולא יאזינו אף איןישרוח בפיהם,"they have ears, but cannot hear,nor is there breath in their mouths.",Ninguno
Psalms,135,18,כמוהם יהיו עשיהם כל אשרבטח בהם,"Those who fashion them,all who trust in them,shall become like them.",Ninguno
Psalms,135,19,בית ישראל ברכו אתיהוה בית אהרן ברכו אתיהוה,"O house of Israel, bless GOD;O house of Aaron, bless GOD;",Ninguno
Psalms,135,20,בית הלוי ברכו אתיהוה יראי יהוה ברכו אתיהוה,"O house of Levi, bless GOD;you who fear GOD, bless GOD.",Ninguno
Psalms,135,21,"ברוך יהוה&thinsp;<b></b> מציון שכן ירושל͏ם הללויה&nbsp;<span class=""mam-spi-pe"">{פ}</span><br>","Blessed is GOD from Zion,the One who dwells in Jerusalem.Hallelujah.",Ninguno
Psalms,136,1,הודו ליהוה כיטוב כי לעולם חסדו,"Praise GOD, who is good,—whose steadfast love is eternal.",Ninguno
Psalms,136,2,הודו לאלהי האלהים כי לעולם חסדו,"Praise the God of gods,—whose steadfast love is eternal.",Ninguno
Psalms,136,3,הודו לאדני האדנים כי לעולם חסדו,"Praise the Sovereign of sovereigns,—whose steadfast love is eternal;",Ninguno
Psalms,136,4,לעשה נפלאות גדלות לבדו כי לעולם חסדו,"Who alone works great marvels,—whose steadfast love is eternal;",Ninguno
Psalms,136,5,לעשה השמים בתבונה כי לעולם חסדו,"Who made the heavens with wisdom,—whose steadfast love is eternal;",Ninguno
Psalms,136,6,לרקע הארץ עלהמים כי לעולם חסדו,"Who spread the earth over the water,—whose steadfast love is eternal;",Ninguno
Psalms,136,7,לעשה אורים גדלים כי לעולם חסדו,"Who made the great lights,—whose steadfast love is eternal;",Ninguno
Psalms,136,8,אתהשמש לממשלת ביום כי לעולם חסדו,"the sun to dominate the day,—whose steadfast love is eternal;",Ninguno
Psalms,136,9,אתהירח וכוכבים לממשלות בלילה כי לעולם חסדו,"the moon and the stars to dominate the night,—whose steadfast love is eternal;",Ninguno
Psalms,136,10,למכה מצרים בבכוריהם כי לעולם חסדו,"Who struck Egypt through their first-born,—whose steadfast love is eternal;",Ninguno
Psalms,136,11,ויוצא ישראל מתוכם כי לעולם חסדו,"and brought Israel out of their midst,—whose steadfast love is eternal;",Ninguno
Psalms,136,12,ביד חזקה ובזרוע נטויה כי לעולם חסדו,"with a strong hand and outstretched arm,—whose steadfast love is eternal;",Ninguno
Psalms,136,13,לגזר יםסוף לגזרים כי לעולם חסדו,"Who split apart the Sea of Reeds,—whose steadfast love is eternal;",Ninguno
Psalms,136,14,והעביר ישראל בתוכו כי לעולם חסדו,"and made Israel pass through it,—whose steadfast love is eternal;",Ninguno
Psalms,136,15,ונער פרעה וחילו ביםסוף כי לעולם חסדו,"Who hurled Pharaoh and his army into the Sea of Reeds,—whose steadfast love is eternal;",Ninguno
Psalms,136,16,למוליך עמו במדבר כי לעולם חסדו,"Who led this people through the wilderness,—whose steadfast love is eternal;",Ninguno
Psalms,136,17,למכה מלכים גדלים כי לעולם חסדו,"Who struck down great kings,—whose steadfast love is eternal;",Ninguno
Psalms,136,18,ויהרג מלכים אדירים כי לעולם חסדו,"and slew mighty kings,—whose steadfast love is eternal;",Ninguno
Psalms,136,19,לסיחון מלך האמרי כי לעולם חסדו,"Sihon, king of the Amorites,—whose steadfast love is eternal;",Ninguno
Psalms,136,20,ולעוג מלך הבשן כי לעולם חסדו,"Og, king of Bashan,—whose steadfast love is eternal;",Ninguno
Psalms,136,21,ונתן ארצם לנחלה כי לעולם חסדו,"and gave their land as a heritage,—whose steadfast love is eternal;",Ninguno
Psalms,136,22,נחלה לישראל עבדו כי לעולם חסדו,"a heritage to Israel—God’s servant,—whose steadfast love is eternal;",Ninguno
Psalms,136,23,שבשפלנו זכר לנו כי לעולם חסדו,"Who took note of us in our degradation,—whose steadfast love is eternal;",Ninguno
Psalms,136,24,ויפרקנו מצרינו כי לעולם חסדו,"and rescued us from our enemies,—whose steadfast love is eternal;",Ninguno
Psalms,136,25,נתן לחם לכלבשר כי לעולם חסדו,"Who gives food to all flesh,—whose steadfast love is eternal.",Ninguno
Psalms,136,26,"הודו לאל השמים כי לעולם חסדו&nbsp;<span class=""mam-spi-pe"">{פ}</span><br>","Praise the God of heaven,—whose steadfast love is eternal.",Ninguno
Psalms,137,1,"על<span class=""mam-implicit-maqaf""></span>נהרות&thinsp;<b></b> בבל שם ישבנו גםבכינו בזכרנו אתציון","By the rivers of Babylon,there we sat,sat and wept,as we thought of Zion.",Ninguno
Psalms,137,2,עלערבים בתוכה תלינו כנרותינו,"There on the poplarswe hung up our lyres,",Ninguno
Psalms,137,3,כי שם שאלונו שובינו דברישיר ותוללינו שמחה שירו לנו משיר ציון,"for our captors asked us there for songs,our tormentors,atormentors Meaning of Heb. uncertain. for amusement:“Sing us one of the songs of Zion.”",Ninguno
Psalms,137,4,איך נשיר אתשיריהוה על אדמת נכר,How can we sing a song of GOD on alien soil?,Ninguno
Psalms,137,5,אםאשכחך ירושל͏ם תשכח ימיני,"If I forget you, O Jerusalem,let my right hand wither;bwither In contrast to others “forget its cunning.” ",Ninguno
Psalms,137,6,תדבקלשוני&thinsp;<b></b> לחכי אםלא אזכרכי אםלא אעלה אתירושל͏ם על ראש שמחתי,"let my tongue stick to my palateif I cease to think of you,if I do not keep Jerusalem in memoryeven at my happiest hour.",Ninguno
Psalms,137,7,זכר יהוה&thinsp;<b></b> לבני אדום את יום ירושל͏ם האמרים ערו&thinsp;<b></b> ערו עד היסוד בה,"Remember, O ETERNAL One, against the Edomitesthe day of Jerusalem’s fall;how they cried, “Strip her, strip herto her very foundations!”",Ninguno
Psalms,137,8,בתבבל השדודה אשרי שישלםלך אתגמולך שגמלת לנו,"Fair Babylon, you predator,cpredator With Targum; in contrast to others “who are to be destroyed.” a blessing on the one who repays you in kindwhat you have inflicted on us;",Ninguno
Psalms,137,9,"אשרי&thinsp;<b></b> שיאחז ונפץ אתעלליך אלהסלע&nbsp;<span class=""mam-spi-pe"">{פ}</span><br>",a blessing on the one who seizes your babiesand dashes them against the rocks!,Ninguno
Psalms,138,1,לדוד&thinsp;<b></b> אודך בכללבי נגד אלהים אזמרך,"Of David.I praise You with all my heart,sing a hymn to You before the divine beings;",Ninguno
Psalms,138,2,אשתחוה אלהיכל קדשך ואודה אתשמך עלחסדך ועלאמתך כיהגדלת עלכלשמך אמרתך,"I bow toward Your holy templeand praise Your name for Your steadfast love and faithfulness,because You have exalted Your name, Your word, above all.aYour name, Your word, above all Meaning of Heb. uncertain. ",Ninguno
Psalms,138,3,ביום קראתי ותענני תרהבני בנפשי עז,"When I called, You answered me,You inspired me with courage.bYou inspired me with courage Meaning of Heb. uncertain. ",Ninguno
Psalms,138,4,יודוך יהוה כלמלכיארץ כי שמעו אמריפיך,"All the kings of the earth shall praise You, O ETERNAL One,for they have heard the words You spoke.",Ninguno
Psalms,138,5,וישירו בדרכי יהוה כיגדול כבוד יהוה,"They shall sing of GOD’s ways,“Great is GOD’s majesty!”",Ninguno
Psalms,138,6,כירם יהוה ושפל יראה וגבה ממרחק יידע,"From way up high GOD sees the lowly;aloft, yet perceiving from afar.",Percepción (Yada)
Psalms,138,7,אםאלך&thinsp;<b></b> בקרב צרה תחיני על אף איבי תשלח ידך ותושיעני ימינך,"Though I walk among enemies,You preserve me in the face of my foes;You extend Your hand;with Your right hand You deliver me.",Ninguno
Psalms,138,8,"יהוה יגמר בעדי יהוה חסדך לעולם מעשי ידיך אלתרף&nbsp;<span class=""mam-spi-pe"">{פ}</span><br>","GOD will settle accounts for me.O ETERNAL One, Your steadfast love is eternal;do not forsake the work of Your hands.",Ninguno
Psalms,139,1,למנצח לדוד מזמור יהוה חקרתני ותדע,"For the leader. Of David. A psalm.O ETERNAL One, You have examined me and know me.",Ninguno
Psalms,139,2,אתה ידעת שבתי וקומי בנתה לרעי מרחוק,When I sit down or stand up You know it;You discern my thoughts from afar.,Percepción (Yada)
Psalms,139,3,ארחי ורבעי זרית וכלדרכי הסכנתה,"You observeaYou observe Meaning of Heb. uncertain. my walking and reclining,and are familiar with all my ways.",Ninguno
Psalms,139,4,כי אין מלה בלשוני הן יהוה ידעת כלה,"There is not a word on my tonguebut that You, O ETERNAL One, know it well.",Percepción (Yada)
Psalms,139,5,אחור וקדם צרתני ותשת עלי כפכה,You hedge me before and behind;You lay Your hand upon me.,Ninguno
Psalms,139,6,"<span class=""mam-kq""><span class=""mam-kq-k"">(פלאיה)</span> <span class=""mam-kq-q"">[פליאה]</span></span> דעת ממני נשגבה לאאוכל לה",It is beyond my knowledge;it is a mystery; I cannot fathom it.,Ninguno
Psalms,139,7,אנה אלך מרוחך ואנה מפניך אברח,Where can I escape from Your spirit?Where can I flee from Your presence?,Ninguno
Psalms,139,8,אםאסק שמים שם אתה ואציעה שאול הנך,"If I ascend to heaven, You are there;if I descend to Sheol, You are there too.",Ninguno
Psalms,139,9,אשא כנפישחר אשכנה באחרית ים,"If I take wing with the dawnto come to rest on the western horizon,",Ninguno
Psalms,139,10,גםשם ידך תנחני ותאחזני ימינך,"even there Your hand will be guiding me,Your right hand will be holding me fast.",Ninguno
Psalms,139,11,ואמר אךחשך ישופני ולילה אור בעדני,"If I say, “Surely darkness will conceal me,night will provide me with cover,”bwill conceal me, / night will provide me with cover Cf. Rashi, Ibn Ezra; meaning of Heb. uncertain. ",Ninguno
Psalms,139,12,גםחשך לאיחשיך ממך ולילה כיום יאיר כחשיכה כאורה,darkness is not dark for You;night is as light as day;darkness and light are the same.,Ninguno
Psalms,139,13,כיאתה קנית כליתי תסכני בבטן אמי,It was You who created my conscience;cconscience Lit. “kidneys.” You fashioned me in my mother’s womb.,Ninguno
Psalms,139,14,אודך על כי נוראות נפליתי נפלאים מעשיך ונפשי ידעת מאד,"I praise You,for I am awesomely, wondrously made;Your work is wonderful;I know it very well.",Percepción (Yada)
Psalms,139,15,לאנכחד עצמי ממך אשרעשיתי בסתר רקמתי בתחתיות ארץ,"My frame was not concealed from Youwhen I was shaped in a hidden place,knit together in the recesses of the earth.",Ninguno
Psalms,139,16,"גלמי&thinsp;<b></b> ראו עיניך ועלספרך כלם יכתבו ימים יצרו <span class=""mam-kq""><span class=""mam-kq-k"">(ולא)</span> <span class=""mam-kq-q"">[ולו]</span></span> אחד בהם","Your eyes saw my unformed limbs;they were all recorded in Your book;in due time they were formed,to the very last one of them.dto the very last one of them Meaning of Heb. uncertain. ",Ninguno
Psalms,139,17,ולי מהיקרו רעיך אל מה עצמו ראשיהם,"How weighty Your thoughts seem to me, O God,how great their number!",Ninguno
Psalms,139,18,אספרם מחול ירבון הקיצתי ועודי עמך,I count them—they exceed the grains of sand;I end—but am still with You.,Ninguno
Psalms,139,19,אםתקטל אלוה&thinsp;<small></small>&thinsp;רשע ואנשי דמים סורו מני,"O God, if You would only slay the wicked—you murderers, away from me!—",Ninguno
Psalms,139,20,אשר ימרוך למזמה נשוא לשוא עריך,"who invoke You for intrigue,Your enemies who swear by You falsely.ewho invoke You … falsely Meaning of Heb. uncertain. ",Ninguno
Psalms,139,21,הלואמשנאיך יהוה&thinsp;<small></small>&thinsp;אשנא ובתקוממיך אתקוטט,"O ETERNAL One, You know I hate those who hate You,and loathe Your adversaries.",Ninguno
Psalms,139,22,תכלית שנאה שנאתים לאויבים היו לי,I feel a perfect hatred toward them;I count them my enemies.,Ninguno
Psalms,139,23,חקרני אל ודע לבבי בחנני ודע שרעפי,"Examine me, O God, and know my mind;probe me and know my thoughts.",Ninguno
Psalms,139,24,"וראה אםדרךעצב בי ונחני בדרך עולם&nbsp;<span class=""mam-spi-pe"">{פ}</span><br>","See if I have vexatious ways,and guide me in ways everlasting.",Ninguno
Psalms,140,1,למנצח מזמור לדוד,For the leader. A psalm of David.,Ninguno
Psalms,140,2,חלצני יהוה מאדם רע מאיש חמסים תנצרני,"Rescue me, O ETERNAL One, from evildoers;save me from lawless opponents,",Ninguno
Psalms,140,3,אשר חשבו רעות בלב כליום יגורו מלחמות,"whose minds are full of evil schemes,who plot war every day.",Ninguno
Psalms,140,4,שננו לשונם כמונחש חמת עכשוב תחת שפתימו סלה,They sharpen their tongues like serpents;spiders’ poison is on their lips.    Selah. ,Ninguno
Psalms,140,5,שמרני יהוה&thinsp;<b></b> מידי רשע מאיש חמסים תנצרני אשר חשבו לדחות פעמי,"O ETERNAL One, keep me out of the clutches of the wicked;save me from lawless opponentswho scheme to make me fall.amake me fall Lit. “push my feet.” ",Ninguno
Psalms,140,6,טמנוגאים&thinsp;<b></b> פח לי וחבלים פרשו רשת לידמעגל מקשים שתולי סלה,Arrogant ones laid traps with ropes for me;they spread out a net along the way;they set snares for me.    Selah. ,Ninguno
Psalms,140,7,אמרתי ליהוה אלי אתה האזינה יהוה קול תחנוני,"I said to GOD: You are my God;give ear, O ETERNAL One, to my pleas for mercy.",Ninguno
Psalms,140,8,יהוה אדני עז ישועתי סכתה לראשי ביום נשק,"O GOD, my Sovereign, the strength of my deliverance,You protected my head on the day of battle.bbattle Lit. “arms.” ",Ninguno
Psalms,140,9,אלתתן יהוה מאויי רשע זממו אלתפק ירומו סלה,"O ETERNAL One, do not grant the desires of the wicked;do not let their plan succeed,else they be exalted.    Selah. ",Ninguno
Psalms,140,10,"ראש מסבי עמל שפתימו <span class=""mam-kq""><span class=""mam-kq-k"">(יכסומו)</span> <span class=""mam-kq-q"">[יכסימו]</span></span>",May the heads of those who beset mebe covered with the mischief of their lips.celse they … lips Meaning of Heb. uncertain. ,Ninguno
Psalms,140,11,"<span class=""mam-kq""><span class=""mam-kq-k"">(ימיטו)</span> <span class=""mam-kq-q"">[ימוטו]</span></span> עליהם גחלים באש יפלם במהמרות בליקומו","May coals of fire drop down upon them,and they be cast into pits, never to rise again.",Ninguno
Psalms,140,12,איש לשון בליכון בארץ אישחמס רע יצודנו למדחפת,Let slanderers have no place in the land;let the evil of the lawless drive them into corrals.,Ninguno
Psalms,140,13,"<span class=""mam-kq""><span class=""mam-kq-k"">(ידעת)</span> <span class=""mam-kq-q"">[ידעתי]</span></span> כייעשה יהוה דין עני משפט אבינים","I know that GOD will championthe cause of the poor, the right of the needy.",Percepción (Yada)
Psalms,140,14,"אך צדיקים יודו לשמך ישבו ישרים אתפניך&nbsp;<span class=""mam-spi-pe"">{פ}</span><br>",The righteous shall surely praise Your name;the upright shall dwell in Your presence.,Ninguno
Psalms,141,1,מזמור לדוד יהוה קראתיך חושה לי האזינה קולי בקראילך,"A psalm of David.I call You, O ETERNAL One, hasten to me;give ear to my cry when I call You.",Ninguno
Psalms,141,2,תכון תפלתי קטרת לפניך משאת כפי מנחתערב,"Take my prayer as an offering of incense,my upraised hands as an evening sacrifice.",Ninguno
Psalms,141,3,שיתה יהוה שמרה לפי נצרה עלדל שפתי,"O ETERNAL One, set a guard over my mouth,a watch at the door of my lips;",Ninguno
Psalms,141,4,אלתטלבי לדבר&thinsp;<small></small>&thinsp;רע להתעולל עללות&thinsp;<b></b> ברשע אתאישים פעליאון ובלאלחם במנעמיהם,"let my mind not turn to an evil thing,to practice deeds of wickednesswith those evildoers;athose evildoers Or “grandees who do evil”; force of Heb. uncertain. let me not feast on their dainties.",Ninguno
Psalms,141,5,"יהלמני<span class=""mam-implicit-maqaf""></span>צדיק&thinsp;<b></b> חסד ויוכיחני שמן ראש אליני ראשי כיעוד ותפלתי ברעותיהם","bMeaning of verses uncertain. Let someone righteous strike me in loyaltyand reprove me;let my head not refuse such choice oil.My prayers are still against theirctheir I.e., the evildoers of v. 4. evil deeds.",Ninguno
Psalms,141,6,נשמטו בידיסלע שפטיהם ושמעו אמרי כי נעמו,"May their judges slip on the rock,but let my words be heard, for they are sweet.",Ninguno
Psalms,141,7,כמו פלח ובקע בארץ נפזרו עצמינו לפי שאול,As when the earth is cleft and broken upour bones are scattered at the mouth of Sheol.,Ninguno
Psalms,141,8,כי אליך&thinsp;<b></b> יהוה אדני עיני בכה חסיתי אלתער נפשי,"My eyes are fixed upon You, O GOD my Sovereign;I seek refuge in You, do not put me in jeopardy.",Ninguno
Psalms,141,9,שמרני מידי פח יקשו לי ומקשות פעלי און,"Keep me from the trap laid for me,and from the snares of evildoers.",Ninguno
Psalms,141,10,"יפלו במכמריו רשעים יחד אנכי עדאעבור&nbsp;<span class=""mam-spi-pe"">{פ}</span><br>",Let the wicked fall into their netswhile I alone come through.,Ninguno
Psalms,142,1,משכיל לדוד בהיותו במערה תפלה,"A maskil of David, while he was in the cave.aCf. 1 Sam. 24.3–4. A prayer.",Ninguno
Psalms,142,2,קולי אליהוה אזעק קולי אליהוה אתחנן,I cry aloud to GOD;I appeal to GOD loudly for mercy.,Ninguno
Psalms,142,3,אשפך לפניו שיחי צרתי לפניו אגיד,I pour out my complaint directly;I recount my tale of trouble,Ninguno
Psalms,142,4,בהתעטף עלי&thinsp;<b></b> רוחי ואתה ידעת נתיבתי בארחזו אהלך טמנו פח לי,when my spirit fails within me.You know my course;they have laid a trap in the path I walk.,Percepción (Yada)
Psalms,142,5,הביט ימין&thinsp;<b></b> וראה ואיןלי מכיר אבד מנוס ממני אין דורש לנפשי,"Look at my right and see—I have no friend;there is nowhere I can flee,no one cares about me.",Control/Derecha (Yamin)
Psalms,142,6,זעקתי אליך יהוה אמרתי אתה מחסי חלקי בארץ החיים,"So I cry to You, O ETERNAL One;I say, “You are my refuge,all I have in the land of the living.”",Ninguno
Psalms,142,7,הקשיבה&thinsp;<b></b> אלרנתי כידלותי מאד הצילני מרדפי כי אמצו ממני,"Listen to my cry, for I have been brought very low;save me from my pursuers,for they are too strong for me.",Ninguno
Psalms,142,8,"הוציאה ממסגר&thinsp;<b></b> נפשי להודות אתשמך בי יכתרו צדיקים כי תגמל עלי&nbsp;<span class=""mam-spi-pe"">{פ}</span><br>","Free me from prison,that I may praise Your name.The righteous shall glory in mebshall glory in me Meaning of Heb. uncertain. for Your gracious dealings with me.",Ninguno
Psalms,143,1,מזמור לדוד יהוה&thinsp;<b></b> שמע תפלתי האזינה אלתחנוני באמנתך ענני בצדקתך,"A psalm of David.O ETERNAL One, hear my prayer;give ear to my plea, as You are faithful;answer me, as You are beneficent.",Ninguno
Psalms,143,2,ואלתבוא במשפט אתעבדך כי לאיצדק לפניך כלחי,"Do not enter into judgment with Your servant,for before You no creature is in the right.",Ninguno
Psalms,143,3,כי רדף אויב&thinsp;<b></b> נפשי דכא לארץ חיתי הושבני במחשכים כמתי עולם,My foe hounded me;he crushed me to the ground;he made me dwell in darknesslike those long dead.,Ninguno
Psalms,143,4,ותתעטף עלי רוחי בתוכי ישתומם לבי,My spirit failed within me;my mind was numbed with horror.,Ninguno
Psalms,143,5,זכרתי ימים&thinsp;<b></b> מקדם הגיתי בכלפעלך במעשה ידיך אשוחח,"Then I thought of the days of old;I rehearsed all Your deeds,recounted the work of Your hands.",Ninguno
Psalms,143,6,פרשתי ידי אליך נפשי&thinsp;<b></b> כארץעיפה לך סלה,"I stretched out my hands to You,longing for You like thirsty earth.    Selah. ",Ninguno
Psalms,143,7,מהר ענני&thinsp;<b></b> יהוה כלתה רוחי אלתסתר פניך ממני ונמשלתי עםירדי בור,"Answer me quickly, O ETERNAL One;my spirit can endure no more.Do not hide Your face from me,or I shall become like those who descend into the Pit.",Ninguno
Psalms,143,8,השמיעני בבקר&thinsp;<b></b> חסדך כיבך בטחתי הודיעני דרךזו אלך כיאליך נשאתי נפשי,"Let me learn of Your faithfulness by daybreak,for in You I trust;let me know the road I must take,for on You I have set my hope.",Ninguno
Psalms,143,9,הצילני מאיבי&thinsp;<small></small>&thinsp;יהוה אליך כסתי,"Save me from my foes, O ETERNAL One;to You I look for cover.ato You I look for cover Meaning of Heb. uncertain. ",Ninguno
Psalms,143,10,למדני&thinsp;<b></b> לעשות רצונך כיאתה אלוהי רוחך טובה תנחני בארץ מישור,"Teach me to do Your will,for You are my God.Let Your gracious spirit lead meon level ground.",Ninguno
Psalms,143,11,למעןשמך יהוה תחיני בצדקתך&thinsp;<b></b> תוציא מצרה נפשי,"For the sake of Your name, O ETERNAL One, preserve me;as You are beneficent, free me from distress.",Ninguno
Psalms,143,12,"ובחסדך תצמית איבי והאבדת כלצררי נפשי כי אני עבדך&nbsp;<span class=""mam-spi-pe"">{פ}</span><br>","As You are faithful, put an end to my foes;destroy all my mortal enemies,for I am Your servant.",Ninguno
Psalms,144,1,לדוד&thinsp;<b></b> ברוך יהוה&thinsp;<b></b> צורי המלמד ידי לקרב אצבעותי למלחמה,"Of David.Blessed is GOD, my rock,who trains my hands for battle,my fingers for warfare;",Ninguno
Psalms,144,2,"חסדי ומצודתי משגבי ומפלטי<span class=""mam-implicit-maqaf""></span>לי מגני ובו חסיתי הרודד עמי תחתי","my faithful one, my fortress,my haven and my deliverer,my shield, in whom I take shelter,who makes peoplesapeoples So Targum, Saadia; in contrast to others “my people.” subject to me.",Ninguno
Psalms,144,3,יהוה מהאדם ותדעהו בןאנוש ותחשבהו,"O ETERNAL One, what are mortals that You should care about them,human beings, that You should think of them?",Ninguno
Psalms,144,4,אדם להבל דמה ימיו כצל עובר,They are like a breath;their days are like a passing shadow.,Ninguno
Psalms,144,5,יהוה הטשמיך ותרד גע בהרים ויעשנו,"O ETERNAL One, bend Your sky and come down;touch the mountains and they will smoke.",Ninguno
Psalms,144,6,ברוק ברק ותפיצם שלח חציך ותהמם,Make lightning flash and scatter them;shoot Your arrows and rout them.,Ninguno
Psalms,144,7,שלח ידיך ממרום פצני והצילני ממים רבים מיד בני נכר,"Reach Your hand down from on high;rescue me, save me from the mighty waters,from the hands of foreigners,",Ninguno
Psalms,144,8,אשר פיהם דברשוא וימינם ימין שקר,"whose mouths speak lies,and whose oathsboaths With Rashi; lit. “right hand.” are false.",Control/Derecha (Yamin)
Psalms,144,9,אלהים שיר חדש אשירה לך בנבל עשור אזמרהלך,"O God, I will sing You a new song,sing a hymn to You with a ten-stringed harp—",Ninguno
Psalms,144,10,הנותן תשועה למלכים הפוצה אתדוד עבדו מחרב רעה,"to the One who gives victory to kings,who rescues David—God’s servant—from the deadly sword.",Ninguno
Psalms,144,11,פצני והצילני מיד בנינכר אשר פיהם דברשוא וימינם ימין שקר,"Rescue me, save me from the hands of foreigners,whose mouths speak lies,and whose oathscoaths See note at v. 8. are false.",Control/Derecha (Yamin)
Psalms,144,12,אשר בנינו&thinsp;<b></b> כנטעים מגדלים בנעוריהם בנותינו כזוית מחטבות תבנית היכל,"dThe meaning of several phrases in these verses is uncertain. For our sons are like saplings,well-tended in their youth;our daughters are like cornerstonestrimmed to give shape to a palace.",Ninguno
Psalms,144,13,"מזוינו מלאים מפיקים מזן אל<span class=""mam-implicit-maqaf""></span>זן צאוננו מאליפות מרבבות בחוצותינו","Our storehouses are full,supplying produce of all kinds;our flocks number thousands,even myriads, in our fields;",Ninguno
Psalms,144,14,אלופינו מסבלים איןפרץ ואין יוצאת ואין צוחה ברחבתינו,"our cattle are well cared for.There is no breaching and no sortie,and no wailing in our streets.",Ninguno
Psalms,144,15,"אשרי העם שככה לו אשרי העם שיהוה אלהיו&nbsp;<span class=""mam-spi-pe"">{פ}</span><br>",Happy the people who have it so;happy the people whose God is the ETERNAL.,Ninguno
Psalms,145,1,תהלה לדוד ארוממך אלוהי המלך ואברכה שמך לעולם ועד,"A song of praise. Of David. א I will extol You, my God and sovereign,and bless Your name forever and ever.",Ninguno
Psalms,145,2,בכליום אברכך ואהללה שמך לעולם ועד,ב Every day will I bless Youand praise Your name forever and ever.,Ninguno
Psalms,145,3,גדול יהוה ומהלל מאד ולגדלתו אין חקר,ג Great is GOD and much acclaimed;such greatness cannot be fathomed.,Ninguno
Psalms,145,4,דור לדור ישבח מעשיך וגבורתיך יגידו,ד One generation shall laud Your works to anotherand declare Your mighty acts.,Ninguno
Psalms,145,5,הדר כבוד הודך ודברי נפלאתיך אשיחה,ה The glorious majesty of Your splendorand Your wondrous actsasplendor / and Your wondrous acts A Qumran Psalms scroll reads: “splendor they will speak of / and Your wonders.” will I recite.,Ninguno
Psalms,145,6,"ועזוז נוראתיך יאמרו <span class=""mam-kq""><span class=""mam-kq-k"">(וגדלותיך)</span> <span class=""mam-kq-q"">[וגדלתך]</span></span> אספרנה","ו All shall talk of the might of Your awesome deeds,and I will recount Your greatness.",Ninguno
Psalms,145,7,זכר רבטובך יביעו וצדקתך ירננו,"ז They shall celebrate Your abundant goodness,and sing joyously of Your beneficence.",Ninguno
Psalms,145,8,חנון ורחום יהוה ארך אפים וגדלחסד,"ח GOD is gracious and compassionate,slow to anger and abounding in kindness.",Ninguno
Psalms,145,9,טוביהוה לכל ורחמיו עלכלמעשיו,"ט GOD is good to all,and divine mercy is upon all God’s works.",Ninguno
Psalms,145,10,יודוך יהוה כלמעשיך וחסידיך יברכוכה,"י All Your works shall praise You, O ETERNAL One,and Your faithful ones shall bless You.",Ninguno
Psalms,145,11,כבוד מלכותך יאמרו וגבורתך ידברו,"כ They shall talk of the majesty of Your sovereignty,and speak of Your might,",Ninguno
Psalms,145,12,להודיע&thinsp;<b></b> לבני האדם גבורתיו וכבוד הדר מלכותו,ל to make known to all humankind YourbYour Heb. 3rd person. mighty actsand YourcYour See previous note. sovereignty’s majestic glory.,Ninguno
Psalms,145,13,מלכותך מלכות כלעלמים וממשלתך בכלדור ודר,מ Your rule is an eternal rule;Your dominion is for all generations.,Ninguno
Psalms,145,14,סומך יהוה לכלהנפלים וזוקף לכלהכפופים,"ס GOD supports all who stumble,and makes all who are bent stand straight.",Ninguno
Psalms,145,15,עיניכל אליך ישברו ואתה נותןלהם אתאכלם בעתו,"ע The eyes of all look to You expectantly,and You give them their food when it is due.",Ninguno
Psalms,145,16,פותח אתידך ומשביע לכלחי רצון,"פ You give it openhandedly,feeding every creature to its heart’s content.",Ninguno
Psalms,145,17,צדיק יהוה בכלדרכיו וחסיד בכלמעשיו,צ GOD is beneficent in all waysand faithful in all works.,Ninguno
Psalms,145,18,קרוב יהוה לכלקראיו לכל אשר יקראהו באמת,"ק GOD is near to all who call,to all who call with sincerity.",Ninguno
Psalms,145,19,רצוןיראיו יעשה ואתשועתם ישמע ויושיעם,"ר Fulfilling the wishes of those who show reverence,[God] hears their cry and delivers them.",Ninguno
Psalms,145,20,שומר יהוה אתכלאהביו ואת כלהרשעים ישמיד,"ש GOD watches over all who show their love,but all the wicked are destroyed.",Ninguno
Psalms,145,21,"תהלת יהוה ידבר<span class=""mam-implicit-maqaf""></span>פי ויברך כלבשר שם קדשו לעולם ועד&nbsp;<span class=""mam-spi-pe"">{פ}</span><br>","ת My mouth shall utter the praise of GOD,whose holy name all creaturesdcreatures Lit. “flesh.” shall bless forever and ever.",Ninguno
Psalms,146,1,הללויה הללי נפשי אתיהוה,"Hallelujah.Praise GOD, O my soul!",Ninguno
Psalms,146,2,אהללה יהוה בחיי אזמרה לאלהי בעודי,"I will praise GOD all my life,sing hymns to my God while I exist.",Ninguno
Psalms,146,3,אלתבטחו בנדיבים בבןאדם&thinsp;<b></b> שאין לו תשועה,"Put not your trust in the great,in mortals who cannot save.",Ninguno
Psalms,146,4,תצא רוחו ישב לאדמתו ביום ההוא אבדו עשתנתיו,Their breath departs;they return to the dust;on that day their plans come to nothing.,Ninguno
Psalms,146,5,אשרי שאל יעקב בעזרו שברו עליהוה אלהיו,"Happy are those whose help is the God of Jacob,whose hope is in the ETERNAL their God,",Ninguno
Psalms,146,6,עשה&thinsp;<b></b> שמים וארץ אתהים ואתכלאשרבם השמר אמת לעולם,"maker of heaven and earth,the sea and all that is in them;who keeps faith forever;",Ninguno
Psalms,146,7,עשה משפט&thinsp;<b></b> לעשוקים נתן לחם לרעבים יהוה מתיר אסורים,"who secures justice for those who are wronged,gives food to the hungry. GOD sets prisoners free;",Ninguno
Psalms,146,8,יהוה&thinsp;<b></b> פקח עורים יהוה זקף כפופים יהוה אהב צדיקים,GOD restores sight to the blind; GOD makes those who are bent stand straight; GOD loves the righteous;,Ninguno
Psalms,146,9,יהוה&thinsp;<b></b> שמר אתגרים יתום ואלמנה יעודד ודרך רשעים יעות,"GOD watches over the strangerand gives courage to the orphan and widow,but makes the path of the wicked tortuous.",Ninguno
Psalms,146,10,"ימלך יהוה&thinsp;<b></b> לעולם אלהיך ציון לדר ודר הללויה&nbsp;<span class=""mam-spi-pe"">{פ}</span><br>","GOD shall reign forever,your God, O Zion, for all generations.Hallelujah.",Ninguno
Psalms,147,1,"הללו<span class=""mam-implicit-maqaf""></span>יה&thinsp;<b></b> כיטוב זמרה אלהינו כינעים נאוה תהלה",Hallelujah.It is good to chant hymns to our God;it is pleasant to sing glorious praise.,Ninguno
Psalms,147,2,בונה ירושל͏ם יהוה נדחי ישראל יכנס,"GOD rebuilds Jerusalem,gathering in the exiles of Israel—",Ninguno
Psalms,147,3,הרפא לשבורי לב ומחבש לעצבותם,"healing their broken hearts,and binding up their wounds.",Ninguno
Psalms,147,4,מונה מספר לכוכבים לכלם שמות יקרא,[God] reckoned the number of the starsand gave each its name.,Ninguno
Psalms,147,5,גדול אדונינו ורבכח לתבונתו אין מספר,Great and full of power is our Sovereign—whose wisdom is beyond reckoning.,Ninguno
Psalms,147,6,מעודד ענוים יהוה משפיל רשעים עדיארץ,"GOD gives courage to the lowly,and brings the wicked down to the dust.",Ninguno
Psalms,147,7,ענו ליהוה בתודה זמרו לאלהינו בכנור,"Sing to GOD a song of praise,chant a hymn with a lyre to our God,",Ninguno
Psalms,147,8,המכסה שמים&thinsp;<b></b> בעבים המכין לארץ מטר המצמיח הרים חציר,"who covers the heavens with clouds,provides rain for the earth,makes mountains put forth grass;",Ninguno
Psalms,147,9,נותן לבהמה לחמה לבני ערב אשר יקראו,"who gives the beasts their food,to the raven’s brood what they cry for.",Ninguno
Psalms,147,10,לא בגבורת הסוס יחפץ לאבשוקי האיש ירצה,"[God] does not prize the strength of horses,nor value the warrior’s fleetness;afleetness Or “prowess”; lit. “thighs.” ",Ninguno
Psalms,147,11,רוצה יהוה אתיראיו אתהמיחלים לחסדו,"but GOD values those who show reverence,those who depend on God’s faithful care.",Ninguno
Psalms,147,12,שבחי ירושל͏ם אתיהוה הללי אלהיך ציון,"O Jerusalem, glorify GOD;praise your God, O Zion!",Ninguno
Psalms,147,13,כיחזק בריחי שעריך ברך בניך בקרבך,"For the bars of your gates have been made strong,and your children have been blessed within you.",Ninguno
Psalms,147,14,השםגבולך שלום חלב חטים ישביעך,"Your realm has been endowed with well-being,and you have been satisfied with choice wheat.",Ninguno
Psalms,147,15,השלח אמרתו ארץ עדמהרה ירוץ דברו,[God] sends forth words to the earthwith swift commands.,Ninguno
Psalms,147,16,הנתן שלג כצמר כפור כאפר יפזר,"[God] lays down snow like fleece,scatters frost like ashes.",Ninguno
Psalms,147,17,משליך קרחו כפתים לפני קרתו מי יעמד,[God] tosses down hail like crumbs—who can endure such icy cold?,Ninguno
Psalms,147,18,ישלח דברו וימסם ישב רוחו יזלומים,"[God] issues a command—it melts them;breathes, and the waters flow.",Ninguno
Psalms,147,19,"מגיד <span class=""mam-kq-trivial"">דברו</span> ליעקב חקיו ומשפטיו לישראל","Divine commands were issued to Jacob,God’s statutes and rules to Israel.",Ninguno
Psalms,147,20,"לא<span class=""mam-implicit-maqaf""></span>עשה כן&thinsp;<b></b> לכלגוי ומשפטים בלידעום הללויה&nbsp;<span class=""mam-spi-pe"">{פ}</span><br>",This was not done for any other nation;of such rules they know nothing.Hallelujah.,Percepción (Yada)
Psalms,148,1,"הללו<span class=""mam-implicit-maqaf""></span>יה&thinsp;<b></b> הללו אתיהוה מןהשמים הללוהו במרומים",Hallelujah.Praise GOD from the heavens;give praise on high.,Ninguno
Psalms,148,2,"הללוהו כלמלאכיו הללוהו כל<span class=""mam-kq-trivial"">צבאו</span>","Give praise, all you angels,give praise, all divine hosts.",Ninguno
Psalms,148,3,הללוהו שמש וירח הללוהו כלכוכבי אור,"Give praise, sun and moon,give praise, all bright stars.",Ninguno
Psalms,148,4,הללוהו שמי השמים והמים אשר&thinsp;<b></b> מעל השמים,"Give praise, highest heavens,and you waters that are above the heavens.",Ninguno
Psalms,148,5,יהללו אתשם יהוה כי הוא צוה ונבראו,"Let them praise the name of GOD—who commanded that they be created,",Ninguno
Psalms,148,6,ויעמידם לעד לעולם חקנתן ולא יעבור,"and who made them endure forever,establishing an order that shall never change.",Ninguno
Psalms,148,7,הללו אתיהוה מןהארץ תנינים וכלתהמות,"Praise GOD, O you who are on earth,all sea monsters and ocean depths,",Ninguno
Psalms,148,8,אש וברד שלג וקיטור רוח סערה עשה דברו,"fire and hail, snow and smoke,storm wind that executes God’s command,",Ninguno
Psalms,148,9,ההרים וכלגבעות עץ פרי וכלארזים,"all mountains and hills,all fruit trees and cedars,",Ninguno
Psalms,148,10,החיה וכלבהמה רמש וצפור כנף,"all wild and tamed animals,creeping things and winged birds,",Ninguno
Psalms,148,11,מלכיארץ וכללאמים שרים וכלשפטי ארץ,"all kings and peoples of the earth,all princes of the earth and its judges,",Ninguno
Psalms,148,12,בחורים וגםבתולות זקנים עםנערים,"youths and maidens alike,old and young together.",Ninguno
Psalms,148,13,יהללו&thinsp;<b></b> אתשם יהוה כינשגב שמו לבדו הודו עלארץ ושמים,Let them praise GOD’s name—for sublime is this name alone—of the One whose splendor covers heaven and earth.,Ninguno
Psalms,148,14,"וירם קרן&thinsp;<b></b> לעמו תהלה לכלחסידיו לבני ישראל עם קרבו הללויה&nbsp;<span class=""mam-spi-pe"">{פ}</span><br>","[God] has exalted the horn of this peoplefor the glory of all faithful ones,Israel, the people brought close.Hallelujah.",Ninguno
Psalms,149,1,"הללו<span class=""mam-implicit-maqaf""></span>יה&thinsp;<b></b> שירו ליהוה שיר חדש תהלתו בקהל חסידים","Hallelujah.Sing to GOD a new song,sing praises in the congregation of the faithful.",Ninguno
Psalms,149,2,ישמח ישראל בעשיו בניציון יגילו במלכם,Let Israel rejoice in its maker;let the children of Zion exult in their monarch.,Ninguno
Psalms,149,3,יהללו שמו במחול בתף וכנור יזמרולו,Let them praise God’s name in dance;with hand-drum and lyre let them chant such praises.,Ninguno
Psalms,149,4,כירוצה יהוה בעמו יפאר ענוים בישועה,"For GOD delights in this people,and adorns the lowly with victory.",Ninguno
Psalms,149,5,יעלזו חסידים בכבוד ירננו עלמשכבותם,"Let the faithful exult in glory;let them shout for joy upon their couches,",Ninguno
Psalms,149,6,רוממות אל בגרונם וחרב פיפיות בידם,"with paeans to God in their throatsand two-edged swords in their hands,",Ninguno
Psalms,149,7,לעשות נקמה בגוים תוכחות בלאמים,"to impose retribution upon the nations,punishment upon the peoples,",Ninguno
Psalms,149,8,לאסר מלכיהם בזקים ונכבדיהם בכבלי ברזל,"binding their kings with shackles,their nobles with chains of iron,",Ninguno
Psalms,149,9,"לעשות בהם&thinsp;<b></b> משפט כתוב הדר הוא לכלחסידיו הללויה&nbsp;<span class=""mam-spi-pe"">{פ}</span><br>",executing the doom decreed against them.This is the glory of all the faithful.Hallelujah.,Ninguno
Psalms,150,1,"הללו<span class=""mam-implicit-maqaf""></span>יה&thinsp;<b></b> הללואל בקדשו הללוהו ברקיע עזו","Hallelujah.Give praise in the divine sanctuary;give praise in the sky, the divine stronghold.",Ninguno
Psalms,150,2,הללוהו בגבורתיו הללוהו כרב גדלו,Give praise for mighty acts;give praise forafor Or “as befits.” exceeding greatness.,Ninguno
Psalms,150,3,הללוהו בתקע שופר הללוהו בנבל וכנור,Give praise with blasts of the horn;give praise with harp and lyre.,Ninguno
Psalms,150,4,הללוהו בתף ומחול הללוהו במנים ועגב,Give praise with hand-drum and dance;give praise with lute and pipe.,Ninguno
Psalms,150,5,הללוהו בצלצלישמע הללוהו בצלצלי תרועה,Give praise with resounding cymbals;give praise with loud-clashing cymbals.,Ninguno
Psalms,150,6,כל הנשמה תהלל יה הללויה,Let all that breathes praise Yah.bYah See note at 68.5. Hallelujah.,Ninguno
