Libro,Capitulo,Versiculo,Hebreo_Limpio,Traduccion,Conceptos_Matriz
Numbers,1,1,וידבר יהוה אלמשה במדבר סיני באהל מועד באחד לחדש השני בשנה השנית לצאתם מארץ מצרים לאמר,"On the first day of the second month, in the second year after the exodus from the land of Egypt, GOD spoke to Moses in the wilderness of Sinai, in the Tent of Meeting, saying:",Ninguno
Numbers,1,2,שאו אתראש כלעדת בניישראל למשפחתם לבית אבתם במספר שמות כלזכר לגלגלתם,"Take a census of the whole Israelite communityawhole Israelite community Or those eligible to be fighters on the community’s behalf. by the clans of its ancestral houses,bits ancestral houses I.e., its tribes. listing the names, every male, head by head. ",Ninguno
Numbers,1,3,מבן עשרים שנה ומעלה כליצא צבא בישראל תפקדו אתם לצבאתם אתה ואהרן,"You and Aaron shall record them by their groups, from the age of twenty years up, all those in Israel who are able to bear arms. ",Ninguno
Numbers,1,4,ואתכם יהיו איש איש למטה איש ראש לביתאבתיו הוא,"Associated with you shall be a representative from every tribe, each one the head of his ancestral house.",Ninguno
Numbers,1,5,ואלה שמות האנשים אשר יעמדו אתכם לראובן אליצור בןשדיאור,"These are the names of the men who shall assist you:From Reuben, Elizur son of Shedeur.",Ninguno
Numbers,1,6,לשמעון שלמיאל בןצורישדי,"From Simeon, Shelumiel son of Zurishaddai.",Ninguno
Numbers,1,7,ליהודה נחשון בןעמינדב,"From Judah, Nahshon son of Amminadab.",Ninguno
Numbers,1,8,ליששכר נתנאל בןצוער,"From Issachar, Nethanel son of Zuar.",Ninguno
Numbers,1,9,לזבולן אליאב בןחלן,"From Zebulun, Eliab son of Helon.",Ninguno
Numbers,1,10,לבני יוסף לאפרים אלישמע בןעמיהוד למנשה גמליאל בןפדהצור,"From the sons of Joseph:from Ephraim, Elishama son of Ammihud;from Manasseh, Gamaliel son of Pedahzur.",Ninguno
Numbers,1,11,לבנימן אבידן בןגדעני,"From Benjamin, Abidan son of Gideoni.",Ninguno
Numbers,1,12,לדן אחיעזר בןעמישדי,"From Dan, Ahiezer son of Ammishaddai.",Ninguno
Numbers,1,13,לאשר פגעיאל בןעכרן,"From Asher, Pagiel son of Ochran.",Ninguno
Numbers,1,14,לגד אליסף בןדעואל,"From Gad, Eliasaph son of Deuel.",Ninguno
Numbers,1,15,לנפתלי אחירע בןעינן,"From Naphtali, Ahira son of Enan.",Ninguno
Numbers,1,16,"אלה <span class=""mam-kq""><span class=""mam-kq-k"">(קריאי)</span> <span class=""mam-kq-q"">[קרואי]</span></span> העדה נשיאי מטות אבותם ראשי אלפי ישראל הם","Those are the elected of the assembly, the chieftains of their ancestral tribes: they are the heads of the contingents of Israel.",Ninguno
Numbers,1,17,"ויקח משה ואהרן את האנשים האלה אשר נקבו בשמת<sup class=""footnote-marker"">*</sup><i class=""footnote"">(בספרי ספרד ואשכנז בשמות)</i>","So Moses and Aaron took those men who were designated by name, ",Ninguno
Numbers,1,18,ואת כלהעדה הקהילו באחד לחדש השני ויתילדו עלמשפחתם לבית אבתם במספר שמות מבן עשרים שנה ומעלה לגלגלתם,"and on the first day of the second month they convoked the whole community,cwhole community See note at v. 2. who were registered by the clans of their ancestral houses—the names of those aged twenty years and over being listed head by head. ",Ninguno
Numbers,1,19,"כאשר צוה יהוה אתמשה ויפקדם במדבר סיני&nbsp;<span class=""mam-spi-samekh"">{ס}</span>&nbsp;&nbsp;&nbsp;&nbsp;&nbsp;&nbsp;&nbsp;&nbsp;","As GOD had commanded Moses, so he recorded them in the wilderness of Sinai.",Ninguno
Numbers,1,20,ויהיו בניראובן בכר ישראל תולדתם למשפחתם לבית אבתם במספר שמות לגלגלתם כלזכר מבן עשרים שנה ומעלה כל יצא צבא,"They totaled as follows:The descendants of Reuben, Israel’s first-born, the registration of the clans of their ancestral house, as listed by name, head by head, all males aged twenty years and over, all who were able to bear arms— ",Ninguno
Numbers,1,21,"פקדיהם למטה ראובן ששה וארבעים אלף וחמש מאות&nbsp;<span class=""mam-spi-pe"">{פ}</span><br>","those enrolled from the tribe of Reuben: 46,500.",Ninguno
Numbers,1,22,לבני שמעון תולדתם למשפחתם לבית אבתם פקדיו במספר שמות לגלגלתם כלזכר מבן עשרים שנה ומעלה כל יצא צבא,"Of the descendants of Simeon, the registration of the clans of their ancestral house, their enrollment as listed by name, head by head, all males aged twenty years and over, all who were able to bear arms— ",Ninguno
Numbers,1,23,"פקדיהם למטה שמעון תשעה וחמשים אלף ושלש מאות&nbsp;<span class=""mam-spi-pe"">{פ}</span><br>","those enrolled from the tribe of Simeon: 59,300.",Ninguno
Numbers,1,24,לבני גד תולדתם למשפחתם לבית אבתם במספר שמות מבן עשרים שנה ומעלה כל יצא צבא,"Of the descendants of Gad, the registration of the clans of their ancestral house, as listed by name, aged twenty years and over, all who were able to bear arms— ",Ninguno
Numbers,1,25,"פקדיהם למטה גד חמשה וארבעים אלף ושש מאות וחמשים&nbsp;<span class=""mam-spi-pe"">{פ}</span><br>","those enrolled from the tribe of Gad: 45,650.",Ninguno
Numbers,1,26,לבני יהודה תולדתם למשפחתם לבית אבתם במספר שמת מבן עשרים שנה ומעלה כל יצא צבא,"Of the descendants of Judah, the registration of the clans of their ancestral house, as listed by name, aged twenty years and over, all who were able to bear arms— ",Ninguno
Numbers,1,27,"פקדיהם למטה יהודה ארבעה ושבעים אלף ושש מאות&nbsp;<span class=""mam-spi-pe"">{פ}</span><br>","those enrolled from the tribe of Judah: 74,600.",Ninguno
Numbers,1,28,לבני יששכר תולדתם למשפחתם לבית אבתם במספר שמת מבן עשרים שנה ומעלה כל יצא צבא,"Of the descendants of Issachar, the registration of the clans of their ancestral house, as listed by name, aged twenty years and over, all who were able to bear arms— ",Ninguno
Numbers,1,29,"פקדיהם למטה יששכר ארבעה וחמשים אלף וארבע מאות&nbsp;<span class=""mam-spi-pe"">{פ}</span><br>","those enrolled from the tribe of Issachar: 54,400.",Ninguno
Numbers,1,30,לבני זבולן תולדתם למשפחתם לבית אבתם במספר שמת מבן עשרים שנה ומעלה כל יצא צבא,"Of the descendants of Zebulun, the registration of the clans of their ancestral house, as listed by name, aged twenty years and over, all who were able to bear arms— ",Ninguno
Numbers,1,31,"פקדיהם למטה זבולן שבעה וחמשים אלף וארבע מאות&nbsp;<span class=""mam-spi-pe"">{פ}</span><br>","those enrolled from the tribe of Zebulun: 57,400.",Ninguno
Numbers,1,32,לבני יוסף לבני אפרים תולדתם למשפחתם לבית אבתם במספר שמת מבן עשרים שנה ומעלה כל יצא צבא,"Of the descendants of Joseph:Of the descendants of Ephraim, the registration of the clans of their ancestral house, as listed by name, aged twenty years and over, all who were able to bear arms— ",Ninguno
Numbers,1,33,"פקדיהם למטה אפרים ארבעים אלף וחמש מאות&nbsp;<span class=""mam-spi-pe"">{פ}</span><br>","those enrolled from the tribe of Ephraim: 40,500.",Ninguno
Numbers,1,34,לבני מנשה תולדתם למשפחתם לבית אבתם במספר שמות מבן עשרים שנה ומעלה כל יצא צבא,"Of the descendants of Manasseh, the registration of the clans of their ancestral house, as listed by name, aged twenty years and over, all who were able to bear arms— ",Ninguno
Numbers,1,35,"פקדיהם למטה מנשה שנים ושלשים אלף ומאתים&nbsp;<span class=""mam-spi-pe"">{פ}</span><br>","those enrolled from the tribe of Manasseh: 32,200.",Ninguno
Numbers,1,36,לבני בנימן תולדתם למשפחתם לבית אבתם במספר שמת מבן עשרים שנה ומעלה כל יצא צבא,"Of the descendants of Benjamin, the registration of the clans of their ancestral house, as listed by name, aged twenty years and over, all who were able to bear arms— ",Ninguno
Numbers,1,37,"פקדיהם למטה בנימן חמשה ושלשים אלף וארבע מאות&nbsp;<span class=""mam-spi-pe"">{פ}</span><br>","those enrolled from the tribe of Benjamin: 35,400.",Ninguno
Numbers,1,38,לבני דן תולדתם למשפחתם לבית אבתם במספר שמת מבן עשרים שנה ומעלה כל יצא צבא,"Of the descendants of Dan, the registration of the clans of their ancestral house, as listed by name, aged twenty years and over, all who were able to bear arms— ",Ninguno
Numbers,1,39,"פקדיהם למטה דן שנים וששים אלף ושבע מאות&nbsp;<span class=""mam-spi-pe"">{פ}</span><br>","those enrolled from the tribe of Dan: 62,700.",Ninguno
Numbers,1,40,לבני אשר תולדתם למשפחתם לבית אבתם במספר שמת מבן עשרים שנה ומעלה כל יצא צבא,"Of the descendants of Asher, the registration of the clans of their ancestral house, as listed by name, aged twenty years and over, all who were able to bear arms— ",Ninguno
Numbers,1,41,"פקדיהם למטה אשר אחד וארבעים אלף וחמש מאות&nbsp;<span class=""mam-spi-pe"">{פ}</span><br>","those enrolled from the tribe of Asher: 41,500.",Ninguno
Numbers,1,42,בני נפתלי תולדתם למשפחתם לבית אבתם במספר שמת מבן עשרים שנה ומעלה כל יצא צבא,"[Of] the descendants of Naphtali, the registration of the clans of their ancestral house as listed by name, aged twenty years and over, all who were able to bear arms— ",Ninguno
Numbers,1,43,"פקדיהם למטה נפתלי שלשה וחמשים אלף וארבע מאות&nbsp;<span class=""mam-spi-pe"">{פ}</span><br>","those enrolled from the tribe of Naphtali: 53,400.",Ninguno
Numbers,1,44,אלה הפקדים אשר פקד משה ואהרן ונשיאי ישראל שנים עשר איש אישאחד לביתאבתיו היו,"Those are the enrollments recorded by Moses and Aaron and by the chieftains of Israel, who were twelve in number, one from each ancestral house. ",Ninguno
Numbers,1,45,ויהיו כלפקודי בניישראל לבית אבתם מבן עשרים שנה ומעלה כליצא צבא בישראל,"All the Israelites aged twenty years and over, enrolled by ancestral houses, all those in Israel who were able to bear arms— ",Ninguno
Numbers,1,46,ויהיו כלהפקדים ששמאות אלף ושלשת אלפים וחמש מאות וחמשים,"all who were enrolled came to 603,550.",Ninguno
Numbers,1,47,"והלוים למטה אבתם לא התפקדו בתוכם&nbsp;<span class=""mam-spi-pe"">{פ}</span><br>","The Levites, however, were not recorded among them by their ancestral tribe. ",Ninguno
Numbers,1,48,וידבר יהוה אלמשה לאמר,"For GOD had spoken to Moses, saying: ",Ninguno
Numbers,1,49,אך אתמטה לוי לא תפקד ואתראשם לא תשא בתוך בני ישראל,Do not on any account enroll the tribe of Levi or take a census of them with the Israelites.,Ninguno
Numbers,1,50,ואתה הפקד אתהלוים עלמשכן העדת ועל כלכליו ועל כלאשרלו המה ישאו אתהמשכן ואתכלכליו והם ישרתהו וסביב למשכן יחנו,"You shall put the Levites in charge of the Tabernacle of the Pact, all its furnishings, and everything that pertains to it: they shall carry the Tabernacle and all its furnishings, and they shall tend it; and they shall camp around the Tabernacle. ",Ninguno
Numbers,1,51,ובנסע המשכן יורידו אתו הלוים ובחנת המשכן יקימו אתו הלוים והזר הקרב יומת,"When the Tabernacle is to set out, the Levites shall take it down, and when the Tabernacle is to be pitched, the Levites shall set it up; any outsider who encroaches shall be put to death. ",Ninguno
Numbers,1,52,וחנו בני ישראל איש עלמחנהו ואיש עלדגלו לצבאתם,"The Israelites shall encamp troop by troop, each [household] with its division and each under its standard. ",Ninguno
Numbers,1,53,והלוים יחנו סביב למשכן העדת ולאיהיה קצף עלעדת בני ישראל ושמרו הלוים אתמשמרת משכן העדות,"The Levites, however, shall camp around the Tabernacle of the Pact, that wrath may not strike the Israelite community; the Levites shall stand guard around the Tabernacle of the Pact.",Ninguno
Numbers,1,54,"ויעשו בני ישראל ככל אשר צוה יהוה אתמשה כן עשו&nbsp;<span class=""mam-spi-pe"">{פ}</span><br>","The Israelites did accordingly; just as GOD had commanded Moses, so they did.",Ninguno
Numbers,2,1,וידבר יהוה אלמשה ואלאהרן לאמר,"
GOD
 spoke to Moses and Aaron, saying: ",Ninguno
Numbers,2,2,איש עלדגלו באתת לבית אבתם יחנו בני ישראל מנגד סביב לאהלמועד יחנו,"The Israelites shall camp each [household] with its standard, under the banners of their ancestral house; they shall camp around the Tent of Meeting at a distance.",Ninguno
Numbers,2,3,והחנים קדמה מזרחה דגל מחנה יהודה לצבאתם ונשיא לבני יהודה נחשון בןעמינדב,"Camped on the front, or east side: the standard of the division of Judah, troop by troop.Chieftain of the Judahites: Nahshon son of Amminadab. ",Ninguno
Numbers,2,4,וצבאו ופקדיהם ארבעה ושבעים אלף ושש מאות,"His troop, as enrolled: 74,600.",Ninguno
Numbers,2,5,והחנים עליו מטה יששכר ונשיא לבני יששכר נתנאל בןצוער,Camping next to it:The tribe of Issachar.Chieftain of the Issacharites: Nethanel son of Zuar. ,Ninguno
Numbers,2,6,וצבאו ופקדיו ארבעה וחמשים אלף וארבע מאות,"His troop, as enrolled: 54,400.",Ninguno
Numbers,2,7,מטה זבולן ונשיא לבני זבולן אליאב בןחלן,The tribe of Zebulun.Chieftain of the Zebulunites: Eliab son of Helon. ,Ninguno
Numbers,2,8,וצבאו ופקדיו שבעה וחמשים אלף וארבע מאות,"His troop, as enrolled: 57,400.",Ninguno
Numbers,2,9,"כלהפקדים למחנה יהודה מאת אלף ושמנים אלף וששתאלפים וארבעמאות לצבאתם ראשנה יסעו&nbsp;<span class=""mam-spi-samekh"">{ס}</span>&nbsp;&nbsp;&nbsp;&nbsp;&nbsp;&nbsp;&nbsp;&nbsp;","The total enrolled in the division of Judah: 186,400, for all troops. These shall march first.",Ninguno
Numbers,2,10,דגל מחנה ראובן תימנה לצבאתם ונשיא לבני ראובן אליצור בןשדיאור,"On the south: the standard of the division of Reuben, troop by troop.Chieftain of the Reubenites: Elizur son of Shedeur. ",Ninguno
Numbers,2,11,וצבאו ופקדיו ששה וארבעים אלף וחמש מאות,"His troop, as enrolled: 46,500.",Ninguno
Numbers,2,12,והחונם עליו מטה שמעון ונשיא לבני שמעון שלמיאל בןצורישדי,Camping next to it:The tribe of Simeon.Chieftain of the Simeonites: Shelumiel son of Zurishaddai. ,Ninguno
Numbers,2,13,וצבאו ופקדיהם תשעה וחמשים אלף ושלש מאות,"His troop, as enrolled: 59,300.",Ninguno
Numbers,2,14,ומטה גד ונשיא לבני גד אליסף בןרעואל,And the tribe of Gad.Chieftain of the Gadites: Eliasaph son of Reuel. ,Ninguno
Numbers,2,15,וצבאו ופקדיהם חמשה וארבעים אלף ושש מאות וחמשים,"His troop, as enrolled: 45,650.",Ninguno
Numbers,2,16,"כלהפקדים למחנה ראובן מאת אלף ואחד וחמשים אלף וארבעמאות וחמשים לצבאתם ושנים יסעו&nbsp;<span class=""mam-spi-samekh"">{ס}</span>&nbsp;&nbsp;&nbsp;&nbsp;&nbsp;&nbsp;&nbsp;&nbsp;","The total enrolled in the division of Reuben: 151,450, for all troops. These shall march second.",Ninguno
Numbers,2,17,"ונסע אהלמועד מחנה הלוים בתוך המחנת כאשר יחנו כן יסעו איש עלידו לדגליהם&nbsp;<span class=""mam-spi-samekh"">{ס}</span>&nbsp;&nbsp;&nbsp;&nbsp;&nbsp;&nbsp;&nbsp;&nbsp;","Then, midway between the divisions, the Tent of Meeting, the division of the Levites, shall move. As they camp, so they shall march, each in position, by their standards.",Ninguno
Numbers,2,18,דגל מחנה אפרים לצבאתם ימה ונשיא לבני אפרים אלישמע בןעמיהוד,"On the west: the standard of the division of Ephraim, troop by troop.Chieftain of the Ephraimites: Elishama son of Ammihud.",Ninguno
Numbers,2,19,וצבאו ופקדיהם ארבעים אלף וחמש מאות,"His troop, as enrolled: 40,500.",Ninguno
Numbers,2,20,ועליו מטה מנשה ונשיא לבני מנשה גמליאל בןפדהצור,Next to it:The tribe of Manasseh.Chieftain of the Manassites: Gamaliel son of Pedahzur. ,Ninguno
Numbers,2,21,וצבאו ופקדיהם שנים ושלשים אלף ומאתים,"His troop, as enrolled: 32,200.",Ninguno
Numbers,2,22,ומטה בנימן ונשיא לבני בנימן אבידן בןגדעני,And the tribe of Benjamin.Chieftain of the Benjaminites: Abidan son of Gideoni. ,Ninguno
Numbers,2,23,וצבאו ופקדיהם חמשה ושלשים אלף וארבע מאות,"His troop, as enrolled: 35,400.",Ninguno
Numbers,2,24,"כלהפקדים למחנה אפרים מאת אלף ושמנתאלפים ומאה לצבאתם ושלשים יסעו&nbsp;<span class=""mam-spi-samekh"">{ס}</span>&nbsp;&nbsp;&nbsp;&nbsp;&nbsp;&nbsp;&nbsp;&nbsp;","The total enrolled in the division of Ephraim: 108,100 for all troops. These shall march third.",Ninguno
Numbers,2,25,דגל מחנה דן צפנה לצבאתם ונשיא לבני דן אחיעזר בןעמישדי,"On the north: the standard of the division of Dan, troop by troop.Chieftain of the Danites: Ahiezer son of Ammishaddai. ",Ninguno
Numbers,2,26,וצבאו ופקדיהם שנים וששים אלף ושבע מאות,"His troop, as enrolled: 62,700.",Ninguno
Numbers,2,27,והחנים עליו מטה אשר ונשיא לבני אשר פגעיאל בןעכרן,Camping next to it:The tribe of Asher.Chieftain of the Asherites: Pagiel son of Ochran. ,Ninguno
Numbers,2,28,וצבאו ופקדיהם אחד וארבעים אלף וחמש מאות,"His troop, as enrolled: 41,500.",Ninguno
Numbers,2,29,ומטה נפתלי ונשיא לבני נפתלי אחירע בןעינן,And the tribe of Naphtali.Chieftain of the Naphtalites: Ahira son of Enan. ,Ninguno
Numbers,2,30,וצבאו ופקדיהם שלשה וחמשים אלף וארבע מאות,"His troop, as enrolled: 53,400.",Ninguno
Numbers,2,31,"כלהפקדים למחנה דן מאת אלף ושבעה וחמשים אלף ושש מאות לאחרנה יסעו לדגליהם&nbsp;<span class=""mam-spi-pe"">{פ}</span><br>","The total enrolled in the division of Dan: 157,600. These shall march last, by their standards.",Ninguno
Numbers,2,32,אלה פקודי בניישראל לבית אבתם כלפקודי המחנת לצבאתם ששמאות אלף ושלשת אלפים וחמש מאות וחמשים,"Those are the enrollments of the Israelites by ancestral houses. The total enrolled in the divisions, for all troops: 603,550. ",Ninguno
Numbers,2,33,והלוים לא התפקדו בתוך בני ישראל כאשר צוה יהוה אתמשה,"The Levites, however, were not recorded among the Israelites, as GOD had commanded Moses.",Ninguno
Numbers,2,34,"ויעשו בני ישראל ככל אשרצוה יהוה אתמשה כןחנו לדגליהם וכן נסעו איש למשפחתיו עלבית אבתיו&nbsp;<span class=""mam-spi-pe"">{פ}</span><br>","The Israelites did accordingly; just as GOD had commanded Moses, so they camped by their standards, and so they marched, each [household] with its clan according to its ancestral house.",Ninguno
Numbers,3,1,ואלה תולדת אהרן ומשה ביום דבר יהוה אתמשה בהר סיני,This is the line of Aaron and Moses at the time that GOD spoke with Moses on Mount Sinai.,Ninguno
Numbers,3,2,ואלה שמות בניאהרן הבכר&thinsp;<small></small>&thinsp;נדב ואביהוא אלעזר ואיתמר,"These were the names of Aaron’s sons: Nadab, the first-born, and Abihu, Eleazar and Ithamar; ",Ninguno
Numbers,3,3,אלה שמות בני אהרן הכהנים המשחים אשרמלא ידם לכהן,"those were the names of Aaron’s sons, the anointed priests who were ordained for priesthood. ",Ninguno
Numbers,3,4,"וימת נדב ואביהוא לפני יהוה בהקרבם אש זרה לפני יהוה במדבר סיני ובנים לאהיו להם ויכהן אלעזר ואיתמר עלפני אהרן אביהם&nbsp;<span class=""mam-spi-pe"">{פ}</span><br>","But Nadab and Abihu died by GOD’s will,aby GOD’s will Lit. “before GOD.” when they offered alien fire before GOD in the wilderness of Sinai; and they left no sons. So it was Eleazar and Ithamar who served as priests in the lifetime of their father Aaron.",Ninguno
Numbers,3,5,וידבר יהוה אלמשה לאמר,"
GOD
 spoke to Moses, saying: ",Ninguno
Numbers,3,6,הקרב אתמטה לוי והעמדת אתו לפני אהרן הכהן ושרתו אתו,"Advance the tribe of Levi and place thembthem I.e., the tribe’s males who meet the age qualifications; cf. 8.23–26. in attendance upon Aaron the priest to serve him. ",Ninguno
Numbers,3,7,ושמרו אתמשמרתו ואתמשמרת כלהעדה לפני אהל מועד לעבד אתעבדת המשכן,"They shall perform duties for him and for the whole community before the Tent of Meeting, doing the work of the Tabernacle. ",Ninguno
Numbers,3,8,ושמרו אתכלכלי אהל מועד ואתמשמרת בני ישראל לעבד אתעבדת המשכן,They shall take charge of all the furnishings of the Tent of Meeting—a duty on behalf of the Israelites—doing the work of the Tabernacle.,Ninguno
Numbers,3,9,ונתתה אתהלוים לאהרן ולבניו נתונם נתונם המה לו מאת בני ישראל,You shall assign the Levites to Aaron and to his sons: they are formally assigned to him from among the Israelites.,Ninguno
Numbers,3,10,"ואתאהרן ואתבניו תפקד ושמרו אתכהנתם והזר הקרב יומת&nbsp;<span class=""mam-spi-pe"">{פ}</span><br>",You shall make Aaron and his sons responsible for observing their priestly duties; and any outsider who encroaches shall be put to death.,Ninguno
Numbers,3,11,וידבר יהוה אלמשה לאמר,"
GOD
 spoke to Moses, saying: ",Ninguno
Numbers,3,12,ואני הנה לקחתי אתהלוים מתוך בני ישראל תחת כלבכור פטר רחם מבני ישראל והיו לי הלוים,"I hereby take the Levites from among the Israelites in place of all the male first-born, the first issue of the womb among the Israelites: the Levites shall be Mine. ",Ninguno
Numbers,3,13,"כי לי כלבכור ביום הכתי כלבכור בארץ מצרים הקדשתי לי כלבכור בישראל מאדם עדבהמה לי יהיו אני יהוה&nbsp;<span class=""mam-spi-pe"">{פ}</span><br>","For every such first-born is Mine: at the time that I smote every [male] first-born in the land of Egypt, I consecrated every first-born in Israel, human and animal, to Myself, to be Mine, GOD’s.",Ninguno
Numbers,3,14,וידבר יהוה אלמשה במדבר סיני לאמר,"
GOD
 spoke to Moses in the wilderness of Sinai, saying: ",Ninguno
Numbers,3,15,פקד אתבני לוי לבית אבתם למשפחתם כלזכר מבןחדש ומעלה תפקדם,Record the descendants of Levi by ancestral house and by clan; record every male among them from the age of one month up.,Ninguno
Numbers,3,16,ויפקד אתם משה עלפי יהוה כאשר צוה,"So Moses recorded them at GOD’s command, as he was bidden. ",Ninguno
Numbers,3,17,ויהיואלה בנילוי בשמתם גרשון וקהת ומררי,"These were the sons of Levi by name: Gershon, Kohath, and Merari. ",Ninguno
Numbers,3,18,ואלה שמות בניגרשון למשפחתם לבני ושמעי,These were the names of the sons of Gershon by clan: Libni and Shimei.,Ninguno
Numbers,3,19,ובני קהת למשפחתם עמרם ויצהר חברון ועזיאל,"The sons of Kohath by clan: Amram and Izhar, Hebron and Uzziel. ",Ninguno
Numbers,3,20,ובני מררי למשפחתם מחלי ומושי אלה הם משפחת הלוי לבית אבתם,The sons of Merari by clan: Mahli and Mushi.These were the clans of the Levites within their ancestral houses:,Ninguno
Numbers,3,21,לגרשון משפחת הלבני ומשפחת השמעי אלה הם משפחת הגרשני,To Gershon belonged the clan of the Libnites and the clan of the Shimeites; those were the clans of the Gershonites.,Ninguno
Numbers,3,22,פקדיהם במספר כלזכר מבןחדש ומעלה פקדיהם שבעת אלפים וחמש מאות,"The recorded entries of all their males from the age of one month up, as recorded, came to 7,500. ",Ninguno
Numbers,3,23,משפחת הגרשני אחרי המשכן יחנו ימה,"The clans of the Gershonites were to camp behind the Tabernacle, to the west. ",Ninguno
Numbers,3,24,ונשיא ביתאב לגרשני אליסף בןלאל,The chieftain of the ancestral house of the Gershonites was Eliasaph son of Lael.,Ninguno
Numbers,3,25,ומשמרת בניגרשון באהל מועד המשכן והאהל מכסהו ומסך פתח אהל מועד,"The duties of the Gershonites in the Tent of Meeting comprised: the tabernacle,ctabernacle Here (set in lower case), the lowest of the covers of the Tabernacle; cf. Exod. 26.1. the tent, its covering, and the screen for the entrance of the Tent of Meeting; ",Ninguno
Numbers,3,26,"וקלעי החצר ואתמסך פתח החצר אשר עלהמשכן ועלהמזבח סביב ואת מיתריו לכל עבדתו&nbsp;<span class=""mam-spi-samekh"">{ס}</span>&nbsp;&nbsp;&nbsp;&nbsp;&nbsp;&nbsp;&nbsp;&nbsp;","the hangings of the enclosure, the screen for the entrance of the enclosure that surrounds the Tabernacle, the cords thereof, and the altar—all the service connected with these.",Ninguno
Numbers,3,27,ולקהת משפחת העמרמי ומשפחת היצהרי ומשפחת החברני ומשפחת העזיאלי אלה הם משפחת הקהתי,"To Kohath belonged the clan of the Amramites, the clan of the Izharites, the clan of the Hebronites, and the clan of the Uzzielites; those were the clans of the Kohathites. ",Ninguno
Numbers,3,28,במספר כלזכר מבןחדש ומעלה שמנת אלפים ושש מאות שמרי משמרת הקדש,"All the listed males from the age of one month up came to 8,600, attending to the duties of the sanctuary. ",Ninguno
Numbers,3,29,משפחת בניקהת יחנו על ירך המשכן תימנה,The clans of the Kohathites were to camp along the south side of the Tabernacle.,Ninguno
Numbers,3,30,ונשיא ביתאב למשפחת הקהתי אליצפן בןעזיאל,The chieftain of the ancestral house of the Kohathite clans was Elizaphan son of Uzziel.,Ninguno
Numbers,3,31,ומשמרתם הארן והשלחן והמנרה והמזבחת וכלי הקדש אשר ישרתו בהם והמסך וכל עבדתו,"Their duties comprised: the ark, the table, the lampstand, the altars, and the sacred utensils that were used with them, and the screendscreen I.e., the screening curtain; cf. 4.5.—all the service connected with these. ",Ninguno
Numbers,3,32,ונשיא נשיאי הלוי אלעזר בןאהרן הכהן פקדת שמרי משמרת הקדש,"The head chieftain of the Levites was Eleazar son of Aaron the priest, in charge of those attending to the duties of the sanctuary.",Ninguno
Numbers,3,33,למררי משפחת המחלי ומשפחת המושי אלה הם משפחת מררי,To Merari belonged the clan of the Mahlites and the clan of the Mushites; those were the clans of Merari.,Ninguno
Numbers,3,34,ופקדיהם במספר כלזכר מבןחדש ומעלה ששת אלפים ומאתים,"The recorded entries of all their males from the age of one month up came to 6,200. ",Ninguno
Numbers,3,35,ונשיא ביתאב למשפחת מררי צוריאל בןאביחיל על ירך המשכן יחנו צפנה,The chieftain of the ancestral house of the clans of Merari was Zuriel son of Abihail. They were to camp along the north side of the Tabernacle.,Ninguno
Numbers,3,36,ופקדת משמרת בני מררי קרשי המשכן ובריחיו ועמדיו ואדניו וכלכליו וכל עבדתו,"The assigned duties of the Merarites comprised: the planks of the Tabernacle, its bars, posts, and sockets, and all its furnishings—all the service connected with these; ",Ninguno
Numbers,3,37,ועמדי החצר סביב ואדניהם ויתדתם ומיתריהם,"also the posts around the enclosure and their sockets, pegs, and cords.",Ninguno
Numbers,3,38,והחנים לפני המשכן קדמה לפני אהלמועד&thinsp;<small></small>&thinsp;מזרחה משה&thinsp;<b></b> ואהרן ובניו שמרים משמרת המקדש למשמרת בני ישראל והזר הקרב יומת,"Those who were to camp before the Tabernacle, in front—before the Tent of Meeting, on the east—were Moses and Aaron and his sons, attending to the duties of the sanctuary, as a duty on behalf of the Israelites; and any outsider who encroached was to be put to death. ",Ninguno
Numbers,3,39,"כלפקודי הלוים אשר פקד משה ואהרן עלפי יהוה למשפחתם כלזכר מבןחדש ומעלה שנים ועשרים אלף&nbsp;<span class=""mam-spi-samekh"">{ס}</span>&nbsp;&nbsp;&nbsp;&nbsp;&nbsp;&nbsp;&nbsp;&nbsp;","All the Levites who were recorded, whom at GOD’s command Moses and Aaron recorded by their clans, all the males from the age of one month up, came to 22,000.",Ninguno
Numbers,3,40,ויאמר יהוה אלמשה פקד כלבכר זכר לבני ישראל מבןחדש ומעלה ושא את מספר שמתם,"
GOD
 said to Moses: Record every first-born male of the Israelite people from the age of one month up, and make a list of their names; ",Ninguno
Numbers,3,41,ולקחת אתהלוים לי אני יהוה תחת כלבכר בבני ישראל ואת בהמת הלוים תחת כלבכור בבהמת בני ישראל,"and take the Levites for Me, GOD, in place of every such first-born among the Israelite people, and the cattle of the Levites in place of every male first-born among the cattle of the Israelites. ",Ninguno
Numbers,3,42,ויפקד משה כאשר צוה יהוה אתו אתכלבכור בבני ישראל,"So Moses recorded all the first-born among the Israelites, as GOD had commanded him. ",Ninguno
Numbers,3,43,"ויהי כלבכור זכר במספר שמת מבןחדש ומעלה לפקדיהם שנים ועשרים אלף שלשה ושבעים ומאתים&nbsp;<span class=""mam-spi-pe"">{פ}</span><br>","All the first-born males as listed by name, recorded from the age of one month up, came to 22,273.",Ninguno
Numbers,3,44,וידבר יהוה אלמשה לאמר,"
GOD
 spoke to Moses, saying: ",Ninguno
Numbers,3,45,קח אתהלוים תחת כלבכור בבני ישראל ואתבהמת הלוים תחת בהמתם והיולי הלוים אני יהוה,"Take the Levites in place of all the male first-born among the Israelite people, and the cattle of the Levites in place of their cattle; and the Levites shall be Mine, GOD’s. ",Ninguno
Numbers,3,46,ואת פדויי השלשה והשבעים והמאתים העדפים עלהלוים מבכור בני ישראל,"And as the redemption price of the 273 Israelite first-born over and above the number of the Levites, ",Ninguno
Numbers,3,47,ולקחת חמשת חמשת שקלים לגלגלת בשקל הקדש תקח עשרים גרה השקל,"take five shekels per head—take this by the sanctuary weight, twenty gerahs to the shekel— ",Ninguno
Numbers,3,48,ונתתה הכסף לאהרן ולבניו פדויי העדפים בהם,and give the money to Aaron and his sons as the redemption price for those who are in excess.,Ninguno
Numbers,3,49,ויקח משה את כסף הפדיום מאת העדפים על פדויי הלוים,So Moses took the redemption money from those over and above the ones redeemed by the Levites;,Ninguno
Numbers,3,50,מאת בכור בני ישראל לקח אתהכסף חמשה וששים ושלש מאות ואלף בשקל הקדש,"he took the money from the male first-born of the Israelites, 1,365 sanctuary shekels. ",Ninguno
Numbers,3,51,"ויתן משה אתכסף הפדים לאהרן ולבניו עלפי יהוה כאשר צוה יהוה אתמשה&nbsp;<span class=""mam-spi-pe"">{פ}</span><br>","And Moses gave the redemption money to Aaron and his sons at GOD’s bidding, as GOD had commanded Moses.",Ninguno
Numbers,4,1,וידבר יהוה אלמשה ואלאהרן לאמר,"
GOD
 spoke to Moses and Aaron, saying:",Ninguno
Numbers,4,2,נשא אתראש בני קהת מתוך בני לוי למשפחתם לבית אבתם,"Take a [separate] census of the Kohathites among the Levites, by the clans of their ancestral house, ",Ninguno
Numbers,4,3,מבן שלשים שנה ומעלה ועד בןחמשים שנה כלבא לצבא לעשות מלאכה באהל מועד,"from the age of thirty years up to the age of fifty, all who are subject to service, to perform tasks for the Tent of Meeting. ",Ninguno
Numbers,4,4,זאת עבדת בניקהת באהל מועד קדש הקדשים,This is the responsibility of the Kohathites in the Tent of Meeting: the most sacred objects.,Ninguno
Numbers,4,5,ובא אהרן ובניו בנסע המחנה והורדו את פרכת המסך וכסובה את ארן העדת,"At the breaking of camp, Aaron and his sons shall go in and take down the screening curtain and cover the Ark of the Pact with it. ",Ninguno
Numbers,4,6,ונתנו עליו כסוי עור תחש ופרשו בגדכליל תכלת מלמעלה ושמו בדיו,"They shall lay a covering of dolphinadolphin Or “dugong,” or a certain hue of dyed cowhide leather; meaning of Heb. taḥash uncertain. skin over it and spread a cloth of pure blue on top; and they shall put its poles in place.",Ninguno
Numbers,4,7,ועל&thinsp;<b></b> שלחן הפנים יפרשו בגד תכלת ונתנו עליו אתהקערת ואתהכפת ואתהמנקית ואת קשות הנסך ולחם התמיד עליו יהיה,"Over the table of display they shall spread a blue cloth; they shall place upon it the bowls, the ladles, the jars, and the libation jugs; and the regular bread shall rest upon it. ",Ninguno
Numbers,4,8,ופרשו עליהם בגד תולעת שני וכסו אתו במכסה עור תחש ושמו אתבדיו,They shall spread over these a crimson cloth that they shall cover with a covering of dolphin skin; and they shall put the poles in place.,Ninguno
Numbers,4,9,ולקחו&thinsp;<b></b> בגד תכלת וכסו אתמנרת המאור ואתנרתיה ואתמלקחיה ואתמחתתיה ואת כלכלי שמנה אשר ישרתולה בהם,"Then they shall take a blue cloth and cover the lampstand for lighting, with its lamps, its tongs, and its fire pans, as well as all the oil vessels that are used in its service. ",Ninguno
Numbers,4,10,ונתנו אתה ואתכלכליה אלמכסה עור תחש ונתנו עלהמוט,"They shall put it and all its furnishings into a covering of dolphin skin, which they shall then place on a carrying frame.",Ninguno
Numbers,4,11,ועל&thinsp;<b></b> מזבח הזהב יפרשו בגד תכלת וכסו אתו במכסה עור תחש ושמו אתבדיו,Next they shall spread a blue cloth over the altar of gold and cover it with a covering of dolphin skin; and they shall put its poles in place.,Ninguno
Numbers,4,12,ולקחו אתכלכלי השרת אשר ישרתובם בקדש ונתנו אלבגד תכלת וכסו אותם במכסה עור תחש ונתנו עלהמוט,"They shall take all the service vessels with which the service in the sanctuary is performed, put them into a blue cloth and cover them with a covering of dolphin skin, which they shall then place on a carrying frame. ",Ninguno
Numbers,4,13,ודשנו אתהמזבח ופרשו עליו בגד ארגמן,They shall remove the ashes from the [copper] altar and spread a purple cloth over it.,Ninguno
Numbers,4,14,ונתנו עליו אתכלכליו אשר ישרתו עליו בהם אתהמחתת אתהמזלגת ואתהיעים ואתהמזרקת כל כלי המזבח ופרשו עליו כסוי עור תחש ושמו בדיו,"Upon it they shall place all the vessels that are used in its service: the fire pans, the flesh hooks, the scrapers, and the basins—all the vessels of the altar—and over it they shall spread a covering of dolphin skin; and they shall put its poles in place.",Ninguno
Numbers,4,15,וכלה אהרןובניו לכסת אתהקדש ואתכלכלי הקדש בנסע המחנה ואחריכן יבאו בניקהת לשאת ולאיגעו אלהקדש ומתו אלה משא בניקהת באהל מועד,"bContinuing v. 4. When Aaron and his sons have finished covering the sacred objects and all the furnishings of the sacred objects at the breaking of camp, only then shall the Kohathites come and lift them, so that they do not come in contact with the sacred objects and die. These things in the Tent of Meeting shall be the porterage of the Kohathites.",Ninguno
Numbers,4,16,"ופקדת אלעזר&thinsp;<b></b> בןאהרן הכהן שמן המאור וקטרת הסמים ומנחת התמיד ושמן המשחה פקדת כלהמשכן וכלאשרבו בקדש ובכליו&nbsp;<span class=""mam-spi-pe"">{פ}</span><br>","Responsibility shall rest with Eleazar son of Aaron the priest for the lighting oil, the aromatic incense, the regular grain offering, and the anointing oil—responsibility for the whole Tabernacle and for everything consecrated that is in it or in its vessels.",Ninguno
Numbers,4,17,וידבר יהוה אלמשה ואלאהרן לאמר,"
GOD
 spoke to Moses and Aaron, saying: ",Ninguno
Numbers,4,18,אלתכריתו אתשבט משפחת הקהתי מתוך הלוים,Do not let the group of Kohathite clans be cut off from the Levites.,Ninguno
Numbers,4,19,וזאת&thinsp;<b></b> עשו להם וחיו ולא ימתו בגשתם אתקדש הקדשים אהרן ובניו יבאו ושמו אותם איש איש עלעבדתו ואלמשאו,"Do this with them, that they may live and not die when they approach the most sacred objects: let Aaron and his sons go in and assign every one of them, in turn, to his duties and to his porterage. ",Ninguno
Numbers,4,20,"ולאיבאו לראות כבלע אתהקדש ומתו&nbsp;<span class=""mam-spi-pe"">{פ}</span><br>","But let not [the Kohathites] go inside and witness the dismantling of the sanctuary,cwitness the dismantling of the sanctuary In contrast to others “look at the sacred objects even for a moment.” lest they die.",Ninguno
Numbers,4,21,וידבר יהוה אלמשה לאמר,"
GOD
 spoke to Moses: ",Ninguno
Numbers,4,22,נשא אתראש בני גרשון גםהם לבית אבתם למשפחתם,"Take a census of the Gershonites also, by their ancestral house and by their clans. ",Ninguno
Numbers,4,23,מבן שלשים שנה ומעלה עד בןחמשים שנה תפקד אותם כלהבא לצבא צבא לעבד עבדה באהל מועד,"Record them from the age of thirty years up to the age of fifty, all who are subject to service in the performance of tasks for the Tent of Meeting. ",Ninguno
Numbers,4,24,זאת עבדת משפחת הגרשני לעבד ולמשא,These are the duties of the Gershonite clans as to labor and porterage:,Ninguno
Numbers,4,25,ונשאו אתיריעת המשכן ואתאהל מועד מכסהו ומכסה התחש אשרעליו מלמעלה ואתמסך פתח אהל מועד,"they shall carry the cloths of the Tabernacle, the Tent of Meeting with its covering, the covering of dolphinddolphin See note at v. 6. skin that is on top of it, and the screen for the entrance of the Tent of Meeting; ",Ninguno
Numbers,4,26,ואת קלעי החצר ואתמסך&thinsp;<b></b> פתח&thinsp;<b></b> שער החצר אשר עלהמשכן ועלהמזבח סביב ואת מיתריהם ואתכלכלי עבדתם ואת כלאשר יעשה להם ועבדו,"the hangings of the enclosure, the screen at the entrance of the gate of the enclosure that surrounds the Tabernacle, the cords thereof, and the altar, and all their service equipment and all their accessories; and they shall perform the service. ",Ninguno
Numbers,4,27,עלפי אהרן ובניו תהיה כלעבדת בני הגרשני לכלמשאם ולכל עבדתם ופקדתם עלהם במשמרת את כלמשאם,"All the duties of the Gershonites, all their porterage and all their service, shall be performed on orders from Aaron and his sons; you shall make them responsible for attending to all their porterage. ",Ninguno
Numbers,4,28,"זאת עבדת משפחת בני הגרשני באהל מועד ומשמרתם ביד איתמר בןאהרן הכהן&nbsp;<span class=""mam-spi-samekh"">{ס}</span>&nbsp;&nbsp;&nbsp;&nbsp;&nbsp;&nbsp;&nbsp;&nbsp;",Those are the duties of the Gershonite clans for the Tent of Meeting; they shall attend to them under the direction of Ithamar son of Aaron the priest.,Ninguno
Numbers,4,29,בני מררי למשפחתם לביתאבתם תפקד אתם,"As for the Merarites, you shall record them by the clans of their ancestral house; ",Ninguno
Numbers,4,30,מבן שלשים שנה ומעלה ועד בןחמשים שנה תפקדם כלהבא לצבא לעבד אתעבדת אהל מועד,"you shall record them from the age of thirty years up to the age of fifty, all who are subject to service in the performance of the duties for the Tent of Meeting. ",Ninguno
Numbers,4,31,וזאת משמרת משאם לכלעבדתם באהל מועד קרשי המשכן ובריחיו ועמודיו ואדניו,"These are their porterage tasks in connection with their various duties for the Tent of Meeting: the planks, the bars, the posts, and the sockets of the Tabernacle; ",Ninguno
Numbers,4,32,ועמודי החצר סביב ואדניהם ויתדתם ומיתריהם לכלכליהם ולכל עבדתם ובשמת תפקדו אתכלי משמרת משאם,"the posts around the enclosure and their sockets, pegs, and cords—all these furnishings and their service: you shall list by name the objects that are their porterage tasks. ",Ninguno
Numbers,4,33,זאת עבדת משפחת בני מררי לכלעבדתם באהל מועד ביד איתמר בןאהרן הכהן,"Those are the duties of the Merarite clans, pertaining to their various duties in the Tent of Meeting under the direction of Ithamar son of Aaron the priest.",Ninguno
Numbers,4,34,ויפקד משה ואהרן ונשיאי העדה אתבני הקהתי למשפחתם ולבית אבתם,"So Moses, Aaron, and the chieftains of the community recorded the Kohathites by the clans of their ancestral house, ",Ninguno
Numbers,4,35,מבן שלשים שנה ומעלה ועד בןחמשים שנה כלהבא לצבא לעבדה באהל מועד,"from the age of thirty years up to the age of fifty, all who were subject to service for work relating to the Tent of Meeting. ",Ninguno
Numbers,4,36,ויהיו פקדיהם למשפחתם אלפים שבע מאות וחמשים,"Those recorded by their clans came to 2,750. ",Ninguno
Numbers,4,37,"אלה פקודי משפחת הקהתי כלהעבד באהל מועד אשר פקד משה ואהרן עלפי יהוה בידמשה&nbsp;<span class=""mam-spi-samekh"">{ס}</span>&nbsp;&nbsp;&nbsp;&nbsp;&nbsp;&nbsp;&nbsp;&nbsp;","That was the enrollment of the Kohathite clans, all those who performed duties relating to the Tent of Meeting, whom Moses and Aaron recorded at GOD’s command through Moses.",Ninguno
Numbers,4,38,ופקודי בני גרשון למשפחותם ולבית אבתם,"The Gershonites who were recorded by the clans of their ancestral house, ",Ninguno
Numbers,4,39,מבן שלשים שנה ומעלה ועד בןחמשים שנה כלהבא לצבא לעבדה באהל מועד,"from the age of thirty years up to the age of fifty, all who were subject to service for work relating to the Tent of Meeting— ",Ninguno
Numbers,4,40,ויהיו פקדיהם למשפחתם לבית אבתם אלפים ושש מאות ושלשים,"those recorded by the clans of their ancestral house came to 2,630. ",Ninguno
Numbers,4,41,אלה פקודי משפחת בני גרשון כלהעבד באהל מועד אשר פקד משה ואהרן עלפי יהוה,"That was the enrollment of the Gershonite clans, all those performing duties relating to the Tent of Meeting whom Moses and Aaron recorded at GOD’s command.",Ninguno
Numbers,4,42,ופקודי משפחת בני מררי למשפחתם לבית אבתם,"The enrollment of the Merarite clans by the clans of their ancestral house, ",Ninguno
Numbers,4,43,מבן שלשים שנה ומעלה ועד בןחמשים שנה כלהבא לצבא לעבדה באהל מועד,"from the age of thirty years up to the age of fifty, all who were subject to service for work relating to the Tent of Meeting— ",Ninguno
Numbers,4,44,ויהיו פקדיהם למשפחתם שלשת אלפים ומאתים,"those recorded by their clans came to 3,200. ",Ninguno
Numbers,4,45,אלה פקודי משפחת בני מררי אשר פקד משה ואהרן עלפי יהוה בידמשה,That was the enrollment of the Merarite clans that Moses and Aaron recorded at GOD’s command through Moses.,Ninguno
Numbers,4,46,כלהפקדים אשר פקד משה ואהרן ונשיאי ישראל אתהלוים למשפחתם ולבית אבתם,"All the Levites whom Moses, Aaron, and the chieftains of Israel recorded by the clans of their ancestral houses, ",Ninguno
Numbers,4,47,מבן שלשים שנה ומעלה ועד בןחמשים שנה כלהבא לעבד עבדת עבדה ועבדת משא באהל מועד,"from the age of thirty years up to the age of fifty, all who were subject to duties of service and porterage relating to the Tent of Meeting— ",Ninguno
Numbers,4,48,ויהיו פקדיהם שמנת אלפים וחמש מאות ושמנים,"those recorded came to 8,580. ",Ninguno
Numbers,4,49,"עלפי יהוה פקד אותם בידמשה איש איש עלעבדתו ועלמשאו ופקדיו אשרצוה יהוה אתמשה&nbsp;<span class=""mam-spi-pe"">{פ}</span><br>","Each one, in turn, was given responsibility for his service and porterage at GOD’s command through Moses, and each was recorded as GOD had commanded Moses.",Ninguno
Numbers,5,1,וידבר יהוה אלמשה לאמר,"
GOD
 spoke to Moses, saying: ",Ninguno
Numbers,5,2,צו אתבני ישראל וישלחו מןהמחנה כלצרוע וכלזב וכל טמא לנפש,"Instruct the Israelites to remove from camp anyone with an eruption or a dischargeaan eruption or a discharge See Leviticus chapters 13 and 15, respectively. and anyone defiled by a corpse. ",Ninguno
Numbers,5,3,מזכר עדנקבה תשלחו אלמחוץ למחנה תשלחום ולא יטמאו אתמחניהם אשר אני שכן בתוכם,Remove male and female alike; put them outside the camp so that they do not defile the camp of those in whose midst I dwell.,Ninguno
Numbers,5,4,"ויעשוכן בני ישראל וישלחו אותם אלמחוץ למחנה כאשר דבר יהוה אלמשה כן עשו בני ישראל&nbsp;<span class=""mam-spi-pe"">{פ}</span><br>","The Israelites did so, putting them outside the camp; as GOD had spoken to Moses, so the Israelites did.",Ninguno
Numbers,5,5,וידבר יהוה אלמשה לאמר,"
GOD
 spoke to Moses, saying: ",Ninguno
Numbers,5,6,דבר אלבני ישראל איש אואשה כי יעשו מכלחטאת האדם למעל מעל ביהוה ואשמה הנפש ההוא,"Speak to the Israelites: When a man or woman has committed any wrong toward a fellow human being, thus breaking faith with GOD, and they have realized their guilt, ",Ninguno
Numbers,5,7,והתודו אתחטאתם אשר עשו והשיב אתאשמו בראשו וחמישתו יסף עליו ונתן לאשר אשם לו,"they shall confess the wrong that they have done. They shall make restitution in the principal amount and add one-fifth to it, giving it to the one who was wronged. ",Ninguno
Numbers,5,8,ואםאין לאיש גאל להשיב האשם אליו האשם המושב ליהוה לכהן מלבד איל הכפרים אשר יכפרבו עליו,"If that party [is deceased and] has no kinbkin Lit. “redeemer.” to whom restitution can be made, the amount repaid shall go to GOD for the priest—in addition to the ram of expiation with which expiation is made on their behalf.cin addition to … on their behalf Cf. Lev. 5.15 f. ",Ninguno
Numbers,5,9,וכלתרומה לכלקדשי בניישראל אשריקריבו לכהן לו יהיה,"So, too, any gift among the sacred donations that the Israelites offer shall be the priest’s. ",Ninguno
Numbers,5,10,"ואיש אתקדשיו לו יהיו איש אשריתן לכהן לו יהיה&nbsp;<span class=""mam-spi-pe"">{פ}</span><br>",And each shall retain his sacred donations: each priest shall keep what is given to him.,Ninguno
Numbers,5,11,וידבר יהוה אלמשה לאמר,"
GOD
 spoke to Moses, saying: ",Ninguno
Numbers,5,12,דבר אלבני ישראל ואמרת אלהם איש איש כיתשטה אשתו ומעלה בו מעל,"Speak to the Israelite people and say to them:Regarding anyonedanyone More precisely, “anyone, without exception,….” whose wife has gone astray and broken faith with him, ",Ninguno
Numbers,5,13,ושכב איש אתה שכבתזרע ונעלם מעיני אישה ונסתרה והיא נטמאה ועד אין בה והוא לא נתפשה,"in that another man has had carnal relations with her unbeknown to her husband, and she has kept secret the fact that she defiled herself without being forced, and there is no witness against her— ",Ninguno
Numbers,5,14,ועבר עליו רוחקנאה וקנא אתאשתו והוא נטמאה אועבר עליו רוחקנאה וקנא אתאשתו והיא לא נטמאה,but a fit of jealousy has come over him and he is wrought up about the wife who has defiled herself; or if a fit of jealousy has come over him and he is wrought up about his wife although she has not defiled herself:,Ninguno
Numbers,5,15,והביא האיש אתאשתו אלהכהן והביא אתקרבנה עליה עשירת האיפה קמח שערים לאיצק עליו שמן ולאיתן עליו לבנה כימנחת קנאת הוא מנחת זכרון מזכרת עון,"That man shall bring his wife to the priest. And he shall bring as an offering for her one-tenth of an ephah of barley flour. No oil shall be poured upon it and no frankincense shall be laid on it, for it is a grain offering of jealousy, a grain offering of remembrance that recalls wrongdoing.",Ninguno
Numbers,5,16,והקריב אתה הכהן והעמדה לפני יהוה,The priest shall bring her forward and have her stand before GOD.,Ninguno
Numbers,5,17,ולקח הכהן מים קדשים בכליחרש ומןהעפר אשר יהיה בקרקע המשכן יקח הכהן ונתן אלהמים,"The priest shall take sacral water in an earthen vessel and, taking some of the earth that is on the floor of the Tabernacle, the priest shall put it into the water. ",Ninguno
Numbers,5,18,והעמיד הכהן אתהאשה לפני יהוה ופרע אתראש האשה ונתן עלכפיה את מנחת הזכרון מנחת קנאת הוא וביד הכהן יהיו מי המרים המאררים,"After he has made the woman stand before GOD, the priest shall bare the woman’s headebare the woman’s head Or “dishevel the woman’s hair”; cf. Lev. 10.6. and place upon her hands the grain offering of remembrance, which is a grain offering of jealousy. And in the priest’s hands shall be the water of bitterness that induces the spell.fthat induces the spell Meaning of Heb. ha-meʼarerim uncertain. ",Ninguno
Numbers,5,19,והשביע אתה הכהן ואמר אלהאשה אםלא שכב איש אתך ואםלא שטית טמאה תחת אישך הנקי ממי המרים המאררים האלה,"The priest shall adjure the woman, saying to her, “If no one else has lain with you, if you have not gone astray in defilement while in your husband’s household,gin your husband’s household Lit. “under your husband.” be immune to harm from this water of bitterness that induces the spell. ",Ninguno
Numbers,5,20,ואת כי שטית תחת אישך וכי נטמאת ויתן איש בך אתשכבתו מבלעדי אישך,"But if you have gone astray while committed to your husband and have defiled yourself, if anyone other than your husband has had carnal relations with you”— ",Ninguno
Numbers,5,21,והשביע הכהן אתהאשה בשבעת האלה ואמר הכהן לאשה יתן יהוה אותך לאלה ולשבעה בתוך עמך בתת יהוה אתירכך נפלת ואתבטנך צבה,"here the priest shall administer the curse of adjuration to the woman, as the priest goes on to say to the woman—“may GOD make you a curse and an imprecation among your people, as GOD causes your thigh to sag and your belly to distend;hdistend Meaning of Heb. uncertain. ",Ninguno
Numbers,5,22,ובאו המים המאררים האלה במעיך לצבות בטן ולנפל ירך ואמרה האשה אמן&thinsp;<small></small>&thinsp;אמן,"may this water that induces the spell enter your body, causing the belly to distend and the thigh to sag.” And the woman shall say, “Amen, amen!”",Ninguno
Numbers,5,23,וכתב אתהאלת האלה הכהן בספר ומחה אלמי המרים,The priest shall put these curses down in writing and rub it off into the water of bitterness.,Ninguno
Numbers,5,24,והשקה אתהאשה אתמי המרים המאררים ובאו בה המים המאררים למרים,"He is to make the woman drink the water of bitterness that induces the spell, so that the spell-inducing water may enter into her to bring on bitterness. ",Ninguno
Numbers,5,25,ולקח הכהן מיד האשה את מנחת הקנאת והניף אתהמנחה לפני יהוה והקריב אתה אלהמזבח,"Then the priest shall take from the woman’s hand the grain offering of jealousy, elevate the grain offering before GOD, and present it on the altar. ",Ninguno
Numbers,5,26,וקמץ הכהן מןהמנחה אתאזכרתה והקטיר המזבחה ואחר ישקה אתהאשה אתהמים,"The priest shall scoop out of the grain offering a token part of it and turn it into smoke on the altar. Last, he shall make the woman drink the water.",Ninguno
Numbers,5,27,והשקה אתהמים והיתה אםנטמאה ותמעל מעל באישה ובאו בה המים המאררים למרים וצבתה בטנה ונפלה ירכה והיתה האשה לאלה בקרב עמה,"Once he has made her drink the water—if she has defiled herself by breaking faith with her husband, the spell-inducing water shall enter into her to bring on bitterness, so that her belly shall distend and her thigh shall sag; and the woman shall become a curse among her people. ",Ninguno
Numbers,5,28,ואםלא נטמאה האשה וטהרה הוא ונקתה ונזרעה זרע,"But if the woman has not defiled herself and is pure, she shall be unharmed and able to retain seed.",Ninguno
Numbers,5,29,זאת תורת הקנאת אשר תשטה אשה תחת אישה ונטמאה,"This is the ritual in cases of jealousy, when a woman goes astray while in her husband’s householdiin her husband’s household See note at v. 19. and defiles herself, ",Ninguno
Numbers,5,30,או איש אשר תעבר עליו רוח קנאה וקנא אתאשתו והעמיד אתהאשה לפני יהוה ועשה לה הכהן את כלהתורה הזאת,"or when a man, overtaken by a fit of jealousy, is wrought up over his wife: the woman shall be made to stand before GOD and the priest shall carry out all this ritual with her. ",Ninguno
Numbers,5,31,"ונקה האיש מעון והאשה ההוא תשא אתעונה&nbsp;<span class=""mam-spi-pe"">{פ}</span><br>",The man shall be clear of guilt; but that woman shall suffer for her guilt.,Ninguno
Numbers,6,1,וידבר יהוה אלמשה לאמר,"
GOD
 spoke to Moses, saying: ",Ninguno
Numbers,6,2,דבר אלבני ישראל ואמרת אלהם איש אואשה כי יפלא לנדר נדר נזיר להזיר ליהוה,"Speak to the Israelites and say to them: If any man or woman explicitlyaexplicitly See note at Lev. 22.21. utters a nazirite’s vow, to set themselves apart for GOD, ",Ninguno
Numbers,6,3,מיין ושכר יזיר חמץ יין וחמץ שכר לא ישתה וכלמשרת ענבים לא ישתה וענבים לחים ויבשים לא יאכל,"they shall abstain from wine and any other intoxicant; they shall not drink vinegar of wine or of any other intoxicant, neither shall they drink anything in which grapes have been steeped, nor eat grapes fresh or dried. ",Ninguno
Numbers,6,4,כל ימי נזרו מכל אשר יעשה מגפן היין מחרצנים ועדזג לא יאכל,"Throughout their term as nazirite, they may not eat anything that is obtained from the grapevine, even seeds or skin.bseeds or skin Meaning of Heb. ḥarṣannim and zag uncertain. ",Ninguno
Numbers,6,5,כלימי נדר נזרו תער לאיעבר עלראשו עדמלאת הימם אשריזיר ליהוה קדש יהיה גדל פרע שער ראשו,"Throughout the term of their vow as nazirite, no razor shall touch their head; it shall remain consecrated until the completion of their term as nazirite of GOD, the hair of their head being left to grow untrimmed. ",Ninguno
Numbers,6,6,כלימי הזירו ליהוה עלנפש מת לא יבא,"Throughout the term that they have set apart for GOD, they shall not go in where there is a dead person. ",Ninguno
Numbers,6,7,לאביו ולאמו לאחיו ולאחתו לאיטמא להם במתם כי נזר אלהיו עלראשו,"Even if their father or mother, or their brother or sister should die, they must not become defiled for any of them, since hair set apart for their Godchair set apart for their God Lit. “the restriction of his God.” is upon their head: ",Ninguno
Numbers,6,8,כל ימי נזרו קדש הוא ליהוה,throughout their term as nazirite they are consecrated to GOD.,Ninguno
Numbers,6,9,וכיימות מת עליו בפתע פתאם וטמא ראש נזרו וגלח ראשו ביום טהרתו ביום השביעי יגלחנו,"If someone dies suddenly nearby,dnearby Cf. 19.14–16. defiling [a nazirite’s] consecrated hair, they shall shave their head at the time of becoming pure, shaving it on the seventh day. ",Ninguno
Numbers,6,10,וביום השמיני יבא שתי תרים או שני בני יונה אלהכהן אלפתח אהל מועד,"On the eighth day they shall bring two turtledoves or two pigeons to the priest, at the entrance of the Tent of Meeting. ",Ninguno
Numbers,6,11,ועשה הכהן אחד לחטאת ואחד לעלה וכפר עליו מאשר חטא עלהנפש וקדש אתראשו ביום ההוא,"The priest shall offer one as a purgation offering and the other as a burnt offering, and make expiation on [the nazirite’s] behalf for the guilt incurred through the corpse. That same day their head shall be reconsecrated; ",Ninguno
Numbers,6,12,והזיר ליהוה אתימי נזרו והביא כבש בןשנתו לאשם והימים הראשנים יפלו כי טמא נזרו,"and they shall rededicate to GOD their term as nazirite, bringing a lamb in its first year as a penalty offering. The previous period shall be void, since the consecrated hair was defiled.",Ninguno
Numbers,6,13,וזאת תורת הנזיר ביום מלאת ימי נזרו יביא אתו אלפתח אהל מועד,"This is the ritual for the nazirite: On the day that a term as nazirite is completed, theyethey Or “it,” i.e., the consecrated hair; cf. v. 19. shall be brought to the entrance of the Tent of Meeting. ",Ninguno
Numbers,6,14,והקריב אתקרבנו ליהוה כבש בןשנתו תמים אחד לעלה וכבשה אחת בתשנתה תמימה לחטאת ואילאחד תמים לשלמים,"As an offering to GOD they shall present: one male lamb in its first year, without blemish, for a burnt offering; one ewe lamb in its first year, without blemish, for a purgation offering; one ram without blemish for an offering of well-being; ",Ninguno
Numbers,6,15,וסל מצות סלת חלת בלולת בשמן ורקיקי מצות משחים בשמן ומנחתם ונסכיהם,"a basket of unleavened cakes of choice flour with oil mixed in, and unleavened wafers spread with oil; and the proper grain offerings and libations.",Ninguno
Numbers,6,16,והקריב הכהן לפני יהוה ועשה אתחטאתו ואתעלתו,The priest shall present these before GOD and offer the purgation offering and the burnt offering.,Ninguno
Numbers,6,17,ואתהאיל יעשה זבח שלמים ליהוה על סל המצות ועשה הכהן אתמנחתו ואתנסכו,"He shall offer the ram as a sacrifice of well-being to GOD, together with the basket of unleavened cakes; the priest shall also offer the grain offerings and the libations. ",Ninguno
Numbers,6,18,וגלח הנזיר פתח אהל מועד אתראש נזרו ולקח אתשער ראש נזרו ונתן עלהאש אשרתחת זבח השלמים,"The nazirite shall then shave their consecrated hair, at the entrance of the Tent of Meeting, and take those locks of consecrated hair and put them on the fire that is under the sacrifice of well-being.",Ninguno
Numbers,6,19,ולקח הכהן אתהזרע בשלה מןהאיל וחלת מצה אחת מןהסל ורקיק מצה אחד ונתן עלכפי הנזיר אחר התגלחו אתנזרו,"The priest shall take the shoulder of the ram when it has been boiled, one unleavened cake from the basket, and one unleavened wafer, and place them on the hands of the nazirite after the consecrated hair has been shaved. ",Ninguno
Numbers,6,20,והניף אותם הכהן&thinsp;<small></small>&thinsp;תנופה לפני יהוה קדש הוא לכהן על חזה התנופה ועל שוק התרומה ואחר ישתה הנזיר יין,"The priest shall elevate them as an elevation offering before GOD; and this shall be a sacred donation for the priest, in addition to the breast of the elevation offering and the thigh of gift offering. After that the nazirite may drink wine.",Ninguno
Numbers,6,21,"זאת תורת הנזיר אשר ידר קרבנו ליהוה עלנזרו מלבד אשרתשיג ידו כפי נדרו אשר ידר כן יעשה על תורת נזרו&nbsp;<span class=""mam-spi-pe"">{פ}</span><br>","Such is the obligation of a nazirite; except that those who vow an offering to GOD of what they can afford, beyond their nazirite requirements, must do exactly according to the vow that they have made beyond their obligation as nazirites.",Ninguno
Numbers,6,22,וידבר יהוה אלמשה לאמר,"
GOD
 spoke to Moses: ",Ninguno
Numbers,6,23,"דבר אלאהרן ואלבניו לאמר כה תברכו אתבני ישראל אמור להם&nbsp;<span class=""mam-spi-samekh"">{ס}</span>&nbsp;&nbsp;&nbsp;&nbsp;&nbsp;&nbsp;&nbsp;&nbsp;",Speak to Aaron and his sons: Thus shall you bless the people of Israel. Say to them:,Ninguno
Numbers,6,24,"יברכך יהוה וישמרך&nbsp;<span class=""mam-spi-samekh"">{ס}</span>&nbsp;&nbsp;&nbsp;&nbsp;&nbsp;&nbsp;&nbsp;&nbsp;","
GOD
 bless you and protect you!",Ninguno
Numbers,6,25,"יאר יהוה&thinsp;<small></small>&thinsp;פניו אליך ויחנך&nbsp;<span class=""mam-spi-samekh"">{ס}</span>&nbsp;&nbsp;&nbsp;&nbsp;&nbsp;&nbsp;&nbsp;&nbsp;","
GOD
 deal kindly and graciously with you!fdeal kindly…with Lit. “make His face to shine upon.” ",Ninguno
Numbers,6,26,"ישא יהוה&thinsp;<small></small>&thinsp;פניו אליך וישם לך שלום&nbsp;<span class=""mam-spi-samekh"">{ס}</span>&nbsp;&nbsp;&nbsp;&nbsp;&nbsp;&nbsp;&nbsp;&nbsp;","
GOD
 bestow favorgbestow favor Lit. “lift up His face.” upon you and grant you peace!hpeace Or “friendship.” ",Ninguno
Numbers,6,27,"ושמו אתשמי עלבני ישראל ואני אברכם&nbsp;<span class=""mam-spi-samekh"">{ס}</span>&nbsp;&nbsp;&nbsp;&nbsp;&nbsp;&nbsp;&nbsp;&nbsp;","Thus they shall link My name with the people of Israel, and I will bless them.",Ninguno
Numbers,7,1,ויהי ביום כלות משה להקים אתהמשכן וימשח אתו ויקדש אתו ואתכלכליו ואתהמזבח ואתכלכליו וימשחם ויקדש אתם,"On the day that Moses finished setting up the Tabernacle, he anointed and consecrated it and all its furnishings, as well as the altar and its utensils. When he had anointed and consecrated them, ",Ninguno
Numbers,7,2,ויקריבו נשיאי ישראל ראשי בית אבתם הם נשיאי המטת הם העמדים עלהפקדים,"the chieftains of Israel, the heads of ancestral houses, namely, the chieftains of the tribes, those who were in charge of enrollment, drew nearadrew near Cf. Exod. 14.10. ",Ninguno
Numbers,7,3,ויביאו אתקרבנם לפני יהוה ששעגלת צב ושני עשר בקר עגלה עלשני הנשאים ושור לאחד ויקריבו אותם לפני המשכן,"and brought their offering before GOD: six draught carts and twelve oxen, a cart for every two chieftains and an ox for each one.When they had brought them before the Tabernacle, ",Ninguno
Numbers,7,4,ויאמר יהוה אלמשה לאמר,GOD said to Moses:,Ninguno
Numbers,7,5,קח מאתם והיו לעבד אתעבדת אהל מועד ונתתה אותם אלהלוים איש כפי עבדתו,"Accept these from them for use in the service of the Tent of Meeting, and give them to the Levites according to their respective services.",Ninguno
Numbers,7,6,ויקח משה אתהעגלת ואתהבקר ויתן אותם אלהלוים,Moses took the carts and the oxen and gave them to the Levites.,Ninguno
Numbers,7,7,את&thinsp;<b></b> שתי העגלות ואת ארבעת הבקר נתן לבני גרשון כפי עבדתם,"Two carts and four oxen he gave to the Gershonites, as required for their service, ",Ninguno
Numbers,7,8,ואת&thinsp;<b></b> ארבע העגלת ואת שמנת הבקר נתן לבני מררי כפי עבדתם ביד איתמר בןאהרן הכהן,"and four carts and eight oxen he gave to the Merarites, as required for their service—under the direction of Ithamar son of Aaron the priest. ",Ninguno
Numbers,7,9,ולבני קהת לא נתן כיעבדת הקדש עלהם בכתף ישאו,"But to the Kohathites he did not give any; since theirs was the service of the [most] sacred objects, their porterage was by shoulder.",Ninguno
Numbers,7,10,ויקריבו הנשאים את חנכת המזבח ביום המשח אתו ויקריבו הנשיאם אתקרבנם לפני המזבח,"The chieftains also brought the dedication offering for the altar upon its being anointed. As the chieftains were presenting their offerings before the altar, ",Ninguno
Numbers,7,11,"ויאמר יהוה אלמשה נשיא אחד ליום נשיא אחד ליום יקריבו אתקרבנם לחנכת המזבח&nbsp;<span class=""mam-spi-samekh"">{ס}</span>&nbsp;&nbsp;&nbsp;&nbsp;&nbsp;&nbsp;&nbsp;&nbsp;","GOD said to Moses: Let them present their offerings for the dedication of the altar, one chieftain each day.",Ninguno
Numbers,7,12,ויהי המקריב ביום הראשון אתקרבנו נחשון בןעמינדב למטה יהודה,The one who presented his offering on the first day was Nahshon son of Amminadab of the tribe of Judah.,Ninguno
Numbers,7,13,וקרבנו קערתכסף אחת שלשים ומאה משקלה מזרק אחד כסף שבעים שקל בשקל הקדש שניהם&thinsp;<b></b> מלאים סלת בלולה בשמן למנחה,"His offering: one silver bowl weighing 130 shekels and one silver basin of 70 shekels by the sanctuary weight, both filled with choice flour with oil mixed in, for a grain offering; ",Ninguno
Numbers,7,14,כף אחת עשרה זהב מלאה קטרת,"one gold ladle of 10 shekels, filled with incense; ",Ninguno
Numbers,7,15,פר אחד בןבקר איל אחד כבשאחד בןשנתו לעלה,"one bull of the herd, one ram, and one lamb in its first year, for a burnt offering; ",Ninguno
Numbers,7,16,שעירעזים אחד לחטאת,one goat for a purgation offering;,Ninguno
Numbers,7,17,"ולזבח השלמים בקר שנים אילם חמשה עתודים חמשה כבשים בנישנה חמשה זה קרבן נחשון בןעמינדב&nbsp;<span class=""mam-spi-pe"">{פ}</span><br>","and for his sacrifice of well-being: two oxen, five rams, five he-goats, and five yearling lambs. That was the offering of Nahshon son of Amminadab.",Ninguno
Numbers,7,18,ביום השני הקריב נתנאל בןצוער נשיא יששכר,"On the second day, Nethanel son of Zuar, chieftain of Issachar, made his offering. ",Ninguno
Numbers,7,19,הקרב אתקרבנו קערתכסף אחת שלשים ומאה משקלה מזרק אחד כסף שבעים שקל בשקל הקדש שניהם&thinsp;<b></b> מלאים סלת בלולה בשמן למנחה,"He presented as his offering: one silver bowl weighing 130 shekels and one silver basin of 70 shekels by the sanctuary weight, both filled with choice flour with oil mixed in, for a grain offering; ",Ninguno
Numbers,7,20,כף אחת עשרה זהב מלאה קטרת,"one gold ladle of 10 shekels, filled with incense; ",Ninguno
Numbers,7,21,פר אחד בןבקר איל אחד כבשאחד בןשנתו לעלה,"one bull of the herd, one ram, and one lamb in its first year, for a burnt offering; ",Ninguno
Numbers,7,22,שעירעזים אחד לחטאת,one goat for a purgation offering;,Ninguno
Numbers,7,23,"ולזבח השלמים בקר שנים אילם חמשה עתדים חמשה כבשים בנישנה חמשה זה קרבן נתנאל בןצוער&nbsp;<span class=""mam-spi-pe"">{פ}</span><br>","and for his sacrifice of well-being: two oxen, five rams, five he-goats, and five yearling lambs. That was the offering of Nethanel son of Zuar.",Ninguno
Numbers,7,24,ביום השלישי נשיא לבני זבולן אליאב בןחלן,"On the third day, it was the chieftain of the Zebulunites, Eliab son of Helon. ",Ninguno
Numbers,7,25,קרבנו קערתכסף אחת שלשים ומאה משקלה מזרק אחד כסף שבעים שקל בשקל הקדש שניהם&thinsp;<b></b> מלאים סלת בלולה בשמן למנחה,"His offering: one silver bowl weighing 130 shekels and one silver basin of 70 shekels by the sanctuary weight, both filled with choice flour with oil mixed in, for a grain offering; ",Ninguno
Numbers,7,26,כף אחת עשרה זהב מלאה קטרת,"one gold ladle of 10 shekels, filled with incense; ",Ninguno
Numbers,7,27,פר אחד בןבקר איל אחד כבשאחד בןשנתו לעלה,"one bull of the herd, one ram, and one lamb in its first year, for a burnt offering; ",Ninguno
Numbers,7,28,שעירעזים אחד לחטאת,one goat for a purgation offering;,Ninguno
Numbers,7,29,"ולזבח השלמים בקר שנים אילם חמשה עתדים חמשה כבשים בנישנה חמשה זה קרבן אליאב בןחלן&nbsp;<span class=""mam-spi-pe"">{פ}</span><br>","and for his sacrifice of well-being: two oxen, five rams, five he-goats, and five yearling lambs. That was the offering of Eliab son of Helon.",Ninguno
Numbers,7,30,ביום הרביעי נשיא לבני ראובן אליצור בןשדיאור,"On the fourth day, it was the chieftain of the Reubenites, Elizur son of Shedeur. ",Ninguno
Numbers,7,31,קרבנו קערתכסף אחת שלשים ומאה משקלה מזרק אחד כסף שבעים שקל בשקל הקדש שניהם&thinsp;<b></b> מלאים סלת בלולה בשמן למנחה,"His offering: one silver bowl weighing 130 shekels and one silver basin of 70 shekels by the sanctuary weight, both filled with choice flour with oil mixed in, for a grain offering; ",Ninguno
Numbers,7,32,כף אחת עשרה זהב מלאה קטרת,"one gold ladle of 10 shekels, filled with incense; ",Ninguno
Numbers,7,33,פר אחד בןבקר איל אחד כבשאחד בןשנתו לעלה,"one bull of the herd, one ram, and one lamb in its first year, for a burnt offering; ",Ninguno
Numbers,7,34,שעירעזים אחד לחטאת,one goat for a purgation offering;,Ninguno
Numbers,7,35,"ולזבח השלמים בקר שנים אילם חמשה עתדים חמשה כבשים בנישנה חמשה זה קרבן אליצור בןשדיאור&nbsp;<span class=""mam-spi-pe"">{פ}</span><br>","and for his sacrifice of well-being: two oxen, five rams, five he-goats, and five yearling lambs. That was the offering of Elizur son of Shedeur.",Ninguno
Numbers,7,36,ביום החמישי נשיא לבני שמעון שלמיאל בןצורישדי,"On the fifth day, it was the chieftain of the Simeonites, Shelumiel son of Zurishaddai. ",Ninguno
Numbers,7,37,קרבנו קערתכסף אחת שלשים ומאה משקלה מזרק אחד כסף שבעים שקל בשקל הקדש שניהם&thinsp;<b></b> מלאים סלת בלולה בשמן למנחה,"His offering: one silver bowl weighing 130 shekels and one silver basin of 70 shekels by the sanctuary weight, both filled with choice flour with oil mixed in, for a grain offering; ",Ninguno
Numbers,7,38,כף אחת עשרה זהב מלאה קטרת,"one gold ladle of 10 shekels, filled with incense; ",Ninguno
Numbers,7,39,פר אחד בןבקר איל אחד כבשאחד בןשנתו לעלה,"one bull of the herd, one ram, and one lamb in its first year, for a burnt offering; ",Ninguno
Numbers,7,40,שעירעזים אחד לחטאת,one goat for a purgation offering;,Ninguno
Numbers,7,41,"ולזבח השלמים בקר שנים אילם חמשה עתדים חמשה כבשים בנישנה חמשה זה קרבן שלמיאל בןצורישדי&nbsp;<span class=""mam-spi-pe"">{פ}</span><br>","and for his sacrifice of well-being: two oxen, five rams, five he-goats, and five yearling lambs. That was the offering of Shelumiel son of Zurishaddai.",Ninguno
Numbers,7,42,ביום הששי נשיא לבני גד אליסף בןדעואל,"On the sixth day, it was the chieftain of the Gadites, Eliasaph son of Deuel. ",Ninguno
Numbers,7,43,קרבנו קערתכסף אחת שלשים ומאה משקלה מזרק אחד כסף שבעים שקל בשקל הקדש שניהם&thinsp;<b></b> מלאים סלת בלולה בשמן למנחה,"His offering: one silver bowl weighing 130 shekels and one silver basin of 70 shekels by the sanctuary weight, both filled with choice flour with oil mixed in, for a grain offering; ",Ninguno
Numbers,7,44,כף אחת עשרה זהב מלאה קטרת,"one gold ladle of 10 shekels, filled with incense; ",Ninguno
Numbers,7,45,פר אחד בןבקר איל אחד כבשאחד בןשנתו לעלה,"one bull of the herd, one ram, and one lamb in its first year, for a burnt offering; ",Ninguno
Numbers,7,46,שעירעזים אחד לחטאת,one goat for a purgation offering;,Ninguno
Numbers,7,47,"ולזבח השלמים בקר שנים אילם חמשה עתדים חמשה כבשים בנישנה חמשה זה קרבן אליסף בןדעואל&nbsp;<span class=""mam-spi-pe"">{פ}</span><br>","and for his sacrifice of well-being: two oxen, five rams, five he-goats, and five yearling lambs. That was the offering of Eliasaph son of Deuel.",Ninguno
Numbers,7,48,ביום השביעי נשיא לבני אפרים אלישמע בןעמיהוד,"On the seventh day, it was the chieftain of the Ephraimites, Elishama son of Ammihud. ",Ninguno
Numbers,7,49,קרבנו קערתכסף אחת שלשים ומאה משקלה מזרק אחד כסף שבעים שקל בשקל הקדש שניהם&thinsp;<b></b> מלאים סלת בלולה בשמן למנחה,"His offering: one silver bowl weighing 130 shekels and one silver basin of 70 shekels by the sanctuary weight, both filled with choice flour with oil mixed in, for a grain offering; ",Ninguno
Numbers,7,50,כף אחת עשרה זהב מלאה קטרת,"one gold ladle of 10 shekels, filled with incense; ",Ninguno
Numbers,7,51,פר אחד בןבקר איל אחד כבשאחד בןשנתו לעלה,"one bull of the herd, one ram, and one lamb in its first year, for a burnt offering; ",Ninguno
Numbers,7,52,שעירעזים אחד לחטאת,one goat for a purgation offering;,Ninguno
Numbers,7,53,"ולזבח השלמים בקר שנים אילם חמשה עתדים חמשה כבשים בנישנה חמשה זה קרבן אלישמע בןעמיהוד&nbsp;<span class=""mam-spi-pe"">{פ}</span><br>","and for his sacrifice of well-being: two oxen, five rams, five he-goats, and five yearling lambs. That was the offering of Elishama son of Ammihud.",Ninguno
Numbers,7,54,ביום השמיני נשיא לבני מנשה גמליאל בןפדהצור,"On the eighth day, it was the chieftain of the Manassites, Gamaliel son of Pedahzur. ",Ninguno
Numbers,7,55,קרבנו קערתכסף אחת שלשים ומאה משקלה מזרק אחד כסף שבעים שקל בשקל הקדש שניהם&thinsp;<b></b> מלאים סלת בלולה בשמן למנחה,"His offering: one silver bowl weighing 130 shekels and one silver basin of 70 shekels by the sanctuary weight, both filled with choice flour with oil mixed in, for a grain offering; ",Ninguno
Numbers,7,56,כף אחת עשרה זהב מלאה קטרת,"one gold ladle of 10 shekels, filled with incense; ",Ninguno
Numbers,7,57,פר אחד בןבקר איל אחד כבשאחד בןשנתו לעלה,"one bull of the herd, one ram, and one lamb in its first year, for a burnt offering; ",Ninguno
Numbers,7,58,שעירעזים אחד לחטאת,one goat for a purgation offering;,Ninguno
Numbers,7,59,"ולזבח השלמים בקר שנים אילם חמשה עתדים חמשה כבשים בנישנה חמשה זה קרבן גמליאל בןפדהצור&nbsp;<span class=""mam-spi-pe"">{פ}</span><br>","and for his sacrifice of well-being: two oxen, five rams, five he-goats, and five yearling lambs. That was the offering of Gamaliel son of Pedahzur.",Ninguno
Numbers,7,60,ביום התשיעי נשיא לבני בנימן אבידן בןגדעני,"On the ninth day, it was the chieftain of the Benjaminites, Abidan son of Gideoni. ",Ninguno
Numbers,7,61,קרבנו קערתכסף אחת שלשים ומאה משקלה מזרק אחד כסף שבעים שקל בשקל הקדש שניהם&thinsp;<b></b> מלאים סלת בלולה בשמן למנחה,"His offering: one silver bowl weighing 130 shekels and one silver basin of 70 shekels by the sanctuary weight, both filled with choice flour with oil mixed in, for a grain offering; ",Ninguno
Numbers,7,62,כף אחת עשרה זהב מלאה קטרת,"one gold ladle of 10 shekels, filled with incense; ",Ninguno
Numbers,7,63,פר אחד בןבקר איל אחד כבשאחד בןשנתו לעלה,"one bull of the herd, one ram, and one lamb in its first year, for a burnt offering; ",Ninguno
Numbers,7,64,שעירעזים אחד לחטאת,one goat for a purgation offering;,Ninguno
Numbers,7,65,"ולזבח השלמים בקר שנים אילם חמשה עתדים חמשה כבשים בנישנה חמשה זה קרבן אבידן בןגדעני&nbsp;<span class=""mam-spi-pe"">{פ}</span><br>","and for his sacrifice of well-being: two oxen, five rams, five he-goats, and five yearling lambs. That was the offering of Abidan son of Gideoni.",Ninguno
Numbers,7,66,ביום העשירי נשיא לבני דן אחיעזר בןעמישדי,"On the tenth day, it was the chieftain of the Danites, Ahiezer son of Ammishaddai. ",Ninguno
Numbers,7,67,קרבנו קערתכסף אחת שלשים ומאה משקלה מזרק אחד כסף שבעים שקל בשקל הקדש שניהם&thinsp;<b></b> מלאים סלת בלולה בשמן למנחה,"His offering: one silver bowl weighing 130 shekels and one silver basin of 70 shekels by the sanctuary weight, both filled with choice flour with oil mixed in, for a grain offering; ",Ninguno
Numbers,7,68,כף אחת עשרה זהב מלאה קטרת,"one gold ladle of 10 shekels, filled with incense; ",Ninguno
Numbers,7,69,פר אחד בןבקר איל אחד כבשאחד בןשנתו לעלה,"one bull of the herd, one ram, and one lamb in its first year, for a burnt offering; ",Ninguno
Numbers,7,70,שעירעזים אחד לחטאת,one goat for a purgation offering;,Ninguno
Numbers,7,71,"ולזבח השלמים בקר שנים אילם חמשה עתדים חמשה כבשים בנישנה חמשה זה קרבן אחיעזר בןעמישדי&nbsp;<span class=""mam-spi-pe"">{פ}</span><br>","and for his sacrifice of well-being: two oxen, five rams, five he-goats, and five yearling lambs. That was the offering of Ahiezer son of Ammishaddai.",Ninguno
Numbers,7,72,ביום עשתי עשר יום נשיא לבני אשר פגעיאל בןעכרן,"On the eleventh day, it was the chieftain of the Asherites, Pagiel son of Ochran. ",Ninguno
Numbers,7,73,קרבנו קערתכסף אחת שלשים ומאה משקלה מזרק אחד כסף שבעים שקל בשקל הקדש שניהם&thinsp;<b></b> מלאים סלת בלולה בשמן למנחה,"His offering: one silver bowl weighing 130 shekels and one silver basin of 70 shekels by the sanctuary weight, both filled with choice flour with oil mixed in, for a grain offering; ",Ninguno
Numbers,7,74,כף אחת עשרה זהב מלאה קטרת,"one gold ladle of 10 shekels, filled with incense; ",Ninguno
Numbers,7,75,פר אחד בןבקר איל אחד כבשאחד בןשנתו לעלה,"one bull of the herd, one ram, and one lamb in its first year, for a burnt offering; ",Ninguno
Numbers,7,76,שעירעזים אחד לחטאת,one goat for a purgation offering;,Ninguno
Numbers,7,77,"ולזבח השלמים בקר שנים אילם חמשה עתדים חמשה כבשים בנישנה חמשה זה קרבן פגעיאל בןעכרן&nbsp;<span class=""mam-spi-pe"">{פ}</span><br>","and for his sacrifice of well-being: two oxen, five rams, five he-goats, and five yearling lambs. That was the offering of Pagiel son of Ochran.",Ninguno
Numbers,7,78,ביום שנים עשר יום נשיא לבני נפתלי אחירע בןעינן,"On the twelfth day, it was the chieftain of the Naphtalites, Ahira son of Enan. ",Ninguno
Numbers,7,79,קרבנו קערתכסף אחת שלשים ומאה משקלה מזרק אחד כסף שבעים שקל בשקל הקדש שניהם&thinsp;<b></b> מלאים סלת בלולה בשמן למנחה,"His offering: one silver bowl weighing 130 shekels and one silver basin of 70 shekels by the sanctuary weight, both filled with choice flour with oil mixed in, for a grain offering; ",Ninguno
Numbers,7,80,כף אחת עשרה זהב מלאה קטרת,"one gold ladle of 10 shekels, filled with incense; ",Ninguno
Numbers,7,81,פר אחד בןבקר איל אחד כבשאחד בןשנתו לעלה,"one bull of the herd, one ram, and one lamb in its first year, for a burnt offering; ",Ninguno
Numbers,7,82,שעירעזים אחד לחטאת,one goat for a purgation offering;,Ninguno
Numbers,7,83,"ולזבח השלמים בקר שנים אילם חמשה עתדים חמשה כבשים בנישנה חמשה זה קרבן אחירע בןעינן&nbsp;<span class=""mam-spi-pe"">{פ}</span><br>","and for his sacrifice of well-being: two oxen, five rams, five he-goats, and five yearling lambs. That was the offering of Ahira son of Enan.",Ninguno
Numbers,7,84,זאת&thinsp;<b></b> חנכת המזבח ביום המשח אתו מאת נשיאי ישראל קערת כסף שתים עשרה מזרקיכסף שנים עשר כפות זהב שתים עשרה,"This was the dedication offering for the altar from the chieftains of Israel upon its being anointed: silver bowls, 12; silver basins, 12; gold ladles, 12. ",Ninguno
Numbers,7,85,שלשים ומאה הקערה האחת כסף ושבעים המזרק האחד כל כסף הכלים אלפים וארבעמאות בשקל הקדש,"Silver per bowl, 130; per basin, 70. Total silver of vessels, 2,400 sanctuary shekels. ",Ninguno
Numbers,7,86,כפות זהב שתיםעשרה מלאת קטרת עשרה עשרה הכף בשקל הקדש כלזהב הכפות עשרים ומאה,"The 12 gold ladles filled with incense—10 sanctuary shekels per ladle—total gold of the ladles, 120.",Ninguno
Numbers,7,87,כלהבקר לעלה שנים עשר פרים אילם שניםעשר כבשים בנישנה שנים עשר ומנחתם ושעירי עזים שנים עשר לחטאת,"Total of herd animals for burnt offerings, 12 bulls; of rams, 12; of yearling lambs, 12—with their proper grain offerings; of goats for purgation offerings, 12. ",Ninguno
Numbers,7,88,וכל בקר&thinsp;<b></b> זבח השלמים עשרים וארבעה פרים אילם ששים עתדים ששים כבשים בנישנה ששים זאת חנכת המזבח אחרי המשח אתו,"Total of herd animals for sacrifices of well-being, 24 bulls; of rams, 60; of he-goats, 60; of yearling lambs, 60. That was the dedication offering for the altar after its anointing.",Ninguno
Numbers,7,89,"ובבא משה אלאהל מועד לדבר אתו וישמע אתהקול מדבר אליו מעל הכפרת אשר עלארן העדת מבין שני הכרבים וידבר אליו&nbsp;<span class=""mam-spi-pe"">{פ}</span><br>","When Moses went into the Tent of Meeting to speak with [God], he would hear the Voice addressing him from above the cover that was on top of the Ark of the Pact between the two cherubim; thus [God] spoke to him.",Separación (Beyn)
Numbers,8,1,וידבר יהוה אלמשה לאמר,"
GOD
 spoke to Moses, saying: ",Ninguno
Numbers,8,2,דבר אלאהרן ואמרת אליו בהעלתך אתהנרת אלמול פני המנורה יאירו שבעת הנרות,"Speak to Aaron and say to him, “When you mountamount Cf. Exod. 25.37. the lamps, let the seven lamps give light at the front of the lampstand.” ",Ninguno
Numbers,8,3,ויעש כן אהרן אלמול פני המנורה העלה נרתיה כאשר צוה יהוה אתמשה,"Aaron did so; he mounted the lamps at the front of the lampstand, as GOD had commanded Moses.— ",Ninguno
Numbers,8,4,"וזה מעשה המנרה מקשה זהב עדירכה עדפרחה מקשה הוא כמראה אשר הראה יהוה אתמשה כן עשה אתהמנרה&nbsp;<span class=""mam-spi-pe"">{פ}</span><br>","Now this is how the lampstand was made: it was hammered work of gold, hammered from base to petal. According to the pattern that GOD had shown Moses, so was the lampstand made.",Ninguno
Numbers,8,5,וידבר יהוה אלמשה לאמר,"
GOD
 spoke to Moses, saying: ",Ninguno
Numbers,8,6,קח אתהלוים מתוך בני ישראל וטהרת אתם,Take the Levites from among the Israelites and purify them.,Ninguno
Numbers,8,7,וכהתעשה להם לטהרם הזה עליהם מי חטאת והעבירו תער עלכלבשרם וכבסו בגדיהם והטהרו,"This is what you shall do to them to purify them: sprinkle on them water of purification, and let them each go over their whole body with a razor, and wash their clothes; thus they shall be purified. ",Ninguno
Numbers,8,8,ולקחו פר בןבקר ומנחתו סלת בלולה בשמן ופרשני בןבקר תקח לחטאת,"Let them take a bull of the herd, and with it a grain offering of choice flour with oil mixed in, and you take a second bull of the herd for a purgation offering. ",Ninguno
Numbers,8,9,והקרבת אתהלוים לפני אהל מועד והקהלת אתכלעדת בני ישראל,"You shall bring the Levites forward before the Tent of Meeting. Assemble the whole Israelite community,bwhole Israelite community Or the leadership, on the community’s behalf. ",Ninguno
Numbers,8,10,והקרבת אתהלוים לפני יהוה וסמכו בניישראל אתידיהם עלהלוים,"and bring the Levites forward before GOD. Let the Israelitescthe Israelites See note at v. 9. lay their hands upon the Levites, ",Ninguno
Numbers,8,11,והניף אהרן אתהלוים תנופה לפני יהוה מאת בני ישראל והיו לעבד אתעבדת יהוה,"and let Aaron designateddesignate Lit. “elevate.” the Levites before GOD as an elevation offering from the Israelites, that they may perform the service of GOD. ",Ninguno
Numbers,8,12,והלוים יסמכו אתידיהם על ראש הפרים ועשה אתהאחד חטאת ואתהאחד עלה ליהוה לכפר עלהלוים,"The Levites shall now lay their hands upon the heads of the bulls; one shall be offered to GOD as a purgation offering and the other as a burnt offering, to make expiation for the Levites.",Ninguno
Numbers,8,13,והעמדת אתהלוים לפני אהרן ולפני בניו והנפת אתם תנופה ליהוה,"You shall place the Levites in attendance upon Aaron and his sons, and designate them as an elevation offering to GOD. ",Ninguno
Numbers,8,14,והבדלת אתהלוים מתוך בני ישראל והיו לי הלוים,"Thus you shall set the Levites apart from the Israelites, and the Levites shall be Mine. ",Ninguno
Numbers,8,15,ואחריכן יבאו הלוים לעבד אתאהל מועד וטהרת אתם והנפת אתם תנופה,"Thereafter the Levites shall be qualified for the service of the Tent of Meeting, once you have purified them and designated them as an elevation offering. ",Ninguno
Numbers,8,16,כי נתנים נתנים המה לי מתוך בני ישראל תחת פטרת כלרחם בכור כל מבני ישראל לקחתי אתם לי,"For they are formally assigned to Me from among the Israelites: I have taken them for Myself in place of all the first issue of the womb, of all the male first-born of the Israelites. ",Ninguno
Numbers,8,17,כי לי כלבכור בבני ישראל באדם ובבהמה ביום הכתי כלבכור בארץ מצרים הקדשתי אתם לי,"For every male first-born among the Israelites, human as well as animal, is Mine; I consecrated them to Myself at the time that I smote every [male] first-born in the land of Egypt. ",Ninguno
Numbers,8,18,ואקח אתהלוים תחת כלבכור בבני ישראל,Now I take the Levites instead of every first-born of the Israelites;,Ninguno
Numbers,8,19,ואתנה אתהלוים נתנים&thinsp;<b></b> לאהרן ולבניו מתוך בני ישראל לעבד אתעבדת בניישראל באהל מועד ולכפר עלבני ישראל ולא יהיה בבני ישראל נגף בגשת בניישראל אלהקדש,"and from among the Israelites I formally assign the Levites to Aaron and his sons, to perform the service for the Israelites in the Tent of Meeting and to make expiation for the Israelites, so that no plague may afflict the Israelites for comingefor coming Lit. “when the Israelites come.” too near the sanctuary.",Ninguno
Numbers,8,20,ויעש משה ואהרן וכלעדת בניישראל ללוים ככל אשרצוה יהוה אתמשה ללוים כןעשו להם בני ישראל,"Moses, Aaron, and the whole Israelite communityfwhole Israelite community See note at v. 9. did with the Levites accordingly; just as GOD had commanded Moses in regard to the Levites, so the Israelites did with them. ",Ninguno
Numbers,8,21,ויתחטאו הלוים ויכבסו בגדיהם וינף אהרן אתם תנופה לפני יהוה ויכפר עליהם אהרן לטהרם,"The Levites purified themselves and washed their clothes; and Aaron designated them as an elevation offering before GOD, and Aaron made expiation for them to purify them. ",Ninguno
Numbers,8,22,"ואחריכן באו הלוים לעבד אתעבדתם באהל מועד לפני אהרן ולפני בניו כאשר צוה יהוה אתמשה עלהלוים כן עשו להם&nbsp;<span class=""mam-spi-samekh"">{ס}</span>&nbsp;&nbsp;&nbsp;&nbsp;&nbsp;&nbsp;&nbsp;&nbsp;","Thereafter the Levites were qualified to perform their service in the Tent of Meeting, under Aaron and his sons. As GOD had commanded Moses in regard to the Levites, so they did to them.",Ninguno
Numbers,8,23,וידבר יהוה אלמשה לאמר,"
GOD
 spoke to Moses, saying: ",Ninguno
Numbers,8,24,זאת אשר ללוים מבן חמש ועשרים שנה ומעלה יבוא לצבא צבא בעבדת אהל מועד,This is the rule for the Levites. From twenty-five years of age up they shall participate in the work force in the service of the Tent of Meeting;,Ninguno
Numbers,8,25,ומבן חמשים שנה ישוב מצבא העבדה ולא יעבד עוד,but at the age of fifty they shall retire from the work force and shall serve no more.,Ninguno
Numbers,8,26,"ושרת אתאחיו באהל מועד לשמר משמרת ועבדה לא יעבד ככה תעשה ללוים במשמרתם&nbsp;<span class=""mam-spi-pe"">{פ}</span><br>","They may assist their brother Levites at the Tent of Meeting by standing guard, but they shall perform no labor. Thus you shall deal with the Levites in regard to their duties.",Ninguno
Numbers,9,1,וידבר יהוה אלמשה במדברסיני בשנה השנית לצאתם מארץ מצרים בחדש הראשון לאמר,"
GOD
 spoke to Moses in the wilderness of Sinai, on the first new moon of the second year after the exodus from the land of Egypt, saying: ",Ninguno
Numbers,9,2,ויעשו בניישראל אתהפסח במועדו,Let the Israelite people offer the passover sacrifice at its set time:,Ninguno
Numbers,9,3,בארבעה עשריום בחדש הזה בין הערבים תעשו אתו במעדו ככלחקתיו וככלמשפטיו תעשו אתו,"you shall offer it on the fourteenth day of this month, at twilight, at its set time; you shall offer it in accordance with all its rules and rites.",Separación (Beyn)
Numbers,9,4,וידבר משה אלבני ישראל לעשת הפסח,Moses instructed the Israelites to offer the passover sacrifice;,Ninguno
Numbers,9,5,ויעשו אתהפסח בראשון בארבעה עשר יום לחדש בין הערבים במדבר סיני ככל אשר צוה יהוה אתמשה כן עשו בני ישראל,"and they offered the passover sacrifice in the first month, on the fourteenth day of the month, at twilight, in the wilderness of Sinai. Just as GOD had commanded Moses, so the Israelites did.",Separación (Beyn)
Numbers,9,6,ויהי אנשים אשר היו טמאים לנפש אדם ולאיכלו לעשתהפסח ביום ההוא ויקרבו לפני משה ולפני אהרן ביום ההוא,"But there were someasome I.e., certain heads of households. Cf. Exod. 12.3–4, 21. who were impure by reason of a corpse and could not offer the passover sacrifice on that day. Appearing that same day before Moses and Aaron, ",Ninguno
Numbers,9,7,ויאמרו האנשים ההמה אליו אנחנו טמאים לנפש אדם למה נגרע לבלתי הקריב אתקרבן יהוה במעדו בתוך בני ישראל,"those affected said to them,bthem Heb. “him.” “Impure though we are by reason of a corpse, why must we be debarred from presenting GOD’s offering at its set time with the rest of the Israelites?” ",Ninguno
Numbers,9,8,"ויאמר אלהם משה עמדו ואשמעה מהיצוה יהוה לכם&nbsp;<span class=""mam-spi-pe"">{פ}</span><br>","Moses said to them, “Stand by, and let me hear what instructions GOD gives about you.”",Ninguno
Numbers,9,9,וידבר יהוה אלמשה לאמר,"And GOD spoke to Moses, saying: ",Ninguno
Numbers,9,10,דבר אלבני ישראל לאמר איש איש כייהיהטמא&thinsp;<small></small>&thinsp;לנפש או בדרך רחקה לכם או לדרתיכם ועשה פסח ליהוה,"Speak to the Israelite people, saying: Regarding anyonecanyone See note at 5.12.—whether you or your posterity—who is defiled by a corpse or is on a long journey and would offer a passover sacrifice to GOD: ",Ninguno
Numbers,9,11,בחדש השני בארבעה עשר יום בין הערבים יעשו אתו עלמצות ומררים יאכלהו,"They shall offer it in the second month, on the fourteenth day of the month, at twilight. They shall eat it with unleavened bread and bitter herbs, ",Separación (Beyn)
Numbers,9,12,לאישאירו ממנו עדבקר ועצם לא ישברובו ככלחקת הפסח יעשו אתו,and they shall not leave any of it over until morning. They shall not break a bone of it. They shall offer it in strict accord with the law of the passover sacrifice.,Ninguno
Numbers,9,13,והאיש אשרהוא טהור ובדרך לאהיה וחדל לעשות הפסח ונכרתה הנפש ההוא מעמיה כי&thinsp;<b></b> קרבן יהוה לא הקריב במעדו חטאו ישא האיש ההוא,"But if anyone who is pure and not on a journey refrains from offering the passover sacrifice, that person shall be cut off from kin, for GOD’s offering was not presented at its set time; that party shall bear the guilt.",Ninguno
Numbers,9,14,"וכייגור אתכם גר ועשה פסח ליהוה כחקת הפסח וכמשפטו כן יעשה חקה אחת יהיה לכם ולגר ולאזרח הארץ&nbsp;<span class=""mam-spi-samekh"">{ס}</span>&nbsp;&nbsp;&nbsp;&nbsp;&nbsp;&nbsp;&nbsp;&nbsp;","And when a stranger who resides with you would offer a passover sacrifice to GOD, it must be offered in accordance with the rules and rites of the passover sacrifice. There shall be one law for you, whether stranger or citizen of the country.",Ninguno
Numbers,9,15,וביום הקים אתהמשכן כסה הענן אתהמשכן לאהל העדת ובערב יהיה עלהמשכן כמראהאש עדבקר,"On the day that the Tabernacle was set up, the cloud covered the Tabernacle, the Tent of the Pact; and in the evening it rested over the Tabernacle in the likeness of fire until morning. ",Ninguno
Numbers,9,16,כן יהיה תמיד הענן יכסנו ומראהאש לילה,"It was always so: the cloud covered it, appearing as fire by night. ",Ninguno
Numbers,9,17,ולפי העלות הענן מעל האהל ואחרי כן יסעו בני ישראל ובמקום אשר ישכןשם הענן שם יחנו בני ישראל,"And whenever the cloud lifted from the Tent, the Israelites would set out accordingly; and at the spot where the cloud settled, there the Israelites would make camp. ",Ninguno
Numbers,9,18,עלפי יהוה יסעו בני ישראל ועלפי יהוה יחנו כלימי אשר ישכן הענן עלהמשכן יחנו,"At GOD’s command the Israelites broke camp, and at GOD’s command they made camp: they remained encamped as long as the cloud stayed over the Tabernacle. ",Ninguno
Numbers,9,19,ובהאריך הענן עלהמשכן ימים רבים ושמרו בניישראל אתמשמרת יהוה ולא יסעו,"When the cloud lingered over the Tabernacle many days, the Israelites observed GOD’s mandate and did not journey on. ",Ninguno
Numbers,9,20,ויש אשר יהיה הענן ימים מספר עלהמשכן עלפי יהוה יחנו ועלפי יהוה יסעו,"At such times as the cloud rested over the Tabernacle for but a few days, they remained encamped at GOD’s command, and broke camp at GOD’s command. ",Ninguno
Numbers,9,21,ויש אשריהיה הענן מערב עדבקר ונעלה הענן בבקר ונסעו או יומם ולילה ונעלה הענן ונסעו,"And at such times as the cloud stayed from evening until morning, they broke camp as soon as the cloud lifted in the morning. Day or night, whenever the cloud lifted, they would break camp. ",Ninguno
Numbers,9,22,אוימים אוחדש אוימים בהאריך הענן עלהמשכן לשכן עליו יחנו בניישראל ולא יסעו ובהעלתו יסעו,Whether it was two days or a month or a year—however long the cloud lingered over the Tabernacle—the Israelites remained encamped and did not set out; only when it lifted did they break camp.,Ninguno
Numbers,9,23,"עלפי יהוה יחנו ועלפי יהוה יסעו אתמשמרת יהוה שמרו עלפי יהוה בידמשה&nbsp;<span class=""mam-spi-pe"">{פ}</span><br>",On a sign from GOD they made camp and on a sign from GOD they broke camp; they observed GOD’s mandate—at GOD’s bidding through Moses.,Ninguno
Numbers,10,1,וידבר יהוה אלמשה לאמר,"
GOD
 spoke to Moses, saying: ",Ninguno
Numbers,10,2,עשה לך שתי חצוצרת כסף מקשה תעשה אתם והיו לך למקרא העדה ולמסע אתהמחנות,Have two silver trumpets made; make them of hammered work. They shall serve you to summon the communityacommunity Or those enrolled in its militia; cf. note at 1.2. and to set the divisions in motion. ,Ninguno
Numbers,10,3,ותקעו בהן ונועדו אליך כלהעדה אלפתח אהל מועד,"When both are blown in long blasts,blong blasts Meaning of Heb. uncertain. the whole communitycwhole community See note at v. 2. shall assemble before you at the entrance of the Tent of Meeting; ",Ninguno
Numbers,10,4,ואםבאחת יתקעו ונועדו אליך הנשיאים ראשי אלפי ישראל,"and if only one is blown, the chieftains, heads of Israel’s contingents, shall assemble before you. ",Ninguno
Numbers,10,5,ותקעתם תרועה ונסעו המחנות החנים קדמה,"But when you sound short blasts,dshort blasts Meaning of Heb. teruʻa uncertain. the divisions encamped on the east shall move forward; ",Ninguno
Numbers,10,6,ותקעתם תרועה שנית ונסעו המחנות החנים תימנה תרועה יתקעו למסעיהם,"and when you sound short blasts a second time, those encamped on the south shall move forward. Thus short blasts shall be blown for setting them in motion, ",Ninguno
Numbers,10,7,ובהקהיל אתהקהל תתקעו ולא תריעו,"while to convoke the congregationecongregation Or the militia, on the congregation’s behalf; cf. v. 3. you shall blow long blasts, not short ones. ",Ninguno
Numbers,10,8,ובני אהרן הכהנים יתקעו בחצצרות והיו לכם לחקת עולם לדרתיכם,"The trumpets shall be blown by Aaron’s sons, the priests; they shall be for you an institution for all time throughout the ages.",Ninguno
Numbers,10,9,וכיתבאו מלחמה בארצכם עלהצר הצרר אתכם והרעתם בחצצרת ונזכרתם לפני יהוה אלהיכם ונושעתם מאיביכם,"When you are at warfWhen you are at war Meaning of Heb. uncertain. in your land against an aggressor who attacks you, you shall sound short blasts on the trumpets, that you may be remembered before the ETERNAL your God and be delivered from your enemies. ",Ninguno
Numbers,10,10,"וביום שמחתכם ובמועדיכם ובראשי חדשיכם<sup class=""footnote-marker"">*</sup><i class=""footnote"">(בספרי ספרד ואשכנז חדשכם)</i> ותקעתם בחצצרת על עלתיכם ועל זבחי שלמיכם והיו לכם לזכרון לפני אלהיכם אני יהוה אלהיכם&nbsp;<span class=""mam-spi-pe"">{פ}</span><br>","And on your joyous occasions—your fixed festivals and new moon days—you shall sound the trumpets over your burnt offerings and your sacrifices of well-being. They shall be a reminder of you before your God: I, the ETERNAL, am your God.",Ninguno
Numbers,10,11,ויהי בשנה השנית בחדש השני בעשרים בחדש נעלה הענן מעל משכן העדת,"In the second year, on the twentieth day of the second month, the cloud lifted from the Tabernacle of the Pact ",Ninguno
Numbers,10,12,ויסעו בניישראל למסעיהם ממדבר סיני וישכן הענן במדבר פארן,and the Israelites set out on their journeys from the wilderness of Sinai. The cloud came to rest in the wilderness of Paran.,Ninguno
Numbers,10,13,ויסעו בראשנה עלפי יהוה בידמשה,"When the march was to begin, at GOD’s command through Moses, ",Ninguno
Numbers,10,14,ויסע דגל מחנה בנייהודה בראשנה לצבאתם ועלצבאו נחשון בןעמינדב,"the first standard to set out, troop by troop, was the division of Judah. In command of its troops was Nahshon son of Amminadab; ",Ninguno
Numbers,10,15,ועלצבא מטה בני יששכר נתנאל בןצוער,"in command of the tribal troop of Issachar, Nethanel son of Zuar; ",Ninguno
Numbers,10,16,ועלצבא מטה בני זבולן אליאב בןחלן,"and in command of the tribal troop of Zebulun, Eliab son of Helon.",Ninguno
Numbers,10,17,והורד המשכן ונסעו בניגרשון ובני מררי נשאי המשכן,"Then the Tabernacle would be taken apart; and the Gershonites and the Merarites, who carried the Tabernacle, would set out.",Ninguno
Numbers,10,18,ונסע דגל מחנה ראובן לצבאתם ועלצבאו אליצור בןשדיאור,"The next standard to set out, troop by troop, was the division of Reuben. In command of its troop was Elizur son of Shedeur; ",Ninguno
Numbers,10,19,ועלצבא מטה בני שמעון שלמיאל בןצורישדי,"in command of the tribal troop of Simeon, Shelumiel son of Zurishaddai; ",Ninguno
Numbers,10,20,ועלצבא מטה בניגד אליסף בןדעואל,"and in command of the tribal troop of Gad, Eliasaph son of Deuel.",Ninguno
Numbers,10,21,ונסעו הקהתים נשאי המקדש והקימו אתהמשכן עדבאם,"Then the Kohathites, who carried the sacred objects, would set out; and by the time they arrived, the Tabernacle would be set up again.",Ninguno
Numbers,10,22,ונסע דגל מחנה בניאפרים לצבאתם ועלצבאו אלישמע בןעמיהוד,"The next standard to set out, troop by troop, was the division of Ephraim. In command of its troop was Elishama son of Ammihud; ",Ninguno
Numbers,10,23,ועלצבא מטה בני מנשה גמליאל בןפדהצור,"in command of the tribal troop of Manasseh, Gamaliel son of Pedahzur; ",Ninguno
Numbers,10,24,ועלצבא מטה בני בנימן אבידן בןגדעוני,"and in command of the tribal troop of Benjamin, Abidan son of Gideoni.",Ninguno
Numbers,10,25,ונסע דגל מחנה בנידן מאסף לכלהמחנת לצבאתם ועלצבאו אחיעזר בןעמישדי,"Then, as the rear guard of all the divisions, the standard of the division of Dan would set out, troop by troop. In command of its troop was Ahiezer son of Ammishaddai; ",Ninguno
Numbers,10,26,ועלצבא מטה בני אשר פגעיאל בןעכרן,"in command of the tribal troop of Asher, Pagiel son of Ochran; ",Ninguno
Numbers,10,27,ועלצבא מטה בני נפתלי אחירע בןעינן,"and in command of the tribal troop of Naphtali, Ahira son of Enan.",Ninguno
Numbers,10,28,"אלה מסעי בניישראל לצבאתם ויסעו&nbsp;<span class=""mam-spi-samekh"">{ס}</span>&nbsp;&nbsp;&nbsp;&nbsp;&nbsp;&nbsp;&nbsp;&nbsp;","Such was the order of march of the Israelites, as they marched troop by troop.",Ninguno
Numbers,10,29,ויאמר משה לחבב בןרעואל המדיני חתן משה נסעים&thinsp;<b></b> אנחנו אלהמקום אשר אמר יהוה אתו אתן לכם לכה אתנו והטבנו לך כייהוה דברטוב עלישראל,"Moses said to Hobab son of Reuel the Midianite, Moses’ father-in-law, “We are setting out for the place of which GOD has said, ‘I will give it to you.’ Come with us and we will be generous with you; for GOD has promised to be generous to Israel.”",Ninguno
Numbers,10,30,ויאמר אליו לא אלך כי אםאלארצי ואלמולדתי אלך,"“I will not go,” he replied to him, “but will return to my native land.” ",Ninguno
Numbers,10,31,ויאמר אלנא תעזב אתנו כי&thinsp;<b></b> עלכן ידעת חנתנו במדבר והיית לנו לעינים,"He said, “Please do not leave us, inasmuch as you know where we should camp in the wilderness and can be our guide.gguide Lit. “eyes.” ",Percepción (Yada)
Numbers,10,32,והיה כיתלך עמנו והיה&thinsp;<b></b> הטוב ההוא אשר ייטיב יהוה עמנו והטבנו לך,"So if you come with us, we will extend to you the same bounty that GOD grants us.”",Ninguno
Numbers,10,33,ויסעו מהר יהוה דרך שלשת ימים וארון בריתיהוה נסע לפניהם דרך שלשת ימים לתור להם מנוחה,They marched from the mountain of GOD a distance of three days. The Ark of the Covenant of GOD traveled in front of them on that three days’ journey to seek out a resting place for them;,Ninguno
Numbers,10,34,"וענן יהוה עליהם יומם בנסעם מןהמחנה&nbsp;<span class=""mam-spi-samekh"">{ס}</span>&nbsp;&nbsp;&nbsp;&nbsp;&nbsp;&nbsp;&nbsp;&nbsp;","and GOD’s cloud kept above them by day, as they moved on from camp.",Ninguno
Numbers,10,35,"<span class=""mam-spi-invnun""></span>&nbsp;ויהי בנסע הארן ויאמר משה קומה&thinsp;<b></b> יהוה ויפצו איביך וינסו משנאיך מפניך","When the Ark was to set out, Moses would say:Advance, O ETERNAL One!May Your enemies be scattered,And may Your foes flee before You!",Ninguno
Numbers,10,36,"ובנחה יאמר שובה יהוה רבבות אלפי ישראל&nbsp;<span class=""mam-spi-invnun""></span>&nbsp;<span class=""mam-spi-pe"">{פ}</span><br>","And when it halted, he would say:Return, O ETERNAL One,You who arehYou who are In contrast to others “To.” Israel’s myriads of thousands!",Ninguno
Numbers,11,1,ויהי העם כמתאננים רע באזני יהוה וישמע יהוה ויחר אפו ותבערבם אש יהוה ותאכל בקצה המחנה,"The people took to complaining bitterly before GOD. GOD heard and was incensed: a fire of GOD broke out against them, ravaging the outskirts of the camp. ",Ninguno
Numbers,11,2,ויצעק העם אלמשה ויתפלל משה אליהוה ותשקע האש,"The people cried out to Moses. Moses prayed to GOD, and the fire died down. ",Ninguno
Numbers,11,3,ויקרא שםהמקום ההוא תבערה כיבערה בם אש יהוה,"That place was named Taberah,aTaberah From the root b-ʻ-r, “to burn.” because a fire of GOD had broken out against them.",Ninguno
Numbers,11,4,והאספסף אשר בקרבו התאוו תאוה וישבו ויבכו גם בני ישראל ויאמרו מי יאכלנו בשר,"The riffraff in their midst felt a gluttonous craving; and then the Israelites wept and said, “If only we had meat to eat! ",Ninguno
Numbers,11,5,זכרנו אתהדגה אשרנאכל במצרים חנם את הקשאים ואת האבטחים ואתהחציר ואתהבצלים ואתהשומים,"We remember the fish that we used to eat free in Egypt, the cucumbers, the melons, the leeks, the onions, and the garlic. ",Ninguno
Numbers,11,6,ועתה נפשנו יבשה אין כל בלתי אלהמן עינינו,Now our gullets are shriveled. There is nothing at all! Nothing but this manna to look to!”,Ninguno
Numbers,11,7,והמן כזרעגד הוא ועינו כעין הבדלח,"Now the manna was like coriander seed, and in color it was like bdellium. ",Ninguno
Numbers,11,8,שטו העם ולקטו וטחנו ברחים או דכו במדכה ובשלו בפרור ועשו אתו עגות והיה טעמו כטעם לשד השמן,"The people would go about and gather it, grind it between millstones or pound it in a mortar, boil it in a pot, and make it into cakes. It tasted like rich cream.brich cream Lit. “cream of oil (or, fat).” ",Ninguno
Numbers,11,9,וברדת הטל עלהמחנה לילה ירד המן עליו,"When the dew fell on the camp at night, the manna would fall upon it.",Ninguno
Numbers,11,10,וישמע משה אתהעם בכה למשפחתיו איש לפתח אהלו ויחראף יהוה מאד ובעיני משה רע,"Moses heard the people weeping, every clan apart, at the entrance of each tent. GOD was very angry, and Moses was distressed. ",Ninguno
Numbers,11,11,ויאמר משה אליהוה למה הרעת לעבדך ולמה לאמצתי חן בעיניך לשום אתמשא כלהעם הזה עלי,"And Moses said to GOD, “Why have You dealt ill with Your servant, and why have I not enjoyed Your favor, that You have laid the burden of all this people upon me? ",Ninguno
Numbers,11,12,האנכי הריתי את כלהעם הזה אםאנכי ילדתיהו כיתאמר אלי שאהו בחיקך כאשר ישא האמן אתהינק על האדמה אשר נשבעת לאבתיו,"Did I produce all this people, did I engender them, that You should say to me, ‘Carry them in your bosom as a caregiver carries an infant,’ to the land that You have promised on oath to their fathers?cfathers See note at Exod. 13.5. ",Ninguno
Numbers,11,13,מאין לי בשר לתת לכלהעם הזה כייבכו עלי לאמר תנהלנו בשר ונאכלה,"Where am I to get meat to give to all this people, when they whine before me and say, ‘Give us meat to eat!’ ",Ninguno
Numbers,11,14,לאאוכל אנכי לבדי לשאת אתכלהעם הזה כי כבד ממני,"I cannot carry all this people by myself, for it is too much for me. ",Ninguno
Numbers,11,15,"ואםככה&thinsp;<b></b> אתעשה לי הרגני נא הרג אםמצאתי חן בעיניך ואלאראה ברעתי&nbsp;<span class=""mam-spi-pe"">{פ}</span><br>","If You would deal thus with me, kill me rather, I beg You, and let me see no more of my wretchedness!”",Ninguno
Numbers,11,16,ויאמר יהוה אלמשה אספהלי שבעים איש מזקני ישראל אשר ידעת כיהם זקני העם ושטריו ולקחת אתם אלאהל מועד והתיצבו שם עמך,"Then GOD said to Moses, “Gather for Me seventy of Israel’s elders of whom you have experience as elders and officers of the people, and bring them to the Tent of Meeting and let them take their place there with you. ",Percepción (Yada)
Numbers,11,17,וירדתי ודברתי עמך שם ואצלתי מןהרוח אשר עליך ושמתי עליהם ונשאו אתך במשא העם ולאתשא אתה לבדך,"I will come down and speak with you there, and I will draw upon the spirit that is on you and put it upon them; they shall share the burden of the people with you, and you shall not bear it alone. ",Ninguno
Numbers,11,18,ואלהעם תאמר התקדשו למחר ואכלתם בשר כי בכיתם באזני יהוה לאמר מי יאכלנו בשר כיטוב לנו במצרים ונתן יהוה לכם בשר ואכלתם,"And say to the people: Purify yourselvesdPurify yourselves As for a sacrificial meal. for tomorrow and you shall eat meat, for you have kept whining before GOD and saying, ‘If only we had meat to eat! Indeed, we were better off in Egypt!’ GOD will give you meat and you shall eat. ",Ninguno
Numbers,11,19,לא יום אחד תאכלון ולא יומים ולא&thinsp;<b></b> חמשה ימים ולא עשרה ימים ולא עשרים יום,"You shall eat not one day, not two, not even five days or ten or twenty, ",Ninguno
Numbers,11,20,עד&thinsp;<b></b> חדש ימים עד אשריצא מאפכם והיה לכם לזרא יען כימאסתם אתיהוה אשר בקרבכם ותבכו לפניו לאמר למה זה יצאנו ממצרים,"but a whole month, until it comes out of your nostrils and becomes loathsome to you. For you have rejected GOD who is among you, by whining before [God] and saying, ‘Oh, why did we ever leave Egypt!’”",Ninguno
Numbers,11,21,ויאמר משה ששמאות אלף רגלי העם אשר אנכי בקרבו ואתה אמרת בשר אתן להם ואכלו חדש ימים,"But Moses said, “The people who are with meewho are with me Lit. “in whose midst I am.” number six hundred thousand foot soldiers [alone]; yet You say, ‘I will give them enough meat to eat for a whole month.’ ",Ninguno
Numbers,11,22,"הצאן ובקר ישחט להם ומצא להם אם אתכלדגי הים יאסף להם ומצא להם&nbsp;<span class=""mam-spi-pe"">{פ}</span><br>",Could enough flocks and herds be slaughtered to suffice them? Or could all the fish of the sea be gathered for them to suffice them?”,Ninguno
Numbers,11,23,ויאמר יהוה אלמשה היד יהוה תקצר עתה תראה היקרך דברי אםלא,"And GOD answered Moses, “Is there a limit to GOD’s power?fIs there a limit to GOD’s power? Lit. “Is GOD’s hand too short?” You shall soon see whether what I have said happens to you or not!”",Ninguno
Numbers,11,24,ויצא משה וידבר אלהעם את דברי יהוה ויאסף שבעים איש מזקני העם ויעמד אתם סביבת האהל,Moses went out and reported GOD’s words to the people. He gathered seventy of the people’s elders and stationed them around the Tent.,Ninguno
Numbers,11,25,וירד יהוה&thinsp;<small></small>&thinsp;בענן וידבר אליו ויאצל מןהרוח אשר עליו ויתן עלשבעים איש הזקנים ויהי כנוח עליהם הרוח ויתנבאו ולא יספו,"Then, after coming down in a cloud and speaking to him, GOD drew upon the spirit that was on him and put it upon the seventy elders. And when the spirit rested upon them, they spoke in ecstasy,gspoke in ecstasy In contrast to others “prophesied.” but did not continue.",Ninguno
Numbers,11,26,וישארו שניאנשים&thinsp;<small></small>&thinsp;במחנה שם האחד&thinsp;<small></small>&thinsp;אלדד ושם השני מידד ותנח עלהם הרוח והמה בכתבים ולא יצאו האהלה ויתנבאו במחנה,"Two of the men, one named Eldad and the other Medad, had remained in camp; yet the spirit rested upon them—they were among those recorded, but they had not gone out to the Tent—and they spoke in ecstasyhspoke in ecstasy See note at v. 25. in the camp. ",Ninguno
Numbers,11,27,וירץ הנער ויגד למשה ויאמר אלדד ומידד מתנבאים במחנה,"An assistantiassistant Or “youth.” ran out and told Moses, saying, “Eldad and Medad are acting the prophet in the camp!” ",Ninguno
Numbers,11,28,ויען יהושע בןנון משרת משה מבחריו ויאמר אדני משה כלאם,"And Joshua son of Nun, Moses’ attendant from his youth, spoke up and said, “My lord Moses, restrain them!” ",Ninguno
Numbers,11,29,ויאמר לו משה המקנא אתה לי ומי יתן כלעם יהוה נביאים כייתן יהוה אתרוחו עליהם,"But Moses said to him, “Are you wrought up on my account? Would that all GOD’s people were prophets, that GOD inspired them!” ",Ninguno
Numbers,11,30,ויאסף משה אלהמחנה הוא וזקני ישראל,Moses then reentered the camp together with the elders of Israel.,Ninguno
Numbers,11,31,ורוח נסע&thinsp;<b></b> מאת יהוה ויגז שלוים מןהים ויטש עלהמחנה כדרך יום כה וכדרך יום כה סביבות המחנה וכאמתים עלפני הארץ,"A wind from GOD started up, swept quail from the sea and strewed them over the camp, about a day’s journey on this side and about a day’s journey on that side, all around the camp, and some two cubits deep on the ground. ",Ninguno
Numbers,11,32,ויקם העם כלהיום ההוא וכלהלילה וכל&thinsp;<b></b> יום המחרת ויאספו אתהשלו הממעיט אסף עשרה חמרים וישטחו להם שטוח סביבות המחנה,The people set to gathering quail all that day and night and all the next day—even the one who gathered least had ten ḥomer s—and they spread them out all around the camp.,Ninguno
Numbers,11,33,הבשר עודנו בין שניהם טרם יכרת ואף יהוה חרה בעם ויך יהוה בעם מכה רבה מאד,"The meat was still between their teeth, not yet chewed,jchewed Meaning of Heb. yikkareth uncertain. when GOD’s anger blazed forth against the people and GOD struck the people with a very severe plague. ",Separación (Beyn)
Numbers,11,34,ויקרא אתשםהמקום ההוא קברות התאוה כישם קברו אתהעם המתאוים,"That place was named Kibroth-hattaavah,kKibroth-hattaavah I.e., “the graves of craving.” because the people who had the craving were buried there.",Ninguno
Numbers,11,35,"מקברות התאוה נסעו העם חצרות ויהיו בחצרות&nbsp;<span class=""mam-spi-pe"">{פ}</span><br>","Then the people set out from Kibroth-hattaavah for Hazeroth.When they were in Hazeroth,",Ninguno
Numbers,12,1,ותדבר מרים ואהרן במשה עלאדות האשה הכשית אשר לקח כיאשה כשית לקח,Miriam and Aaron spoke against Moses because of the Cushite woman he had married: “He married a Cushite!”,Ninguno
Numbers,12,2,ויאמרו הרק אךבמשה דבר יהוה הלא גםבנו דבר וישמע יהוה,"They said, “Has GOD spoken only through Moses—and not through us as well?” GOD heard it. ",Ninguno
Numbers,12,3,"והאיש משה <span class=""mam-kq-trivial"">ענו</span> מאד מכל האדם אשר עלפני האדמה&nbsp;<span class=""mam-spi-samekh"">{ס}</span>&nbsp;&nbsp;&nbsp;&nbsp;&nbsp;&nbsp;&nbsp;&nbsp;","Now Moses himself was very humble, more so than any other human being on earth. ",Ninguno
Numbers,12,4,ויאמר יהוה פתאם אלמשה ואלאהרן ואלמרים צאו שלשתכם אלאהל מועד ויצאו שלשתם,"Suddenly GOD called to Moses, Aaron, and Miriam, “Come out, you three, to the Tent of Meeting.” So the three of them went out. ",Ninguno
Numbers,12,5,וירד יהוה בעמוד ענן ויעמד פתח האהל ויקרא אהרן ומרים ויצאו שניהם,"GOD came down in a pillar of cloud, stopped at the entrance of the Tent, and called out, “Aaron and Miriam!” The two of them came forward.",Ninguno
Numbers,12,6,ויאמר שמעונא דברי אםיהיה נביאכם יהוה במראה אליו אתודע בחלום אדברבו,"“Hear these My words: When prophets of GOD arise among you, IaWhen prophets of GOD arise among you, I In contrast to others “If there be a prophet among you, I GOD.” Meaning of Heb. uncertain. Lit. “If there will be your (pl.) prophet, GOD.” make Myself known to them in a vision, I speak with them in a dream. ",Ninguno
Numbers,12,7,לאכן עבדי משה בכלביתי נאמן הוא,Not so with My servant Moses; he is trusted throughout My household.,Ninguno
Numbers,12,8,פה אלפה אדברבו ומראה ולא בחידת ותמנת יהוה יביט ומדוע לא יראתם לדבר בעבדי במשה,"With him I speak mouth to mouth, plainly and not in riddles, and he beholds GOD’s likeness. How then did you not shrink from speaking against My servant Moses!”",Ninguno
Numbers,12,9,ויחראף יהוה בם וילך,"Still incensed with them, GOD departed.",Ninguno
Numbers,12,10,והענן סר מעל האהל והנה מרים מצרעת כשלג ויפן אהרן אלמרים והנה מצרעת,"As the cloud withdrew from the Tent, there was Miriam stricken with snow-white scales!bscales Cf. Lev. 13.2–3. When Aaron turned toward Miriam, he saw that she was stricken with scales. ",Ninguno
Numbers,12,11,ויאמר אהרן אלמשה בי אדני אלנא תשת עלינו חטאת אשר נואלנו ואשר חטאנו,"And Aaron said to Moses, “O my lord, account not to us the sin that we committed in our folly. ",Ninguno
Numbers,12,12,אלנא תהי כמת אשר בצאתו מרחם אמו ויאכל חצי בשרו,Let her not be like a stillbirth that emerges from its mother’s womb with half its flesh eaten away!”,Ninguno
Numbers,12,13,"ויצעק משה אליהוה לאמר אל נא רפא נא לה&nbsp;<span class=""mam-spi-pe"">{פ}</span><br>","So Moses cried out to GOD, saying, “O God, pray heal her!”",Ninguno
Numbers,12,14,ויאמר יהוה אלמשה ואביה ירק ירק בפניה הלא תכלם שבעת ימים תסגר שבעת ימים מחוץ למחנה ואחר תאסף,"But GOD said to Moses, “If her father spat in her face, would she not bear her shame for seven days? Let her be shut out of camp for seven days, and then let her be readmitted.” ",Ninguno
Numbers,12,15,ותסגר מרים מחוץ למחנה שבעת ימים והעם לא נסע עדהאסף מרים,So Miriam was shut out of camp seven days; and the people did not march on until Miriam was readmitted.,Ninguno
Numbers,12,16,"ואחר נסעו העם מחצרות ויחנו במדבר פארן&nbsp;<span class=""mam-spi-pe"">{פ}</span><br>",After that the people set out from Hazeroth and encamped in the wilderness of Paran.,Ninguno
Numbers,13,1,וידבר יהוה אלמשה לאמר,"
GOD
 spoke to Moses, saying, ",Ninguno
Numbers,13,2,שלחלך אנשים ויתרו אתארץ כנען אשראני נתן לבני ישראל איש אחד איש אחד למטה אבתיו תשלחו כל נשיא בהם,"“Send agents to scout the land of Canaan, which I am giving to the Israelite people; send someone from each of their ancestral tribes, each one a chieftain among them.” ",Ninguno
Numbers,13,3,וישלח אתם משה ממדבר פארן עלפי יהוה כלם אנשים ראשי בניישראל המה,"So Moses, by GOD’s command, sent them out from the wilderness of Paran—all of them being men of consequence, leaders of the Israelites. ",Ninguno
Numbers,13,4,ואלה שמותם למטה ראובן שמוע בןזכור,"And these were their names:From the tribe of Reuben, Shammua son of Zaccur.",Ninguno
Numbers,13,5,למטה שמעון שפט בןחורי,"From the tribe of Simeon, Shaphat son of Hori.",Ninguno
Numbers,13,6,למטה יהודה כלב בןיפנה,"From the tribe of Judah, Caleb son of Jephunneh.",Ninguno
Numbers,13,7,למטה יששכר יגאל בןיוסף,"From the tribe of Issachar, Igal son of Joseph.",Ninguno
Numbers,13,8,למטה אפרים הושע בןנון,"From the tribe of Ephraim, HoseaaHosea Or “Hoshea.” son of Nun.",Ninguno
Numbers,13,9,למטה בנימן פלטי בןרפוא,"From the tribe of Benjamin, Palti son of Rafu.",Ninguno
Numbers,13,10,למטה זבולן גדיאל בןסודי,"From the tribe of Zebulun, Gaddiel son of Sodi.",Ninguno
Numbers,13,11,למטה יוסף למטה מנשה גדי בןסוסי,"From the tribe of Joseph, namely, the tribe of Manasseh, Gaddi son of Susi.",Ninguno
Numbers,13,12,למטה דן עמיאל בןגמלי,"From the tribe of Dan, Ammiel son of Gemalli.",Ninguno
Numbers,13,13,למטה אשר סתור בןמיכאל,"From the tribe of Asher, Sethur son of Michael.",Ninguno
Numbers,13,14,למטה נפתלי נחבי בןופסי,"From the tribe of Naphtali, Nahbi son of Vophsi.",Ninguno
Numbers,13,15,למטה גד גאואל בןמכי,"From the tribe of Gad, Geuel son of Machi.",Ninguno
Numbers,13,16,אלה שמות האנשים אשרשלח משה לתור אתהארץ ויקרא משה להושע בןנון יהושע,These are the names of the men whom Moses sent to scout the land; but Moses changed the name of HoseabHosea Or “Hoshea.” son of Nun to Joshua.,Ninguno
Numbers,13,17,וישלח אתם משה לתור אתארץ כנען ויאמר אלהם עלו זה בנגב ועליתם אתההר,"When Moses sent them to scout the land of Canaan, he said to them, “Go up there into the Negeb and on into the hill country, ",Ninguno
Numbers,13,18,וראיתם אתהארץ מההוא ואתהעם הישב עליה החזק הוא הרפה המעט הוא אםרב,"and see what kind of country it is. Are the people who dwell in it strong or weak, few or many? ",Ninguno
Numbers,13,19,ומה הארץ אשרהוא ישב בה הטובה הוא אםרעה ומה הערים אשרהוא יושב בהנה הבמחנים אם במבצרים,Is the country in which they dwell good or bad? Are the towns they live in open or fortified?,Ninguno
Numbers,13,20,ומה הארץ השמנה הוא אםרזה הישבה עץ אםאין והתחזקתם ולקחתם מפרי הארץ והימים ימי בכורי ענבים,Is the soil rich or poor? Is it wooded or not? And take pains to bring back some of the fruit of the land.”—Now it happened to be the season of the first ripe grapes.,Ninguno
Numbers,13,21,ויעלו ויתרו אתהארץ ממדברצן עדרחב לבא חמת,"They went up and scouted the land, from the wilderness of Zin to Rehob, at Lebo-hamath.cLebo-hamath In contrast to others “the entrance to Hamath.” ",Ninguno
Numbers,13,22,ויעלו בנגב ויבא עדחברון ושם אחימן ששי ותלמי ילידי הענק וחברון שבע שנים נבנתה לפני צען מצרים,"They went up into the Negeb and came to Hebron, where lived Ahiman, Sheshai, and Talmai, the Anakites.—Now Hebron was founded seven years before Zoan of Egypt.— ",Ninguno
Numbers,13,23,ויבאו עדנחל אשכל ויכרתו משם זמורה ואשכול ענבים אחד וישאהו במוט בשנים ומןהרמנים ומןהתאנים,"They reached the wadi Eshcol, and there they cut down a branch with a single cluster of grapes—it had to be borne on a carrying frame by two of them—and some pomegranates and figs. ",Ninguno
Numbers,13,24,למקום ההוא קרא נחל אשכול על אדות האשכול אשרכרתו משם בני ישראל,"That place was named the wadi EshcoldEshcol I.e., “cluster.” because of the cluster that the Israelites cut down there.",Ninguno
Numbers,13,25,וישבו מתור הארץ מקץ ארבעים יום,At the end of forty days they returned from scouting the land.,Ninguno
Numbers,13,26,וילכו ויבאו אלמשה ואלאהרן ואלכלעדת בניישראל אלמדבר פארן קדשה וישיבו אתם דבר ואתכלהעדה ויראום אתפרי הארץ,"They went straight to Moses and Aaron and the whole Israelite community at Kadesh in the wilderness of Paran, and they made their report to them and to the whole community, as they showed them the fruit of the land. ",Ninguno
Numbers,13,27,ויספרולו ויאמרו באנו אלהארץ אשר שלחתנו וגם זבת חלב ודבש הוא וזהפריה,"This is what they told him: “We came to the land you sent us to; it does indeed flow with milk and honey, and this is its fruit. ",Ninguno
Numbers,13,28,אפס כיעז העם הישב בארץ והערים בצרות גדלת מאד וגםילדי הענק ראינו שם,"However, the people who inhabit the country are powerful, and the cities are fortified and very large; moreover, we saw the Anakites there. ",Ninguno
Numbers,13,29,עמלק יושב בארץ הנגב והחתי והיבוסי והאמרי יושב בהר והכנעני יושב עלהים ועל יד הירדן,"Amalekites dwell in the Negeb region; Hittites, Jebusites, and Amorites inhabit the hill country; and Canaanites dwell by the Sea and along the Jordan.”",Ninguno
Numbers,13,30,ויהס כלב אתהעם אלמשה ויאמר עלה נעלה וירשנו אתה כייכול נוכל לה,"Caleb hushed the people before Moses and said, “Let us by all means go up, and we shall gain possession of it, for we shall surely overcome it.”",Ninguno
Numbers,13,31,והאנשים אשרעלו עמו אמרו לא נוכל לעלות אלהעם כיחזק הוא ממנו,"But the other men who had gone up with him said, “We cannot attack that people, for it is stronger than we.” ",Ninguno
Numbers,13,32,ויציאו דבת הארץ אשר תרו אתה אלבני ישראל לאמר הארץ אשר עברנו בה לתור אתה ארץ אכלת יושביה הוא וכלהעם אשרראינו בתוכה אנשי מדות,"Thus they spread calumnies among the Israelites about the land they had scouted, saying, “The country that we traversed and scouted is one that devours its settlers. All the people that we saw in it are of astonishingly great size; ",Ninguno
Numbers,13,33,ושם ראינו אתהנפילים בני ענק מןהנפלים ונהי בעינינו כחגבים וכן היינו בעיניהם,"we saw the NephilimeNephilim See Gen. 6.4. there—the Anakites are part of the Nephilim—and we looked like grasshoppers to ourselves, and so we must have looked to them.”",Ninguno
Numbers,14,1,ותשא כלהעדה ויתנו אתקולם ויבכו העם בלילה ההוא,"The whole community broke into loud cries, and the people wept that night. ",Ninguno
Numbers,14,2,וילנו עלמשה ועלאהרן כל בני ישראל ויאמרו אלהם כלהעדה לומתנו בארץ מצרים או במדבר הזה לומתנו,"All the Israelites railed against Moses and Aaron. “If only we had died in the land of Egypt,” the whole community shouted at them, “or if only we might die in this wilderness!” ",Ninguno
Numbers,14,3,ולמה יהוה מביא אתנו אלהארץ הזאת לנפל בחרב נשינו וטפנו יהיו לבז הלוא טוב לנו שוב מצרימה,“Why is GOD taking us to that land to fall by the sword?” “Our wives and children will be carried off!” “It would be better for us to go back to Egypt!”,Ninguno
Numbers,14,4,ויאמרו איש אלאחיו נתנה ראש ונשובה מצרימה,"And they said to one another, “Let us head back forahead back for Lit. “set the head and return to”; cf. Neh. 9.17. Egypt.”",Ninguno
Numbers,14,5,ויפל משה ואהרן עלפניהם לפני כלקהל עדת בני ישראל,Then Moses and Aaron fell on their faces before all the assembled congregation of Israelites.,Ninguno
Numbers,14,6,ויהושע בןנון וכלב בןיפנה מןהתרים אתהארץ קרעו בגדיהם,"And Joshua son of Nun and Caleb son of Jephunneh, of those who had scouted the land, rent their clothes ",Ninguno
Numbers,14,7,ויאמרו אלכלעדת בניישראל לאמר הארץ אשר עברנו בה לתור אתה טובה הארץ מאד מאד,and exhorted the whole Israelite community: “The land that we traversed and scouted is an exceedingly good land.,Ninguno
Numbers,14,8,אםחפץ בנו יהוה והביא אתנו אלהארץ הזאת ונתנה לנו ארץ אשרהוא זבת חלב ודבש,"If pleased with us, GOD will bring us into that land, a land that flows with milk and honey, and give it to us; ",Ninguno
Numbers,14,9,אך ביהוה אלתמרדו ואתם אלתיראו אתעם הארץ כי לחמנו הם סר צלם מעליהם ויהוה אתנו אלתיראם,"only you must not rebel against GOD. Have no fear then of the people of the country, for they are our prey:bprey Lit. “food (or, bread).” their protection has departed from them, but GOD is with us. Have no fear of them!” ",Ninguno
Numbers,14,10,"ויאמרו כלהעדה לרגום אתם באבנים וכבוד יהוה נראה באהל מועד אלכלבני ישראל&nbsp;<span class=""mam-spi-pe"">{פ}</span><br>","As the whole community threatened to pelt them with stones, the Presence of GOD appeared in the Tent of Meeting to all the Israelites.",Ninguno
Numbers,14,11,ויאמר יהוה אלמשה עדאנה ינאצני העם הזה ועדאנה לאיאמינו בי בכל האתות אשר עשיתי בקרבו,"And GOD said to Moses, “How long will this people spurn Me, and how long will they have no faith in Me despite all the signs that I have performed in their midst? ",Ninguno
Numbers,14,12,אכנו בדבר ואורשנו ואעשה אתך לגויגדול ועצום ממנו,"I will strike them with pestilence and disown them, and I will make of you a nation far more numerous than they!” ",Ninguno
Numbers,14,13,ויאמר משה אליהוה ושמעו מצרים כיהעלית בכחך אתהעם הזה מקרבו,"But Moses said to GOD, “When the Egyptians, from whose midst You brought up this people in Your might, hear the news, ",Ninguno
Numbers,14,14,ואמרו אליושב הארץ הזאת שמעו כיאתה יהוה בקרב העם הזה אשרעין בעין נראה&thinsp;<b></b> אתה יהוה ועננך עמד עלהם ובעמד ענן אתה הלך לפניהם יומם ובעמוד אש לילה,"they will tell it to the inhabitants of that land. Now they have heard that You, O ETERNAL One, are in the midst of this people; that You, O ETERNAL One, appear in plain sight when Your cloud rests over them and when You go before them in a pillar of cloud by day and in a pillar of fire by night. ",Ninguno
Numbers,14,15,והמתה אתהעם הזה כאיש אחד ואמרו הגוים אשרשמעו אתשמעך לאמר,"If then You slay this people all at once, the nations who have heard Your fame will say, ",Ninguno
Numbers,14,16,מבלתי יכלת יהוה להביא אתהעם הזה אלהארץ אשרנשבע להם וישחטם במדבר,‘It must be because GOD was powerless to bring that people into the land promised them on oath that he slaughtered them in the wilderness.’,Ninguno
Numbers,14,17,ועתה <big>י</big>גדלנא כח אדני כאשר דברת לאמר,"Therefore, I pray, let my Sovereign’s forbearance be great, as You have declared, saying,csaying Cf. Exod. 34.6–7. ",Ninguno
Numbers,14,18,יהוה ארך אפים ורבחסד נשא עון ופשע ונקה לא ינקה פקד עון אבות עלבנים עלשלשים ועלרבעים,"‘GOD! slow to anger and abounding in kindness; forgiving iniquity and transgression; yet not remitting all punishment, but visiting the iniquity of parents upon children, upon the third and fourth generations.’ ",Ninguno
Numbers,14,19,סלחנא לעון העם הזה כגדל חסדך וכאשר נשאתה לעם הזה ממצרים ועדהנה,"Pardon, I pray, the iniquity of this people according to Your great kindness, as You have forgiven this people ever since Egypt.”",Ninguno
Numbers,14,20,ויאמר יהוה סלחתי כדברך,"And GOD said, “I pardon, as you have asked. ",Ninguno
Numbers,14,21,ואולם חיאני וימלא כבודיהוה אתכלהארץ,"Nevertheless, as I live and as GOD’s Presence fills the whole world, ",Ninguno
Numbers,14,22,כי כלהאנשים הראים אתכבדי ואתאתתי אשרעשיתי במצרים ובמדבר וינסו אתי זה עשר פעמים ולא שמעו בקולי,"none of those involved—who have seen My Presence and the signs that I have performed in Egypt and in the wilderness, and who have tried Me these manydmany Lit. “ten”; cf. note at Gen. 31.41. times and have disobeyed Me— ",Ninguno
Numbers,14,23,אםיראו אתהארץ אשר נשבעתי לאבתם וכלמנאצי לא יראוה,shall see the land that I promised on oath to their fathers;efathers See note at Exod. 13.5. none of those who spurn Me shall see it. ,Ninguno
Numbers,14,24,ועבדי כלב עקב היתה רוח אחרת עמו וימלא אחרי והביאתיו אלהארץ אשרבא שמה וזרעו יורשנה,"But My servant Caleb, because he was imbued with a different spirit and remained loyal to Me—him will I bring into the land that he entered, and his offspring shall hold it as a possession. ",Ninguno
Numbers,14,25,"והעמלקי והכנעני יושב בעמק מחר פנו וסעו לכם המדבר דרך יםסוף&nbsp;<span class=""mam-spi-pe"">{פ}</span><br>","Now the Amalekites and the Canaanites occupy the valleys. Start out, then, tomorrow and march into the wilderness by way of the Sea of Reeds.”fSea of Reeds See note at Exod. 10.19. ",Ninguno
Numbers,14,26,וידבר יהוה אלמשה ואלאהרן לאמר,"
GOD
 spoke further to Moses and Aaron, ",Ninguno
Numbers,14,27,עדמתי לעדה הרעה הזאת אשר המה מלינים עלי אתתלנות בני ישראל אשר המה מלינים עלי שמעתי,"“How much longer shall that wicked community keep muttering against Me? Very well, I have heeded the incessant muttering of the Israelites against Me. ",Ninguno
Numbers,14,28,אמר אלהם חיאני נאםיהוה אםלא כאשר דברתם באזני כן אעשה לכם,"Say to them: ‘As I live,’ says GOD, ‘I will do to you just as you have urged Me. ",Ninguno
Numbers,14,29,במדבר הזה יפלו פגריכם וכלפקדיכם לכלמספרכם מבן עשרים שנה ומעלה אשר הלינתם עלי,"In this very wilderness shall your carcasses drop. Of all of you who were recorded in your various lists from the age of twenty years up,gyou who were recorded … twenty years up Addressing the men who had been counted in the military census (cf. 1.2–3), yet now refused to fight. you who have muttered against Me, ",Ninguno
Numbers,14,30,אםאתם תבאו אלהארץ אשר נשאתי אתידי לשכן אתכם בה כי אםכלב בןיפנה ויהושע בןנון,none shall enter the land in which I sworehswore Lit. “raised My hand.” to settle you—save Caleb son of Jephunneh and Joshua son of Nun. ,Ninguno
Numbers,14,31,וטפכם אשר אמרתם לבז יהיה והביאתי אתם וידעו אתהארץ אשר מאסתם בה,"Your children who, you said, would be carried off—these will I allow to enter; they shall know the land that you have rejected. ",Percepción (Yada)
Numbers,14,32,ופגריכם אתם יפלו במדבר הזה,"But your carcasses shall drop in this wilderness, ",Ninguno
Numbers,14,33,ובניכם יהיו רעים במדבר ארבעים שנה ונשאו אתזנותיכם עדתם פגריכם במדבר,"while your children roam the wilderness for forty years, suffering for your faithlessness, until the last of your carcasses is down in the wilderness. ",Ninguno
Numbers,14,34,במספר הימים אשרתרתם אתהארץ ארבעים יום יום לשנה יום לשנה תשאו אתעונתיכם ארבעים שנה וידעתם אתתנואתי,"You shall bear your punishment for forty years, corresponding to the number of days—forty days—that you scouted the land: a year for each day. Thus you shall know what it means to thwart Me. ",Percepción (Yada)
Numbers,14,35,אני יהוה דברתי אםלא&thinsp;<b></b> זאת אעשה לכלהעדה הרעה הזאת הנועדים עלי במדבר הזה יתמו ושם ימתו,I GOD have spoken: Thus will I do to all that wicked band that has banded together against Me: in this very wilderness they shall die and so be finished off.’”,Ninguno
Numbers,14,36,"והאנשים אשרשלח משה לתור אתהארץ וישבו <span class=""mam-kq""><span class=""mam-kq-k"">(וילונו)</span> <span class=""mam-kq-q"">[וילינו]</span></span> עליו אתכלהעדה להוציא דבה עלהארץ",As for those whom Moses sent to scout the land—the ones who came back and caused the whole community to mutter against him by spreading calumnies about the land—,Ninguno
Numbers,14,37,וימתו האנשים מוצאי דבתהארץ רעה במגפה לפני יהוה,"those who spread such calumnies about the land died of plague, by GOD’s will. ",Ninguno
Numbers,14,38,ויהושע בןנון וכלב בןיפנה חיו מןהאנשים ההם ההלכים לתור אתהארץ,"Of those involved in going to scout the land, only Joshua son of Nun and Caleb son of Jephunneh survived.",Ninguno
Numbers,14,39,וידבר משה אתהדברים האלה אלכלבני ישראל ויתאבלו העם מאד,"When Moses repeated these words to all the Israelites, the people were overcome by grief. ",Ninguno
Numbers,14,40,וישכמו בבקר ויעלו אלראשההר לאמר הננו ועלינו אלהמקום אשראמר יהוה כי חטאנו,"Early next morning theyithey Or their militia, on the people’s behalf. set out toward the crest of the hill country, saying, “We are prepared to go up to the place that GOD has spoken of, for we were wrong.” ",Ninguno
Numbers,14,41,ויאמר משה למה זה אתם עברים אתפי יהוה והוא לא תצלח,"But Moses said, “Why do you transgress GOD’s command? This will not succeed. ",Ninguno
Numbers,14,42,אלתעלו כי אין יהוה בקרבכם ולא תנגפו לפני איביכם,"Do not go up, lest you be routed by your enemies, for GOD is not in your midst. ",Ninguno
Numbers,14,43,כי העמלקי והכנעני שם לפניכם ונפלתם בחרב כיעלכן שבתם מאחרי יהוה ולאיהיה יהוה עמכם,"For the Amalekites and the Canaanites will be there to face you, and you will fall by the sword, inasmuch as you have turned from following GOD and GOD will not be with you.”",Ninguno
Numbers,14,44,ויעפלו לעלות אלראש ההר וארון בריתיהוה ומשה לאמשו מקרב המחנה,"Yet defiantlyjdefiantly Meaning of Heb. wayyaʻpilu uncertain. they marched toward the crest of the hill country, though neither GOD’s Ark of the Covenant nor Moses stirred from the camp. ",Ninguno
Numbers,14,45,"וירד העמלקי והכנעני הישב בהר ההוא ויכום ויכתום עדהחרמה&nbsp;<span class=""mam-spi-pe"">{פ}</span><br>",And the Amalekites and the Canaanites who dwelt in that hill country came down and dealt them a shattering blow at Hormah.,Ninguno
Numbers,15,1,וידבר יהוה אלמשה לאמר,"
GOD
 spoke to Moses, saying: ",Ninguno
Numbers,15,2,דבר אלבני ישראל ואמרת אלהם כי תבאו אלארץ מושבתיכם אשר אני נתן לכם,"Speak to the Israelite people and say to them:When you enter the land that I am giving you to settle in, ",Ninguno
Numbers,15,3,ועשיתם אשה ליהוה עלה אוזבח לפלאנדר או בנדבה או במעדיכם לעשות ריח ניחח ליהוה מןהבקר או מןהצאן,"and would present an offering by fire to GOD from the herd or from the flock, be it burnt offering or sacrifice, in fulfillment of a vow explicitly uttered,aexplicitly uttered See note at Lev. 22.21. or as a freewill offering, or at your fixed occasions, producing an odor pleasing to GOD:",Ninguno
Numbers,15,4,והקריב המקריב קרבנו ליהוה מנחה סלת עשרון בלול ברבעית ההין שמן,The person who presents the offering to GOD shall bring as a grain offering: a tenth of a measure of choice flour with a quarter of a hin of oil mixed in.,Ninguno
Numbers,15,5,ויין לנסך רביעית ההין תעשה עלהעלה או לזבח לכבש האחד,"You shall also offer, with the burnt offering or the sacrifice, a quarter of a hin of wine as a libation for each sheep.",Ninguno
Numbers,15,6,או לאיל תעשה מנחה סלת שני עשרנים בלולה בשמן שלשית ההין,"In the case of a ram, you shall present as a grain offering: two-tenths of a measure of choice flour with a third of a hin of oil mixed in; ",Ninguno
Numbers,15,7,ויין לנסך שלשית ההין תקריב ריחניחח ליהוה,and a third of a hin of wine as a libation—as an offering of pleasing odor to GOD.,Ninguno
Numbers,15,8,וכיתעשה בןבקר עלה אוזבח לפלאנדר אושלמים ליהוה,"And if it is an animal from the herd that you offer to GOD as a burnt offering or as a sacrifice, in fulfillment of a vow explicitly uttered or as an offering of well-being, ",Ninguno
Numbers,15,9,והקריב עלבןהבקר מנחה סלת שלשה עשרנים בלול בשמן חצי ההין,there shall be offered a grain offering along with the animal: three-tenths of a measure of choice flour with half a hin of oil mixed in;,Ninguno
Numbers,15,10,ויין תקריב לנסך חצי ההין אשה ריחניחח ליהוה,and as libation you shall offer half a hin of wine—these being offerings by fire of pleasing odor to GOD.,Ninguno
Numbers,15,11,ככה יעשה לשור האחד או לאיל האחד אולשה בכבשים או בעזים,"Thus shall be done with each ox, with each ram, and with any sheep or goat, ",Ninguno
Numbers,15,12,כמספר אשר תעשו ככה תעשו לאחד כמספרם,"as many as you offer; you shall do thus with each one, as many as there are. ",Ninguno
Numbers,15,13,כלהאזרח יעשהככה אתאלה להקריב אשה ריחניחח ליהוה,"Every citizen, when presenting an offering by fire of pleasing odor to GOD, shall do so with them.",Ninguno
Numbers,15,14,וכייגור אתכם גר או אשרבתוככם לדרתיכם ועשה אשה ריחניחח ליהוה כאשר תעשו כן יעשה,"And when, throughout the ages, a stranger who has taken up residence with you, or one who lives among you, would present an offering by fire of pleasing odor to GOD—as you do, so shall it be done by ",Ninguno
Numbers,15,15,הקהל חקה אחת לכם ולגר הגר חקת עולם לדרתיכם ככם כגר יהיה לפני יהוה,the rest of the congregation.bshall it be done by the rest of the congregation Precise force of Heb. yaʻaseh haqqahal uncertain. There shall be one law for you and for the resident stranger; it shall be a law for all time throughout the ages. You and the stranger shall be alike before GOD; ,Ninguno
Numbers,15,16,"תורה אחת ומשפט אחד יהיה לכם ולגר הגר אתכם&nbsp;<span class=""mam-spi-pe"">{פ}</span><br>",the same ritual and the same rule shall apply to you and to the stranger who resides among you.,Ninguno
Numbers,15,17,וידבר יהוה אלמשה לאמר,"
GOD
 spoke to Moses, saying: ",Ninguno
Numbers,15,18,דבר אלבני ישראל ואמרת אלהם בבאכם אלהארץ אשר אני מביא אתכם שמה,Speak to the Israelite people and say to them:When you enter the land to which I am taking you,Ninguno
Numbers,15,19,והיה באכלכם מלחם הארץ תרימו תרומה ליהוה,"and you eat of the bread of the land, you shall set some aside as a gift to GOD: ",Ninguno
Numbers,15,20,ראשית ערסתכם חלה תרימו תרומה כתרומת גרן כן תרימו אתה,"as the first yield of your baking,cbaking Meaning of Heb. ʻarisah uncertain. you shall set aside a loaf as a gift; you shall set it aside as a gift like the gift from the threshing floor. ",Ninguno
Numbers,15,21,"מראשית ערסתיכם תתנו ליהוה תרומה לדרתיכם&nbsp;<span class=""mam-spi-samekh"">{ס}</span>&nbsp;&nbsp;&nbsp;&nbsp;&nbsp;&nbsp;&nbsp;&nbsp;","You shall make a gift to GOD from the first yield of your baking, throughout the ages.",Ninguno
Numbers,15,22,וכי תשגו ולא תעשו את כלהמצות האלה אשרדבר יהוה אלמשה,If you unwittingly fail to observe any one of the commandments that GOD has declared to Moses—,Ninguno
Numbers,15,23,את כלאשר צוה יהוה אליכם בידמשה מןהיום אשר צוה יהוה והלאה לדרתיכם,anything that GOD has enjoined upon you through Moses—from the day that GOD gave the commandment and on through the ages:,Ninguno
Numbers,15,24,והיה אם מעיני העדה נעשתה לשגגה ועשו כלהעדה פר בןבקר אחד לעלה לריח ניחח ליהוה ומנחתו ונסכו כמשפט ושעירעזים אחד לחטת,"If this was done unwittingly, through the inadvertence of the community, the whole communitydwhole community Cf. note at 8.9. shall present one bull of the herd as a burnt offering of pleasing odor to GOD, with its proper grain offering and libation, and one he-goat as a purgation offering. ",Ninguno
Numbers,15,25,וכפר הכהן עלכלעדת בני ישראל ונסלח להם כישגגה הוא והם הביאו אתקרבנם אשה ליהוה וחטאתם לפני יהוה עלשגגתם,"The priest shall make expiation for the whole Israelite community and they shall be forgiven; for it was an error, and for their error they have brought their offering, an offering by fire to GOD and their purgation offering before GOD. ",Ninguno
Numbers,15,26,"ונסלח לכלעדת בני ישראל ולגר הגר בתוכם כי לכלהעם בשגגה&nbsp;<span class=""mam-spi-samekh"">{ס}</span>&nbsp;&nbsp;&nbsp;&nbsp;&nbsp;&nbsp;&nbsp;&nbsp;","The whole Israelite community and the stranger residing among them shall be forgiven, for it happened to the entire people through error.",Ninguno
Numbers,15,27,ואםנפש אחת תחטא בשגגה והקריבה עז בתשנתה לחטאת,"In case it is an individual who has sinned unwittingly, that person shall offer a she-goat in its first year as a purgation offering. ",Ninguno
Numbers,15,28,וכפר הכהן עלהנפש השגגת בחטאה בשגגה לפני יהוה לכפר עליו ונסלח לו,"The priest shall make expiation before GOD on behalf of the person who erred, for having sinned unwittingly, making such expiation that forgiveness is granted. ",Ninguno
Numbers,15,29,האזרח בבני ישראל ולגר הגר בתוכם תורה אחת יהיה לכם לעשה בשגגה,For the citizen among the Israelites and for the stranger who resides among them—you shall have one ritual for anyone who acts in error.,Ninguno
Numbers,15,30,והנפש אשרתעשה&thinsp;<b></b> ביד רמה מןהאזרח ומןהגר אתיהוה הוא מגדף ונכרתה הנפש ההוא מקרב עמה,"But whether citizen or stranger, the person who acts defiantlyedefiantly Lit. “with upraised hand.” reviles GOD; that person shall be cut off from among their people. ",Ninguno
Numbers,15,31,"כי דבריהוה בזה ואתמצותו הפר הכרת&thinsp;<small></small>&thinsp;תכרת הנפש ההוא עונה בה&nbsp;<span class=""mam-spi-pe"">{פ}</span><br>","Because GOD’s word was spurned and God’s commandment violated, that person shall be cut off—and bears the guilt.",Ninguno
Numbers,15,32,ויהיו בניישראל במדבר וימצאו איש מקשש עצים ביום השבת,"Once, when the Israelites were in the wilderness, a fellow was found gathering wood on the sabbath day. ",Ninguno
Numbers,15,33,ויקריבו אתו המצאים אתו מקשש עצים אלמשה ואלאהרן ואל כלהעדה,"Those who found him as he was gathering wood brought him before Moses, Aaron, and the whole community.fwhole community See note at 8.9. ",Ninguno
Numbers,15,34,"ויניחו אתו במשמר כי לא פרש מהיעשה לו&nbsp;<span class=""mam-spi-samekh"">{ס}</span>&nbsp;&nbsp;&nbsp;&nbsp;&nbsp;&nbsp;&nbsp;&nbsp;","He was placed in custody, for it had not been specified what should be done to him. ",Ninguno
Numbers,15,35,ויאמר יהוה אלמשה מות יומת האיש רגום אתו באבנים כלהעדה מחוץ למחנה,"Then GOD said to Moses, “The man shall be put to death: the whole communitygwhole community See note at 8.9. shall pelt him with stones outside the camp.” ",Ninguno
Numbers,15,36,"ויציאו אתו כלהעדה אלמחוץ למחנה וירגמו אתו באבנים וימת כאשר צוה יהוה אתמשה&nbsp;<span class=""mam-spi-pe"">{פ}</span><br>",So the whole community took him outside the camp and stoned him to death—as GOD had commanded Moses.,Ninguno
Numbers,15,37,ויאמר יהוה אלמשה לאמר,"
GOD
 said to Moses as follows: ",Ninguno
Numbers,15,38,דבר אלבני ישראל ואמרת אלהם ועשו להם ציצת עלכנפי בגדיהם לדרתם ונתנו עלציצת הכנף פתיל תכלת,Speak to the Israelite people and instruct them to make for themselveshfor themselves Gender force of Heb. uncertain. fringes on the corners of their garments throughout the ages; let them attach a cord of blue to the fringe at each corner. ,Ninguno
Numbers,15,39,והיה לכם לציצת וראיתם אתו וזכרתם אתכלמצות יהוה ועשיתם אתם ולאתתורו אחרי לבבכם ואחרי עיניכם אשראתם זנים אחריהם,"That shall be your fringe; look at it and recall all GOD’s commandments and observe them, so that you do not follow your heart and eyes in your urge to stray.iin your urge to stray Lit. “after which you [proceed to] prostitute [yourselves].” ",Ninguno
Numbers,15,40,למען תזכרו ועשיתם אתכלמצותי והייתם קדשים לאלהיכם,Thus you shall be reminded to observe all My commandments and to be holy to your God.,Ninguno
Numbers,15,41,"אני יהוה אלהיכם אשר הוצאתי אתכם מארץ מצרים להיות לכם לאלהים אני יהוה אלהיכם&nbsp;<span class=""mam-spi-pe"">{פ}</span><br>","I am the ETERNAL your God, who brought you out of the land of Egypt to be your God: I, your ETERNAL God.",Ninguno
Numbers,16,1,ויקח קרח בןיצהר בןקהת בןלוי ודתן ואבירם בני אליאב ואון בןפלת בני ראובן,"Now Korah, son of Izhar son of Kohath son of Levi, betook himself,abetook himself Lit. “took”; nuance of Heb. uncertain. along with Dathan and Abiram sons of Eliab, and On son of Peleth—descendants of Reubenbdescendants of Reuben According to 26.5, 8–9, Eliab was son of Pallu, son of Reuben.— ",Ninguno
Numbers,16,2,ויקמו לפני משה ואנשים מבניישראל חמשים ומאתים נשיאי עדה קראי מועד אנשישם,"to rise up against Moses, together with certain other Israelites, two hundred and fifty of them: chieftains of the community, chosen in the assembly, men of repute. ",Ninguno
Numbers,16,3,ויקהלו עלמשה ועלאהרן ויאמרו אלהם רבלכם כי כלהעדה כלם קדשים ובתוכם יהוה ומדוע תתנשאו עלקהל יהוה,"They combined against Moses and Aaron and said to them, “You have gone too far! For all the community are holy, all of them, and GOD is in their midst. Why then do you raise yourselves above GOD’s congregation?”",Ninguno
Numbers,16,4,וישמע משה ויפל עלפניו,"When Moses heard this, he fell on his face.che fell on his face Perhaps in the sense of “his face fell.” ",Ninguno
Numbers,16,5,וידבר אלקרח ואלכלעדתו לאמר בקר וידע יהוה אתאשרלו ואתהקדוש והקריב אליו ואת אשר יבחרבו יקריב אליו,"Then he spoke to Korah and all his company, saying, “Come morning, GOD will make known who is to serve,dto serve Lit. “His”; cf. 3.12; 8.14. and who is holy, by granting direct access—whoever is chosen will be granted access. ",Percepción (Yada)
Numbers,16,6,זאת עשו קחולכם מחתות קרח וכלעדתו,"Do this: You, Korah and all youreyour Heb. “his.” band, take fire pans, ",Ninguno
Numbers,16,7,ותנו בהן&thinsp;<small></small>&thinsp;אש ושימו עליהן&thinsp;<small></small>&thinsp;קטרת לפני יהוה מחר והיה האיש אשריבחר יהוה הוא הקדוש רבלכם בני לוי,"and tomorrow put fire in them and lay incense on them before GOD. Then the man whom GOD chooses, he shall be the holy one. You have gone too far, sons of Levi!”",Ninguno
Numbers,16,8,ויאמר משה אלקרח שמעונא בני לוי,"Moses said further to Korah, “Hear me, sons of Levi. ",Ninguno
Numbers,16,9,המעט מכם כיהבדיל אלהי ישראל אתכם מעדת ישראל להקריב אתכם אליו לעבד אתעבדת משכן יהוה ולעמד לפני העדה לשרתם,"Is it not enough for you that the God of Israel has set you apart from the community of Israel and given you direct access, to perform the duties of GOD’s Tabernacle and to minister to the community and serve them? ",Ninguno
Numbers,16,10,ויקרב אתך ואתכלאחיך בנילוי אתך ובקשתם גםכהנה,"Now that [God] has advanced you and all your fellow Levites with you, do you seek the priesthood too? ",Ninguno
Numbers,16,11,"לכן אתה וכלעדתך הנעדים עליהוה ואהרן מההוא כי <span class=""mam-kq""><span class=""mam-kq-k"">(תלונו)</span> <span class=""mam-kq-q"">[תלינו]</span></span> עליו","Truly, it is against GOD that you and all your company have banded together. For who is Aaron that you should rail against him?”",Ninguno
Numbers,16,12,וישלח משה לקרא לדתן ולאבירם בני אליאב ויאמרו לא נעלה,"Moses sent for Dathan and Abiram, sons of Eliab; but they said, “We will not come! ",Ninguno
Numbers,16,13,המעט כי העליתנו מארץ זבת חלב ודבש להמיתנו במדבר כיתשתרר עלינו גםהשתרר,"Is it not enough that you brought us from a land flowing with milk and honey to have us die in the wilderness, that you would also lord it over us? ",Ninguno
Numbers,16,14,אף לא אלארץ זבת חלב ודבש הביאתנו ותתןלנו נחלת שדה וכרם העיני האנשים ההם תנקר לא נעלה,"Even if you hadfEven if you had Lit. “You have not even.” brought us to a land flowing with milk and honey, and given us possession of fields and vineyards, should you gouge out the eyes of those involved?ggouge out the eyes of those involved Gouging out the eyes was punishment for runaway slaves and rebellious vassals; cf. 2 Kings 25.4–7; Jer. 39.4–7; 52.7–11. “Those involved” is a euphemism for self-reference; cf. 1 Sam. 29.4. We will not come!” ",Ninguno
Numbers,16,15,ויחר למשה מאד ויאמר אליהוה אלתפן אלמנחתם לא חמור אחד מהם נשאתי ולא הרעתי אתאחד מהם,"Moses was much aggrieved and he said to GOD, “Pay no regard to their oblation. I have not taken the donkey of any one of them, nor have I wronged any one of them.”",Ninguno
Numbers,16,16,ויאמר משה אלקרח אתה וכלעדתך היו לפני יהוה אתה והם ואהרן מחר,"And Moses said to Korah, “Tomorrow, you and all your company appear before GOD, you and they and Aaron. ",Ninguno
Numbers,16,17,וקחו&thinsp;<b></b> איש מחתתו ונתתם עליהם קטרת והקרבתם לפני יהוה איש מחתתו חמשים ומאתים מחתת ואתה ואהרן איש מחתתו,"Each of you take your fire pan and lay incense on it, and each of you bring that fire pan before GOD, two hundred and fifty fire pans; you and Aaron also [bring] your fire pans.” ",Ninguno
Numbers,16,18,ויקחו איש מחתתו ויתנו עליהם אש וישימו עליהם קטרת ויעמדו פתח אהל מועד ומשה ואהרן,"They each took their fire pan, put fire in it, laid incense on it, and took a place at the entrance of the Tent of Meeting, as did Moses and Aaron. ",Ninguno
Numbers,16,19,"ויקהל עליהם קרח אתכלהעדה אלפתח אהל מועד וירא כבודיהוה אלכלהעדה&nbsp;<span class=""mam-spi-samekh"">{ס}</span>&nbsp;&nbsp;&nbsp;&nbsp;&nbsp;&nbsp;&nbsp;&nbsp;","Korah gathered the whole community against them at the entrance of the Tent of Meeting.Then the Presence of GOD appeared to the whole community, ",Ninguno
Numbers,16,20,וידבר יהוה אלמשה ואלאהרן לאמר,"and GOD spoke to Moses and Aaron, saying, ",Ninguno
Numbers,16,21,הבדלו מתוך העדה הזאת ואכלה אתם כרגע,“Stand back from this community that I may annihilate them in an instant!”,Ninguno
Numbers,16,22,"ויפלו עלפניהם ויאמרו אל אלהי הרוחת לכלבשר האיש אחד יחטא ועל כלהעדה תקצף&nbsp;<span class=""mam-spi-samekh"">{ס}</span>&nbsp;&nbsp;&nbsp;&nbsp;&nbsp;&nbsp;&nbsp;&nbsp;","But they fell on their faces and said, “O God, SourcehSource Lit. “God.” of the breath of all flesh! When one member sins, will You be wrathful with the whole community?”",Ninguno
Numbers,16,23,וידבר יהוה אלמשה לאמר,"
GOD
 spoke to Moses, saying, ",Ninguno
Numbers,16,24,דבר אלהעדה לאמר העלו מסביב למשכןקרח דתן ואבירם,"“Speak to the community and say: Withdraw from about the abodes of Korah, Dathan, and Abiram.”",Ninguno
Numbers,16,25,ויקם משה וילך אלדתן ואבירם וילכו אחריו זקני ישראל,"Moses rose and went to Dathan and Abiram, the elders of Israel following him. ",Ninguno
Numbers,16,26,וידבר אלהעדה לאמר סורו נא מעל אהלי האנשים הרשעים האלה ואלתגעו בכלאשר להם פןתספו בכלחטאתם,"He addressed the community, saying, “Move away from the tents of these wicked men and touch nothing that belongs to them, lest you be wiped out for all their sins.” ",Ninguno
Numbers,16,27,ויעלו מעל משכןקרח דתן ואבירם מסביב ודתן ואבירם יצאו נצבים פתח אהליהם ונשיהם ובניהם וטפם,"So they withdrew from about the abodes of Korah, Dathan, and Abiram.Now Dathan and Abiram had come out and they stood at the entrance of their tents, with their wives, their adult children,iadult children So Ibn Ezra. and their little ones. ",Ninguno
Numbers,16,28,ויאמר משה בזאת תדעון כייהוה שלחני לעשות את כלהמעשים האלה כילא מלבי,"And Moses said, “By this you shall know that it was GOD who sent me to do all these things; that they are not of my own devising: ",Ninguno
Numbers,16,29,אםכמות כלהאדם ימתון אלה ופקדת כלהאדם יפקד עליהם לא יהוה שלחני,"if these people’s death is that of all humankind, if their lot is humankind’s common fate, it was not GOD who sent me. ",Ninguno
Numbers,16,30,ואםבריאה יברא יהוה ופצתה האדמה אתפיה ובלעה אתם ואתכלאשר להם וירדו חיים שאלה וידעתם כי נאצו האנשים האלה אתיהוה,"But if GOD brings about something unheard-of, so that the ground opens its mouth and swallows them up with all that belongs to them, and they go down alive into Sheol, you shall know that those involved have spurned GOD.” ",Percepción (Yada)
Numbers,16,31,ויהי ככלתו לדבר את כלהדברים האלה ותבקע האדמה אשר תחתיהם,"Scarcely had he finished speaking all these words when the ground under them burst asunder, ",Ninguno
Numbers,16,32,ותפתח הארץ אתפיה ותבלע אתם ואתבתיהם ואת כלהאדם אשר לקרח ואת כלהרכוש,"and the earth opened its mouth and swallowed them up with their households, all Korah’s people and all their possessions. ",Ninguno
Numbers,16,33,וירדו הם וכלאשר להם חיים שאלה ותכס עליהם הארץ ויאבדו מתוך הקהל,"They went down alive into Sheol, with all that belonged to them; the earth closed over them and they vanished from the midst of the congregation. ",Ninguno
Numbers,16,34,וכלישראל אשר סביבתיהם נסו לקלם כי אמרו פןתבלענו הארץ,"All Israel around them fled at their shrieks, for they said, “The earth might swallow us!”",Ninguno
Numbers,16,35,"ואש יצאה מאת יהוה ותאכל את החמשים ומאתים איש מקריבי הקטרת&nbsp;<span class=""mam-spi-samekh"">{ס}</span>&nbsp;&nbsp;&nbsp;&nbsp;&nbsp;&nbsp;&nbsp;&nbsp;",And a fire went forth from GOD and consumed the two hundred and fifty men offering the incense.,Ninguno
Numbers,17,1,וידבר יהוה אלמשה לאמר,"aIn some editions, the following passage is counted as the continuation of chapter 16; see note at v. 16, below. 
GOD
 spoke to Moses, saying: ",Ninguno
Numbers,17,2,אמר אלאלעזר בןאהרן הכהן וירם אתהמחתת מבין השרפה ואתהאש זרההלאה כי קדשו,Order Eleazar son of Aaron the priest to remove the fire pans—for they have become sacred—from among the charred remains; and scatter the coals abroad.,Separación (Beyn)
Numbers,17,3,את מחתות החטאים האלה בנפשתם ועשו אתם רקעי פחים צפוי למזבח כיהקריבם לפנייהוה ויקדשו ויהיו לאות לבני ישראל,"bMeaning of parts of verse uncertain. [Remove] the fire pans of those who have sinned at the cost of their lives, and let them be made into hammered sheets as plating for the altar—for once they have been used for offering to GOD, they have become sacred—and let them serve as a warning to the people of Israel.",Ninguno
Numbers,17,4,ויקח אלעזר הכהן את מחתות הנחשת אשר הקריבו השרפים וירקעום צפוי למזבח,"Eleazar the priest took the copper fire pans that had been used for offering by those who died in the fire; and they were hammered into plating for the altar, ",Ninguno
Numbers,17,5,"זכרון לבני ישראל למען אשר לאיקרב איש זר אשר לא מזרע אהרן הוא להקטיר קטרת לפני יהוה ולאיהיה כקרח וכעדתו כאשר דבר יהוה בידמשה לו&nbsp;<span class=""mam-spi-pe"">{פ}</span><br>","as GOD had ordered him through Moses. It was to be a reminder to the Israelites, so that no outsider—one not of Aaron’s offspring—should presume to offer incense before GOD and suffer the fate of Korah and his band.",Ninguno
Numbers,17,6,וילנו כלעדת בניישראל ממחרת עלמשה ועלאהרן לאמר אתם המתם אתעם יהוה,"Next day the whole Israelite community railed against Moses and Aaron, saying, “You two have brought death upon GOD’s people!” ",Ninguno
Numbers,17,7,ויהי בהקהל העדה עלמשה ועלאהרן ויפנו אלאהל מועד והנה כסהו הענן וירא כבוד יהוה,"But as the community gathered against them, Moses and Aaron turned toward the Tent of Meeting; the cloud had covered it and the Presence of GOD appeared.",Ninguno
Numbers,17,8,"ויבא משה ואהרן אלפני אהל מועד&nbsp;<span class=""mam-spi-samekh"">{ס}</span>&nbsp;&nbsp;&nbsp;&nbsp;&nbsp;&nbsp;&nbsp;&nbsp;","When Moses and Aaron reached the Tent of Meeting, ",Ninguno
Numbers,17,9,וידבר יהוה אלמשה לאמר,"GOD spoke to Moses, saying, ",Ninguno
Numbers,17,10,הרמו מתוך העדה הזאת ואכלה אתם כרגע ויפלו עלפניהם,"“Remove yourselves from this community, that I may annihilate them in an instant.” They fell on their faces. ",Ninguno
Numbers,17,11,ויאמר משה אלאהרן קח אתהמחתה ותןעליה אש מעל המזבח ושים קטרת והולך מהרה אלהעדה וכפר עליהם כייצא הקצף מלפני יהוה החל הנגף,"Then Moses said to Aaron, “Take the fire pan, and put on it fire from the altar. Add incense and take it quickly to the community and make expiation for them. For wrath has gone forth from GOD: the plague has begun!” ",Ninguno
Numbers,17,12,ויקח אהרן כאשר&thinsp;<b></b> דבר משה וירץ אלתוך הקהל והנה החל הנגף בעם ויתן אתהקטרת ויכפר עלהעם,"Aaron took it, as Moses had ordered, and ran to the midst of the congregation, where the plague had begun among the people. He put on the incense and made expiation for the people; ",Ninguno
Numbers,17,13,ויעמד ביןהמתים ובין החיים ותעצר המגפה,he stood between the dead and the living until the plague was checked.,Separación (Beyn)
Numbers,17,14,ויהיו המתים במגפה ארבעה עשר אלף ושבע מאות מלבד המתים עלדברקרח,"Those who died of the plague came to fourteen thousand and seven hundred, aside from those who died on account of Korah. ",Ninguno
Numbers,17,15,"וישב אהרן אלמשה אלפתח אהל מועד והמגפה נעצרה&nbsp;<span class=""mam-spi-pe"">{פ}</span><br>","Aaron then returned to Moses at the entrance of the Tent of Meeting, since the plague was checked.",Ninguno
Numbers,17,16,וידבר יהוה אלמשה לאמר,"cThis verse is labeled as 17.1 in some editions. 
GOD
 spoke to Moses, saying: ",Ninguno
Numbers,17,17,דבר&thinsp;<b></b> אלבני ישראל וקח מאתם מטה מטה לבית אב מאת כלנשיאהם לבית אבתם שנים עשר מטות איש אתשמו תכתב עלמטהו,"Speak to the Israelite people and take from them—from the chieftains of their ancestral housesdof their ancestral houses I.e., of their tribes.—one staff for each chieftain of an ancestral house: twelve staffs in all. Inscribe each one’s name on his staff, ",Ninguno
Numbers,17,18,ואת שם אהרן תכתב עלמטה לוי כי מטה אחד לראש בית אבותם,there being one staff for each head of an ancestral house; also inscribe Aaron’s name on the staff of Levi.,Ninguno
Numbers,17,19,והנחתם באהל מועד לפני העדות אשר אועד לכם שמה,"Deposit them in the Tent of Meeting before the Pact, where I meet with you. ",Ninguno
Numbers,17,20,והיה האיש אשר אבחרבו מטהו יפרח והשכתי מעלי אתתלנות בני ישראל אשר הם מלינם עליכם,"The staff of the man whom I choose shall sprout, and I will rideI will rid Meaning of Heb. wa-hashikkothi uncertain. Myself of the incessant mutterings of the Israelites against you.",Ninguno
Numbers,17,21,וידבר משה אלבני ישראל ויתנו אליו&thinsp;<small></small>&thinsp;כלנשיאיהם מטה לנשיא אחד מטה לנשיא אחד לבית אבתם שנים עשר מטות ומטה אהרן בתוך מטותם,"Moses spoke thus to the Israelites. Their chieftains gave him a staff for each chieftain of an ancestral house, twelve staffs in all; among these staffs was that of Aaron. ",Ninguno
Numbers,17,22,וינח משה אתהמטת לפני יהוה באהל העדת,"Moses deposited the staffs before GOD, in the Tent of the Pact. ",Ninguno
Numbers,17,23,ויהי ממחרת ויבא משה אלאהל העדות והנה פרח מטהאהרן לבית לוי ויצא פרח ויצץ ציץ ויגמל שקדים,"The next day Moses entered the Tent of the Pact, and there the staff of Aaron of the house of Levi had sprouted: it had brought forth sprouts, produced blossoms, and borne almonds. ",Ninguno
Numbers,17,24,"ויצא משה אתכלהמטת מלפני יהוה אלכלבני ישראל ויראו ויקחו איש מטהו&nbsp;<span class=""mam-spi-pe"">{פ}</span><br>",Moses then brought out all the staffs from before GOD to all the Israelites; each identified and recovered his staff.,Ninguno
Numbers,17,25,ויאמר יהוה אלמשה השב אתמטה אהרן לפני העדות למשמרת לאות לבנימרי ותכל תלונתם מעלי ולא ימתו,"
GOD
 said to Moses, “Put Aaron’s staff back before the Pact, to be kept as a lesson to rebels, so that their mutterings against Me may cease, lest they die.” ",Ninguno
Numbers,17,26,"ויעש משה כאשר צוה יהוה אתו כן עשה&nbsp;<span class=""mam-spi-pe"">{פ}</span><br>","This Moses did; just as GOD had commanded him, so he did.",Ninguno
Numbers,17,27,ויאמרו בני ישראל אלמשה לאמר הן גוענו אבדנו כלנו אבדנו,"But the Israelites said to Moses, “Lo, we perish! We are lost, all of us lost! ",Ninguno
Numbers,17,28,"כל הקרב&thinsp;<small></small>&thinsp;הקרב אלמשכן יהוה ימות האם תמנו לגוע&nbsp;<span class=""mam-spi-samekh"">{ס}</span>&nbsp;&nbsp;&nbsp;&nbsp;&nbsp;&nbsp;&nbsp;&nbsp;","Everyone who so much as ventures near GOD’s Tabernacle must die. Alas, we are doomed to perish!”",Ninguno
Numbers,18,1,ויאמר יהוה אלאהרן אתה ובניך וביתאביך אתך תשאו אתעון המקדש ואתה ובניך אתך תשאו אתעון כהנתכם,"
GOD
 said to Aaron: You and your sons and the ancestral house under your charge shall bear any guilt connected with the sanctuary; you and your sons alone shall bear any guilt connected with your priesthood. ",Ninguno
Numbers,18,2,וגם אתאחיך מטה לוי שבט אביך הקרב אתך וילוו עליך וישרתוך ואתה ובניך אתך לפני אהל העדת,"You shall also associate with yourself your kinsmen the tribe of Levi, your ancestral tribe, to be attached to you and to minister to you, while you and your sons under your charge are before the Tent of the Pact.awhile you and your sons … Tent of the Pact Force of Heb. uncertain. ",Ninguno
Numbers,18,3,ושמרו משמרתך ומשמרת כלהאהל אך אלכלי הקדש ואלהמזבח לא יקרבו ולאימתו גםהם גםאתם,"They shall discharge their duties to you and to the Tent as a whole, but they must not have any contact with the furnishings of the Shrine or with the altar, lest both they and you die. ",Ninguno
Numbers,18,4,ונלוו עליך ושמרו אתמשמרת אהל מועד לכל עבדת האהל וזר לאיקרב אליכם,"They shall be attached to you and discharge the duties of the Tent of Meeting, all the service of the Tent; but no outsider shall intrude upon you ",Ninguno
Numbers,18,5,ושמרתם את משמרת הקדש ואת משמרת המזבח ולאיהיה עוד קצף עלבני ישראל,"as you discharge the duties connected with the Shrine and the altar, that wrath may not again strike the Israelites.",Ninguno
Numbers,18,6,ואני הנה לקחתי אתאחיכם הלוים מתוך בני ישראל לכם מתנה נתנים ליהוה לעבד אתעבדת אהל מועד,"I hereby take your fellow Levites from among the Israelites; they are assigned to you in dedication to GOD, to do the work of the Tent of Meeting; ",Ninguno
Numbers,18,7,"ואתה ובניך אתך תשמרו אתכהנתכם לכלדבר המזבח ולמבית לפרכת ועבדתם עבדת מתנה אתן אתכהנתכם והזר הקרב יומת&nbsp;<span class=""mam-spi-pe"">{פ}</span><br>",while you and your sons shall be careful to perform your priestly duties in everything pertaining to the altar and to what is behind the curtain. I make your priesthood a service of dedication; any outsider who encroaches shall be put to death.,Ninguno
Numbers,18,8,וידבר יהוה אלאהרן ואני הנה נתתי לך אתמשמרת תרומתי לכלקדשי בניישראל לך נתתים למשחה ולבניך לחקעולם,"GOD
 spoke further to Aaron: I hereby give you charge of My gifts, all the sacred donations of the Israelites; I grant them to you and to your sons as a perquisite,bperquisite See the first note at Lev. 7.35. a due for all time. ",Ninguno
Numbers,18,9,זהיהיה לך מקדש הקדשים מןהאש כלקרבנם לכלמנחתם ולכלחטאתם ולכלאשמם אשר ישיבו לי קדש קדשים לך הוא ולבניך,"This shall be yours from the most holy sacrifices, the offerings by fire:cthe offerings by fire Force of Heb. min ha-ʼesh uncertain; lit. “from the fire.” every such offering that they render to Me as most holy sacrifices, namely, every grain offering, purgation offering, and reparation offering of theirs, shall belong to you and your sons. ",Ninguno
Numbers,18,10,בקדש הקדשים תאכלנו כלזכר יאכל אתו קדש יהיהלך,You shall partake of them as most sacred donations: only males may eat them; you shall treat them as consecrated.dyou shall treat them as consecrated Or “they are consecrated for your use.” ,Ninguno
Numbers,18,11,וזהלך תרומת מתנם לכלתנופת בני ישראל לך נתתים ולבניך ולבנתיך אתך לחקעולם כלטהור בביתך יאכל אתו,"This, too, shall be yours: the gift offeringsegift offerings Cf. Lev. 7.29ff. of their contributions, all the elevation offerings of the Israelites, I give to you [and your wives], to your sons, and to the daughters that are with you, as a due for all time; everyone of your household who is pure may eat it.",Ninguno
Numbers,18,12,כל חלב יצהר וכלחלב תירוש ודגן ראשיתם אשריתנו ליהוה לך נתתים,"All the best of the new oil, wine, and grain—the choice parts that they present to GOD—I give to you. ",Ninguno
Numbers,18,13,בכורי כלאשר בארצם אשריביאו ליהוה לך יהיה כלטהור בביתך יאכלנו,"The first fruits of everything in their land, that they bring to GOD, shall be yours; everyone of your household who is pure may eat them. ",Ninguno
Numbers,18,14,כלחרם בישראל לך יהיה,Everything that has been proscribed in Israelfproscribed in Israel See Lev. 27.28. shall be yours. ,Ninguno
Numbers,18,15,כלפטר רחם לכלבשר אשריקריבו ליהוה באדם ובבהמה יהיהלך אך&thinsp;<b></b> פדה תפדה את בכור האדם ואת בכורהבהמה הטמאה תפדה,"The first [male] issue of the womb of every being, human or animal, that is offered to GOD, shall be yours; but you shall have the first-born of human beings redeemed, and you shall also have the firstling of impure animals redeemed. ",Ninguno
Numbers,18,16,ופדויו מבןחדש תפדה בערכך כסף חמשת שקלים בשקל הקדש עשרים גרה הוא,"Take as their redemption price,gtheir redemption price I.e., for human first-born; cf. 3.44ff. For animals, see Exod. 34.19–20. from the age of one month up, the money equivalent of five shekels by the sanctuary weight, which is twenty gerahs. ",Ninguno
Numbers,18,17,אך בכורשור אובכור כשב אובכור עז לא תפדה קדש הם אתדמם תזרק עלהמזבח ואתחלבם תקטיר אשה לריח ניחח ליהוה,"But the firstlings of cattle, sheep, or goats may not be redeemed; they are consecrated. You shall dash their blood against the altar, and turn their fat into smoke as an offering by fire for a pleasing odor to GOD. ",Ninguno
Numbers,18,18,ובשרם יהיהלך כחזה התנופה וכשוק הימין לך יהיה,But their meat shall be yours: it shall be yours like the breast of elevation offering and like the right thigh.,Control/Derecha (Yamin)
Numbers,18,19,כל&thinsp;<b></b> תרומת הקדשים אשר ירימו בניישראל ליהוה נתתי לך ולבניך ולבנתיך אתך לחקעולם ברית מלח עולם הוא לפני יהוה לך ולזרעך אתך,"All the sacred gifts that the Israelites set aside for GOD I give to you, to your sons, and to the daughters that are with you, as a due for all time. It shall be an everlasting covenant of salthcovenant of salt See Lev. 2.13. before GOD for you and for your offspring as well. ",Ninguno
Numbers,18,20,"ויאמר יהוה אלאהרן בארצם לא תנחל וחלק לאיהיה לך בתוכם אני חלקך ונחלתך בתוך בני ישראל&nbsp;<span class=""mam-spi-samekh"">{ס}</span>&nbsp;&nbsp;&nbsp;&nbsp;&nbsp;&nbsp;&nbsp;&nbsp;","And GOD said to Aaron: You shall, however, have no territorial share among them or own any portion in their midst; I am your portion and your share among the Israelites.",Ninguno
Numbers,18,21,ולבני לוי הנה נתתי כלמעשר בישראל לנחלה חלף עבדתם אשרהם עבדים אתעבדת אהל מועד,"And to the Levites I hereby give all the tithes in Israel as their share in return for the services that they perform, the services of the Tent of Meeting. ",Ninguno
Numbers,18,22,ולאיקרבו עוד בני ישראל אלאהל מועד לשאת חטא למות,"Henceforth, Israelites shall not trespass on the Tent of Meeting, and thus incur guilt and die: ",Ninguno
Numbers,18,23,ועבד הלוי הוא אתעבדת אהל מועד והם ישאו עונם חקת עולם לדרתיכם ובתוך בני ישראל לא ינחלו נחלה,only Levites shall perform the services of the Tent of Meeting; othersiothers Lit. “they.” would incur guilt. It is the law for all time throughout the ages. But they shall have no territorial share among the Israelites; ,Ninguno
Numbers,18,24,"כי אתמעשר בניישראל אשר ירימו ליהוה תרומה נתתי ללוים לנחלה עלכן אמרתי להם בתוך בני ישראל לא ינחלו נחלה&nbsp;<span class=""mam-spi-pe"">{פ}</span><br>",for it is the tithes set aside by the Israelites as a gift to GOD that I give to the Levites as their share. Therefore I have said concerning them: They shall have no territorial share among the Israelites.,Ninguno
Numbers,18,25,וידבר יהוה אלמשה לאמר,"
GOD
 spoke to Moses, saying: ",Ninguno
Numbers,18,26,ואלהלוים תדבר ואמרת אלהם כיתקחו מאת בניישראל אתהמעשר אשר נתתי לכם מאתם בנחלתכם והרמתם ממנו תרומת יהוה מעשר מןהמעשר,"Speak to the Levites and say to them: When you receive from the Israelites their tithes, which I have assigned to you as your share, you shall set aside from them one-tenth of the tithe as a gift to GOD. ",Ninguno
Numbers,18,27,ונחשב לכם תרומתכם כדגן מןהגרן וכמלאה מןהיקב,"This shall be accounted to you as your gift. As with the new grain from the threshing floor or the flow from the vat, ",Ninguno
Numbers,18,28,כן תרימו גםאתם תרומת יהוה מכל מעשרתיכם אשר תקחו מאת בני ישראל ונתתם ממנו אתתרומת יהוה לאהרן הכהן,so shall you on your part set aside a gift for GOD from all the tithes that you receive from the Israelites; and from them you shall bring the gift for GOD to Aaron the priest.,Ninguno
Numbers,18,29,מכל מתנתיכם תרימו את כלתרומת יהוה מכלחלבו אתמקדשו ממנו,"You shall set aside all gifts due to GOD from everything that is donated to you, from each thing its best portion, the part thereof that is to be consecrated.",Ninguno
Numbers,18,30,ואמרת אלהם בהרימכם אתחלבו ממנו ונחשב ללוים כתבואת גרן וכתבואת יקב,"Say to them further: When you have removed the best part from it, you Levites may consider it the same as the yield of threshing floor or vat. ",Ninguno
Numbers,18,31,ואכלתם אתו בכלמקום אתם וביתכם כישכר הוא לכם חלף עבדתכם באהל מועד,"You and your households may eat it anywhere, for it is your recompense for your services in the Tent of Meeting. ",Ninguno
Numbers,18,32,"ולאתשאו עליו חטא בהרימכם אתחלבו ממנו ואתקדשי בניישראל לא תחללו ולא תמותו&nbsp;<span class=""mam-spi-pe"">{פ}</span><br>","You will incur no guilt through it, once you have removed the best part from it; but you must not profane the sacred donations of the Israelites, lest you die.",Ninguno
Numbers,19,1,וידבר יהוה אלמשה ואלאהרן לאמר,"
GOD
 spoke to Moses and Aaron, saying: ",Ninguno
Numbers,19,2,זאת חקת התורה אשרצוה יהוה לאמר דבר&thinsp;<b></b> אלבני ישראל ויקחו אליך פרה אדמה תמימה אשר איןבה מום אשר לאעלה עליה על,"This is the ritual law that GOD has commanded:Instruct the Israelite people to bring you a red cow without blemish, in which there is no defect and on which no yoke has been laid. ",Ninguno
Numbers,19,3,ונתתם אתה אלאלעזר הכהן והוציא אתה אלמחוץ למחנה ושחט אתה לפניו,You shall give it to Eleazar the priest. It shall be taken outside the camp and slaughtered in his presence.,Ninguno
Numbers,19,4,ולקח אלעזר הכהן מדמה באצבעו והזה אלנכח פני אהלמועד מדמה שבע פעמים,Eleazar the priest shall take some of its blood with his finger and sprinkle it seven times toward the front of the Tent of Meeting.,Ninguno
Numbers,19,5,ושרף אתהפרה לעיניו אתערה ואתבשרה ואתדמה עלפרשה ישרף,"The cow shall be burned in his sight—its hide, flesh, and blood shall be burned, its dung included— ",Ninguno
Numbers,19,6,ולקח הכהן עץ ארז ואזוב ושני תולעת והשליך אלתוך שרפת הפרה,"and the priest shall take cedar wood, hyssop, and crimson stuff, and throw them into the fire consuming the cow. ",Ninguno
Numbers,19,7,וכבס בגדיו הכהן ורחץ בשרו במים ואחר יבא אלהמחנה וטמא הכהן עדהערב,"The priest shall wash his garments and bathe in water; after that the priest may reenter the camp, but he shall be impure until evening. ",Ninguno
Numbers,19,8,והשרף אתה יכבס בגדיו במים ורחץ בשרו במים וטמא עדהערב,"The one who performed the burning shall also wash their garments in water, bathe, and be impure until evening. ",Ninguno
Numbers,19,9,ואסף&thinsp;<b></b> איש טהור את אפר הפרה והניח מחוץ למחנה במקום טהור והיתה לעדת בניישראל למשמרת למי נדה חטאת הוא,"Someone else who is pure shall gather up the ashes of the cow and deposit them outside the camp in a pure place, to be kept for water of lustrationawater of lustration Lit. “water for impurity.” for the Israelite community. It is for purgation. ",Ninguno
Numbers,19,10,וכבס האסף אתאפר הפרה אתבגדיו וטמא עדהערב והיתה לבני ישראל ולגר הגר בתוכם לחקת עולם,The one who gathers up the ashes of the cow shall also wash their clothes and be impure until evening.This shall be a permanent law for the Israelites and for the strangers who reside among them.,Ninguno
Numbers,19,11,הנגע במת לכלנפש אדם וטמא שבעת ימים,Anyone who touches the corpse of any human being shall be impure for seven days.,Ninguno
Numbers,19,12,הוא יתחטאבו ביום השלישי וביום השביעי יטהר ואםלא יתחטא ביום השלישי וביום השביעי לא יטהר,"They shall undergo cleansing with [the ashes] on the third day and on the seventh day, and then be pure; if they fail to undergo cleansing on the third and seventh days, they shall not be pure. ",Ninguno
Numbers,19,13,כלהנגע במת בנפש האדם אשרימות ולא יתחטא אתמשכן יהוה טמא ונכרתה הנפש ההוא מישראל כי מי נדה לאזרק עליו טמא יהיה עוד טמאתו בו,"Whoever touches a corpse—the body of a person who has died—and does not undergo cleansing, defiles GOD’s Tabernacle; that person shall be cut off from Israel. Since the water of lustration was not dashed on them, they remain impure; their impurity is still upon them.",Ninguno
Numbers,19,14,זאת התורה אדם כיימות באהל כלהבא אלהאהל וכלאשר באהל יטמא שבעת ימים,"This is the ritual: When a person dies in a tent, whoever enters the tent and whoever is in the tent shall be impure seven days; ",Ninguno
Numbers,19,15,וכל כלי פתוח אשר איןצמיד פתיל עליו טמא הוא,"and every open vessel, with no lid fastened down, shall be impure. ",Ninguno
Numbers,19,16,וכל אשריגע עלפני השדה בחללחרב או במת אובעצם אדם או בקבר יטמא שבעת ימים,"And in the open, anyone who touches a person who was killedbkilled Lit. “slain by the sword.” or who died naturally, or human bone, or a grave, shall be impure seven days. ",Ninguno
Numbers,19,17,ולקחו לטמא מעפר שרפת החטאת ונתן עליו מים חיים אלכלי,"Some of the ashescashes Lit. “earth” or “dust.” from the fire of purgation shall be taken for the impure person, and fresh water shall be added to them in a vessel. ",Ninguno
Numbers,19,18,ולקח אזוב וטבל במים איש טהור והזה עלהאהל ועלכלהכלים ועלהנפשות אשר היושם ועלהנגע בעצם או בחלל או במת או בקבר,"Then someone who is pure shall take hyssop, dip it in the water, and sprinkle on the tent and on all the vessels and people who were there, or on the one who touched the bones or the person who was killed or died naturally or the grave. ",Ninguno
Numbers,19,19,והזה הטהר עלהטמא ביום השלישי וביום השביעי וחטאו ביום השביעי וכבס בגדיו ורחץ במים וטהר בערב,"The pure person shall sprinkle it upon the impure person on the third day and on the seventh day, thus cleansing that person by the seventh day. [The latter] shall then wash their clothes and bathe in water—and at nightfall shall be pure. ",Ninguno
Numbers,19,20,ואיש אשריטמא ולא יתחטא ונכרתה הנפש ההוא מתוך הקהל כי אתמקדש יהוה טמא מי נדה לאזרק עליו טמא הוא,"If anyone who has become impure fails to undergo cleansing, that person shall be cut off from the congregation for having defiled GOD’s sanctuary. The water of lustration was not dashed on them—they are impure.",Ninguno
Numbers,19,21,והיתה להם לחקת עולם ומזה מיהנדה יכבס בגדיו והנגע במי הנדה יטמא עדהערב,"That shall be for them a law for all time. Further, whoever sprinkled the water of lustration shall wash their clothes; and whoever touches the water of lustration shall be impure until evening. ",Ninguno
Numbers,19,22,"וכל אשריגעבו הטמא יטמא והנפש הנגעת תטמא עדהערב&nbsp;<span class=""mam-spi-pe"">{פ}</span><br>",Whatever that impure person touches shall be impure; and the person who touches [that impure one] shall be impure until evening.,Ninguno
Numbers,20,1,ויבאו בניישראל כלהעדה מדברצן בחדש הראשון וישב העם בקדש ותמת שם מרים ותקבר שם,"The Israelites arrived in a body at the wilderness of Zin on the first new moon,afirst new moon Of the fortieth year; cf. 33.36–38. and the people stayed at Kadesh. Miriam died there and was buried there.",Ninguno
Numbers,20,2,ולאהיה מים לעדה ויקהלו עלמשה ועלאהרן,"The community was without water, and they joined against Moses and Aaron. ",Ninguno
Numbers,20,3,וירב העם עםמשה ויאמרו לאמר ולו גוענו בגוע אחינו לפני יהוה,"The people quarreled with Moses, saying, “If only we had perished when our brothers perished by GOD’s will!bby GOD’s will Lit. “before GOD”; cf. 16.35; 17.5. ",Ninguno
Numbers,20,4,ולמה הבאתם אתקהל יהוה אלהמדבר הזה למות שם אנחנו ובעירנו,Why have you brought GOD’s congregation into this wilderness for us and our livestock to die there?,Ninguno
Numbers,20,5,ולמה העליתנו ממצרים להביא אתנו אלהמקום הרע הזה לא&thinsp;<b></b> מקום זרע ותאנה וגפן ורמון ומים אין לשתות,"Why did you make us leave Egypt to bring us to this wretched place, a place with no grain or figs or vines or pomegranates? There is not even water to drink!”",Ninguno
Numbers,20,6,"ויבא משה ואהרן מפני הקהל אלפתח אהל מועד ויפלו עלפניהם וירא כבודיהוה אליהם&nbsp;<span class=""mam-spi-pe"">{פ}</span><br>","Moses and Aaron came away from the congregation to the entrance of the Tent of Meeting, and fell on their faces. The Presence of GOD appeared to them, ",Ninguno
Numbers,20,7,וידבר יהוה אלמשה לאמר,"and GOD spoke to Moses, saying, ",Ninguno
Numbers,20,8,קח אתהמטה והקהל אתהעדה אתה ואהרן אחיך ודברתם אלהסלע לעיניהם ונתן מימיו והוצאת להם מים מןהסלע והשקית אתהעדה ואתבעירם,"“You and your brother Aaron take the rod and assemble the community, and before their very eyes order the rock to yield its water. Thus you shall produce water for them from the rock and provide drink for the congregation and their livestock.”",Ninguno
Numbers,20,9,ויקח משה אתהמטה מלפני יהוה כאשר צוהו,"Moses took the rod from before GOD, as he had been commanded. ",Ninguno
Numbers,20,10,ויקהלו משה ואהרן אתהקהל אלפני הסלע ויאמר להם שמעונא המרים המןהסלע הזה נוציא לכם מים,"Moses and Aaron assembled the congregation in front of the rock; and he said to them, “Listen, you rebels, shall we get water for you out of this rock?” ",Ninguno
Numbers,20,11,"וירם משה אתידו ויך אתהסלע במטהו פעמים ויצאו מים רבים ותשת העדה ובעירם&nbsp;<span class=""mam-spi-samekh"">{ס}</span>&nbsp;&nbsp;&nbsp;&nbsp;&nbsp;&nbsp;&nbsp;&nbsp;","And Moses raised his hand and struck the rock twice with his rod. Out came copious water, and the community and their livestock drank.",Ninguno
Numbers,20,12,ויאמר יהוה אלמשה ואלאהרן יען לאהאמנתם בי להקדישני לעיני בני ישראל לכן לא תביאו אתהקהל הזה אלהארץ אשרנתתי להם,"But GOD said to Moses and Aaron, “Because you did not trust Me enough to affirm My sanctity in the sight of the Israelite people, therefore you shall not lead this congregation into the land that I have given them.” ",Ninguno
Numbers,20,13,"המה מי מריבה אשררבו בניישראל אתיהוה ויקדש בם&nbsp;<span class=""mam-spi-samekh"">{ס}</span>&nbsp;&nbsp;&nbsp;&nbsp;&nbsp;&nbsp;&nbsp;&nbsp;","Those are the waters of MeribahcMeribah I.e., “Quarrel”; cf. Exod. 17.7 and the second note there.—meaning that the Israelites quarrelled with GOD—whose sanctity was affirmed through them.",Ninguno
Numbers,20,14,וישלח משה מלאכים מקדש אלמלך אדום כה אמר אחיך ישראל אתה ידעת את כלהתלאה אשר מצאתנו,"From Kadesh, Moses sent messengers to the king of Edom: “Thus says your brother Israel: You know all the hardships that have befallen us; ",Percepción (Yada)
Numbers,20,15,וירדו אבתינו מצרימה ונשב במצרים ימים רבים וירעו לנו מצרים ולאבתינו,"that our ancestors went down to Egypt, that we dwelt in Egypt a long time, and that the Egyptians dealt harshly with us and our ancestors. ",Ninguno
Numbers,20,16,ונצעק אליהוה וישמע קלנו וישלח מלאך ויצאנו ממצרים והנה אנחנו בקדש עיר קצה גבולך,"We cried to GOD—who, upon hearing our plea, sent a messengerda messenger I.e., Moses himself. Or “an angel.” who freed us from Egypt. Now we are in Kadesh, the town on the border of your territory. ",Ninguno
Numbers,20,17,נעברהנא בארצך לא נעבר בשדה ובכרם ולא נשתה מי באר דרך המלך נלך לא נטה ימין ושמאול עד אשרנעבר גבלך,"Allow us, then, to cross your country. We will not pass through fields or vineyards, and we will not drink water from wells. We will follow the king’s highway, turning off neither to the right nor to the left until we have crossed your territory.”",Control/Derecha (Yamin)
Numbers,20,18,ויאמר אליו אדום לא תעבר בי פןבחרב אצא לקראתך,"But Edom answered him, “You shall not pass through us, else we will go out against you with the sword.” ",Ninguno
Numbers,20,19,ויאמרו אליו בניישראל במסלה נעלה ואםמימיך נשתה אני ומקני ונתתי מכרם רק איןדבר ברגלי אעברה,"“We will keep to the beaten track,” the Israelites said to them, “and if we or our cattle drink your water, we will pay for it. We ask only for passage on foot—it is but a small matter.” ",Ninguno
Numbers,20,20,ויאמר לא תעבר ויצא אדום לקראתו בעם כבד וביד חזקה,"But they replied, “You shall not pass through!” And Edom went out against them in heavy force, strongly armed. ",Ninguno
Numbers,20,21,"וימאן&thinsp;<b></b> אדום נתן אתישראל עבר בגבלו ויט ישראל מעליו&nbsp;<span class=""mam-spi-pe"">{פ}</span><br>","So Edom would not let Israel cross their territory, and Israel turned away from them.",Ninguno
Numbers,20,22,ויסעו מקדש ויבאו בניישראל כלהעדה הר ההר,"Setting out from Kadesh, the Israelites arrived in a body at Mount Hor. ",Ninguno
Numbers,20,23,ויאמר יהוה אלמשה ואלאהרן בהר ההר עלגבול ארץאדום לאמר,"At Mount Hor, on the boundary of the land of Edom, GOD said to Moses and Aaron, ",Ninguno
Numbers,20,24,יאסף אהרן אלעמיו כי לא יבא אלהארץ אשר נתתי לבני ישראל על אשרמריתם אתפי למי מריבה,"“Let Aaron be gathered to his kin: he is not to enter the land that I have assigned to the Israelite people, because you disobeyed My command about the waters of Meribah. ",Ninguno
Numbers,20,25,קח אתאהרן ואתאלעזר בנו והעל אתם הר ההר,Take Aaron and his son Eleazar and bring them up on Mount Hor.,Ninguno
Numbers,20,26,והפשט אתאהרן אתבגדיו והלבשתם אתאלעזר בנו ואהרן יאסף ומת שם,Strip Aaron of his vestments and put them on his son Eleazar. There Aaron shall be gathered unto the dead.”eunto the dead Lit. “and die.” ,Ninguno
Numbers,20,27,ויעש משה כאשר צוה יהוה ויעלו אלהר ההר לעיני כלהעדה,Moses did as GOD had commanded. They ascended Mount Hor in the sight of the whole community.,Ninguno
Numbers,20,28,ויפשט משה אתאהרן אתבגדיו וילבש אתם אתאלעזר בנו וימת אהרן שם בראש ההר וירד משה ואלעזר מןההר,"Moses stripped Aaron of his vestments and put them on his son Eleazar, and Aaron died there on the summit of the mountain. When Moses and Eleazar came down from the mountain, ",Ninguno
Numbers,20,29,"ויראו כלהעדה כי גוע אהרן ויבכו אתאהרן שלשים יום כל בית ישראל&nbsp;<span class=""mam-spi-samekh"">{ס}</span>&nbsp;&nbsp;&nbsp;&nbsp;&nbsp;&nbsp;&nbsp;&nbsp;",the whole community knew that Aaron had breathed his last. All the house of Israel bewailed Aaron thirty days.,Ninguno
Numbers,21,1,וישמע הכנעני מלךערד ישב הנגב כי בא ישראל דרך האתרים וילחם בישראל וישב&thinsp;<small></small>&thinsp;ממנו שבי,"When the Canaanite, king of Arad, who dwelt in the Negeb, learned that Israel was coming by the way of Atharim,aAtharim Meaning of Heb. ha-ʼatharim uncertain. Targum and other ancient versions render “the way [taken by] the scouts.” he engaged Israel in battle and took some of them captive. ",Ninguno
Numbers,21,2,וידר ישראל נדר ליהוה ויאמר אםנתן תתן אתהעם הזה בידי והחרמתי אתעריהם,"Then Israel made a vow to GOD and said, “If You deliver this people into our hand, we will proscribebproscribe I.e., utterly destroy, reserving no booty except what is deposited in the Sanctuary; see Josh. 6.24. their towns.” ",Ninguno
Numbers,21,3,"וישמע יהוה בקול ישראל ויתן אתהכנעני ויחרם אתהם ואתעריהם ויקרא שםהמקום חרמה&nbsp;<span class=""mam-spi-pe"">{פ}</span><br>",GOD heeded Israel’s plea and delivered up the Canaanites; and they and their cities were proscribed. So that place was named Hormah.cHormah Connected with heḥerim “to proscribe.” ,Ninguno
Numbers,21,4,ויסעו מהר ההר דרך יםסוף לסבב אתארץ אדום ותקצר נפשהעם בדרך,"They set out from Mount Hor by way of the Sea of ReedsdSea of Reeds Traditionally, but incorrectly, “Red Sea.” to skirt the land of Edom. But the people grew restive on the journey, ",Ninguno
Numbers,21,5,וידבר העם באלהים ובמשה למה העליתנו ממצרים למות במדבר כי אין לחם ואין מים ונפשנו קצה בלחם הקלקל,"and the people spoke against God and against Moses, “Why did you make us leave Egypt to die in the wilderness? There is no bread and no water, and we have come to loathe this miserable food.” ",Ninguno
Numbers,21,6,וישלח יהוה בעם את הנחשים השרפים וינשכו אתהעם וימת עםרב מישראל,GOD sent serapheseraph Cf. Isa. 14.29; 30.6. In contrast to others “fiery”; exact meaning of Heb. saraph uncertain. serpents against the people. They bit the people and many of the Israelites died. ,Ninguno
Numbers,21,7,ויבא העם אלמשה ויאמרו חטאנו כידברנו ביהוה ובך התפלל אליהוה ויסר מעלינו אתהנחש ויתפלל משה בעד העם,"The people came to Moses and said, “We sinned by speaking against GOD and against you. Intercede with GOD to take away the serpents from us!” And Moses interceded for the people. ",Ninguno
Numbers,21,8,ויאמר יהוה אלמשה עשה לך שרף ושים אתו עלנס והיה כלהנשוך וראה אתו וחי,"Then GOD said to Moses, “Make a seraphfseraph See note at v. 6. figure and mount it on a standard. And anyone who was bitten who then looks at it shall recover.” ",Ninguno
Numbers,21,9,ויעש משה נחש נחשת וישמהו עלהנס והיה אםנשך הנחש אתאיש והביט אלנחש הנחשת וחי,"Moses made a copper serpent and mounted it on a standard; and if someone was bitten by a serpent, they would look at the copper serpent and recover.",Ninguno
Numbers,21,10,ויסעו בני ישראל ויחנו באבת,The Israelites marched on and encamped at Oboth.,Ninguno
Numbers,21,11,ויסעו מאבת ויחנו בעיי העברים במדבר אשר עלפני מואב ממזרח השמש,"They set out from Oboth and encamped at Iye-abarim, in the wilderness bordering on Moab to the east. ",Ninguno
Numbers,21,12,משם נסעו ויחנו בנחל זרד,From there they set out and encamped at the wadi Zered.,Ninguno
Numbers,21,13,משם נסעו ויחנו מעבר ארנון אשר במדבר היצא מגבל האמרי כי ארנון גבול מואב בין מואב ובין האמרי,"From there they set out and encamped beyond the Arnon, that is, in the wilderness that extends from the territory of the Amorites. For the Arnon is the boundary of Moab, between Moab and the Amorites. ",Separación (Beyn)
Numbers,21,14,עלכן יאמר בספר מלחמת יהוה אתוהב בסופה ואתהנחלים ארנון,"Therefore the Book of the Wars of GOD speaks ofgThe quotation that follows is a fragment; its text and meaning are uncertain. “…Waheb in Suphah, and the wadis: the Arnon ",Ninguno
Numbers,21,15,ואשד הנחלים אשר נטה לשבת ער ונשען לגבול מואב,"with its tributary wadis, stretched along the settled country of Ar, hugging the territory of Moab…”",Ninguno
Numbers,21,16,"ומשם בארה הוא הבאר אשר אמר יהוה למשה אסף אתהעם ואתנה להם מים&nbsp;<span class=""mam-spi-samekh"">{ס}</span>&nbsp;&nbsp;&nbsp;&nbsp;&nbsp;&nbsp;&nbsp;&nbsp;","And from there to Beer,hBeer Lit. “well.” which is the well where GOD said to Moses, “Assemble the people that I may give them water.” ",Ninguno
Numbers,21,17,אז ישיר ישראל אתהשירה הזאת עלי באר ענולה,"Then Israel sang this song:Spring up, O well—sing to it—",Ninguno
Numbers,21,18,באר חפרוה שרים כרוה נדיבי העם במחקק במשענתם וממדבר מתנה,"The well that the chieftains dug,That the nobles of the people startedWith maces, with their own staffs.And from MidbariMidbar Septuagint “the well” (= Beer); cf. v. 16. to Mattanah, ",Ninguno
Numbers,21,19,וממתנה נחליאל ומנחליאל במות,"and from Mattanah to Nahaliel, and from Nahaliel to Bamoth, ",Ninguno
Numbers,21,20,"ומבמות הגיא אשר בשדה מואב ראש הפסגה ונשקפה עלפני הישימן&nbsp;<span class=""mam-spi-pe"">{פ}</span><br>","and from Bamoth to the valley that is in the country of Moab, at the peak of Pisgah, overlooking the wasteland.jwasteland Or “Jeshimon.” ",Ninguno
Numbers,21,21,וישלח ישראל מלאכים אלסיחן מלךהאמרי לאמר,"Israel now sent messengers to Sihon king of the Amorites, saying, ",Ninguno
Numbers,21,22,אעברה בארצך לא נטה בשדה ובכרם לא נשתה מי באר בדרך המלך נלך עד אשרנעבר גבלך,"“Let me pass through your country. We will not turn off into fields or vineyards, and we will not drink water from wells. We will follow the king’s highway until we have crossed your territory.” ",Ninguno
Numbers,21,23,ולאנתן סיחן אתישראל עבר בגבלו ויאסף סיחן אתכלעמו ויצא לקראת ישראל המדברה ויבא יהצה וילחם בישראל,But Sihon would not let Israel pass through his territory. Sihon gathered all his troops and went out against Israel in the wilderness. He came to Jahaz and engaged Israel in battle.,Ninguno
Numbers,21,24,ויכהו ישראל לפיחרב ויירש אתארצו מארנן עדיבק עדבני עמון כי עז גבול בני עמון,"But Israel put them to the sword, and took possession of their land, from the Arnon to the Jabbok, as far as [Az] of the Ammonites, for AzkAz Septuagint “Jazer,” cf. v. 32. marked the boundary of the Ammonites.lfor Az marked the boundary of the Ammonites In contrast to others “for the boundary of the Ammonites was strong.” ",Ninguno
Numbers,21,25,ויקח ישראל את כלהערים האלה וישב ישראל בכלערי האמרי בחשבון ובכלבנתיה,"Israel took all those towns. And Israel settled in all the towns of the Amorites, in Heshbon and all its dependencies.",Ninguno
Numbers,21,26,כי חשבון עיר סיחן מלך האמרי הוא והוא נלחם במלך מואב הראשון ויקח אתכלארצו מידו עדארנן,"Now Heshbon was the city of Sihon king of the Amorites, who had fought against a former king of Moab and taken all his land from him as far as the Arnon. ",Ninguno
Numbers,21,27,עלכן יאמרו המשלים באו חשבון תבנה ותכונן עיר סיחון,Therefore the bards would recite:mThe meaning of several parts of this ancient poem is no longer certain. “Come to Heshbon; firmly builtAnd well founded is Sihon’s city.,Ninguno
Numbers,21,28,כיאש יצאה מחשבון להבה מקרית סיחן אכלה ער מואב בעלי במות ארנן,"For fire went forth from Heshbon,Flame from Sihon’s city,Consuming Ar of Moab,The lords of BamothnBamoth Cf. vv. 19 and 20, and 22.21. by the Arnon.",Ninguno
Numbers,21,29,אוילך מואב אבדת עםכמוש נתן בניו פליטם ובנתיו בשבית למלך אמרי סיחון,"Woe to you, O Moab!You are undone, O people of Chemosh!His sons are rendered fugitiveAnd his daughters captiveBy an Amorite king, Sihon.”",Ninguno
Numbers,21,30,ונירם אבד חשבון עדדיבן ונשים עדנפח אשר עדמידבא,"oMeaning of verse uncertain. Alternatively: “Their dominion is at an end / From Heshbon to Dibon / And from Nashim to Nophah, / Which is hard by Medeba.” Yet we have cast them down utterly,Heshbon along with Dibon;We have wrought desolation at Nophah,Which is hard by Medeba.",Ninguno
Numbers,21,31,וישב ישראל בארץ האמרי,So Israel occupied the land of the Amorites.,Ninguno
Numbers,21,32,"וישלח משה לרגל אתיעזר וילכדו בנתיה <span class=""mam-kq""><span class=""mam-kq-k"">(ויירש)</span> <span class=""mam-kq-q"">[ויורש]</span></span> אתהאמרי אשרשם","Then Moses sent to spy out Jazer, and they captured its dependencies and dispossessed the Amorites who were there.",Ninguno
Numbers,21,33,ויפנו ויעלו דרך הבשן ויצא עוג מלךהבשן לקראתם הוא וכלעמו למלחמה אדרעי,"They marched on and went up the road to Bashan, and King Og of Bashan, with all his troops, came out to Edrei to engage them in battle. ",Ninguno
Numbers,21,34,ויאמר יהוה אלמשה אלתירא אתו כי בידך נתתי אתו ואתכלעמו ואתארצו ועשית לו כאשר עשית לסיחן מלך האמרי אשר יושב בחשבון,"But GOD said to Moses, “Do not fear him, for I give him and all his troops and his land into your hand. You shall do to him as you did to Sihon king of the Amorites who dwelt in Heshbon.” ",Ninguno
Numbers,21,35,ויכו אתו ואתבניו ואתכלעמו עדבלתי השאירלו שריד ויירשו אתארצו,"They defeated him and his sons and all his troops, until no remnant was left him; and they took possession of his country.",Ninguno
Numbers,22,1,"ויסעו בני ישראל ויחנו בערבות מואב מעבר לירדן ירחו&nbsp;<span class=""mam-spi-samekh"">{ס}</span>&nbsp;&nbsp;&nbsp;&nbsp;&nbsp;&nbsp;&nbsp;&nbsp;","The Israelites then marched on and encamped in the steppes of Moab, across the Jordan from Jericho.",Ninguno
Numbers,22,2,וירא בלק בןצפור את כלאשרעשה ישראל לאמרי,Balak son of Zippor saw all that Israel had done to the Amorites.,Ninguno
Numbers,22,3,ויגר מואב מפני העם מאד כי רבהוא ויקץ מואב מפני בני ישראל,"Moab was alarmed because that people was so numerous. Moab dreaded the Israelites, ",Ninguno
Numbers,22,4,ויאמר מואב אלזקני מדין עתה ילחכו הקהל אתכלסביבתינו כלחך השור את ירק השדה ובלק בןצפור מלך למואב בעת ההוא,"and Moab said to the elders of Midian, “Now this horde will lick clean all that is about us as an ox licks up the grass of the field.”Balak son of Zippor, who was king of Moab at that time, ",Ninguno
Numbers,22,5,"וישלח מלאכים אלבלעם בןבער<sup class=""footnote-marker"">*</sup><i class=""footnote"">(בספרי ספרד ואשכנז בעור)</i> פתורה אשר עלהנהר ארץ בניעמו לקראלו לאמר הנה עם יצא ממצרים הנה כסה אתעין הארץ והוא ישב ממלי","sent messengers to Balaam son of Beor in Pethor, which is by the Euphrates,aEuphrates Lit. “the River.” in the land of his kinsfolk, to invite him, saying, “There is a people that came out of Egypt; it hides the earth from view, and it is settled next to me. ",Ninguno
Numbers,22,6,ועתה לכהנא ארהלי אתהעם הזה כיעצום הוא ממני אולי אוכל נכהבו ואגרשנו מןהארץ כי ידעתי את אשרתברך מברך ואשר תאר יואר,"Come then, put a curse upon this people for me, since they are too numerous for me; perhaps I can thus defeat them and drive them out of the land. For I know that whomever you bless is blessed indeed, and whomever you curse is cursed.”",Percepción (Yada)
Numbers,22,7,וילכו זקני מואב וזקני מדין וקסמים בידם ויבאו אלבלעם וידברו אליו דברי בלק,"The elders of Moab and the elders of Midian, versed in divination,bversed in divination Lit. “with divination in their power (hand).” set out. They came to Balaam and gave him Balak’s message. ",Ninguno
Numbers,22,8,ויאמר אליהם לינו פה הלילה והשבתי אתכם דבר כאשר ידבר יהוה אלי וישבו שרימואב עםבלעם,"He said to them, “Spend the night here, and I shall reply to you as GOD may instruct me.” So the Moabite dignitaries stayed with Balaam.",Ninguno
Numbers,22,9,ויבא אלהים אלבלעם ויאמר מי האנשים האלה עמך,"God came to Balaam and said, “What do these men want of you?” ",Ninguno
Numbers,22,10,ויאמר בלעם אלהאלהים בלק בןצפר מלך מואב שלח אלי,"Balaam said to God, “Balak son of Zippor, king of Moab, sent me this message: ",Ninguno
Numbers,22,11,הנה העם היצא ממצרים ויכס אתעין הארץ עתה לכה קבהלי אתו אולי אוכל להלחם בו וגרשתיו,Here is a people that came out from Egypt and hides the earth from view. Come now and curse them for me; perhaps I can engage them in battle and drive them off.”,Ninguno
Numbers,22,12,ויאמר אלהים אלבלעם לא תלך עמהם לא תאר אתהעם כי ברוך הוא,"But God said to Balaam, “Do not go with them. You must not curse that people, for they are blessed.”",Ninguno
Numbers,22,13,ויקם בלעם בבקר ויאמר אלשרי בלק לכו אלארצכם כי מאן יהוה לתתי להלך עמכם,"Balaam arose in the morning and said to Balak’s dignitaries, “Go back to your own country, for GOD will not let me go with you.” ",Ninguno
Numbers,22,14,ויקומו שרי מואב ויבאו אלבלק ויאמרו מאן בלעם הלך עמנו,"The Moabite dignitaries left, and they came to Balak and said, “Balaam refused to come with us.”",Ninguno
Numbers,22,15,ויסף עוד בלק שלח שרים רבים ונכבדים מאלה,"Then Balak sent other dignitaries, more numerous and distinguished than the first. ",Ninguno
Numbers,22,16,ויבאו אלבלעם ויאמרו לו כה אמר בלק בןצפור אלנא תמנע מהלך אלי,"They came to Balaam and said to him, “Thus says Balak son of Zippor: Please do not refuse to come to me. ",Ninguno
Numbers,22,17,כיכבד אכבדך מאד וכל אשרתאמר אלי אעשה ולכהנא קבהלי את העם הזה,I will reward you richly and I will do anything you ask of me. Only come and damn this people for me.”,Ninguno
Numbers,22,18,ויען בלעם ויאמר אלעבדי בלק אםיתןלי בלק מלא ביתו כסף וזהב לא אוכל לעבר אתפי יהוה אלהי לעשות קטנה או גדולה,"Balaam replied to Balak’s officials, “Though Balak were to give me his house full of silver and gold, I could not do anything, big or little, contrary to the command of the ETERNAL my God. ",Ninguno
Numbers,22,19,ועתה שבו נא בזה גםאתם הלילה ואדעה מהיסף יהוה דבר עמי,"So you, too, stay here overnight, and let me find out what else GOD may say to me.” ",Ninguno
Numbers,22,20,ויבא אלהים&thinsp;<small></small>&thinsp;אלבלעם לילה ויאמר לו אםלקרא לך באו האנשים קום לך אתם ואך אתהדבר אשראדבר אליך אתו תעשה,"That night God came to Balaam and said to him, “If the men have come to invite you, you may go with them. But whatever I command you, that you shall do.”",Ninguno
Numbers,22,21,ויקם בלעם בבקר ויחבש אתאתנו וילך עםשרי מואב,"When he arose in the morning, Balaam saddled his jenny and departed with the Moabite dignitaries. ",Ninguno
Numbers,22,22,ויחראף אלהים כיהולך הוא ויתיצב מלאך יהוה בדרך לשטן לו והוא רכב עלאתנו ושני נעריו עמו,"But God was incensed at his going; so an angelcan angel Heb. “a messenger.” And so also through v. 35. of GOD took a position in his way as an adversary.He was riding on his jenny, with his two servants alongside, ",Ninguno
Numbers,22,23,ותרא האתון אתמלאך יהוה נצב בדרך וחרבו שלופה בידו ותט האתון מןהדרך ותלך בשדה ויך בלעם אתהאתון להטתה הדרך,"when the jenny caught sight of the angel of GOD standing in the way, with his drawn sword in his hand. The jenny swerved from the road and went into the fields; and Balaam beat the jenny to turn her back onto the road. ",Ninguno
Numbers,22,24,ויעמד מלאך יהוה במשעול הכרמים גדר מזה וגדר מזה,"The angel of GOD then stationed himself in a lane between the vineyards, with a fence on either side. ",Ninguno
Numbers,22,25,ותרא האתון אתמלאך יהוה ותלחץ אלהקיר ותלחץ אתרגל בלעם אלהקיר ויסף להכתה,"The jenny, seeing the angel of GOD, pressed herself against the wall and squeezed Balaam’s foot against the wall; so he beat her again. ",Ninguno
Numbers,22,26,ויוסף מלאךיהוה עבור ויעמד במקום צר אשר איןדרך לנטות ימין ושמאול,Once more the angel of GOD moved forward and stationed himself on a spot so narrow that there was no room to swerve right or left.,Control/Derecha (Yamin)
Numbers,22,27,ותרא האתון אתמלאך יהוה ותרבץ תחת בלעם ויחראף בלעם ויך אתהאתון במקל,"When the jenny now saw the angel of GOD, she lay down under Balaam; and Balaam was furious and beat the jenny with his stick.",Ninguno
Numbers,22,28,ויפתח יהוה אתפי האתון ותאמר לבלעם מהעשיתי לך כי הכיתני זה שלש רגלים,"Then GOD opened the jenny’s mouth, and she said to Balaam, “What have I done to you that you have beaten me these three times?” ",Ninguno
Numbers,22,29,ויאמר בלעם לאתון כי התעללת בי לו ישחרב בידי כי עתה הרגתיך,"Balaam said to the jenny, “You have made a mockery of me! If I had a sword with me, I’d kill you.” ",Ninguno
Numbers,22,30,ותאמר האתון אלבלעם הלוא אנכי אתנך אשררכבת עלי מעודך עדהיום הזה ההסכן הסכנתי לעשות לך כה ויאמר לא,"The jenny said to Balaam, “Look, I am the jenny that you have been riding all along until this day! Have I been in the habit of doing thus to you?” And he answered, “No.”",Ninguno
Numbers,22,31,ויגל יהוה אתעיני בלעם וירא אתמלאך יהוה נצב בדרך וחרבו שלפה בידו ויקד וישתחו לאפיו,"Then GOD uncovered Balaam’s eyes, and he saw the angel of GOD standing in the way, his drawn sword in his hand; thereupon he bowed right down to the ground.dright down to the ground Lit. “and prostrated himself to his nostrils.” ",Ninguno
Numbers,22,32,ויאמר אליו מלאך יהוה עלמה הכית אתאתנך זה שלוש רגלים הנה אנכי יצאתי לשטן כיירט הדרך לנגדי,"The angel of GOD said to him, “Why have you beaten your jenny these three times? It is I who came out as an adversary, for the errand is obnoxiouseobnoxious Precise meaning of Heb. yaraṭ uncertain. to me. ",Ninguno
Numbers,22,33,ותראני האתון ותט לפני זה שלש רגלים אולי נטתה מפני כי עתה גםאתכה הרגתי ואותה החייתי,"And when the jenny saw me, she shied away because of me those three times. If she had not shied away from me, you are the one I should have killed, while sparing her.” ",Ninguno
Numbers,22,34,ויאמר בלעם אלמלאך יהוה חטאתי כי לא ידעתי כי אתה נצב לקראתי בדרך ועתה אםרע בעיניך אשובה לי,"Balaam said to the angel of GOD, “I erred because I did not know that you were standing in my way. If you still disapprove, I will turn back.” ",Percepción (Yada)
Numbers,22,35,ויאמר מלאך יהוה אלבלעם לך עםהאנשים ואפס אתהדבר אשראדבר אליך אתו תדבר וילך בלעם עםשרי בלק,"But the angel of GOD said to Balaam, “Go with the men. But you must say nothing except what I tell you.” So Balaam went on with Balak’s dignitaries.",Ninguno
Numbers,22,36,וישמע בלק כי בא בלעם ויצא לקראתו אלעיר מואב אשר עלגבול ארנן אשר בקצה הגבול,"When Balak heard that Balaam was coming, he went out to meet him at Ir-moab, which is on the Arnon border, at its farthest point. ",Ninguno
Numbers,22,37,ויאמר בלק אלבלעם הלא שלח שלחתי אליך לקראלך למה לאהלכת אלי האמנם לא אוכל כבדך,"Balak said to Balaam, “When I first sent to invite you, why didn’t you come to me? Am I really unable to reward you?” ",Ninguno
Numbers,22,38,ויאמר בלעם אלבלק הנהבאתי אליך עתה היכל אוכל דבר מאומה הדבר אשר ישים אלהים בפי אתו אדבר,"But Balaam said to Balak, “And now that I have come to you, have I the power to speak freely? I can utter only the word that God puts into my mouth.”",Ninguno
Numbers,22,39,וילך בלעם עםבלק ויבאו קרית חצות,Balaam went with Balak and they came to Kiriath-huzoth.,Ninguno
Numbers,22,40,ויזבח בלק בקר וצאן וישלח לבלעם ולשרים אשר אתו,"Balak sacrificed oxen and sheep, and had them served to Balaam and the dignitaries with him. ",Ninguno
Numbers,22,41,ויהי בבקר ויקח בלק אתבלעם ויעלהו במות בעל וירא משם קצה העם,In the morning Balak took Balaam up to Bamoth-baal. From there he could see a portion of the people.,Ninguno
Numbers,23,1,ויאמר בלעם אלבלק בנהלי בזה שבעה מזבחת והכן לי בזה שבעה פרים ושבעה אילים,"Balaam said to Balak, “Build me seven altars here and have seven bulls and seven rams ready here for me.” ",Ninguno
Numbers,23,2,ויעש בלק כאשר דבר בלעם ויעל בלק ובלעם פר ואיל במזבח,Balak did as Balaam directed; and Balak and Balaam offered up a bull and a ram on each altar.,Ninguno
Numbers,23,3,ויאמר בלעם לבלק התיצב עלעלתך ואלכה אולי יקרה יהוה לקראתי ודבר מהיראני והגדתי לך וילך שפי,"Then Balaam said to Balak, “Stay here beside your offerings while I am gone. Perhaps GOD will grant me a manifestation, and whatever is revealed to me I will tell you.” And he went off alone.aalone In contrast to others “to a bare height”; exact meaning of Heb. shephi uncertain. ",Ninguno
Numbers,23,4,ויקר אלהים אלבלעם ויאמר אליו אתשבעת המזבחת ערכתי ואעל פר ואיל במזבח,"God became manifest to Balaam, who stated, “I have set up the seven altars and offered up a bull and a ram on each altar.” ",Ninguno
Numbers,23,5,וישם יהוה דבר בפי בלעם ויאמר שוב אלבלק וכה תדבר,"And GOD put a word in Balaam’s mouth and said, “Return to Balak and speak thus.”",Ninguno
Numbers,23,6,וישב אליו והנה נצב עלעלתו הוא וכלשרי מואב,"So he returned to him and found him standing beside his offerings, and all the Moabite dignitaries with him. ",Ninguno
Numbers,23,7,וישא משלו ויאמר מןארם ינחני בלק מלךמואב מהרריקדם לכה ארהלי יעקב ולכה זעמה ישראל,"He took up his theme, and said:From Aram has Balak brought me,Moab’s king from the hills of the East:Come, curse me Jacob,Come, tell Israel’s doom!",Ninguno
Numbers,23,8,מה אקב לא קבה אל ומה אזעם לא זעם יהוה,"How can I damn whom GodbGod Heb. ʼEl, as often in these poems. has not damned,How doom when GOD has not doomed?",Ninguno
Numbers,23,9,כימראש צרים אראנו ומגבעות אשורנו הןעם לבדד ישכן ובגוים לא יתחשב,"As I see them from the mountain tops,Gaze on them from the heights,There is a people that dwells apart,Not reckoned among the nations,",Ninguno
Numbers,23,10,מי מנה עפר יעקב ומספר אתרבע ישראל תמת נפשי מות ישרים ותהי אחריתי כמהו,"Who can count the dustcdust Cf. Gen. 13.16. of Jacob,NumberdNumber Lit. “and the number of.” the dust-cloud of Israel?May I die the death of the upright,eupright Heb. yesharim, a play on yeshurun (“Jeshurun” in Deut. 32.15), a name for Israel. May my fate be like theirs!",Ninguno
Numbers,23,11,ויאמר בלק אלבלעם מה עשית לי לקב איבי לקחתיך והנה ברכת ברך,"Then Balak said to Balaam, “What have you done to me? Here I brought you to damn my enemies, and instead you have blessed them!” ",Ninguno
Numbers,23,12,ויען ויאמר הלא את אשר ישים יהוה בפי אתו אשמר לדבר,"He replied, “I can only repeat faithfully what GOD puts in my mouth.” ",Ninguno
Numbers,23,13,"ויאמר אליו בלק <span class=""mam-kq""><span class=""mam-kq-k"">(לך)</span> <span class=""mam-kq-q"">[לכה]</span></span>נא אתי אלמקום אחר אשר תראנו משם אפס קצהו תראה וכלו לא תראה וקבנולי משם","Then Balak said to him, “Come with me to another place from which you can see them—you will see only a portion of them; you will not see all of them—and damn them for me from there.” ",Ninguno
Numbers,23,14,ויקחהו שדה צפים אלראש הפסגה ויבן שבעה מזבחת ויעל פר ואיל במזבח,"With that, he took him to Sedeh-zophim,fSedeh-zophim Or “Lookout Point.” on the summit of Pisgah. He built seven altars and offered a bull and a ram on each altar. ",Ninguno
Numbers,23,15,ויאמר אלבלק התיצב כה עלעלתך ואנכי אקרה כה,"And [Balaam] said to Balak, “Stay here beside your offerings, while I seek a manifestation yonder.”",Ninguno
Numbers,23,16,ויקר יהוה אלבלעם וישם דבר בפיו ויאמר שוב אלבלק וכה תדבר,"
GOD
 became manifest to Balaam and put a word in his mouth, saying, “Return to Balak and speak thus.” ",Ninguno
Numbers,23,17,ויבא אליו והנו נצב עלעלתו ושרי מואב אתו ויאמר לו בלק מהדבר יהוה,"He went to him and found him standing beside his offerings, and the Moabite dignitaries with him. Balak asked him, “What did GOD say?” ",Ninguno
Numbers,23,18,וישא משלו ויאמר קום בלק ושמע האזינה עדי בנו צפר,"And he took up his theme, and said:Up, Balak, attend,Give ear unto me, son of Zippor!",Ninguno
Numbers,23,19,לא איש אל ויכזב ובןאדם ויתנחם ההוא אמר ולא יעשה ודבר ולא יקימנה,"God is not human to be capricious,Or mortal to have a change of heart.Would [God] speak and not act,Promise and not fulfill?",Ninguno
Numbers,23,20,הנה ברך לקחתי וברך ולא אשיבנה,"My message was to bless:When [God] blesses, I cannot reverse it.",Ninguno
Numbers,23,21,לאהביט און ביעקב ולאראה עמל בישראל יהוה אלהיו עמו ותרועת מלך בו,"No harm is in sight for Jacob,No woe in view for Israel. The ETERNAL their God is with them,And their Sovereign’s acclaim in their midst.",Ninguno
Numbers,23,22,אל מוציאם ממצרים כתועפת ראם לו,"God who freed them from EgyptIs for them like the hornsghorns Lit. “eminences,” used figuratively. of the wild ox.",Ninguno
Numbers,23,23,כי לאנחש ביעקב ולאקסם בישראל כעת יאמר ליעקב ולישראל מהפעל אל,"Lo, there is no augury in Jacob,No divining in Israel:hNo divining in Israel Cf. Deut. 18.10–15. Jacob is told at once,Yea Israel, what God has planned.iJacob is told … what God has planned Or, “Else would it be told to Jacob, / Yea to Israel, what God has planned.” ",Ninguno
Numbers,23,24,הןעם כלביא יקום וכארי יתנשא לא ישכב עדיאכל טרף ודםחללים ישתה,"Lo, a people that rises like a lioness,jlioness Or “lion”; nuance of Heb. laviʼ uncertain. Leaps up like a lion,Rests not till it has feasted on preyAnd drunk the blood of the slain.",Ninguno
Numbers,23,25,ויאמר בלק אלבלעם גםקב לא תקבנו גםברך לא תברכנו,"Thereupon Balak said to Balaam, “Don’t curse them and don’t bless them!” ",Ninguno
Numbers,23,26,ויען בלעם ויאמר אלבלק הלא דברתי אליך לאמר כל אשרידבר יהוה אתו אעשה,"In reply, Balaam said to Balak, “But I told you: Whatever GOD says, that I must do.” ",Ninguno
Numbers,23,27,ויאמר בלק אלבלעם לכהנא אקחך אלמקום אחר אולי יישר בעיני האלהים וקבתו לי משם,"Then Balak said to Balaam, “Come now, I will take you to another place. Perhaps God will deem it right that you damn them for me there.” ",Ninguno
Numbers,23,28,ויקח בלק אתבלעם ראש הפעור הנשקף עלפני הישימן,"Balak took Balaam to the peak of Peor, which overlooks the wasteland.kwasteland Cf. note at 21.20. ",Ninguno
Numbers,23,29,ויאמר בלעם אלבלק בנהלי בזה שבעה מזבחת והכן לי בזה שבעה פרים ושבעה אילם,"Balaam said to Balak, “Build me here seven altars, and have seven bulls and seven rams ready for me here.” ",Ninguno
Numbers,23,30,ויעש בלק כאשר אמר בלעם ויעל פר ואיל במזבח,Balak did as Balaam said: he offered up a bull and a ram on each altar.,Ninguno
Numbers,24,1,וירא בלעם כי טוב בעיני יהוה לברך אתישראל ולאהלך כפעםבפעם לקראת נחשים וישת אלהמדבר פניו,"Now Balaam, seeing that it pleased GOD to bless Israel, did not, as on previous occasions, go in search of omens, but turned his face toward the wilderness. ",Ninguno
Numbers,24,2,וישא בלעם אתעיניו וירא אתישראל שכן לשבטיו ותהי עליו רוח אלהים,"As Balaam looked up and saw Israel encamped tribe by tribe, the spirit of God came upon him. ",Ninguno
Numbers,24,3,וישא משלו ויאמר נאם בלעם בנו בער ונאם הגבר שתם העין,"Taking up his theme, he said:aSome of the poetic portions of this chapter are unclear. Word of Balaam son of Beor,Word of the manbman Heb. geber; more precisely, a man who makes his presence felt. whose eye is true,cwhose eye is true In contrast to others “whose eye is (or, eyes are) open”; meaning of Heb. uncertain. ",Ninguno
Numbers,24,4,נאם שמע אמריאל אשר מחזה שדי יחזה נפל וגלוי עינים,"Word of one who hears God’s speech,Who beholds visions from the Almighty,Prostrate, but with eyes unveiled:",Ninguno
Numbers,24,5,מהטבו אהליך יעקב משכנתיך ישראל,"How fair are your tents, O Jacob,Your dwellings, O Israel!",Ninguno
Numbers,24,6,כנחלים נטיו כגנת עלי נהר כאהלים נטע יהוה כארזים עלימים,"Like palm-groves that stretch out,Like gardens beside a river,Like aloes planted by GOD,Like cedars beside the water;",Ninguno
Numbers,24,7,יזלמים מדליו וזרעו במים רבים וירם מאגג מלכו ותנשא מלכתו,"Their boughs drip with moisture,Their rootsdTheir roots Lit. “and its seed.” have abundant water.Their ruler shall rise above Agag,Their sovereignty shall be exalted.",Ninguno
Numbers,24,8,אל מוציאו ממצרים כתועפת ראם לו יאכל גוים צריו ועצמתיהם יגרם וחציו ימחץ,"God who freed them from EgyptIs for them like the hornsehorns See note at 23.22. of the wild ox.They shall devour enemy nations,Crush their bones,And smash their arrows.",Ninguno
Numbers,24,9,כרע שכב כארי וכלביא מי יקימנו מברכיך ברוך וארריך ארור,"They crouch, they lie down like a lion,Like a lioness;flioness See note at Gen. 23.24. who dares rouse them?Blessed are they who bless you,Accursed they who curse you!",Ninguno
Numbers,24,10,ויחראף בלק אלבלעם ויספק אתכפיו ויאמר בלק אלבלעם לקב איבי קראתיך והנה ברכת ברך זה שלש פעמים,"Enraged at Balaam, Balak struck his hands together. “I called you,” Balak said to Balaam, “to damn my enemies, and instead you have blessed them these three times! ",Ninguno
Numbers,24,11,ועתה ברחלך אלמקומך אמרתי כבד אכבדך והנה מנעך יהוה מכבוד,"Back with you at once to your own place! I was going to reward you richly, but GOD has denied you the reward.” ",Ninguno
Numbers,24,12,ויאמר בלעם אלבלק הלא גם אלמלאכיך אשרשלחת אלי דברתי לאמר,"Balaam replied to Balak, “But I even told the messengers you sent to me, ",Ninguno
Numbers,24,13,אםיתןלי בלק מלא ביתו כסף וזהב לא אוכל לעבר אתפי יהוה לעשות טובה או רעה מלבי אשרידבר יהוה אתו אדבר,"‘Though Balak were to give me his house full of silver and gold, I could not of my own accord do anything good or bad contrary to GOD’s command. What GOD says, that I must say.’ ",Ninguno
Numbers,24,14,ועתה הנני הולך לעמי לכה איעצך אשר יעשה העם הזה לעמך באחרית הימים,"And now, as I go back to my people, let me inform you of what this people will do to your people in days to come.” ",Ninguno
Numbers,24,15,וישא משלו ויאמר נאם בלעם בנו בער ונאם הגבר שתם העין,"He took up his theme, and said:Word of Balaam son of Beor,Word of the mangman See note at v. 3. whose eye is true,",Ninguno
Numbers,24,16,נאם שמע אמריאל וידע דעת עליון מחזה שדי יחזה נפל וגלוי עינים,"Word of one who hears God’s speech,Who obtains knowledge from the Most High,And beholds visions from the Almighty,Prostrate, but with eyes unveiled:",Percepción (Yada)
Numbers,24,17,אראנו ולא עתה אשורנו ולא קרוב דרך כוכב מיעקב וקם שבט מישראל ומחץ פאתי מואב וקרקר כלבנישת,"What I see for them is not yet,What I behold will not be soon:A star rises from Jacob,A scepter comes forth from Israel;It smashes the brow of Moab,The foundation ofhThe foundation of Samaritan “the pate of,” cf. Jer. 48.45; in contrast to others “And breaks down.” all children of Seth.",Ninguno
Numbers,24,18,והיה אדום ירשה והיה ירשה שעיר איביו וישראל עשה חיל,"Edom becomes a possession,Yea, Seir a possession of its enemies;But Israel is triumphant.",Ninguno
Numbers,24,19,וירד מיעקב והאביד שריד מעיר,A victor issues from JacobTo wipe out what is left of Ir.,Ninguno
Numbers,24,20,וירא אתעמלק וישא משלו ויאמר ראשית גוים עמלק ואחריתו עדי אבד,"He saw Amalek and, taking up his theme, he said:A leading nation is Amalek;But its fate is to perish forever.",Ninguno
Numbers,24,21,וירא אתהקיני וישא משלו ויאמר איתן מושבך ושים בסלע קנך,"He saw the Kenites and, taking up his theme, he said:Though your abode be secure,And your nest be set among cliffs,",Ninguno
Numbers,24,22,כי אםיהיה לבער קין עדמה אשור תשבך,"Yet shall KainiKain I.e., the Kenites mentioned in v. 21. be consumed,When Asshur takes you captive.",Ninguno
Numbers,24,23,וישא משלו ויאמר אוי מי יחיה משמו אל,"He took up his theme and said:Alas, who can survive except God has willed it!",Ninguno
Numbers,24,24,וצים מיד כתים וענו אשור וענועבר וגםהוא עדי אבד,"Ships come from the quarter of Kittim;They subject Asshur, subject Eber.They, too, shall perish forever.",Ninguno
Numbers,24,25,"ויקם בלעם וילך וישב למקמו וגםבלק הלך לדרכו&nbsp;<span class=""mam-spi-pe"">{פ}</span><br>",Then Balaam set out on his journey back home; and Balak also went his way.,Ninguno
Numbers,25,1,וישב ישראל בשטים ויחל העם לזנות אלבנות מואב,"While Israel was staying at Shittim, the peopleathe people Or certain men among them, regarded as informally representing the people. profaned themselves by whoringbby whoring I.e., by acting faithlessly. Or “by consorting.” In contrast to others “by having sexual relations.” with the Moabite women, ",Ninguno
Numbers,25,2,ותקראן לעם לזבחי אלהיהן ויאכל העם וישתחוו לאלהיהן,who invited the people to the sacrifices for their god. The people partook of them and worshiped that god.,Ninguno
Numbers,25,3,ויצמד ישראל לבעל פעור ויחראף יהוה בישראל,"Thus Israel attached itself to Baal-peor, and GOD was incensed with Israel. ",Ninguno
Numbers,25,4,ויאמר יהוה אלמשה קח אתכלראשי העם והוקע אותם ליהוה נגד השמש וישב חרון אףיהוה מישראל,"GOD said to Moses, “Take all the ringleaderscringleaders Lit. “heads of the people.” and have them publiclydpublicly Lit. “facing the sun.” impaled before GOD, so that GOD’s wrath may turn away from Israel.” ",Ninguno
Numbers,25,5,ויאמר משה אלשפטי ישראל הרגו איש אנשיו הנצמדים לבעל פעור,"So Moses said to Israel’s officials, “Each of you slay those of your meneyour men I.e., those under your command when the militia is mustered. who attached themselves to Baal-peor.”",Ninguno
Numbers,25,6,והנה איש מבני ישראל בא ויקרב אלאחיו אתהמדינית לעיני משה ולעיני כלעדת בניישראל והמה בכים פתח אהל מועד,"Just then a certain Israelite man came and brought a Midianite woman over to his companions, in the sight of Moses and of the whole Israelite community who were weeping at the entrance of the Tent of Meeting. ",Ninguno
Numbers,25,7,וירא פינחס בןאלעזר בןאהרן הכהן ויקם מתוך העדה ויקח רמח בידו,"When Phinehas, son of Eleazar son of Aaron the priest, saw this, he left the assembly and, taking a spear in his hand, ",Ninguno
Numbers,25,8,ויבא אחר אישישראל אלהקבה וידקר אתשניהם את איש ישראל ואתהאשה אלקבתה ותעצר המגפה מעל בני ישראל,"he followed the Israelite man into the chamber and stabbed both of them, the Israelite man and the woman, through the belly. Then the plague against the Israelites was checked. ",Ninguno
Numbers,25,9,"ויהיו המתים במגפה ארבעה ועשרים אלף&nbsp;<span class=""mam-spi-pe"">{פ}</span><br>",Those who died of the plague numbered twenty-four thousand.,Ninguno
Numbers,25,10,וידבר יהוה אלמשה לאמר,"
GOD
 spoke to Moses, saying, ",Ninguno
Numbers,25,11,"פינחס<sup class=""footnote-marker"">*</sup><i class=""footnote"">(בספרי ספרד ואשכנז נהוג לכתוב פ<small>י</small>נחס ביו״ד זעירא)</i> בןאלעזר בןאהרן הכהן השיב אתחמתי מעל בניישראל בקנאו אתקנאתי בתוכם ולאכליתי אתבניישראל בקנאתי","“Phinehas, son of Eleazar son of Aaron the priest, has turned back My wrath from the Israelites by displaying among them his passion for Me, so that I did not wipe out the Israelite people in My passion. ",Ninguno
Numbers,25,12,"לכן אמר הנני נתן לו אתבריתי שלום<sup class=""footnote-marker"">*</sup><i class=""footnote"">(בספרי ספרד ואשכנז וי״ו קטיעא)</i>","Say, therefore, ‘I grant him My pact of friendship. ",Ninguno
Numbers,25,13,והיתה לו ולזרעו אחריו ברית כהנת עולם תחת אשר קנא לאלהיו ויכפר עלבני ישראל,"It shall be for him and his descendants after him a pact of priesthood for all time, because he took impassioned action for his God, thus making expiation for the Israelites.’”",Ninguno
Numbers,25,14,ושם איש ישראל המכה אשר הכה אתהמדינית זמרי בןסלוא נשיא ביתאב לשמעני,"The name of the Israelite man who was killed, the one who was killed with the Midianite woman, was Zimri son of Salu, chieftain of a Simeonite ancestral house. ",Ninguno
Numbers,25,15,"ושם האשה המכה המדינית כזבי בתצור ראש אמות ביתאב במדין הוא&nbsp;<span class=""mam-spi-pe"">{פ}</span><br>",The name of the Midianite woman who was killed was Cozbi daughter of Zur; he was the tribal head of an ancestral house in Midian.,Ninguno
Numbers,25,16,וידבר יהוה אלמשה לאמר,"
GOD
 spoke to Moses, saying, ",Ninguno
Numbers,25,17,צרור אתהמדינים והכיתם אותם,“Assail the Midianites and defeat them—,Ninguno
Numbers,25,18,כי צררים הם לכם בנכליהם אשרנכלו לכם עלדברפעור ועלדבר כזבי בתנשיא מדין אחתם המכה ביוםהמגפה עלדברפעור,"for they assailed you by the trickery they practiced against you—because of the affair of Peor and because of the affair of their kinswoman Cozbi, daughter of the Midianite chieftain, who was killed at the time of the plague on account of Peor.”",Ninguno
Numbers,26,1,"ויהי אחרי המגפה&nbsp;<span class=""mam-spi-pe"">{פ}</span><br>ויאמר יהוה אלמשה ואל אלעזר בןאהרן הכהן לאמר","When the plague was over, GOD  said to Moses and to Eleazar son of Aaron the priest, ",Ninguno
Numbers,26,2,שאו אתראש&thinsp;<b></b> כלעדת בניישראל מבן עשרים שנה ומעלה לבית אבתם כליצא צבא בישראל,"“Take a census of the whole Israelite communityawhole Israelite community See note at 1.2. from the age of twenty years up, by their ancestral houses, all Israelites able to bear arms.” ",Ninguno
Numbers,26,3,וידבר משה ואלעזר הכהן אתם בערבת מואב עלירדן ירחו לאמר,"bMeaning of parts of vv. 3 and 4 uncertain. So Moses and Eleazar the priest, on the steppes of Moab, at the Jordan near Jericho, gave instructions about them, namely, ",Ninguno
Numbers,26,4,מבן עשרים שנה ומעלה כאשר צוה יהוה אתמשה ובני ישראל היצאים מארץ מצרים,"those from twenty years up, as GOD had commanded Moses.The descendants of the Israelites who came out of the land of Egypt were:",Ninguno
Numbers,26,5,ראובן בכור ישראל בני ראובן חנוך משפחת החנכי לפלוא משפחת הפלאי,"Reuben, Israel’s first-born. Descendants of Reuben: [Of] Enoch,cEnoch Or “Hanoch.” the clan of the Enochites; of Pallu, the clan of the Palluites; ",Ninguno
Numbers,26,6,לחצרן משפחת החצרוני לכרמי משפחת הכרמי,"of Hezron, the clan of the Hezronites; of Carmi, the clan of the Carmites. ",Ninguno
Numbers,26,7,אלה משפחת הראובני ויהיו פקדיהם שלשה וארבעים אלף ושבע מאות ושלשים,"Those are the clans of the Reubenites. The men enrolled came to 43,730.",Ninguno
Numbers,26,8,ובני פלוא אליאב,Born todBorn to Or “descendants of.” Pallu: Eliab. ,Ninguno
Numbers,26,9,"ובני אליאב נמואל ודתן ואבירם הואדתן ואבירם <span class=""mam-kq""><span class=""mam-kq-k"">(קרואי)</span> <span class=""mam-kq-q"">[קריאי]</span></span> העדה אשר הצו עלמשה ועלאהרן בעדתקרח בהצתם עליהוה","The sons of Eliab were Nemuel, and Dathan and Abiram. These are the same Dathan and Abiram, chosen in the assembly, who agitated against Moses and Aaron as part of Korah’s band when they agitated against GOD. ",Ninguno
Numbers,26,10,ותפתח הארץ אתפיה ותבלע אתם ואתקרח במות העדה באכל האש את חמשים ומאתים איש ויהיו לנס,"Whereupon the earth opened its mouth and swallowed them up with Korah—when that band died, when the fire consumed the two hundred and fifty men—and they became an example. ",Ninguno
Numbers,26,11,"ובניקרח לאמתו&nbsp;<span class=""mam-spi-samekh"">{ס}</span>&nbsp;&nbsp;&nbsp;&nbsp;&nbsp;&nbsp;&nbsp;&nbsp;","The sons of Korah, however, did not die.",Ninguno
Numbers,26,12,בני שמעון למשפחתם לנמואל משפחת הנמואלי לימין משפחת הימיני ליכין משפחת היכיני,"Descendants of Simeon by their clans: Of Nemuel, the clan of the Nemuelites; of Jamin, the clan of the Jaminites; of Jachin, the clan of the Jachinites; ",Control/Derecha (Yamin)
Numbers,26,13,לזרח משפחת הזרחי לשאול משפחת השאולי,"of Zerah, the clan of the Zerahites; of Saul,eSaul Or “Shaul.” the clan of the Saulites. ",Ninguno
Numbers,26,14,"אלה משפחת השמעני שנים ועשרים אלף ומאתים&nbsp;<span class=""mam-spi-samekh"">{ס}</span>&nbsp;&nbsp;&nbsp;&nbsp;&nbsp;&nbsp;&nbsp;&nbsp;","Those are the clans of the Simeonites; [men enrolled:] 22,200.",Ninguno
Numbers,26,15,בני גד למשפחתם לצפון משפחת הצפוני לחגי משפחת החגי לשוני משפחת השוני,"Descendants of Gad by their clans: Of Zephon, the clan of the Zephonites; of Haggi, the clan of the Haggites; of Shuni, the clan of the Shunites; ",Ninguno
Numbers,26,16,לאזני משפחת האזני לערי משפחת הערי,"of Ozni, the clan of the Oznites; of Eri, the clan of the Erites; ",Ninguno
Numbers,26,17,לארוד משפחת הארודי לאראלי משפחת האראלי,"of Arod, the clan of the Arodites; of Areli, the clan of the Arelites. ",Ninguno
Numbers,26,18,"אלה משפחת בניגד לפקדיהם ארבעים אלף וחמש מאות&nbsp;<span class=""mam-spi-samekh"">{ס}</span>&nbsp;&nbsp;&nbsp;&nbsp;&nbsp;&nbsp;&nbsp;&nbsp;","Those are the clans of Gad’s descendants; men enrolled: 40,500.",Ninguno
Numbers,26,19,בני יהודה ער ואונן וימת ער ואונן בארץ כנען,Born to Judah: Er and Onan. Er and Onan died in the land of Canaan.,Ninguno
Numbers,26,20,ויהיו בנייהודה למשפחתם לשלה משפחת השלני לפרץ משפחת הפרצי לזרח משפחת הזרחי,"Descendants of Judah by their clans: Of Shelah, the clan of the Shelanites; of Perez, the clan of the Perezites; of Zerah, the clan of the Zerahites. ",Ninguno
Numbers,26,21,ויהיו בניפרץ לחצרן משפחת החצרני לחמול משפחת החמולי,"Descendants of Perez: of Hezron, the clan of the Hezronites; of Hamul, the clan of the Hamulites. ",Ninguno
Numbers,26,22,"אלה משפחת יהודה לפקדיהם ששה ושבעים אלף וחמש מאות&nbsp;<span class=""mam-spi-samekh"">{ס}</span>&nbsp;&nbsp;&nbsp;&nbsp;&nbsp;&nbsp;&nbsp;&nbsp;","Those are the clans of Judah; men enrolled: 76,500.",Ninguno
Numbers,26,23,בני יששכר למשפחתם תולע משפחת התולעי לפוה משפחת הפוני,"Descendants of Issachar by their clans: [Of] Tola, the clan of the Tolaites; of Puvah, the clan of the Punites; ",Ninguno
Numbers,26,24,לישוב משפחת הישבי לשמרן משפחת השמרני,"of Jashub, the clan of the Jashubites; of Shimron, the clan of the Shimronites. ",Ninguno
Numbers,26,25,"אלה משפחת יששכר לפקדיהם ארבעה וששים אלף ושלש מאות&nbsp;<span class=""mam-spi-samekh"">{ס}</span>&nbsp;&nbsp;&nbsp;&nbsp;&nbsp;&nbsp;&nbsp;&nbsp;","Those are the clans of Issachar; men enrolled: 64,300.",Ninguno
Numbers,26,26,בני זבולן למשפחתם לסרד משפחת הסרדי לאלון משפחת האלני ליחלאל משפחת היחלאלי,"Descendants of Zebulun by their clans: Of Sered, the clan of the Seredites; of Elon, the clan of the Elonites; of Jahleel, the clan of the Jahleelites. ",Ninguno
Numbers,26,27,"אלה משפחת הזבולני לפקדיהם ששים אלף וחמש מאות&nbsp;<span class=""mam-spi-samekh"">{ס}</span>&nbsp;&nbsp;&nbsp;&nbsp;&nbsp;&nbsp;&nbsp;&nbsp;","Those are the clans of the Zebulunites; men enrolled: 60,500.",Ninguno
Numbers,26,28,בני יוסף למשפחתם מנשה ואפרים,The sons of Joseph were Manasseh and Ephraim—by their clans.,Ninguno
Numbers,26,29,בני מנשה למכיר משפחת המכירי ומכיר הוליד אתגלעד לגלעד משפחת הגלעדי,"Descendants of Manasseh: Of Machir, the clan of the Machirites.—Machir begot Gilead.—Of Gilead, the clan of the Gileadites. ",Ninguno
Numbers,26,30,אלה בני גלעד איעזר משפחת האיעזרי לחלק משפחת החלקי,"These were the descendants of Gilead: [Of] Iezer, the clan of the Iezerites; of Helek, the clan of the Helekites; ",Ninguno
Numbers,26,31,ואשריאל משפחת האשראלי ושכם משפחת השכמי,"[of] Asriel, the clan of the Asrielites; [of] Shechem, the clan of the Shechemites; ",Ninguno
Numbers,26,32,ושמידע משפחת השמידעי וחפר משפחת החפרי,"[of] Shemida, the clan of the Shemidaites; [of] Hepher, the clan of the Hepherites.— ",Percepción (Yada)
Numbers,26,33,וצלפחד בןחפר לאהיו לו בנים כי אםבנות ושם בנות צלפחד מחלה ונעה חגלה מלכה ותרצה,"Now Zelophehad son of Hepher had no sons, only daughters. The names of Zelophehad’s daughters were Mahlah, Noah, Hoglah, Milcah, and Tirzah.— ",Ninguno
Numbers,26,34,"אלה משפחת מנשה ופקדיהם שנים וחמשים אלף ושבע מאות&nbsp;<span class=""mam-spi-samekh"">{ס}</span>&nbsp;&nbsp;&nbsp;&nbsp;&nbsp;&nbsp;&nbsp;&nbsp;","Those are the clans of Manasseh; men enrolled: 52,700.",Ninguno
Numbers,26,35,אלה בניאפרים למשפחתם לשותלח משפחת השתלחי לבכר משפחת הבכרי לתחן משפחת התחני,"These are the descendants of Ephraim by their clans: Of Shuthelah, the clan of the Shuthelahites; of Becher, the clan of the Becherites; of Tahan, the clan of the Tahanites. ",Ninguno
Numbers,26,36,ואלה בני שותלח לערן משפחת הערני,"These are the descendants of Shuthelah: Of Eran, the clan of the Eranites. ",Ninguno
Numbers,26,37,"אלה משפחת בניאפרים לפקדיהם שנים ושלשים אלף וחמש מאות אלה בנייוסף למשפחתם&nbsp;<span class=""mam-spi-samekh"">{ס}</span>&nbsp;&nbsp;&nbsp;&nbsp;&nbsp;&nbsp;&nbsp;&nbsp;","Those are the clans of Ephraim’s descendants; men enrolled: 32,500.Those are the descendants of Joseph by their clans.",Ninguno
Numbers,26,38,בני בנימן למשפחתם לבלע משפחת הבלעי לאשבל משפחת האשבלי לאחירם משפחת האחירמי,"The descendants of Benjamin by their clans: Of Bela, the clan of the Belaites; of Ashbel, the clan of the Ashbelites; of Ahiram, the clan of the Ahiramites; ",Ninguno
Numbers,26,39,לשפופם משפחת השופמי לחופם משפחת החופמי,"of Shephupham, the clan of the Shuphamites; of Hupham, the clan of the Huphamites. ",Ninguno
Numbers,26,40,ויהיו בניבלע ארד ונעמן משפחת הארדי לנעמן משפחת הנעמי,"The sons of Bela were Ard and Naaman: [Of Ard,] the clan of the Ardites; of Naaman, the clan of the Naamanites. ",Ninguno
Numbers,26,41,"אלה בניבנימן למשפחתם ופקדיהם חמשה וארבעים אלף ושש מאות&nbsp;<span class=""mam-spi-samekh"">{ס}</span>&nbsp;&nbsp;&nbsp;&nbsp;&nbsp;&nbsp;&nbsp;&nbsp;","Those are the descendants of Benjamin by their clans; men enrolled: 45,600.",Ninguno
Numbers,26,42,אלה בנידן למשפחתם לשוחם משפחת השוחמי אלה משפחת דן למשפחתם,"fMeaning of parts of this verse uncertain. These are the descendants of Dan by their clans: Of Shuham, the clan of the Shuhamites. Those are the clans of Dan, by their clans. ",Ninguno
Numbers,26,43,"כלמשפחת השוחמי לפקדיהם ארבעה וששים אלף וארבע מאות&nbsp;<span class=""mam-spi-samekh"">{ס}</span>&nbsp;&nbsp;&nbsp;&nbsp;&nbsp;&nbsp;&nbsp;&nbsp;","gMeaning of parts of this verse uncertain. All the clans of the Shuhamites; men enrolled: 64,400.",Ninguno
Numbers,26,44,בני אשר למשפחתם לימנה משפחת הימנה לישוי משפחת הישוי לבריעה משפחת הבריעי,"Descendants of Asher by their clans: Of Imnah, the clan of the Imnites; of Ishvi, the clan of the Ishvites; of Beriah, the clan of the Beriites. ",Ninguno
Numbers,26,45,לבני בריעה לחבר משפחת החברי למלכיאל משפחת המלכיאלי,"Of the descendants of Beriah: Of Heber, the clan of the Heberites; of Malchiel, the clan of the Malchielites.— ",Ninguno
Numbers,26,46,ושם בתאשר שרח,The name of Asher’s daughter was Serah.—,Ninguno
Numbers,26,47,"אלה משפחת בניאשר לפקדיהם שלשה וחמשים אלף וארבע מאות&nbsp;<span class=""mam-spi-samekh"">{ס}</span>&nbsp;&nbsp;&nbsp;&nbsp;&nbsp;&nbsp;&nbsp;&nbsp;","These are the clans of Asher’s descendants; men enrolled: 53,400.",Ninguno
Numbers,26,48,בני נפתלי למשפחתם ליחצאל משפחת היחצאלי לגוני משפחת הגוני,"Descendants of Naphtali by their clans: Of Jahzeel, the clan of the Jahzeelites; of Guni, the clan of the Gunites; ",Ninguno
Numbers,26,49,ליצר משפחת היצרי לשלם משפחת השלמי,"of Jezer, the clan of the Jezerites; of Shillem, the clan of the Shillemites. ",Ninguno
Numbers,26,50,אלה משפחת נפתלי למשפחתם ופקדיהם חמשה וארבעים אלף וארבע מאות,"Those are the clans of the Naphtalites, clan by clan; men enrolled: 45,400.",Ninguno
Numbers,26,51,"אלה פקודי בני ישראל ששמאות אלף ואלף שבע מאות ושלשים&nbsp;<span class=""mam-spi-pe"">{פ}</span><br>","This is the enrollment of the Israelites:hthe Israelites I.e., the militia, enrolled on the nation’s behalf. 601,730.",Ninguno
Numbers,26,52,וידבר יהוה אלמשה לאמר," GOD  spoke to Moses, saying, ",Ninguno
Numbers,26,53,לאלה תחלק הארץ בנחלה במספר שמות,"“Among these shall the land be apportioned as shares, according to the listed names: ",Ninguno
Numbers,26,54,לרב תרבה נחלתו ולמעט תמעיט נחלתו איש לפי פקדיו יתן נחלתו,"with larger groups increase the share, with smaller groups reduce the share. Each is to be assigned its share according to its enrollment. ",Ninguno
Numbers,26,55,אךבגורל יחלק אתהארץ לשמות מטותאבתם ינחלו,"The land, moreover, is to be apportioned by lot; and the allotment shall be made according to the listings of their ancestral tribes. ",Ninguno
Numbers,26,56,"עלפי הגורל תחלק נחלתו בין רב למעט&nbsp;<span class=""mam-spi-samekh"">{ס}</span>&nbsp;&nbsp;&nbsp;&nbsp;&nbsp;&nbsp;&nbsp;&nbsp;","Each portion shall be assigned by lot, whether for larger or smaller groups.”",Separación (Beyn)
Numbers,26,57,ואלה פקודי הלוי למשפחתם לגרשון משפחת הגרשני לקהת משפחת הקהתי למררי משפחת המררי,"This is the enrollment of the Levites by their clans: Of Gershon, the clan of the Gershonites; of Kohath, the clan of the Kohathites; of Merari, the clan of the Merarites. ",Ninguno
Numbers,26,58,אלה&thinsp;<b></b> משפחת לוי משפחת הלבני משפחת החברני משפחת המחלי משפחת המושי משפחת הקרחי וקהת הולד אתעמרם,"These are the clans of Levi: The clan of the Libnites, the clan of the Hebronites, the clan of the Mahlites, the clan of the Mushites, the clan of the Korahites.—Kohath begot Amram. ",Ninguno
Numbers,26,59,ושם&thinsp;<b></b> אשת עמרם יוכבד בתלוי אשר ילדה אתה ללוי במצרים ותלד לעמרם אתאהרן ואתמשה ואת מרים אחתם,"The name of Amram’s wife was Jochebed daughter of Levi, who was born to Levi in Egypt; she bore to Amram Aaron and Moses and their sister Miriam. ",Ninguno
Numbers,26,60,ויולד לאהרן אתנדב ואתאביהוא אתאלעזר ואתאיתמר,"To Aaron were born Nadab and Abihu, Eleazar and Ithamar. ",Ninguno
Numbers,26,61,וימת נדב ואביהוא בהקריבם אשזרה לפני יהוה,Nadab and Abihu died when they offered alien fire before GOD.—,Ninguno
Numbers,26,62,ויהיו פקדיהם שלשה ועשרים אלף כלזכר מבןחדש ומעלה כי&thinsp;<b></b> לא התפקדו בתוך בני ישראל כי לאנתן להם נחלה בתוך בני ישראל,"Their enrollment of 23,000 comprised all males from a month up. They were not part of the regular enrollment of the Israelites, since no share was assigned to them among the Israelites.",Ninguno
Numbers,26,63,אלה פקודי משה ואלעזר הכהן אשר פקדו אתבני ישראל בערבת מואב על ירדן ירחו,"These are the ones enrolled by Moses and Eleazar the priest who registered the Israelites on the steppes of Moab, at the Jordan near Jericho. ",Ninguno
Numbers,26,64,ובאלה לאהיה איש מפקודי משה ואהרן הכהן אשר פקדו אתבני ישראל במדבר סיני,Among these there was not one of those enrolled by Moses and Aaron the priest when they recorded the Israelites in the wilderness of Sinai.,Ninguno
Numbers,26,65,"כיאמר יהוה להם מות ימתו במדבר ולאנותר מהם איש כי אםכלב בןיפנה ויהושע בןנון&nbsp;<span class=""mam-spi-samekh"">{ס}</span>&nbsp;&nbsp;&nbsp;&nbsp;&nbsp;&nbsp;&nbsp;&nbsp;","For GOD had said of them, “They shall die in the wilderness.” Not one of them survived, except Caleb son of Jephunneh and Joshua son of Nun.",Ninguno
Numbers,27,1,ותקרבנה בנות צלפחד בןחפר בןגלעד בןמכיר בןמנשה למשפחת מנשה בןיוסף ואלה שמות בנתיו מחלה נעה וחגלה ומלכה ותרצה,"The daughters of Zelophehad, of Manassite family—son of Hepher son of Gilead son of Machir son of Manasseh son of Joseph—came forward. The names of the daughters were Mahlah, Noah, Hoglah, Milcah, and Tirzah. ",Ninguno
Numbers,27,2,ותעמדנה לפני משה ולפני אלעזר הכהן ולפני הנשיאם וכלהעדה פתח אהלמועד לאמר,"They stood before Moses, Eleazar the priest, the chieftains, and the whole assembly, at the entrance of the Tent of Meeting, and they said, ",Ninguno
Numbers,27,3,אבינו מת במדבר והוא לאהיה בתוך העדה הנועדים עליהוה בעדתקרח כיבחטאו מת ובנים לאהיו לו,"“Our father died in the wilderness. He was not one of the faction, Korah’s faction, that banded together against GOD, but died for his own sin; and he has left no sons. ",Ninguno
Numbers,27,4,למה יגרע שםאבינו מתוך משפחתו כי אין לו בן תנהלנו אחזה בתוך אחי אבינו,Let not our father’s name be lost to his clan just because he had no son! Give us a holding among our father’s kinsmen!”,Ninguno
Numbers,27,5,"ויקרב משה אתמשפט<big>ן</big> לפני יהוה&nbsp;<span class=""mam-spi-pe"">{פ}</span><br>",Moses brought their case before GOD.,Ninguno
Numbers,27,6,ויאמר יהוה אלמשה לאמר,"And GOD said to Moses, ",Ninguno
Numbers,27,7,כן בנות צלפחד דברת נתן תתן להם אחזת נחלה בתוך אחי אביהם והעברת אתנחלת אביהן להן,“The plea of Zelophehad’s daughters is just: you should give them a hereditary holding among their father’s kinsmen; transfer their father’s share to them.,Ninguno
Numbers,27,8,ואלבני ישראל תדבר לאמר איש כיימות ובן אין לו והעברתם אתנחלתו לבתו,"“Further, speak to the Israelite people as follows: ‘If a man dies without leaving a son, you shall transfer his property to his daughter. ",Ninguno
Numbers,27,9,ואםאין לו בת ונתתם אתנחלתו לאחיו,"If he has no daughter, you shall assign his property to his brothers. ",Ninguno
Numbers,27,10,ואםאין לו אחים ונתתם אתנחלתו לאחי אביו,"If he has no brothers, you shall assign his property to his father’s brothers. ",Ninguno
Numbers,27,11,"ואםאין אחים לאביו ונתתם אתנחלתו לשארו הקרב אליו ממשפחתו וירש אתה והיתה לבני ישראל לחקת משפט כאשר צוה יהוה אתמשה&nbsp;<span class=""mam-spi-pe"">{פ}</span><br>","If his father had no brothers, you shall assign his property to his nearest relative in his own clan, who shall inherit it.’ This shall be the law of procedure for the Israelites, in accordance with GOD’s command to Moses.”",Ninguno
Numbers,27,12,ויאמר יהוה אלמשה עלה אלהר העברים הזה וראה אתהארץ אשר נתתי לבני ישראל,"
GOD
 said to Moses, “Ascend these heights of Abarim and view the land that I have given to the Israelite people. ",Ninguno
Numbers,27,13,וראיתה אתה ונאספת אלעמיך גםאתה כאשר נאסף אהרן אחיך,"When you have seen it, you too shall be gathered to your kin, just as your brother Aaron was. ",Ninguno
Numbers,27,14,"כאשר מריתם פי במדברצן במריבת העדה להקדישני במים לעיניהם הם מימריבת קדש מדברצן&nbsp;<span class=""mam-spi-samekh"">{ס}</span>&nbsp;&nbsp;&nbsp;&nbsp;&nbsp;&nbsp;&nbsp;&nbsp;","For, in the wilderness of Zin, when the community was contentious, you disobeyed My command to uphold My sanctity in their sight by means of the water.” Those are the waters of Meribath-kadesh,aMeribath-kadesh See note at 20.13. in the wilderness of Zin.",Ninguno
Numbers,27,15,וידבר משה אליהוה לאמר,"Moses spoke to GOD, saying, ",Ninguno
Numbers,27,16,יפקד יהוה אלהי הרוחת לכלבשר איש עלהעדה,"“Let GOD, SourcebSource See note at 16.22. of the breath of all flesh, appoint someone over the community ",Ninguno
Numbers,27,17,אשריצא לפניהם ואשר יבא לפניהם ואשר יוציאם ואשר יביאם ולא תהיה עדת יהוה כצאן אשר איןלהם רעה,"who shall go out before them and come in before them, and who shall take them out and bring them in,cwho shall go out … and bring them in I.e., who shall lead them in all matters and whom they shall follow in all matters. so that GOD’s community may not be like sheep that have no shepherd.” ",Ninguno
Numbers,27,18,ויאמר יהוה אלמשה קחלך אתיהושע בןנון איש אשררוח בו וסמכת אתידך עליו,"And GOD answered Moses, “Single out Joshua son of Nun, an inspired man, and lay your hand upon him. ",Ninguno
Numbers,27,19,והעמדת אתו לפני אלעזר הכהן ולפני כלהעדה וצויתה אתו לעיניהם,"Have him stand before Eleazar the priest and before the whole community,dwhole community See note at 8.9. and commission him in their sight. ",Ninguno
Numbers,27,20,ונתתה מהודך עליו למען ישמעו כלעדת בני ישראל,"Invest him with some of your authority, so that the whole Israelite community may obey. ",Ninguno
Numbers,27,21,ולפני אלעזר הכהן יעמד ושאל לו במשפט האורים לפני יהוה עלפיו יצאו ועלפיו יבאו הוא וכלבניישראל אתו וכלהעדה,"But he shall present himself to Eleazar the priest, who shall on his behalf seek the decision of the Urim before GOD. By such instruction they shall go out and by such instruction they shall come in, he and all the Israelites,eall the Israelites I.e., the entire militia, on the nation’s behalf. and the whole community.”",Ninguno
Numbers,27,22,ויעש משה כאשר צוה יהוה אתו ויקח אתיהושע ויעמדהו לפני אלעזר הכהן ולפני כלהעדה,Moses did as GOD commanded him. He took Joshua and had him stand before Eleazar the priest and before the whole community.,Ninguno
Numbers,27,23,"ויסמך אתידיו עליו ויצוהו כאשר דבר יהוה בידמשה&nbsp;<span class=""mam-spi-pe"">{פ}</span><br>",He laid his hands upon him and commissioned him—as GOD had spoken through Moses.,Ninguno
Numbers,28,1,וידבר יהוה אלמשה לאמר,"
GOD
 spoke to Moses, saying: ",Ninguno
Numbers,28,2,צו אתבני ישראל ואמרת אלהם אתקרבני לחמי לאשי ריח ניחחי תשמרו להקריב לי במועדו,"Command the Israelite people and say to them: Be punctilious in presenting to Me at stated times the offerings of food due Me,athe offerings of food due Me Lit. “My offering, My food.” as offerings by fire of pleasing odor to Me.",Ninguno
Numbers,28,3,ואמרת להם זה האשה אשר תקריבו ליהוה כבשים בנישנה תמימם שנים ליום עלה תמיד,"Say to them: These are the offerings by fire that you are to present to GOD:As a regular burnt offering every day, two yearling lambs without blemish. ",Ninguno
Numbers,28,4,אתהכבש אחד תעשה בבקר ואת הכבש השני תעשה בין הערבים,"You shall offer one lamb in the morning, and the other lamb you shall offer at twilight. ",Separación (Beyn)
Numbers,28,5,ועשירית האיפה סלת למנחה בלולה בשמן כתית רביעת ההין,"And as a grain offering, there shall be a tenth of an ephah of choice flour with a quarter of a hin of beaten oil mixed in— ",Ninguno
Numbers,28,6,עלת תמיד העשיה בהר סיני לריח ניחח אשה ליהוה,the regular burnt offering instituted at Mount Sinaibthe regular burnt offering instituted at Mount Sinai See Exod. 29.38–41.—an offering by fire of pleasing odor to GOD.,Ninguno
Numbers,28,7,ונסכו רביעת ההין לכבש האחד בקדש הסך נסך שכר ליהוה,"The libation with it shall be a quarter of a hin for each lamb, to be poured in the sacred precinct as an offering of fermented drinkcfermented drink I.e., wine. to GOD. ",Ninguno
Numbers,28,8,"ואת הכבש השני תעשה בין הערבים כמנחת הבקר וכנסכו תעשה אשה ריח ניחח ליהוה&nbsp;<span class=""mam-spi-pe"">{פ}</span><br>","The other lamb you shall offer at twilight, preparing the same grain offering and libation as in the morning—an offering by fire of pleasing odor to GOD.",Separación (Beyn)
Numbers,28,9,וביום השבת שניכבשים בנישנה תמימם ושני עשרנים סלת מנחה בלולה בשמן ונסכו,"On the sabbath day: two yearling lambs without blemish, together with two-tenths of a measuredof a measure I.e., of an ephah. of choice flour with oil mixed in as a grain offering, and with the proper libation— ",Ninguno
Numbers,28,10,"עלת שבת בשבתו עלעלת התמיד ונסכה&nbsp;<span class=""mam-spi-pe"">{פ}</span><br>","a burnt offering for every sabbath, in addition to the regular burnt offering and its libation.",Ninguno
Numbers,28,11,ובראשי חדשיכם תקריבו עלה ליהוה פרים בניבקר שנים ואיל אחד כבשים בנישנה שבעה תמימם,"On your new moons you shall present a burnt offering to GOD: two bulls of the herd, one ram, and seven yearling lambs, without blemish. ",Ninguno
Numbers,28,12,ושלשה עשרנים סלת מנחה בלולה בשמן לפר האחד ושני עשרנים סלת מנחה בלולה בשמן לאיל האחד,As grain offering for each bull: three-tenths of a measure of choice flour with oil mixed in. As grain offering for each ram: two-tenths of a measure of choice flour with oil mixed in.,Ninguno
Numbers,28,13,ועשרן עשרון סלת מנחה בלולה בשמן לכבש האחד עלה ריח ניחח אשה ליהוה,"As grain offering for each lamb: a tenth of a measure of fine flour with oil mixed in. Such shall be the burnt offering of pleasing odor, an offering by fire to GOD. ",Ninguno
Numbers,28,14,ונסכיהם חצי ההין יהיה לפר ושלישת ההין לאיל ורביעת ההין לכבש יין זאת עלת חדש בחדשו לחדשי השנה,"Their libations shall be: half a hin of wine for a bull, a third of a hin for a ram, and a quarter of a hin for a lamb. That shall be the monthly burnt offering for each new moon of the year. ",Ninguno
Numbers,28,15,"ושעיר עזים אחד לחטאת ליהוה עלעלת התמיד יעשה ונסכו&nbsp;<span class=""mam-spi-samekh"">{ס}</span>&nbsp;&nbsp;&nbsp;&nbsp;&nbsp;&nbsp;&nbsp;&nbsp;","And there shall be one goat as a purgation offering to GOD, to be offered in addition to the regular burnt offering and its libation.",Ninguno
Numbers,28,16,ובחדש הראשון בארבעה עשר יום לחדש פסח ליהוה,"In the first month, on the fourteenth day of the month, there shall be a passover sacrifice to GOD, ",Ninguno
Numbers,28,17,ובחמשה עשר יום לחדש הזה חג שבעת ימים מצות יאכל,and on the fifteenth day of that month a festival. Unleavened bread shall be eaten for seven days.,Ninguno
Numbers,28,18,ביום הראשון מקראקדש כלמלאכת עבדה לא תעשו,The first day shall be a sacred occasion: you shall not work at your occupations.,Ninguno
Numbers,28,19,והקרבתם אשה עלה ליהוה פרים בניבקר שנים ואיל אחד ושבעה כבשים בני שנה תמימם יהיו לכם,"You shall present an offering by fire, a burnt offering, to GOD: two bulls of the herd, one ram, and seven yearling lambs—see that they areesee that they are Lit. “they shall be to you.” without blemish. ",Ninguno
Numbers,28,20,ומנחתם סלת בלולה בשמן שלשה עשרנים לפר ושני עשרנים לאיל תעשו,"The grain offering with them shall be of choice flour with oil mixed in: prepare three-tenths of a measure for a bull, two-tenths for a ram; ",Ninguno
Numbers,28,21,עשרון עשרון תעשה לכבש האחד לשבעת הכבשים,and for each of the seven lambs prepare one-tenth of a measure.,Ninguno
Numbers,28,22,ושעיר חטאת אחד לכפר עליכם,"And there shall be one goat for a purgation offering, to make expiation in your behalf. ",Ninguno
Numbers,28,23,מלבד עלת הבקר אשר לעלת התמיד תעשו אתאלה,You shall present these in addition to the morning portion of the regular burnt offering.,Ninguno
Numbers,28,24,כאלה תעשו ליום שבעת ימים לחם אשה ריחניחח ליהוה עלעולת התמיד יעשה ונסכו,"You shall offer the like daily for seven days as food, an offering by fire of pleasing odor to GOD; they shall be offered, with their libations, in addition to the regular burnt offering. ",Ninguno
Numbers,28,25,"וביום השביעי מקראקדש יהיה לכם כלמלאכת עבדה לא תעשו&nbsp;<span class=""mam-spi-samekh"">{ס}</span>&nbsp;&nbsp;&nbsp;&nbsp;&nbsp;&nbsp;&nbsp;&nbsp;",And the seventh day shall be a sacred occasion for you: you shall not work at your occupations.,Ninguno
Numbers,28,26,וביום הבכורים בהקריבכם מנחה חדשה ליהוה בשבעתיכם מקראקדש יהיה לכם כלמלאכת עבדה לא תעשו,"On the day of the first fruits, your Feast of Weeks, when you bring an offering of new grain to GOD, you shall observe a sacred occasion: you shall not work at your occupations. ",Ninguno
Numbers,28,27,והקרבתם עולה לריח ניחח ליהוה פרים בניבקר שנים איל אחד שבעה כבשים בני שנה,"You shall present a burnt offering of pleasing odor to GOD: two bulls of the herd, one ram, seven yearling lambs. ",Ninguno
Numbers,28,28,ומנחתם סלת בלולה בשמן שלשה עשרנים לפר האחד שני עשרנים לאיל האחד,"The grain offering with them shall be of choice flour with oil mixed in, three-tenths of a measure for a bull, two-tenths for a ram, ",Ninguno
Numbers,28,29,עשרון עשרון לכבש האחד לשבעת הכבשים,and one-tenth for each of the seven lambs.,Ninguno
Numbers,28,30,שעיר עזים אחד לכפר עליכם,And there shall be one goat for expiation in your behalf.,Ninguno
Numbers,28,31,"מלבד עלת התמיד ומנחתו תעשו תמימם יהיולכם ונסכיהם&nbsp;<span class=""mam-spi-pe"">{פ}</span><br>","You shall present them—see that they arefsee that they are See note at v. 19. without blemish—with their libations, in addition to the regular burnt offering and its grain offering.",Ninguno
Numbers,29,1,ובחדש השביעי באחד לחדש מקראקדש יהיה לכם כלמלאכת עבדה לא תעשו יום תרועה יהיה לכם,"In the seventh month, on the first day of the month, you shall observe a sacred occasion: you shall not work at your occupations. You shall observe it as a day when the horn is sounded.aa day when the horn is sounded Or “a day of festivity.” ",Ninguno
Numbers,29,2,ועשיתם עלה לריח ניחח ליהוה פר בןבקר אחד איל אחד כבשים בנישנה שבעה תמימם,"You shall present a burnt offering of pleasing odor to GOD: one bull of the herd, one ram, and seven yearling lambs, without blemish. ",Ninguno
Numbers,29,3,ומנחתם סלת בלולה בשמן שלשה עשרנים לפר שני עשרנים לאיל,"The grain offering with them—choice flour with oil mixed in—shall be: three-tenths of a measure for a bull, two-tenths for a ram, ",Ninguno
Numbers,29,4,ועשרון אחד לכבש האחד לשבעת הכבשים,and one-tenth for each of the seven lambs.,Ninguno
Numbers,29,5,ושעירעזים אחד חטאת לכפר עליכם,"And there shall be one goat for a purgation offering, to make expiation in your behalf— ",Ninguno
Numbers,29,6,"מלבד עלת החדש ומנחתה ועלת התמיד ומנחתה ונסכיהם כמשפטם לריח ניחח אשה ליהוה&nbsp;<span class=""mam-spi-samekh"">{ס}</span>&nbsp;&nbsp;&nbsp;&nbsp;&nbsp;&nbsp;&nbsp;&nbsp;","in addition to the burnt offering of the new moon with its grain offering and the regular burnt offering with its grain offering, each with its libation as prescribed, offerings by fire of pleasing odor to GOD.",Ninguno
Numbers,29,7,ובעשור לחדש השביעי הזה מקראקדש יהיה לכם ועניתם אתנפשתיכם כלמלאכה לא תעשו,On the tenth day of the same seventh month you shall observe a sacred occasion when you shall practice self-denial. You shall do no work.,Ninguno
Numbers,29,8,והקרבתם עלה ליהוה ריח ניחח פר בןבקר אחד איל אחד כבשים בנישנה שבעה תמימם יהיו לכם,"You shall present to GOD a burnt offering of pleasing odor: one bull of the herd, one ram, seven yearling lambs; see that they arebsee that they are See note at 28.19. without blemish. ",Ninguno
Numbers,29,9,ומנחתם סלת בלולה בשמן שלשה עשרנים לפר שני עשרנים לאיל האחד,"The grain offering with them—of choice flour with oil mixed in—shall be: three-tenths of a measure for a bull, two-tenths for the one ram, ",Ninguno
Numbers,29,10,עשרון עשרון לכבש האחד לשבעת הכבשים,one-tenth for each of the seven lambs.,Ninguno
Numbers,29,11,"שעירעזים אחד חטאת מלבד חטאת הכפרים ועלת התמיד ומנחתה ונסכיהם&nbsp;<span class=""mam-spi-samekh"">{ס}</span>&nbsp;&nbsp;&nbsp;&nbsp;&nbsp;&nbsp;&nbsp;&nbsp;","And there shall be one goat for a purgation offering, in addition to the purgation offering of expiation and the regular burnt offering with its grain offering, each with its libation.",Ninguno
Numbers,29,12,ובחמשה עשר יום לחדש השביעי מקראקדש יהיה לכם כלמלאכת עבדה לא תעשו וחגתם חג ליהוה שבעת ימים,"On the fifteenth day of the seventh month, you shall observe a sacred occasion: you shall not work at your occupations.—Seven days you shall observe a festival of GOD.— ",Ninguno
Numbers,29,13,והקרבתם עלה אשה ריח ניחח ליהוה פרים בניבקר שלשה עשר אילם שנים כבשים בנישנה ארבעה עשר תמימם יהיו,"You shall present a burnt offering, an offering by fire of pleasing odor to GOD: Thirteen bulls of the herd, two rams, fourteen yearling lambs; they shall be without blemish. ",Ninguno
Numbers,29,14,ומנחתם סלת בלולה בשמן שלשה עשרנים לפר האחד לשלשה עשר פרים שני עשרנים לאיל האחד לשני האילם,"The grain offerings with them—of choice flour with oil mixed in—shall be: three-tenths of a measure for each of the thirteen bulls, two-tenths for each of the two rams, ",Ninguno
Numbers,29,15,ועשרון עשרון לכבש האחד לארבעה עשר כבשים,and one-tenth for each of the fourteen lambs.,Ninguno
Numbers,29,16,"ושעירעזים אחד חטאת מלבד עלת התמיד מנחתה ונסכה&nbsp;<span class=""mam-spi-samekh"">{ס}</span>&nbsp;&nbsp;&nbsp;&nbsp;&nbsp;&nbsp;&nbsp;&nbsp;","And there shall be one goat for a purgation offering—in addition to the regular burnt offering, its grain offering and libation.",Ninguno
Numbers,29,17,וביום השני פרים בניבקר שנים עשר אילם שנים כבשים בנישנה ארבעה עשר תמימם,"Second day: Twelve bulls of the herd, two rams, fourteen yearling lambs, without blemish; ",Ninguno
Numbers,29,18,ומנחתם ונסכיהם לפרים לאילם ולכבשים במספרם כמשפט,"the grain offerings and libations for the bulls, rams, and lambs, in the quantities prescribed; ",Ninguno
Numbers,29,19,"ושעירעזים אחד חטאת מלבד עלת התמיד ומנחתה ונסכיהם&nbsp;<span class=""mam-spi-samekh"">{ס}</span>&nbsp;&nbsp;&nbsp;&nbsp;&nbsp;&nbsp;&nbsp;&nbsp;","and one goat for a purgation offering—in addition to the regular burnt offering, its grain offering and libations.",Ninguno
Numbers,29,20,וביום השלישי פרים עשתיעשר אילם שנים כבשים בנישנה ארבעה עשר תמימם,"Third day: Eleven bulls, two rams, fourteen yearling lambs, without blemish; ",Ninguno
Numbers,29,21,ומנחתם ונסכיהם לפרים לאילם ולכבשים במספרם כמשפט,"the grain offerings and libations for the bulls, rams, and lambs, in the quantities prescribed; ",Ninguno
Numbers,29,22,"ושעיר חטאת אחד מלבד עלת התמיד ומנחתה ונסכה&nbsp;<span class=""mam-spi-samekh"">{ס}</span>&nbsp;&nbsp;&nbsp;&nbsp;&nbsp;&nbsp;&nbsp;&nbsp;","and one goat for a purgation offering—in addition to the regular burnt offering, its grain offering and libation.",Ninguno
Numbers,29,23,וביום הרביעי פרים עשרה אילם שנים כבשים בנישנה ארבעה עשר תמימם,"Fourth day: Ten bulls, two rams, fourteen yearling lambs, without blemish; ",Ninguno
Numbers,29,24,מנחתם ונסכיהם לפרים לאילם ולכבשים במספרם כמשפט,"the grain offerings and libations for the bulls, rams, and lambs, in the quantities prescribed; ",Ninguno
Numbers,29,25,"ושעירעזים אחד חטאת מלבד עלת התמיד מנחתה ונסכה&nbsp;<span class=""mam-spi-samekh"">{ס}</span>&nbsp;&nbsp;&nbsp;&nbsp;&nbsp;&nbsp;&nbsp;&nbsp;","and one goat for a purgation offering—in addition to the regular burnt offering, its grain offering and libation.",Ninguno
Numbers,29,26,וביום החמישי פרים תשעה אילם שנים כבשים בנישנה ארבעה עשר תמימם,"Fifth day: Nine bulls, two rams, fourteen yearling lambs, without blemish; ",Ninguno
Numbers,29,27,ומנחתם ונסכיהם לפרים לאילם ולכבשים במספרם כמשפט,"the grain offerings and libations for the bulls, rams, and lambs, in the quantities prescribed; ",Ninguno
Numbers,29,28,"ושעיר חטאת אחד מלבד עלת התמיד ומנחתה ונסכה&nbsp;<span class=""mam-spi-samekh"">{ס}</span>&nbsp;&nbsp;&nbsp;&nbsp;&nbsp;&nbsp;&nbsp;&nbsp;","and one goat for a purgation offering—in addition to the regular burnt offering, its grain offering and libation.",Ninguno
Numbers,29,29,וביום הששי פרים שמנה אילם שנים כבשים בנישנה ארבעה עשר תמימם,"Sixth day: Eight bulls, two rams, fourteen yearling lambs, without blemish; ",Ninguno
Numbers,29,30,ומנחתם ונסכיהם לפרים לאילם ולכבשים במספרם כמשפט,"the grain offerings and libations for the bulls, rams, and lambs, in the quantities prescribed; ",Ninguno
Numbers,29,31,"ושעיר חטאת אחד מלבד עלת התמיד מנחתה ונסכיה&nbsp;<span class=""mam-spi-samekh"">{ס}</span>&nbsp;&nbsp;&nbsp;&nbsp;&nbsp;&nbsp;&nbsp;&nbsp;","and one goat for a purgation offering—in addition to the regular burnt offering, its grain offering and libations.",Ninguno
Numbers,29,32,וביום השביעי פרים שבעה אילם שנים כבשים בנישנה ארבעה עשר תמימם,"Seventh day: Seven bulls, two rams, fourteen yearling lambs, without blemish; ",Ninguno
Numbers,29,33,ומנחתם ונסכהם לפרים לאילם ולכבשים במספרם כמשפטם,"the grain offerings and libations for the bulls, rams, and lambs, in the quantities prescribed; ",Ninguno
Numbers,29,34,"ושעיר חטאת אחד מלבד עלת התמיד מנחתה ונסכה&nbsp;<span class=""mam-spi-samekh"">{ס}</span>&nbsp;&nbsp;&nbsp;&nbsp;&nbsp;&nbsp;&nbsp;&nbsp;","and one goat for a purgation offering—in addition to the regular burnt offering, its grain offering and libation.",Ninguno
Numbers,29,35,ביום השמיני עצרת תהיה לכם כלמלאכת עבדה לא תעשו,On the eighth day you shall hold a solemn gathering;csolemn gathering Precise meaning of Heb. ʻaṣereth uncertain. Cf. Lev. 23.36; Deut. 16.8. you shall not work at your occupations. ,Ninguno
Numbers,29,36,והקרבתם עלה אשה ריח ניחח ליהוה פר אחד איל אחד כבשים בנישנה שבעה תמימם,"You shall present a burnt offering, an offering by fire of pleasing odor to GOD; one bull, one ram, seven yearling lambs, without blemish; ",Ninguno
Numbers,29,37,מנחתם ונסכיהם לפר לאיל ולכבשים במספרם כמשפט,"the grain offerings and libations for the bull, the ram, and the lambs, in the quantities prescribed; ",Ninguno
Numbers,29,38,ושעיר חטאת אחד מלבד עלת התמיד ומנחתה ונסכה,"and one goat for a purgation offering—in addition to the regular burnt offering, its grain offering and libation.",Ninguno
Numbers,29,39,אלה תעשו ליהוה במועדיכם לבד מנדריכם ונדבתיכם לעלתיכם ולמנחתיכם ולנסכיכם ולשלמיכם,"All these you shall offer to GOD at the stated times, in addition to your votive and freewill offerings, be they burnt offerings, grain offerings, libations, or offerings of well-being.",Ninguno
Numbers,30,1,"ויאמר משה אלבני ישראל ככל אשרצוה יהוה אתמשה&nbsp;<span class=""mam-spi-pe"">{פ}</span><br>","aThis verse is labeled as 29.40 in some editions, and chapter 30 starts with the next verse. So Moses spoke to the Israelites just as GOD had commanded Moses.",Ninguno
Numbers,30,2,וידבר משה אלראשי המטות לבני ישראל לאמר זה הדבר אשר צוה יהוה,"Moses spoke to the heads of the Israelite tribes, saying: This is what GOD has commanded:",Ninguno
Numbers,30,3,איש כיידר נדר ליהוה אוהשבע שבעה לאסר אסר עלנפשו לא יחל דברו ככלהיצא מפיו יעשה,"If anyonebanyone In practice, only a (usually male) householder can make vows that are not subject to review. A daughter (vv. 4–9) and a wife (vv. 11–16) exemplify a household’s dependent members, including its subordinate males (cf. 2 Sam. 15.7–9). makes a vow to GOD or takes an oath imposing an obligationcan obligation Or “a prohibition.” on themselves, they shall not break their pledge; they must carry out all that has crossed their lips.dcrossed their lips Lit. “come out of his mouth.” ",Ninguno
Numbers,30,4,ואשה כיתדר נדר ליהוה ואסרה אסר בבית אביה בנעריה,"If a woman makes a vow to GOD or assumes an obligation while still in her father’s household by reason of her youth, ",Ninguno
Numbers,30,5,ושמע אביה אתנדרה ואסרה אשר אסרה עלנפשה והחריש לה אביה וקמו כלנדריה וכלאסר אשראסרה עלנפשה יקום,"and her father learns of her vow or her self-imposed obligation and offers no objection, all her vows shall stand and every self-imposed obligation shall stand. ",Ninguno
Numbers,30,6,ואםהניא אביה אתה ביום שמעו כלנדריה ואסריה אשראסרה עלנפשה לא יקום ויהוה יסלחלה כיהניא אביה אתה,"But if her father restrains her on the day he finds out, none of her vows or self-imposed obligations shall stand; and GOD will forgive her, since her father restrained her.",Ninguno
Numbers,30,7,ואםהיו תהיה לאיש ונדריה עליה או מבטא שפתיה אשר אסרה עלנפשה,"If she should become someone’s [wife] while her vow or the commitmentecommitment Lit. “utterance of her lips.” to which she bound herself is still in force, ",Ninguno
Numbers,30,8,ושמע אישה ביום שמעו והחריש לה וקמו נדריה ואסרה אשראסרה עלנפשה יקמו,"and her husband learns of it and offers no objection on the day he finds out, her vows shall stand and her self-imposed obligations shall stand. ",Ninguno
Numbers,30,9,ואם ביום שמע אישה יניא אותה והפר אתנדרה אשר עליה ואת מבטא שפתיה אשר אסרה עלנפשה ויהוה יסלחלה,"But if her husband restrains her on the day that he learns of it, he thereby annuls her vow that was in force or the commitmentfcommitment See note at v. 7. to which she bound herself; and GOD will forgive her.— ",Ninguno
Numbers,30,10,ונדר אלמנה וגרושה כל אשראסרה עלנפשה יקום עליה,"The vow of a widow or of a divorced woman, however, whatever she has imposed on herself, shall be binding upon her.— ",Ninguno
Numbers,30,11,ואםבית אישה נדרה אואסרה אסר עלנפשה בשבעה,"So, too, if, while in her husband’s household, she makes a vow or imposes an obligation on herself by oath, ",Ninguno
Numbers,30,12,ושמע אישה והחרש לה לא הניא אתה וקמו כלנדריה וכלאסר אשראסרה עלנפשה יקום,"and her husband learns of it, yet offers no objection—thus failing to restrain her—all her vows shall stand and all her self-imposed obligations shall stand. ",Ninguno
Numbers,30,13,ואםהפר יפר אתם&thinsp;<small></small>&thinsp;אישה ביום שמעו כלמוצא שפתיה לנדריה ולאסר נפשה לא יקום אישה הפרם ויהוה יסלחלה,"But if her husband does annul them on the day he finds out, then nothing that has crossed her lips shall stand, whether vows or self-imposed obligations. Her husband has annulled them, and GOD will forgive her. ",Ninguno
Numbers,30,14,כלנדר וכלשבעת אסר לענת נפש אישה יקימנו ואישה יפרנו,Every vow and every sworn obligation of self-denial may be upheld by her husband or annulled by her husband.,Ninguno
Numbers,30,15,ואםהחרש יחריש לה אישה מיום אליום והקים אתכלנדריה או אתכלאסריה אשר עליה הקים אתם כיהחרש לה ביום שמעו,"If her husband offers no objection from that day to the next, he has upheld all the vows or obligations she has assumed: he has upheld them by offering no objection on the day he found out. ",Ninguno
Numbers,30,16,ואםהפר יפר אתם אחרי שמעו ונשא אתעונה,"But if he annuls them after [the day] he finds out, he shall bear her guilt.",Ninguno
Numbers,30,17,"אלה החקים אשר צוה יהוה אתמשה בין איש לאשתו ביןאב לבתו בנעריה בית אביה&nbsp;<span class=""mam-spi-pe"">{פ}</span><br>","Those are the laws that GOD enjoined upon Moses between a husband and his wife, and as between a father and his daughter while in her father’s household by reason of her youth.",Separación (Beyn)
Numbers,31,1,וידבר יהוה אלמשה לאמר,"
GOD
 spoke to Moses, saying, ",Ninguno
Numbers,31,2,נקם נקמת בני ישראל מאת המדינים אחר תאסף אלעמיך,“Avenge the Israelite people on the Midianites; then you shall be gathered to your kin.”,Ninguno
Numbers,31,3,וידבר משה אלהעם לאמר החלצו מאתכם אנשים לצבא ויהיו עלמדין לתת נקמתיהוה במדין,"Moses spoke to the people,athe people Or its leaders, on the people’s behalf. saying, “Let troops be picked out from among you for a campaign, and let them fall upon Midian to wreak GOD’s vengeance on Midian. ",Ninguno
Numbers,31,4,אלף למטה אלף למטה לכל מטות ישראל תשלחו לצבא,You shall dispatch on the campaign a thousand from every one of the tribes of Israel.”,Ninguno
Numbers,31,5,וימסרו מאלפי ישראל אלף למטה שניםעשר אלף חלוצי צבא,"So a thousand from each tribe were furnished from the divisions of Israel, twelve thousand picked for the campaign. ",Ninguno
Numbers,31,6,וישלח אתם משה אלף למטה לצבא אתם ואתפינחס בןאלעזר הכהן לצבא וכלי הקדש וחצצרות התרועה בידו,"Moses dispatched them on the campaign, a thousand from each tribe, with Phinehas son of Eleazar serving as a priest on the campaign, equipped with the sacred utensilsbsacred utensils Perhaps the Urim; cf. 27.21. and the trumpets for sounding the blasts. ",Ninguno
Numbers,31,7,ויצבאו עלמדין כאשר צוה יהוה אתמשה ויהרגו כלזכר,"They took the field against Midian, as GOD had commanded Moses, and slew every male. ",Ninguno
Numbers,31,8,ואתמלכי מדין הרגו עלחלליהם אתאוי ואתרקם ואתצור ואתחור ואתרבע חמשת מלכי מדין ואת בלעם בןבעור הרגו בחרב,"Along with their other victims, they slew the kings of Midian: Evi, Rekem, Zur, Hur, and Reba, the five kings of Midian. They also put Balaam son of Beor to the sword.",Ninguno
Numbers,31,9,וישבו בניישראל אתנשי מדין ואתטפם ואת כלבהמתם ואתכלמקנהם ואתכלחילם בזזו,"The Israelites took the women and other noncombatants of the Midianites captive, and seized as booty all their beasts, all their herds, and all their wealth. ",Ninguno
Numbers,31,10,ואת כלעריהם במושבתם ואת כלטירתם שרפו באש,"And they destroyed by fire all the towns in which they were settled, and their encampments. ",Ninguno
Numbers,31,11,ויקחו אתכלהשלל ואת כלהמלקוח באדם ובבהמה,"They gathered all the spoil and all the booty, human and animal, ",Ninguno
Numbers,31,12,"ויבאו אלמשה ואלאלעזר הכהן ואלעדת בניישראל אתהשבי ואתהמלקוח ואתהשלל אלהמחנה אלערבת מואב אשר עלירדן ירחו&nbsp;<span class=""mam-spi-samekh"">{ס}</span>&nbsp;&nbsp;&nbsp;&nbsp;&nbsp;&nbsp;&nbsp;&nbsp;","and they brought the captives, the booty, and the spoil to Moses, Eleazar the priest, and the whole Israelite community,cwhole Israelite community See next verse and note at 8.9. at the camp in the steppes of Moab, at the Jordan near Jericho.",Ninguno
Numbers,31,13,ויצאו משה ואלעזר הכהן וכלנשיאי העדה לקראתם אלמחוץ למחנה,"Moses, Eleazar the priest, and all the chieftains of the community came out to meet them outside the camp. ",Ninguno
Numbers,31,14,ויקצף משה על פקודי החיל שרי האלפים ושרי המאות הבאים מצבא המלחמה,"Moses became angry with the commanders of the army, the officers of thousands and the officers of hundreds, who had come back from the military campaign. ",Ninguno
Numbers,31,15,ויאמר אליהם משה החייתם כלנקבה,"Moses said to them, “You have spared every female! ",Ninguno
Numbers,31,16,הן הנה היו לבני ישראל בדבר בלעם למסרמעל ביהוה עלדברפעור ותהי המגפה בעדת יהוה,"Yet they are the very ones who, at the bidding of Balaam, induceddinduced Meaning of Heb. hayu…limsor uncertain. the Israelites to trespass against GOD in the matter of Peor, so that GOD’s community was struck by the plague. ",Ninguno
Numbers,31,17,ועתה הרגו כלזכר בטף וכלאשה ידעת איש למשכב זכר הרגו,"Now, therefore, slay every male among the noncombatants, and slay also every woman who has known a man carnally; ",Percepción (Yada)
Numbers,31,18,וכל הטף בנשים אשר לאידעו משכב זכר החיו לכם,but spare every female noncombatant who has not had carnal relations with a man.,Percepción (Yada)
Numbers,31,19,ואתם חנו מחוץ למחנה שבעת ימים כל הרג נפש וכל&thinsp;<b></b> נגע בחלל תתחטאו ביום השלישי וביום השביעי אתם ושביכם,“You shall then stay outside the camp seven days; every one among you or among your captives who has slain a person or touched a corpse shall cleanse himself on the third and seventh days.,Ninguno
Numbers,31,20,"וכלבגד וכלכליעור וכלמעשה עזים וכלכליעץ תתחטאו&nbsp;<span class=""mam-spi-samekh"">{ס}</span>&nbsp;&nbsp;&nbsp;&nbsp;&nbsp;&nbsp;&nbsp;&nbsp;","You shall also cleanse every cloth, every article of skin, everything made of goats’ hair, and every object of wood.”",Ninguno
Numbers,31,21,ויאמר אלעזר הכהן אלאנשי הצבא הבאים למלחמה זאת חקת התורה אשרצוה יהוה אתמשה,"Eleazar the priest said to the troops who had taken part in the fighting, “This is the ritual law that GOD has enjoined upon Moses: ",Ninguno
Numbers,31,22,אך אתהזהב ואתהכסף אתהנחשת אתהברזל אתהבדיל ואתהעפרת,"Gold and silver, copper, iron, tin, and lead— ",Ninguno
Numbers,31,23,כלדבר אשריבא באש תעבירו באש וטהר אך במי נדה יתחטא וכל אשר לאיבא באש תעבירו במים,"any article that can withstand fire—these you shall pass through fire and they shall be pure, except that they must be cleansed with water of lustration; and anything that cannot withstand fire you must pass through water. ",Ninguno
Numbers,31,24,"וכבסתם בגדיכם ביום השביעי וטהרתם ואחר תבאו אלהמחנה&nbsp;<span class=""mam-spi-samekh"">{ס}</span>&nbsp;&nbsp;&nbsp;&nbsp;&nbsp;&nbsp;&nbsp;&nbsp;","On the seventh day you shall wash your clothes and be pure, and after that you may enter the camp.”",Ninguno
Numbers,31,25,ויאמר יהוה אלמשה לאמר,"
GOD
 said to Moses: ",Ninguno
Numbers,31,26,שא את ראש מלקוח השבי באדם ובבהמה אתה ואלעזר הכהן וראשי אבות העדה,"“You and Eleazar the priest and the family heads of the community take an inventory of the booty that was captured, human and animal, ",Ninguno
Numbers,31,27,וחצית אתהמלקוח בין תפשי המלחמה היצאים לצבא ובין כלהעדה,and divide the booty equally between the combatants who engaged in the campaign and the rest of the community.,Separación (Beyn)
Numbers,31,28,והרמת מכס ליהוה מאת אנשי המלחמה היצאים לצבא אחד נפש מחמש המאות מןהאדם ומןהבקר ומןהחמרים ומןהצאן,"You shall exact a levy for GOD: in the case of the warriors who engaged in the campaign, one item in five hundred, of persons, oxen, donkeys, and sheep, ",Ninguno
Numbers,31,29,ממחציתם תקחו ונתתה לאלעזר הכהן תרומת יהוה,shall be taken from their half-share and given to Eleazar the priest as a contribution to GOD;,Ninguno
Numbers,31,30,וממחצת בניישראל תקח&thinsp;<b></b> אחד&thinsp;<b></b> אחז מןהחמשים מןהאדם מןהבקר מןהחמרים ומןהצאן מכלהבהמה ונתתה אתם ללוים שמרי משמרת משכן יהוה,"and from the half-share of the other Israelites you shall withhold one in every fifty human beings as well as cattle, donkeys, and sheep—all the animals—and give them to the Levites, who attend to the duties of GOD’s Tabernacle.”",Ninguno
Numbers,31,31,ויעש משה ואלעזר הכהן כאשר צוה יהוה אתמשה,Moses and Eleazar the priest did as GOD commanded Moses.,Ninguno
Numbers,31,32,ויהי המלקוח יתר הבז אשר בזזו עם הצבא צאן ששמאות אלף ושבעים אלף וחמשת אלפים,"The amount of booty, other than the spoil that the troops had plundered, came to 675,000 sheep, ",Ninguno
Numbers,31,33,ובקר שנים ושבעים אלף,"72,000 head of cattle, ",Ninguno
Numbers,31,34,וחמרים אחד וששים אלף,"61,000 donkeys, ",Ninguno
Numbers,31,35,ונפש אדם מןהנשים אשר לאידעו משכב זכר כלנפש שנים ושלשים אלף,"and a total of 32,000 human beings, namely, the females who had not had carnal relations.",Percepción (Yada)
Numbers,31,36,ותהי המחצה חלק היצאים בצבא מספר הצאן שלשמאות אלף ושלשים אלף ושבעת אלפים וחמש מאות,"Thus, the half-share of those who had engaged in the campaign [was as follows]: The number of sheep was 337,500, ",Ninguno
Numbers,31,37,ויהי המכס ליהוה מןהצאן שש מאות חמש ושבעים,and GOD’s levy from the sheep was 675;,Ninguno
Numbers,31,38,והבקר ששה ושלשים אלף ומכסם ליהוה שנים ושבעים,"the cattle came to 36,000, from which GOD’s levy was 72; ",Ninguno
Numbers,31,39,וחמרים שלשים אלף וחמש מאות ומכסם ליהוה אחד וששים,"the donkeys came to 30,500, from which GOD’s levy was 61. ",Ninguno
Numbers,31,40,ונפש אדם ששה עשר אלף ומכסם ליהוה שנים ושלשים נפש,"And the number of human beings was 16,000, from which GOD’s levy was 32. ",Ninguno
Numbers,31,41,ויתן משה אתמכס תרומת יהוה לאלעזר הכהן כאשר צוה יהוה אתמשה,"Moses gave the contributions levied for GOD to Eleazar the priest, as GOD had commanded Moses.",Ninguno
Numbers,31,42,וממחצית בני ישראל אשר חצה משה מןהאנשים הצבאים,"As for the half-share of the other Israelites, which Moses withdrew from those who had taken the field, ",Ninguno
Numbers,31,43,ותהי מחצת העדה מןהצאן שלשמאות אלף ושלשים אלף שבעת אלפים וחמש מאות,"that half-share of the community consisted of 337,500 sheep, ",Ninguno
Numbers,31,44,ובקר ששה ושלשים אלף,"36,000 head of cattle, ",Ninguno
Numbers,31,45,וחמרים שלשים אלף וחמש מאות,"30,500 donkeys, ",Ninguno
Numbers,31,46,ונפש אדם ששה עשר אלף,"and 16,000 human beings. ",Ninguno
Numbers,31,47,ויקח משה ממחצת בניישראל אתהאחז אחד מןהחמשים מןהאדם ומןהבהמה ויתן אתם ללוים שמרי משמרת משכן יהוה כאשר צוה יהוה אתמשה,"From this half-share of the Israelites, Moses withheld one in every fifty humans and animals; and he gave them to the Levites, who attended to the duties of GOD’s Tabernacle, as GOD had commanded Moses.",Ninguno
Numbers,31,48,ויקרבו אלמשה הפקדים אשר לאלפי הצבא שרי האלפים ושרי המאות,"The commanders of the troop divisions, the officers of thousands and the officers of hundreds, approached Moses. ",Ninguno
Numbers,31,49,ויאמרו אלמשה עבדיך נשאו אתראש אנשי המלחמה אשר בידנו ולאנפקד ממנו איש,"They said to Moses, “Your servants have made a check of the warriors in our charge, and not one of us is missing. ",Ninguno
Numbers,31,50,ונקרב אתקרבן יהוה איש אשר מצא כליזהב אצעדה וצמיד טבעת עגיל וכומז לכפר עלנפשתינו לפני יהוה,"So we have brought as an offering to GOD such articles of gold as each of us came upon: armlets, bracelets, signet rings, earrings, and pendants,ependants Meaning of Heb. kumaz uncertain; cf. Exod. 35.22. that expiation may be made for our persons before GOD.” ",Ninguno
Numbers,31,51,ויקח משה ואלעזר הכהן אתהזהב מאתם כל כלי מעשה,"Moses and Eleazar the priest accepted the gold from them, all kinds of wrought articles. ",Ninguno
Numbers,31,52,ויהי&thinsp;<b></b> כלזהב התרומה אשר הרימו ליהוה ששה עשר אלף שבעמאות וחמשים שקל מאת שרי האלפים ומאת שרי המאות,"All the gold that was offered by the officers of thousands and the officers of hundreds as a contribution to GOD came to 16,750 shekels.— ",Ninguno
Numbers,31,53,אנשי הצבא בזזו איש לו,"But in the ranks, everyone kept his booty for himself.— ",Ninguno
Numbers,31,54,"ויקח משה ואלעזר הכהן אתהזהב מאת שרי האלפים והמאות ויבאו אתו אלאהל מועד זכרון לבניישראל לפני יהוה&nbsp;<span class=""mam-spi-pe"">{פ}</span><br>","So Moses and Eleazar the priest accepted the gold from the officers of thousands and the officers of hundreds and brought it to the Tent of Meeting, as a reminder in behalf of the Israelites before GOD.",Ninguno
Numbers,32,1,ומקנה&thinsp;<b></b> רב היה לבני ראובן ולבניגד עצום מאד ויראו אתארץ יעזר ואתארץ גלעד והנה המקום מקום מקנה,"The Reubenites and the Gadites owned cattle in very great numbers. Noting that the lands of Jazer and Gilead were a region suitable for cattle, ",Ninguno
Numbers,32,2,ויבאו בניגד ובני ראובן ויאמרו אלמשה ואלאלעזר הכהן ואלנשיאי העדה לאמר,"the Gadites and the Reubenitesathe Gadites and the Reubenites Or their leaders, on the tribes’ behalf. came to Moses, Eleazar the priest, and the chieftains of the community, and said, ",Ninguno
Numbers,32,3,עטרות ודיבן ויעזר ונמרה וחשבון ואלעלה ושבם ונבו ובען,"“Ataroth, Dibon, Jazer, Nimrah, Heshbon, Elealeh, Sebam, Nebo, and Beon— ",Ninguno
Numbers,32,4,"הארץ אשר הכה יהוה לפני עדת ישראל ארץ מקנה הוא ולעבדיך מקנה&nbsp;<span class=""mam-spi-samekh"">{ס}</span>&nbsp;&nbsp;&nbsp;&nbsp;&nbsp;&nbsp;&nbsp;&nbsp;","the land that GOD has conquered for the community of Israel—is cattle country, and your servants have cattle. ",Ninguno
Numbers,32,5,ויאמרו אםמצאנו חן בעיניך יתן אתהארץ הזאת לעבדיך לאחזה אלתעברנו אתהירדן,"It would be a favor to us,” they continued, “if this land were given to your servants as a holding; do not move us across the Jordan.”",Ninguno
Numbers,32,6,ויאמר משה לבניגד ולבני ראובן האחיכם יבאו למלחמה ואתם תשבו פה,"Moses replied to the Gadites and the Reubenites, “Are your brothers to go to war while you stay here? ",Ninguno
Numbers,32,7,"ולמה <span class=""mam-kq""><span class=""mam-kq-k"">(תנואון)</span> <span class=""mam-kq-q"">[תניאון]</span></span> אתלב בני ישראל מעבר אלהארץ אשרנתן להם יהוה",Why will you turn the minds of the Israelites from crossing into the land that GOD has given them?,Ninguno
Numbers,32,8,כה עשו אבתיכם בשלחי אתם מקדש ברנע לראות אתהארץ,That is what your fathers did when I sent them from Kadesh-barnea to survey the land.,Ninguno
Numbers,32,9,ויעלו עדנחל אשכול ויראו אתהארץ ויניאו אתלב בני ישראל לבלתיבא אלהארץ אשרנתן להם יהוה,"After going up to the wadi Eshcol and surveying the land, they turned the minds of the Israelites from invading the land that GOD had given them. ",Ninguno
Numbers,32,10,ויחראף יהוה ביום ההוא וישבע לאמר,"Thereupon GOD was incensed and swore, ",Ninguno
Numbers,32,11,אםיראו האנשים העלים ממצרים מבן עשרים שנה ומעלה את האדמה אשר נשבעתי לאברהם ליצחק וליעקב כי לאמלאו אחרי,"‘None of those involvedbthose involved I.e., the militia; see note at 14.29. from twenty years up who came out of Egypt shall see the land that I promised on oath to Abraham, Isaac, and Jacob, for they did not remain loyal to Me— ",Ninguno
Numbers,32,12,בלתי כלב בןיפנה הקנזי ויהושע בןנון כי מלאו אחרי יהוה,"none except Caleb son of Jephunneh the Kenizzite and Joshua son of Nun, for they remained loyal to GOD.’ ",Ninguno
Numbers,32,13,ויחראף יהוה בישראל וינעם במדבר ארבעים שנה עדתם כלהדור העשה הרע בעיני יהוה,"Incensed at Israel, GOD made them wander in the wilderness for forty years, until the whole generation that had provoked GOD’s displeasure was gone. ",Ninguno
Numbers,32,14,והנה קמתם תחת אבתיכם תרבות אנשים חטאים לספות עוד על חרון אףיהוה אלישראל,"And now you, a breed of sinful men,ca breed of sinful men Or “increasing [the ranks of] sinful men.” have replaced your fathers, to add still further to GOD’s wrath against Israel. ",Ninguno
Numbers,32,15,"כי תשובן מאחריו ויסף עוד להניחו במדבר ושחתם לכלהעם הזה&nbsp;<span class=""mam-spi-samekh"">{ס}</span>&nbsp;&nbsp;&nbsp;&nbsp;&nbsp;&nbsp;&nbsp;&nbsp;","If you turn away from [God], who then abandons them once more in the wilderness, you will bring calamity upon all this people.”",Ninguno
Numbers,32,16,ויגשו אליו ויאמרו גדרת צאן נבנה למקננו פה וערים לטפנו,"Then they stepped up to him and said, “We will build here sheepfolds for our flocks and towns for our dependents. ",Ninguno
Numbers,32,17,ואנחנו נחלץ חשים לפני בני ישראל עד אשר אםהביאנם אלמקומם וישב טפנו בערי המבצר מפני ישבי הארץ,"And we will hastendhasten Meaning of Heb. ḥushim uncertain. as shock-troops in the van of the Israelites until we have established them in their home, while our dependents stay in the fortified towns because of the inhabitants of the land. ",Ninguno
Numbers,32,18,לא נשוב אלבתינו עד התנחל בני ישראל איש נחלתו,We will not return to our homes until the other Israelites are in possession of their portion.,Ninguno
Numbers,32,19,"כי לא ננחל אתם מעבר לירדן והלאה כי באה נחלתנו אלינו מעבר הירדן מזרחה&nbsp;<span class=""mam-spi-pe"">{פ}</span><br>","But we will not have a share with them in the territory beyond the Jordan, for we have received our share on the east side of the Jordan.”",Ninguno
Numbers,32,20,ויאמר אליהם משה אםתעשון אתהדבר הזה אםתחלצו לפני יהוה למלחמה,"Moses said to them, “If you do this, if at the instance of GOD you go to battle as shock-troops, ",Ninguno
Numbers,32,21,ועבר לכם כלחלוץ אתהירדן לפני יהוה עד הורישו אתאיביו מפניו,"and at the instance of GOD every shock-fighter among you crosses the Jordan, until [God] has directly dispossessed the enemies, ",Ninguno
Numbers,32,22,ונכבשה הארץ לפני יהוה ואחר תשבו והייתם נקים מיהוה ומישראל והיתה הארץ הזאת לכם לאחזה לפני יהוה,"and the land has been subdued at the instance of GOD, and then you return—you shall be clear before GOD and before Israel; and this land shall be your holding under GOD. ",Ninguno
Numbers,32,23,ואםלא תעשון כן הנה חטאתם ליהוה ודעו חטאתכם אשר תמצא אתכם,"But if you do not do so, you will have sinned against GOD; and know that your sin will overtake you. ",Ninguno
Numbers,32,24,בנולכם ערים לטפכם וגדרת לצנאכם והיצא מפיכם תעשו,"Build towns for your children and sheepfolds for your flocks, but do what you have promised.”",Ninguno
Numbers,32,25,ויאמר בניגד ובני ראובן אלמשה לאמר עבדיך יעשו כאשר אדני מצוה,"The Gadites and the Reubenites answered Moses, “Your servants will do as my lord commands. ",Ninguno
Numbers,32,26,טפנו נשינו מקננו וכלבהמתנו יהיושם בערי הגלעד,"Our children, our wives, our flocks, and all our other livestock will stay behindebehind Lit. “there.” in the towns of Gilead; ",Ninguno
Numbers,32,27,ועבדיך יעברו כלחלוץ צבא לפני יהוה למלחמה כאשר אדני דבר,"while your servants, all those recruited for war, cross over at the instance of GOD, to engage in battle—as my lord orders.”",Ninguno
Numbers,32,28,ויצו להם משה את אלעזר הכהן ואת יהושע בןנון ואתראשי אבות המטות לבני ישראל,"Then Moses gave instructions concerning them to Eleazar the priest, Joshua son of Nun, and the family heads of the Israelite tribes. ",Ninguno
Numbers,32,29,ויאמר משה אלהם אםיעברו בניגד ובניראובן&thinsp;<small></small>&thinsp;אתכם אתהירדן כלחלוץ למלחמה לפני יהוה ונכבשה הארץ לפניכם ונתתם להם אתארץ הגלעד לאחזה,"Moses said to them, “If every shock-fighter among the Gadites and the Reubenites crosses the Jordan with you to do battle at the instance of GOD, and the land is subdued before you, you shall give them the land of Gilead as a holding. ",Ninguno
Numbers,32,30,ואםלא יעברו חלוצים אתכם ונאחזו בתככם בארץ כנען,"But if they do not cross over with you as shock-troops, they shall receive holdings among you in the land of Canaan.”",Ninguno
Numbers,32,31,ויענו בניגד ובני ראובן לאמר את אשר דבר יהוה אלעבדיך כן נעשה,"The Gadites and the Reubenites said in reply, “Whatever GOD has spoken concerning your servants, that we will do. ",Ninguno
Numbers,32,32,נחנו נעבר חלוצים לפני יהוה ארץ כנען ואתנו אחזת נחלתנו מעבר לירדן,"We ourselves will cross over as shock-troops, at the instance of GOD, into the land of Canaan; and we shall keep our hereditary holding across the Jordan.”facross the Jordan I.e., in Transjordan. ",Ninguno
Numbers,32,33,ויתן להם&thinsp;<small></small>&thinsp;משה לבניגד ולבני ראובן ולחצי&thinsp;<b></b> שבט&thinsp;<b></b> מנשה בןיוסף אתממלכת סיחן מלך האמרי ואתממלכת עוג מלך הבשן הארץ לעריה בגבלת ערי הארץ סביב,"So Moses assigned to them—to the Gadites, the Reubenites, and the half-tribe of Manasseh son of Joseph—the kingdom of Sihon king of the Amorites and the kingdom of King Og of Bashan, the land with its various cities and the territories of their surrounding towns. ",Ninguno
Numbers,32,34,ויבנו בניגד אתדיבן ואתעטרת ואת ערער,"The Gadites rebuilt Dibon, Ataroth, Aroer, ",Ninguno
Numbers,32,35,ואתעטרת שופן ואתיעזר ויגבהה,"Atroth-shophan, Jazer, Jogbehah, ",Ninguno
Numbers,32,36,ואתבית נמרה ואתבית הרן ערי מבצר וגדרת צאן,"Beth-nimrah, and Beth-haran as fortified towns or as enclosures for flocks. ",Ninguno
Numbers,32,37,ובני ראובן בנו אתחשבון ואתאלעלא ואת קריתים,"The Reubenites rebuilt Heshbon, Elealeh, Kiriathaim, ",Ninguno
Numbers,32,38,ואתנבו ואתבעל מעון מוסבת שם ואתשבמה ויקראו בשמת אתשמות הערים אשר בנו,"Nebo, Baal-meon—some names being changed—and Sibmah; they gave [their own] names to towns that they rebuilt.gthey gave [their own] names to towns that they rebuilt Cf. vv. 41, 42. ",Ninguno
Numbers,32,39,וילכו בני מכיר בןמנשה גלעדה וילכדה ויורש אתהאמרי אשרבה,"The descendants of Machir son of Manasseh went to Gilead and captured it, dispossessing the Amorites who were there; ",Ninguno
Numbers,32,40,ויתן משה אתהגלעד למכיר בןמנשה וישב בה,"so Moses gave Gilead to Machir son of Manasseh, and he settled there. ",Ninguno
Numbers,32,41,ויאיר בןמנשה הלך וילכד אתחותיהם ויקרא אתהן חות יאיר,"Jair son of Manasseh went and captured their villages,htheir villages Or “the villages of Ham”; cf. Gen. 14.5. which he renamed Havvoth-jair.iHavvoth-jair I.e., “the villages of Jair.” ",Ninguno
Numbers,32,42,"ונבח הלך וילכד אתקנת ואתבנתיה ויקרא לה נבח בשמו&nbsp;<span class=""mam-spi-pe"">{פ}</span><br>","And Nobah went and captured Kenath and its dependencies, renaming it Nobah after himself.",Ninguno
Numbers,33,1,אלה מסעי בניישראל אשר יצאו מארץ מצרים לצבאתם בידמשה ואהרן,"These were the marches of the Israelites who started out from the land of Egypt, troop by troop, in the charge of Moses and Aaron. ",Ninguno
Numbers,33,2,ויכתב משה אתמוצאיהם למסעיהם עלפי יהוה ואלה מסעיהם למוצאיהם,"Moses recorded the starting points of their various marches as directed by GOD. Their marches, by starting points, were as follows:",Ninguno
Numbers,33,3,ויסעו מרעמסס בחדש הראשון בחמשה עשר יום לחדש הראשון ממחרת הפסח יצאו בניישראל ביד רמה לעיני כלמצרים,"They set out from Rameses in the first month, on the fifteenth day of the first month. It was on the morrow of the passover offering that the Israelites started out defiantly,adefiantly Lit. “with upraised hand”; cf. Exod. 14.8. in plain view of all the Egyptians. ",Ninguno
Numbers,33,4,ומצרים מקברים את אשר הכה יהוה בהם כלבכור ובאלהיהם עשה יהוה שפטים,"The Egyptians meanwhile were burying those among them whom GOD had struck down, every [male] first-born—whereby GOD executed judgment on their gods.",Ninguno
Numbers,33,5,ויסעו בניישראל מרעמסס ויחנו בסכת,The Israelites set out from Rameses and encamped at Succoth.,Ninguno
Numbers,33,6,ויסעו מסכת ויחנו באתם אשר בקצה המדבר,"They set out from Succoth and encamped at Etham, which is on the edge of the wilderness. ",Ninguno
Numbers,33,7,ויסעו מאתם וישב עלפי החירת אשר עלפני בעל צפון ויחנו לפני מגדל,"They set out from Etham and turned about toward Pi-hahiroth, which faces Baal-zephon, and they encamped before Migdol. ",Ninguno
Numbers,33,8,ויסעו מפני החירת ויעברו בתוךהים המדברה וילכו דרך שלשת ימים במדבר אתם ויחנו במרה,They set out from PenebPene Many Hebrew manuscripts and ancient versions read “Pi”; cf. v. 7.-hahiroth and passed through the sea into the wilderness; and they made a three-days’ journey in the wilderness of Etham and encamped at Marah. ,Ninguno
Numbers,33,9,ויסעו ממרה ויבאו אילמה ובאילם שתים עשרה עינת מים ושבעים תמרים ויחנושם,"They set out from Marah and came to Elim. There were twelve springs in Elim and seventy palm trees, so they encamped there. ",Ninguno
Numbers,33,10,ויסעו מאילם ויחנו עליםסוף,"They set out from Elim and encamped by the Sea of Reeds.cSea of Reeds Traditionally, but incorrectly, “Red Sea.” ",Ninguno
Numbers,33,11,ויסעו מיםסוף ויחנו במדברסין,They set out from the Sea of Reeds and encamped in the wilderness of Sin.,Ninguno
Numbers,33,12,ויסעו ממדברסין ויחנו בדפקה,They set out from the wilderness of Sin and encamped at Dophkah.,Ninguno
Numbers,33,13,ויסעו מדפקה ויחנו באלוש,They set out from Dophkah and encamped at Alush.,Ninguno
Numbers,33,14,ויסעו מאלוש ויחנו ברפידם ולאהיה שם מים לעם לשתות,They set out from Alush and encamped at Rephidim; it was there that the people had no water to drink.,Ninguno
Numbers,33,15,ויסעו מרפידם ויחנו במדבר סיני,They set out from Rephidim and encamped in the wilderness of Sinai.,Ninguno
Numbers,33,16,ויסעו ממדבר סיני ויחנו בקברת התאוה,They set out from the wilderness of Sinai and encamped at Kibroth-hattaavah.,Ninguno
Numbers,33,17,ויסעו מקברת התאוה ויחנו בחצרת,They set out from Kibroth-hattaavah and encamped at Hazeroth.,Ninguno
Numbers,33,18,ויסעו מחצרת ויחנו ברתמה,They set out from Hazeroth and encamped at Rithmah.,Ninguno
Numbers,33,19,ויסעו מרתמה ויחנו ברמן פרץ,They set out from Rithmah and encamped at Rimmon-perez.,Ninguno
Numbers,33,20,ויסעו מרמן פרץ ויחנו בלבנה,They set out from Rimmon-perez and encamped at Libnah.,Ninguno
Numbers,33,21,ויסעו מלבנה ויחנו ברסה,They set out from Libnah and encamped at Rissah.,Ninguno
Numbers,33,22,ויסעו מרסה ויחנו בקהלתה,They set out from Rissah and encamped at Kehelath.,Ninguno
Numbers,33,23,ויסעו מקהלתה ויחנו בהרשפר,They set out from Kehelath and encamped at Mount Shepher.,Ninguno
Numbers,33,24,ויסעו מהרשפר ויחנו בחרדה,They set out from Mount Shepher and encamped at Haradah.,Ninguno
Numbers,33,25,ויסעו מחרדה ויחנו במקהלת,They set out from Haradah and encamped at Makheloth.,Ninguno
Numbers,33,26,ויסעו ממקהלת ויחנו בתחת,They set out from Makheloth and encamped at Tahath.,Ninguno
Numbers,33,27,ויסעו מתחת ויחנו בתרח,They set out from Tahath and encamped at Terah.,Ninguno
Numbers,33,28,ויסעו מתרח ויחנו במתקה,They set out from Terah and encamped at Mithkah.,Ninguno
Numbers,33,29,ויסעו ממתקה ויחנו בחשמנה,They set out from Mithkah and encamped at Hashmonah.,Ninguno
Numbers,33,30,ויסעו מחשמנה ויחנו במסרות,They set out from Hashmonah and encamped at Moseroth.,Ninguno
Numbers,33,31,ויסעו ממסרות ויחנו בבני יעקן,They set out from Moseroth and encamped at Bene-jaakan.,Ninguno
Numbers,33,32,ויסעו מבני יעקן ויחנו בחר הגדגד,They set out from Bene-jaakan and encamped at Hor-haggidgad.,Ninguno
Numbers,33,33,ויסעו מחר הגדגד ויחנו ביטבתה,They set out from Hor-haggidgad and encamped at Jotbath.,Ninguno
Numbers,33,34,ויסעו מיטבתה ויחנו בעברנה,They set out from Jotbath and encamped at Abronah.,Ninguno
Numbers,33,35,ויסעו מעברנה ויחנו בעצין גבר,They set out from Abronah and encamped at Ezion-geber.,Ninguno
Numbers,33,36,ויסעו מעצין גבר ויחנו במדברצן הוא קדש,"They set out from Ezion-geber and encamped in the wilderness of Zin, that is, Kadesh. ",Ninguno
Numbers,33,37,ויסעו מקדש ויחנו בהר ההר בקצה ארץ אדום,"They set out from Kadesh and encamped at Mount Hor, on the edge of the land of Edom.",Ninguno
Numbers,33,38,ויעל אהרן הכהן אלהר ההר עלפי יהוה וימת שם בשנת הארבעים לצאת בניישראל מארץ מצרים בחדש החמישי באחד לחדש,"Aaron the priest ascended Mount Hor at GOD’s command and died there, in the fortieth year after the Israelites had left the land of Egypt, on the first day of the fifth month. ",Ninguno
Numbers,33,39,"ואהרן בןשלש ועשרים ומאת שנה במתו בהר ההר&nbsp;<span class=""mam-spi-samekh"">{ס}</span>&nbsp;&nbsp;&nbsp;&nbsp;&nbsp;&nbsp;&nbsp;&nbsp;",Aaron was a hundred and twenty-three years old when he died on Mount Hor.,Ninguno
Numbers,33,40,וישמע הכנעני מלך ערד והואישב בנגב בארץ כנען בבא בני ישראל,"And the Canaanite, king of Arad, who dwelt in the Negeb, in the land of Canaan, learned of the coming of the Israelites.dlearned of the coming of the Israelites See 21.1–3. ",Ninguno
Numbers,33,41,ויסעו מהר ההר ויחנו בצלמנה,They set out from Mount Hor and encamped at Zalmonah.,Ninguno
Numbers,33,42,ויסעו מצלמנה ויחנו בפונן,They set out from Zalmonah and encamped at Punon.,Ninguno
Numbers,33,43,ויסעו מפונן ויחנו באבת,They set out from Punon and encamped at Oboth.,Ninguno
Numbers,33,44,ויסעו מאבת ויחנו בעיי העברים בגבול מואב,"They set out from Oboth and encamped at Iye-abarim, in the territory of Moab. ",Ninguno
Numbers,33,45,ויסעו מעיים ויחנו בדיבן גד,They set out from Iyim and encamped at Dibon-gad.,Ninguno
Numbers,33,46,ויסעו מדיבן גד ויחנו בעלמן דבלתימה,They set out from Dibon-gad and encamped at Almon-diblathaim.,Ninguno
Numbers,33,47,ויסעו מעלמן דבלתימה ויחנו בהרי העברים לפני נבו,"They set out from Almon-diblathaim and encamped in the hills of Abarim, before Nebo. ",Ninguno
Numbers,33,48,ויסעו מהרי העברים ויחנו בערבת מואב על ירדן ירחו,"They set out from the hills of Abarim and encamped in the steppes of Moab, at the Jordan near Jericho; ",Ninguno
Numbers,33,49,"ויחנו עלהירדן מבית הישמת עד אבל השטים בערבת מואב&nbsp;<span class=""mam-spi-samekh"">{ס}</span>&nbsp;&nbsp;&nbsp;&nbsp;&nbsp;&nbsp;&nbsp;&nbsp;","they encamped by the Jordan from Beth-jeshimoth as far as Abel-shittim, in the steppes of Moab.",Ninguno
Numbers,33,50,וידבר יהוה אלמשה בערבת מואב עלירדן ירחו לאמר,"In the steppes of Moab, at the Jordan near Jericho, GOD spoke to Moses, saying: ",Ninguno
Numbers,33,51,דבר אלבני ישראל ואמרת אלהם כי אתם עברים אתהירדן אלארץ כנען,"Speak to the Israelite people and say to them: When you cross the Jordan into the land of Canaan, ",Ninguno
Numbers,33,52,והורשתם אתכלישבי הארץ מפניכם ואבדתם את כלמשכיתם ואת כלצלמי מסכתם תאבדו ואת כלבמותם תשמידו,"you shall dispossess all the inhabitants of the land; you shall destroy all their figuredefigured Meaning of Heb. maskith uncertain; cf. Lev. 26.1. objects; you shall destroy all their molten images, and you shall demolish all their cult places. ",Ninguno
Numbers,33,53,והורשתם אתהארץ וישבתםבה כי לכם נתתי אתהארץ לרשת אתה,"And you shall take possession of the land and settle in it, for I have assigned the land to you to possess. ",Ninguno
Numbers,33,54,והתנחלתם אתהארץ בגורל למשפחתיכם לרב תרבו אתנחלתו ולמעט תמעיט אתנחלתו אל אשריצא לו שמה הגורל לו יהיה למטות אבתיכם תתנחלו,"You shall apportion the land among yourselves by lot, clan by clan: with larger groups increase the share, with smaller groups reduce the share. Wherever the lot falls for it, that shall be its location. You shall have your portions according to your ancestral tribes. ",Ninguno
Numbers,33,55,ואםלא תורישו אתישבי הארץ מפניכם והיה אשר תותירו מהם לשכים בעיניכם ולצנינם בצדיכם וצררו אתכם עלהארץ אשר אתם ישבים בה,"But if you do not dispossess the inhabitants of the land, those whom you allow to remain shall be stings in your eyes and thorns in your sides, and they shall harass you in the land in which you live; ",Ninguno
Numbers,33,56,"והיה כאשר דמיתי לעשות להם אעשה לכם&nbsp;<span class=""mam-spi-pe"">{פ}</span><br>",so that I will do to you what I planned to do to them.,Ninguno
Numbers,34,1,וידבר יהוה אלמשה לאמר,"
GOD
 spoke to Moses, saying: ",Ninguno
Numbers,34,2,צו אתבני ישראל ואמרת אלהם כיאתם באים אלהארץ כנען זאת הארץ אשר תפל לכם בנחלה ארץ כנען לגבלתיה,"Instruct the Israelite people and say to them: When you enter the land of Canaan, this is the land that shall fall to you as your portion, the land of Canaan with its various boundaries:",Ninguno
Numbers,34,3,והיה לכם פאתנגב ממדברצן עלידי אדום והיה לכם גבול נגב מקצה יםהמלח קדמה,Your southern sector shall extend from the wilderness of Zin alongside Edom. Your southern boundary shall start on the east from the tip of the Dead Sea.,Ninguno
Numbers,34,4,"ונסב לכם הגבול מנגב למעלה עקרבים ועבר צנה <span class=""mam-kq""><span class=""mam-kq-k"">(והיה)</span> <span class=""mam-kq-q"">[והיו]</span></span> תוצאתיו מנגב לקדש ברנע ויצא חצראדר ועבר עצמנה","Your boundary shall then turn to pass south of the ascent of Akrabbim and continue to Zin, and its limits shall be south of Kadesh-barnea, reaching Hazar-addar and continuing to Azmon. ",Ninguno
Numbers,34,5,ונסב הגבול מעצמון נחלה מצרים והיו תוצאתיו הימה,"From Azmon the boundary shall turn toward the Wadi of Egypt and terminate at the Sea.athe Sea I.e., the Mediterranean Sea. ",Ninguno
Numbers,34,6,וגבול ים והיה לכם הים הגדול וגבול זהיהיה לכם גבול ים,"For the western boundary you shall have the coast of the Great Sea;bGreat Sea I.e., the Mediterranean Sea. that shall serve as your western boundary.",Ninguno
Numbers,34,7,וזהיהיה לכם גבול צפון מןהים הגדל תתאו לכם הר ההר,This shall be your northern boundary: Draw a line from the Great Sea to Mount Hor;,Ninguno
Numbers,34,8,מהר ההר תתאו לבא חמת והיו תוצאת הגבל צדדה,"from Mount Hor draw a line to Lebo-hamath,cLebo-hamath See note at 13.21. and let the boundary reach Zedad. ",Ninguno
Numbers,34,9,ויצא הגבל זפרנה והיו תוצאתיו חצר עינן זהיהיה לכם גבול צפון,The boundary shall then run to Ziphron and terminate at Hazar-enan. That shall be your northern boundary.,Ninguno
Numbers,34,10,והתאויתם לכם לגבול קדמה מחצר עינן שפמה,For your eastern boundary you shall draw a line from Hazar-enan to Shepham.,Ninguno
Numbers,34,11,וירד הגבל משפם הרבלה מקדם לעין וירד הגבל ומחה עלכתף יםכנרת קדמה,"From Shepham the boundary shall descend to Riblah on the east side of Ain; from there the boundary shall continue downward and abut on the eastern slopes of the Sea of Chinnereth.dSea of Chinnereth I.e., the Sea (or Lake) of Galilee. ",Ninguno
Numbers,34,12,וירד הגבול הירדנה והיו תוצאתיו ים המלח זאת תהיה לכם הארץ לגבלתיה סביב,The boundary shall then descend along the Jordan and terminate at the Dead Sea.That shall be your land as defined by its boundaries on all sides.,Ninguno
Numbers,34,13,ויצו משה אתבני ישראל לאמר זאת הארץ אשר תתנחלו אתה בגורל אשר צוה יהוה לתת לתשעת המטות וחצי המטה,"Moses instructed the Israelites, saying: This is the land you are to receive by lot as your hereditary portion, which GOD has commanded to be given to the nine and a half tribes. ",Ninguno
Numbers,34,14,כי לקחו מטה בני הראובני לבית אבתם ומטה בניהגדי לבית אבתם וחצי מטה מנשה לקחו נחלתם,"For the Reubenite tribe by its ancestral houses, the Gadite tribe by its ancestral houses, and the half-tribe of Manasseh have already received their portions: ",Ninguno
Numbers,34,15,"שני המטות וחצי המטה לקחו נחלתם מעבר לירדן ירחו קדמה מזרחה&nbsp;<span class=""mam-spi-pe"">{פ}</span><br>","those two and a half tribes have received their portions across the Jordan, opposite Jericho, on the east, the orient side.",Ninguno
Numbers,34,16,וידבר יהוה אלמשה לאמר,"
GOD
 spoke to Moses, saying: ",Ninguno
Numbers,34,17,אלה שמות האנשים אשרינחלו לכם אתהארץ אלעזר הכהן ויהושע בןנון,These are the names of the men through whom the land shall be apportioned for you: Eleazar the priest and Joshua son of Nun.,Ninguno
Numbers,34,18,ונשיא אחד נשיא אחד ממטה תקחו לנחל אתהארץ,You shall also take a chieftain from each tribe through whom the land shall be apportioned;,Ninguno
Numbers,34,19,ואלה שמות האנשים למטה יהודה כלב בןיפנה,and these are their names: From the tribe of Judah: Caleb son of Jephunneh.,Ninguno
Numbers,34,20,ולמטה בני שמעון שמואל בןעמיהוד,From the Simeonite tribe: SamueleSamuel Or “Shemuel.” son of Ammihud. ,Ninguno
Numbers,34,21,למטה בנימן אלידד בןכסלון,From the tribe of Benjamin: Elidad son of Chislon.,Ninguno
Numbers,34,22,ולמטה בנידן נשיא בקי בןיגלי,"From the Danite tribe: a chieftain, Bukki son of Jogli. ",Ninguno
Numbers,34,23,לבני יוסף למטה בנימנשה נשיא חניאל בןאפד,"For the descendants of Joseph: from the Manassite tribe: a chieftain, Hanniel son of Ephod; ",Ninguno
Numbers,34,24,ולמטה בניאפרים נשיא קמואל בןשפטן,"and from the Ephraimite tribe: a chieftain, Kemuel son of Shiphtan. ",Ninguno
Numbers,34,25,ולמטה בניזבולן נשיא אליצפן בןפרנך,"From the Zebulunite tribe: a chieftain, Elizaphan son of Parnach. ",Ninguno
Numbers,34,26,ולמטה בנייששכר נשיא פלטיאל בןעזן,"From the Issacharite tribe: a chieftain, Paltiel son of Azzan. ",Ninguno
Numbers,34,27,ולמטה בניאשר נשיא אחיהוד בןשלמי,"From the Asherite tribe: a chieftain, Ahihud son of Shelomi. ",Ninguno
Numbers,34,28,ולמטה בנינפתלי נשיא פדהאל בןעמיהוד,"From the Naphtalite tribe: a chieftain, Pedahel son of Ammihud.",Ninguno
Numbers,34,29,"אלה אשר צוה יהוה לנחל אתבניישראל בארץ כנען&nbsp;<span class=""mam-spi-pe"">{פ}</span><br>",It was these whom GOD designated to allot portions to the Israelites in the land of Canaan.,Ninguno
Numbers,35,1,וידבר יהוה אלמשה בערבת מואב עלירדן ירחו לאמר,"
GOD
 spoke to Moses in the steppes of Moab at the Jordan near Jericho, saying: ",Ninguno
Numbers,35,2,צו אתבני ישראל ונתנו ללוים מנחלת אחזתם ערים לשבת ומגרש לערים סביבתיהם תתנו ללוים,"Instruct the Israelite people to assign, out of the holdings apportioned to them, towns for the Levites to dwell in; you shall also assign to the Levites pasture land around their towns. ",Ninguno
Numbers,35,3,והיו הערים להם לשבת ומגרשיהם יהיו לבהמתם ולרכשם ולכל חיתם,"The towns shall be theirs to dwell in, and the pasture shall be for the cattle they own and all their other animals. ",Ninguno
Numbers,35,4,ומגרשי הערים אשר תתנו ללוים מקיר העיר וחוצה אלף אמה סביב,The town pasture that you are to assign to the Levites shall extend a thousand cubits outside the town wall all around.,Ninguno
Numbers,35,5,ומדתם מחוץ לעיר אתפאתקדמה אלפים באמה ואתפאתנגב אלפים באמה ואתפאתים&thinsp;<b></b> אלפים באמה ואת פאת צפון אלפים באמה והעיר בתוך זה יהיה להם מגרשי הערים,"You shall measure off two thousand cubits outside the town on the east side, two thousand on the south side, two thousand on the west side, and two thousand on the north side, with the town in the center. That shall be the pasture for their towns.",Ninguno
Numbers,35,6,ואת הערים אשר תתנו ללוים את ששערי המקלט אשר תתנו לנס שמה הרצח ועליהם תתנו ארבעים ושתים עיר,"The towns that you assign to the Levites shall comprise the six cities of refuge that you are to designate for a manslayer to flee to,amanslayer to flee to I.e., regardless of the victim’s gender. As for a female culprit, the case may have been more complex. to which you shall add forty-two towns. ",Ninguno
Numbers,35,7,כלהערים אשר תתנו ללוים ארבעים ושמנה עיר אתהן ואתמגרשיהן,"Thus the total of the towns that you assign to the Levites shall be forty-eight towns, with their pasture. ",Ninguno
Numbers,35,8,"והערים אשר תתנו מאחזת בניישראל מאת הרב תרבו ומאת המעט תמעיטו איש כפי נחלתו אשר ינחלו יתן מעריו ללוים&nbsp;<span class=""mam-spi-pe"">{פ}</span><br>","In assigning towns from the holdings of the Israelites, take more from the larger groups and less from the smaller, so that each assigns towns to the Levites in proportion to the share it receives.",Ninguno
Numbers,35,9,וידבר יהוה אלמשה לאמר,"
GOD
 spoke further to Moses: ",Ninguno
Numbers,35,10,דבר אלבני ישראל ואמרת אלהם כי אתם עברים אתהירדן ארצה כנען,"Speak to the Israelite people and say to them: When you cross the Jordan into the land of Canaan, ",Ninguno
Numbers,35,11,והקריתם לכם ערים ערי מקלט תהיינה לכם ונס שמה רצח מכהנפש בשגגה,you shall provide yourselves with places to serve you as cities of refuge to which a manslayer who has slain a person unintentionally may flee.bmanslayer … may flee See note at v. 6. ,Ninguno
Numbers,35,12,והיו לכם הערים למקלט מגאל ולא ימות הרצח עדעמדו לפני העדה למשפט,"The cities shall serve you as a refuge from the avenger,cavenger Lit. “redeemer,” i.e., (male) next of kin; cf. note at Lev. 25.25. so that the manslayer may not die unless there is a trial before the assembly.",Ninguno
Numbers,35,13,והערים אשר תתנו ששערי מקלט תהיינה לכם,The towns that you thus assign shall be six cities of refuge in all.,Ninguno
Numbers,35,14,את&thinsp;<b></b> שלש הערים תתנו מעבר לירדן ואת שלש הערים תתנו בארץ כנען ערי מקלט תהיינה,"Three cities shall be designated beyond the Jordan, and the other three shall be designated in the land of Canaan: they shall serve as cities of refuge. ",Ninguno
Numbers,35,15,לבני ישראל ולגר ולתושב בתוכם תהיינה ששהערים האלה למקלט לנוס שמה כלמכהנפש בשגגה,"These six cities shall serve the Israelites and the resident aliens among them for refuge, so that anyone who kills a person unintentionally may flee there.",Ninguno
Numbers,35,16,ואםבכלי ברזל&thinsp;<small></small>&thinsp;הכהו וימת רצח הוא מות יומת הרצח,"Anyone, however, who strikes another with an iron object so that death results is a murderer; the murderer must be put to death. ",Ninguno
Numbers,35,17,ואם באבן יד אשרימות בה הכהו וימת רצח הוא מות יומת הרצח,"If one struck another with a stone tooldstone tool Lit. “stone of the hand.” that could cause death, and death resulted, that person is a murderer; the murderer must be put to death. ",Ninguno
Numbers,35,18,או בכלי עץיד אשרימות בו הכהו וימת רצח הוא מות יומת הרצח,"Similarly, if one struck another with a wooden toolewooden tool Lit. “wood of the hand.” that could cause death, and death resulted, that person is a murderer; the murderer must be put to death. ",Ninguno
Numbers,35,19,גאל הדם הוא ימית אתהרצח בפגעובו הוא ימתנו,It is the blood-avenger who shall put the murderer to death; that is who shall put them to death upon encounter.,Ninguno
Numbers,35,20,ואםבשנאה יהדפנו אוהשליך עליו בצדיה וימת,"So, too, if one pushed another in hate or hurled something at them on purpose and death resulted, ",Ninguno
Numbers,35,21,או באיבה הכהו בידו וימת מותיומת המכה רצח הוא גאל הדם ימית אתהרצח בפגעובו,"or if one struck with their hand in enmity and death resulted, the assailant shall be put to death; that person is a murderer. The blood-avenger shall put the murderer to death upon encounter.",Ninguno
Numbers,35,22,ואםבפתע בלאאיבה הדפו אוהשליך עליו כלכלי בלא צדיה,"But if the person pushed them without malice aforethought or hurled any object at them unintentionally, ",Ninguno
Numbers,35,23,או בכלאבן אשרימות בה בלא ראות ויפל עליו וימת והוא לאאויב לו ולא מבקש רעתו,"or inadvertentlyfinadvertently Lit. “without seeing.” dropped upon them any deadly object of stone, and death resulted—though not being an enemy and not seeking to harm— ",Ninguno
Numbers,35,24,ושפטו העדה בין המכה ובין גאל הדם על המשפטים האלה,in such cases the assembly shall decide between the slayer and the blood-avenger.,Separación (Beyn)
Numbers,35,25,והצילו העדה אתהרצח מיד גאל הדם והשיבו אתו העדה אלעיר מקלטו אשרנס שמה וישב בה עדמות הכהן הגדל אשרמשח אתו בשמן הקדש,"The assembly shall protect the manslayer from the blood-avenger, and the assembly shall restore the former to the same city of refuge,gthe same city of refuge Heb. “the city of refuge that he fled thereto.” and there he shall remain until the death of the high priest who was anointed with the sacred oil. ",Ninguno
Numbers,35,26,ואםיצא יצא הרצח אתגבול עיר מקלטו אשר ינוס שמה,"But if the manslayer ever goes outside the limits of that city of refuge,hthat city of refuge See note at v. 25. ",Ninguno
Numbers,35,27,ומצא אתו גאל הדם מחוץ לגבול עיר מקלטו ורצח גאל הדם אתהרצח אין לו דם,"and is found by the blood-avenger outside the limits of the city of refuge, and if the blood-avenger kills the manslayer, there is no bloodguilt on that account. ",Ninguno
Numbers,35,28,כי בעיר מקלטו ישב עדמות הכהן הגדל ואחרי מות הכהן הגדל ישוב הרצח אלארץ אחזתו,"For the slayer must remain inside the city of refuge until the death of the high priest; after the death of the high priest, the manslayer may return home.ihome Lit. “to his holding land.” ",Ninguno
Numbers,35,29,והיו אלה לכם לחקת משפט לדרתיכם בכל מושבתיכם,Such shall be your law of procedure throughout the ages in all your settlements.,Ninguno
Numbers,35,30,כלמכהנפש לפי עדים ירצח אתהרצח ועד אחד לאיענה בנפש למות,"If anyone slays a person, the manslayer may be executed only on the evidence of witnesses; the testimony of a single witness against a person shall not suffice for a sentence of death. ",Ninguno
Numbers,35,31,ולאתקחו כפר לנפש רצח אשרהוא רשע למות כימות יומת,You may not accept a ransom for the life of a murderer who is guilty of a capital crime; [a murderer] must be put to death.,Ninguno
Numbers,35,32,ולאתקחו כפר לנוס אלעיר מקלטו לשוב לשבת בארץ עדמות הכהן,"Nor may you accept ransom in lieu of flight to a city of refuge, enabling someone to return homejhome Lit. “to dwell on the land.” before the death of the priest. ",Ninguno
Numbers,35,33,ולאתחניפו אתהארץ אשר אתם בה כי הדם הוא יחניף אתהארץ ולארץ לאיכפר לדם אשר שפךבה כיאם בדם שפכו,"You shall not pollute the land in which you live; for blood pollutes the land, and the land can have no expiation for blood that is shed on it, except by the blood of the one who shed it. ",Ninguno
Numbers,35,34,"ולא תטמא אתהארץ אשר אתם ישבים בה אשר אני שכן בתוכה כי אני יהוה שכן בתוך בני ישראל&nbsp;<span class=""mam-spi-pe"">{פ}</span><br>","You shall not defile the land in which you live, in which I Myself abide, for I GOD abide among the Israelite people.",Ninguno
Numbers,36,1,ויקרבו ראשי האבות למשפחת בניגלעד בןמכיר בןמנשה ממשפחת בני יוסף וידברו לפני משה ולפני הנשאים ראשי אבות לבני ישראל,"The family headsafamily heads I.e., tribal heads. in the clan of the descendants of Gilead son of Machir son of Manasseh, one of the Josephite clans, came forward and appealed to Moses and the chieftains, family heads of the Israelites. ",Ninguno
Numbers,36,2,ויאמרו אתאדני צוה יהוה לתת אתהארץ בנחלה בגורל לבני ישראל ואדני צוה ביהוה לתת אתנחלת צלפחד אחינו לבנתיו,"They said, “GOD commanded my lord to assign the land to the Israelites as shares by lot, and my lord was further commanded by GOD to assign the share of our kinsman Zelophehad to his daughters. ",Ninguno
Numbers,36,3,והיו לאחד מבני שבטי בניישראל לנשים ונגרעה נחלתן מנחלת אבתינו ונוסף על נחלת המטה אשר תהיינה להם ומגרל נחלתנו יגרע,"Now, if they become the wives of persons from another Israelite tribe, their share will be cut off from our ancestral portion and be added to the portion of the tribe into which they marry; thus our allotted portion will be diminished. ",Ninguno
Numbers,36,4,ואםיהיה היבל לבני ישראל ונוספה נחלתן על נחלת המטה אשר תהיינה להם ומנחלת מטה אבתינו יגרע נחלתן,"And even when the Israelites observe the jubilee, their share will be added to that of the tribe into which they marry, and their share will be cut off from the ancestral portion of our tribe.”",Ninguno
Numbers,36,5,ויצו משה אתבני ישראל עלפי יהוה לאמר כן מטה בנייוסף דברים,"So Moses, at GOD’s bidding, instructed the Israelites, saying: “The plea of the Josephite tribe is just. ",Ninguno
Numbers,36,6,זה הדבר אשרצוה יהוה לבנות צלפחד לאמר לטוב בעיניהם תהיינה לנשים אך למשפחת מטה אביהם תהיינה לנשים,"This is what GOD has commanded concerning the daughters of Zelophehad: They may become the wives of anyone they wish, provided they marry into a clan of their father’s tribe. ",Ninguno
Numbers,36,7,ולאתסב נחלה לבני ישראל ממטה אלמטה כי איש בנחלת מטה אבתיו ידבקו בני ישראל,"No inheritance of the Israelites may pass over from one tribe to another, but the Israelite [heirs]—each of them—must remain bound to the ancestral portion of their tribe. ",Ninguno
Numbers,36,8,וכלבת ירשת נחלה ממטות בני ישראל לאחד ממשפחת מטה אביה תהיה לאשה למען יירשו בני ישראל איש נחלת אבתיו,"Every daughter among the Israelite tribes who inherits a share must become the wife of someone from a clan of her father’s tribe, in order that every Israelite [heir] may keep an ancestral share. ",Ninguno
Numbers,36,9,ולאתסב נחלה ממטה למטה אחר כיאיש בנחלתו ידבקו מטות בני ישראל,"Thus no inheritance shall pass over from one tribe to another, but the Israelite tribes shall remain bound each to its portion.”",Ninguno
Numbers,36,10,כאשר צוה יהוה אתמשה כן עשו בנות צלפחד,The daughters of Zelophehad did as GOD had commanded Moses:,Ninguno
Numbers,36,11,ותהיינה מחלה תרצה וחגלה ומלכה ונעה בנות צלפחד לבני דדיהן לנשים,"Mahlah, Tirzah, Hoglah, Milcah, and Noah, Zelophehad’s daughters, became the wives of their uncles’ sons, ",Ninguno
Numbers,36,12,ממשפחת בנימנשה בןיוסף היו לנשים ותהי נחלתן עלמטה משפחת אביהן,marrying into clans of descendants of Manasseh son of Joseph; and so their share remained in the tribe of their father’s clan.,Ninguno
Numbers,36,13,אלה המצות והמשפטים אשר צוה יהוה בידמשה אלבני ישראל בערבת מואב על ירדן ירחו,"These are the commandments and regulations that GOD enjoined upon the Israelites, through Moses, on the steppes of Moab, at the Jordan near Jericho.",Ninguno
